"x","y","Macrophages/Microglia cells","Endothelial cells","Neurons","Proliferation","Astrocytes","OPCs","Oligodendrocytes"
9389,7438,0.0979996007715943,0.182119256803232,2.27989984361221e-06,3.00472751704633e-05,0.652104023697455,0.0002618814901915,0.0674829100625133
5327,1802,0.222000481702099,0.00490547535238904,3.64384929170393e-09,3.62752224015079e-08,0.763156109119148,1.86425147259529e-07,0.0099377074821449
3670,8514,0.195403902585901,0.406307998627408,2.113724276818e-09,9.34743527678241e-06,0.383362950102074,1.550567627845e-07,0.014915644078853
8840,3122,0.305008149280992,0.0241798594462809,3.77330835520849e-06,2.37732607533565e-05,0.615050499839505,5.37367580475499e-06,0.0557285711883088
5323,10193,0.0935680145332878,0.450939725533922,4.88989954878539e-09,2.30229336250807e-05,0.437893755312105,8.82746268677375e-06,0.0175666493344741
9044,8756,0.379528580471722,0.165499428269672,0.00142791247077227,0.000124098511871963,0.418922831277995,0.00233980176744591,0.03215734723052
4292,6476,0.266987728104065,0.235034255847143,1.03348490944263e-07,7.59468330849492e-05,0.481763116814471,7.603332437076e-06,0.0161312457203087
5255,7676,0.254749918556923,0.427184139183437,1.45013347012219e-07,0.000586071337731871,0.294417825983232,2.39388608114218e-05,0.0230379610645172
8080,9235,0.159962493092232,0.0150412414960128,6.67439680215705e-07,1.9686812011457e-06,0.797085052079131,1.67281428000423e-06,0.027906904397463
3672,5877,0.199025620705469,0.249931071078439,3.24425860298665e-08,5.12765322986713e-05,0.525830610823604,2.5983826661076e-05,0.0251354045909424
6774,2162,0.221634259454089,0.0323353173268127,1.30970541577102e-07,2.28910654103308e-06,0.728012101353324,4.74321601237477e-06,0.0180111585726799
7806,5639,0.262905615330723,0.227094442029056,7.46640049622725e-07,0.000189182486171904,0.497571578916468,3.65907735149372e-06,0.0122347755201797
9805,1924,0.139938953509108,0.21600347382915,2.76891660566792e-07,2.1476122089932e-05,0.624219818733557,0.00026156885315909,0.0195544320612759
8631,9236,0.13151549611561,0.0950297795575331,7.46682784981446e-08,0.000259700935640068,0.762408163118574,2.34390428401433e-06,0.0107844417000806
6426,9474,0.0852020681502666,0.296562107869547,3.57200352596214e-10,1.72993310837876e-06,0.610633441481967,6.21958939257746e-07,0.00760003024897183
9943,2403,0.221963840596736,0.100641887959925,1.75951746036714e-06,8.01158725442586e-05,0.657042431070909,0.000188516179665771,0.0200814488027597
7184,9355,0.0908704091810801,0.147403100078285,1.35777866193799e-08,1.39481413551523e-06,0.744744394535914,6.173630364899e-06,0.0169745141824339
3671,6836,0.238899860826301,0.239993630431935,1.01346174209929e-08,3.11262716841494e-05,0.515167583572832,1.1555825868941e-05,0.00589623293676136
2499,9113,0.229490663186061,0.0811712503942072,3.84606610305937e-07,1.39848283808641e-05,0.664265438898397,0.00025282065446841,0.0248054574318753
9595,9956,0.295930312767148,0.0236768042421721,1.34061180040451e-06,1.0808262848252e-05,0.60186315856307,3.43946332980811e-06,0.0785141360896312
3397,4917,0.249409235204202,0.0167968515482182,7.29384527055288e-08,3.79279456721854e-07,0.691330601392694,1.55349265817917e-06,0.0424613061443189
6082,8875,0.0645654906061733,0.451213812079854,6.45634885997362e-11,2.70895032020289e-06,0.476852276348862,1.89061909765243e-07,0.00736552288831712
6151,8036,0.171311215178048,0.193971161916746,3.43963333100687e-09,6.87247523319964e-06,0.630414689700082,7.63066578562081e-07,0.00429529422367832
6635,4320,0.368301385957509,0.0438990757660559,8.47428843363976e-07,1.17384293197476e-05,0.579191934097704,5.08171565157837e-05,0.00854420116405232
4155,4318,0.0467972378721034,0.00226358644023066,7.52653861305802e-12,4.20359946655106e-09,0.938460502540271,1.22249752374096e-09,0.0124786677137714
9667,2643,0.0666810440982303,0.00137733848669939,3.50903125518905e-09,5.13945475558262e-09,0.923595619438427,1.94398857118234e-07,0.00834579492929976
4222,7555,0.246116459158084,0.430806338850009,4.81191021766614e-08,0.000310786708785672,0.29603013914853,2.77996385288472e-05,0.0267084283769603
5947,2641,0.264388674009683,0.0373715899235652,5.68253460032302e-07,3.42716793927585e-06,0.654119550247284,4.13729481907225e-05,0.0440748174498777
3396,5877,0.386216879333709,0.0656283316503365,1.07997606915747e-06,2.56142754377043e-05,0.51983248223086,1.3809342540531e-05,0.0282818031910466
8839,6718,0.0592280741377339,0.0280680011197292,7.51722713098733e-09,4.59067846666542e-07,0.88324275563367,4.26528054104589e-06,0.0294564372432522
8977,6479,0.253901870246504,0.0307287654531265,1.25481310281121e-07,2.67550304917636e-06,0.677719858625773,2.34495498836605e-06,0.037644359735249
8427,3122,0.159671904743694,0.0110596036655076,8.05008664229644e-08,4.76183294182747e-07,0.813912478606018,1.16451473230568e-06,0.0153542917858878
10286,5161,0.341345675859729,0.233443119588659,4.94802249174943e-07,2.98903390201457e-05,0.379734011517739,2.27950349036131e-06,0.0454445283891121
7116,7077,0.205234353124439,0.0744527355031232,9.72849205177390e-09,2.92396740861123e-06,0.678575591712464,1.92637369591861e-06,0.0417324595903772
9666,5760,0.404612781660377,0.119591971906084,7.32676371805499e-06,9.80382498104969e-05,0.430133109049044,1.10490461894736e-05,0.0455457233247771
7805,7797,0.101284494618917,0.0722910496562783,1.27888909336363e-07,4.51133650981025e-06,0.790707606632554,8.32425035058315e-06,0.0357038856164813
8355,9236,0.131241036584977,0.0212013519562181,0.00558592674320868,2.41331296362953e-06,0.789832649954247,2.712310875858e-05,0.0521094983396272
9320,7798,0.0735493939056153,0.0315368543877765,1.50879047451052e-08,1.05439624413037e-06,0.853686894554267,1.64219288913537e-05,0.0412093657393006
10011,3962,0.2516560377848,0.358517140807834,6.23424622283621e-08,8.20633884830916e-05,0.379035721275132,2.09876409363394e-06,0.010706875637195
4017,3359,0.227756565455983,0.16700314534735,6.521726824083e-09,2.45673184738139e-06,0.55303935549249,1.79966961157295e-05,0.0521804737544872
7118,3001,0.220524067033588,0.0585497097968908,5.69747949044861e-09,1.92848339763202e-06,0.719239000837617,4.98485008950163e-07,0.00168478966601846
5877,5398,0.135320042202352,0.101438338002276,1.61800736631719e-08,2.98724279572418e-06,0.695088509779204,1.10497788239049e-05,0.0681390568144751
6359,5518,0.185034778083565,0.0377340275506474,4.59119330160599e-09,9.01494531497482e-07,0.744535130063953,1.57601810945096e-06,0.032693582198
8289,3122,0.115924585003467,0.0212341835798917,5.05903271657632e-08,1.01764488142178e-06,0.835703617540977,8.41061820086115e-06,0.0271281350222547
4497,8035,0.202384448713661,0.437660976487746,3.24017418284087e-08,0.00012410649214074,0.342997077037167,9.79576948165539e-06,0.0168235630980618
3674,2040,0.392021107017515,0.055748447503189,1.70841520366896e-07,5.98631286644241e-06,0.50218596872351,2.1197874243282e-07,0.0500381076226562
8565,2163,0.206200459360842,0.00560343411060738,2.10228830396569e-07,4.26107168935223e-07,0.771286460550477,1.03217651946117e-05,0.0168986878768793
4636,7076,0.232865965979619,0.307017594325824,3.44625766373666e-09,5.2527902419157e-05,0.438166549299891,2.82346626384062e-06,0.0218945355797247
5257,4799,0.221188106440164,0.067662742182728,2.35106654701624e-06,5.93305165287206e-06,0.64989073687391,3.14592553783553e-05,0.0612186711296201
4910,8754,0.116036590925633,0.394760727548893,9.89734625379489e-10,5.90981828094144e-05,0.481213330992068,1.34165646195268e-06,0.0079289097043996
4086,4918,0.152072174038805,0.0764053709400508,2.07728492166252e-08,1.77175684924594e-06,0.767007499643067,8.61631180859528e-06,0.00450454653657065
8769,7557,0.038548531151206,0.0889285778798172,2.57719620906062e-07,1.75049283305955e-06,0.828730485690129,7.45450393486141e-05,0.0437158520270454
6843,2522,0.169925843119254,0.0109630606309682,9.88982487959009e-09,1.58388137769296e-07,0.813900890322248,8.7092989235264e-07,0.00520916671967404
3809,6836,0.251184501241333,0.121501591045662,5.10005839253532e-09,2.53447162414116e-05,0.614175551742522,6.29185473357375e-07,0.0131123769687092
4707,2161,0.471451416043106,0.0184528348994097,3.35342401471288e-06,1.23512399726581e-05,0.499729217288288,4.43185735804079e-05,0.0103065085316284
4497,8514,0.0987618961799838,0.354505703690934,2.60048181798841e-10,3.96787025749734e-06,0.528151526534841,1.16900637282664e-06,0.0185757364575627
4499,4918,0.306099891671484,0.0335192081120599,5.76051768830345e-08,1.70070590799928e-05,0.635469519129883,6.35704408615786e-06,0.0248879593782297
10147,7318,0.0891801079073155,0.0366470693736063,3.01752857038475e-08,1.72024136328708e-06,0.821578166464967,1.25735229958979e-05,0.0525803323144667
10149,3482,0.41808317432381,0.0403210302549366,6.01962989845064e-07,1.48869899867051e-05,0.530448526199354,2.22127070597867e-06,0.0111295589982168
5944,9115,0.0958506663342412,0.396139849051463,7.79458165187686e-10,2.071293904514e-05,0.502838834342961,4.21394899417564e-06,0.00514572260383709
4016,5757,0.276159856479173,0.172131705355884,1.52356233592486e-07,6.84135843524005e-06,0.531732018448464,9.10095066632171e-06,0.0199603250511433
8703,2163,0.233203876990925,0.0677268756314168,1.19526172308793e-06,5.20208571514346e-05,0.688550793584839,0.000145653029478449,0.0103195846444656
4431,3120,0.211539091247566,0.0183568701066826,1.83328754308211e-10,6.28647243596139e-07,0.748347073021979,4.67523878314746e-07,0.0217558692693213
5051,3240,0.18343632581269,8.11504618970363e-05,1.09499234339075e-11,2.49783223098149e-11,0.815166849173314,2.47292118392455e-10,0.00131567426887932
5324,9474,0.161582189251789,0.380917363224843,1.36685348670093e-09,5.50043225034037e-05,0.452095914010335,4.6675682412953e-07,0.0053490610668519
10147,8277,0.110537263685988,0.00155542636363733,7.27319989666345e-08,2.62565127287451e-08,0.821277619893116,5.85849928178001e-07,0.0666290052188191
6425,10434,0.188338776976507,0.293913527454155,1.24752210591923e-07,1.13034528344866e-05,0.494307036757798,3.8628741077485e-05,0.0233906018654174
8977,6239,0.346023169746743,0.191124573152556,1.28677953126082e-06,0.000102480373899701,0.390718685095613,3.36622325785702e-06,0.0720264386283997
7187,2402,0.116070266003243,0.00468430475585498,6.55816540638152e-11,1.86493979561203e-08,0.878986745327634,1.10221545318957e-08,0.0002586541761336
7186,4320,0.443022105816755,0.0751324421110316,2.10990620519799e-05,9.97057905884754e-05,0.452068086969246,5.60871678862916e-05,0.02960047308244
8701,6958,0.0363580694404681,0.0220937606770388,9.98856086816054e-09,1.27892740996724e-07,0.9190537046636,3.62528873585522e-06,0.0224907020488557
6774,2881,0.337184793358777,0.0196037414780218,8.09651132581166e-08,3.61860630064703e-06,0.638950719743378,3.54411698170218e-06,0.00425350173142683
8011,8876,0.105352773056992,0.0907362771968924,2.26666008122364e-06,1.10230024727414e-05,0.784288548655701,2.50399544858276e-05,0.0195840714733749
7047,7916,0.251636701483101,0.0482151859180051,2.2671457052896e-07,2.33725944182761e-06,0.659967903403841,1.43613558042749e-06,0.0401762090854603
8702,3362,0.287067140153749,0.0567553263612877,2.08729308460106e-07,2.40631622577852e-05,0.627118580730114,9.63545921421764e-07,0.0290337173173622
7391,7797,0.26415692612278,0.0750182460633537,1.38940407562772e-07,1.49156752644314e-05,0.615704670962652,1.15240291860852e-06,0.0451039498326243
6016,3240,0.24626595430562,0.00211889392589097,2.88297905223238e-08,1.16963461324932e-08,0.731816594185467,3.29220479917075e-07,0.0197981878364061
7600,4320,0.458349320934548,0.193205740495,0.00207159860780099,0.000976682619742399,0.297442651106375,0.000195110383292812,0.0477588958532418
9529,3842,0.216983710890161,0.246381845072424,2.84538222313145e-07,9.26467337938276e-05,0.524019827485308,1.49607675092793e-05,0.0125067245125817
3880,2400,0.187070698517459,0.312010233663053,6.89988017702242e-09,1.39497340699641e-05,0.478407915109549,4.2561115957315e-07,0.0224967704648292
6012,9474,0.112844076166185,0.39212044575307,8.72237837790703e-10,1.1145708999702e-05,0.490165038367468,1.39383398638471e-06,0.00485789929805352
6842,4200,0.367405988298849,0.159712313076292,2.75488753339399e-06,9.34515591733047e-05,0.45502953357081,0.000100184266425946,0.0176557743409163
8838,7917,0.0706910228025584,0.0330591575422285,1.12445056888062e-08,9.67112795961448e-07,0.845134857314881,3.85618092492402e-06,0.0511101278021059
8700,7438,0.0240668794938032,0.0231960810645303,1.61048010564634e-07,7.41406653677478e-07,0.91117204946276,7.2020743859701e-06,0.0415568854498563
5049,7076,0.242853459669329,0.344025817664326,1.62536151086422e-07,9.65150023455098e-05,0.395132954110173,1.23886661787344e-05,0.0178787023514973
5256,7196,0.207574305460986,0.299288339288204,5.80777657508129e-09,1.20000735681244e-05,0.478343277109492,2.21263250209318e-06,0.014779859627471
5119,4319,0.233594983594354,0.0868046256163992,1.32532146732488e-07,6.01561561145232e-05,0.635922569736506,1.07821402549734e-05,0.0436067502242248
9870,10195,0.302093750380772,0.0385002617358586,3.90406293299343e-06,2.91501153472402e-05,0.61638818815194,7.93188780743889e-06,0.042976813665341
8083,2522,0.308320573896504,0.00651426277565813,4.42425874928204e-07,1.03515916579091e-06,0.677018739423876,4.09433094502447e-06,0.00814085198797699
7461,5759,0.271786180322671,0.113120454019693,2.13093190370234e-07,5.17162623410375e-05,0.577021914988007,1.20585837276057e-06,0.0380183154557244
10147,7079,0.142218482734195,0.0436224501411606,2.11371898084043e-06,1.53590022535772e-06,0.749140840770657,5.18054170807824e-05,0.0649627713177013
5672,1922,0.291727753332725,0.0159308934055246,2.45715331292915e-07,1.06772247506164e-06,0.68219421804778,2.10415847809066e-06,0.0101437176176861
6564,8036,0.164954616381843,0.159497906577715,1.51875772761278e-07,9.56643033235558e-06,0.670223170463164,1.27103952107639e-06,0.00531331723165196
5394,5997,0.180381396790734,0.295286733841531,2.04321480519592e-06,2.20757112016962e-05,0.508938548872111,3.66960432914798e-06,0.0153655319652879
8700,8636,0.166440422309222,0.0659766650634243,6.50397345591357e-07,1.48729133581066e-05,0.740067012376503,1.49798966119265e-05,0.0274853970435348
8703,2882,0.265092061514764,0.0421404850506778,1.98183446926102e-07,4.28503620634864e-05,0.655537494950167,1.49753783853454e-06,0.0371854124010425
8770,5639,0.389815086613209,0.121100441773416,3.37641802590313e-06,9.3402218376747e-05,0.474953781895897,1.82865180806089e-06,0.0140320824292665
5187,7796,0.243981277667159,0.413484377841736,3.10604967105283e-08,0.000114729301792881,0.328007779778691,2.31693583404915e-05,0.0143886349917842
10012,2523,0.250284693051241,0.176549201383407,8.72786352244963e-06,0.000422512673790234,0.527419031090024,0.000177448326265541,0.0451383856117489
6911,3361,0.387068056539965,0.0313923444898608,4.58363145755258e-08,6.90143206607329e-06,0.572702644372889,3.11874943662826e-06,0.00882688857946817
6911,3840,0.391796157510367,0.0602268682753368,3.67314080519608e-07,2.36570072448798e-05,0.533341383379275,8.11891323470715e-06,0.0146034476004616
8497,1803,0.345930576801423,0.0334693116043092,3.29709320543983e-07,1.60927584206226e-05,0.604105224073757,6.63755937232917e-06,0.0164718274933965
3604,3599,0.0341775416451998,0.0721376115311907,3.55957439522761e-11,2.35065519041409e-07,0.893524836333965,1.29952772941624e-08,0.000159762393252805
4223,4918,0.249641852589777,0.031498262540457,1.64477181768407e-09,7.67531815325942e-07,0.711150694129955,1.33549277519175e-07,0.00770828801394649
3742,3119,0.309969531040461,0.0915093409842243,4.1047915688599e-08,2.80900380013609e-05,0.591613217128826,3.78983340332055e-07,0.00687940077723148
10215,9596,0.285069851380444,0.00990791215442609,2.25293396328396e-07,1.0146478944584e-06,0.607428749246211,4.7661402657878e-06,0.097587481137363
6082,8635,0.100919178255523,0.276638560453731,1.72832620701975e-09,1.9205829025513e-06,0.613800308173229,2.97428469726827e-06,0.00863705652159069
7048,5758,0.164572396959861,0.193852784208613,1.87266569206916e-08,1.08256748324224e-05,0.61598574197077,3.2487074544435e-06,0.0255749837518127
4223,4678,0.052627271657915,0.0211706431470129,5.41497720692674e-08,3.54895095067287e-07,0.915900621724205,7.11977225508877e-06,0.0102939346537449
7668,5639,0.248307776912474,0.188410898875705,2.12437304980144e-08,0.000124301105215598,0.520521117471881,3.41356019244771e-07,0.0426355430349744
4361,6117,0.236022549696169,0.388713685102766,3.84291728464011e-06,0.000272369091415685,0.351311345879622,0.00123372051716123,0.0224424867955817
7875,5759,0.299253957318629,0.0889556735498094,3.87150045449311e-08,9.40350350701307e-06,0.593109008686852,8.20656762663699e-07,0.0186710975694347
9871,8517,0.290704544896798,0.0518485286042682,0.000846677603718262,6.57014771919866e-05,0.583519858389942,0.00028846647391474,0.0727262225541674
5048,8515,0.178253605048845,0.351194294402749,1.43732596230205e-07,8.63717208931001e-05,0.457021989696562,1.62524296410865e-05,0.0134273429687137
8564,4560,0.484907459070899,0.135282789053419,0.0120817924572928,0.00466541941512008,0.33911489448236,0.000627709643786807,0.0233199358771216
7391,8516,0.255299889396499,0.133250955702239,2.24157858585105e-08,8.8219435717575e-06,0.577598474216481,1.94006519731295e-06,0.0338398962602263
7116,7796,0.214275858577526,0.0194229537182466,3.14808211880719e-08,7.05412170511749e-07,0.738325809311288,3.36187848894303e-06,0.0279712796214583
4427,10313,0.156942492336735,0.199412000471411,4.8270543273575e-09,1.01263794164843e-05,0.639791176775908,2.00228234170234e-06,0.00384219692713266
9734,7318,0.103603420728904,0.0774695770966174,6.08550538201648e-08,4.27077564053309e-06,0.779290620787312,7.16272787748932e-05,0.0395604224776972
7390,9475,0.147748768740468,0.0454734217733727,4.98226809296915e-09,6.17840567012089e-07,0.792787788620393,2.74919744458811e-06,0.0139866488454866
9047,2523,0.352271768420982,0.0068129795658887,6.02425356764337e-08,2.41340561920527e-06,0.637050291691027,3.04734518046549e-06,0.00385943932876703
4773,8275,0.182470077557457,0.401857161668966,3.75452287370561e-09,4.80721229043096e-05,0.40877974578663,5.50548548083558e-06,0.00683943362403899
7392,5639,0.22283171820701,0.14975346986481,1.47571587343398e-08,4.56324150569313e-05,0.588177812041348,1.01130791227098e-06,0.039190341406704
7942,8276,0.0810494308554144,0.0176611149528793,1.02387878013713e-08,6.62977427852888e-07,0.841816223137418,4.48468081196345e-07,0.0594721093699911
5670,4799,0.19237107612872,0.0619647343422085,2.86541922376879e-08,1.69234106129606e-06,0.680856230293439,1.68113821761292e-06,0.0648045571021612
9872,6119,0.409554074489479,0.155211148572335,3.81846052904296e-06,0.00010862870587567,0.382979495924634,3.38588102200664e-06,0.0521394479661258
8357,4680,0.331622881736629,0.18347577827853,1.18530575374588e-05,0.000280237554045051,0.447193012264075,3.76535837958944e-06,0.0374124717508034
4982,4319,0.220748935815933,0.0616661224933498,2.02972788895671e-07,1.80256911710404e-06,0.700113119752551,1.18434845661066e-05,0.0174579729116943
5532,5038,0.187525399683662,0.120045309516189,1.4800888488083e-08,3.9316294961377e-06,0.633930863571156,7.99440822400624e-06,0.0584864863903851
3808,8994,0.105790644197914,0.270940828896896,1.36402283584718e-10,9.896282560678e-06,0.601322781854082,1.06999161599146e-06,0.0219347786405298
8702,4560,0.411632950601249,0.116438165612134,0.000175192034411878,0.000994937645341482,0.440591802363682,4.00189182737331e-05,0.0301269328249086
4153,8634,0.0727275607123814,0.387845172473806,2.42057610274021e-10,3.65526969969743e-06,0.532332576594931,3.15339686329804e-07,0.00709071936743768
7944,4440,0.432253339310543,0.0306261697564396,2.67936852508205e-05,5.33600659060521e-05,0.5084915985505,1.94373572110711e-05,0.0285293012741494
8701,6718,0.088482988774857,0.0127821906597543,1.38317980347911e-07,2.06041470596904e-07,0.871371389629718,3.13135424255303e-06,0.0273599552219772
5602,3720,0.310620168318786,0.029030095560086,3.32015408978186e-08,2.43698400055226e-06,0.613263046301945,1.13424930277855e-05,0.0470728771406134
4499,5398,0.32348437809526,0.133809439096702,2.8173220064482e-07,4.75882194228483e-05,0.508800642208578,5.19687008082901e-05,0.0338057019470282
9321,6838,0.0771878186911757,0.0652938667863719,3.14225135130587e-07,2.88198513660084e-06,0.813968874140008,3.97771258629487e-05,0.04350646704631
4085,6356,0.279892697710677,0.206317834831641,4.43536442459276e-08,3.56583072353998e-05,0.511682489376148,1.02621204058518e-05,0.00206101330024847
5668,8875,0.169990166680696,0.40173224006037,4.68462544401473e-08,2.24523143968618e-05,0.415254230064425,3.88504300362261e-06,0.0129969789908535
9528,6719,0.137168064965806,0.0579740456322618,2.1205145568968e-06,1.1958295390426e-05,0.772432282483896,0.000183793427099459,0.0322277346809893
4222,7316,0.227560419452159,0.423082839966767,4.68500413122395e-09,6.44505055736797e-05,0.326943942205017,3.91063322250882e-06,0.0223444325522566
4910,9713,0.127804797576066,0.468914806703979,7.95151511390214e-09,2.6632715565122e-05,0.395571217351351,2.41991802650985e-05,0.00765833852125782
7874,7677,0.132022584973884,0.0529319158507958,2.07399936511415e-07,5.9543907317352e-06,0.765717949010399,1.29303185384399e-05,0.0493084580557149
8218,8277,0.0265772552654582,0.0226574603854236,3.61275264975049e-09,1.77412156002726e-07,0.927158781109227,4.15872705813284e-07,0.0236059063422764
9529,3602,0.587459381332694,0.0189747996483437,9.85334605066407e-07,4.86379435014053e-05,0.371709332159293,5.66657341515191e-06,0.0218011970081475
4705,6956,0.191849562012656,0.290894106638273,4.80748559840473e-09,1.60683176337815e-05,0.501230797616438,3.22119694184856e-06,0.0160062394105726
9664,9356,0.400209897466234,0.0855299329779242,0.000233341332874392,4.71515279246079e-06,0.45221671774939,0.000105955956945032,0.0616994393638401
6567,2042,0.395011478082847,0.055357284262762,3.45423021626427e-06,5.53950627157167e-06,0.527434051151013,4.32135331328876e-05,0.0221449792337577
7184,9595,0.109413260662616,0.230301887002013,2.55111227713367e-08,3.11227549584972e-06,0.647129302212009,1.35516543718317e-05,0.013138860682371
4430,5757,0.231604258410422,0.223144097734974,3.44297309937763e-08,2.19552452542024e-05,0.52984801063033,8.85422573788381e-06,0.0153727893235503
4980,7676,0.229340346281546,0.410058507049981,1.14126136940309e-07,0.000410444583782206,0.3476480511671,3.12482416454805e-05,0.0125112885498087
7256,2042,0.195185137284962,0.0345669632144382,1.59778733122176e-08,6.69918278689357e-07,0.762113397366946,1.69321111749896e-06,0.00813212302638368
3673,4198,0.0839095335486483,0.240395488410185,8.93109785023104e-10,6.9424140936228e-07,0.665773869932877,7.6271322884451e-08,0.00992033670244773
4910,9474,0.194498158886716,0.47296225626492,9.7650058374577e-09,0.000802088028750029,0.320196263575228,3.99680005139834e-06,0.011537226679329
5531,7676,0.31669251070109,0.20990196541673,3.18040323608602e-07,8.97791689986291e-05,0.463927076430197,1.23931485305997e-05,0.00937595709412954
8287,7198,0.134927898417045,0.0882440949890551,6.64493353888419e-07,2.34600584270469e-06,0.719723881244107,3.21977526640681e-05,0.0570689170979315
10012,2283,0.148226436205927,0.348451582700865,7.09709911993697e-07,0.000913454257765565,0.476892536842129,0.000272528091292822,0.0252427521921087
10011,3722,0.380677798989937,0.0489273201946324,6.21253319152105e-07,3.6642070686745e-05,0.534901834864814,2.52032211114819e-06,0.0354532623044994
6289,8276,0.179124614121311,0.252945805977146,1.96044734386011e-09,4.73443895191123e-06,0.562890583914149,6.28194509163366e-08,0.00503419676854495
5258,2401,0.222164334116254,0.0202500820014516,1.7362284315846e-08,3.86432891852181e-07,0.716429586411558,1.50526521094794e-06,0.0411540884103497
9872,7318,0.18440461664353,0.140460474263869,4.91555743465514e-08,1.96570202856032e-05,0.653176301840928,3.62999553306075e-05,0.0219026011204823
3878,5757,0.31994594979265,0.121864604218376,2.68074362776977e-08,9.79478822601056e-06,0.540715060477067,2.59937047538942e-05,0.0174385702114905
3949,2041,0.276772491880771,0.0812464171231274,3.39507345370442e-06,5.80108172637904e-07,0.633594509127177,3.74718684412017e-07,0.00838223196861435
4634,9713,0.132220260753766,0.312790740999254,4.69094494336055e-09,5.65848818147841e-06,0.545892142333563,7.69370730296918e-06,0.009083499026988
9114,7917,0.0888770073510457,0.0530106528493735,1.04715598496228e-07,2.17610234595279e-06,0.786304081130707,2.73823569503829e-05,0.0717785954939785
4156,2400,0.326094658750224,0.102171596623721,1.85700091238512e-08,0.000175090291743691,0.570224341572717,2.2375487673078e-06,0.00133205664281841
6219,10553,0.123335791273658,0.39649038130987,3.40870218299911e-09,1.73972114714543e-05,0.47085817688481,2.5382313087869e-06,0.00929571168017939
7872,10554,0.219518371233582,0.0208652622478305,1.31871977426251e-05,4.9033995629973e-07,0.715898053270765,7.75847842463923e-06,0.0436968772316996
8079,9475,0.201017700174889,0.0143152647709228,0.000456640916210747,4.96215088736382e-06,0.76009942894505,3.02838987063964e-06,0.0241029746521694
9942,4561,0.280492995295009,0.33706702648963,5.79972563009294e-06,0.000447505403749644,0.351083738649745,1.15576463820156e-05,0.0308913767898541
8702,5280,0.417206707009956,0.126155095040434,7.70827988714887e-08,0.00010686870936997,0.420185377246613,1.06176789054516e-06,0.0363448131429383
8841,1923,0.316120011344126,0.0313741594935256,8.81183768018538e-07,1.86516761769525e-05,0.617413256053515,1.35098527130772e-05,0.0350595303961756
4429,7196,0.236609182126671,0.411696091660986,5.51337374555832e-08,0.000472911216402645,0.332612808860196,1.40282007961208e-05,0.0185949228012112
7736,6718,0.104033294935379,0.0329755532459439,1.25522059651636e-09,7.01589664182085e-07,0.851190448728078,2.17211242033401e-07,0.0117997830344714
5602,4199,0.202775072096856,0.0308394750251047,7.52447324104325e-09,1.44259217840172e-07,0.701824403712447,2.38006294510116e-06,0.0645585173189559
3811,3239,0.334224810512542,0.0719195710169965,3.59254328694714e-08,2.3757752459756e-05,0.592415617474829,4.62224468122502e-07,0.00141574509327216
6428,4439,0.329051144997869,0.0967349917655937,1.16406290801078e-06,2.31417012963741e-05,0.547713424468935,4.5110643236782e-05,0.0264310223601603
9047,3721,0.290614947067364,0.16927294273146,7.51241512593498e-07,0.000213806196243094,0.496376027360137,1.33847570753602e-05,0.0435081406462083
3465,5037,0.30426641793898,0.00695458732858177,3.15363566100161e-08,3.87363835420651e-07,0.665422203509774,3.8679677238895e-07,0.0233559855257
4775,3719,0.282621048474297,0.0545335209310946,5.30610293246636e-06,0.000266753440369953,0.594340993825157,1.49263171370585e-05,0.0682174509090121
4222,8035,0.117342401069168,0.413315753585893,3.33812433815889e-09,2.51537612308991e-05,0.443035589653586,2.38877632471707e-06,0.0262787098156731
4566,9354,0.0905974561160745,0.365336642496537,8.27404179468762e-10,8.52315568748174e-06,0.527048281859982,3.34646757177935e-06,0.0170057490767435
9802,9596,0.259097040996154,0.0540205389020374,7.20858551721104e-06,1.24614383156336e-05,0.623479865894559,3.39042664750799e-06,0.0633794937567691
5807,6237,0.410726015401367,0.0512866286948877,2.91298380150896e-07,8.46811903293057e-06,0.536861963741899,1.59422049097075e-06,0.00111503852394215
6909,8396,0.165698927915678,0.204384968352309,2.19006890812744e-08,1.53004991154014e-05,0.60676797297729,3.15343736311447e-06,0.023129654917555
6702,7556,0.407734943598882,0.0862448797303204,3.65454778192357e-08,7.57180715519736e-06,0.45733741274398,2.31381091769375e-07,0.0486749241930929
8633,4201,0.282567103107765,0.180629579194285,3.82077224893626e-07,0.000235260752358218,0.486705730073898,1.49449416431863e-05,0.0498469998528256
6357,9355,0.0868794035079888,0.366690641264509,5.12729149030406e-10,2.77443637407213e-06,0.534430987204008,3.59631921618068e-07,0.0119958334424693
7597,9355,0.342210337999241,0.0740175457605806,9.50660422663196e-05,2.53769753680008e-05,0.560552099120222,0.000697925429201771,0.022401648673121
6703,7317,0.201390197599461,0.165317701660657,8.2411750198793e-07,1.30346526365441e-05,0.608340684381131,9.13683590556573e-06,0.0249284207527081
8081,6838,0.159747940105324,0.120164600594167,5.14837023919508e-07,5.1478174835036e-05,0.680347314134198,3.59872810293293e-05,0.0396521648734234
9389,9116,0.143079104976877,0.00886920023068647,5.25088418313568e-06,1.49711666135708e-06,0.793622682162193,9.94758433620798e-06,0.0544123170450634
8634,3002,0.246144007307833,0.0210843251889278,2.72684668763529e-07,7.93902948624188e-06,0.714871914220708,4.8522418938535e-06,0.0178866893264822
6980,2761,0.310632757718972,0.0331515908043166,1.63405988757154e-08,1.84846037554346e-06,0.649058587766358,5.43032270599046e-07,0.00715465587710847
9044,8996,0.278966049774075,0.0395375617614366,1.0279730315264e-05,8.17726740526346e-06,0.623243764048237,1.08829398322363e-05,0.0582232844786985
8012,7437,0.111499103228729,0.127463620890091,2.90729450889812e-07,4.97037532894938e-06,0.708890772918151,2.71175848401318e-05,0.0521141242734081
8150,6718,0.0799886576924118,0.0789524500963783,4.65363310285426e-08,3.50537059586992e-06,0.796850665228248,1.20338079619933e-05,0.0441926412680728
9461,2283,0.127594570494227,0.0274176913569788,1.16888686680635e-06,1.24699084308619e-05,0.809740290648351,5.25388853812511e-05,0.0351812698197651
7324,5279,0.259766887071062,0.229597364457039,1.15844663114744e-07,2.00848322864528e-05,0.492558509862905,1.29274388947036e-06,0.0180557451881549
4154,5038,0.311259316410485,0.0365712187468541,2.2216587894923e-08,3.62166601013677e-06,0.61748543821689,2.0669489574055e-06,0.0346783157942156
7529,7317,0.0702883800812828,0.0110393420356293,1.87910913500242e-09,3.64526036118885e-08,0.894616923207824,4.35098809109616e-08,0.0240552728336704
4912,4918,0.476151244654602,0.0584649530770008,0.000160389549283254,7.67122164696978e-05,0.412544492369635,0.000433502026474756,0.0521687061065349
8355,8756,0.15462067790686,0.0138210385392753,2.15458538237569e-07,3.91115964576015e-07,0.775168922141865,1.8161586326398e-06,0.0563869386788646
9668,1923,0.189244770617897,0.00782149077720043,3.4212785243507e-08,4.28663870407076e-07,0.773400025033945,1.71781325445676e-06,0.0295315328810479
7598,6718,0.163211305797457,0.0321565420571057,4.0140598344973e-09,3.92931516271865e-07,0.785122000646918,1.68187696992995e-07,0.0195095863652456
3740,6476,0.323431390706171,0.0707807466760769,3.6791640041793e-09,4.46495406264447e-06,0.595265151800414,2.39693954872845e-06,0.0105158452445622
4567,5757,0.0870118894936377,0.182066669829848,2.84090073123877e-09,2.71787034537716e-06,0.72754526244183,2.35605522613752e-06,0.00337110146821154
6636,1682,0.116025509546497,0.0124561921825339,8.68272921399911e-10,8.15402641287754e-08,0.870114882183633,1.00671531515489e-07,0.00140323300726739
4497,8275,0.140839691711338,0.406408104617457,2.8777350122246e-08,1.34229560799677e-05,0.432335343293689,1.12547588900866e-05,0.0203921538851952
10081,2403,0.174269315688435,0.0745248228417535,1.28836149080338e-06,2.30822252494482e-05,0.70605130237833,3.79440576517609e-05,0.0450922444470896
9045,7558,0.100212527673102,0.0618405930499524,2.99022795166797e-07,1.9454194495994e-06,0.806002741487932,2.63410848149567e-05,0.0319155522619532
8013,4800,0.261562613774336,0.0125188413360116,1.01497696208182e-06,3.83581974725212e-06,0.717368060824205,5.47715714707109e-07,0.00854508555302381
6222,4319,0.274975084742184,0.0341950824523653,1.479676206524e-07,2.72771955601661e-06,0.641012257637623,1.70835831093974e-05,0.0497976158975419
8563,6718,0.0640804231824785,0.00582638862462628,5.52700689053081e-08,1.31791237232782e-07,0.903859885732257,1.22572305426027e-06,0.0262318896762774
6773,3121,0.35251974614032,0.106530171461166,1.68132645528209e-06,1.59345877282812e-05,0.52197724158036,2.08027231133977e-05,0.0189344221808571
2916,2400,0.257107745677708,0.0540532510285208,8.79296253276221e-08,1.16918946660615e-05,0.681493704157577,1.71885553829972e-06,0.00733180045636415
6977,10194,0.119028131444026,0.306427891074291,1.68250681041596e-09,1.20300238443747e-05,0.566682482906801,4.15718174247071e-07,0.00784904715035621
5808,4319,0.23570785351814,0.0167459018335782,4.96528620396707e-08,1.7987560271391e-07,0.721780754255579,2.16206526408965e-06,0.0257630987989745
5326,4439,0.279421567525625,0.124045525538119,6.05474476804628e-07,4.55128184739993e-05,0.528204370896161,9.25929262957715e-05,0.068189824820849
10010,6359,0.36976707893351,0.0240972878658779,1.89654556218517e-07,1.98958959288556e-05,0.584678375888602,4.5090989999211e-06,0.0214326626625258
7255,5159,0.217863025377925,0.319285274708574,1.45029680490173e-07,4.74524932862366e-05,0.448015601433069,2.39193382411471e-06,0.0147861090236404
7256,2282,0.132402994077447,0.0209042575193501,7.54915007971363e-09,4.24625486759923e-07,0.841143973235579,3.08559916331424e-07,0.00554803443307128
7255,4680,0.337558149673856,0.249326617681364,2.06891558742116e-05,0.000166250023718334,0.395576387079306,2.69648480241902e-05,0.0173249415378571
9940,8397,0.136107415959913,0.00535886412320728,0.00109833753677855,5.49144394683889e-07,0.778062538128805,1.26172113166702e-05,0.0793596778955858
3535,3479,0.0386807375059722,0.0343192798285884,1.7803728176219e-10,9.61181392679e-08,0.925325411020772,1.08691330343334e-08,0.00167446447935755
5669,7676,0.279880466102701,0.309243920855139,2.13897050672978e-07,0.000166478960793255,0.394853814540159,2.71019685427878e-05,0.0158280036756142
4015,7675,0.215036762431264,0.355448772410314,1.54986815443582e-08,3.5845485110147e-05,0.408736099704333,7.70486083840875e-06,0.0207347996094583
6360,2641,0.192764219890126,0.00741887824978665,8.53328507007114e-08,3.18842850276778e-07,0.762281521203221,2.29537303568058e-06,0.0375326811081293
9182,8517,0.211743455153169,0.00994220974292355,2.97310632591535e-06,2.04148075582146e-06,0.745646224193918,1.33280356578026e-05,0.0326497682872494
7876,2642,0.285912467712337,0.10640918221742,6.92444223439874e-07,3.32647967651341e-05,0.59485801541585,6.9906560472945e-05,0.0127164708529321
8906,9715,0.333566803305698,0.018642216979323,2.72783836106003e-05,2.956928293827e-06,0.593529652233989,1.36745485664136e-05,0.0542174176205184
8356,7797,0.0216843180641026,0.026394070623645,5.67251082559868e-09,3.12370683368962e-07,0.924968832673368,1.46303219521056e-06,0.0269509975634946
5049,7556,0.246819901384155,0.445781263255932,6.10410342641389e-08,0.000437105558960784,0.29269700047289,9.23044911764329e-06,0.01425543783791
6704,3960,0.350478317246452,0.0426188967807449,1.08227355162231e-06,5.6908444616533e-06,0.59568581924106,4.39449651361791e-06,0.0112057991172164
6289,8036,0.244124965477915,0.361297288650094,1.10510378757525e-07,1.72423056948459e-05,0.380333336811231,4.27048511594968e-07,0.0142266291961743
6634,6478,0.264614704942135,0.151955208575948,3.77360158723996e-07,1.75655502587045e-05,0.522095075049619,1.55067347444996e-06,0.0613155178484065
4912,6357,0.114095048611995,0.187502035025304,8.64972446313638e-10,1.67208579443392e-06,0.694273314652572,1.24425779903418e-07,0.00412780433358251
7943,6838,0.110705278371044,0.107148926102129,9.05161613380308e-08,2.75078677792136e-06,0.756792808400378,9.26129242529379e-06,0.025340884531084
7532,2522,0.117550873968097,0.0188745187661676,3.68225595258415e-09,5.79341784910574e-08,0.85957243019607,2.60027454455307e-07,0.00400185542577658
7463,1922,0.181604190526741,0.0309037798261377,7.32192790266234e-09,3.18163611591331e-07,0.781679301937059,6.46611813333375e-07,0.00581175561270968
6565,7556,0.194547993149111,0.252658580132925,2.9182542742877e-07,1.88797650764776e-05,0.526765380350173,3.37000218593218e-05,0.0259751747554277
4221,10193,0.140888334037176,0.213757620734464,6.90727443677888e-09,5.99237097775023e-06,0.64442420240711,7.35518941319309e-07,0.00092310802405673
9181,10195,0.305217726286436,0.0264041485458162,2.46317864328883e-06,1.93969146753954e-06,0.645924032870753,2.8692496576559e-06,0.0224468201772263
10287,3482,0.309727959091022,0.135092115809669,6.00067866932494e-08,1.48636231360308e-05,0.528881954034566,6.36718908188946e-07,0.0262824107159125
9942,3842,0.320916167969668,0.105081523320971,3.4677733371817e-07,8.19035805797084e-06,0.538106276808198,1.8353857700125e-06,0.0358856593800007
9044,9236,0.162900924658067,0.00172709700567968,9.40229384397432e-07,9.86440697649258e-08,0.731671076560865,1.97700597209628e-07,0.103699665201337
5738,7796,0.281665759986504,0.20463663440956,1.930277260642e-08,3.14139426724642e-05,0.49570772109019,6.16762242786132e-06,0.0179522836458734
5740,3480,0.366692710441652,0.0128755435463484,1.94218859142732e-08,4.48790167839178e-07,0.595566044613726,7.98972896403905e-07,0.0248644342133238
9664,9836,0.249093594239032,0.017951802638745,2.1990716160316e-06,1.49539718826707e-07,0.691392182478528,9.30184410455379e-07,0.041559141847949
7736,8156,0.279490344323335,0.028169504409513,3.7211515239893e-07,1.6285509632168e-05,0.646157690002883,3.57401741419722e-06,0.0461622296220693
7945,2282,0.420161864775287,0.0372004760647132,2.34632714847484e-06,1.62179761908643e-05,0.536716879372815,2.39688842106235e-05,0.00587824659963437
6084,5039,0.13626091008058,0.036811111323875,1.61963963948305e-08,3.25233118269092e-06,0.786383457487402,4.61164715976923e-06,0.0405366409334036
7803,10434,0.1455942618567,0.03848365923401,0.000216237961329781,8.18784108177547e-06,0.729734193496433,1.81856373227938e-05,0.0859452739731228
9734,6359,0.202030700992431,0.0726582702381376,2.17727470812575e-08,7.51756989874673e-06,0.672691278790947,3.16623782232435e-06,0.0526090443980157
7598,7197,0.121317312888406,0.0456943031884547,5.93169080062966e-08,1.26649722041376e-06,0.806473157786042,1.91600369415822e-06,0.026511984319275
7325,1922,0.139960086674833,0.0436715272387472,8.74306880036371e-09,5.81602932544368e-07,0.803576969600679,2.84054405333527e-06,0.0127879855956862
6154,1802,0.279903499904903,0.0263815842761848,2.30330807669829e-07,9.63115694776805e-07,0.601602700438347,1.09561378001344e-05,0.0921000657962624
9461,2523,0.0582859988052085,0.00480903494498211,2.41286227271585e-08,2.85888187692711e-07,0.931010155587614,1.68850745042703e-06,0.00589281213793473
8838,7198,0.0245018871828942,0.039680365251894,1.88681017046224e-07,1.37850464168711e-06,0.895574169932729,1.87805820647933e-05,0.0402232298647592
6221,5998,0.405957678299785,0.0704905644445228,2.70378202839406e-08,2.17686814410631e-06,0.509167388067802,4.10400879460593e-07,0.0143817548810466
5256,6477,0.211016275926847,0.157508262434249,1.15285018554348e-07,2.92488909857831e-05,0.626693027438331,1.15202382021349e-05,0.00474154978636622
8288,5040,0.293259460744537,0.105327512694565,6.64177392041878e-08,3.09817793681831e-05,0.572957324447722,1.68666553011835e-06,0.0284229672505376
4086,4438,0.00506681377457561,0.00873257057519596,6.39035334716955e-11,6.76735525267607e-09,0.985752315518249,9.52487260684631e-09,0.000448283775847775
4912,5877,0.0886146467227867,0.183323927691951,4.37753972238406e-09,8.87774419369009e-06,0.727214112841204,8.80046960441675e-07,0.000837550575364354
9251,8637,0.106051212299169,0.00158743432162376,2.79392746256756e-07,1.92249657691129e-08,0.819747212193498,4.32624715266271e-07,0.0726134099432819
4359,8754,0.122482298174164,0.411397393054965,4.07229477499623e-10,3.48966198801381e-05,0.453989451983403,9.58595603167359e-07,0.0120950011647559
4772,9713,0.133546781526065,0.41452966619573,2.15128992594282e-09,1.41177280922792e-05,0.438966487128652,6.68486044170554e-06,0.0129362604097291
6840,8276,0.137045900758341,0.207151817531612,2.43691027721166e-09,1.01853401855682e-05,0.644987717477508,1.182042969711e-06,0.0108031944124734
9252,5999,0.39676219951484,0.0233670069799863,5.48869411525156e-06,2.53712310286657e-05,0.549073072819384,1.256833675347e-05,0.0307542924238918
5669,6477,0.210163548861798,0.235492185673123,2.82391904168714e-05,1.54757525411533e-05,0.544092494471825,1.58620352469132e-05,0.01019219401505
6082,8395,0.139836249940018,0.299454965112695,6.1955721500089e-09,1.23430829730655e-05,0.550554396268431,4.22666829218864e-06,0.0101378127320191
3742,2880,0.181462498561694,0.268952564986604,2.742620921978e-10,4.6004477016137e-06,0.539213160724834,3.26779619849998e-08,0.0103671423269418
5117,8155,0.266821918483525,0.345109588895838,3.27686965502596e-08,3.98156666948903e-05,0.376439912000785,8.98753115102302e-06,0.0115797446533086
9182,9716,0.165658239303339,0.00127376422219049,0.000611392351385717,6.89445821864715e-08,0.784481260947496,1.17645376904437e-06,0.0479740977772376
8149,7198,0.148228180082185,0.0643468333247493,6.83682084856635e-07,3.56071699656169e-06,0.737530008860207,2.75880366750948e-05,0.0498631452971028
6842,3001,0.400854971155207,0.0298234062818242,4.93785951674548e-07,1.29441123579763e-05,0.558432291382212,1.55793279773898e-05,0.0108603139544707
7876,2162,0.458412666986801,0.0413808141656875,3.98405256877606e-06,1.10865353372956e-05,0.486795777351858,5.39514377284301e-05,0.013341719470019
6016,2521,0.268649747296714,0.0148964971112606,5.54799359772485e-07,1.10964211720495e-06,0.682454728732607,3.22792631057448e-06,0.0339941344916305
6977,8755,0.0513825564863993,0.332262968855821,4.32007309175708e-10,3.71131966551955e-06,0.607992988053539,5.26770040589625e-06,0.00835250715216182
6910,4799,0.360701626799265,0.0900116696524434,1.14696787930586e-06,6.2369672251416e-05,0.518186616661115,3.8767519597117e-05,0.030997802727449
7804,9955,0.193845840425985,0.00602690795577905,0.00181747306534176,4.05521495522296e-07,0.760574461359457,4.76676027020265e-06,0.0377301449116722
8701,5759,0.368635784089992,0.0256113194152632,3.8045868132241e-07,8.4740530268969e-06,0.569145675730611,7.19733696867022e-07,0.0365976465187288
7805,7557,0.157081539638418,0.131629955471573,1.10586352505619e-06,1.7103888482681e-05,0.653762335539515,2.7315210156102e-05,0.0574806443883299
9665,6719,0.0842565259491415,0.0219524496790309,8.71798287661218e-08,8.92127355954445e-07,0.86673877447669,4.0799752500821e-06,0.0270471906127026
9114,6958,0.0490588212130491,0.117721252657356,5.49647270234271e-07,3.36733085233782e-06,0.770270570717,6.65079507282321e-05,0.0628789304837441
9254,1923,0.108094460540335,0.0425780029685111,7.75700072144669e-08,6.22208416675432e-06,0.817943047114389,1.45347835588169e-05,0.0313636549390317
5048,8755,0.168003153307314,0.430731836854,1.99029826019349e-09,4.42647999863462e-05,0.391414718519521,1.74613900010352e-06,0.00980427838988086
6843,2042,0.435089692517102,0.0343911697640037,4.5262361744829e-06,1.48820595382226e-05,0.512704438251811,1.89094164247296e-05,0.0177763817549456
4429,7436,0.245539909427194,0.396560155803019,8.43317409213641e-08,0.000133672995991114,0.337170791115546,3.84967326388798e-05,0.0205568895938702
4430,5278,0.236038425886997,0.139865521402998,1.64380139268014e-08,1.01536246565774e-05,0.578223493037635,7.15950117809551e-06,0.0458552301085208
10148,6359,0.401606230502424,0.025560533665997,1.3255383538929e-08,1.85917795542663e-05,0.554281684285668,5.85247916194838e-07,0.0185323612630576
6357,9594,0.0739304466989502,0.360917355780748,4.41597445256644e-09,8.47184288173141e-06,0.562283618249308,2.90937620849166e-06,0.00285719363592946
9734,8037,0.110696278376791,0.0636206903747303,1.15785549260107e-06,1.47444833342785e-06,0.725134097016687,3.20810984566407e-05,0.100514220829509
10079,5520,0.395277579412139,0.140692056979892,3.81015382640356e-07,9.52878010349006e-05,0.426948991181164,6.96591781288639e-07,0.0369850070186065
3602,6956,0.225210044431337,0.261485750433903,6.05284165009064e-08,8.08360120197583e-06,0.504371812063586,8.07996092623742e-06,0.00891616898062905
4016,5277,0.246608152460899,0.157609956970777,8.84905890422182e-08,1.15045361847353e-05,0.535477156240252,2.01094468314178e-05,0.0602730318544669
8768,9955,0.386337939391198,0.0501425957216845,0.00118592616518682,4.631811656417e-05,0.536044835775804,0.000269886391849877,0.0259724984377118
4704,9114,0.180911151499271,0.367063240820301,1.19173075329046e-08,9.27837872847495e-05,0.439198890027594,6.13630554063585e-06,0.0127277856427014
7945,2522,0.328246863093164,0.0898180289633623,2.7657916948842e-07,8.98611349114502e-06,0.559433560035822,1.87604558804245e-05,0.0224735247591108
3257,8274,0.141438329973577,0.449226089259909,6.89338324124796e-08,4.35740546712455e-05,0.405543503585681,3.38486523326781e-06,0.0037450493270961
9529,4801,0.439379864879104,0.0719091931724165,1.81833056040082e-06,0.000195180451815439,0.483987951335925,1.93233049351364e-05,0.00450666852524417
7875,4080,0.304111058406163,0.0610219136696568,3.43090126644764e-05,3.0078820058499e-05,0.613544487554988,2.03030016108835e-05,0.0212378495348585
6704,4440,0.423022536043626,0.0451505224498027,3.23354617050951e-06,7.71673858775884e-06,0.515245820318148,3.73327356648524e-05,0.0165328381679999
9390,5760,0.378291122155433,0.0114197974869755,1.80284314801591e-07,3.80621579810667e-06,0.536199241378953,3.6952863747197e-07,0.0740854829498883
5325,5877,0.223010463630312,0.140711778798309,1.06309072099753e-07,5.73541958559373e-06,0.625132576522106,4.37442129219434e-06,0.0111349648993237
7187,2642,0.141015766260312,0.033698189422885,4.95756722905814e-09,8.29728286093706e-07,0.822202800460528,9.71558079906089e-07,0.00308143761234137
5599,8995,0.268686683614428,0.273327911242455,2.38775224973746e-08,8.77513882767523e-06,0.449708780445583,6.6279105783518e-06,0.00826119777060602
9389,8157,0.158747662963481,0.046398479018348,1.01346683065128e-06,5.52048533120682e-06,0.73165671509979,3.06417371199702e-05,0.063159967229099
6566,5399,0.312940891496434,0.0871891481195718,4.69361261984928e-07,4.0512874827835e-05,0.583518449114544,2.43274990487063e-05,0.0162862015343126
7252,10434,0.0822514972154879,0.290975032670259,2.95302561267738e-09,6.13078361799205e-06,0.612552612988571,2.86318707190637e-06,0.0142118602019673
7393,3481,0.516971006737108,0.0108578637578183,3.10121597965478e-06,1.67285371258303e-05,0.451831090001076,8.48853657215823e-06,0.0203117212143195
9388,10075,0.241596031261344,0.0175159008660523,1.37769248009699e-08,2.32777861721504e-07,0.694288919739868,4.77002352058299e-07,0.0465984245755972
7256,1802,0.123016044696526,0.0387343210973052,1.40110178565375e-09,3.3525397823853e-07,0.832185130235008,6.112829120813e-07,0.006063556033169
7254,6598,0.271723249075644,0.057894668184111,9.34772334113221e-08,3.93517446649953e-06,0.59394988244619,2.02920592988881e-06,0.0764261424364251
6427,7317,0.390685911568556,0.0598908760016857,1.43102450576538e-06,6.5397448533665e-06,0.540036005569089,3.06121164365938e-06,0.00937617487966641
4498,6357,0.155986693297645,0.137454856031492,8.25461937725869e-10,6.19706936233303e-06,0.697375601352173,4.4984260838448e-07,0.00917620158125731
6634,5518,0.286799778743913,0.124712361845942,7.6444773317104e-07,2.21505073600311e-05,0.563487990207968,4.2729655215693e-05,0.0249342245918674
9253,4800,0.307203451785568,0.111275334413824,2.27584620303627e-08,0.000145187984292988,0.565160755210928,1.37778345162598e-06,0.0162138700634743
3258,6116,0.319826159357169,0.0505075792278926,9.83113268147803e-08,1.14615935688818e-06,0.616451980417889,1.22953461255791e-06,0.013211806991753
7945,1803,0.325701546275647,0.0172277608484864,3.9255348057044e-08,6.12462523226097e-07,0.646639035950553,1.86717340136498e-06,0.0104291380340414
9319,10195,0.352162772971451,0.0219925967288751,3.75541486006762e-07,6.49988707531951e-07,0.578650423415461,1.97131775517972e-06,0.0471912100362638
7529,8756,0.361816870153006,0.100393768665744,9.53432247729672e-07,5.21423967988683e-06,0.517094906522581,4.28986820228801e-06,0.0206839971185384
9805,3602,0.329643988214593,0.149133515563256,1.54023291281757e-07,4.33530790911174e-05,0.491975000248924,1.87392944967177e-06,0.0292021149413937
7804,8276,0.256999900651594,0.0625725439355422,2.10442494367902e-07,1.3252195755539e-05,0.613131357143329,3.76864460851418e-06,0.0672789669866762
6496,7676,0.215848140352479,0.141192336823494,3.97134960723478e-08,1.0652322730132e-05,0.628028753479935,4.23298465681563e-06,0.0149158443232088
6151,7796,0.26559262712649,0.0979906527502849,3.42623115047167e-08,9.9558972310972e-06,0.630611774780652,2.06896088741152e-06,0.00579288622214358
7667,7317,0.110140550196131,0.048053132613235,1.11783200181983e-07,3.15590850673801e-06,0.79276746675541,8.52080128034148e-06,0.0490270619422359
4500,2041,0.187864254785031,0.0196283971532312,2.13004019147204e-09,7.23485507914036e-07,0.792304502984016,1.44205635635924e-07,0.000201975256537952
4085,7076,0.262219695849562,0.217135357149055,3.05271393554503e-08,3.51357320784288e-05,0.497839247968413,4.28024548322421e-06,0.022766252528269
2984,3239,0.236576694813568,0.119643776851329,5.1213708066153e-07,5.07487011059639e-05,0.623105161354414,6.41416533985778e-05,0.0205589644891036
9044,9955,0.293508662315454,0.0141255748844191,4.65565222070017e-06,7.52098898916224e-06,0.655394085380805,1.19302322887225e-05,0.0369475705458225
6911,2641,0.152217805371686,0.0183747616869967,4.58188053131565e-09,2.28640643401987e-07,0.824262336989759,5.76149562712707e-07,0.00514428657947173
4565,9833,0.182232200121957,0.271918142551633,7.26207250797154e-09,6.06894265744746e-06,0.529155546486336,1.04105633740671e-05,0.0166776240719698
6979,5399,0.0581552228757883,0.213634570516459,3.17365956765582e-08,1.57732651809707e-05,0.704907298330776,7.35126559191649e-06,0.0232797520096082
7321,9835,0.109967586036466,0.133404561158403,3.92772136648988e-09,2.09841107418761e-06,0.747568099806794,1.6192914182718e-06,0.00905603136812288
9045,6359,0.328972874845045,0.0306514532719892,4.34065384473243e-06,1.62739375284577e-05,0.591249187542293,1.70995451856135e-05,0.0490887702041139
6636,1442,0.113612502807823,0.0643263345393787,8.35363813841792e-09,2.51755479945892e-07,0.808121060556376,9.72043753045265e-06,0.0139301215497744
6704,3481,0.366210297884703,0.0231960990964243,1.09662938576874e-07,9.61272530744289e-07,0.601585937788182,2.1006412150308e-06,0.009004493654006
7739,1683,0.124020032433257,0.0511193030054855,9.11272489305050e-09,3.72292932426051e-07,0.814753755496234,3.18025305417288e-07,0.0101062096340602
5050,6117,0.0940568534315789,0.0633536472299062,2.15248566036703e-09,6.16708753465755e-07,0.842060508586018,4.07385535134012e-08,0.000528331152704553
3259,3719,0.165362781130818,0.269949093356189,3.31254909818052e-08,8.09312671367799e-06,0.55199225566165,2.66194150946472e-06,0.0126850816576294
4979,10313,0.203439748627229,0.342411568526964,2.08049031667841e-08,1.73808695956385e-05,0.450194489501941,1.2840545196196e-05,0.003923951124171
10148,5400,0.403017352637718,0.0593278952840634,8.20285335469627e-07,1.50496079326979e-05,0.480316929021253,2.12561564107409e-07,0.0573217406021331
5393,8635,0.230280471496009,0.414967194373215,1.20261897128395e-08,7.60371578015531e-05,0.343083918092977,3.31727382001315e-06,0.011589049579987
8906,9236,0.12767144511315,0.0873398360756732,1.12888025327424e-05,7.71662249594657e-06,0.738055347685559,1.59360622520712e-05,0.0468984296383375
4496,10433,0.135233536726705,0.327200160359916,3.37054797399146e-09,2.21065253607039e-05,0.52983990803499,2.39809426870598e-06,0.00770188688821189
7049,3121,0.311183555629063,0.0483570108484428,4.79824073873531e-08,4.04094643216221e-06,0.633265273051892,2.03460855749861e-06,0.00718803693320545
9116,2403,0.402604012786184,0.101681369291768,3.20654265175249e-05,0.00012120605296161,0.487013818577473,0.000171769691963942,0.00837575817313193
5737,9954,0.102498301526515,0.393123843658189,1.2796394478688e-09,2.14764273107354e-06,0.498479247512776,2.04470146097573e-06,0.00589441367868818
5188,4439,0.266355399800755,0.0279870117084502,3.00084927784302e-07,3.2985893114032e-06,0.654974887601401,1.06078919669373e-05,0.0506684943231879
6220,8635,0.188755273271667,0.270285978605307,4.90683169548414e-08,7.92882265713038e-06,0.529806408363802,7.34284571385445e-06,0.0111370190225365
9527,7438,0.0767565324409747,0.17891602399808,1.01159796062848e-06,1.04567630401038e-05,0.689483682756093,0.000230792322304033,0.0546015001215476
9598,3002,0.101432369777653,0.00921187713549598,2.3738554257284e-08,4.74708274247391e-07,0.841836813694454,2.44375844260595e-06,0.0475159971871265
9804,6000,0.374671755454178,0.175946195006139,2.21125167456459e-05,0.000118002765861583,0.37157810289985,1.57264783087141e-05,0.0776481048789168
10147,7798,0.115481904714928,0.0345036364813986,4.12435097759138e-07,4.17392504136037e-06,0.796483097776627,1.19355230773791e-05,0.05351483914383
7462,3121,0.378632661794762,0.0332312925765183,1.15971548205935e-06,1.39464304560485e-05,0.577395596802069,1.27108330054991e-05,0.0107126318477072
5186,8515,0.191146255987539,0.417114713043862,2.20213286752773e-08,8.78057995100972e-05,0.378062115645106,2.6444081605736e-05,0.0135626434210493
8287,8636,0.134247229956419,0.00594749591538655,5.19008052864328e-08,1.78117731508366e-07,0.826334131677503,5.9808250061059e-07,0.0334703143496541
7117,4440,0.416058576259065,0.12338232315805,0.000116991975661934,0.000137611542695156,0.436116046677102,0.000213864050608603,0.023974586336818
4359,8994,0.0758621393213335,0.478563885994639,1.62532022509582e-10,2.92534661255651e-05,0.438055316251401,9.63164324940841e-06,0.00747977316071998
3533,7075,0.223599075037661,0.24265400711337,6.40981380434237e-08,2.68970180361588e-05,0.519824059057894,2.78924919457345e-05,0.013868005182955
9528,5280,0.4508035891595,0.124957929284069,3.04822803747637e-08,6.22195330220687e-05,0.394439521698377,9.46074654339322e-07,0.0297357637680979
7115,8276,0.342014531966706,0.0906808897323196,7.98851733493593e-07,5.4443502015215e-05,0.544507187146771,6.22227077385661e-06,0.0227359265296807
8562,9835,0.208854171338633,0.0390089095578048,4.32645159011753e-07,3.68538766397742e-06,0.71304129853793,5.70829175514595e-06,0.0390857942410541
3053,3599,0.14340407052404,0.135818249168712,1.62318074850619e-09,1.06728645703479e-05,0.702650106594643,2.78487857198701e-06,0.0181141143462822
10009,9476,0.382539148423455,0.0236244074209544,1.12471080361653e-06,4.71101870657716e-06,0.510458453795946,2.80080702470481e-05,0.0833441465598873
3947,7315,0.25645814022845,0.313552461927523,4.58307295613653e-08,8.63214354522806e-05,0.415235382230085,2.26682873023251e-05,0.0146449800604574
7737,5759,0.300722712415149,0.164861642101157,2.68314505584994e-08,5.14132061313813e-05,0.498764811573392,6.78791310752973e-07,0.0355987150814091
7736,6478,0.16694334929055,0.0814854423555338,1.58561880312484e-07,8.02322862505086e-06,0.723769746064046,1.3585668492092e-05,0.0277796948308725
8152,2402,0.364555504295083,0.016647029855959,4.29155616218459e-06,4.38549775212313e-06,0.611883867416818,2.01524075396311e-05,0.00688476897068603
9044,9715,0.187931982848018,0.00127944767080572,7.34903134822604e-05,5.38787970169601e-08,0.794902340353095,5.52914066197763e-07,0.015812132021736
8769,8277,0.156617256430001,0.034955739698518,6.56385766360656e-07,1.66576703414877e-06,0.746824180546534,7.61950568265423e-06,0.0615928816664639
8081,7078,0.140149026244258,0.0887387020015983,1.14956902508257e-06,3.50312808507883e-06,0.730750589230719,3.46218695345045e-05,0.0403224079567802
7876,1923,0.317086867087349,0.157321297498692,2.33954674690786e-07,2.07223070442789e-05,0.502327621741923,3.39736085992634e-05,0.0232092838017175
4428,9593,0.11772174823731,0.345069433002312,3.47045017600819e-09,1.21363300193231e-05,0.521268226036823,9.22424061761406e-06,0.0159192286824668
7187,3361,0.424868825844213,0.01802499648103,1.94904976157243e-06,2.09747457990424e-05,0.543563320594193,4.14809464097473e-06,0.0135157851903625
6012,10194,0.0347467857175745,0.478110701376895,2.27878680691996e-10,2.24199927298714e-06,0.480288147526263,1.44428335421941e-06,0.00685067886876232
7737,5039,0.469805142243736,0.0374088598578511,2.67733582643983e-05,4.7656877570148e-05,0.47758581448084,1.31701678945587e-05,0.0151125830138445
5050,4679,0.391019862308078,0.0131162267725735,1.02602364802021e-08,2.10513193832973e-06,0.583502863548287,4.61243865686277e-07,0.0123584707350207
4845,2640,0.310597685408832,0.0037992742807834,2.19545306886932e-10,1.34877970522257e-08,0.680080205551345,3.26735964166555e-07,0.00552249431573311
6152,5398,0.0890118998258488,0.146083298976828,1.56462542951826e-07,8.5226911516263e-06,0.707961527306365,9.65768736036436e-05,0.0568380178636598
6773,5039,0.288755492074054,0.0248014651324934,5.57733382577064e-08,2.31880567269435e-06,0.672789282109254,1.99254537509306e-06,0.0136493935598124
4500,3000,0.105425642885582,0.00169802221192694,6.71607121766664e-11,1.15963523128949e-08,0.892872361135022,4.66725145273111e-09,3.95743670523354e-06
8909,2762,0.242952012131076,0.0951017750017462,2.30641862876667e-07,9.36977215713996e-05,0.645596745424027,1.76683830386479e-05,0.0162378706966778
7735,8396,0.268510916413685,0.0258626388971503,5.60069087848552e-08,4.34975469058226e-06,0.641053938651261,4.92290594356593e-07,0.0645676079857097
8563,5759,0.276717626312891,0.13279595529476,0.00067719447232955,0.000127958464771266,0.556633549992543,4.05570949742825e-06,0.0330436597532074
5945,5998,0.17362563186342,0.0563623023409563,3.18365266448325e-09,6.05289590225692e-07,0.76983628683866,6.62755090705334e-08,0.000175104208211795
8563,6958,0.099068578632918,0.0916393972683468,4.32540441408699e-07,1.76833617464333e-05,0.761165756827344,0.000102710768572371,0.0480054406006312
7943,7557,0.106881787705529,0.10882345949459,4.53926609714067e-07,5.80049096474613e-06,0.740134008535134,2.87253591050737e-05,0.0441257644880675
8218,8756,0.104819059391596,0.0127952956186124,2.37565732595516e-07,2.95084465551171e-07,0.851941235497021,5.15350178104663e-07,0.0304433614923937
7531,4680,0.49467501966857,0.190531350768955,0.0123258797287908,0.0117676417296664,0.240142737451659,0.00311060646135524,0.0474467641910022
7323,6478,0.182681518046729,0.0524204601939685,6.4785189728069e-08,3.46211412498836e-06,0.73021872549116,1.83468954616488e-06,0.0346739346792816
6223,1922,0.254903025118884,0.0022751512165719,5.85576747713589e-08,1.64879723630121e-08,0.713065140439496,2.36948121332059e-07,0.0297563712312798
5739,4919,0.185241575178477,0.0793489759681952,1.79284876348425e-08,4.43521060765846e-06,0.671904146795725,7.86258434093759e-06,0.0634929863341669
9803,7678,0.0830003764154709,0.0158451894014246,2.60913787140911e-08,2.76502018215766e-07,0.842232894680019,1.58346849423154e-06,0.0589196534411946
6288,10433,0.137002606747533,0.385185128552188,1.34691494160457e-08,4.53096014450281e-06,0.461253390469071,7.71914608034455e-06,0.0165466106558335
9666,5280,0.347455511631441,0.224775596009261,1.42768489429886e-07,0.000156145848563586,0.384499238963755,8.95190337042022e-07,0.0431124695881536
6635,4799,0.336981817100021,0.136769275135771,1.17100740482098e-06,4.65560419297068e-05,0.503965698501924,0.000100614971440878,0.0221348672415086
7393,4680,0.485254067476319,0.160616915836417,0.00223168203257814,0.00537073201731207,0.311765331799247,0.00053805413595577,0.0342232167021714
8975,10315,0.267179714285253,0.0332193253296745,1.7386987041105e-06,3.27613118334032e-06,0.681520820034092,3.41680714637423e-06,0.0180717087139467
5394,6477,0.159250998619832,0.0457213060033909,6.34456068057521e-09,1.98342486816297e-06,0.793793856981232,2.20796114220468e-07,0.00123162783000215
7735,9115,0.258991124737286,0.180516993943546,2.49867943386012e-05,3.70139003381639e-05,0.538076901301172,0.000107065469053805,0.0222459138542654
4291,7196,0.229383650967675,0.403315428712327,8.0316310544649e-08,0.000193531599112415,0.343144588711414,3.06952080479682e-05,0.0239320244851128
3121,5876,0.278175268499619,0.0347388735873701,5.86958445498763e-09,1.37771542038851e-06,0.67323084424466,5.41613368571901e-07,0.0138530884699769
9805,2883,0.162812569760087,0.00865462771522381,1.30300857851257e-07,2.40906427992456e-07,0.776658051941718,6.23061327583023e-06,0.0518681487624089
9115,5280,0.36337384376011,0.289273697282843,7.7589258008341e-06,0.000222012413247157,0.297779281574254,1.31827491305331e-06,0.0493420877688317
3948,3479,0.164563784622626,0.0508020686473332,1.7460474318836e-08,3.37263293026594e-06,0.766154862075627,3.1969343181341e-07,0.0184755748675778
3190,4078,0.124731243554047,0.190478725323027,5.27302031524296e-10,1.21358336081355e-06,0.676944612049142,7.76250269491623e-07,0.00784342871285072
4293,4079,0.0500518508373177,0.00105823122198716,6.30063770342192e-10,8.2603434876641e-09,0.946680349424834,6.68796949096079e-08,0.00220949274575942
6222,4559,0.29359363361211,0.0735530413446038,8.92454304209257e-07,1.2002426119142e-05,0.60202891567739,1.60986029669821e-05,0.0307954158825064
10009,7558,0.129487633202637,0.0209345490090476,7.53459699365806e-08,5.57305316054043e-07,0.735339194343699,1.03876137994538e-05,0.114227603179532
3534,6356,0.270413000315443,0.057294545750272,7.34731542063405e-09,3.10902040000586e-06,0.658608033649574,5.53957146554934e-07,0.0136807499598494
9045,7318,0.0382800060201013,0.141542082889587,5.56202270983522e-08,6.46761229849461e-06,0.777070101726561,6.47441158110979e-05,0.0430365420154141
4635,7795,0.243523316834545,0.43514683146964,1.50451428348775e-09,0.000438073735980397,0.305010609258331,3.44444521745606e-06,0.0158777227517713
7808,1563,0.164667182202743,0.0326726682258366,8.73126511726747e-09,2.94117562549916e-07,0.792235660747549,1.0954259923183e-06,0.0104230905490517
9392,2403,0.0669211071728444,0.004185886931413,1.13506731463932e-08,7.89055172455172e-08,0.909975863766279,5.66954134134819e-07,0.0189164849191389
5532,4799,0.198367761942715,0.110110989318886,2.24675652774076e-07,7.78910360736984e-06,0.63118453643113,4.29904094738835e-05,0.0602857081185348
5462,8994,0.169576403800744,0.443610924213267,2.30955293537356e-09,7.22231354833191e-05,0.382061629915379,1.31235852630111e-06,0.0046775042670479
4703,9594,0.225213165786972,0.335094835663761,3.77992402345151e-07,1.78061400058986e-05,0.421836379419965,1.36388271330627e-05,0.0178237961697599
8426,4560,0.29582542442838,0.204254644961611,8.9710514338657e-06,0.00112574046124839,0.462299840001532,1.08865362355464e-05,0.0364744925595598
4704,8395,0.137467338211826,0.394707942679144,5.58898134836995e-09,2.43225620438849e-05,0.455000126463272,1.25967398445701e-05,0.0127876677548885
3603,6236,0.246436890353507,0.0756916080264882,3.20084231418821e-09,7.36149292594433e-06,0.672870964713703,1.02562615432355e-06,0.00499214658637907
3672,4918,0.391277809688262,0.0581144409336796,4.01563017843061e-06,1.29123108961454e-05,0.50847679782809,2.8552028364655e-05,0.0420854715805284
10078,8397,0.14142443156899,0.00533175310658196,0.000707101653194827,7.04391868121343e-07,0.769661076132654,1.11424901692065e-05,0.0828637906565414
6773,3361,0.333092236330626,0.0588700332390844,1.1563443783471e-07,1.76212394937569e-05,0.600554700831913,1.47750108734229e-05,0.00745051771357142
4293,4319,0.0513582835899126,0.0377952900176494,3.26673719431118e-11,3.66947877096747e-07,0.910842166535631,2.48294722687237e-08,3.86804679066268e-06
3467,2640,0.327354239944619,0.0357758686237075,8.29271379904494e-09,3.66238979558681e-06,0.632523774555043,4.94110925947135e-07,0.00434195208319545
9320,7558,0.0828193457282434,0.117012390263936,4.51444960024802e-07,6.30664108374822e-06,0.744144534762182,8.21157170919758e-05,0.0559348554425029
5878,1802,0.222562214427607,0.0184623037517151,7.85352241944022e-10,2.30030856694553e-07,0.726672870511933,2.12835491315177e-07,0.0323021676570446
9665,7198,0.101427826374077,0.0582677986605877,1.0478330008117e-07,1.47500740817287e-06,0.804813237267956,3.89445616636475e-05,0.0354506133450081
9116,2163,0.264178134408801,0.00820910804237683,2.40306632295168e-07,1.06908840487209e-06,0.717869807125995,6.51972971121257e-06,0.0097351212980787
5394,5278,0.159208137652731,0.137677177737072,2.63031291241233e-07,1.46155732015508e-05,0.652849131628532,3.57782461814121e-05,0.0502148961309905
9940,9117,0.241106190251018,0.00877290932417324,9.7371688040375e-05,1.34971127643604e-06,0.704618760541656,1.71520421054939e-05,0.0453862664417302
4981,6237,0.107669668194624,0.0926441412377902,9.70111717244147e-10,9.67745075847846e-07,0.798544498924816,1.09616380180166e-07,0.00114061331120209
8012,6958,0.127092992128032,0.112721977223337,7.47451402080797e-08,1.66867097317439e-05,0.716375319054223,1.73706596719637e-05,0.043775579479863
7322,9115,0.111354199660441,0.251800076706941,5.3456833119497e-08,2.11056773296232e-05,0.621223762797657,2.90767352851854e-05,0.0155717249655124
6153,3960,0.223968749039885,0.0146115554876736,8.16220287888452e-07,9.47770990192482e-07,0.666232154989984,1.94622184194331e-05,0.0951663142727595
9116,3122,0.199057590498024,0.116221826057033,3.26938651204204e-06,2.85461375607132e-05,0.633619483325243,0.000208888418705786,0.0508603961769213
9666,5520,0.375860281629464,0.134800034652063,9.24775647608412e-09,0.000117946124266936,0.459966166173115,2.077539751527e-07,0.0292553544193597
4015,8394,0.125591065602458,0.357402335048682,1.06928571677329e-11,1.70384201523594e-06,0.514679831214884,4.68292788251461e-09,0.002325059598339
6083,5758,0.204230287139653,0.12855638251584,1.25133037566153e-08,5.09469420377033e-06,0.641583303310513,2.04870873453307e-06,0.0256228711177516
7322,8636,0.258196455387215,0.127415027507402,3.35739289453718e-08,1.76474259847501e-05,0.561194121831977,4.27027139756008e-07,0.0531762872463532
8770,6359,0.259556671584757,0.0424129793060024,3.40370233581535e-07,1.35353095876737e-05,0.632355939636202,1.38843805854039e-05,0.0656466494126324
3740,8154,0.166030548032035,0.38113549690895,1.71748921943761e-09,8.25629034503362e-06,0.448323321178556,3.51079802824909e-07,0.00450202479282151
4152,9593,0.177799009694667,0.138490801476561,1.87050065930579e-09,8.99085336111076e-06,0.676381388477485,7.35843046535612e-07,0.00731907178437915
6842,4679,0.374498601078755,0.0853004283845616,2.93940224301585e-06,2.65082322535616e-05,0.510425787209483,8.48598037174909e-05,0.0296608758889871
3741,5517,0.219154610671888,0.151205297417074,2.66385132122384e-08,6.89033813036811e-05,0.602777355201494,5.24116447264549e-05,0.0267413950449996
7942,7797,0.0684029266313781,0.0788205853249997,4.90452955178925e-08,1.0895860397873e-06,0.827018441108765,6.81199930368581e-06,0.0257500963042186
4774,5158,0.398526231426314,0.0353950626348799,7.87915607281343e-07,6.34880174134475e-06,0.553945609512697,5.99598962544282e-06,0.0121199637191351
7046,9115,0.0433245145287502,0.349057164027478,8.99188177875142e-10,1.21235080563797e-06,0.597904556518576,6.30922630309071e-07,0.00971192075257105
6358,8156,0.194978855877541,0.385102163379039,1.65627858958208e-07,2.10496087122851e-05,0.407516510957081,5.29610645054018e-07,0.0123807249391232
8148,10314,0.19091285208154,0.0593914639410681,3.73850882137695e-05,0.000149272952435397,0.704964330347672,0.000119948694123799,0.0444247468949464
8907,7558,0.060948213459436,0.115354752954638,2.74749821213422e-07,2.21754771815753e-06,0.759737294379205,7.19635272115903e-05,0.0638852833819692
3671,7795,0.108160754118391,0.393043819329776,8.18739014376156e-10,9.28310348422542e-06,0.488374545992794,2.73149570975798e-06,0.0104088651411064
5946,4080,0.222747973571811,0.0209491144911038,5.80841028210657e-07,4.01537033735205e-06,0.726872202162214,2.79319528925277e-06,0.0294233203682163
9595,9476,0.292267996973818,0.0276028136703183,2.70377399255258e-06,5.36682161358708e-05,0.606194937149993,1.32675236853382e-05,0.0738646126920567
6357,9115,0.0855305480063813,0.437878721743688,3.56763396122665e-10,6.86619355466345e-06,0.473801078846748,1.26806005940857e-07,0.00278265804685792
8493,8996,0.14454270247318,0.236019896359167,1.6054601631645e-06,0.00183625386479722,0.600781043236087,7.25985146925351e-05,0.0167459000919125
7944,4200,0.432002872261516,0.0257475430476718,1.95622072140899e-05,0.000176248741933634,0.507328971352713,1.75569160640269e-06,0.034723046697345
6839,9954,0.152484374987248,0.304161597569432,1.33863308231872e-08,1.97474024428459e-06,0.533998717456429,2.25522204257446e-06,0.00935106663827221
4154,6476,0.284296606584181,0.153088592698062,2.93220564433793e-08,1.41076460630077e-05,0.556171918642056,2.07569134791126e-06,0.00642666941623295
6081,9594,0.102820812672245,0.428537893802987,2.90923013344801e-09,1.62184602454427e-05,0.464712442956615,9.41097242049066e-07,0.00391168810143506
10008,10195,0.269989081147763,0.118897972121381,1.03592369776829e-05,0.00108915642497616,0.539453791696681,0.000121677473586743,0.0704379618986334
4152,9114,0.0969281615725727,0.395725467699752,6.30962486944404e-10,2.23629913456445e-05,0.499125133576025,1.39963020786008e-06,0.0081974738991341
5737,8755,0.143343575312938,0.333173096335142,1.10648254299575e-09,5.52715700783728e-06,0.518623127355517,7.16154737806121e-07,0.00485395657817467
6842,3241,0.352027618711422,0.0409254173622387,1.0610715707099e-07,7.76813542645255e-06,0.597550335677627,6.21207581043976e-06,0.00948254193031808
4359,9473,0.117622080869876,0.274346548332251,1.16051033968446e-09,2.4882083317262e-06,0.578901743152731,8.19563666702398e-06,0.0291189426396324
9460,3482,0.278530341333338,0.136674136197643,8.26159504988776e-07,5.71901567628349e-05,0.561384842599631,1.07505398000899e-05,0.0233419130133202
3878,7435,0.231424635002054,0.272594064326717,3.21746954941912e-09,2.0958163617552e-05,0.486456408515513,1.70930074562517e-06,0.00950222147388343
3397,3958,0.0870965848796313,0.171744126080377,1.03364654180827e-09,6.76723879761705e-06,0.723902421992895,4.17341804922685e-07,0.0172496814328472
4911,7556,0.247112639868305,0.41494357809874,4.58290878351409e-07,0.000102385774391579,0.310569311131185,2.2704540842811e-05,0.0272489222956576
6429,3480,0.27406641948159,0.00571898166817677,2.24498509180912e-08,1.92933155842315e-07,0.718326950046696,1.15055312796694e-07,0.00188731836521748
6153,4439,0.295819745814997,0.0530219256594577,1.24737608288143e-07,2.89221619366547e-06,0.635989483342383,2.02400018248848e-05,0.0151455882275356
5461,10673,0.150987026333088,0.29420000736915,5.12909028602258e-09,8.57254034599868e-06,0.543511440136164,1.0290645082541e-05,0.0112826578470801
9802,9116,0.216497794877702,0.0183081854885285,1.22046103784705e-05,5.71870206113556e-06,0.715641557810178,2.35686005511803e-05,0.049510969910601
6151,8276,0.174558640973411,0.155243210593831,6.17234387265472e-09,2.47107672425688e-06,0.665522674263499,8.59920674437619e-07,0.00467213699951705
8702,4321,0.356837617807974,0.261259087723555,1.11191079927073e-05,0.000492511216951486,0.344250230331105,0.000101711831395903,0.0370477219810261
8978,2403,0.319636816207238,0.021520649717711,1.61131151385302e-06,2.3387093780629e-05,0.652147458159271,8.98400491944351e-06,0.00666109350556539
6633,8875,0.0465570201919609,0.375856770711668,1.87872647054606e-10,1.7746034591122e-06,0.558421088632805,9.18440810728691e-07,0.0191624272314244
4913,3000,0.245535182904017,0.000862796134329471,4.05826149796486e-09,1.14575063740382e-07,0.75011091273418,1.34939288636339e-07,0.00349085465485988
6908,9355,0.0570842027083531,0.35993645800568,3.22323203787382e-10,2.70440258774682e-06,0.576592373993354,5.81176948342041e-07,0.00638367939075353
4018,2400,0.213585684508358,0.273961586473076,5.54350951691541e-08,1.64049660213928e-05,0.505707520159824,1.22636869113552e-07,0.00672862582075663
4845,2161,0.278227457910052,0.0498102847867462,1.63564859315295e-08,3.75618357652224e-06,0.640888555886536,6.74555995385212e-07,0.0310692543206073
7254,6837,0.285521466003712,0.0823150484513933,2.68793728633518e-08,4.29324868593494e-05,0.596820442502133,1.01022613809777e-06,0.0352990734503905
8703,1683,0.248542331810307,0.0261140619080855,1.34318331588811e-06,2.50263544690666e-05,0.71019906472963,5.85318736085077e-05,0.0150596401405846
4635,8754,0.0999798976860233,0.382925053844229,3.2077932274864e-10,5.65564198631054e-06,0.508623414964958,9.38222838801275e-07,0.00846503931918551
8286,9116,0.0803108794598051,0.0108556576688387,6.13273824390994e-09,6.37644402927338e-07,0.878902866662448,2.35745997707311e-06,0.0299275949717899
9184,3961,0.260453407119419,0.0677595570776749,1.19243574843277e-07,0.000202139825324052,0.615093081480095,3.30836680278654e-06,0.0564883868871088
7462,3361,0.586469603013516,0.0730688347688601,0.000598427682198441,8.63303046391338e-05,0.308799571275172,0.000500046335528974,0.0304771866200853
9871,8277,0.159089934670044,0.0129661573496029,5.99190502875964e-07,3.53991612402414e-07,0.779237515930269,4.99074868607226e-06,0.0487004481192827
8287,7677,0.0519501762152595,0.0620638931774627,5.35419353200849e-08,1.48339003001172e-06,0.850304453402482,6.0228900109428e-06,0.0356739173828194
7599,5998,0.23266031119267,0.132005685720268,1.86068544421624e-08,9.91892927674776e-06,0.579355691208007,8.87027857751662e-07,0.0559674873150654
8427,3601,0.186395805661383,0.006542260247327,6.2411218009344e-08,8.10942837232958e-07,0.793902618413081,3.59974117465126e-07,0.0131580823500361
9735,6119,0.361051021776301,0.0678412557012744,2.69438365145806e-05,0.000133446895436086,0.507838817244305,7.81776119030516e-06,0.0631006967849788
5463,6357,0.119256315535775,0.0368155159530141,3.79397866069042e-09,8.58084980831437e-07,0.843574684787035,2.55307098489755e-07,0.000352366538117803
8151,3841,0.353835678431373,0.0971303793214053,1.02600803364708e-05,8.48085567506015e-05,0.501612310860542,4.39161468490595e-06,0.0473221711349077
9737,1564,0.143086894423621,0.0300407041413071,1.37630749351891e-07,1.76538727250968e-06,0.795625040853579,1.34306092430676e-05,0.0312320269542275
4291,7915,0.199272409471169,0.460969768112013,3.7680695639105e-09,0.000116037205550902,0.320128174070181,7.35635958108132e-06,0.0195062510134353
9251,9596,0.128209860734555,0.02766313130145,0.044124455290127,4.60052535116671e-06,0.734504905427104,4.8483723810181e-05,0.0654445629976023
3947,6356,0.279100177829246,0.203457524011631,3.17270843309442e-08,2.66559262193849e-05,0.508900262503231,2.91305687953479e-06,0.00851243494570888
6840,8755,0.0582066258181925,0.383540741218715,2.74810564358633e-11,4.68859411624382e-06,0.556288917419581,7.01035467698043e-08,0.00195895681836756
8219,6598,0.166133799279634,0.0642011219739374,2.11432299942377e-07,8.24611863338974e-06,0.712339028977374,2.75856538097431e-05,0.0572900065643116
4982,3360,0.318179089509243,0.000659479128802114,1.08598991148515e-08,4.99090418299747e-09,0.681013501130808,1.05242067678454e-08,0.000147903856137161
5463,6597,0.155739636956937,0.0849213385980971,1.14985936261654e-09,2.91207855828435e-06,0.759177608081978,2.71948589396353e-07,0.000158231185980823
9116,3602,0.247833644985336,0.0584035344398601,1.77089651708734e-07,5.83773523716563e-06,0.691830327268827,1.13430933328322e-06,0.00192534417175465
9114,7678,0.149650936474132,0.0646303758078876,1.81256191581997e-07,6.16518112438026e-06,0.726612821087481,9.13906632950159e-05,0.0590081295298884
8976,6958,0.0300011716192072,0.0915810814245718,7.81215251993154e-07,1.73292914452628e-05,0.825931647766695,0.000138801058468227,0.0523291876243608
8906,9955,0.436870916978799,0.0248797352911674,0.00128588455452272,1.83715612290951e-05,0.50313209601375,0.000315236351103235,0.0334977592494292
3464,7195,0.146453546577158,0.247617759085798,4.03493866361674e-08,6.43741013616079e-06,0.600352482499953,1.1380816949924e-06,0.0055685959958729
10285,8277,0.104172035365096,0.0159179921608739,4.24565642345669e-07,1.44716706921514e-06,0.844619039829244,3.08909123150955e-05,0.0352581699997596
8288,4560,0.309177436734863,0.0614833224683056,4.86669233201415e-07,3.37765806962595e-05,0.598817728947551,5.57414671479342e-07,0.0304866911846787
5737,8515,0.199226098303517,0.338590383473954,5.65977020458449e-09,2.10851559586943e-05,0.447284903010671,2.47893434952301e-06,0.0148750454617797
9183,7318,0.0959538768794548,0.0637484911532625,2.96275387398051e-07,7.21073038975769e-06,0.7911716176374,3.27453827752528e-05,0.0490857619413305
4981,4798,0.462792294854014,0.0868583436532763,0.000116722267049505,0.000329465349690241,0.404275814961044,0.000425323787122785,0.0452020351278034
6153,3240,0.34293317424595,0.00377786553058612,3.80072763231622e-08,1.04161793576813e-07,0.628912915989906,9.55207740794927e-06,0.0243663499870804
4085,6836,0.223038586890473,0.277310417351319,1.029779898394e-08,3.0541615265608e-05,0.494408150828871,2.72801794738806e-06,0.00520956499832497
5943,10074,0.0388077278149424,0.492186277220675,3.77519672745006e-10,5.09901309653721e-06,0.460003340720767,4.78046887025919e-06,0.00899277438412866
8424,8876,0.171698398338595,0.012743670525026,7.45817924906244e-08,8.39359596657034e-07,0.80661870296749,3.46114873948142e-06,0.00893485307876026
10080,3362,0.204815702866652,0.176604647477702,9.5054685664349e-08,0.000234241406351038,0.605063131273479,2.21720003303465e-05,0.0132600099207999
4430,4558,0.0124593658005634,0.13166054484923,2.37687240046529e-08,7.70387368328543e-07,0.836403913749941,4.25210796801929e-06,0.0194711293362059
5256,7436,0.332757774889211,0.246917711692083,9.63631061925515e-08,0.000148306941158899,0.401366597031591,1.83771452390866e-05,0.0187911359376109
3604,4318,0.0390017210044102,0.290264175493914,3.76666506562379e-11,1.60676118371096e-06,0.669294081093434,4.88283466977398e-08,0.00143836678104494
8496,3002,0.235470588386281,0.0646939956023749,5.07921408904328e-08,3.66147295946931e-05,0.676313554492102,7.32561379128494e-06,0.0234778703837159
5534,1921,0.327323707540213,0.0251201628989467,6.33004150236717e-07,1.72852185517473e-05,0.615175865357729,5.04667604278343e-06,0.032357299304367
9941,5760,0.416520709777705,0.180780432038765,1.39116300191149e-05,6.40605496572619e-05,0.359216532183045,2.51106181536388e-06,0.0434018427589938
6013,8036,0.139029308080265,0.228122911442541,5.0087229563107e-10,1.25024168883526e-05,0.630202446242756,3.18408551961781e-07,0.00263251290812569
10149,4921,0.397409431919845,0.0791204227274864,2.94421415153905e-06,8.02527869727205e-06,0.432286816760846,1.00516387580728e-06,0.0911713539350978
7463,2402,0.251923739084052,0.0583146935771497,6.78734201735563e-08,1.0235206512887e-06,0.683095760968735,2.79621840417813e-06,0.00666191875758725
3740,6716,0.196085354674403,0.214065739897821,4.42302834765753e-08,4.03357357051885e-05,0.570879859195911,5.23309217115289e-06,0.0189234331737059
6841,5638,0.103383772855264,0.124729517643782,1.04180215950366e-07,9.03823202036517e-06,0.75502544236539,1.58461417779689e-05,0.0168362785815496
5117,9594,0.141591134254878,0.488769392361997,2.62126241548641e-09,7.10213872583909e-05,0.360858537587019,4.62884369759763e-06,0.00870528294388662
4635,9234,0.135009573752165,0.437622164987345,2.92228343621723e-09,2.25560447382097e-05,0.415411759394457,1.74205292275424e-06,0.0119322008460882
8701,5519,0.310688511273644,0.188492896558192,1.72227151108632e-05,3.47982881476648e-05,0.452497258673993,4.70039121676428e-06,0.048264612099696
5461,9714,0.11555976985234,0.385428079336844,8.3131853544413e-10,2.45584593584782e-05,0.492125879647975,7.21784705573109e-07,0.00686099008745817
8426,5040,0.258230335816787,0.151382167840133,8.95222428470447e-07,3.16649339636075e-06,0.567785531994665,5.45169401004109e-07,0.0225973574631891
6703,5399,0.193982535871927,0.121278118112844,2.88494280811005e-08,1.16149623828474e-05,0.66633094538854,6.5947879084637e-06,0.0183901620269696
5189,3000,0.276507304538176,0.00734708122230222,8.00041378310918e-09,1.80685569910029e-07,0.709880908307777,2.23797517045009e-07,0.00626429344824413
7600,2882,0.213909987568946,0.0454026465821021,6.65935393604228e-08,2.6690660850948e-06,0.72962708432916,4.52186412302228e-06,0.0110530239960446
4773,8994,0.183631766348901,0.444047197084807,1.10910261742328e-07,0.000226360374310744,0.349279836981357,2.64933123876665e-05,0.0227882349879744
4499,5637,0.171030286186978,0.216424351876962,1.28326066053313e-08,1.19334713825059e-05,0.594950509200147,8.18438343177644e-06,0.0175747220484924
9873,5640,0.36159082926377,0.158478184613685,9.49074270146267e-07,0.000183005322921451,0.42858588352212,2.62789800068659e-06,0.0511585203052334
3740,6956,0.216846662349593,0.246558380235322,4.92163130196505e-08,1.85669664397482e-05,0.521331847944056,9.48049435164343e-06,0.0152350127939246
4225,1801,0.291288721441254,0.0141478230823134,9.46944129349887e-09,1.22946193771534e-06,0.66420647222683,6.69924552036764e-08,0.0303556773257688
6219,9115,0.0981543972451602,0.432325751615576,7.01800697650054e-10,5.43173538880504e-06,0.461746893359386,2.23186508273723e-06,0.00776529347760489
3534,5877,0.352263444499104,0.151029402605326,2.80547802967233e-07,3.57137616152843e-05,0.476147318838514,2.17458527898343e-05,0.0205020938948481
8634,2043,0.207791241985421,0.0131359919466389,5.21378280043336e-07,1.55003146368542e-05,0.746661237999503,1.53751472580324e-05,0.0323801312282619
9733,9956,0.296932941727876,0.0482624056055517,2.03860998405978e-05,9.90812261686753e-06,0.587467139038611,2.0114070109579e-05,0.0672871053353946
8424,10315,0.126094384803985,0.00359917744142756,0.00413955346604091,1.53452894316261e-07,0.755846649658878,3.9217458719193e-06,0.110316159430902
6498,3361,0.329931976208234,0.00657770701593398,1.47896444241711e-06,4.60756709178332e-07,0.64645030941125,6.90975880121747e-06,0.017031157884629
7666,9955,0.15282077574856,0.0392763905919332,3.34289929001113e-06,1.03853751005621e-05,0.775607727252505,2.57560674393609e-06,0.0322788025258673
9873,4921,0.305947304732522,0.361580131348691,5.9347711112927e-05,0.000108881210711827,0.277852598327098,0.00012852698292567,0.0543232096869389
9805,2643,0.160790674355411,0.015848615670401,6.13893901918825e-08,2.82368883294239e-06,0.816540381140468,3.51345799376966e-06,0.00681393029750354
7806,4440,0.513073600822668,0.146643702023619,0.00357131073893361,0.00200644678690601,0.293975036687819,0.00170366293809219,0.0390262400019621
8427,2163,0.348394977449941,0.0109223274360578,7.80758274640487e-06,3.42902817616472e-06,0.622448285042799,3.00966234962604e-05,0.0181930768367834
8425,8157,0.0367213569132857,0.0665803446227958,4.27866006505495e-08,8.27236969895741e-07,0.861254206150368,1.56676840808278e-06,0.0354416555215716
6632,9834,0.0937605624698675,0.161374219969567,3.04324311130271e-09,2.23062915006421e-06,0.739191838677834,1.118606495833e-06,0.00567002660384284
7325,1683,0.266157630416728,0.0286201424513992,4.37117865936257e-09,9.10345069719617e-07,0.698410533732859,2.98934420883419e-07,0.00681047974834554
9392,1923,0.0893228338717182,0.00638042368427085,5.40843170598503e-09,9.38042732076229e-08,0.896861646076161,9.77459428286123e-07,0.00743401969571633
5878,3001,0.350409243115779,0.00761031461476202,1.76581955867454e-07,6.79538187293553e-07,0.626826553523535,3.40526739240167e-06,0.0151496273583891
4637,4439,0.0083326606257016,0.118920467445054,4.33524564815135e-08,1.43795948962798e-06,0.8573778324562,1.65042392129651e-05,0.015351053921885
5668,9114,0.177339071413567,0.35256055541467,3.0703024960435e-09,2.54742730192818e-05,0.464901982042829,1.16304280071654e-06,0.00517175074281108
4018,1921,0.197317672563663,0.0551566173302015,3.76874533922969e-06,1.00656440126584e-05,0.738488811788999,2.31887602314622e-06,0.00902074505176152
4153,8394,0.0842046534681084,0.380141827404569,1.27613005551681e-11,1.16154541324426e-06,0.533922065599891,2.97955067279354e-08,0.00173026217374996
5944,8395,0.146532954561215,0.284230587242086,9.94729053712981e-09,5.73271018267413e-05,0.561555222012633,4.27086747053563e-06,0.00761962826747803
4772,9474,0.198009127582746,0.430614340714155,3.53350572912702e-08,0.000119973753941116,0.350771586679735,1.38807281254119e-05,0.0204710552062403
5601,6357,0.135463914052044,0.171153021634951,1.12403140329377e-07,4.5340604778672e-06,0.689579876056854,6.53596678715613e-07,0.00379788819585445
8563,7198,0.0559667679781168,0.0266156069282201,1.90104333617477e-07,3.32957764075591e-07,0.851367395177748,1.33234174645572e-05,0.0660363834363529
9182,8037,0.194485337592916,0.0670640259706023,1.89823895764099e-06,1.24427009670858e-05,0.658845927869597,3.69761593292116e-05,0.079553391467631
4431,2161,0.16288552793852,0.100953238410947,1.05788211194702e-07,6.33233953603119e-05,0.661236540769951,1.59590604182817e-05,0.0748453046365923
4293,3359,0.239542709651628,0.0366551098772245,5.2047045495533e-10,1.99305875922637e-06,0.711049470114956,6.27280151116995e-08,0.0127506540489463
3743,1921,0.245424548271333,0.0315093516677466,6.86837275487253e-09,7.62359414583459e-07,0.708045677202339,2.37909563134983e-08,0.0150196298398379
9252,6479,0.189378054227826,0.0313877538044492,1.71911215202937e-07,1.09275845495113e-05,0.747235548319806,2.18003959342473e-05,0.0319657437562196
8771,3482,0.349444296233902,0.0878879017873622,3.89896885895016e-07,8.23968634589314e-06,0.53163392901133,9.57160531172944e-06,0.031015671778862
8563,5999,0.33626832940334,0.0676092254681874,6.96633430840945e-08,0.000169610611514858,0.548142665754648,1.71301480150277e-06,0.0478083860841649
5050,4439,0.116042200772669,0.0334279772534237,1.17696927206326e-07,3.12487709691256e-07,0.839166067454718,3.35307636297469e-06,0.0113599712581894
3947,7076,0.339678397035329,0.326896268893747,2.51257572782811e-05,0.000295171069013442,0.320437364745563,8.36855060648925e-05,0.012583986993005
10079,6239,0.474004804769122,0.00453149826406306,1.73159253782979e-08,3.71681274557394e-06,0.484220452372163,1.12638632749675e-07,0.0372393978273481
7942,9235,0.161300104570457,0.0901659712994996,2.09982525323151e-06,6.13938268197925e-06,0.710271397751111,1.14781975564329e-05,0.038242808973441
8631,8277,0.132498021855122,0.0257156369453474,2.19581134738409e-08,1.30955453626336e-06,0.778736100732143,4.51234532502693e-07,0.0630484577202062
4360,7555,0.227048755415278,0.455348828866008,1.270924695802e-07,0.000265923684846879,0.30107431637992,1.39821399001849e-05,0.0162480664215773
10011,4921,0.475873181691333,0.0707867073234592,5.3315986753791e-07,3.79065924702056e-05,0.37939841442727,1.28083229734364e-06,0.0739019759733028
4429,7915,0.331998311906244,0.353067390745546,3.3267994342033e-06,0.000239215473054279,0.300148930900723,0.000111582448616335,0.0144312417263817
3742,3599,0.141079798307257,0.26646312356013,5.86629716971865e-10,5.25099548551129e-06,0.591503501650468,3.72775338975135e-08,0.000948287622495846
6911,4320,0.42717516062578,0.0562330787783993,2.31509226454e-07,1.36835576835035e-05,0.50016250217893,1.92360516082007e-05,0.0163961072983717
7666,9475,0.187740604139622,0.00960973522919116,7.32191622523899e-07,9.70614202234634e-07,0.758101922599846,5.40041996140443e-07,0.0445454951835197
9390,6719,0.0980858124255759,0.0861894120542716,2.91044134654128e-07,2.55176826236215e-05,0.780903421070768,8.3393492311958e-05,0.034712152230314
5945,6717,0.171203416117592,0.0820277208725601,1.567914035509e-09,2.14826368645931e-06,0.746068662958964,2.18040981803851e-07,0.000697832178301447
4290,9354,0.0697453690593629,0.40894500656012,1.90097492277328e-09,8.34001956600851e-06,0.498264958810724,7.76714143190787e-06,0.0230285565078203
8357,5639,0.268410999414518,0.101148401628456,3.91123305311744e-07,2.79995480918752e-05,0.585344953264068,1.60249132566836e-06,0.0450656525302348
9460,4920,0.413222917362756,0.0957993093727905,4.69036681019946e-07,0.000421002332765801,0.458888568272464,5.38703148623346e-07,0.0316671949193934
8427,2402,0.0881331251872028,0.00120871448464034,9.4816089972335e-09,2.54821275082798e-08,0.902718517445119,1.19842042879014e-07,0.00793948807725824
9871,9476,0.302260203558867,0.00175442919709385,3.18848945690233e-06,5.98069093955456e-07,0.655461546745057,4.26165745895129e-07,0.0405196077746853
8493,8516,0.165620011999951,0.0152468043076042,3.96090288976531e-08,2.76214646127003e-07,0.770350017803637,3.7325753000498e-06,0.0487791174898331
5738,6837,0.18240429449084,0.15512686945862,1.44648114130749e-09,1.25298376361789e-05,0.660677674336717,4.73531359525581e-07,0.00177815689834671
8357,5399,0.39128225889235,0.12885794640221,2.98015367282007e-08,3.76133825081826e-05,0.444128937306418,8.33986837389187e-08,0.0356931308162931
8976,7677,0.0611149937022078,0.0230750970297943,1.31934189686188e-07,1.0907815306155e-06,0.8655795934297,5.80096846476938e-06,0.050223292154113
5256,6956,0.225328550286168,0.142403013946492,1.24085925985999e-08,3.26935989201366e-06,0.626447651649107,1.91925487325412e-07,0.00581731042426095
8631,8756,0.146840748977657,0.23565719143921,4.55399234260248e-07,4.13907454144073e-05,0.602849250348373,5.49856438582631e-05,0.0145559774462538
8494,6359,0.262156907580462,0.00841537562729038,2.9174885069206e-07,6.78921108377019e-07,0.697957322941695,2.27214699411558e-06,0.0314671510335992
8906,10195,0.233862219260993,0.000784275659316841,7.60335162042618e-07,5.87420859052253e-08,0.651320570513548,2.35238592529374e-07,0.114031880250302
8286,8876,0.0400178955700375,0.000276957053902236,2.47655812814692e-10,4.58074773375983e-10,0.930644223560096,7.58220586635505e-09,0.0290609155280277
8909,3482,0.272080312727087,0.101914735803747,2.24737987725047e-07,0.000282205831108333,0.573127393087862,3.50706250313206e-05,0.0525600571871767
3053,3119,0.280859258883799,0.23390578561232,2.9800647856683e-07,2.44692127449322e-05,0.469899351550503,2.02391865016322e-05,0.0152905975476526
3948,3959,0.139460994974042,0.054930820021657,6.28811658905887e-11,1.15723285357076e-07,0.794126857040203,1.09227657160037e-07,0.0114811029502742
5394,6237,0.139470587524606,0.121174984523105,4.44674923401253e-09,7.70212666303504e-06,0.739070559467221,2.55435250316622e-07,0.000275906476406299
7876,3361,0.396625832208853,0.0839275540434795,7.91956037528123e-05,0.000457717044891824,0.484185635724503,0.000193888285116204,0.0345301770894043
4084,7555,0.203074972214085,0.399119882686503,3.03064391942502e-08,5.90245163740909e-05,0.378485477314635,9.22727437301844e-06,0.0192513856875913
3328,4558,0.0955426173330128,0.0940999121798306,1.56666773985391e-09,2.10592800801194e-06,0.809410240108514,3.8383577154478e-07,0.000944739048195576
8496,3242,0.102872809836377,0.00173911579356387,2.36629446913711e-09,8.03966919790361e-08,0.887556822308875,5.53535399789394e-08,0.00783111394465739
7463,1683,0.30563447537561,0.0416019995529252,1.92072097735493e-09,1.70030972062362e-06,0.642208862732455,4.63414084727853e-07,0.010552496694483
5808,5039,0.167328728448176,0.0859929255381281,1.13211205934871e-07,2.60251838943902e-06,0.711458811468494,3.23744278163895e-06,0.0352135813728256
3673,3000,0.204036941001055,0.246769869271548,6.00855663261762e-11,4.96873679030994e-06,0.545342587949723,6.15210036443434e-09,0.00384562682869678
6702,9235,0.132459044323575,0.434823010674665,1.29841423533075e-11,2.50217478113809e-06,0.428784898673878,5.96626367885201e-09,0.00393053817385203
3604,3359,0.148344283650139,0.229902163895521,8.08875730739256e-10,1.80172497906747e-06,0.610681393791138,1.13064497241283e-08,0.0110703448228975
9664,9596,0.350866929714467,0.00603297305205365,1.04378661931728e-07,5.32385625714222e-07,0.593829898619417,2.40006259740152e-06,0.0492671617871778
6636,2881,0.273032473518298,0.107013161959937,1.64853847993589e-07,2.86775308083552e-05,0.595462367019565,8.27533975829882e-05,0.024380401719961
9390,7198,0.133534238045859,0.0613546826675601,2.34635903545856e-07,1.02050771209526e-06,0.762569035291781,1.38828503233663e-05,0.0425269060008608
4498,7076,0.204345637665596,0.378826781352983,1.17711859114626e-09,3.45681261866553e-05,0.403078554242831,2.50520284211088e-06,0.0137119522324424
5808,5518,0.104833693227688,0.230066739212838,1.05658027818328e-07,1.16966141160879e-05,0.60409994556607,0.000136940545064534,0.0608508791761955
8221,2043,0.250499047173757,0.0233841561571762,2.97946623428963e-07,2.84977417364514e-06,0.719665709540671,4.86077622532678e-06,0.0064430786313735
4292,5997,0.324215605602595,0.17286106820369,1.60640051696795e-07,4.55610554229397e-05,0.490799765668938,7.29978450058822e-06,0.0120705390448022
7943,5639,0.278415704484725,0.17830037236185,1.92319197692212e-06,6.37806324207392e-05,0.485822513652609,2.06211112148029e-06,0.057393643565296
10219,2643,0.155659983010529,0.095134784635262,1.77366430477374e-07,5.20118570390405e-05,0.702992794150237,4.10147346726325e-05,0.0461192342458299
7323,7437,0.0939569664926566,0.0286208004867686,1.0370092171683e-08,1.05029506614238e-06,0.853290065536954,1.18537310000882e-06,0.0241299214453623
10150,2523,0.151676947770913,0.17885017489887,8.62274986233688e-08,7.89725253778342e-05,0.630653565416794,8.07985571545563e-05,0.0386594546033909
9804,5760,0.395186046361198,0.0869377125022074,2.3219941945139e-06,5.13679594609899e-05,0.466833751016869,1.6672509482331e-06,0.0509871329151222
5945,6957,0.110122003604369,0.101493820954068,8.95876094585046e-10,1.54807029714287e-06,0.787991220301649,3.91157163385915e-08,0.000391367058024647
3466,3359,0.072144706474694,0.0344984213421542,1.92944501120997e-10,4.36510152876443e-07,0.892256955212026,1.17783422152516e-07,0.0010993624846063
4431,3599,0.340608543507138,0.0139533459968604,4.00259047833484e-09,5.31572106981272e-08,0.622400710962496,1.2105591936451e-07,0.0230372213177851
7666,8756,0.251833162384754,0.315005678082128,9.17814202990832e-07,0.00132323602124274,0.418060334368344,0.000310078688522899,0.0134665926408056
6771,9115,0.099495550100653,0.412326552479812,6.30968255042233e-11,1.84599978164809e-06,0.480320430798205,7.06019224761663e-08,0.00785554995652903
7322,8156,0.283804530381107,0.0264892464226237,1.17898339251726e-08,1.11955221555702e-06,0.65196248541435,5.69677866406925e-07,0.037742036762003
4361,5637,0.270463232609755,0.239693619907459,2.94501177373918e-07,5.23597306783361e-05,0.464802121674536,2.27634572525084e-05,0.024965608119141
6498,1922,0.318917009859598,0.0203828388122616,5.45643350965311e-06,5.66059493938172e-06,0.627177068043017,7.76070361342215e-05,0.0334343592205396
6154,2521,0.301370758079853,0.0409408100090441,1.87656056429413e-07,1.31809802529596e-06,0.568914036427403,7.13258042372632e-06,0.0887657571491943
6771,8396,0.0927842585045029,0.169250936820236,2.020800660937e-08,5.42710316575868e-06,0.732537136902018,1.22907140190521e-06,0.0054209913906693
5736,10433,0.0987029025073517,0.372786878157872,2.68239074746251e-09,6.85207426312612e-06,0.51772863723072,1.70375134807783e-06,0.0107730235960543
7736,6238,0.180099644804717,0.0886363482796208,4.44550242549066e-08,7.10250520912018e-06,0.693948013659501,7.30171513182223e-07,0.0373081161244145
3877,8155,0.142474776953107,0.350696908598129,1.46271637414062e-10,8.11624489967939e-06,0.500803366975695,1.68677130926934e-07,0.0060166624047665
8013,4081,0.385843319533127,0.065217455462642,0.000157778877929529,0.000197884455262178,0.508274722080617,1.19999210951692e-05,0.0402968396693275
7667,8036,0.354091259818908,0.0455080367048133,7.95021590598502e-07,1.01659865847166e-05,0.549904231019692,7.08458139615916e-06,0.0504784268670156
8770,7078,0.0270882276355525,0.0857126669772879,1.02370796932504e-07,2.53481252131428e-06,0.851064054998525,8.13865916008766e-05,0.0360510266137154
6702,8995,0.0225984994559036,0.321087807532003,3.03047743164659e-11,1.1073841014059e-06,0.651244130829632,7.83760130744412e-07,0.0050676710079246
9596,8517,0.368670083107113,0.00781624485929783,4.22428951061375e-05,4.25429674748827e-06,0.551665592048354,8.7001457961518e-05,0.0717145813354204
6566,3960,0.284106147655457,0.0151577086981994,1.47469284440355e-08,3.33220617957734e-07,0.698729528721339,2.01427006004381e-07,0.00200606553045195
8149,8396,0.0468421640036119,0.0322213924204279,2.62494306374517e-09,1.04830860543841e-07,0.874778514730829,1.90137119477947e-07,0.0461576312522083
8702,4800,0.405512613783559,0.0474715627796436,0.000281815041548359,4.49238957292328e-05,0.513857756670415,2.21665109786287e-05,0.0328091613181269
5463,5398,0.14789483006657,0.0843659151265548,1.09455227055869e-08,3.07082584949588e-06,0.73772975087879,8.90049800563391e-06,0.0299975216587073
5670,4559,0.140843393179414,0.0238483245495897,2.64893869680392e-08,1.44898617609352e-07,0.786754737451315,7.10681008616472e-07,0.048552662750668
8771,4680,0.399306195591012,0.199415763085109,0.000224211469032977,0.00198439039510504,0.375654514481426,0.000182407478802471,0.0232325174995121
6981,1563,0.189412321447139,0.0604406015224491,1.78572078645379e-09,1.49909755977469e-06,0.736782889186762,7.55386834993997e-07,0.0133619315735341
9113,8876,0.0994999618609081,0.00210974730917213,1.66087439349808e-05,1.23454642890944e-07,0.803806112727995,3.21583616062508e-06,0.0945642300671866
3328,3599,0.103228916031408,0.174515902057113,8.61955643129568e-09,0.000105676456094667,0.696531740100887,3.4236022958769e-07,0.0256174143747123
3053,3359,0.208609372070726,0.153884200311921,8.99719797881054e-09,1.55900848519498e-05,0.632076326696904,8.45784153009157e-07,0.00541365605424579
9461,2043,0.133649682523123,0.0105243883610994,3.05472132354999e-07,2.7686828481099e-06,0.834157882112539,4.92211267348533e-06,0.0216600507355842
4636,6596,0.160993721847064,0.216757549823704,1.15853317308353e-08,9.92635770183226e-06,0.610407988688259,1.010785650454e-06,0.0118297909122892
7255,3960,0.347378218105225,0.0520932555340348,1.22711165775689e-05,0.00014281177268747,0.582662057833143,8.27708672283737e-05,0.0176286147711042
6773,4799,0.316358421887531,0.0487660570252719,6.83510726164515e-08,1.2724477536674e-05,0.624539902983439,2.89398277541634e-06,0.0103199312923731
6981,2282,0.331424640542494,0.0325350206115184,9.25646198233338e-07,5.89044127625975e-06,0.624425528942611,1.36639457799226e-05,0.0115943298701217
6290,6357,0.245841914208392,0.097844676913808,5.39819563826031e-07,1.25357939853652e-05,0.645795054782738,1.65378442589085e-06,0.0105036246970875
9390,5999,0.439716222537198,0.0116994479880853,4.07007198617608e-07,1.11273246204486e-05,0.496035218676753,6.38652014937659e-07,0.0525369378141295
7046,8396,0.161948472701665,0.293179182993927,7.24656472818601e-08,7.44881574352664e-05,0.518889584316502,1.16404696027966e-05,0.0258965588952207
8837,9356,0.150346377567268,0.0683387687339338,2.36804284715682e-06,9.38280898815009e-06,0.689335353316755,9.18330814128001e-06,0.0919585662220668
9802,8877,0.29510397916873,0.0294465303919479,0.000288919744736253,7.22795783047523e-05,0.636337621865966,0.000136992249558914,0.0386136770007562
9597,5880,0.402967922898879,0.129246063765762,9.63883980217452e-07,6.30171396042677e-05,0.370996751578357,5.38302486663197e-06,0.0967198977085511
9941,6000,0.445845532505402,0.0502862852310687,2.02743094627747e-06,9.05585770988245e-05,0.456130864108408,2.13408969640911e-06,0.0476425980573798
7808,1803,0.1901076436008,0.0699996277395491,8.64283865035936e-09,1.06594446992873e-06,0.73029275897881,1.03121829120413e-06,0.00959786387524093
8700,8397,0.192940002019115,0.013325888836555,1.66404365289526e-07,3.71242963174503e-07,0.721807714544618,3.58781775532805e-06,0.0719222691346281
8358,3721,0.332243695367288,0.0589904965941743,4.0518310397216e-07,3.47373533121971e-05,0.560041561043043,8.99393628786186e-07,0.0486882050654495
6566,5638,0.260205719004794,0.0984755503736344,6.00117697783871e-07,7.60987869809919e-06,0.622676499352678,1.9426920878921e-05,0.018614594351619
6150,9954,0.0695797317564551,0.421971186097492,2.7066490166445e-09,3.6140671273494e-06,0.49857791666897,4.2747392458359e-06,0.00986327396406043
7046,10314,0.0975723229591504,0.2273494185084,3.9660135234772e-08,9.42995933863019e-06,0.665797403561067,2.35998753253385e-06,0.00926902536437661
9046,5640,0.360966221840866,0.0781418821781184,2.22182822564264e-07,1.63470813382953e-05,0.531376908992288,7.26242027009213e-07,0.029497691482539
5118,6717,0.171273758405409,0.216335848427846,6.72448538698259e-08,4.35561583268193e-05,0.606092011787303,3.47583957888729e-06,0.00625128213668273
7667,7557,0.266231251747814,0.0328943770961714,2.52233335114808e-06,9.41272332111087e-07,0.663746905825728,8.81695666889456e-06,0.0371151847679347
6429,2761,0.274654421968794,0.00221312560482397,7.97779226939438e-08,2.53649957356415e-08,0.627604796528087,1.30503954377103e-07,0.0955274202514231
6152,5159,0.0963929662781698,0.102914375253344,3.23733556879863e-08,8.56157218564723e-06,0.755571875506735,2.14363158870246e-05,0.0450907527003225
9734,7078,0.102386995866681,0.00556876328479116,1.69485061384237e-08,7.46330173051919e-08,0.868620864500876,1.03151777405295e-06,0.0234222532483545
4636,7316,0.238606418124587,0.404758723100455,3.435292876967e-08,0.000480613558565896,0.338769912154708,6.94135242039092e-06,0.0173773573563342
6357,10074,0.160824305599978,0.293808096101644,6.65845355257332e-08,1.01424409593936e-05,0.53182154382965,9.63594968044654e-06,0.0135262094935526
6841,5399,0.106194853561753,0.105744689280458,1.43113833975155e-08,3.92328245591217e-06,0.766995109008483,5.1298916198637e-06,0.0210562806638467
8013,3841,0.300475013000511,0.0641475573744648,1.53151376559087e-05,3.9770479443741e-05,0.60866626956091,1.31491445983077e-05,0.0266429253024164
4842,6956,0.26615195202469,0.265733401916823,1.57809221271906e-07,3.12964464732011e-05,0.45258285247529,8.20744940223834e-06,0.0154921318780998
6980,3960,0.3055406737985,0.0903744033181336,4.90708702594631e-08,2.07348050602029e-05,0.592734117331162,6.11174750445801e-06,0.0113239099287699
5256,6717,0.195156000047752,0.242733222430781,8.01489924424335e-09,3.00442572913524e-05,0.550258137622092,2.21021213747746e-06,0.0118203774150472
8356,8277,0.0593841277152739,0.0574407043879687,1.171902499836e-08,1.01470373365856e-06,0.834997143519606,1.2041418721623e-06,0.0481757938125209
8841,2403,0.302630927542528,0.00111462616051798,3.26986724565202e-09,3.12566011374831e-07,0.687481950903899,2.98968274534309e-08,0.00877214966034943
5392,10313,0.122759754846981,0.433665130485073,9.53743772659405e-09,1.79152323068647e-05,0.430181867155861,9.00229620833386e-06,0.0133663204461316
9664,8877,0.211923311992858,0.0217669697432239,0.0351381756083363,7.60759772616098e-06,0.680496656473872,0.000549890845839423,0.0501173877381449
6428,6118,0.26245495127583,0.116705035787566,7.86163019898364e-07,8.07284501328571e-06,0.601869449778448,7.32543475871101e-06,0.0189543787153652
8152,1683,0.439203647427322,0.0857542973348351,1.42671956716752e-05,4.99445728037043e-05,0.454094839251545,0.000149779613240912,0.0207332246045821
2430,8993,0.293210767022206,0.301379362670813,5.53767533294981e-08,2.29941094538983e-05,0.401379704816179,1.05948078964605e-05,0.0039965211966989
4913,4439,0.0966537530802659,0.0809632601962255,1.15924157686063e-06,1.80062069953466e-06,0.788803053122417,3.76593358916326e-05,0.0335393144029235
4223,6596,0.191286720116535,0.164839533356001,1.10621160555264e-08,7.34292379573887e-06,0.635202342386198,2.46919527824688e-06,0.00866158096007687
7322,8875,0.0945816139590566,0.197161559518416,2.2985256500788e-08,8.04023245750242e-06,0.696013713206999,7.09263860765778e-06,0.0122279574592075
8083,2043,0.176404916543598,0.0607185035473964,5.31964186959101e-08,2.82150094622524e-06,0.752274181241082,7.26986386935292e-06,0.0105922541066887
5945,7436,0.107068241342079,0.2147302236149,1.85573569450437e-10,7.0367800701365e-06,0.675461636012314,9.60924915062671e-08,0.002732765972572
5532,6237,0.146429704063359,0.106067494444898,5.58851123379671e-09,5.63575544744721e-06,0.745551582643085,2.90122130802777e-07,0.00194528738256757
6288,9954,0.0552056041494737,0.418049601388494,1.56268209767432e-09,5.0091448279338e-06,0.516767815842011,4.15613222623317e-06,0.00996781178028499
5669,6717,0.169024082033579,0.229220174360247,1.14274318698063e-07,2.66025929732645e-05,0.594087323318997,1.0987936971465e-05,0.00763071548291375
4154,5997,0.243395860215294,0.301933004741371,8.10366541029492e-08,6.39730250493727e-05,0.43756118279701,1.03941123146046e-05,0.0170355040723079
5600,6837,0.197802040674355,0.145030490800661,3.42435378826335e-09,1.7530450452816e-05,0.651100331022641,1.46576763470675e-06,0.00604813785990218
5396,2161,0.260107315950646,0.0132986016770391,3.90170879478974e-08,4.53747758337599e-07,0.715338373751746,5.85493299573374e-07,0.0112546303624227
6566,4200,0.2941632064694,0.0518631229032371,1.3940921835613e-07,1.22778433929415e-05,0.619011089620146,4.65194443909225e-05,0.0349036443102145
3536,2280,0.239705279474646,0.172236719358694,6.3733520787134e-10,4.19520598185862e-06,0.574390261070838,4.44659071066265e-08,0.0136634997865982
6291,4439,0.344086483476881,0.0684372395952551,1.12612269724868e-06,3.55727232673685e-05,0.567419986901193,6.41998433295107e-06,0.0200131711963732
9596,6839,0.0813783334649021,0.0300878145047282,5.34405419757146e-08,8.50202855854543e-07,0.842769480778809,3.97368575135775e-05,0.0457237307506495
7598,7677,0.141470748860765,0.0169909027609465,6.9027294114381e-09,5.41456509418316e-07,0.807756628083133,9.06081836893156e-07,0.0337802658540799
8978,3841,0.260094801478829,0.11562063512023,5.19443553511847e-08,8.55018180114626e-05,0.59000289140604,1.31845030387714e-05,0.034182933729495
9113,8397,0.12337443021932,0.0179605795081813,1.00400223132176e-07,3.3141165872517e-07,0.792661736061181,2.27618566560874e-06,0.0660005462137702
8841,2642,0.310820657257782,0.102624977999781,1.16701936819346e-06,0.00014934040112473,0.566195465239644,4.34597499223599e-06,0.0202040461073074
6978,8036,0.199107598801992,0.296619701213629,4.64009281497898e-07,0.000122218313088868,0.479719258070264,5.72775334390201e-06,0.0244250318384008
8424,9835,0.182127875349065,0.00423130804422869,0.00020609149976946,2.53544783413005e-07,0.779873295611283,2.14055779335278e-07,0.0335609618950914
6839,9475,0.0871927559922696,0.382859241352194,6.63106158349485e-10,8.33789958197697e-06,0.519118363151204,7.08181194415691e-07,0.0108205927604492
9802,8637,0.241666638867494,0.0124763414181863,0.00113843007785236,1.4815763830966e-06,0.697009119750275,1.60935385379842e-05,0.0476918947712711
7324,3361,0.515284551701711,0.0529925804816818,1.29766969846092e-05,2.43962643664924e-05,0.419741586697714,7.51500372501962e-05,0.0118687581202916
5186,8994,0.216953905329884,0.409816326755027,8.67520282592703e-08,4.59648524831805e-05,0.362186261174297,6.30534733487431e-06,0.0109911497889459
3191,3359,0.147885907546045,0.272107579157539,3.39426751369392e-08,2.76068452055942e-05,0.569526033238217,9.87545856555403e-06,0.0104429638117522
9322,4920,0.33005112277163,0.279039506608962,2.32716730360826e-06,0.000157091068711948,0.384607007813969,6.41856083266459e-06,0.00613652600859004
6288,9474,0.0980337287113855,0.315538014663477,2.41390096604389e-09,3.23546901555591e-06,0.575993209504486,3.96519031513544e-06,0.0104278440474202
7115,8755,0.0699306205803011,0.333221899176268,2.10971132527903e-07,1.89221311535149e-05,0.578912901229558,1.65948969408664e-05,0.0178988510146461
7600,4560,0.48293228947237,0.196975105922431,0.00363845745964332,0.00348807097112313,0.261747955749113,0.00271341469468795,0.0485047057306316
6291,3241,0.226443615336214,0.00570308587334829,1.20660419357704e-07,4.07269822656295e-07,0.750810722044651,1.3826638196991e-06,0.0170406661517249
9526,9116,0.200129414825389,0.00783547185024108,1.886695165582e-05,2.02776001842604e-07,0.776509495592602,1.05738594213029e-06,0.0155054906181679
5395,4559,0.188992699504899,0.123167288760959,5.25322908237809e-08,5.45167758071422e-06,0.590698134519328,1.48333400661859e-05,0.0971215396648756
9804,5040,0.435173433265824,0.199201352640371,2.72833550431115e-07,1.85797857863778e-05,0.318013020265548,1.80315395268972e-06,0.0475915380549669
5533,4079,0.227828339531734,0.029704881507395,2.09360120840965e-09,1.41202995488965e-06,0.703174481905283,7.08204534191227e-07,0.039290174727498
6360,3360,0.245595204288489,0.00731586755143991,2.58681552070459e-07,4.65856957025082e-07,0.700879566524075,4.19156974394851e-06,0.0462044455277435
4429,7675,0.25917837367234,0.453575262423176,1.43344459352776e-08,0.000101915513286999,0.273279626227328,1.05014117072867e-05,0.0138543064177164
5324,8994,0.206392877982437,0.438372690404619,3.33447270343635e-08,0.000121178700840011,0.33616393594833,1.20890150654337e-05,0.0189371946039817
8425,7198,0.242575937440356,0.0191786654023218,1.44839693659612e-06,2.18966899772517e-05,0.666852516615858,7.62343993847885e-06,0.071361912014612
4775,4439,0.152686962034987,0.0916652199936513,7.02126651925834e-07,9.33127083846218e-06,0.723549539493667,3.73265568945819e-05,0.0320509185233095
6084,3360,0.213832284129574,0.0463807726592089,1.21156833999776e-07,1.09261539507684e-06,0.649930479759092,3.58987914677489e-05,0.0898193508884292
5807,6717,0.186595029147627,0.204100580383288,1.75222683554746e-08,4.28829179167051e-05,0.605040186655451,1.78269294149434e-06,0.00421952068050709
5464,4679,0.214550426701171,0.10728927236672,1.85891230958869e-06,5.1151350103264e-06,0.61480276326381,0.000105503860085512,0.0632450597608937
6842,4440,0.533800127063019,0.0160756995800452,1.01036055668878e-06,7.50466384253438e-06,0.428819067263485,2.26724419365184e-05,0.0212739186271143
8632,6598,0.132616338328119,0.0192397566793224,2.30810557099429e-07,1.99636230148984e-06,0.812513608196253,3.91746659797158e-06,0.0356241521568487
7530,5159,0.416013136940143,0.148827960834165,7.32623958794144e-05,0.000227062740543653,0.407061605923212,4.10818484252235e-05,0.0277558893176318
8082,3721,0.292239284051578,0.0267749079417346,8.39042840290544e-07,9.59687240558242e-06,0.657849345427111,2.52353295281213e-06,0.0231235031313777
9874,3003,0.228690059958417,0.0966701792781456,4.03462721532307e-07,6.95620696401253e-06,0.636620408922856,9.45770679612965e-05,0.0379174151029342
7255,5639,0.234722314803162,0.133197316101048,4.0524237084992e-08,3.68402251153608e-06,0.623982797237885,5.51035102438545e-07,0.00809329627605311
9527,7198,0.126059691286553,0.0674468514133637,3.35981298787873e-07,1.94034645379576e-06,0.762193170023333,5.62101119703984e-05,0.0442418008370268
7598,8636,0.224706919913839,0.115247732928799,5.96759431233246e-07,9.92338982730691e-06,0.643178073095935,1.15782176819794e-06,0.0168555960904005
5047,10433,0.113876667043563,0.421474625215817,2.78549565385695e-09,9.44809211459394e-06,0.452975534812026,1.11007312715182e-05,0.0116526213197119
6910,5758,0.142790948732321,0.138443552666422,6.72884558479369e-08,3.3165885585118e-06,0.686477305463075,9.39748622323554e-06,0.0322754117749449
6566,4679,0.294624104972539,0.0666913134652946,1.1688206548242e-07,3.76405856558383e-06,0.627337993665649,3.7421856523558e-06,0.0113389647702336
8772,2522,0.274947351940351,0.00179730096160758,2.0059180798452e-08,8.52901715201653e-07,0.691270752389003,1.71855553762745e-07,0.0319835498925884
8428,1923,0.289680084714264,0.0176603012989055,1.80346963730686e-06,4.88809245947457e-06,0.672540006673214,1.89704972355938e-05,0.0200939452542845
4497,8754,0.116124201622532,0.409647231323743,1.92193273815367e-09,1.19207876889895e-05,0.459647455063158,6.97904212684213e-06,0.0145622102388178
8632,6838,0.180534906952785,0.0174656502900608,1.79642505442887e-07,1.32269721168894e-06,0.766101427575941,1.31435691513113e-05,0.0358833692723448
4015,9114,0.0921917052082813,0.381454564631241,4.09023075043139e-09,7.3709286314407e-06,0.505481695038219,1.43205911447227e-06,0.0208632280442823
6563,10194,0.120409990500878,0.409824946409811,2.26766174443556e-07,3.61071973469987e-05,0.452400867460226,5.64551584099536e-05,0.0172714065071535
8218,6838,0.141540781840361,0.0691898339733508,2.06290078130172e-07,1.35468906186544e-05,0.759175894100672,3.16282661269717e-05,0.0300481086387923
6292,1562,0.421329603370664,0.0088719979488657,6.6272306449829e-07,1.54542205508267e-06,0.554096742684503,2.23873802277155e-06,0.0156972091128249
10079,5280,0.422765717918509,0.082317640447453,2.38592932655761e-07,1.41650990093799e-05,0.454139540111961,5.16701989492545e-07,0.0407621811281451
10078,9117,0.243505768254072,0.00136482103417152,2.6607126397538e-06,3.58649754692997e-07,0.724479764993167,8.38810674301844e-07,0.0306457875455206
6770,9355,0.114568792049406,0.41839937048085,1.94368906889825e-11,8.92496663422759e-06,0.463642601421607,1.33037039688875e-08,0.00338029775836303
7321,9595,0.21170983240069,0.19525187116032,4.42180056697612e-07,5.49047821121771e-06,0.570142593997995,1.90227942560032e-05,0.0228707469884711
3878,6956,0.230425222716607,0.206099067336645,3.90486648295875e-08,1.67596428589106e-05,0.552388725761512,5.06003453039058e-06,0.0110651254591823
6291,4200,0.322560000863698,0.0288920623609937,3.93693813614447e-07,4.71707738231099e-06,0.621863752580425,5.58880502016177e-06,0.0266734846186668
7254,7077,0.144662555359245,0.0547192386891653,9.14158108254847e-08,6.4698666351855e-06,0.776485909076206,1.77881319125007e-06,0.0241239567797469
6429,2042,0.310061216401881,0.0110690954810507,4.26949494551518e-07,2.11912513907224e-07,0.631119995239692,3.59276502234198e-06,0.0477454612503456
4362,3240,0.285015458505716,0.0376845802792891,4.30518682023742e-09,7.34973602170139e-07,0.615590532678484,1.91913910889804e-07,0.0617084973438108
2915,3359,0.1864973583937,0.188912440869289,1.84099244917967e-07,5.70475608525673e-06,0.620261575639689,6.0410915982735e-06,0.00431669515039437
3327,5517,0.221315801076256,0.136687718780575,3.39674178331183e-08,4.29007821296475e-06,0.605973451304754,1.34818433641871e-06,0.0360173566084479
8699,9595,0.0963498739641434,0.138304055697862,1.75421639510208e-06,5.81710653457744e-05,0.72346791234492,6.72314474015574e-06,0.0418115095665942
5599,9234,0.131612544867648,0.434878094387325,3.78119576214334e-10,1.52208480246371e-05,0.426888528273216,4.37707971364303e-07,0.00660517353769644
9530,1684,0.125892011667513,0.012750327384129,6.82958208146467e-08,1.18681369877909e-06,0.846345586105656,1.55573970641724e-06,0.0150092639934753
6427,6597,0.490796659976167,0.189610516489491,0.00291227650123657,0.000153360678222575,0.292478917589119,0.000870823799667662,0.0231774449660953
6911,4080,0.334198244151072,0.0567928095067201,1.55104714253558e-07,8.71434307062646e-06,0.598703504138328,3.79904020284803e-06,0.0102927737158929
6911,3121,0.330149408267138,0.0838984145734547,2.35225938050375e-07,1.56522113197435e-05,0.576865522449594,5.85806532038269e-06,0.00906490920723525
8358,2762,0.0280410282525591,0.00024755809927584,6.73094801845765e-10,1.01580754912904e-09,0.971558511933002,1.77104491205777e-08,0.000152882315811517
9803,7438,0.129217644719412,0.0263455724243972,1.4457640830514e-07,3.9338973367198e-06,0.803414532212548,3.15996535155396e-05,0.0409865725163824
4429,6237,0.217325422641098,0.0700719433380044,1.01587195922619e-08,4.18986536472496e-06,0.706928292580888,5.13359318765683e-07,0.00566962805660698
5740,3720,0.210811527168231,0.0147645696785532,2.98708790278119e-09,5.80790144428773e-07,0.731567846094435,1.10545133892026e-06,0.0428543678302095
7254,5878,0.285381566223375,0.278513670701082,3.7732254341717e-05,2.06575333297527e-05,0.411419078177602,1.64595425127587e-05,0.024610835567757
6288,9714,0.0726933746493857,0.426257097364436,1.08897881838243e-09,2.00334359968053e-06,0.489306525964358,1.63348946361271e-06,0.0117393640997778
6567,2282,0.36530096413602,0.0378085335698595,1.03038344309936e-05,5.40332406480152e-06,0.580914101902364,7.45855453598002e-05,0.015886107687901
6015,3960,0.221478691188656,0.00177146463342253,2.88799171719944e-08,1.86224905205113e-08,0.740255269640948,4.16059092936088e-07,0.0364941109754733
4911,8515,0.100801156121626,0.284403414571009,4.5932141337554e-09,1.47315046099776e-05,0.602096620678521,4.53731720072676e-06,0.0126795352138182
9044,9476,0.136216902952572,0.0214634767169902,2.27080253998822e-05,1.14954970792438e-05,0.794964866242572,0.000107002244156945,0.0472135483212298
9251,8397,0.14434794296192,0.0371358329645281,9.80899552472664e-07,2.98297840767381e-05,0.760893138726111,1.80260418639756e-05,0.0575742486219471
7047,8156,0.199196036822308,0.189912463942871,1.17049038121603e-08,6.77414348459186e-06,0.604106183063998,4.56650705750054e-07,0.00677807367172886
9116,3841,0.295764138990383,0.135852374882715,8.08192512628882e-08,3.45970861844484e-05,0.54448297469489,1.94898602887569e-06,0.0238638845405469
4086,4678,0.161308986528708,0.0252295144421481,7.21022635321053e-08,4.42143074956497e-07,0.797351276773735,5.55850161750092e-06,0.0161041495084537
8493,8756,0.176323870016441,0.207563215216793,5.45005197158225e-07,0.000100441184575301,0.58305688250268,0.000231602556683606,0.0327234435176303
4017,4558,0.0974935972014527,0.009953477939913,9.60409602893888e-10,1.0639366465057e-07,0.867397110714871,1.43031339566522e-07,0.0251555637583495
9736,3242,0.234792422767989,0.0724199156000298,7.0951528600863e-08,7.71743118834523e-05,0.689342136459257,1.53894767653219e-05,0.00335289043254684
4154,5757,0.262851511667714,0.2294657513976,8.43307339649961e-08,7.9148159647898e-05,0.488305207757445,3.46195748137696e-05,0.0192636771120462
9733,9236,0.233898127339497,0.013188508092304,6.46487797756311e-07,1.18293734474963e-07,0.723637469901476,2.20472156319147e-06,0.0292729251636281
9941,6479,0.277902462914289,0.0314529426730242,2.34096160474244e-08,6.51301418980954e-06,0.664368934992326,1.1172473021384e-06,0.0262680057492532
5878,2761,0.259812861285824,0.0129775853614367,2.64072380592303e-09,1.54740066171903e-07,0.711017735654867,1.31593003882303e-07,0.0161915287240784
8290,2163,0.218139108446613,0.017673944788463,8.55181455387886e-08,1.66088149877582e-06,0.750965303479478,5.77661133786143e-06,0.0132141202744635
8358,2522,0.160799028257595,0.00101920380820013,1.88511734390154e-08,3.63884123391864e-08,0.834117901527341,5.19670993300632e-07,0.00406329149628494
5739,5158,0.122084517959023,0.127222881521254,2.5183014388766e-08,3.29827501469018e-06,0.667165119511743,1.99318306593683e-05,0.0835042257192918
7325,2402,0.0704850687081653,0.0201204402114279,4.88720793131941e-10,1.60755206914574e-07,0.908245651396677,9.67285763267282e-08,0.00114858171122579
3880,2880,0.239312211565445,0.203701289665557,8.70946519666826e-07,5.76140356516962e-06,0.547052210135415,2.2638473914932e-06,0.00992539243610629
4083,9473,0.136160851618566,0.21537699663722,5.74792306336976e-10,7.31431629633531e-06,0.628528953974017,7.88862342015433e-07,0.0199250940167667
8148,9116,0.15322753076385,0.0322189523503927,0.00527275447211572,4.70073053196391e-05,0.77436991939851,6.05795160895959e-05,0.0348032561937228
9183,7558,0.129031402061248,0.0736863477598809,4.79166919881355e-07,3.31506509447646e-06,0.740943497374777,2.27795727136328e-05,0.0563121789993663
5325,5638,0.153695069679667,0.156835208747178,1.52008927419052e-07,1.01267335496178e-05,0.684472923166234,3.3379165504481e-05,0.00495314049893978
9389,7917,0.122475230956539,0.0684756878920543,5.81907103588397e-08,3.60770876233791e-06,0.748981423620394,1.36426496815527e-05,0.0600503489818588
9664,10075,0.377406838760567,0.101841308754418,6.21130689022804e-07,0.000153562708838319,0.472506178603705,1.10879352240015e-05,0.0480804021065592
9459,5640,0.4176200542346,0.101317294531305,2.68979214065637e-07,7.1811150533135e-05,0.444147931199423,1.05536397613942e-06,0.0368415845409487
8220,3241,0.113569418027162,0.00745860530346137,1.2197098765216e-08,3.36697303671925e-07,0.870427353633684,1.5316049596916e-06,0.00854274253633099
6012,9954,0.0797465171196198,0.453634262962051,1.17284111456165e-08,2.51096226981819e-06,0.442912465065999,2.00980199867424e-06,0.0237022223596504
9874,2763,0.24576686241247,0.166234133820249,2.33308636058282e-05,0.000116677726466495,0.581183447965359,5.57224737920311e-05,0.00661982473805711
4981,5038,0.379357269733604,0.0533947667072975,3.22190669117518e-07,6.61713642596424e-06,0.53515464245809,1.29223319579262e-05,0.0320734594419558
10011,5160,0.356229483797425,0.202361822085025,2.28775931778539e-07,0.00127115209979601,0.419430145032291,1.83968876196599e-06,0.0207053285207703
7528,10434,0.0787875528302661,0.0135816745152801,3.93960241618485e-08,3.56016867959654e-07,0.869750183682421,4.16529668352411e-07,0.0378797770294719
7738,3121,0.501155461577278,0.103480499441205,0.00120344307661777,0.000477276730211583,0.351710059826136,0.00146758592810913,0.0405056734204419
4773,8035,0.228679829787866,0.315488399277763,1.39897626221108e-08,6.19263260322392e-05,0.448832104457494,2.65454796207021e-06,0.00693507161312061
6567,1562,0.0831543057859273,0.0372043614058715,1.29619831270421e-08,7.58973166975382e-07,0.875287504452934,1.35058047212792e-06,0.00435170583964465
4498,7795,0.278103315652292,0.428729713121318,7.40244465710322e-08,9.66353177021607e-05,0.271053028428757,3.53174548930481e-06,0.0220137017099951
7255,3721,0.421049265498054,0.0209301122216029,1.60519505741278e-05,2.8679057858705e-05,0.551152384825192,2.85007842534147e-05,0.00679500566246397
7184,9834,0.107732334108414,0.282862918829187,1.10489385317398e-08,4.38762948488593e-06,0.590643753289522,2.07467140726697e-06,0.0187545204230459
5119,5038,0.305870867380103,0.0694419362656561,1.94111813933617e-06,7.6878794171601e-06,0.577409503379764,1.73140877442873e-05,0.0472507498891766
7739,1923,0.111762898756658,0.0672356762881418,1.15534042889376e-08,1.11190084002572e-06,0.805908927194892,4.23866046631074e-06,0.0150871356455971
8151,2882,0.0544472574464232,0.000263663092763746,3.40361172714032e-09,3.86025792568037e-09,0.944684095516351,1.16218807891251e-07,0.000604860461784743
7531,2762,0.101321881172724,0.0714823118133974,1.0870981064772e-08,7.64352551022996e-07,0.821458151942652,2.29472332800652e-06,0.00573458512436631
10010,6839,0.0703579502419635,0.00679333789382758,2.54539456806898e-08,7.93346908215986e-08,0.899377484722832,1.38191470428184e-06,0.0234697404380359
4428,8155,0.111492158077211,0.37190177679735,2.37284841991719e-09,1.45660185502255e-05,0.500095215832224,1.30031684818592e-05,0.0164832777333337
10288,2044,0.12687647361219,0.200633208487901,3.36949939329362e-06,0.000162256859927741,0.630874327326419,0.00150886060077529,0.0399415036133939
4016,6716,0.2258030472547,0.19645711963753,1.31043626512602e-07,3.39903741361866e-05,0.56812344802728,4.18034210932476e-06,0.00957808332061765
6361,1442,0.221111038278331,0.0375418514027399,1.75305419168154e-07,4.74254917043523e-06,0.727875154204074,6.95528109435297e-06,0.0134600829791713
6014,6837,0.106050029302765,0.0395888627780802,2.33383296084609e-10,1.67615028491372e-06,0.853893403040959,5.00224745203832e-08,0.000465978472053299
6980,3001,0.330096079867856,0.0283234727021169,1.42248642658588e-08,1.72725458290109e-06,0.636944607070796,2.94544812034097e-07,0.00463380433497151
9458,8757,0.168070242617206,0.0011156707508782,5.37809727569507e-06,5.46464257018338e-07,0.75771784006838,1.16656386158185e-06,0.073089155438141
5809,3840,0.140443692567731,0.0405560271911115,2.99859363686256e-08,1.4208464895801e-06,0.766931714275038,3.96813824800828e-06,0.0520631469954453
4841,10313,0.130814563543055,0.337994124045792,1.30650789051971e-09,6.85704723568414e-06,0.520016702812994,2.40924129352275e-06,0.0111653420031228
4982,3600,0.244155031888536,0.0129866175110003,4.167038936528e-09,1.31870228172428e-07,0.660413214403259,8.72030752888395e-08,0.0824449129568615
7807,3241,0.416685443774381,0.0488900536220817,0.000211236331883582,0.00100927916780061,0.50818884859463,0.000276749144881079,0.0247383893643426
8290,1923,0.223413889025178,0.0274910741334466,2.12055835934597e-07,1.41707008795507e-06,0.739591002990007,6.52595587137657e-06,0.00949587876957297
6151,8515,0.257446190625748,0.248337510704389,5.17263393815718e-07,1.03899258770772e-05,0.486402998539148,1.17583414496429e-05,0.00779063459999453
7461,6957,0.194590362231251,0.110276009399101,3.37590190405606e-09,1.39583129513792e-06,0.668735717691507,1.07562031727943e-07,0.0263964039089117
8494,6838,0.125094768273966,0.0160242100987049,6.66620426804124e-08,3.6417118745879e-07,0.836018789696276,4.32438634669508e-06,0.0228574767114757
4981,5278,0.434451069486616,0.108085099936864,2.56500905208424e-05,1.76628523393507e-05,0.452875394289334,0.000114916635282101,0.00443020670904388
6911,3600,0.319802664705671,0.0184171878199138,2.2656595190038e-08,1.62694903670675e-06,0.654890865004751,1.29453437503631e-06,0.00688633832965683
7322,7916,0.295109284841436,0.0205004011499233,3.09505922863279e-08,4.05917821567291e-06,0.651532358994513,1.25173805314137e-07,0.0328537397115149
9251,9356,0.147007942914408,0.0157151227754983,0.00617931558546684,8.30311626815508e-06,0.726526147032308,8.29343385809258e-05,0.10448023423747
9942,5520,0.378884838132031,0.0371496100084518,2.70174155080624e-06,2.5310530530722e-05,0.537332313424478,1.42176650628779e-06,0.0466038043964513
6012,9714,0.100897884472306,0.447337045014414,5.30031045611523e-09,1.50343340685487e-05,0.437638011437986,1.93145646954021e-06,0.0141100879844447
5667,10553,0.1317457528296,0.297351356742109,1.93058692899427e-10,4.60574398276346e-06,0.563483432639597,3.27627320692291e-07,0.0074145242243321
8839,6239,0.324439489443043,0.0552590342354862,2.46266155815483e-05,4.54948306490989e-05,0.567537894390996,1.56835666943333e-05,0.0526777769175498
3051,6236,0.340166358125043,0.0433162595536663,2.43250923152577e-08,2.24866268978417e-06,0.594784421022126,6.43817637476853e-07,0.021730044493745
9599,2043,0.139763539221674,0.022062776998194,4.9121976371146e-08,1.54810989396676e-06,0.82131621944869,4.72540591464284e-06,0.0168511416936567
5118,7915,0.241541916036594,0.411523446585719,1.59536598810814e-07,0.000168588983879346,0.326642710725492,4.62078411684081e-05,0.0200769702905487
3604,2400,0.238841705775459,0.0896291935001539,4.10774432932262e-10,9.3289029480469e-06,0.667272910614336,5.28061678028516e-08,0.0042468079901604
8427,2882,0.17379234899522,0.0134050471140184,5.06922423521451e-08,4.55530233217907e-07,0.808089197734423,1.28859148871955e-06,0.00471161134237374
4018,3120,0.229952163727807,0.314955056410799,3.52306434870669e-08,2.84971987201908e-05,0.437124706757278,0.000342803862299817,0.0175967368124527
6288,10194,0.188919043462819,0.279409270885145,8.31397576270717e-08,1.59617665239073e-05,0.513663021914767,1.10870529226714e-05,0.0179815317780651
8011,7917,0.00602246055439141,0.0265477715564083,7.27084547282956e-09,6.72670383188865e-07,0.940455986226719,2.19229553065458e-06,0.0269709094257223
8634,2522,0.226416543691244,0.00805748821462799,7.90629467615634e-08,6.19928220257418e-06,0.748567975694363,2.23531783633908e-06,0.0169494787367793
8288,4800,0.33872125566361,0.184877647502076,4.04665696236609e-06,7.83119437501476e-05,0.423824372853659,4.61948393287874e-06,0.0524897458960094
6841,4919,0.340203113513615,0.112929362392604,2.28976290124238e-07,3.96832328522766e-05,0.534145154880598,5.81029403725651e-05,0.0126243540636686
6703,5878,0.225207011478034,0.121985304521396,7.09853894043384e-07,6.46655057862801e-06,0.600805118082243,2.43815181010886e-06,0.0519929513620436
3260,2280,0.116304021438442,0.190948623095104,1.30650448353358e-08,1.34334252240101e-06,0.672284800976167,2.28500253090278e-06,0.0204589130801887
10081,3122,0.305861417278888,0.0222288089511909,2.4450720454768e-08,2.89693782993955e-06,0.662867276511325,1.31098714359847e-06,0.00903826488290214
5807,6477,0.164618099527244,0.232697596243888,1.89843986749937e-06,1.19403192789098e-06,0.591439100916004,4.5174275959166e-07,0.0112416590983087
9458,8037,0.183014512121866,0.130384177494306,7.02902673362839e-07,4.2271153648501e-05,0.619927446976251,0.000214726330735951,0.0664161630205186
4224,4438,0.0857098291098566,0.0365823826025079,5.33618277491382e-10,2.59848032432507e-07,0.876509692204224,4.83806074783197e-07,0.00119735189568644
8495,5399,0.303505874740503,0.122293751670303,2.47789264437043e-06,2.6028570398057e-05,0.537800290916518,2.0617232318625e-06,0.0363695144864016
8496,2043,0.12485712011474,0.00136924700330228,7.57447583298451e-08,2.08525706264012e-08,0.862569272074394,2.52507841053987e-07,0.0112040117023932
6428,5159,0.22208982930107,0.0499749373119557,5.48072652148239e-08,2.01240399156317e-06,0.703938956309524,3.85365192463352e-06,0.0239903562142688
6497,3840,0.328709628098091,0.0387202997587641,3.63739794247873e-07,3.90325800587285e-06,0.611763810623803,1.65018185623118e-05,0.0207854927029794
9045,8277,0.0937806096733886,0.0598451315716349,1.18435305803047e-08,9.01740635229452e-07,0.795582266529752,2.1752339704596e-06,0.0507889034070881
6495,8875,0.077987446483424,0.334357503016307,7.890788887571e-09,1.63065706546873e-05,0.571718018207992,2.79445767906006e-06,0.0159179233731537
10078,8637,0.453329052952276,0.0134678718108348,0.000264916330580119,1.62193704940201e-05,0.491549629787131,0.000170920420794786,0.0412013893278887
10216,7918,0.132971612756113,0.011242152229865,6.37319027391511e-08,9.01378462961004e-07,0.805031546924071,4.55764004682667e-06,0.0507491653395378
7392,7077,0.134551799289868,0.0896588513698352,6.53401813653622e-09,1.37422342298605e-06,0.747555430633964,5.67864588419825e-07,0.0282319700843038
4979,8635,0.130546594512617,0.369980251413787,1.55362630002182e-09,2.6445021965928e-05,0.487698427348925,3.4601636538909e-06,0.0117448199854247
7529,8276,0.301411114483086,0.114131504880026,5.8519363724394e-07,1.87912222069514e-05,0.559996613495735,7.30720117190372e-06,0.0244340835241377
6772,5998,0.274044345345891,0.074260601939094,9.80896676177106e-08,1.8363720256943e-05,0.61381917941533,2.53139071313509e-06,0.0378548800990473
3604,2640,0.201481298866065,0.151192694033528,1.52298930603322e-08,8.91001976280768e-06,0.636074425210802,3.11357371913785e-07,0.0112423452825774
8565,3601,0.221929217054347,0.00722275080921066,4.71744101653027e-10,2.28206043942302e-07,0.753181082446252,4.93968318422485e-08,0.0176666716155695
9803,6719,0.072173865869843,0.00517925697230285,5.07248030692217e-08,2.78135520047779e-07,0.890910891353752,2.17081099336969e-06,0.0317334861327859
3877,8634,0.0819780866275403,0.34469466421517,4.95289970116552e-09,3.83354055594187e-06,0.552742719713047,1.21594201821864e-06,0.0205794750087691
6567,2761,0.0808345800221363,0.00473845123841806,5.73152051850194e-11,5.20081774704968e-09,0.91304841622096,1.0151540322188e-08,0.00137853710881252
10218,2883,0.08317417076355,0.0344374033132601,3.59956036176673e-08,2.04488473334715e-06,0.868985201611282,1.18123228898133e-06,0.0133999621992817
9597,5640,0.348502987350542,0.197992422916669,4.85778082849725e-08,0.000133774111239098,0.401881368241251,1.27291180297711e-06,0.0514881258906882
8289,3841,0.39140718078268,0.0329841459835189,2.27164197872853e-06,3.8526443676028e-05,0.54197358183489,6.99526356792125e-06,0.0335872980496891
5049,7795,0.227207629392606,0.383024397415069,4.034010009789e-08,0.000144058831000091,0.374996987423418,1.76675973558971e-05,0.014609219000451
7873,8156,0.0777013686774591,0.02919474794703,3.43535337635606e-09,1.22580682585675e-07,0.8597295700937,1.89355770636465e-07,0.0333739979100046
5120,2401,0.328575997548158,0.0103275560940594,9.24264078281177e-08,2.30958562623366e-07,0.659722864993766,2.67544683077982e-07,0.00137299043436352
8152,2642,0.0537991505270322,0.000123091253448654,5.549040249892e-10,2.78494610335875e-10,0.94375954275052,4.62005570387982e-09,0.00231821001554456
6428,4679,0.318139936345557,0.0742228423353087,7.87325844343945e-08,1.00928512190804e-05,0.587082211313067,4.28206818475532e-06,0.0205405563540792
6980,2522,0.164124491335106,0.0254384912461302,1.16244001106309e-08,4.75976440187118e-07,0.802831122892359,9.63052552754171e-07,0.0076044438730118
8772,2283,0.315901892011979,0.0352674017379801,3.82426421241536e-07,2.78352194098019e-05,0.638517600092675,1.47325990115922e-05,0.0102701559125238
8837,10075,0.337917684228883,0.00254193212293147,5.34123290158592e-05,3.45366222942751e-07,0.604620484464947,8.39777904584023e-06,0.0548577437089537
9527,7678,0.114424013168067,0.041357427679271,5.9140264504546e-08,4.85259453995714e-07,0.792782449192195,1.45046950206514e-05,0.0514210608657281
4911,7795,0.197526816437873,0.393806277898671,3.9195617570739e-08,0.000241010809271656,0.395063850775349,1.23087028939165e-05,0.0133496961803238
4360,7076,0.285313832678374,0.255240652089269,2.35042229571397e-08,0.000199860556279889,0.44700171390105,2.18472884305787e-06,0.0122417325419612
7324,3840,0.33835317199264,0.0160395126285519,1.482126481057e-07,3.12781971339512e-06,0.641326578277648,6.00531772884771e-07,0.00427686053702502
7187,3601,0.405594046966079,0.029727753006863,1.75766315302441e-06,9.18766298824261e-06,0.556211232344568,1.6176223650711e-05,0.00843984613269736
8151,4320,0.343000347584368,0.0641467582310793,2.66668494135041e-06,0.000164460626326097,0.533941662246529,8.87816220224531e-07,0.0587432168105366
4361,5397,0.263297319064838,0.136615207849184,1.28839166534541e-07,8.79973004139964e-06,0.559408970333063,1.47566003215613e-05,0.0406548175833847
9668,2163,0.096471546149743,0.00843683795246832,2.34191026465358e-08,2.25789121459178e-07,0.887919488975864,1.29063148510713e-06,0.00717058708221566
5741,1802,0.246583263375083,0.0355174051474039,8.95726737310304e-08,9.15349253185596e-07,0.683745464393526,2.90201645325117e-06,0.0341499601456062
5810,1442,0.270838447188841,0.013871387663472,8.88934791307213e-09,1.77951307743069e-06,0.691278840574695,4.44497896673164e-07,0.0240090916726703
5326,5158,0.147636322452073,0.149909758480178,2.15343179138882e-08,3.82211480615425e-06,0.621080645247927,1.53733127905873e-05,0.0813540568579076
9114,6479,0.204203488070309,0.035953139231941,1.02872791112374e-06,2.1548366950698e-06,0.709848086421169,6.17691025297002e-06,0.049985925801722
9460,3242,0.389115835504923,0.0393136199632753,1.02504773546666e-06,8.92294169531546e-06,0.521483235730779,5.78042214597939e-06,0.0500715803894463
4911,7316,0.282309709415544,0.338312228006676,1.74764057756976e-08,0.000244824408050552,0.361205021788269,1.13998193106576e-05,0.0179167990857443
8910,2283,0.297115533228998,0.000777634657417442,8.01621914597156e-08,6.39980785035266e-07,0.700537947621598,2.87736285224086e-07,0.00156787661272463
7943,5879,0.291612059072401,0.112049815060179,1.03086333092673e-06,3.36002370607866e-05,0.542818164945499,5.14436346441843e-07,0.0534848153851839
8631,8037,0.0212260335380197,0.0592680571732095,7.00746843268917e-08,1.43570417417589e-06,0.881045941129928,2.09605318083385e-05,0.038437501848176
5877,5638,0.176648903652289,0.102168772628378,1.40376300708443e-07,3.60628560290957e-06,0.680545046338827,3.4130147779223e-06,0.040630117703825
9733,8517,0.134486351195853,0.010915581238308,0.00157923677970005,1.02755605704479e-06,0.790010685138467,1.32105448275892e-05,0.0629939075467877
7532,2042,0.110775062985639,0.0853475135410796,3.30942429130428e-09,7.43486933029806e-07,0.795039959378611,7.52832500756238e-07,0.00883596446581147
6290,6118,0.298255705581881,0.0667163101159191,1.16875317346866e-06,2.12591786056785e-05,0.615756701653098,4.10540693783425e-06,0.0192447493103848
7256,2761,0.191666651307031,0.0620223750059405,1.77465734481756e-08,1.15922155799971e-06,0.732952005952231,3.3916482112672e-06,0.013354399118455
4842,8155,0.231598487035883,0.458859396798606,3.24280070423552e-08,0.000259240632097336,0.286172918197449,1.85357137070215e-05,0.0230913891942515
8358,3242,0.120021407893795,0.00503705081583394,2.35560528894833e-09,8.77244572011098e-08,0.859469642970438,1.81040555440456e-07,0.0154716271993151
7460,7197,0.0483606464462932,0.0127521086942338,3.87095674789588e-09,5.19176043331831e-08,0.929635792722834,3.79242083086227e-08,0.00925135842386997
3258,5637,0.312941763766811,0.116274674312402,6.35511351737284e-07,0.000123632326333567,0.477528217237026,1.7474126946576e-05,0.0931136027191297
5599,9714,0.126560781128972,0.402529485052878,4.32944967486797e-10,6.68908005566934e-06,0.466090539804847,2.21175275883057e-07,0.00481228332502612
9320,8517,0.166859530900857,0.0232056818024402,1.17678030677202e-05,3.65372533884226e-06,0.739203779427796,2.96355952369873e-05,0.0706859507452627
5875,9234,0.137270954467271,0.443289537772374,1.71844681701421e-09,4.40461592454772e-06,0.413926199890339,7.55858371131493e-07,0.00550814567727299
5670,5518,0.16287168099661,0.135441547997077,1.14024783340738e-08,2.98077384602476e-06,0.659652306244755,8.22931239491738e-06,0.0420232432728388
4499,3959,0.279646342188902,0.00909645812859972,4.40377133841969e-10,3.68411931667896e-06,0.690041487078815,6.25052511822634e-08,0.0212119655387376
3329,3119,0.0728061240447519,0.0180342662792081,8.59428281320975e-10,4.42618504959453e-08,0.90752262940393,1.19746743806625e-07,0.0016368154040879
8218,7797,0.0370273058199309,0.0235629764439858,8.03620958641186e-09,1.25072759166671e-07,0.911495195464638,1.01838598475231e-06,0.0279133707764923
10009,8038,0.0899170615513496,0.0113379419007389,1.87590330581896e-08,1.37206787632442e-07,0.832627281941661,9.68711254535139e-07,0.0661165899291749
5876,7796,0.295291211125141,0.225291571485602,4.37047941424601e-08,5.23446630963062e-05,0.472701974699867,2.89720473341217e-06,0.00665995711676523
9184,5160,0.448606953755058,0.191338665360063,3.40319767733187e-07,0.000125902885603331,0.293218877477873,9.98603799295025e-07,0.0667082615978362
5807,7436,0.132716672815324,0.290949314645961,6.98329395883418e-10,2.81632937941376e-05,0.569553198708293,2.3348749939582e-06,0.00675031496330353
6289,7556,0.156660415821043,0.160980899419724,1.37725784049022e-07,7.40973809098445e-06,0.675310435930939,1.28721348876261e-05,0.00702782922953139
7186,4560,0.389122592958912,0.28277269157197,0.0107085717424328,0.00086848794958659,0.289033297479547,0.00117026702127317,0.0263240912762786
5669,7916,0.260372643020495,0.375546759099911,1.83759014987898e-08,0.000125945920913382,0.348946880700349,5.16856044707894e-06,0.0150025843219841
7118,2522,0.0672590759294203,0.0322827258450687,4.00737669544834e-10,2.0678421924361e-07,0.891210530362995,3.12472118486573e-07,0.00924714820544067
9389,9356,0.18647184997564,0.00779233729553401,0.000427338383185635,8.98383842036425e-08,0.712978591263169,9.16505296107602e-06,0.0923206281911262
5533,4559,0.127305943097839,0.125039759039056,1.34093392948422e-07,6.05108407970138e-06,0.679164848087803,1.67867457375915e-05,0.0684664778520915
3533,8034,0.162909059151972,0.51598526913256,1.73396608913045e-08,3.76772385542905e-05,0.304357813889264,1.32019434003336e-06,0.0167088430536489
7737,4800,0.331804161871839,0.00847671114736345,3.05510056074386e-07,1.9804833901217e-06,0.656177797829669,1.04187520133992e-06,0.00353800128248121
9252,7438,0.141835725822565,0.0982751880294124,2.93690514456311e-07,5.67004957268242e-06,0.704045879139766,4.093953417495e-05,0.0557963037339944
7460,8876,0.122381141466506,0.235904510723645,9.06234415959712e-09,4.83325222907843e-06,0.625763395823124,9.08225656750394e-06,0.0159370274155839
6705,1802,0.218127005651663,0.0136387017141746,9.61777690009758e-09,2.95815699219449e-07,0.764364222547567,4.61042408828935e-07,0.00386930361071062
8220,2762,0.113595747682707,0.00058049108114337,6.15753533182695e-08,4.68853860153142e-08,0.882886900213147,1.15145769326556e-07,0.00293663741649455
8909,3242,0.23659361185459,0.0890052822010297,3.47559767641283e-07,5.84959798246256e-06,0.646618431828544,2.11244136884636e-05,0.0277553525443978
5324,7796,0.221877569089673,0.435349028271448,2.20193840642656e-08,0.000190187636180138,0.318560317327588,2.20551849259905e-05,0.0240008204708009
6428,5398,0.253985225688737,0.0886080302673134,2.44680371409607e-08,1.33809355376262e-05,0.637330907918712,1.9617357814134e-06,0.0200604689858816
8564,4800,0.489948401829294,0.0191312239670513,1.04255815665859e-06,8.13613898467504e-06,0.45983032363004,2.72291083624741e-06,0.0310781489656374
4772,10193,0.118057171419034,0.431576048756863,3.79671146339449e-09,1.9674285116744e-05,0.444381191698718,3.135611793719e-05,0.0059345539256193
3878,7195,0.320485743927145,0.280084919058422,4.18696052368345e-07,0.000183472300400554,0.383028282989913,5.2102368422011e-05,0.0161650606596461
4292,5278,0.191304725018205,0.144886235244827,1.07368150903847e-08,4.15392611622328e-06,0.608714501516192,3.42454078040392e-06,0.0550869490170642
8220,3002,0.201530142302331,0.00638252542333846,1.62059988318314e-07,1.05901108557505e-06,0.784075644765216,1.00213344303678e-06,0.00800946430459797
5741,1562,0.271213506483159,0.0106967500685307,7.56535655633837e-08,2.12366676730413e-06,0.705683345764028,1.97887515682113e-06,0.0124022194887922
8217,9236,0.161342884782373,0.00434923166366667,0.0234983052187566,2.32358580241378e-08,0.763707604798265,2.41342854346147e-06,0.0470995368725371
5325,6117,0.121440463906429,0.180989952292247,5.14863330711238e-08,2.82806205425697e-06,0.696669789531944,2.61574773239848e-07,0.000896653146219865
4291,8155,0.0759542165877287,0.372573362747296,6.8070471476386e-10,6.16864859630555e-06,0.54279795912677,1.89528490830025e-06,0.00866639692399601
7391,7317,0.0676620127920359,0.00306529410744527,1.28915997123159e-09,9.5778927895488e-08,0.914328221356538,2.80939946366886e-08,0.0149443465818982
9322,3722,0.384436285973208,0.124509695325831,6.50692108594907e-07,5.49850037763049e-05,0.467984852088751,1.20582811994564e-06,0.0230123250882045
9391,3841,0.261256952397979,0.0864031652226507,6.82445376440034e-06,0.000194038121413231,0.644656047007531,1.50188507614033e-05,0.00746795394590036
3602,7195,0.206746443111032,0.206142000725713,1.28225723429896e-08,1.0926822423557e-05,0.571939226867122,3.22408866095388e-06,0.0151581655624763
8633,4440,0.393013013173967,0.142483751253822,5.80557121067821e-05,0.000668788017911561,0.440672284312763,5.85567561713507e-05,0.0230455507732585
8082,4440,0.320449235557769,0.144523444608445,6.79322682920988e-06,6.92159519050871e-05,0.497390683022404,2.3127377359424e-06,0.0375583148949113
3880,3359,0.214346540103757,0.10962157329077,1.54540810731964e-09,2.02447102838952e-06,0.67600104735678,9.08244911584567e-08,2.87224077653332e-05
4913,3240,0.0809187883139127,6.4675343814757e-05,9.970197371134e-11,1.38375022920879e-10,0.919004106845152,2.88527725482749e-10,1.24289705157251e-05
8700,7677,0.0481502628931654,0.189205546101772,2.32621700849267e-07,1.37675430640677e-05,0.716273072349401,0.000340646660651395,0.046016471830245
5877,4919,0.283340863160134,0.0975056199161237,1.15845667884914e-06,1.97320278197439e-05,0.550732255493788,8.0474085015654e-05,0.0683198968604404
4155,4558,0.0252165197821908,0.00808466411514364,5.79002577404915e-11,4.3340473909352e-09,0.955370737335882,1.16162318800036e-07,0.0113279582125171
5737,9714,0.12217276300488,0.404673692377186,1.74967448194759e-10,1.3891767054701e-05,0.461704766021906,3.29326365191743e-07,0.0114345573276398
8839,5759,0.31868787377556,0.0730215681258056,1.34000447692757e-06,5.82012942293496e-05,0.555743119848152,7.21444402058896e-07,0.0524871755073738
7322,8396,0.210000855298288,0.0774678830666686,3.69492717885373e-07,1.16206892055213e-05,0.685565554693277,2.59417910656333e-06,0.0269511225807359
3327,6476,0.291114642879415,0.0689976592314476,7.83539603027270e-09,1.32329737448085e-06,0.623844490110578,2.09714474831772e-07,0.016041666931315
4775,3000,0.203092863952204,0.000274901003859254,5.92445173197749e-10,3.07454736304157e-09,0.793408345625496,2.4988041572889e-09,0.00322388325264479
6151,8755,0.053673763823619,0.339075004806803,1.23096330048981e-10,2.05839692765311e-06,0.597595034141424,7.24081100854618e-07,0.00965341462702919
4498,5877,0.201576812259352,0.178892504676867,2.29488268364264e-08,3.79448742622324e-06,0.610178458595511,1.88355872253755e-06,0.00934652347329456
4497,9234,0.0730740426894377,0.389267571203992,4.26232393565817e-10,1.62799109251635e-05,0.525168627341943,2.30425784911323e-06,0.0124711741696209
6703,6118,0.303056548575146,0.105575135230714,1.78052512936581e-05,5.696914197968e-05,0.500834450937968,2.39400746275792e-05,0.0904351507882716
3536,2040,0.164528360830414,0.19349461074845,7.07947451850517e-09,7.08770959680951e-06,0.618093420922806,7.97421542265503e-06,0.0238685384938367
5670,5758,0.178346569203179,0.110272921992782,2.51918482137956e-06,7.38235474317804e-06,0.684864861679217,7.18319593035677e-06,0.0264985623893273
10148,5880,0.459643797538274,0.0506618154520148,3.43901094689495e-05,3.95852827625614e-05,0.434695042629495,1.42727168126342e-05,0.0549110962711724
5944,9594,0.134615050089472,0.399910771936584,2.63054262042011e-10,7.78514019568896e-06,0.46344313596951,1.88194405167325e-07,0.00202306840677904
8355,9715,0.179968361123193,0.0181050878963491,0.0423192232226582,3.7286022325637e-06,0.71179936612027,2.60056443551722e-05,0.0477782273909414
3879,4558,0.0176554866523837,0.00718948637853125,4.4010152224754e-11,2.13520838240442e-08,0.975054624082457,6.02946182058042e-08,0.000100321195916072
5255,7915,0.255889610782906,0.371139198266296,1.40546607089322e-07,0.000180338054804336,0.358217180694461,2.30810531073769e-05,0.0145504506018188
7669,3241,0.39548141740028,0.0881212841071243,1.97662986432117e-05,0.000252532260279084,0.492462412331769,0.000146587377531908,0.0235160002243722
5464,3720,0.290264081126046,0.0343374593633827,9.87950750096124e-08,3.81285920289238e-06,0.66723169212649,1.04504809252316e-06,0.00816181068171064
8769,9236,0.128468687668691,0.0618383118677995,3.21630791028837e-07,2.36522366531729e-05,0.784586931111854,4.48910198275691e-05,0.0250372044643837
4498,6836,0.21870705805799,0.228479840199085,2.08543675152216e-09,1.83152500095517e-05,0.542690497622457,9.54284673391042e-07,0.0101033325003479
9391,3602,0.33697628285194,0.0787136460416944,1.9088144345781e-07,0.000183113922199284,0.562346532845982,4.49413371595849e-06,0.0217757393230258
6152,6597,0.211807465442155,0.177973768614339,4.08654904872443e-07,4.63053453118035e-05,0.598559380441939,9.9566585760976e-06,0.0116027148427741
4016,7196,0.287589142958263,0.341080169483347,1.33233106330529e-06,0.000208937753916515,0.359651554631466,4.46416031488894e-05,0.0114242212387948
7807,2522,0.374019498972122,0.0383378337060275,7.36330448492627e-08,2.05468079479855e-05,0.572471644092991,2.18328733622218e-05,0.0151285699145049
2846,3239,0.450777918714287,0.124491641460908,9.12731533457309e-06,2.01214919644437e-05,0.407354484924975,0.000105083434666154,0.0172416226578643
7118,2761,0.276900688151729,0.0400697223519828,1.55221202085644e-08,3.28648472345016e-06,0.675713356530919,4.31288670412802e-06,0.0073086180718214
8838,7677,0.0986708073730895,0.156606342779625,7.9560439577973e-08,8.91082558155372e-06,0.703184806669284,8.11739748462486e-05,0.0414478788171342
3397,3239,0.112865732076796,0.057749527291204,7.15852395699248e-10,1.31492799841881e-06,0.826224763192497,8.46703298500501e-08,0.00315857712532301
8700,7917,0.0074949375408073,0.128992305712479,1.23688658362027e-08,3.52825109223626e-06,0.822539367626119,2.77739411091578e-05,0.0409420745595267
3674,1801,0.155037651334688,0.120795725954807,3.44951700716099e-10,3.80778892881132e-06,0.723062319341113,4.31844071597108e-08,0.00110045205110314
5395,3120,0.297787070703727,0.0192354697658454,2.70323456266957e-08,1.97931852213333e-06,0.659054754241345,3.01160715000988e-06,0.0239176873310656
6358,6477,0.561053094061514,0.0943787568893852,0.000117174556440045,0.000336084534973919,0.332509108457084,0.000296380404900706,0.0113094010957022
3121,4198,0.193950925430368,0.0844080245210635,1.48228824568991e-08,3.52527806391683e-06,0.712167593088701,4.30503845329203e-06,0.00946561182046798
10081,2163,0.0915538911756586,0.0474228739706773,1.91816839926456e-07,2.29793321452044e-06,0.81169912096092,2.59396562838292e-05,0.0492956844864062
9254,3602,0.317750309688296,0.0680666139538193,8.87575649983771e-08,1.58337278146851e-05,0.576629377751539,1.78757915536201e-06,0.0375359885418104
9184,5879,0.340016140806105,0.011890336825688,1.62356257270351e-07,1.27747166564436e-05,0.607043973236371,1.72408277858326e-06,0.0410348879761433
7118,2042,0.300357110493745,0.0281696445625257,1.95240705439834e-07,2.83064831493428e-06,0.66194441488319,1.14201437635059e-05,0.00951438402775458
7804,8516,0.141084326675101,0.0196079057595218,6.23131099344294e-08,3.07185280446635e-06,0.802400064308107,7.831693236318e-07,0.0369037859220318
7118,3960,0.39588921771953,0.0227697164079793,1.49368251458193e-07,1.61502116946948e-05,0.57524199272542,1.90879236005139e-06,0.00608086477476448
9459,6839,0.10411713561584,0.0216116964634114,1.8998763342656e-07,1.59780223960893e-06,0.840974897421731,1.62241784055247e-05,0.0332782585307385
8634,1803,0.270334191807937,0.00965100709430915,1.82056304547734e-07,5.3875539396927e-07,0.710726375284191,1.7362142728476e-06,0.00928596878759114
7187,2162,0.200202678016162,0.0360173591977006,4.47832154988753e-09,8.80570380813557e-07,0.753726379336623,1.23860541068185e-06,0.0100514597954018
3809,6596,0.229654773687643,0.134078720226956,5.05178951160212e-10,5.16954300157018e-06,0.603065613125355,9.67156446642228e-08,0.0331956261962204
6704,3241,0.382372443403608,0.0257425859930853,1.04534127602263e-06,6.91607308790941e-06,0.57759722358428,6.31606164532329e-06,0.0142734695430175
5530,10073,0.0763487240390687,0.469799671859184,3.22501007734956e-10,1.03118894305836e-05,0.443422489026021,2.59210770973751e-06,0.0104162107560854
6498,2881,0.223863700428284,0.0182917729369199,4.18168047257474e-07,3.35884258934765e-06,0.711950643530129,1.19102930229894e-05,0.0458781958010077
9530,2163,0.208793730424051,0.0103305881698371,5.19327490660257e-07,2.89123000921888e-07,0.770934217750902,3.12268718289421e-06,0.009937532517536
9320,8037,0.175335122099459,0.0905895968844504,2.67640239481785e-07,7.88783322989631e-06,0.698067582216402,0.000205719356122256,0.0357938239700974
6291,3480,0.257397373582636,0.00772124551526216,1.15754477376943e-06,1.08770221432078e-06,0.669558460276822,9.90089851990063e-06,0.0653107744797723
8011,8157,0.0286762184490149,0.0511803027819435,4.6359960933651e-09,3.38980903796968e-07,0.892167663611784,1.19118819227197e-06,0.0279742803521655
8220,3961,0.280601406246162,0.179142902198315,1.15356877324285e-06,0.000457251212069824,0.523534968258099,4.31873607829598e-06,0.0162579997805028
7392,6838,0.238212419296109,0.0606524974857137,1.60380321834938e-09,2.79246829077571e-06,0.678831247493396,3.7606008616423e-08,0.0223010040466782
6911,4560,0.491785528585293,0.0288496727666383,1.36017827396419e-06,8.72094754786664e-06,0.459061267147782,1.71700042365112e-05,0.0202762803702278
9457,9716,0.285770528762038,0.0321346211088669,1.34057400342272e-05,1.17241359017541e-05,0.62656678381364,6.79741651185773e-06,0.0554961390230073
8562,7917,0.016567694063701,0.0550861903272483,1.10775994009845e-08,5.91559449537143e-07,0.893441167809337,7.14870191711966e-06,0.034897196460747
10012,3242,0.268398407316541,0.125425784202502,3.59519375436033e-06,8.50139019464584e-05,0.576789912511123,0.000125836802597393,0.0291714500715348
8218,7317,0.128050743961969,0.104164712334803,2.27056163629686e-07,4.8820634279114e-06,0.731834283809348,3.33263579766919e-05,0.0359118244163117
9319,9955,0.267945274622369,0.0354807883358018,7.37575814607716e-07,4.19825793201625e-06,0.639408073929971,2.03255151732272e-06,0.0571588947265944
6842,3720,0.308614859812242,0.0349899791395666,2.56274660645981e-08,4.26121273537114e-06,0.652211697804903,1.53444868813915e-06,0.00417764195439909
6843,1562,0.114954800989794,0.0285708179021079,1.69489501719936e-08,4.83185488141775e-07,0.848263736654333,2.40647020211934e-06,0.00820773784912531
4497,9474,0.0821498817546563,0.310636449897262,1.58150686093101e-09,2.51216963317051e-06,0.594032330678083,2.91632742258641e-06,0.0131759075914358
5946,4559,0.343659101761888,0.0181600084683242,4.33622051354813e-07,1.36888183787339e-06,0.600082207704242,1.38533391150546e-06,0.0380954942277444
6981,2042,0.37346027616177,0.0466949804373986,1.81990312711204e-06,4.1559540191687e-06,0.561683654622521,1.93554270719936e-05,0.0181357574940915
3811,2041,0.3690521183435,0.0868454011815518,3.85986488179392e-09,9.14739630655222e-06,0.512940020131743,5.45687043791175e-08,0.0311532545183297
3604,2880,0.191583549640401,0.149497961321112,4.48584899345459e-09,2.63730276722765e-06,0.65118183645961,9.29517835174392e-08,0.00773391783847733
8083,1563,0.287902718754574,0.125513042484206,1.04007317982346e-06,4.43323682802554e-05,0.559930798030934,2.73740997378046e-05,0.026580694189089
3189,5757,0.311952425920967,0.0295106018534639,1.28818028156441e-08,1.1988635453169e-06,0.653501029124089,1.27680571292312e-07,0.00503460367556108
3398,2999,0.056841470983437,0.0121826135500718,1.6574947934248e-10,8.61024477824042e-08,0.929988947051766,3.93438659673812e-08,0.000986842802661765
8220,4440,0.311447127230565,0.262873034369874,2.75275645049448e-05,0.000245255437057304,0.385519703163268,5.73358149621242e-05,0.0398300164197684
7670,2042,0.142610900051294,0.111107901194568,3.4501943794376e-08,1.35716545633473e-06,0.731116977664215,4.15067182500038e-06,0.0151586787506979
5669,7436,0.166297106602333,0.252218618649149,6.95508013766965e-10,1.78173299546183e-05,0.574118231522749,5.89060563611849e-07,0.00734763613974322
5671,4079,0.19342906930779,0.0100444924044885,6.13679291367172e-08,2.20089271347664e-07,0.768320537677219,7.82084064468909e-07,0.0282048370692373
10147,7558,0.0451884144266589,0.0326518401005981,1.17545064715284e-08,4.86504133113528e-07,0.859311672851348,6.49796845617374e-06,0.062841076394299
5186,9474,0.176987197326575,0.420854921746457,3.37452805333935e-09,4.06338727209764e-05,0.389996185262795,2.04094544238718e-06,0.0121190174714813
4912,5158,0.407675149872031,0.0895208595135236,4.54043372636564e-06,8.93623563665191e-05,0.493991960489474,2.42431752770598e-05,0.0086938841596022
9254,2643,0.154821195062807,0.015847804884354,4.06367693845911e-07,1.53413582635367e-06,0.807229097085817,1.66816171570328e-05,0.0220832808463444
5944,7676,0.255950638469986,0.272479162548634,5.52297248019857e-08,8.69050261278364e-05,0.456542254414533,1.08729751061036e-05,0.0149301113358886
6635,3840,0.390337005375553,0.0261367900177495,1.22016987913581e-06,2.56045029530448e-06,0.570524254163286,9.8964266637537e-06,0.0129882733965734
7255,5399,0.162209654966051,0.275808758560715,7.05619588628007e-09,1.22221137690353e-05,0.548962180377568,3.40838503919764e-07,0.0130068360871976
9871,9716,0.441575622259678,0.0196365381515844,3.71843958702674e-05,1.08224190353307e-05,0.483640992140734,8.41926955425433e-06,0.0550904213635445
2915,3119,0.303658413164936,0.060446857706981,4.05378422310727e-08,1.47962295549316e-06,0.628605848233933,9.95312840299209e-07,0.00728636542051214
5257,5518,0.188133671490405,0.0667705500477231,2.56687892670626e-08,1.74449655245071e-06,0.738978991615309,1.25690156895611e-06,0.00611375977965288
8151,3122,0.154251594564515,0.00493594014961254,1.31121254851259e-07,6.45072531449008e-07,0.826086491123115,6.10738127208166e-06,0.0147190905876989
5739,5878,0.11453760254338,0.0550701039610651,1.45014852398731e-07,1.53712209890966e-06,0.825991880867823,5.91766086533907e-07,0.00439813872469336
8771,3721,0.34402924200165,0.0218945444721576,1.04277819690015e-08,1.28292591167389e-05,0.584609378491094,1.50841612516044e-07,0.0494538445065872
5533,3840,0.368384952869817,0.0219334972389456,5.43749524582384e-08,2.30695199871674e-06,0.587016518989974,5.02559551427731e-06,0.0226576439787973
8219,4920,0.350210928538418,0.156141488997272,1.61049227796902e-05,0.000122868002124351,0.445975727286907,5.18660321067531e-06,0.0475276956492877
5739,6117,0.154170444283868,0.039332552323712,1.25397558799432e-08,7.09935983301213e-07,0.806263158935597,6.19092250109502e-08,0.000233060071858419
4293,2400,0.241120390144671,0.220491344048315,1.57550813946358e-07,9.24680437020774e-05,0.503909573582057,1.65270392392103e-05,0.0343695395912017
8701,7198,0.0524300552268547,0.0473470392161182,1.61112682152946e-07,1.30237005203233e-06,0.846305415403219,2.8028852441595e-05,0.0538879978186324
5118,7676,0.262003650055789,0.367571413922807,1.99767793518207e-07,0.000176229260395531,0.350989017764037,2.26193282631776e-05,0.0192368699009152
7530,5879,0.261406233112308,0.119444604821613,8.24140316065996e-08,5.26989164300604e-05,0.59431427881152,2.57152771209352e-06,0.0247795303963844
9872,6359,0.28257172625188,0.0266387526853259,2.47189230239708e-08,1.1897514831993e-05,0.662985047717723,9.12636586205758e-07,0.0277916384747299
4222,7076,0.273872145417213,0.37436021005106,1.29653688339288e-08,9.04411536916692e-05,0.329835393691117,1.21621932699312e-05,0.0218296345282799
4497,9953,0.177558906896763,0.170263575513712,8.48579500489909e-09,1.00349707080555e-05,0.650402275387732,3.8674516629977e-06,0.00176133129362672
9735,5640,0.393365269679754,0.0688240486487873,8.2978417036152e-08,4.05841351147798e-05,0.504650616724588,6.37903396075669e-07,0.0331187599299437
7872,10075,0.144818576309828,0.00159723283167645,4.68244222026529e-05,1.54309229645089e-07,0.739835997741228,2.14890752868466e-06,0.113699065478306
3809,6117,0.259477239448279,0.162330274960033,3.37423271276702e-08,1.33495101587726e-05,0.562496190117805,5.02225468351278e-06,0.0156778899667129
4842,7675,0.224196228973114,0.375704563390286,3.86684987381998e-08,0.00012206110429086,0.383110134149197,4.26028510091271e-06,0.0168627134295123
3810,4198,0.0887779239769361,0.147179934817555,6.38330011113007e-11,3.77745801108396e-07,0.76376821177148,5.81665910789122e-09,0.000273545807736126
8151,4800,0.309206469561181,0.1801740935555,2.158779790788e-06,6.77300680149291e-05,0.470439545972161,1.23171129255891e-06,0.0401087703520593
6841,5878,0.183011470053194,0.0953572196368078,1.55194615191243e-07,6.98939220411605e-06,0.664726087844817,5.94754862701266e-06,0.0568921303297354
4776,2521,0.184627471939081,0.0146489305499084,4.30157363819406e-09,1.80532357653361e-07,0.795763695432415,2.6666024741424e-07,0.00495945058441647
6839,8995,0.0361289852978875,0.357161684564417,3.30576377192527e-10,1.74941305893811e-06,0.59436598677958,2.81245893369894e-07,0.0123413123685869
3810,5877,0.231267272173666,0.192821290671003,6.15561485193625e-08,2.89825790161513e-05,0.563512027896708,2.16714057101109e-05,0.0123486937177484
3534,4918,0.286991130841151,0.0527023982448204,3.57548515850453e-07,2.72045085535466e-06,0.642308557921072,5.06646953468931e-06,0.0179897685240515
6015,4679,0.378742640305495,0.0373569589816374,7.94759415534309e-06,2.18464404546695e-06,0.552217275829891,1.98292719324758e-05,0.0316531633728439
8633,4680,0.43035156036873,0.203154464058589,0.000196662008690536,0.000573955262200639,0.322397872747531,0.000158668746261116,0.0431668168079977
3880,2640,0.161977303103582,0.069776830919397,1.40871569663902e-09,8.32374926282539e-08,0.762177813909302,1.55643564579212e-08,0.00606795185715447
8289,4320,0.337049654757954,0.113165146062787,8.22108206294391e-07,0.000273677136400502,0.536631193707509,2.71004063964311e-06,0.0128767961865039
6426,8515,0.123718534000919,0.43442947167637,2.64109148355619e-10,3.93157156788445e-06,0.440245502258212,3.19872681596977e-08,0.0016025282415538
8492,10195,0.0819397595321797,6.16264127324023e-06,1.3051068814494e-07,2.451773997951e-10,0.826322857050762,5.02092615024725e-09,0.0917310849989936
7600,3121,0.5174589483591,0.0219171436261004,6.22680295194447e-05,1.72781726004374e-05,0.442502439055612,6.825591560254e-05,0.0179736668414648
9391,5040,0.350829763525737,0.263541322255067,7.19787587638379e-07,0.00132624927861306,0.366504241938314,8.69703566683769e-06,0.0177890061790147
6635,3600,0.396050120964558,0.00438417358713809,6.72161144264586e-07,4.76069390481907e-07,0.590412250250721,7.12829203972141e-07,0.00915159413784351
3535,3239,0.189108933807663,0.183878530773833,3.2585288008871e-10,1.29805356609127e-06,0.619603624303528,1.9813985495091e-08,0.00740759292157172
9458,7798,0.128629156150379,0.0763185519870946,3.08872558320661e-07,3.88652520005128e-06,0.727823131364395,3.77495223618976e-05,0.067187215578011
3122,2759,0.263683412481101,0.0600046971387883,5.93493058914752e-08,1.7174767951153e-05,0.657600169396904,2.18647529830966e-06,0.0186923003906518
6634,7437,0.232708834833071,0.093841271782931,2.6568530986105e-07,1.40543401036467e-05,0.671995562204939,5.40485919355713e-06,0.001434606294452
9115,5999,0.393698738327976,0.0166274714343247,1.1297412050092e-06,2.19855027324577e-05,0.374918218205171,1.01308175831157e-05,0.214722325971007
5189,2281,0.327561154651113,0.003045163585472,2.47645665801286e-08,2.58003325194407e-07,0.646426922887371,3.51898011569667e-08,0.0229664409183507
9114,8157,0.0892436114665344,0.0275883053108622,4.02023366788118e-08,4.7912450529321e-07,0.832147336220201,7.33057410316035e-06,0.0510128971014568
6014,5638,0.185584345710115,0.110558147227505,4.84357276942876e-08,2.87018958330898e-05,0.685455098099373,4.36852809524141e-06,0.0183692901033506
5326,3959,0.252661801770548,0.00220632114292924,4.09944293643551e-10,5.7186696950539e-08,0.74447949870416,7.12661303759104e-09,0.00065231365910861
5116,10313,0.289350643083457,0.343985790950763,1.3782011502578e-06,3.80865062211891e-05,0.356715251376125,8.84711582053025e-05,0.00982037872407815
3879,5277,0.216858421911047,0.158303404817066,2.57253030145137e-08,1.69067285979808e-05,0.600155091158966,2.34713588665967e-05,0.0246426783001526
4290,9593,0.179769232482926,0.274051648215685,5.754711369961e-09,6.26221794435253e-06,0.538644312791433,1.31287016586769e-05,0.00751540983564139
5257,5278,0.166920913475275,0.132660031598736,5.38102843386288e-08,1.36116442444181e-06,0.654392330414877,1.54497682672887e-05,0.0460098597681359
5050,5398,0.305636907877537,0.101318325237401,6.37437233043961e-08,4.89279798724099e-06,0.570123916671841,8.10981132408192e-06,0.0229077838601865
7253,8036,0.259277448198983,0.051131494135747,2.63589325887693e-08,2.53915269554001e-06,0.650412786527641,1.30587926127987e-06,0.0391743997467398
8426,5519,0.342259496631699,0.145449332737783,1.49970161992602e-06,2.06744719636219e-05,0.450351811339568,7.75349243534769e-07,0.061916409768124
4774,6597,0.177844688806199,0.203696790563518,5.91441072945891e-09,5.95448812373719e-06,0.613655802518537,4.08625118941031e-07,0.00479634908409181
6912,2402,0.13952740155884,0.0187500423894896,6.67656811942871e-09,2.20632803661008e-07,0.839920116364374,7.93725685319573e-07,0.00180141865223846
8428,1683,0.317645204541781,0.0762576201246882,5.17494392438995e-06,4.68130888945567e-05,0.590547419981579,6.08748317064571e-05,0.0154368924874263
5809,1922,0.264923363046524,0.00817476386301534,4.67911290210167e-09,5.90211321153073e-07,0.666651867614235,2.41204277857832e-06,0.0602469985430128
8975,9596,0.126060161306607,0.00450185451010041,0.000162263871845845,5.32951648484335e-08,0.855674055470498,5.32412739772395e-07,0.0136010791330441
5117,8635,0.17614305244387,0.361575718001481,3.41375435252938e-09,5.6948488536165e-05,0.449304283216768,4.12487147958447e-06,0.012915869564111
4636,6117,0.0862383203784907,0.182700537121308,3.68694534451776e-10,1.29034634748896e-06,0.729664450717799,8.92012817375088e-08,0.00139531186607783
9598,3961,0.268916604481206,0.354553347397687,3.17644618863564e-07,0.00137169019876151,0.365776163755084,0.000156937306242094,0.00922493921639993
6908,10314,0.110618629599109,0.404372076609246,4.56834417472587e-10,7.27794774916677e-06,0.467491273521168,1.32555567750246e-06,0.0175094163102158
10009,7798,0.0950060161945249,0.0243204895933414,4.17706220519416e-08,8.48683202904061e-07,0.823558854634223,5.63670757666456e-06,0.0571081124165087
8012,6478,0.222407912403112,0.0839886734139853,4.07857635785805e-08,4.04668623134046e-06,0.640057383413297,2.20785482267327e-06,0.0535397354427879
7462,3841,0.373081465687965,0.213047982805949,0.00024263904043196,0.000690908586858658,0.374799240012111,0.000637193643900291,0.0375005702227843
9803,7198,0.104813800631439,0.0149870702251965,4.35201416207946e-08,9.86941722684161e-07,0.837026163730555,4.5840420383131e-06,0.0431673509089069
6978,7317,0.242010862730265,0.0531280494794291,1.30352609992098e-07,1.85161228656326e-06,0.659770051349316,1.87267699790819e-06,0.0450871817990952
7807,2762,0.220013917148483,0.0757079945338722,1.80055494075654e-07,1.08290786800954e-05,0.686518045434986,3.34921246155044e-05,0.0177155416238697
3948,3719,0.212763849832825,0.31239526206035,9.59166848166099e-08,0.000334776409955004,0.471355899255906,7.81164109152107e-06,0.0031423048831877
6288,9235,0.0910315834291471,0.389409571933494,1.58313139274947e-09,7.45796518519502e-06,0.510105135206556,8.67764410290261e-07,0.00944538211807629
3810,4438,0.0059492467684369,0.0325869045129571,1.5944145989445e-10,5.94056661191087e-08,0.96118169674673,2.21526225813406e-08,0.000282070254145248
4292,6237,0.290697140861124,0.178171914751889,2.30384688245273e-06,4.83903101002349e-05,0.518571444860523,6.70431826699032e-05,0.0124417621868113
5049,8275,0.161402642120307,0.396220130143503,1.49069298422314e-08,0.000130831274648513,0.433189830100297,8.12146031828787e-06,0.00904842999399631
5877,4199,0.231317669362533,0.0118818614715515,1.25394896947144e-07,5.65208346007245e-07,0.722823421919509,1.76688940202609e-06,0.0339745897537609
9665,7678,0.0933477225790178,0.0797839524928776,8.19489959591447e-08,5.96768882859883e-06,0.779453505921797,8.01914895840164e-05,0.0473285778788993
8561,10315,0.148325564550459,0.00452255114044316,0.00511871232874303,4.54032727378014e-07,0.774443123320213,2.2862175344087e-06,0.0675873084098799
8286,9835,0.14549986081571,0.00946529424058839,0.000214836178307924,2.89565076886084e-07,0.799775539786032,1.01620469029131e-05,0.0450340173673822
3742,2640,0.18459237780778,0.200235762305525,9.86842696379004e-11,1.68874619352437e-06,0.613214844332419,4.15973377600751e-09,0.00195532254966433
4015,8634,0.0652370498523395,0.455706626841419,1.73352713359778e-10,6.95033014804914e-06,0.474305817962539,1.62171700012358e-06,0.00474193312320143
4152,10073,0.166027065432557,0.131514135380072,2.02334765887357e-09,6.10094170066439e-06,0.700978319541216,2.14242761394841e-06,0.0014722342534923
9665,7438,0.0894108921271262,0.124018187171629,7.53739632188397e-08,4.12994848614511e-06,0.738838709194686,0.000140896617155842,0.0475871095669546
4359,9713,0.180712878105586,0.246139393130311,6.57778363577798e-08,2.07091861592756e-05,0.554419661647037,1.51687086885851e-05,0.0186921234443812
5050,5158,0.322539545489375,0.0542279650645885,1.00928394831303e-06,8.2992688787953e-06,0.592683008656585,2.1890580778911e-05,0.0305182816558455
3189,5996,0.373132311921032,0.109103832470019,8.14572510465008e-08,5.06720953570266e-05,0.463863308667297,1.54422078229466e-05,0.0538343511812207
3466,3119,0.117442341488977,0.0932714320033575,5.66366612948326e-10,1.30458085416514e-06,0.784238573509254,7.07838802558027e-08,0.00504627706731052
3671,6356,0.268631912537497,0.0625586180073304,7.60956156460903e-08,1.22142630525125e-05,0.64171718791977,3.09188882897887e-06,0.0270768992879062
4016,5517,0.301888525159605,0.151663110543104,5.42336336300601e-08,9.00325840040155e-06,0.500805285744392,1.37503773056895e-05,0.0456202706835596
7325,2162,0.0557912259414466,0.0139180871883957,1.09822205958376e-10,4.94050939088153e-08,0.928851289163095,8.84994594742413e-08,0.00143925969268741
3053,2879,0.254242332658508,0.200272732627425,8.30514006750738e-08,4.88660023141899e-05,0.520307646276622,8.03840159589148e-06,0.0251203009821341
4845,1681,0.26380982573359,0.0223096398117252,9.29204152575237e-09,7.76602167592502e-07,0.705607604922562,3.61211580843151e-07,0.00827178242633269
9871,8997,0.22135796947624,0.00968933384535428,0.000189839290382306,8.67157175251814e-06,0.706562147662482,3.59586542123476e-05,0.0621560794995765
6220,7436,0.199720806932216,0.152191238654412,4.04208356764473e-08,1.63246711137806e-05,0.635117924909419,8.42950762106013e-06,0.0129452349043836
4224,3479,0.285424944218227,0.0453561123587851,6.47930734496635e-09,1.14458760041857e-06,0.617433841462714,4.1788433929618e-07,0.051783533009027
3602,6716,0.234542040538588,0.177153772781948,3.31612023269742e-08,6.49993499360761e-05,0.566586273447301,1.30739458878928e-05,0.0216398067751367
7254,7317,0.224144066112609,0.0223677056591124,4.1103846066949e-09,2.24005792300027e-07,0.705506295029418,1.12490482684391e-07,0.0479815925922002
3879,4079,0.0359327424376968,0.00602616928609246,8.17628360159568e-10,1.49493808396438e-07,0.956829626273265,2.00967128561378e-09,0.00121130968183756
3328,3359,0.140342502332724,0.191050338538057,8.55351704901554e-09,5.26473744898106e-06,0.658026688865869,1.02112334464414e-06,0.0105741758490396
3810,5397,0.19667588001969,0.0885614988286884,2.36417322238142e-08,4.35442422638123e-06,0.668544030171322,2.69186127130187e-06,0.0462115210530699
10009,8277,0.119567809581327,0.00884409344733795,3.68598948962454e-05,1.19658059060636e-06,0.796043625014208,1.72951465396374e-05,0.0754891203351008
4153,7915,0.191493461194454,0.335430422347082,4.54375185862324e-09,8.79178736794339e-05,0.458157440453224,3.46256842855805e-06,0.0148272910193801
9047,3002,0.187770213564959,0.0411322358300228,7.29789925683724e-07,3.39847387264298e-06,0.736260857014068,2.11531113914409e-05,0.0348114122157603
7601,1922,0.152390942222127,0.0661938955627794,5.29601971452439e-09,9.12447039758057e-07,0.766446793142592,2.68022846007819e-06,0.0149647711009821
10079,6959,0.0471373938876541,0.0192955949150843,6.0684020684075e-07,3.06329009322706e-07,0.890425328310253,7.10360691615803e-06,0.0431336661108765
10080,3602,0.363902294389325,0.0932020383635577,3.3687531428066e-08,2.39102345673496e-05,0.520848669331791,6.01361047500341e-06,0.0220170403827524
6636,2162,0.30749696469784,0.0278034756009511,5.22233914913319e-07,1.02217046441108e-06,0.648241882850903,1.01683507469823e-05,0.016445964095179
9321,5879,0.426018399066792,0.0344537200919559,1.2865063202269e-07,1.83841894877949e-05,0.482842879606423,2.06806248104983e-06,0.0566644203322283
3741,5997,0.246812343684137,0.190148116290916,1.51311295159281e-07,5.07952740634546e-05,0.548612415325061,0.000171928752424971,0.0142042493621011
9117,1683,0.206453587357773,0.0187463321001268,1.87525317945262e-07,3.0895909602894e-06,0.75408097893669,1.25501210599573e-05,0.0207032743680725
7599,5759,0.25216150083428,0.275617086255793,8.42099580537126e-07,0.000338228941490184,0.439634899652095,3.14444046785917e-06,0.0322442977762925
4155,4798,0.215753002542769,0.0137826424658649,4.86465304766753e-09,2.15129285412145e-06,0.763323815044395,5.87768396348648e-07,0.00713779602106783
9733,9716,0.214120203727306,0.0384928582575875,7.60408882238492e-07,1.04113069211704e-05,0.662084301881731,3.18019117776197e-06,0.0852882842263942
6909,8156,0.178075629475517,0.208963796030723,4.68353525313735e-08,8.68628171056257e-06,0.596409760585181,8.04834182931306e-06,0.016534032449686
6912,1922,0.233658054758843,0.0774770111487052,5.91344961753442e-07,6.26458205732379e-06,0.670508512406448,4.99684670234631e-05,0.0182995972919615
6153,3001,0.164164224835604,0.074264395697851,2.15379803009781e-08,1.31713356868774e-06,0.69307047421294,3.53991855953914e-06,0.0684960266634965
2568,8993,0.12974188430365,0.0499671240768555,2.85225413443954e-08,1.41243692233681e-06,0.775222762214555,1.465134097409e-05,0.0450521371045019
5462,7556,0.304804564230918,0.260734192448003,4.0730923454664e-07,6.51767969196831e-05,0.420431381629856,7.68301077225946e-06,0.0139565945742976
4154,5278,0.159771776978489,0.118488562860173,5.07104370776984e-09,4.33508967524153e-06,0.663903878169908,3.14980611676627e-06,0.0578282920245934
3879,5038,0.328121961791444,0.173247689106084,3.51093084368221e-06,6.14449662301152e-05,0.446275168928042,0.000164160922003717,0.0521260633553521
7115,9954,0.11307674888443,0.277631403142535,8.11478748374272e-09,5.064466085299e-06,0.58930833920352,1.67688228593827e-05,0.0199616673657821
9182,8996,0.232038440520677,0.0358865970266601,2.4630880980147e-07,1.5285365495141e-05,0.652753859195359,7.10095941234226e-06,0.0792984706235866
7463,2162,0.205986219462046,0.0764489401917876,1.09375297008422e-08,1.88436254833095e-06,0.703673049537635,7.9159952653274e-07,0.0138891039089263
4774,7076,0.279081736788409,0.371077925502556,1.91511967906703e-07,6.00075360735931e-05,0.328189879739106,1.25312284996449e-05,0.0215777276933875
4983,1681,0.256839116218024,0.037974076131551,1.37231075115905e-08,3.33035389253856e-06,0.66853123590759,1.0553157454528e-06,0.0366511723500895
10149,4681,0.367469930594949,0.178092492856506,1.37818787553542e-05,6.99905934129058e-05,0.395383794722117,1.69969582584641e-05,0.0589530123960007
4568,4319,0.224723871144873,0.0556413121398111,6.05563746188473e-08,1.51667211882533e-06,0.691999139053127,5.76284446670197e-06,0.0276283375892288
6220,8395,0.128342860792265,0.268096356413598,6.35571936775168e-10,2.83181812250111e-06,0.602548577023825,1.62489080137025e-07,0.00100921082753789
10010,5640,0.398974276055437,0.0513264479097414,8.67000735184869e-06,2.67062444847483e-05,0.50666886297514,1.15108025906865e-06,0.0429938857275863
6222,3121,0.18620881617671,0.0538592660543614,1.2235901118875e-07,5.61166548390027e-07,0.700789632271576,4.50803352795405e-06,0.0591370939382644
5947,3360,0.453503365714787,0.033641604446208,0.000224761491373168,3.55526855079848e-06,0.462824847635931,0.000263716921668233,0.0495381485214822
7599,5279,0.274955033879983,0.242461259835495,4.1719461148245e-07,0.000337462649967174,0.448920359048257,9.76014981891268e-06,0.0333157072418678
8288,5759,0.341290883124548,0.0608907540943859,3.83490339383559e-06,9.46906648209137e-05,0.537870572985712,6.54208941713409e-06,0.0598427221377227
4567,5997,0.107177096162827,0.279085886432612,9.15913630356056e-11,2.55021709551067e-06,0.612967064317002,4.80957718284967e-08,0.000767354683099793
2847,2280,0.324856892067431,0.0329552747653669,1.30993365016995e-08,1.0044604843115e-05,0.638873639392902,2.30603532805854e-06,0.00330183003479246
5255,8155,0.208147511376975,0.452379822605995,3.25520985867151e-08,0.00027778893891049,0.322638216165211,4.40349069313379e-05,0.0165125934538791
7668,5399,0.304734982718034,0.0907760954158657,3.89494042260003e-07,2.01526079838383e-05,0.552481597314162,1.2405589853061e-06,0.0519855418909264
8975,8637,0.240865547555159,0.0133275328926946,2.03968974819264e-05,4.78054505957301e-06,0.712491748022081,1.81669316304344e-05,0.0332718271558937
9527,8637,0.282850860314567,0.015531827380688,0.00201316537151491,1.00070383859424e-05,0.653037217111605,0.00018123312443312,0.0463756896588061
4222,7795,0.218983526710925,0.329519616800373,2.81490245451712e-09,3.95165230243523e-05,0.442560001531304,1.65266580504249e-06,0.00889568295366589
10011,3482,0.256700051101388,0.200105955039984,1.38627380328687e-06,4.76115077837132e-05,0.537653323483125,1.28841925000956e-05,0.00547878840141599
4842,7196,0.238352863575192,0.386820095981399,4.34225575965035e-07,0.000246842202644378,0.350883866703201,6.98216635755235e-05,0.023626075648412
8427,3841,0.367591957447016,0.100561954042369,1.28446857735112e-07,3.21448499222807e-05,0.505721633570251,1.13827470429456e-06,0.0260910433688803
3878,6236,0.289877239475497,0.163986852017054,7.70629434694338e-08,2.4453069359574e-05,0.540191921253334,5.01971905739564e-06,0.0059144374027544
5530,10553,0.121125334084951,0.379512993580661,1.82733055222587e-10,2.51145181359712e-06,0.484692366353967,5.62399024259489e-07,0.0146662319468504
8494,7318,0.0449500366394464,0.0772000876404546,2.81642618555844e-07,1.90363767835298e-06,0.828323785082717,6.38236203961712e-05,0.0494600817366892
8771,3961,0.318635647963086,0.0860820730879599,9.14385338176959e-09,2.14735651442796e-05,0.547260992990065,1.32190099355702e-07,0.047999671059793
9599,2523,0.108171290024051,0.00341991373867321,1.79398898404934e-08,3.72862676843224e-08,0.887484166733381,4.12481973088714e-07,0.000924161795764431
4635,7555,0.262248530391273,0.338088364405058,3.56270664972064e-08,4.31396693888966e-05,0.38689456975928,7.8301697238731e-06,0.0127175299782092
8772,1803,0.208138236264966,0.00926150516194026,2.02111444164684e-07,1.69878147486383e-06,0.775994333729265,3.77129378950562e-06,0.00660025265712032
4569,3360,0.330845639796702,0.0485734284047125,1.55518476425496e-08,5.07870651451572e-07,0.57565167478269,4.41608094405607e-07,0.0449282919853027
5739,4679,0.223743096719809,0.0453496900747349,1.98900476047402e-07,9.60410284714387e-07,0.689476066251106,8.32011985565299e-06,0.0414216675237339
8426,5759,0.312896244801286,0.0758062698297511,0.000709421757024645,2.86008814466342e-05,0.562401401219081,2.00044623934724e-06,0.0481560610651715
7325,2881,0.207205431986128,0.0721276493785073,3.32840511345168e-07,3.35186840241594e-06,0.708039219501124,7.05045797464607e-06,0.0126169639673523
7942,8037,0.0242369984294713,0.0371525126404908,5.62845909940478e-09,7.95341035343859e-07,0.911354441574038,1.11409503465742e-06,0.0272541322914702
5462,8035,0.214486549054656,0.408151510703689,3.05834634524456e-09,0.00045565740706696,0.358306820031018,1.06277369596959e-05,0.018588832008264
5944,8875,0.115635193242479,0.426827114346558,7.78228644668858e-10,1.50796452665707e-05,0.454462884004984,3.23286673933122e-07,0.00305940469580992
10010,5880,0.479042969411823,0.0909449803056717,9.20544960509263e-06,4.21676641846241e-05,0.385932399216098,2.06532882945772e-06,0.0440262126237887
4015,8874,0.0479938188405365,0.433947805550606,1.53228365728801e-11,3.28774611141825e-06,0.513660716215837,7.30320923636395e-07,0.00439364131066257
7117,4919,0.252190938733269,0.170168781889669,2.95129585289766e-08,1.17259347085176e-05,0.564105238476954,1.65905068788417e-06,0.0135216264017524
7046,9595,0.02996703908625,0.324266790454232,1.04747991923196e-09,2.68776553222199e-06,0.632618298995044,3.84640467094092e-06,0.0131413362467908
8700,8876,0.0901718018807289,0.165333434046299,3.30092204293996e-08,1.08838285893829e-05,0.738776962556375,2.80760229421629e-05,0.00567880865584512
4775,3480,0.340863675492887,0.0263794202904488,4.17592839430546e-07,7.34092384956174e-07,0.605632660264176,1.3758279805125e-05,0.0271093339874594
4431,2640,0.273387896525194,0.022873116502368,2.63213083502063e-08,8.87858081141109e-06,0.688895516001782,9.72371684732674e-07,0.0148335936968514
6705,2521,0.0963077389224106,0.0335334404378073,2.34224217753028e-07,1.24305740024173e-06,0.868316037457657,4.22245692748836e-06,0.00183708344357969
4637,5398,0.317087389430083,0.118183609771414,1.24318471112668e-06,4.09754901463353e-05,0.536135732529996,4.2758303084082e-05,0.0285082912905653
8975,8876,0.156260880844885,0.016066450173439,0.000521478301465096,1.07731318799992e-06,0.762220846048563,4.49085933160904e-06,0.0649247764591278
7256,3241,0.335521634433081,0.0307090405726178,3.70187958558787e-08,4.04671951982626e-06,0.625946217598623,7.83126694488603e-07,0.00781824053066788
7394,1803,0.183729239333035,0.0291699376777175,1.50753131301816e-08,5.7076420933747e-07,0.776750378772662,1.81689068442709e-06,0.0103480414863787
7462,3601,0.511102273411211,0.0157415545819097,2.00288018602701e-06,3.0247996640748e-05,0.464179204857682,6.58290135918585e-06,0.00893813337101074
8909,3961,0.352795217396255,0.167224828367714,2.07831680955317e-06,3.35611498200466e-05,0.45838693667264,5.59929521876416e-06,0.0215517788015417
6426,8276,0.141977479400187,0.427022573937327,1.73501945705827e-07,1.48042038786949e-05,0.423210298078091,9.91198336237654e-07,0.00777367968023445
8219,6358,0.165345626060255,0.0214926948744659,1.97131038976592e-09,3.39547702735502e-07,0.796164681173616,8.44719219586998e-07,0.01699581165343
4979,9833,0.194270639777448,0.40757157322913,7.07645769800721e-09,9.54086909079466e-05,0.383193222044806,9.01932419650033e-06,0.0148601298570541
9874,2043,0.152998036480533,0.139544327632014,1.2151009169965e-07,1.19865828207896e-05,0.641131372128194,4.25393423390061e-05,0.0662716163240076
7393,4200,0.514820910773233,0.13570453144086,0.000771999960862331,0.00112917266774696,0.272651676902075,0.000300588321563145,0.0746211199336597
4221,9473,0.101861159158126,0.363091619332213,1.05310363442352e-09,6.31685058937307e-06,0.518741363628427,8.41043441058831e-06,0.0162911295431309
4153,7675,0.241212224911575,0.281156615882797,9.72172025999899e-08,0.00010442094723195,0.458313484617256,4.90222240529282e-05,0.0191641341998855
4843,5518,0.165955357426147,0.136143759704462,9.87496118481564e-08,8.88922976272849e-06,0.673715696477793,6.47970457217168e-06,0.0241697187076519
7531,3241,0.562249270681579,0.0788619370647848,0.000771098455426495,0.00146227581793953,0.34123439612711,0.00207438862843978,0.0133466332247207
6564,7796,0.182541363303866,0.126464663896654,6.70498277317346e-08,6.63340502692003e-06,0.678263741881384,2.93133529120737e-06,0.0127205991279503
7255,4200,0.344708122363496,0.110842140911641,7.20943297018137e-05,9.50794463254898e-05,0.524404872189436,0.000140955190216805,0.0197367355691825
8359,1803,0.50118309085775,0.032012669990606,4.10495568655709e-05,6.53627223978757e-05,0.434178479162194,0.000228997826691685,0.0322903498834957
4634,9953,0.144141524917116,0.349162328105883,1.02774900854045e-08,1.81847749981298e-05,0.49822190205206,7.80759813849788e-06,0.00844824227431454
8768,10435,0.221307130571785,0.297086907889305,8.07386671694346e-07,0.00332621901806886,0.463388094387441,0.000256011275912104,0.0146348294708164
3742,2400,0.175415844609134,0.328599577377504,3.5567371768468e-10,4.43694279669623e-06,0.486682149010777,4.92604242804668e-08,0.0092979424436896
3328,5277,0.252780408524323,0.0503358638665726,7.30813546902588e-08,5.59464560110411e-06,0.691756876136513,3.51430524498295e-06,0.00511766944039148
5808,4559,0.241847569120383,0.024339466700411,3.48635825301212e-07,6.50971354504924e-07,0.694190017413731,3.1318958302027e-06,0.0396188152624647
10148,6120,0.39691891857598,0.0303882570400865,1.00823616998583e-06,3.00053970029129e-05,0.517263887562877,4.43349937132983e-06,0.0553934896885119
5326,4918,0.17426055846722,0.0706143876145891,2.19719973966004e-07,3.18622928926933e-06,0.691342135255235,2.27318686100144e-05,0.0637567808450828
7115,8516,0.193547479899945,0.288832752237202,4.08569841805044e-09,3.77919803746473e-05,0.498607237505312,7.14003376439493e-07,0.018974020288092
5187,5877,0.155206615415666,0.107130109714191,4.82610716221293e-08,1.48691189451381e-06,0.726151946748681,1.30877229709444e-06,0.0115084841761978
4016,6236,0.318133427492579,0.1628524867868,4.04844474403977e-08,2.00474744952039e-05,0.507840633252381,3.08134070150473e-06,0.0111502831685958
6979,4919,0.217532196119562,0.192326865569562,2.14588495456049e-07,1.83086377627397e-05,0.581055934468733,6.35760431056858e-06,0.00906012301157432
6634,5758,0.160254662525533,0.0258689723683724,7.85400900035798e-09,6.1506265214641e-07,0.807525464356058,7.01248113592067e-07,0.0063495765852618
9185,1803,0.243555006307417,0.00824003996253125,1.49075022115595e-07,1.25698482839809e-06,0.745579360025946,3.14387506926869e-06,0.00262104376918626
5874,9954,0.111836361665387,0.389879973212434,4.51712912271857e-10,2.5406044736602e-06,0.481265416847556,1.33100103239005e-07,0.0170155741183335
8838,8397,0.185764369180715,0.0196117764478317,2.47986628681147e-07,2.95383121904018e-06,0.712561585990821,8.82449764796485e-06,0.0820502420651372
9044,10435,0.196740752719318,0.323893335970665,7.45306542751095e-07,8.38869137067905e-05,0.45540249272893,0.000197377431479706,0.0236814089293573
5599,8755,0.155737967251555,0.394416960613205,8.52394654831674e-08,0.00011588170296478,0.438212320933542,1.81139283522293e-05,0.0114986703309155
6564,9714,0.0882110732365853,0.335655548029891,8.1729046138511e-09,7.73100916619714e-06,0.559499449575918,3.10057236582015e-06,0.016623089403169
3396,6596,0.222717520414061,0.11288439523014,2.05266396145497e-09,7.03777518510653e-06,0.62997400830332,3.03229072597918e-06,0.0344140039339033
7393,3721,0.421460209267845,0.00948872318041429,1.88854153222633e-06,3.1158757395022e-06,0.560411383456994,2.95245432792367e-06,0.008631727223147
9871,8038,0.0890303909289912,0.0119487512024355,3.99681388994385e-08,4.40349761169568e-07,0.813968920312982,1.37086370083119e-05,0.0850377486006828
5668,10073,0.112043513269193,0.407727933298889,4.61202068490704e-09,5.46403393330876e-06,0.475624139976124,5.67122878715147e-06,0.00459327358105352
5806,8395,0.139834497104369,0.328339449808725,6.81478179585605e-10,9.52284485659856e-06,0.526039362009957,7.72912253937475e-07,0.00577639463836059
7669,2762,0.173263360034392,0.0746784792198514,1.46389327812602e-07,2.44156785684191e-06,0.727794956589195,8.93031055190438e-06,0.0242516858888253
4636,6357,0.163069001916629,0.188587342655998,2.03865339469852e-09,7.36208061288554e-06,0.64310011453321,4.02750069650836e-07,0.00523577402482758
8976,7438,0.0695730149110271,0.218797855579921,3.22992330610342e-07,2.84815340807272e-05,0.659023336554104,0.000285478225690084,0.0522915102028465
5738,7316,0.088213878001313,0.25946451400445,1.29660266817811e-10,2.06635694654539e-06,0.649960876792879,2.25430564588642e-07,0.00235843928418749
7187,3121,0.245710322351196,0.025501157061373,2.22153203082283e-08,3.94229819432904e-06,0.726768742777653,1.32850906147339e-07,0.00201568044535745
3396,7075,0.218147724592472,0.271465753621284,1.07630753937141e-07,1.32335337920076e-05,0.492843387298345,2.59200053961873e-05,0.017503873317956
7183,10314,0.0654881286393179,0.30010127881434,6.1712107002688e-09,8.60344582481192e-06,0.610263409453822,1.9060536308194e-05,0.0241195129391769
9598,3722,0.273296937963578,0.132105705948858,2.89501348439159e-07,5.90336367814599e-05,0.561195266762045,2.28043576833246e-05,0.0333199618297051
4774,5398,0.238542154140487,0.0921003505477156,1.5507821090467e-08,5.66069566767976e-06,0.637408341807413,1.60006454358597e-06,0.0319418772363517
6288,8995,0.0769518977415899,0.391505330868646,3.84944399908663e-11,1.36995896955253e-06,0.527652250533388,6.16445131202798e-08,0.00388908921439923
4359,10193,0.150917372275065,0.133007969886836,2.0015153050946e-09,2.80058420391583e-06,0.715558247801718,2.75002067366895e-07,0.000513332448594599
8841,1683,0.276295222925711,0.00641041888484666,7.61711965484601e-08,2.5020288468573e-06,0.708676168184565,5.90324810401184e-06,0.00860970855672969
8908,6598,0.14374413811062,0.0991660078390636,7.87415450443313e-07,2.07717225491828e-05,0.690170590460445,7.07673106965064e-05,0.0668269371411754
8839,6958,0.0197762748142595,0.0456580193658659,8.13982807481431e-08,9.81843524303442e-07,0.844365307179585,1.78103734626199e-05,0.0901815250250214
5256,5758,0.169002899114344,0.222678530961955,2.23612176295186e-07,2.08771102211342e-05,0.603994317229882,1.95702432914425e-05,0.00428358172812935
6774,2402,0.18601577973454,0.0237931073397206,1.90158610033769e-08,6.04403837871691e-07,0.786606222968724,3.14915077387729e-06,0.0035811173865429
8495,4201,0.341996788556741,0.0957514167395626,1.71862205865304e-06,5.27591566043234e-05,0.528990698630397,5.67105589474854e-06,0.0332009472387417
9873,5400,0.320927347486845,0.202859417192796,4.95176107758873e-08,4.7464169853902e-05,0.442857113208081,1.78336123364278e-06,0.0333068250635789
6565,6597,0.301327481748885,0.16009751846215,1.96801424413971e-07,5.22433030921298e-05,0.522766222919967,7.74470133459399e-06,0.0157485920631466
9113,10075,0.245440094568829,0.010569528316161,2.81442400909602e-05,3.05809450596621e-06,0.682896512901868,5.05841240905644e-06,0.0610576034661367
7393,4919,0.387265336890081,0.256283344850972,0.00252821609228401,0.00168329072586704,0.314335893195031,0.000451182985970863,0.0374527352597945
8424,9116,0.0640388253955969,0.00126948268208739,1.64263610934168e-09,2.62255993678258e-08,0.92602510870922,4.18534405670541e-08,0.00866651349142031
9527,8157,0.220066172654867,0.0428496560581184,2.0079160881949e-06,6.05908795004677e-06,0.672943810931086,0.000124701213001784,0.0640075921388891
4569,1681,0.217237754320788,0.00865264540976812,2.45369509130003e-10,3.08974934776675e-07,0.771869347144082,8.64403076186518e-09,0.0022399352610278
4086,4199,0.0666866775372018,0.061631233074179,9.10452198392266e-10,1.8035993352496e-06,0.871116910382422,3.18712027795189e-07,0.000563055784381418
6980,3481,0.314123319714685,0.0766795342911408,7.27222201827117e-07,1.20293941389789e-05,0.59729424881476,1.02429731873798e-05,0.0118798975898852
3880,3120,0.28114896879681,0.237612418732387,7.62890799446067e-08,0.000757587026902931,0.472778935873353,4.89651121106605e-06,0.00769711677025514
7255,4919,0.274283262267271,0.274767290328184,3.2178175721382e-07,8.81827866053372e-05,0.435190897731562,1.04073814194998e-06,0.0156690043664793
7737,5999,0.191811915748951,0.0453460798403751,1.35753254798095e-07,1.75482459943655e-06,0.727433204987601,3.26878235308516e-07,0.035406581966983
6495,9115,0.106073368263658,0.431655288875006,2.52466202909291e-09,2.04570594764217e-06,0.453168531864442,4.59441672297756e-08,0.00910071682211733
4774,6836,0.187124265720185,0.226887947153627,3.33129521362731e-09,6.82234044457473e-06,0.574993282187935,9.94393573398488e-07,0.0109866848729404
4360,8035,0.198017061432441,0.344129695631595,3.16303884791574e-09,1.31265718190957e-05,0.448595537180522,1.27784762912721e-06,0.00924329817295512
8220,4680,0.302793251287539,0.272878454116525,3.46019337663964e-05,0.000974638036398572,0.406106366260006,4.88598165345664e-05,0.0171638285492305
8770,5879,0.269931560344312,0.0690840951168977,5.3088488284748e-08,9.7970261598167e-06,0.625625432210865,1.38934725293012e-07,0.0353489232785522
5670,6237,0.122072358775289,0.0592521540546604,4.72679249910967e-09,1.02870618391866e-06,0.817773903131293,1.66272251414587e-07,0.000900384333529539
8424,9356,0.102265116679596,0.017493116649542,8.68260786542077e-07,7.44606552806617e-07,0.67947783564359,2.26836477049944e-06,0.200760049795162
6081,10074,0.0833537043895405,0.465262570287128,1.41158374590147e-08,7.45185543620596e-06,0.441167246546653,1.99560838813431e-06,0.0102070171970163
5807,5998,0.12068462663037,0.0530325399006287,6.02550477407704e-09,1.76069066114997e-06,0.823464230107172,1.66786715839383e-07,0.00281666985894765
5117,9354,0.182220237727454,0.450119666748513,1.72625972185091e-08,6.27400611045781e-05,0.349829745496603,5.26065450780727e-06,0.017762332049221
6770,10314,0.130414866422416,0.398101172010821,3.58151347894113e-10,6.23919239488703e-06,0.4594540945208,2.12566820484478e-07,0.0120234149285961
4016,6956,0.247125275371978,0.194931955341326,8.09646043817367e-08,3.76594107827468e-05,0.547151152899738,3.90695959168462e-06,0.0107499690519788
6633,8156,0.154813731658836,0.331999483557923,2.31151797426899e-09,1.25805797058579e-05,0.509663129515278,1.27543157948783e-06,0.00350979694515949
7391,8276,0.320685059642584,0.04700106645598,5.50513155315346e-07,3.68061830600155e-05,0.619593328152291,1.34265705894567e-06,0.0126818463958711
4912,4678,0.220191051052536,0.100189712347243,2.23208143405103e-07,4.56450751281604e-06,0.667238629251572,4.49707390653382e-06,0.0123713225590856
4637,4199,0.205390450873789,0.157143231649183,1.93763131659537e-06,5.69020370142787e-05,0.597950675356598,3.31390746593292e-05,0.0394236633774394
5395,4799,0.257493176987554,0.0385208041388636,2.5839389851474e-08,1.62906381395792e-06,0.65546857426396,1.79742787024845e-05,0.0484978154277167
4292,4558,0.0230587722140111,0.0316787845772157,1.08212710156516e-08,3.08949171815635e-07,0.935798551412405,5.44428598730729e-07,0.00946302759732722
8357,6119,0.405350783855476,0.0132174905828885,2.8616917413081e-06,3.32399370704445e-06,0.541700395640343,1.17419885170026e-05,0.0397134022473267
4566,9593,0.23000476607129,0.300327226681147,2.15872140180221e-07,1.3427045117096e-05,0.463838487120863,1.59994872261127e-05,0.0057998777222157
9183,6119,0.315398655829975,0.103365542726465,1.45421997830933e-06,0.000458821900496726,0.521864222985575,7.39133324358587e-06,0.0589039110042654
6360,2401,0.197558320378589,0.0391511601093812,4.26783020941154e-07,8.4173216344194e-06,0.668208596489383,2.7022151687304e-05,0.0950460567663034
10149,4441,0.338660461816393,0.227237345251267,1.78556789859438e-07,0.000119490326306325,0.373718138039771,3.33311035662529e-06,0.0602610528991161
9389,7678,0.117345760287807,0.118530260963404,1.27682017043485e-07,1.41391712991908e-05,0.712028088629041,8.98557108251288e-05,0.0519917675556071
8221,2522,0.276105611386123,0.00349001129853907,2.74564889543985e-06,2.372804985124e-06,0.713674969212587,4.34525458514866e-06,0.00671994439428518
8493,9475,0.166371570970972,0.0381653245955581,5.36486750197167e-07,2.6990416091914e-06,0.722435766461823,2.30126513025479e-05,0.0730010897919846
6290,4679,0.291698755169287,0.0744018719004664,7.47455357436854e-08,9.68850186751756e-06,0.624512003869851,8.05152133654222e-06,0.00936955429165556
3534,6116,0.319137758134857,0.058896250074112,5.94945066409146e-07,6.67494784790902e-06,0.608371981185458,1.02695475915956e-05,0.0135764711650667
3605,2160,0.208286981677596,0.160510179745718,1.68384048755916e-08,1.40876383663747e-05,0.614924705253704,1.00965147293699e-06,0.0162630191947377
7875,4320,0.399419039940594,0.00768461092867518,5.89368522043288e-06,1.24921578850421e-05,0.57480582418391,5.46798264405439e-07,0.0180715923054507
5875,8515,0.246774087880668,0.213896416302604,5.16454777501515e-08,2.0694872193526e-06,0.532370170209333,6.51230878760456e-07,0.0069565532438194
8493,9236,0.158842056293694,0.034491767343088,4.05766226550766e-09,8.07707857178105e-07,0.784864979350696,6.48767463332694e-07,0.0217997364795393
7876,3601,0.27816407362182,0.00122212443142797,8.23696806025735e-08,8.90854272698815e-07,0.719953322179546,8.72744755238088e-08,0.000659419268776943
3741,4318,0.0666993855987715,0.105016930718094,1.83480921792863e-10,4.06050908902629e-07,0.820690026040588,2.99158806502557e-08,0.00759322149227631
5461,10193,0.111017819757398,0.423789291290927,5.1882405351962e-10,1.86281928745271e-05,0.455667587635368,7.92409411506457e-06,0.00949874851049339
9527,8397,0.354445370453164,0.100658678047339,0.000204066273788915,9.62358914857802e-05,0.50387577300104,0.000968938924093646,0.0397509374090888
7392,6598,0.253448629415055,0.0177648155423096,2.36499631019923e-07,2.81024535364385e-07,0.688939435922749,2.61355020969945e-06,0.0398439880455106
4223,6356,0.231269108526636,0.194161413701061,1.12038269041278e-08,6.9138210241299e-06,0.563714212052766,4.93060140824833e-06,0.0108434100932777
8975,9116,0.142564996597838,0.0365469098353227,0.0277539374903088,1.71605239028773e-05,0.726091999275768,8.47597408060068e-05,0.0669402365360529
3190,4318,0.0659187550074881,0.242888903210124,5.19858193046483e-09,1.16798391114282e-05,0.686819833013781,5.74376145789978e-06,0.00435507996945474
7942,8516,0.120941584335944,0.0101773767470109,3.23463495677855e-08,1.32883537829551e-06,0.808141139744693,8.36267809655251e-07,0.0607377017228142
9805,3362,0.330514049239871,0.0160088943221629,1.44811054929678e-08,4.8458317259284e-07,0.642265347733161,6.06124125370784e-07,0.0112106035164021
3740,7675,0.182202276268148,0.258298425129872,4.76304120308218e-09,2.20536905093661e-05,0.544625618066934,2.29859236795765e-06,0.0148493234891269
4015,8155,0.122404942710786,0.345878560871874,1.47605110646844e-09,2.06374462873187e-05,0.52527268067381,1.00057185284403e-06,0.00642217624933863
6082,7436,0.152229614700089,0.212768533795976,2.33028763928584e-09,7.71064141379516e-06,0.626395600698323,1.05466793815203e-06,0.00859748316597233
3466,2880,0.210238499172436,0.0169988327691142,1.93937134619346e-09,1.32847864463997e-07,0.771110910045338,2.84488366615033e-08,0.00165159477703875
9045,6599,0.198230343162552,0.0367965135008065,4.2169943639168e-07,1.60459297463927e-06,0.72337846271463,2.9127328563521e-05,0.0415635270010372
7875,4800,0.214183051900397,0.00202984758749982,3.74370679174611e-08,6.53231903355623e-07,0.779432888288124,1.52317025937507e-07,0.00435336923798181
8148,10075,0.11907385207771,0.063483929624449,0.0154212455004293,2.05881766438251e-06,0.700672991787181,6.19671876258203e-05,0.10128395500494
9667,3602,0.317969202219308,0.0944135997335741,3.94482806156708e-06,0.000323964444250836,0.545190660166564,0.000139845587357861,0.0419587830208838
6774,1682,0.107852621900763,0.0187082405473712,1.30739560845931e-08,1.03080834485671e-07,0.853847256459518,2.50582115618253e-07,0.0195915143554415
5877,4679,0.311809765451037,0.0318086417656768,1.54906293477067e-06,4.56482501469119e-06,0.609789249633188,2.7843645368826e-05,0.0465583856167803
5258,1682,0.222767932170255,0.0473674879266238,2.44107439711343e-07,2.27079022000709e-05,0.726455906647782,9.037394785981e-07,0.00338481750622025
5670,5998,0.144182780922706,0.131904286563754,2.34090321271139e-07,2.9940589676685e-06,0.719873948034664,2.29017246238171e-06,0.00403346615712468
9321,6119,0.316517699518448,0.00976412277445736,4.79628815961667e-08,5.35581433008575e-07,0.634368832760926,5.10703886227337e-07,0.0393482506979684
4844,3120,0.154091137725761,0.000167718615534959,1.06687409003303e-09,3.09904529972504e-09,0.845572552027888,5.77317495021683e-09,0.000168581691721748
6496,5998,0.294846645923619,0.0978183749258759,4.24470654975323e-07,2.3913364335365e-06,0.563581511359397,8.53919221170721e-07,0.0437497980647984
5464,3959,0.249032436759098,0.00428329667898363,1.55439059578929e-07,1.50027398976433e-06,0.738572608174842,3.91312871700251e-08,0.00810996354273921
4912,5398,0.289109424101135,0.0714400038656271,1.4585832921024e-06,2.2650080838703e-05,0.630051543872058,2.39408570437131e-05,0.00935097864000572
9114,7198,0.0119837977472666,0.0724855210904287,1.70611345226545e-08,3.88045028134404e-07,0.864116441973948,2.61175498704175e-05,0.0513877165323232
5602,4439,0.165847501136478,0.049216952754753,5.12615666275924e-08,7.27897120638794e-07,0.728720324751128,3.61862868148416e-06,0.0562108235702727
5324,8515,0.234269065337112,0.383490339251357,3.93859933634133e-08,0.000130029088610957,0.367456770929265,7.38639702365879e-06,0.0146463696106386
5944,9354,0.131459063821466,0.422418522209462,1.2594450022279e-09,1.45592893238482e-05,0.438070259082151,3.68505837538381e-07,0.00803722583231458
4429,6476,0.193315526493639,0.212063733159264,1.17948374956247e-09,1.34793476559467e-05,0.576835623367931,1.1452310679968e-06,0.0177704912209588
5257,3600,0.288530080991469,0.00986611456803226,2.44055208575958e-09,1.70101631976985e-06,0.682557393431199,1.02102566068894e-06,0.0190436865267673
9526,9356,0.154733870236769,0.00560205486735667,4.92299041359899e-05,1.05699426517129e-07,0.719150440679322,1.19546332197143e-06,0.120463103149667
5809,3120,0.288815303071396,0.013357825905337,8.52326361027094e-09,1.57466753331159e-07,0.684583160769833,1.56826245273401e-06,0.0132419760009637
7666,10194,0.17113889779547,0.00288529940923507,0.000524081148920156,1.12634868028739e-06,0.791090952806001,1.30315597046519e-06,0.0343583393357235
8219,5160,0.294432274104083,0.258582383190172,4.37720175491412e-07,0.000104782215105931,0.415846695472299,1.48994821901907e-06,0.0310319373499446
5669,8395,0.175985710992024,0.37958421474366,4.42413960243392e-09,0.000105131273395,0.429989946757219,3.21494305903243e-06,0.0143317768665037
8014,1923,0.32531501291403,0.097311615761149,1.0189286337327e-06,1.75844121503852e-05,0.555328588882756,5.82830051500393e-05,0.0219678960961307
5462,7076,0.231257010251067,0.235831819000283,3.77653243709521e-08,6.54960931628309e-05,0.523485289355965,6.64225499722777e-06,0.00935370527920009
5943,10553,0.0926797019650778,0.337393261210647,7.1017752526576e-11,1.81215409051418e-06,0.566143695266399,2.46829085974084e-07,0.00378128250368181
7252,9954,0.123765888758869,0.169323997234785,4.63969293254112e-08,3.92760641566872e-06,0.691984813769063,2.11209682079089e-05,0.0149002052657299
6496,7916,0.190933939686116,0.143264166737128,5.73437509204001e-08,2.36076142369567e-06,0.651123454709274,1.30909613398277e-06,0.0146747116661735
6979,6118,0.198877446495283,0.132882683849492,4.73449562695214e-07,7.46527904162214e-05,0.629083010985744,1.72137945736545e-05,0.0390645186349278
8289,2642,0.0528077244054112,7.50860341969681e-05,6.48367585369158e-10,6.7452359781512e-10,0.945566477346787,2.52966696088617e-09,0.00155070836104677
4706,5038,0.280336208124717,0.0326659970833379,2.37122891002573e-08,4.31957426046181e-07,0.610839795905477,2.74359347743567e-06,0.0761547996232759
3535,3719,0.151376137627525,0.18226193969913,8.00169610158182e-10,4.0417250296882e-06,0.661652562477679,1.55832241102024e-07,0.00470516183822591
7873,8636,0.160061020476349,0.126349655473576,3.01823490361098e-07,2.36424078560459e-06,0.69576021235786,6.2490869336446e-06,0.0178201965410048
6909,7676,0.266654316558524,0.00695692055988798,1.8989548303883e-07,2.93920405385352e-07,0.707955251713932,3.89857201834989e-07,0.0184326374945659
9803,7918,0.078134084152521,0.0284752045148067,4.50346402709352e-08,6.60255257007356e-07,0.83786879564133,2.43210407566714e-05,0.055496889360688
8496,2762,0.169350015940934,0.00265226453608432,5.78338013685534e-09,6.37466781316774e-08,0.813445645482203,1.27005380572614e-07,0.0145518775053401
8839,5280,0.311537068890968,0.188050303395178,1.37295096545371e-06,2.54388069133972e-05,0.455599983017486,2.97303110347026e-07,0.0447855356353778
6428,5638,0.140632233248429,0.0395247601666689,7.3187348323755e-09,8.77345020960474e-07,0.78130148708811,2.09501502545283e-06,0.0385385398180108
5737,9474,0.152822977404558,0.406267845483198,5.77365452618919e-10,2.13298867514486e-06,0.43640083068788,3.53489112335112e-08,0.0045061775094125
10080,4801,0.33862884865469,0.20321826392321,5.22100032457885e-06,0.000347601535888493,0.416802959475041,7.54738627202454e-06,0.0409895580245738
9597,6599,0.115105403611641,0.0805905032363004,8.44039749853174e-07,4.63031703055959e-05,0.731430885517554,0.000137023307601763,0.0726890371168475
8769,8517,0.145497778250368,0.0219249491486365,1.82947388097285e-07,1.68165356290663e-06,0.765712374333218,5.92121113506746e-06,0.066857112455692
9941,6959,0.172876004214139,0.00826927657317413,1.52415422364363e-07,3.14994659299798e-07,0.779075162545422,5.58615823551654e-06,0.0397735030989484
8290,2402,0.156277125865535,0.000649686363184052,1.38722828160066e-08,2.44562831891863e-08,0.828520483672352,2.06923202934026e-07,0.0145524588471603
7050,1922,0.329719868194542,0.0957671251234524,5.11597389669464e-06,6.37912806560089e-06,0.5557286945554,5.25463652464119e-05,0.0187202706593967
9596,7078,0.172461962508206,0.00750883612411646,1.48073710820359e-07,9.88601264933506e-07,0.782179160244018,8.39238596890048e-06,0.0378405120627146
8632,7318,0.051237020589499,0.053326638252975,6.7848698340749e-08,1.38699578288904e-06,0.834178085931581,1.98255444295736e-05,0.0612369748370342
3397,3719,0.158857693355707,0.295095757280015,5.99718051101451e-09,3.63415575686553e-05,0.532950889884377,2.01125281533699e-06,0.0130573006723366
6428,4200,0.336188933481874,0.0865552503064386,4.2696445951666e-07,1.2497825859247e-05,0.547737527211113,2.58506468814632e-05,0.029479513563374
6221,5279,0.0875522639457475,0.0532738768281021,8.04155661500292e-09,2.596200019741e-06,0.817220634277799,7.16606065234236e-06,0.0419434546461231
3604,3119,0.187489917207154,0.312560661293322,2.31582570887023e-10,3.29590919719987e-06,0.487042855218275,4.52919087096981e-08,0.01290322484856
6152,6357,0.119115077343704,0.0272062943258662,1.22898700040631e-09,1.40428205323791e-07,0.853484298285973,1.59139791641471e-08,0.000194172473285644
7528,9715,0.291572022535908,0.016914354301719,0.00046333051419671,1.82538634243557e-06,0.668793301644144,5.9763860704888e-06,0.022249189231619
8288,5279,0.281139623342993,0.188250734923169,7.45874121328142e-07,9.13383449730073e-05,0.48907797582528,4.94015085807714e-06,0.0414346415386058
9736,2283,0.166524734827137,0.00266326296269648,1.63301419879308e-08,4.87511127047041e-08,0.818925730356877,4.68077189708619e-07,0.0118857386948442
10216,8158,0.102196985755727,0.0193783999168727,1.65223370916041e-07,1.38120576853211e-06,0.850189483729827,1.64296008771006e-05,0.0282171545675577
8081,6598,0.15916495503023,0.0941969184916949,1.88722909947171e-06,1.64649859667739e-05,0.707976989144356,5.34974446389964e-05,0.0385892876740137
8702,4081,0.335009476308059,0.142810332614386,2.16657106040053e-06,0.000223026473825282,0.499203216049357,4.73535418060404e-06,0.0227470466291325
9185,2762,0.130838203050764,0.0531559813286678,1.89101039157722e-07,1.31946942855063e-06,0.775486368782904,6.6792849528284e-05,0.0404511454176682
7666,10434,0.250400048794613,0.0246479960324277,2.38714547456081e-06,6.93093777781645e-07,0.621749027630772,3.76544975743079e-06,0.103196081853177
7875,4560,0.321404729812733,0.00278936123653054,3.68299865948552e-08,3.2261775591699e-07,0.670085970170753,5.62743326768014e-08,0.00571952305790795
5875,8995,0.103901122811497,0.417753002622765,1.28454998382078e-10,1.4309704957423e-05,0.473934701390297,2.23933608536454e-07,0.00439663940841988
8013,3601,0.296036974390835,0.00603214276634237,6.79659591114744e-07,4.57838697920551e-06,0.688094967056537,7.85752745770404e-07,0.00982987198697028
3947,5637,0.270049432238207,0.132914890352138,7.95941916563773e-08,3.00722151480464e-05,0.570746502323873,2.15745871755502e-05,0.0262374486892667
4843,6477,0.137852521378335,0.170439979374691,1.03402250524231e-09,4.00817030799536e-06,0.688923780959702,4.7829237204876e-07,0.00277923079056967
5049,7316,0.336652443189586,0.271294666362993,6.87968631771354e-07,0.00011894698998609,0.372030861982027,3.9223916869507e-05,0.0198631695899075
9115,5040,0.526960674291081,0.126735771259929,4.30237619382886e-08,3.92597163923218e-05,0.316240781381614,2.01318801667772e-06,0.0300214571392045
4362,2520,0.20819745102796,0.0700124167413136,5.40763425952489e-09,4.95664492144903e-06,0.694207267835732,2.81044757463736e-07,0.0275776212976822
4085,6117,0.268231804963009,0.285455003175943,2.53252296978737e-07,5.96196921663538e-05,0.419788859076126,2.40120560532163e-05,0.0264404477844063
4428,9354,0.0532850773721671,0.415028237679715,1.23804515251282e-09,2.19087706350379e-05,0.509190619034613,5.45649629200968e-06,0.0224686994085335
7528,10194,0.158141168582152,0.045399374118589,0.00544409052207869,1.08993393441206e-05,0.748078922563978,1.01443233444489e-05,0.0429154005505135
9254,2403,0.162782416818731,0.0212782904939463,1.52832438272668e-07,5.19602966097178e-07,0.779319191270109,1.85048142299543e-05,0.0366009241675792
9530,2643,0.0927989200244323,0.00144329460308583,4.94365595171477e-08,5.27994276434407e-08,0.891934643949252,5.89197030456566e-07,0.0138224499902117
4290,9833,0.187660958940469,0.0734050848015356,2.11422870905387e-09,1.31097453539486e-05,0.735833871668945,2.97036656351102e-07,0.0030866756928116
6150,10433,0.0871179702377006,0.38521825654452,6.33279656573865e-09,9.98232087466198e-06,0.512483163849181,7.11012793090838e-06,0.0151635105869967
5806,9594,0.136493049608806,0.491506698531141,6.76429382133787e-10,1.02371006525416e-05,0.368011163162966,1.40962628906102e-07,0.00397870995737664
7049,4080,0.351984211174142,0.117362492716002,7.95313367605876e-07,7.35919215719326e-05,0.522462510604813,9.52553804314819e-05,0.00802114288967155
8355,9475,0.091145158746494,0.0168349633272894,0.000202493581244203,2.28583855416564e-07,0.794077042427658,2.50435270349857e-06,0.0977376089807559
7256,3001,0.225548210874059,0.0517628370352035,7.25541432728811e-08,1.1631601863622e-06,0.715224247145324,4.7714762037223e-06,0.00745869775487993
6083,5278,0.110808800659838,0.132962077859533,1.99091289145573e-07,4.97968274421257e-06,0.704191448461955,0.000114507532589148,0.0519179867120515
3328,5037,0.424233362805282,0.0167826956327261,3.53982192104409e-07,1.2727398252095e-06,0.525011188020322,2.16216523007702e-06,0.0339689646544233
5876,7077,0.217932266485039,0.0814545637231735,2.10129973668798e-09,2.20813653137357e-06,0.698861628972909,1.20171253135892e-07,0.00174921040979508
3122,3479,0.188856615976507,0.108912726375993,1.30613036560355e-08,4.86053460907545e-06,0.697545118058053,6.18811714801646e-07,0.00468004718181919
3742,3839,0.170840315139802,0.311324650072024,1.29979974489428e-10,4.38308851969473e-06,0.513109664661679,2.4028140900138e-09,0.00472098450518058
10008,9956,0.286751116280566,0.14554189277779,6.34486571687369e-07,6.15481073017877e-05,0.50118421440909,4.86987989602693e-06,0.0664557240587837
7666,9235,0.209016604948907,0.038021525861045,3.04269151603877e-07,1.16534517862472e-06,0.739326202424483,4.3680809049934e-06,0.0136298290703295
3329,2879,0.21365715733181,0.0254284828428263,3.4983685526335e-09,1.96382095702078e-07,0.755562766021662,6.80846591213518e-08,0.00535132583857801
4084,8994,0.0773982235948259,0.373991281000209,7.4894034120474e-10,5.45937034883909e-06,0.540032960724564,9.27751399883886e-07,0.00857114680971168
8977,5520,0.359673551634008,0.168278809443015,1.02313065687199e-06,0.000147252506939382,0.424435326709031,1.61004412103847e-06,0.0474624265322289
3877,7915,0.156369485382122,0.378115526243974,1.34285951630282e-09,8.77432903550897e-06,0.45401191197735,2.11526952961081e-06,0.0114921854551288
7598,8156,0.242212238320505,0.113805112507385,6.39984089575623e-08,4.53910504130424e-06,0.590383853211245,6.85392152960798e-07,0.053593507465262
6636,3361,0.36856043846541,0.0319009087203739,8.32113980430759e-08,4.35614757117348e-06,0.593779053794247,1.28260119776786e-06,0.0057538770598019
6221,6238,0.167351113504369,0.0535972065578086,1.12828659399893e-08,9.01405190011566e-07,0.778113856441011,1.54858268571387e-07,0.000936755950487143
8082,3241,0.161055032236679,0.00277499250763541,5.57399254937573e-08,1.35866655498661e-07,0.821410991447299,4.23312394971653e-07,0.0147583688894099
6151,8995,0.0873308405711145,0.449188220494231,6.67723867356336e-11,3.53377078881157e-06,0.456809188187563,7.69023101408325e-08,0.00666814000722008
8561,10075,0.113207728401736,0.000621831342449996,0.000811559434510861,6.94726857823952e-08,0.796217841399638,2.71248722237695e-06,0.0891382574617576
7461,6238,0.168997244252816,0.039933452991414,1.82227366818188e-06,1.18812501591815e-06,0.769100733156398,6.16398203397316e-07,0.0219649428024844
4498,6117,0.132955469637934,0.19545404294521,3.69537341865586e-09,5.25535727995714e-06,0.666396881299557,4.66323774644769e-07,0.0051878807408711
7667,6598,0.121247158180782,0.0480007806392505,1.31286965862419e-08,1.16383486113782e-06,0.797935309175601,9.0512690056629e-07,0.0328146699139088
3673,2520,0.190303105161713,0.180806589644976,1.18733472658004e-10,3.3934771586771e-06,0.625358526555182,2.25874579184408e-08,0.00352836245477868
4290,8874,0.135576074814778,0.40797309717138,4.96716059901709e-10,1.68110952020113e-05,0.449223088514682,2.84232088763959e-06,0.00720808558635366
9321,7078,0.0860554141513012,0.0734226127507655,3.96925154663459e-07,2.29508013458456e-06,0.780280798956124,5.51181362917714e-05,0.060183364000228
5255,9354,0.178798177604202,0.479634557171621,3.37869844827516e-09,8.56401183244088e-05,0.33036030333497,1.75354641858151e-06,0.0111195648457661
5119,4798,0.421813391907542,0.0497421784884414,7.19313309398585e-06,2.77176048347474e-06,0.441316292899266,4.79251266155038e-05,0.0870702466845578
4704,8634,0.0698703311952505,0.42142681816817,3.10307895588187e-10,5.16102132159308e-06,0.505087500022852,3.93317455349643e-07,0.00360979596464213
8355,8516,0.109796815569147,0.00286593686668523,5.49013040617099e-09,3.77964202575635e-08,0.849372722755024,2.90225612002692e-07,0.0379641912969819
8565,3122,0.164549017544913,0.0121338567758301,4.49946120707137e-09,5.40928730380148e-07,0.818322736320025,3.06889684363081e-07,0.00499353704135604
5530,9834,0.101419779581904,0.435886838346541,5.64813270565931e-10,4.54727938727243e-06,0.45586908139893,1.36389852633486e-06,0.00681838892989718
6564,9235,0.117368361506546,0.462422800703895,8.17267147289264e-10,4.54684893329942e-06,0.416991910227386,4.78347271107602e-08,0.00321233206124492
3740,7195,0.246440251731168,0.258469992217755,1.12286735889048e-07,2.02313610623939e-05,0.478710627745612,1.03296629683116e-05,0.0163484549946987
9874,3722,0.399193691451823,0.0703084114911118,1.06890096525935e-06,3.17607319175565e-05,0.518615653803249,6.77533549785827e-06,0.0118426382854363
7667,8276,0.286824137268773,0.17353529835409,1.56324904495627e-06,4.66988543341652e-05,0.512671538789925,2.17185246890746e-05,0.0268990449591445
7461,6718,0.259291801488828,0.0114857678473581,1.06619164001886e-08,1.30751606875547e-07,0.702961094042375,4.28979832158624e-08,0.0262611523099321
9323,2762,0.129495601615555,0.0100391329622243,3.26332784874142e-08,1.94653191300356e-07,0.846183205992845,1.72141064275614e-06,0.0142801107322632
5461,9234,0.1901073954479,0.345717579435518,1.34003243715427e-10,8.35490345558987e-06,0.461526853832762,1.59694633586586e-07,0.00263965655172817
3259,3958,0.0774947403438573,0.170791790038815,4.7793499826515e-10,3.74679669863614e-06,0.735037175775188,5.56189296225519e-07,0.0166719903782099
6908,9115,0.0831867778559246,0.37764801916742,2.73405548218597e-11,3.44048791856622e-06,0.535390384919348,4.90139351226508e-08,0.00377132852811377
5119,5518,0.356455389017872,0.071796880034907,1.50110361327727e-06,8.58016100237323e-05,0.557172286419478,1.0811915152915e-05,0.0144773298989532
6429,3001,0.244873387866389,0.0180463243476477,5.18625545058571e-07,5.2349426613893e-06,0.681944914502486,3.04091413792262e-05,0.0550992105738926
8702,3601,0.310132942947892,0.0719317424722444,7.99649699546803e-06,6.59096093557293e-05,0.579191651761054,1.83114235864541e-06,0.0386679255700988
5739,5638,0.191752298134313,0.140639877408265,2.04953297588065e-08,6.81699598329282e-06,0.634235025857211,1.96250713824712e-05,0.0333463360375149
5186,8035,0.253551004848756,0.360308990002955,1.74139037103807e-08,0.000168387273218669,0.366509684954625,3.69391909888301e-06,0.019458221587442
4843,5757,0.108930186498573,0.220996311316639,4.76810340516851e-09,3.3982521588883e-06,0.665351570541513,1.94233978066823e-06,0.00471658628323141
3880,1921,0.224958006577605,0.0816782552794269,8.30132567631353e-09,2.75449814205411e-05,0.684574553938322,4.87706727913817e-08,0.00876158215122662
4773,8754,0.0966463768813035,0.429957442572,7.07015505970054e-10,2.1858053885134e-05,0.464484408952959,1.01515815713215e-06,0.00888889767467917
8151,4560,0.314998490788973,0.176200105476142,7.16852778686091e-05,0.000227136451175066,0.455358127268615,3.63450112467427e-05,0.0531081097259796
4774,5877,0.110371276094732,0.233335553576053,9.64470725442591e-10,1.49289904763923e-05,0.654206030361436,2.69516658163688e-07,0.00207194049617352
8839,5040,0.471847797775928,0.125118285716969,2.49352361233039e-06,2.31200558161029e-05,0.363290541315568,4.45838377178596e-06,0.0397133032283342
9389,8397,0.338718214681721,0.023817673961789,1.89913248617241e-05,2.98221921286652e-06,0.575933394886592,8.54835839316907e-05,0.0614232593418917
4842,7436,0.258095963166536,0.361396462847998,6.75962923613876e-08,0.000142033712181555,0.366705083374697,1.78799156286903e-05,0.0136425093866655
7323,6718,0.30524444456434,0.00924327441471839,5.37659099500807e-08,1.93462622834957e-07,0.646196723769075,1.01701181186155e-07,0.0393152083221526
9392,2163,0.215039285700537,0.118055279591826,2.1292493717116e-06,0.000205696061099351,0.644620814313457,0.000303489364832335,0.0217733057188769
4224,3959,0.244009424010064,0.04015469340376,6.03083884829772e-08,1.17740773005208e-06,0.67686159680873,6.9781983767705e-07,0.0389723502414893
5117,8395,0.209822851379451,0.360221647827202,5.50160969060998e-08,0.000116776093315243,0.420080120273059,1.09286324129461e-05,0.00974762077846324
4983,1921,0.293750700959644,0.0160884494464429,8.85859222397548e-10,4.10353056937555e-07,0.630017998566073,1.45449964617336e-07,0.0601422943389599
9320,8277,0.224957354070563,0.0297016007689478,1.27359271647666e-07,1.92083729779475e-06,0.686656544301452,1.12577726565561e-05,0.0586711948898113
8633,5160,0.307768981897296,0.290425381655888,3.14969776763228e-07,0.000185852063403993,0.350350263598075,1.16766971056131e-05,0.0512575291184557
7394,2042,0.215380961749348,0.0622768968893731,1.67867084155132e-08,2.5837061346606e-06,0.712005209334629,2.12101901992547e-06,0.0103322105147862
4016,5997,0.267047278868927,0.250751280976858,1.02683236286608e-07,8.7510141310266e-05,0.463451215523642,2.17694080701384e-05,0.0186408423979562
6290,5638,0.320176971364783,0.0599536039255666,4.87989461592575e-07,5.57187716915283e-06,0.583812507839589,1.06247626780102e-05,0.036040232240752
7876,2882,0.302111218813648,0.0528455136211511,2.43158261679742e-07,2.20071280077871e-05,0.620662316565206,1.97074606863245e-05,0.0243389932530389
4018,2161,0.252941900155903,0.188029132309516,2.99458138458291e-08,3.23189130875027e-06,0.526974840944064,8.32303923540248e-07,0.0320500324494712
4084,7795,0.200902362272005,0.419766689110565,1.05683149756673e-08,6.82980443184615e-05,0.365845453120855,1.92620729271657e-05,0.0133979248110143
8771,4920,0.415218098060294,0.0896955680093708,2.09883354930555e-05,4.68334861079979e-05,0.437460814664754,4.01569373521929e-05,0.0575175405066276
5255,8635,0.199910342745945,0.416294964862018,1.67977278798327e-07,0.000214603738070006,0.368800089715364,3.2725795002792e-05,0.0147471051663215
4085,5158,0.210008477729911,0.139609875662205,3.26661180032252e-08,4.24879100653116e-06,0.588878780324334,2.01136380304963e-05,0.0614784711883948
6704,4679,0.453537800619941,0.0277498198979814,3.59248298304213e-07,2.01096285483083e-06,0.498261595986206,4.03430740864955e-06,0.0204443789773102
9805,2403,0.140030178706617,0.0234737937225486,2.71302982719586e-07,1.92798721288313e-06,0.823837819715296,3.48352764478975e-05,0.0126211732888949
8978,2642,0.322914873834106,0.0404011134683493,8.55678285950323e-08,5.23508991165805e-05,0.62952504809046,7.996105666895e-06,0.00709853203447282
4087,2280,0.287622474603703,0.205347650897243,3.95198696949634e-08,1.8997026100074e-05,0.479121306872417,1.20055423173501e-07,0.027889411025244
9459,5400,0.448009002195383,0.0065956901375206,6.49351187483906e-08,1.77340162876161e-06,0.487915130545387,1.76735213605122e-07,0.0574781620497484
7461,6478,0.218824438613185,0.0543445068119103,8.9661954819538e-07,2.78573912240025e-06,0.657654121005803,8.06120188988777e-06,0.0691651900085414
6910,5519,0.0813563306806381,0.169766771901463,1.97010197908294e-07,3.72041324198816e-06,0.736093199628794,1.09108771925217e-05,0.0127688694884727
8632,7557,0.0497837649043178,0.0924501841268553,3.31642921535758e-07,2.4126684991443e-06,0.808947280470273,1.35017542556973e-05,0.048802524432878
4569,1921,0.253771888065729,0.0739985544720869,4.43951851363443e-08,3.0393733952118e-05,0.642687038953337,1.77219963943983e-05,0.0294943583833161
5323,9953,0.143659184739343,0.45399906575339,8.43926262908861e-10,2.79405434186529e-05,0.387104989672933,3.13923780520563e-06,0.0152056792091833
9528,5760,0.359336174672177,0.230241252578321,2.42424341459919e-07,0.000227507613246556,0.345803622510348,2.23113364990667e-06,0.0643889690679165
7184,8396,0.141103744206083,0.162477927096812,1.23932202905904e-08,9.68633796242785e-06,0.675725622262447,3.64762006847501e-06,0.0206793600834063
7942,8996,0.0620590790941976,0.076935638926045,6.12023537257148e-08,1.15571421140946e-06,0.832635618322962,8.89292414591136e-06,0.0283595538160848
7876,3121,0.432000379583944,0.113201860442508,0.00157687086919695,0.000570143800291129,0.422753601244407,0.000831946943593412,0.0290651971160594
7117,5878,0.221604509565501,0.0619603272786984,2.63876928920877e-08,2.26120844255416e-06,0.664502758198196,1.34548178033622e-06,0.0519287718796887
4981,5518,0.279087698077745,0.11071899414822,8.79532911116196e-07,1.20146469718015e-05,0.584495332361865,3.92194216526569e-05,0.0256458618106346
6978,7796,0.320554732278887,0.0212068702480895,1.75435272550079e-08,8.42427524632328e-07,0.640142702881928,1.06943870338529e-07,0.0180947276761738
7048,4560,0.344788093020816,0.0525271040020299,1.18616703473344e-05,6.53756642009719e-06,0.589332338719201,2.83519402004219e-05,0.0133057130809853
4979,8874,0.212183264661362,0.440455103204363,5.55810694797579e-08,0.000215645199688635,0.334143808512084,4.5685517284593e-06,0.0129975542897048
4497,9713,0.156452265770095,0.333276858844891,6.32394940614425e-08,4.34623777888954e-05,0.494445568500033,4.7925249343566e-05,0.0157338560183544
7735,10314,0.165627504332342,0.0320286338529312,0.000126659615777953,4.12989039577906e-07,0.695541540327394,3.23095904810313e-06,0.106672017923468
8769,7797,0.0487940148952269,0.136652298882152,4.46373382628989e-07,1.21546319213857e-05,0.741430309206454,0.000102221704256093,0.0730085543066066
7117,5639,0.208199182301314,0.168955602806875,4.10747805971988e-07,4.91877179218618e-05,0.595149857028242,6.93084855607885e-06,0.0276388285492856
4290,10073,0.142308387808831,0.191776988938316,6.91254242912513e-10,4.75814709385372e-06,0.665051074116978,3.63001525025498e-07,0.000858427296001973
6426,8995,0.0560175421777944,0.38143786622664,2.31582900907641e-10,9.12875895379593e-07,0.557007146866971,4.84569090910015e-07,0.00553604705202497
9527,7917,0.114497112407825,0.108938194021263,1.30702257470853e-06,5.06231806407813e-06,0.70526297747116,4.75523759767169e-05,0.0712477943831371
6910,5039,0.177286778355115,0.168116185549582,2.04025258696315e-06,1.21307908131467e-05,0.646177811810307,2.56512434058326e-05,0.00837940199818966
6154,2761,0.162300281608232,0.079128425658668,1.06875272885359e-08,2.76986626586052e-06,0.70553116272099,5.57228430939618e-06,0.0530317771740074
3533,6836,0.257489263753184,0.207844857824756,1.13569382409959e-07,1.53450958442859e-05,0.515251292938883,1.76096523738011e-05,0.0193815171655767
9323,3002,0.0775371527898835,0.0132771983077736,3.76909812131276e-08,2.57589751929161e-07,0.879661410115044,1.73147437729642e-06,0.0295222120321881
6770,9834,0.0813614689862168,0.305887800339225,3.04975080316394e-10,3.55690928054823e-06,0.608707031912006,2.51764591324558e-07,0.00403988978370547
8012,5759,0.267372838939393,0.246977181842759,8.79540309210645e-07,5.51214302214945e-05,0.451388846039169,5.09248104732041e-06,0.0342000397271004
5117,9114,0.242509721438647,0.427610007223675,1.05851524969089e-07,0.000173216199166967,0.31320988550028,1.86172718364742e-05,0.0164784465148692
8217,8996,0.109526455592793,0.00407095834371113,7.97948191320304e-08,1.04530592603037e-07,0.87005924035891,6.35653626808239e-07,0.016342525725547
9392,3122,0.14308137370293,0.0345042841674042,1.05798248695571e-06,5.41365250244561e-06,0.770519242238324,1.14641153654185e-05,0.0518771641409867
7046,8875,0.0192421886521634,0.323056546325678,6.38005398615937e-09,2.54796807941604e-06,0.647795811757221,3.24411479130951e-06,0.00989965480201279
7528,8995,0.132067608410959,0.138365539832567,1.24384246774515e-07,5.16981167329654e-06,0.714862024261527,1.0991287459428e-05,0.0146885420115683
4154,6237,0.244004556727713,0.178000520698313,5.69032583793699e-08,4.89598578246057e-05,0.563079792775765,6.43726165365547e-06,0.0148596757754723
6426,10194,0.163130748971409,0.230414530745791,2.38910956359774e-07,9.96861153465714e-06,0.584817189897579,3.56873207043362e-05,0.021591635542025
4431,3360,0.237460190257011,0.00905070845165385,2.85034226916382e-08,1.05750898336777e-07,0.655287461229883,3.71151374500527e-07,0.0982011346557573
6705,3001,0.408206772083054,0.0588274562265873,1.31216345379582e-06,7.67427220092169e-06,0.50963728232337,2.00166325644911e-05,0.0232994862987701
4153,7435,0.233453002268969,0.440726747330496,6.01730898295787e-08,0.000123917794588622,0.308848495998442,3.62934149819114e-05,0.0168114830194322
7735,8636,0.233234437055889,0.127790150927135,2.65763924516383e-07,1.91249002697831e-05,0.607477934437783,9.39339755514641e-06,0.0314686935174435
6635,4080,0.370882218780104,0.0516548080310851,2.27985762552496e-06,1.21419596987468e-05,0.560397131918584,3.87803519063666e-05,0.0170126391009962
3947,7555,0.221614121648136,0.321757672089704,2.54484372697808e-08,1.81935676365899e-05,0.445463166866295,8.79538172430802e-06,0.0111380249980674
5049,6597,0.222827966552673,0.149104982407829,3.48576411863632e-09,4.68909558260873e-06,0.6224847914547,7.20069441597029e-07,0.00557684693400996
6429,3720,0.385093926486418,0.0419026853500284,2.05911011943324e-06,5.74016286677609e-06,0.55858352468307,3.0679708630039e-05,0.0143813844988674
3673,3239,0.19657009762407,0.301011013578236,1.24672666161087e-09,2.58863129804399e-05,0.494440525235567,2.83248333167471e-07,0.0079521927540874
4431,2880,0.317802510124744,0.0378348015476755,6.60223410008223e-09,1.99941647691391e-07,0.593490457728601,9.12036765793848e-07,0.0508711120183312
5806,8875,0.127253246905475,0.354667191815131,2.35640977956668e-09,1.84566385654101e-05,0.509931665979512,1.01120244890491e-06,0.00812842510245758
9254,2163,0.248543726624699,0.0279879157553735,3.68741560455292e-07,1.60340757991881e-05,0.690137732300648,2.29312174253321e-05,0.0332912912844947
3260,2760,0.22823971251766,0.0569863365163727,3.29829835659701e-08,3.83990497598517e-06,0.702771868702361,2.73721814183561e-06,0.0119954721575051
4565,10073,0.137053818920463,0.195375610627121,1.92044699793043e-09,3.86018595704826e-06,0.663345165891546,1.83122713350475e-06,0.00421971122733263
6428,4919,0.243291942257967,0.12501787269427,2.59002080154706e-08,2.98746769226575e-05,0.619194817052376,4.92051692472453e-06,0.0124605469013321
7048,4320,0.408139363514546,0.110648089444895,2.3647864705859e-06,7.26328866678401e-05,0.462509812622941,6.61206383068713e-05,0.0185616161061719
6771,8635,0.0582030522535096,0.271585914469081,5.43344414409927e-11,1.63849446869544e-06,0.666079842743264,8.48314193516277e-08,0.00412946715392241
4222,8754,0.0689332023082319,0.371913562811013,1.18238759122762e-10,2.57197981176715e-06,0.552319673628086,1.43905033806645e-06,0.00682955010427987
7943,6358,0.179272466372012,0.0232621973935332,1.38437229493819e-08,3.00733215422109e-06,0.773699811847463,1.02344991117314e-06,0.0237614797612043
5809,3600,0.313256969927871,0.0114637007739627,7.31520072376227e-08,5.89385685888888e-07,0.631599060382414,1.49413211185101e-06,0.0436781122459477
4153,8155,0.132511474624892,0.323710576964867,9.22849906189431e-08,3.02631803717496e-05,0.533146888839939,4.60850334494911e-06,0.0105960956015945
8010,9835,0.202888697999736,0.0145464409379587,0.0112570246997797,1.20281799697675e-06,0.717460780162684,2.00110134488219e-05,0.0538258423683962
5117,9833,0.157798026938316,0.517646472528373,8.00716802322598e-10,6.10731966546e-05,0.318950748471466,3.04052428588069e-06,0.00554063754018879
9529,4081,0.336103998960841,0.0614024937778211,1.49338234548181e-09,1.41392813504698e-05,0.577262801570994,1.29879188493223e-06,0.0252152661237264
3534,6596,0.292115794868603,0.119831822059289,5.91136168515266e-08,7.36895099024312e-06,0.557254374471829,1.75661362353494e-06,0.0307888239220484
6908,10074,0.0969682468356603,0.41519513874578,1.32232265463796e-10,6.21187844570167e-06,0.484822361460007,1.0695792528682e-06,0.00300697136862171
8562,9356,0.213578983925264,0.0707565099669892,1.28024436433939e-07,5.82422982384264e-06,0.691431618742701,6.43886637215884e-05,0.0241625464470645
7186,5279,0.158310495730423,0.318694532295944,1.89562362887278e-07,4.92154462802058e-05,0.51558930052777,2.21300217035373e-06,0.0073540534350501
6636,1922,0.489296631640914,0.0391168544342192,8.06443967876038e-05,7.93017997280243e-05,0.443149887679148,0.000312684567340098,0.0279639954818634
3808,8274,0.161858270002548,0.390066552462446,1.02669819897266e-09,1.24253436595294e-05,0.44295847273546,9.25090208272618e-07,0.00510335333897996
6635,5279,0.326007358401788,0.073191101121826,3.77912042363693e-08,7.85142863199763e-06,0.585974334234818,6.90494453379647e-07,0.0148186265272777
5672,1682,0.194605098587683,0.0369373964040446,6.04490070863156e-09,4.9237014674706e-06,0.758339926860412,7.77802811649069e-06,0.0101048703733753
7325,3121,0.308552809000986,0.0768459688848067,2.06276869450726e-07,2.66428793142835e-05,0.603808565672056,7.50575514470041e-06,0.0107583015308222
9252,6958,0.0838269693953508,0.100391435956995,1.1568973270519e-06,7.88094030221376e-06,0.762152010270653,4.76277011698166e-05,0.0535729188382018
5117,8874,0.226371333932925,0.470184982418968,1.29404438266964e-07,0.000382231174963125,0.287829305678919,1.22119112969794e-05,0.0152198054784897
6358,7916,0.223985435667881,0.245732393778374,1.34808905265091e-07,1.93190144057365e-05,0.524867927401472,2.21830132164771e-06,0.00539257102764053
7118,3720,0.430231486696013,0.0564212338767828,8.42658361541462e-06,8.65818427443281e-05,0.485934406153958,6.36962543926741e-05,0.0272541685924936
6014,7077,0.124792220048328,0.144210682637225,8.50122416395944e-10,6.33239867047937e-06,0.73031738237265,1.77596054819404e-07,0.000673204096949084
9322,5160,0.400842163177982,0.248515407063634,2.25867568895583e-07,0.000132926153875971,0.326477501040878,8.08840557747304e-07,0.0240309678555042
4086,3239,0.165186010440482,0.0266238564660901,1.25036428500393e-10,1.46437418564131e-07,0.777821425670103,1.89611500228861e-10,0.0303685606712582
3465,5277,0.318951229634644,0.0243174740505127,6.09187600262328e-07,1.16453087344768e-05,0.600232656699904,7.56505837313072e-06,0.0564788200602314
4359,9953,0.176920266709771,0.173694795871307,1.58984147576315e-09,1.40994387531687e-06,0.644865930661977,2.40799128856349e-07,0.00451735442409906
6774,1443,0.14928664116123,0.0131723723214762,2.37459430541421e-09,3.40059891391558e-08,0.832755622303306,2.55335918479157e-07,0.00478507249748549
10009,8757,0.431316351310576,0.0407836514852689,0.00138770898975686,0.00012945097433826,0.479862892877107,0.00109839192202364,0.0454215524409298
7598,7437,0.100557132715794,0.0122357584652355,1.84824398552613e-08,7.08520808644495e-07,0.870397255333008,9.13432375622528e-07,0.0168082130503381
5740,3240,0.333010413330527,0.0186816048757997,5.81205124174963e-08,5.55063987528112e-07,0.632474248737421,1.61750855365899e-06,0.0158315023631988
9320,8757,0.0828979337175965,0.000625471811073614,1.61323139848418e-06,1.25427737671055e-08,0.849207031029524,2.22079128433128e-07,0.0672677155885054
6634,6238,0.292282414692422,0.0658632859579893,2.83056771598138e-06,6.71373105301159e-06,0.586474038899367,5.93151533948762e-06,0.055364784636113
7876,2402,0.377390580613998,0.0644802804933399,7.36752462813339e-08,7.50485950858304e-06,0.535647037301549,3.63489329776201e-06,0.0224708881630609
4290,9114,0.0645782624224324,0.404822620952246,1.23477033543689e-10,4.89548171182988e-06,0.521416252642087,3.59757589292737e-06,0.00917437080215205
8769,8996,0.1699395977838,0.146416173267831,1.80267744958246e-06,9.63029643319863e-05,0.663536138594912,9.6018551015236e-05,0.0199139661606598
7390,9954,0.155802436578642,0.120428266783535,1.36679207344118e-07,4.02368416975198e-06,0.708298353362892,3.82506915102626e-06,0.0154629578424033
6494,10074,0.121119508553042,0.328525386157425,1.97729748556092e-08,7.70048489209804e-06,0.533412995335764,1.54266214945302e-05,0.0169189630744076
3948,5158,0.277372372649822,0.118117467619597,2.18172230048718e-07,1.96294342185992e-05,0.572023610606318,2.69793918944859e-05,0.0324397221259207
8703,2642,0.26225633584039,0.00969132799932027,5.92899894977328e-08,3.97395888776513e-06,0.67831829185484,1.76371360950916e-07,0.0497298346852111
8565,3362,0.217086590109314,0.00995540808238773,7.46678791572494e-09,3.14058465612317e-06,0.768337143499197,6.58387430097321e-07,0.00461705187022713
6839,10434,0.0975734836926795,0.431570547398019,6.66848248224401e-12,3.56279561183462e-06,0.468398835850579,5.15727533306098e-08,0.00245351868368841
4773,7316,0.249076632792936,0.402564102599137,4.65137653911722e-08,0.000215602536992516,0.322905043794116,1.21610730928083e-05,0.0252264106899608
7529,7797,0.243453968829066,0.0930250270139525,3.98576376265056e-06,2.34613391890692e-05,0.627233395536027,1.50013561734578e-05,0.0362451601618297
10080,3842,0.338426895918017,0.0773379531644509,7.72097872366559e-09,6.5267753222366e-06,0.561581309569704,1.72081285921205e-07,0.0226471347702408
6015,4919,0.294248007159047,0.0231611629747133,1.81773829697605e-06,2.24971154681981e-06,0.656821980728283,1.38235473964616e-05,0.0257509581407164
8425,7437,0.0933964564104164,0.0738721135307435,5.64840334516564e-07,1.6573545894674e-06,0.791905959539848,3.65356777308399e-05,0.0407867126463372
6151,7316,0.186527155716252,0.0757497759712803,2.93268800683914e-09,3.45787609638076e-06,0.735605705595761,1.73630132430812e-07,0.00211372827778915
4153,7196,0.252724813569351,0.367903616992758,8.35655601420677e-08,8.17038905011939e-05,0.358163303289223,5.992797166714e-06,0.0211204858954397
7945,3481,0.194097662447895,0.00336337386632572,3.47292228220468e-07,6.40869665105111e-07,0.800755680014296,8.202872901791e-07,0.00178147522230048
9733,10195,0.289531600605342,0.242276820127544,3.44610050881514e-07,0.000106438168142991,0.429617407192748,2.57645572348731e-06,0.0384648128404485
8495,5879,0.321775320773373,0.0633027908804065,2.39886939298759e-06,3.45783743850499e-05,0.552360040633899,1.15215162652209e-06,0.0625237183169167
3879,3839,0.0451942433472967,0.0257541718684685,1.29313522937114e-13,6.84146451296115e-09,0.928975934724545,1.71097193435006e-11,7.56432009860715e-05
8976,6718,0.10073496284025,0.043975881165295,3.26734063986453e-07,1.78215835585218e-06,0.731907180051542,1.21069506567802e-05,0.123367760099837
6220,7916,0.304440358576623,0.0894425192711568,1.76948715852673e-08,1.68768974750623e-05,0.601079788191138,1.45268960242088e-06,0.00501898667913349
6705,1562,0.14474751397264,0.0247712709521262,1.92458823207817e-08,3.23414050787597e-07,0.8211310966647,1.33331893403493e-06,0.00934844243166669
4429,6716,0.260441138969174,0.196097583278695,1.41966215865979e-08,4.14362004215539e-05,0.534935548283454,2.32482845758178e-06,0.00848195424317611
7394,1563,0.209157825556188,0.0130978536603081,1.85317343313186e-08,1.06124516993383e-07,0.77575596525232,2.80490287973079e-07,0.00198795038464455
7805,6598,0.230766297073914,0.0521953841832842,8.59716468751162e-07,1.36205650611136e-05,0.702464398153454,7.9232136651904e-06,0.0145515170941528
9182,9955,0.277270344197194,0.0318274287876196,4.15863497666337e-05,1.74458894470402e-06,0.644600148690808,6.00188181568986e-06,0.046252745503852
10216,8637,0.314467818498776,0.0254775272679014,0.00436427153727249,2.4025441925334e-05,0.615186505637415,0.000250878260237808,0.0402289733564712
8425,6478,0.22911602120567,0.0147335658805004,5.74892231939027e-08,1.49516044327763e-06,0.722778751825374,2.46461862612021e-06,0.0333676438201631
9046,4920,0.50445933574016,0.0789708318640517,3.64051536146788e-08,7.06254961407027e-06,0.39913183056429,1.24663626618035e-07,0.0174307782131036
3397,4198,0.110952855993982,0.249720180713033,2.46777309733156e-09,5.64343048900564e-06,0.633382943376546,2.11764831074639e-06,0.00593625636986612
6843,2282,0.265624606721078,0.0360148404418732,4.51159531840101e-07,8.69106081297773e-07,0.693688124233217,1.97290366233619e-06,0.00466913543455581
8425,6958,0.115339712445894,0.115183819710307,5.55312352343752e-07,1.69683291546148e-05,0.728806501984531,8.85859785571058e-05,0.0405638562392043
5876,6118,0.18441097573736,0.0150150461072401,3.31068999992995e-09,7.18443449072653e-07,0.800138896784562,9.07031533001152e-08,0.000434268913545386
5531,8155,0.226585516512458,0.34639705940597,3.27605053693563e-09,0.000100346360224272,0.414850899174929,6.14094599124722e-06,0.012060034324377
5323,9714,0.15427322571687,0.430761938915923,5.56193859220261e-10,9.21304010545882e-06,0.408520287974839,2.00135964945472e-06,0.006433332436419
4568,3839,0.198128744125072,0.0155328218192902,3.96430852658726e-10,2.4637056170423e-08,0.720920454789614,5.00172281147553e-07,0.0654174540602557
8082,4200,0.378080757070737,0.0225944800336529,6.9212178893264e-07,3.08239145936602e-05,0.565862994004156,9.80491673268982e-08,0.0334301548059045
9116,2643,0.200702840787759,0.139251126672798,9.09950854425918e-07,3.73609015398547e-05,0.634102654269794,0.000167058735244444,0.0257380486820105
7185,6478,0.182105732575215,0.0167973867089461,3.73572371294382e-09,2.99754600565095e-07,0.778146062827922,1.67458720491163e-07,0.022950346938873
8493,8037,0.0271526056590689,0.0136273896885748,9.184241458824e-09,1.36564709436364e-07,0.945955840579938,2.98475183799586e-07,0.0132637198482837
6358,7197,0.235406208023708,0.086197450115201,3.26962532812561e-07,1.90908628577844e-05,0.675339800181865,3.76642171089384e-06,0.00303335743212421
6222,4080,0.253170465986921,0.0194470197556971,3.14185047290055e-07,1.1800243376113e-06,0.681562448671256,2.43822436120034e-05,0.0457941891331284
4706,4079,0.199174451522012,0.00170798332073458,4.50680707275613e-11,3.45312028702742e-09,0.799068398828711,1.21043193855349e-08,4.91507260348612e-05
10077,9836,0.243746469888302,0.185684854562955,1.98921408181476e-06,0.000368809775075776,0.534514240258006,4.5997494391795e-05,0.0356376388071875
6705,2761,0.215437319248135,0.0239103253280583,1.02313188076807e-08,8.31962468527536e-07,0.752861433044547,8.29877305733993e-07,0.00778925030816596
6770,10554,0.0495777435707319,0.494303788512665,1.93791730736656e-10,4.0145541400421e-06,0.447343382885165,3.30247265828689e-07,0.00877074003624034
5463,5158,0.15061677653073,0.105103156709629,3.64274847456257e-09,1.92290491310686e-06,0.667756503620454,5.59246094535686e-06,0.0765160441305802
5671,3360,0.297443785533905,0.00525787835810999,7.96272385043239e-10,1.49740263103509e-07,0.678719611143128,3.19712783943472e-08,0.0185785424570431
8010,10314,0.0520810463704094,0.0160837191484548,3.35671761025318e-06,4.51662808465555e-07,0.776956558367448,5.59358393992078e-06,0.154869274149329
7321,10314,0.103464484928647,0.180953646087102,4.69022964529752e-08,6.20824540869108e-06,0.685470416441902,2.63491432759378e-05,0.0300788482513686
7738,4080,0.406522008070812,0.260411390981025,0.00763185303486704,0.00193241289941361,0.28900636364713,0.00257035114887616,0.0319256202178764
9390,5280,0.567762045252357,0.0325768589108594,4.18445181847966e-08,1.67182578659343e-05,0.360781428885474,4.45893953450834e-07,0.0388624609549724
8080,8756,0.11827206288195,0.0645550051097873,3.76907100384578e-06,1.8608713132914e-06,0.810717696705246,1.55652850851499e-05,0.00643404007561447
4635,9474,0.132431793588332,0.435119386623367,2.32264964329475e-08,2.84102411952442e-05,0.425490247673719,1.45244713394952e-05,0.006915614175551
3602,7915,0.169402741622818,0.408809333609684,2.12930770537526e-09,6.05144342947637e-06,0.412755896124594,3.00745974425828e-06,0.00902296761042209
8630,10195,0.189232363636312,0.00253667519123789,0.128879865908253,1.30800291349101e-06,0.612960566790209,5.61074778119802e-05,0.0663331129932624
4913,3719,0.217884531928776,0.00236205565259119,3.12946299712149e-09,5.34868609761748e-09,0.779408249459925,5.26820159613758e-09,0.000345149212356677
6497,5758,0.181997048442398,0.0748748568455586,1.62685654270448e-07,3.6913866941302e-06,0.720886117685314,9.57129186920509e-06,0.0222285516625119
5806,8155,0.198850466715027,0.268090451216893,1.42035188637471e-08,1.76496303185668e-05,0.52346918393946,1.41891717198256e-06,0.00957081537761024
9530,1923,0.138489487653028,0.0196839520067356,2.36047838009271e-07,1.69330399646768e-06,0.817646406062265,2.94479025617927e-05,0.0241487770235751
8424,9595,0.124324632054456,0.0587040671020974,0.000219897105575247,8.37802913456587e-06,0.761600222159851,4.35563751964492e-06,0.0551384479113659
9941,7438,0.267551296693498,0.112509270145239,5.08469439256989e-07,3.78594849086099e-05,0.585861374057258,0.000117157344312948,0.0339225338053444
5463,6117,0.176586406892495,0.131830537408953,2.09823293497395e-08,5.04959760464277e-06,0.688582132165457,6.46600428220511e-07,0.0029952063527325
4291,6956,0.208042994007014,0.334114332432176,3.33957757203687e-08,0.000108564147586327,0.43967980946026,1.39495525980069e-05,0.0180403170045901
5600,7556,0.232634868160421,0.352910889814945,9.59206452322678e-07,0.000215251580231121,0.393233506716683,4.85657382841351e-05,0.0209559587829832
4704,9354,0.183364363846558,0.437911783373224,4.32908038144781e-09,7.63806812629957e-05,0.366973322102468,3.91042148714796e-06,0.0116702352459191
6291,2521,0.277629073221352,0.0265626866919279,5.54032189987721e-07,8.84244154480167e-07,0.639620109181796,1.5243054547442e-05,0.0561714495740325
8770,6119,0.348583779785511,0.13266764446704,3.36234191297453e-05,6.82422338141101e-05,0.453395324806212,5.27352390771413e-05,0.0651986500492162
9113,9835,0.128096488907942,0.0326347076140194,6.30828891750339e-07,1.51113366013813e-06,0.825536076045433,6.39015295298087e-06,0.0137241953171003
4085,6596,0.247637143477424,0.12637833876428,6.01411451353458e-08,3.94281016468386e-05,0.618060619296329,4.24049434090568e-06,0.00788016972483392
9251,9835,0.183837243694456,0.00973094299440491,9.51150106549638e-07,3.01023739090434e-06,0.76228484462007,9.22023659624375e-06,0.0441337870669754
6152,6837,0.128926515193027,0.102045721389529,4.15627516115031e-09,6.00519786659155e-06,0.767358255681736,9.04944223839136e-07,0.00166259343734222
6288,8755,0.0461538830918936,0.367129195771565,3.23235960963192e-10,3.41488459676475e-06,0.579061155002665,2.26985600331133e-06,0.00765008107004051
5877,3960,0.240402125568869,0.114091043794054,5.89990147086946e-07,1.85342583750701e-05,0.604521145117606,5.19038947643795e-05,0.0409146573761842
6909,7437,0.244876705454196,0.0889272524822159,8.50207970904323e-07,6.75783043529066e-06,0.618471799498167,4.61570717305042e-05,0.0476704774552843
4707,1681,0.272172487906066,0.0254791351708411,4.71007473601769e-10,1.36782549435612e-06,0.699179424396592,3.0498408226242e-07,0.00316727924591744
4707,2640,0.28822715538043,0.0207075034914792,6.4394411584444e-09,3.90835562924447e-06,0.663089829398322,1.34796918907034e-05,0.0279581172428078
4293,3599,0.295544443815228,0.0167090586037379,6.75266602307068e-10,1.714393174717e-05,0.657499020130787,1.54845819606657e-06,0.0302287843850376
6980,4200,0.466610686237669,0.0469048211417746,1.49077666907222e-06,7.78173481486531e-06,0.474595071450958,1.34679865558158e-05,0.0118666806715586
7391,7557,0.0592167646196408,0.0275542356880084,4.3563010359453e-08,2.26351527152313e-06,0.890463980518284,1.13047890647466e-06,0.0227615816168779
8149,7437,0.106079805778921,0.0864993859613328,6.75593178831489e-07,2.04906488440507e-06,0.755107545649896,2.31185476586139e-05,0.0522874194041285
8357,6358,0.131628741346393,0.0216348146036384,3.33242414906779e-08,4.43221471046081e-07,0.815792755332971,1.78145239197273e-06,0.030941430718893
8838,8636,0.366670210347677,0.0399708942841043,1.10278721337428e-06,4.74847668054781e-05,0.543591766007002,2.19396903725233e-05,0.0496966021168253
10150,2044,0.140743631815795,0.203502944380613,1.07605708531045e-06,5.11290778095807e-05,0.627906576272056,0.000154988838686717,0.0276396535579548
3603,5277,0.399101798778084,0.0782960501901905,3.91842912167879e-07,4.57977769715225e-05,0.473872188534586,2.1741737607358e-05,0.048662031139649
5119,5278,0.498006908763471,0.075766767742116,0.000310363635531238,1.04096151767342e-05,0.388950032024594,0.000161103760835885,0.0367944144582752
5393,8875,0.167292454920976,0.479956686734898,7.6243475420312e-08,0.00034558384839223,0.345094336566452,2.46114934708009e-05,0.00728625019233599
6567,3001,0.309286045828823,0.0503647943365316,2.36632357877269e-06,1.25748421834118e-05,0.606907113820225,2.59712791168623e-05,0.0334011335695416
3739,8634,0.0918786082777376,0.403304133015032,2.5172870592758e-09,7.20068437092722e-06,0.489645765731725,2.50021294546312e-06,0.0151617895609022
9873,4681,0.363772675300388,0.107882154132807,1.31728493724601e-07,8.22195007927236e-05,0.49768577796925,1.75971197836965e-06,0.0305752816562901
5876,6837,0.201806586015338,0.0489876314565577,1.86708230063583e-10,1.52360550707571e-06,0.749057628510319,1.54190116220286e-08,0.000146614806557701
5944,8635,0.0931096039738773,0.391192913658057,2.59969083921394e-10,1.4042695669219e-05,0.509437625591654,3.55634629120119e-07,0.00624545818614441
4017,4798,0.186188077380611,0.00351589185083948,3.46371035451064e-08,3.65324810252089e-08,0.806559369200226,1.07252521647111e-07,0.00373648314621747
9459,5879,0.426766487265045,0.00593821376742957,1.89254154744076e-07,4.33337258141459e-06,0.509117264447438,1.87190884504808e-07,0.0581733247024671
6082,8156,0.132683861665861,0.177780365557444,9.94250993595557e-11,2.29548198132367e-06,0.686974753330431,1.03986361055536e-07,0.00255861987849642
3810,5637,0.22594681483436,0.109723242984543,1.32743813567992e-08,3.55148541557981e-06,0.612530228686411,1.53317413182699e-06,0.0517946155607572
4499,4439,0.0439483875040983,0.0660242753591027,1.43178097348355e-08,1.22668517237935e-06,0.873711477716413,2.4801686326317e-06,0.0163121382487713
8221,2282,0.252551855214282,0.012528859474461,1.37626171817783e-06,8.26591539627536e-06,0.718290570388159,1.08224768823915e-05,0.0166082502691015
3880,3599,0.211572240379215,0.106950678643023,6.28303371478371e-08,4.15940744760386e-07,0.655449618212743,5.06237844845556e-08,0.026026933370152
3948,5397,0.219151270482406,0.05689891105751,1.25687076601146e-08,2.96494305907821e-06,0.680207678523218,1.31482968898505e-06,0.0437378475954098
9943,3362,0.286640128608548,0.256102516562156,2.13656083172136e-06,0.000133253462354497,0.436673522493792,0.000115391286820318,0.0203330510254975
7049,3601,0.312767924189065,0.0538027374853219,8.61229374781294e-08,5.47358778914346e-06,0.624694845879621,2.12924282842169e-06,0.00872680349243731
5946,5039,0.241710488726178,0.0552017378670214,6.13895814958754e-07,5.42722467154864e-06,0.659289600766098,3.38914088755244e-05,0.043758240111341
3535,2999,0.18011906002604,0.180798771995275,5.12302337020801e-10,2.62908552356995e-06,0.631362166464408,3.71318738317068e-08,0.00771733478457797
8978,3601,0.302751707568344,0.0830328067405895,7.26297876497507e-09,4.3454977855361e-05,0.579341092072726,1.13048416164289e-06,0.034829800893345
6014,6597,0.174359085582798,0.154404446024866,3.2677643174457e-07,1.13970937744476e-05,0.661486369018622,5.33064313750346e-07,0.00973784243919471
8217,9475,0.187210987236905,0.00675561456823277,2.205708496282e-05,3.30997194837486e-07,0.782732590299594,2.21048162184862e-06,0.0232762093314887
5808,4079,0.231706308220503,0.015978093758494,2.51790537898708e-07,1.40031400792981e-06,0.735171953960509,8.08165827173953e-06,0.0171339102976766
7253,8276,0.301782000378638,0.149437389290224,1.21782463219702e-07,3.11464700412863e-05,0.51675665940548,3.23125379919165e-06,0.0319894514193542
6978,8516,0.153291407805242,0.222505004811796,1.22254949219974e-08,2.01445047029495e-05,0.591564161643879,3.69394706609716e-07,0.0326188996141779
7804,8996,0.172610679051435,0.0941501671276236,1.09728540212392e-07,5.45525013129111e-06,0.729451646689522,5.99632746932216e-06,0.00377594582527831
6704,3720,0.351134685895376,0.0094153588032131,3.06348730082742e-07,1.66129538765383e-06,0.636921039293678,1.06805928625469e-06,0.00252588030432803
9943,1924,0.165079001456791,0.0525461872060911,9.47762737554566e-08,4.62582880214415e-06,0.76268710279432,3.10637540219286e-06,0.0196798815623202
8357,5160,0.30442799252962,0.298214002670852,3.88615781738578e-06,5.47647062523549e-05,0.356354738501292,4.50611909447286e-06,0.0409401093150721
3396,5397,0.171302026226112,0.00789080005420688,5.91509055670546e-10,2.55361043739412e-07,0.75351702339763,9.11805888240919e-08,0.0672898031889094
6908,9595,0.0940012775285947,0.28789371838445,2.60917150925534e-09,4.11038853520161e-06,0.601522148001548,4.56002966955777e-07,0.0165782870847343
9323,2043,0.163111883915477,0.0148464942166049,1.26763270252744e-07,1.13189712887294e-06,0.805342509691007,4.19384568051536e-06,0.0166936596708314
4359,8514,0.0710615052570112,0.33341317609606,9.92621530601571e-10,9.07067834976202e-06,0.583131174054706,3.51714360962666e-06,0.0123815557776415
6843,1802,0.158750568201099,0.0515216825353312,1.26001302640173e-08,6.47116484252616e-07,0.777840396186051,5.38869584545759e-06,0.0118813046650591
5327,1562,0.248865508050542,0.00385770130719623,1.07643801324937e-08,1.26883281815232e-06,0.736883906284384,4.6311832423794e-07,0.010391141642355
7115,9235,0.0292258951318777,0.312317585720104,2.56430752815538e-09,4.41921008880103e-06,0.651352353030994,2.57942330931801e-06,0.00709716491931928
6564,8755,0.0887238198428252,0.40437671788529,2.42039156070419e-09,1.46727727911252e-05,0.503782100451399,2.23156510743205e-06,0.00310045506219569
6497,5518,0.296907483695451,0.10820989687139,3.47588889768286e-07,7.3202035913092e-06,0.566354011341524,3.22191947241814e-05,0.0284887211044294
3808,8035,0.101149340704214,0.430496672545958,2.82849928678362e-09,1.28706205695696e-05,0.460794597518258,4.32870701641308e-06,0.00754218707548427
4775,4918,0.294377884108656,0.0329332615309941,2.6149345978605e-07,2.25052325412033e-06,0.625311853956674,3.94376651195037e-06,0.0473705446204506
6495,9355,0.114851442951236,0.372968526835081,3.36960385462395e-11,1.70960851157332e-06,0.507425867835315,3.88524505633436e-08,0.00475241388370968
3122,2280,0.171099323436684,0.0657333780958452,3.1038365691335e-08,4.88094992264232e-06,0.754101710222179,7.28033476940199e-07,0.00905994822352616
6358,7676,0.145711203597038,0.0965405898676278,4.73527456452753e-08,5.23965218613466e-06,0.752221145321266,3.23181305840042e-06,0.00551854239607752
8632,5879,0.337372760596532,0.052600035917647,9.00253893111659e-07,1.19207521984253e-05,0.562419496887323,2.53833212872334e-06,0.0475923472602771
5601,6117,0.141088179367472,0.14523562104532,1.13176996053011e-08,2.74337897045951e-06,0.711922502125152,7.82818439391514e-08,0.00175086448354223
6567,3241,0.288058125334783,0.00981876005237008,1.90650616766201e-07,9.70520099954341e-07,0.680345866302853,3.43394384922625e-06,0.0217726531954273
5532,5758,0.107380160990496,0.124414835926443,5.90464556685201e-08,1.74296288354936e-06,0.765252939943267,6.76225781991478e-06,0.00294349887263415
8701,6479,0.222596427580128,0.0163779284721524,4.95479280099572e-08,2.31564679044088e-06,0.724472784744685,1.43690303855425e-06,0.036549057105277
9942,3602,0.33083781164075,0.108385132970453,2.03053185448666e-07,5.52290921848358e-05,0.548689643624266,8.32143171410432e-06,0.0120236581874471
4842,8635,0.105873972593107,0.330068935511201,1.16015751255702e-09,5.22240977086269e-06,0.559412090346088,2.05398860101244e-06,0.00463772399107527
8083,3002,0.192941819191059,0.00888435878608985,7.3059553970409e-07,6.69673141549074e-07,0.789925624152559,1.23446119709106e-06,0.00824556314041363
5257,4559,0.299242168890173,0.00958657478657449,2.98672040114836e-08,5.99280981189861e-08,0.612638580762015,3.49985507205102e-07,0.0785322357804288
7601,1683,0.24816730206325,0.102912609039962,2.5690980122893e-08,3.88852933283533e-06,0.632010912749532,1.47811532903382e-06,0.0169037838116139
6772,6478,0.198867510655877,0.0623597618998557,5.65275410747296e-08,9.94242264678123e-06,0.725673733174689,1.78949540719e-06,0.0130872058239838
3535,3959,0.0805640223952411,0.0758877205035118,3.49708694939745e-10,2.82544325749303e-07,0.840942960820397,5.64715575926767e-08,0.00260495691525806
7115,8995,0.0264695623133165,0.25128500956099,6.8989731759354e-09,3.55692970885076e-06,0.710486420892077,6.68727541231625e-06,0.0117487561295223
8634,3242,0.246064839866781,0.00908252327908796,1.41732504335259e-08,4.90838344145982e-07,0.731648186246731,2.37055236182319e-07,0.0132037085405695
7943,6598,0.107568216807969,0.0561829224528696,1.19216395223158e-07,3.4743926038466e-06,0.811354252322744,1.13044273794228e-06,0.0248898843646799
7117,4200,0.452367718467578,0.0606701087057134,3.18783447502236e-06,2.44426997202558e-05,0.467330282117809,1.83873078923626e-05,0.0195858728668121
7048,5519,0.0835712955321474,0.236360012327667,9.92803856451401e-09,2.88232438458638e-06,0.676479394912476,1.13789514786526e-06,0.00358526708013898
4430,4798,0.13644862980149,0.0425089803621091,1.62952409347381e-06,1.56346077256281e-06,0.813970475846742,1.28384252874337e-05,0.00705588257950528
9252,6719,0.0619823996369455,0.0431995016552543,6.34919846166915e-07,4.67271680195532e-06,0.863269663586498,5.41343319437947e-05,0.0314889931527102
6084,3840,0.260326434869899,0.00591113601199235,2.96677960592406e-08,2.48292274375864e-07,0.695925380977807,3.6019249105985e-07,0.0378364099877399
10354,8158,0.112108341516687,0.061402631478508,2.77512210881807e-07,1.14466267941094e-05,0.775007612587433,3.11469611626546e-05,0.0514385433172038
7324,5039,0.353920571997487,0.221614756334329,1.06823985606122e-05,0.000467384545279756,0.396257568698092,4.9185309225919e-05,0.0276798507170261
9250,10075,0.245902437411623,0.0163900008692583,3.43422161526364e-07,3.23397117339764e-06,0.647387127588761,6.08210275086628e-06,0.0903107746342715
4910,10433,0.116484700912531,0.37651913816348,6.34158708855501e-09,2.06794918950692e-05,0.4912604519728,8.73265676659131e-06,0.0157062904609406
4086,3719,0.214436375924138,0.0724576765952034,2.38070202119252e-11,8.11357200852326e-08,0.712927458500015,7.46568471838744e-08,0.000178333164269332
5532,6717,0.177613332052997,0.240016273796569,9.04137748754219e-09,2.89982234136561e-05,0.579108200255165,1.44640677312498e-06,0.00323174022370461
9941,7678,0.186458622234018,0.0323457475084394,1.32122703433818e-07,2.14502870628167e-06,0.736376414464286,1.96383228852385e-05,0.0447973003189615
8975,9835,0.205014417015799,0.00201883106524845,0.0735126887096053,1.89738735628533e-07,0.661380692761143,1.75423077262916e-05,0.0580556384017429
8288,6478,0.159204934379889,0.0425423547594776,6.87821852879448e-08,2.48506270314306e-06,0.761555311876096,8.0763721589735e-06,0.0366867687674905
3878,5997,0.323283002715076,0.180205616336368,9.56168528873537e-07,0.000106776455245752,0.468632861212705,2.40963627681021e-05,0.0277466907493087
2984,3958,0.498790865192815,0.266751116116634,0.00213779188559214,6.40500784268369e-05,0.224318772677876,0.000571906224239906,0.00736549782441567
7253,9235,0.154805783087174,0.204345093088464,1.12477753123724e-07,7.26165910000378e-06,0.622413985557854,2.08356992773322e-05,0.0184069284303783
5807,7676,0.246593376471567,0.309011854229089,1.95123970786808e-07,0.00023577250809226,0.426930990323526,1.9132074694019e-05,0.017208679269061
9802,8397,0.265100268912097,0.0214281254234554,0.000333754992902648,5.39950952638533e-05,0.658065669631324,0.000142288698342957,0.0548758972466137
7873,9835,0.155973439799669,0.0612381386033683,6.54780538844651e-05,2.59085558480952e-05,0.757785286684052,0.000105360684558475,0.0248063876186196
5601,5158,0.18481679582109,0.096559225657389,3.88968259982569e-08,2.30933306736998e-06,0.663434785365223,5.6393089661135e-06,0.0551812056174382
7119,1802,0.133797017490401,0.0608092288998407,1.34804747525251e-07,1.19708599906258e-06,0.784510306552024,2.58930467896227e-05,0.0208562221201986
3740,7915,0.137725411775092,0.425575004466591,3.6425369258004e-09,1.51833751303947e-05,0.428195082249953,6.13047410816133e-06,0.00848318401658811
6429,2521,0.196224229839973,0.00673808412891208,1.55155507000608e-07,9.76580174144936e-08,0.745484339900897,1.79820227176533e-06,0.051551295114422
10079,6000,0.455234194396375,0.0844263744436704,2.27596524600414e-05,0.000107579180735659,0.416452426552104,2.02050175824256e-05,0.0437364607570725
3879,5517,0.257601870909934,0.201112252053856,2.24421769643142e-07,3.5976127570466e-05,0.491681877867565,1.43200597708898e-05,0.0495534785595341
10078,7438,0.0717217815575495,0.0225956779472199,2.46927680487123e-08,5.4561047086272e-07,0.854891201851368,5.62696701245982e-06,0.0507851413736108
7945,3002,0.356427344763344,0.0224193142069716,4.58615189214014e-06,6.35691467644546e-06,0.613532119725473,1.41832722957871e-05,0.00759609496534762
5945,6237,0.495691272788351,0.0847589125074346,1.47887506583644e-07,2.38595961767043e-05,0.415864598523819,1.20206339295995e-06,0.00366000663331899
7459,9355,0.0693871553021634,0.0237599743859424,1.3354040031125e-09,1.16758317495492e-07,0.89844307176698,7.29769354581853e-07,0.00840895068183853
7185,7677,0.267948138054936,0.0142754537874108,2.06650125496e-08,3.7642121743496e-07,0.696754459369377,5.0576991718165e-07,0.0210210459321294
9251,8157,0.183849233111581,0.158308127821925,3.40093660145095e-06,7.32381105015315e-05,0.599474015298377,9.81232681936768e-05,0.0581938614528209
4703,10073,0.125204876403339,0.326743147287517,1.9210182342894e-09,1.24042013226518e-05,0.543442816181859,4.6969463019631e-06,0.00459205705864165
6082,7916,0.239931519608147,0.229870665958507,9.49647233420747e-09,3.87583348688109e-05,0.524149969816476,2.52509529797951e-06,0.00600655169023081
4500,2760,0.333430631187794,0.00856723323763276,4.64466639897603e-07,6.0718317076367e-07,0.65658981942745,3.22856806707381e-07,0.0014109216405062
4843,5997,0.149967647376647,0.155267165224097,5.66074930398474e-09,5.66520383962203e-06,0.693270810039618,4.76714339892534e-07,0.00148822978070864
5875,8755,0.0956238575062395,0.413159155021729,7.03594333204707e-11,6.66273425146235e-06,0.488824280232227,7.973799030487e-08,0.00238596469720265
9253,5040,0.352583046207649,0.175370844873243,3.56743980794542e-08,5.25281689175655e-05,0.437770129034785,4.05669553857223e-07,0.0342230103714532
4568,4798,0.230587846319108,0.225574678296831,2.38018439796227e-06,5.08334368409478e-05,0.510984437285356,0.00135452434461774,0.0314453001328489
4496,10193,0.114865169044928,0.151534906496367,1.41159363864379e-09,1.12327465321411e-05,0.730165450184964,5.84754623299928e-07,0.00342265536099176
8565,2402,0.189378678140185,0.00222680205792431,1.83280611356493e-08,1.00285957127945e-07,0.807816962976259,2.57734489467792e-07,0.000577180477123208
6015,4199,0.263039010084228,0.0114405091080278,1.05058531754828e-07,3.76173903910864e-07,0.690862261757599,4.77125386533852e-06,0.0346529665638449
5326,4679,0.375224151321171,0.0210842065238575,8.41078628644377e-07,2.71658273049094e-06,0.522670808822476,5.18092325228998e-06,0.0810120947478844
3809,7315,0.217280354720078,0.328783544476969,1.61164114386838e-08,1.93994207715636e-05,0.435887932155673,1.1268333236436e-05,0.0180174847768611
8014,2402,0.293048759887241,0.0573682980283279,1.03214658687544e-07,2.7030221869233e-06,0.637506811267645,6.92519540721861e-06,0.0120663993845332
7735,9355,0.227062470741391,0.151423686038937,0.0428053141675584,3.66069816017583e-05,0.54361238962721,0.000770318974268251,0.0342892134690333
9666,5999,0.423454833111718,0.0304791712767933,1.16691183317253e-06,7.6496419797553e-06,0.487539012826693,9.85246001359623e-07,0.0585171809849818
10011,4681,0.399105162942292,0.231706605625331,2.21542141441878e-05,0.000593898747349322,0.336289217400658,1.86245507204781e-05,0.032264336519505
9736,2523,0.152499148359295,0.00188520905028291,5.68056258527868e-08,6.48792826963589e-08,0.843522102061514,5.64967050766754e-07,0.00209285387694962
6219,10314,0.125711989431078,0.331329887430006,3.659589761164e-09,2.33028844268523e-05,0.53415506348209,3.85873803989871e-06,0.00877589437476977
9323,2523,0.108085201565019,0.0219261902333389,1.36344096238615e-07,5.14965856290896e-07,0.841327053450554,7.90228019237391e-06,0.0286530011609426
7529,8516,0.215168576077434,0.200539392921647,2.24329260576745e-07,1.314432751629e-05,0.544952099306644,3.60118689370084e-06,0.0393229618506048
7874,6958,0.0917448756083357,0.0611490890025631,4.76127488540769e-08,1.43462183115524e-06,0.808483362925379,4.80619397781298e-06,0.0386163840351646
3397,4678,0.142182079832426,0.0692036449684479,2.94153027140466e-07,3.82955950478244e-06,0.787269395672063,1.45430671575504e-06,0.00133930150781554
8841,2163,0.331159563525696,0.105767416125442,3.2985902196972e-06,0.00165359576917584,0.538520732744015,4.56356375545404e-05,0.022849757607897
8837,10315,0.217665321264435,0.101988321724324,5.92075985471934e-05,3.66627794790099e-05,0.646365890154368,7.9718923503063e-05,0.0338048775553442
9457,9476,0.152566178144482,0.00627307346792204,1.8075463018262e-05,2.5218452892447e-07,0.767737263181535,4.39946567012031e-06,0.0734007580928434
10012,2763,0.202265341479122,0.292088376051757,3.44566678266406e-06,0.000470811653147742,0.49671416527624,0.000981379910361517,0.00747647996258879
6221,4799,0.241199662037863,0.131687417587433,2.53776712122942e-07,3.17261502265785e-05,0.611184711537849,1.94264738302521e-05,0.0158768024360864
6289,7796,0.257127140060211,0.116394231716458,8.45381083918706e-08,2.96230738700302e-06,0.612805107046902,1.25342039645156e-06,0.0136692209105375
5119,5997,0.163390240181455,0.215238009083127,2.88694975910756e-06,7.38099105715317e-06,0.614568909749091,8.84297882310881e-07,0.00679168874762799
4291,6716,0.214512574588727,0.260002959385637,3.84405842343738e-08,5.72411070923408e-05,0.507166208055722,6.57531606899976e-06,0.0182544031061682
5117,10073,0.164463906289738,0.492541455870781,8.57123351176801e-09,7.14039459390007e-05,0.335101337667613,1.58039761381795e-05,0.00780608367855682
5394,5518,0.17841930706496,0.0974295246025507,2.39349404516862e-08,3.64189417030682e-06,0.690566885836297,3.62632187874569e-06,0.033576990345203
7461,5039,0.380937499052944,0.289525546684632,0.00012726046158033,0.000234342439467139,0.285959916191033,0.000254961586316449,0.0429604735840271
7667,6838,0.0714618736466113,0.0139366319920377,7.52049177071068e-10,5.88363097854288e-08,0.903430972552662,6.47741802539882e-08,0.0111703974461492
7597,9835,0.16197764422896,0.0231525295048337,1.42825801843537e-06,4.79885037369032e-06,0.779565582044777,5.63340518341184e-06,0.0352923837078538
7322,7677,0.193482744563048,0.0602212499100937,4.92778641352034e-09,2.79498286340673e-06,0.699375528425856,7.27827344552172e-07,0.0469169493630081
7873,8396,0.190936263366136,0.0519379712288082,8.73796720818954e-08,2.86370908517165e-06,0.691903709973159,2.28594674743406e-06,0.0652168183963917
4428,9114,0.0732134028583524,0.37505775359142,6.79961860006673e-10,1.44065986903261e-05,0.5406413195598,2.12343743449056e-06,0.0110709932743405
5120,2880,0.211848606668049,0.00253062339924142,1.66809326421844e-09,4.58677056196121e-08,0.785156811192844,1.90476672094722e-07,0.000463720727394897
5602,2521,0.311474837988897,0.00227110370480146,4.07525926668626e-09,1.04135992112251e-06,0.673569743499785,2.84607691335111e-07,0.012682984763644
8494,7797,0.0298650235749039,0.0786863328695927,8.49142455127009e-08,2.90764126202008e-06,0.844384080174452,2.47349705119919e-05,0.0470368358550321
9736,3002,0.144850588134443,0.0162885296208857,8.76363104183841e-07,4.76114315960466e-07,0.778059814887895,1.0477684726349e-05,0.0607892371946294
6360,3121,0.286981283938765,0.0129236165845979,6.02599978103678e-07,5.88593183398618e-07,0.656901660035119,2.26701836897306e-06,0.0431899812299878
9734,7558,0.0876599384793797,0.0551677791237928,2.26810513606555e-06,1.58014304220853e-06,0.799976698042832,3.39802602085091e-05,0.0571577558456089
8769,7318,0.0794802948464404,0.0240863758684419,5.80771668835924e-08,3.10208405968028e-07,0.869326661725349,5.47217666917661e-06,0.0271008270975265
3946,8754,0.0507119125677619,0.369009987097125,2.87513535331179e-10,2.69108722812336e-06,0.5723708072774,1.98530337028534e-06,0.00790261637960161
5668,9594,0.119244739079182,0.430454225804318,1.93101746121696e-10,1.85596764475448e-05,0.43906988480485,2.19903553864132e-07,0.0112123705385471
8082,4920,0.292859770883142,0.136636337638977,4.04865855401966e-05,9.1044243711451e-05,0.547096852030738,1.59780014893416e-06,0.0232739108177418
7115,10194,0.094855893824874,0.24914367987498,9.82130197270708e-09,9.8143318622247e-06,0.647367740641001,1.8040272802893e-05,0.00860482123317843
9805,3842,0.337443831033588,0.100389049379267,1.71235840145891e-06,2.4476815139929e-05,0.490369821333111,2.85084307114967e-05,0.0717426006497809
5461,9954,0.0545919453922635,0.441931819018511,2.79709496047408e-09,4.30418428693784e-05,0.495241526433674,8.40598382849696e-06,0.00818325853175848
4499,4678,0.0684281174418994,0.0796017445355891,7.17339648105749e-08,2.76986515123546e-06,0.818563938114503,2.68190950967243e-05,0.0333765392137959
2915,2879,0.26606790673377,0.0887145741147666,6.12761095295125e-09,3.08793896244245e-06,0.637438253636874,7.31213660292084e-07,0.00777544023435614
5810,1682,0.287997230227807,0.0299018623659007,3.56461030792838e-07,1.14544093695627e-06,0.655698891434377,3.80074227074835e-06,0.0263967133276768
3946,8035,0.0877782355116357,0.307900330165222,7.55365849738985e-10,5.94114248712487e-06,0.587605465720702,2.72817423256212e-06,0.0167072985303552
9733,8997,0.208747117387423,0.0461713028775987,0.000253975746207562,2.79180427857911e-05,0.652319770132411,8.54314632046458e-05,0.0923944843503689
4223,5637,0.312253188753285,0.213809824524977,2.48418199825741e-07,2.61228558547934e-05,0.445608220414681,1.33043823596951e-05,0.0282890906506423
5186,9234,0.204268749235527,0.470781298641409,1.77885487075394e-08,0.000161062090718077,0.309978399455525,5.29992255957307e-06,0.0148051728657128
8495,4680,0.399799110308245,0.0415783150898312,1.54120099537933e-06,5.89893016779491e-05,0.545618291882277,1.41524129920401e-06,0.0129423369756744
4497,8994,0.122270316004993,0.442024622875144,3.28152833316893e-09,3.17578580975104e-05,0.4237218070833,1.4330108489329e-05,0.0119371627884477
7049,2881,0.380018175277487,0.0292110381551687,9.57150650795486e-08,1.68054971107295e-06,0.585977038353299,2.55017584815941e-06,0.00478942177342012
6977,9475,0.0773280049719492,0.340004943380684,6.59421447272238e-09,5.37775250905982e-06,0.565806004531795,2.60692609848438e-06,0.0168530558427501
8910,1803,0.244471015850227,0.0973848774011921,2.4708361080809e-06,6.48834616115156e-05,0.644757861516797,0.000379715885496806,0.0129391750485674
3327,7195,0.246808722980652,0.187169151577827,9.86938366486843e-09,4.31485744449404e-05,0.546159230032772,2.83870246288278e-06,0.019816898262457
5327,3240,0.320128974821954,0.0176281671295935,2.67230623415144e-07,2.16946525890561e-06,0.64824765801256,6.71334883100722e-06,0.0139860499911798
6771,8875,0.061456037394696,0.41126872751375,3.89282759643045e-10,9.07739638494083e-07,0.523695967492637,3.02007873587546e-07,0.00357805746212188
4428,9833,0.190520108963388,0.321450174782131,1.2262414012305e-07,2.66531898363181e-05,0.474763841203927,1.7018849243696e-05,0.0132220803873344
5325,7316,0.242282701738253,0.23436626351496,6.03068991713045e-09,2.85122876765634e-05,0.50658136510311,2.89307194450485e-06,0.0167382582533664
7253,8995,0.0583497547710066,0.21033044952369,2.10836264425318e-08,3.54867466674721e-06,0.719331309178411,1.54189413127464e-05,0.0119694978272862
5669,8155,0.191784049346612,0.345308034183605,2.29349810879643e-09,6.03796722521563e-05,0.449219478732459,2.69746135145534e-06,0.0136253583102226
8080,8996,0.0787105552059991,0.00721322636739581,1.13698322690638e-08,1.04005908622492e-07,0.885283672876551,4.07571031769372e-07,0.0287920226032812
8425,6718,0.0937039755505759,0.00562203792634985,1.13186904077557e-08,2.40842106117107e-07,0.850667393201494,1.150981224203e-06,0.0500051901795592
3671,7555,0.117583667855441,0.314248308642048,2.19547744111109e-09,1.02273153243973e-05,0.556168547225777,6.22814449030294e-06,0.0119830186214417
8494,6119,0.345926740198492,0.0335551273890809,9.1970628517622e-07,5.00848085899694e-06,0.56535050269789,4.51406655850378e-06,0.0551571874608346
4293,2640,0.237332000759429,0.0857589518909445,6.00409872848269e-09,6.08009897589587e-06,0.670439388306079,5.966317156777e-06,0.0064576066233159
5463,6837,0.199902080163775,0.268325777137557,2.21509991591343e-08,2.34119799924141e-05,0.523153682772563,3.40449576640514e-06,0.00859162129934731
6219,9834,0.0698677524376861,0.421412069463247,8.51575017984217e-10,6.89834454722313e-06,0.49844442022884,1.61155638952386e-06,0.010267247117715
9044,10195,0.294741103146003,0.0968112224778165,8.71297117911859e-05,7.98109074436012e-05,0.5617174211416,9.43586310085644e-05,0.0464689539843377
6496,7197,0.291623264260297,0.106846427612137,1.75700345599344e-07,5.38804332253622e-06,0.58550055165578,4.53693983941832e-06,0.0160196557882783
5392,9594,0.128404451896004,0.444731065309694,8.9086180670139e-10,3.78673796572933e-05,0.422397909951128,9.08683147850869e-07,0.00442779588950664
6360,2881,0.225915978222825,0.0148845266609434,5.19733994674879e-08,3.73876209563126e-07,0.717213422336338,6.5112438875049e-07,0.0419849958058957
7943,6119,0.223469334411398,0.158715177476897,3.73908970649062e-07,3.33450648789524e-05,0.567257680645854,1.44224446817724e-06,0.0505226462475332
8633,3721,0.303494818114556,0.0246719544987574,3.14827082057011e-08,1.16870784201617e-05,0.639608961264033,9.39893341795977e-07,0.0322116076681834
3603,4798,0.16646730679241,0.0182186199882601,4.4357801423296e-09,6.69093355803317e-07,0.810985299242977,6.09538621737921e-07,0.00432749090859551
9253,5520,0.409665206371392,0.0443851752289184,1.46983280346332e-07,3.14511219121837e-05,0.503647500284757,1.72378039377809e-06,0.0422687962293458
8496,3481,0.225944320755793,0.0108767077887253,7.0373473066636e-08,4.12975909475974e-06,0.752056099979664,9.05372200734888e-07,0.0111177659710491
4842,8874,0.136874011548612,0.416780504753092,5.8888193812369e-09,6.82554440328747e-05,0.436261438305362,3.57595339464419e-06,0.0100122081066875
6221,5039,0.126027854326335,0.0804402414933632,1.36209822115601e-08,1.42065045487092e-06,0.750018392354326,4.0712937763433e-06,0.0435080062607624
6497,4799,0.286623516935556,0.131203823836565,1.38776853798681e-07,2.64402206179089e-05,0.56561816274628,2.05540033552121e-05,0.0165073634807727
7392,6118,0.209700294162816,0.109703117192437,5.19872202159659e-07,1.75484129970278e-05,0.626731822274702,1.53470839997494e-05,0.0538313510008463
4567,7436,0.243445968009218,0.427188066093549,2.74273177085396e-08,0.000434512010784032,0.310444130062646,2.52628680576888e-05,0.0184620335284272
8083,2282,0.416612936769861,0.0220837292017609,2.33535039349029e-06,4.70645554286134e-06,0.547154552481247,1.48846039542953e-05,0.0141268551372404
5601,4679,0.18727476329972,0.063220790673482,6.46700614751576e-09,4.71766632250829e-07,0.697365570280535,1.82388606353101e-06,0.0521365736265605
5945,5758,0.163286451539628,0.112870039026537,1.70343366728267e-08,1.98191659025124e-05,0.716763597576775,4.50179452902597e-06,0.0070555738622917
9114,7438,0.173413851593063,0.0419902379780235,3.78811313888528e-07,7.60664529226361e-06,0.733575357686115,4.08598750242754e-05,0.050971707411168
4084,8754,0.0792356254269706,0.391001445998637,8.33404477765946e-10,5.11025534024238e-06,0.514986997273594,2.02101355412806e-06,0.0147687991985002
3258,6356,0.270870876166816,0.0919204430195448,2.07622209150204e-08,7.97685032521253e-06,0.609734046850129,7.78192232189163e-07,0.0274658581587313
3328,3839,0.10176858283056,0.22439400250879,1.66277743046617e-09,5.74881099754227e-06,0.653826013353102,6.67932501873132e-06,0.0199989715087548
7048,4799,0.233215516307902,0.126098405734891,1.77387430642823e-07,3.00336425588165e-05,0.628618948321009,9.4233501426327e-06,0.0120274952560653
7323,5998,0.205060380739997,0.170321374231998,2.20899655578357e-06,5.41865606141663e-05,0.578213271535694,6.47331689758231e-06,0.0463421046182437
6219,8875,0.0549590042949597,0.4080104779091,2.21007718502817e-10,3.01469603374344e-06,0.525303826316711,1.8499037891528e-07,0.0117234915718087
7185,6718,0.206076703361733,0.0590989400261107,1.16348359968601e-06,1.84041587403419e-06,0.7023571622012,1.67560485237911e-06,0.03246251490663
4981,5757,0.105291753407218,0.158087964260425,3.9087724511178e-10,7.52153948865761e-07,0.734191750366124,2.47826003779512e-07,0.00242753159540304
4635,8275,0.156721926578649,0.42492068133928,8.17292276773678e-10,3.88451131186896e-05,0.406912104911404,2.9468451947633e-06,0.0114034943950612
10149,3722,0.241747794484319,0.288362664078465,2.88383668428108e-08,0.000131345328876608,0.452413869982149,2.41556799343593e-06,0.0173418817198301
7942,9475,0.435344093225163,0.0809301848051583,0.000265808480301908,6.86742028532982e-05,0.456145917315215,0.000362304450062641,0.0268830175212456
3535,4198,0.0701279635760901,0.165470806184304,2.80350207906466e-08,3.61635873581775e-06,0.748717935640169,2.43724688407629e-06,0.0156772129587967
6290,5878,0.147154973436784,0.0793101228124373,1.61244831150019e-07,8.705352598772e-06,0.731143062647255,3.15767481314451e-05,0.0423513977579629
5878,3480,0.455764272311405,0.0181138377240501,1.60615523088647e-05,2.02056928433279e-06,0.482198953728816,5.90546845903228e-05,0.0438457994295453
6357,9834,0.064771535237351,0.373770252996428,2.21184182721273e-10,1.1846960731355e-06,0.550518055305391,5.79829892267051e-07,0.0109383917136808
7530,6598,0.197855498086532,0.017704174023945,1.51522189144764e-07,1.05692518541247e-06,0.745054435536626,4.09898936216823e-07,0.0393842740065865
4362,3719,0.250114137788893,0.0172142539313683,2.44570472755557e-10,9.21452533683559e-08,0.726390332912419,5.54734543295507e-08,0.00628112750404185
7738,2642,0.201714879256113,0.101875859896542,8.2103514009538e-08,5.61410498257828e-06,0.673633542308167,2.12399683789853e-05,0.0227487823623028
3809,7555,0.204676204089573,0.303664713164437,2.83853429224308e-08,2.60030589224199e-05,0.477755341699899,2.56659228166448e-05,0.0138520436790089
7394,2522,0.286443346851475,0.0351353464295914,6.52850370133068e-08,1.17418551579963e-06,0.664130235341502,4.4971951064354e-06,0.0142853347117724
7738,2162,0.342326122020345,0.0506796312725554,1.14772061102599e-06,6.43944412309789e-06,0.587323886200908,1.8749876495094e-05,0.0196440234649617
5325,6357,0.18863013079566,0.0468349208401107,4.58329705576151e-09,7.96831374191119e-07,0.763606650278186,2.02188666748274e-07,0.000927294482705297
8769,8037,0.10838559688304,0.0132067853800464,1.19455584739769e-07,8.42442487605073e-07,0.83663144641859,1.4325148112679e-06,0.0417737769054407
5049,6357,0.159854843512424,0.112655786945724,8.64684706443472e-10,8.32051677893965e-06,0.726133174710251,5.10282954060345e-08,0.00134782242184191
5461,10433,0.106525416146637,0.397539929017467,4.82026040716872e-09,1.72134508589314e-05,0.48551204259212,1.69684450167205e-06,0.0104036971281552
6979,4440,0.442837008166712,0.0353623601855298,5.30624819322643e-07,2.30050739400185e-05,0.514199967519009,1.05658484463891e-05,0.0075665625815437
7600,3361,0.483232147755813,0.0180640378483252,1.40915116885985e-06,1.85383525945498e-05,0.48905170252942,1.38424847623613e-05,0.00961832187791591
3948,4438,0.00436106317127494,0.0134654213583999,2.69529198034627e-10,3.25027108199384e-08,0.981942343481565,3.61727758974146e-08,0.000231103043744326
7254,6358,0.182451422762259,0.0462857902661175,6.13058136470562e-09,7.68641996243044e-07,0.721495569048426,7.88173455066607e-07,0.0497656549771647
6632,10314,0.0442920937706326,0.427326146082911,5.46098103910193e-09,7.24463639284521e-06,0.518574512856153,4.23625796240799e-06,0.00979576093496728
6705,2042,0.468990601591535,0.0495735776512125,0.000137008944221721,2.20037964707594e-05,0.454597041499925,0.000306473483475651,0.0263732930331596
4221,8994,0.0535058228090616,0.494290763532152,5.68621918606539e-10,1.95940398875439e-05,0.441315750847062,8.65924108146435e-06,0.0108594089621339
7873,9355,0.429069679727322,0.142365675027064,0.0453696967539282,4.77247053206706e-05,0.347010307813455,0.00470586489703244,0.0314310510758775
5874,10433,0.0626937789637535,0.396496233440956,2.23537217045956e-10,2.00338369480082e-06,0.534939858324978,7.21730332688668e-07,0.00586740393274864
8012,7197,0.14398224618257,0.0518412403794995,3.46872272144107e-07,9.86961275519256e-07,0.753476365702321,1.23800172009025e-05,0.050686433884861
6978,8276,0.241323663020975,0.213784745242452,3.42441924497231e-08,6.73101402386412e-05,0.526126366759436,1.72666294151169e-06,0.0186961539297639
5188,5638,0.198701525428046,0.0940042429109113,8.55857055677647e-08,4.12319997840649e-06,0.686472486778832,1.68990073919813e-05,0.0208006370891346
3465,6956,0.212982774913542,0.236630657330498,2.20090026532843e-08,1.20010837795803e-05,0.524752686772445,1.00000653810879e-05,0.025611857825352
9665,6959,0.045735871390076,0.00807736840430696,6.73014514332061e-08,3.40957184238134e-07,0.934621158343965,3.45642716772119e-06,0.0115617371758484
8703,3122,0.271300699929757,0.00243019516085722,3.19481934107499e-08,4.45687815088664e-07,0.7164779828357,3.42623807952271e-08,0.00979061017529647
4360,6596,0.211001291438858,0.216197680334261,2.40469221391967e-08,2.87719838414973e-05,0.561770195812294,6.07031559110656e-06,0.0109959660682312
10148,6599,0.228475149866354,0.0201249253935528,1.92414996885121e-09,3.57592922397434e-06,0.733672006134866,3.91359392531587e-07,0.0177239493924614
4843,6716,0.14377366224773,0.244119754730836,1.04998919211767e-09,2.41263497709749e-06,0.604846324303711,1.97263791963891e-07,0.00725764776896518
9598,2763,0.126235923849312,0.00170130759031737,1.05451341429732e-08,2.07142331424408e-08,0.862366709640133,6.87417605025763e-07,0.00969534024326563
5257,4319,0.404413082621506,0.0269686958618983,6.76414700482676e-07,1.50584297428126e-06,0.48874912827733,8.21790213011533e-06,0.0798586930794605
5461,9474,0.15228489567884,0.360291332460913,1.24628110100537e-10,7.87132897499847e-06,0.485665481636052,2.58244527839289e-07,0.0017501605260631
2777,3359,0.287493281600821,0.0216604321683511,1.77427193017641e-08,3.99371215327437e-07,0.6878769584481,8.33163317026789e-08,0.00296882735246171
6774,2641,0.0963809914725637,0.0209410188372934,1.8759018556924e-09,1.71869510299363e-07,0.868363197391502,3.83580363465818e-07,0.0143142349728652
8838,8157,0.082048919810449,0.0237649235405535,2.10563383512727e-08,1.39077009388056e-06,0.867616573336186,4.92504187635511e-06,0.0265632464445033
7183,10074,0.403717837668051,0.117120008637499,1.12013218745252e-06,1.93136772258668e-05,0.453603122136073,4.2220363151026e-05,0.0254963773858131
5254,10073,0.147025648732221,0.544988278809061,1.68709813933949e-08,7.35038023279657e-05,0.292250908897722,2.68253922113782e-05,0.0156348174954752
9457,10195,0.25715949707494,0.0110622975987764,4.74737157682777e-08,5.66330917596618e-07,0.683230810138048,9.23550091660774e-07,0.0485458578335107
7597,10074,0.190136317681723,0.0184957944319013,2.73075601923138e-07,1.6605947971372e-06,0.756013411724852,1.67903862706677e-06,0.0353508634524972
5049,8035,0.24636781394994,0.378553953384058,8.69881353516112e-08,7.78971783889388e-05,0.357300238688776,1.73706711800131e-05,0.0176826391395219
9664,9116,0.25947160403621,0.117582312088858,0.00938900285266304,1.79718984946307e-05,0.564036922749375,9.08186175390972e-05,0.0494113677568605
7046,9355,0.0125008709318316,0.256054415466097,1.11677966647315e-09,2.36364221254451e-06,0.699774841566551,2.06847050709928e-06,0.0316654388060221
4638,2520,0.291728803794865,0.00148451712626148,3.27397493368976e-12,3.63349529195449e-09,0.704607101436488,1.68399747847023e-09,0.00217957232161899
8218,7557,0.089222987230872,0.0916505403430111,2.35907949037473e-07,1.50685957096319e-06,0.77811722163014,1.36085685107343e-05,0.040993899459946
3259,4198,0.00845909549901887,0.225209243245124,7.43513317933961e-08,9.25625257829369e-06,0.765980781183537,4.62827907868818e-06,0.000336921189331476
6565,5878,0.11076627386166,0.0651604344444866,1.64019486792229e-08,2.53485513185865e-06,0.811101321864719,5.10317241243347e-06,0.0129643153996417
5256,5997,0.203347177194128,0.200132102124409,6.25060506048185e-07,4.88362509926042e-06,0.589069729467743,1.96459177783488e-06,0.00744351793633634
10148,5640,0.362088823384308,0.262532536002621,1.50759914454209e-06,3.03701620726509e-05,0.322973973459951,7.7206339346978e-07,0.0523720173285088
10149,3003,0.136249705883063,0.0814227063172161,7.70273145698403e-07,3.06998193622573e-05,0.727021089850103,4.56785251341698e-05,0.0552293493319759
8355,9955,0.145971299773824,0.025591527848663,0.013899118862363,1.5477421938981e-06,0.780293728670953,1.51529726099202e-05,0.0342276241293939
4912,5638,0.161611773679781,0.125667248119246,2.68985309431304e-08,2.2240317262244e-06,0.706105530705395,5.59224309302977e-06,0.00660760432222805
8840,3601,0.25836745830237,0.015792679080359,4.40369185192557e-08,8.25365487244507e-07,0.711428948329259,8.00132740104925e-08,0.0144099648723329
8080,8516,0.183727756408029,0.0335042947590526,3.24595665635004e-07,1.18429383318156e-06,0.722937595235266,1.70729569921849e-06,0.0598271374124544
3327,5996,0.468072556354562,0.0542275464848187,2.11914740677454e-06,2.67370347536457e-05,0.461086058160281,2.10659074643298e-05,0.0165639169107139
6428,5878,0.178020870137779,0.0718514469925263,1.38522438330123e-07,4.839010528126e-06,0.72725211552468,3.73744909705123e-06,0.0228668523629504
5258,3360,0.513515866029377,0.0498496552398198,0.00133117138901953,6.67024139037471e-05,0.387361358744454,0.000672712555469874,0.0472025336279553
9458,7318,0.12495641481889,0.24844371318134,4.24465258521185e-09,2.16374771377959e-05,0.595595631257964,7.39576429163307e-05,0.0309086413770994
8564,5040,0.348712626310298,0.168801262311593,2.03992489883776e-06,6.16838844159343e-05,0.424521928926015,2.23695012421257e-06,0.0578982216926546
8906,9476,0.155303736240703,0.0183023196554712,6.37812969084733e-05,3.01555492915265e-06,0.74549438614886,3.5279988462625e-06,0.0808292331042817
9804,4801,0.360277633844168,0.278680723651127,3.09024693791758e-05,0.000475497728572577,0.318187353768121,1.99203107732212e-05,0.0423279682278582
3328,4798,0.192970320530468,0.0406516992405992,3.60862835093309e-08,2.19907625785056e-05,0.734779087345353,1.71909536439734e-06,0.0315751469393537
3809,6356,0.3326282653545,0.155459354274135,2.35160878342443e-08,2.01136178830422e-05,0.497682132215493,6.81941898473635e-06,0.0142032916029164
10011,5400,0.427022111268209,0.0179421114246184,1.56611037280945e-07,4.48710910427319e-06,0.498881082764056,1.02633563605685e-07,0.0561499481894121
5049,6836,0.209784862371584,0.218600308604264,3.86710020964024e-08,2.18930266950403e-05,0.561006318950615,7.79531776640192e-06,0.010578783058074
8907,8517,0.164142244443126,0.00927173619171196,2.35717576938538e-07,2.66855222322922e-07,0.790486829536431,5.43363330457562e-07,0.0360981438926013
4772,9953,0.141865160364093,0.374987981994336,1.88135770248112e-09,1.49206066984208e-05,0.475158908672341,2.57451914836404e-06,0.00797045196202511
8495,3961,0.336604234366011,0.0102617801849721,1.03833820170431e-07,6.26353314490624e-06,0.597336883360552,1.52864875561517e-07,0.0557905818566248
8496,2522,0.0674219111955655,0.00150739763910023,2.45217428303191e-09,3.16842393576799e-08,0.927248260974632,4.55952514099448e-08,0.00382235045903729
8564,4081,0.326356076800522,0.0653974161261696,3.22507161732801e-07,3.6403103836931e-05,0.535807255031723,3.05070638264585e-07,0.0724022213599484
5600,7796,0.279277147944685,0.363944046597695,2.02043459619471e-06,0.000225069937301456,0.338175497786872,5.84640181065022e-05,0.0183177532807431
9942,5280,0.373335162517401,0.0856675933398069,6.48595599760654e-07,8.17934901663518e-06,0.499545705590859,2.07699004158862e-07,0.0414425029083128
4982,2880,0.206614380588523,0.00879474221878096,1.40769172118395e-07,4.72813068843143e-07,0.784154750225209,6.671841079169e-07,0.000434846201138936
4982,4079,0.29541067602937,0.0109223742752616,2.14119540369509e-08,9.00996169704979e-07,0.648383519861407,3.08453206740489e-07,0.0452821989726309
4084,7315,0.256455539913331,0.340484634538232,4.8255891539733e-08,0.000228302820581231,0.394183608149587,1.24584959828082e-05,0.00863540782639442
6702,7796,0.202563048524693,0.0701565929137232,2.15952592188606e-08,3.47120865675321e-06,0.725842987439093,4.83006963986913e-07,0.0014333953116105
5187,7316,0.250255840707779,0.385060901873394,3.82432665296138e-08,0.000455487696861771,0.347160797068736,7.80246727488809e-06,0.0170591319426875
7806,4680,0.274713415701445,0.00229956742604117,2.24678550779633e-08,1.3047173384528e-07,0.72032730652305,4.93290987063628e-08,0.00265950808077633
7459,9595,0.169576413588846,0.0660623295499359,1.0687249660388e-07,6.41030296654389e-06,0.742123267445842,4.94968464025181e-06,0.0222265225552731
5463,5638,0.148505306936997,0.148728408664941,3.72049402617526e-07,1.48895382067529e-05,0.693914279757218,1.20146978539836e-05,0.00882472835538002
4428,8874,0.143592466036408,0.449096639185327,2.17412960019748e-09,7.50395219560483e-05,0.395183344473598,3.49915582720271e-06,0.012049009452755
3534,5637,0.280147614122077,0.114133586006901,1.85996536886553e-08,2.87805310829756e-05,0.577791896065811,6.44050321267886e-06,0.0278916641712626
8979,1683,0.27639209433453,0.00594852517794536,2.14847098678597e-08,4.33579217002991e-06,0.671342536548188,6.14706185391475e-07,0.0463118719562711
5119,5757,0.186319592837699,0.117601050893832,7.09335392220996e-09,3.61725629031369e-06,0.692096699877045,8.29389916837078e-07,0.00397820265186375
6081,9834,0.0758004553812658,0.442149463367252,1.91287494151195e-09,8.09178141122537e-06,0.476418178755664,6.31241076398833e-07,0.00562317756045563
4432,1681,0.27462787597683,0.0340797447385824,5.11473298624056e-09,1.31082412020058e-06,0.662335133840137,2.11452710311615e-06,0.0289538149784935
5185,9953,0.170255080706519,0.500353767701972,4.26788607206401e-09,0.000242489955329442,0.315727594569625,8.74150748153555e-06,0.0134123212911867
8010,9595,0.290951450823054,0.0353341371200825,0.00124062255764337,3.27488597387824e-06,0.628387563252692,4.14288524382373e-05,0.0440415225081159
8633,4920,0.369978532133288,0.100918780000182,4.96627461592414e-05,2.62812152163987e-05,0.48477578095979,2.0956038897567e-05,0.0442300069064666
10218,3602,0.350365665847974,0.116272960546329,1.57107082076561e-08,9.77676552553158e-06,0.499880636071171,1.03056152168785e-06,0.033469914496771
4430,4319,0.185953463228871,0.0229069772655585,1.29416269731309e-09,1.35679736536599e-07,0.782369723208833,2.95376964757588e-08,0.00876966978514104
5809,2401,0.315068182005323,0.0164579749608178,8.25835655927478e-08,7.22664879696308e-06,0.656610726269967,3.22254608164647e-06,0.0118525849854478
8908,6359,0.248447029150904,0.0512496458037383,2.77042150136631e-07,9.86255211565825e-06,0.666785946378712,2.26019173896417e-05,0.0334846371549902
9113,8637,0.163239890171987,0.0122567638152384,2.97715615036328e-05,4.17703287433935e-07,0.792271285855127,3.2593603627194e-06,0.0321986115324939
7529,8036,0.235520829360861,0.185189818489557,5.70308222419035e-06,0.000555101021379581,0.547790045344699,8.25357178481137e-05,0.0308559669834304
9667,2403,0.129857854830878,0.00352643131075482,1.99833179937058e-08,6.49475918764578e-07,0.859964848702775,8.39789438942742e-07,0.00664935590691718
6701,10194,0.0852328215942505,0.383632882985273,8.3767795515776e-10,6.67075370890251e-06,0.518575337101658,6.91838812992132e-07,0.0125515948886191
5809,3360,0.389721942783355,0.00936869206016268,5.77324793089531e-07,1.79983251415468e-06,0.581371984121661,3.17751578783265e-06,0.0195318263617262
3397,3479,0.158831983557745,0.109984448059241,1.05623145133296e-08,4.15631214528979e-06,0.721583823417951,1.00363886640155e-07,0.00959547772671586
9251,7917,0.126518517499198,0.100296325205798,2.63215158271133e-07,2.9558022638148e-06,0.708101979373079,8.51897551180892e-05,0.0649947691493843
8012,6718,0.149363244943998,0.0399952518725663,9.34876740717392e-08,3.46553224657369e-06,0.77185943168778,4.77478004857023e-06,0.0387737376956866
8148,9355,0.121473723600823,0.0358743187920648,5.58903114852847e-05,4.09726655773483e-06,0.791978244262505,1.09448026263906e-05,0.0506027809639372
6566,5159,0.290333015236901,0.0616819404656736,2.0577678143872e-07,5.08701303050048e-06,0.62876021164843,7.33292916145063e-06,0.0192122069300215
7390,10434,0.236812195609338,0.108152859450168,3.26418198155266e-07,2.49732201575098e-05,0.630741172297252,1.02850463449471e-05,0.0242581879585411
9735,5880,0.418624806917021,0.022241294002574,2.96439853254836e-06,1.14004367124824e-05,0.494163465365477,1.56476721076471e-06,0.0649545041124721
4635,8515,0.0511698666747066,0.307174912115942,8.64415737133808e-10,1.8162573670842e-06,0.635461720587574,1.24044758001989e-06,0.00619044305241366
6082,7197,0.141941142957112,0.153607762337626,3.70555290015845e-09,9.11996203828298e-06,0.70337908834947,4.40410518008546e-07,0.001062442277683
7252,10194,0.108631508530759,0.204176016295593,1.91580483907191e-08,9.79604304512314e-06,0.673553866266349,5.84978837354355e-06,0.0136229439178327
3260,2999,0.220579914698289,0.056871446156781,8.32929748008636e-08,2.26240991113675e-06,0.70344691197099,3.2746587009356e-07,0.019099054005184
9735,5400,0.325258549872885,0.133998447266706,4.69548672755934e-07,0.000177645188047007,0.509375616096859,3.91999525930836e-06,0.031185352031571
9872,5880,0.459445624309633,0.0867148932245287,2.94686470870197e-06,5.11483383446108e-05,0.38621041566482,1.19728622379881e-06,0.0675737743117405
5601,5878,0.130755818418525,0.143389809904746,5.2209658550037e-08,6.26226189693942e-06,0.714361240154872,2.54309984835074e-06,0.0114842739504524
6703,5638,0.184966999991964,0.0428335839778425,8.20910220093246e-08,9.4469933839603e-07,0.759390402937869,3.37603111203547e-06,0.0128046102708522
7463,2642,0.15568022584176,0.0390842272949293,6.49724359537835e-09,3.2544639154663e-07,0.800486974341498,1.29457525252005e-06,0.00474694600292569
7668,5879,0.244265465287785,0.132087153037712,1.07726410967105e-07,3.18738372779454e-05,0.595042543022988,4.39829993284083e-06,0.0285684587878933
4291,8394,0.0703278805033039,0.376217375831219,1.81277820906416e-10,2.96458161178483e-06,0.546454704099412,3.96091282792987e-07,0.00699667871189218
9252,6239,0.243929214816869,0.158064561851259,2.19035761697913e-06,4.1929192946033e-05,0.537963142057633,0.000103050818266146,0.0598959109054095
8908,4920,0.613991335289581,0.0396418501124006,5.42804602432463e-06,4.62166917475974e-05,0.324100852631315,1.05251481648404e-05,0.0222037920807663
9941,7198,0.1071346851399,0.0436791782225959,2.6596970719908e-07,2.57054369515404e-06,0.807930520080217,3.61919006400546e-05,0.0412165881432445
6495,9594,0.0943166080459364,0.284121245895702,2.18420542534537e-09,2.63842664283054e-06,0.611127160262798,2.53883043834095e-06,0.0104298063542763
8080,8276,0.0869617057454041,0.0140308081829176,5.44240287780172e-09,2.22923813060387e-07,0.86179005418023,3.19590801338882e-07,0.0372168839344306
8290,1683,0.445429338556192,0.0608009935266879,5.32866680697069e-06,1.26054440182512e-05,0.464873304213778,0.000136740922290157,0.0287416886702264
7186,5519,0.154674515193411,0.312532723245854,2.09848337800534e-08,1.53174767479904e-05,0.523350650744758,1.40064425662243e-06,0.00942537171013898
5601,6597,0.197553846408749,0.146891029623022,5.91553005018385e-08,1.66346713763451e-05,0.651480616021591,8.20813561468828e-07,0.00405699330639997
8358,3481,0.185662289257532,0.00806007568246922,1.3541802295698e-07,1.96085142066018e-06,0.791355940447793,2.49924530055634e-06,0.014917099097461
8840,4800,0.309534843250482,0.0607062853262566,7.26837800072887e-08,1.04403510605138e-05,0.586349471923515,1.38666574583847e-06,0.0433974997991598
8493,8277,0.166347302941717,0.027384957498368,1.38198615661437e-08,7.93204957588411e-07,0.773323686940558,3.87689622588452e-07,0.0329428579049155
5324,7556,0.389230927975887,0.319546519523421,2.27311096937202e-05,0.000382595512635836,0.272415152775674,0.000255967433496877,0.0181461056691915
4635,8035,0.204768792369682,0.4599866032115,2.15016695720046e-09,0.000339935487197138,0.321759583986215,3.9513042530694e-06,0.0131411314909868
7736,6958,0.0697177562089696,0.0172039338963689,3.00629154896132e-08,1.02787954180176e-06,0.884613699292641,1.90795398140959e-06,0.0284616447055813
4222,8514,0.0894829590798735,0.288751669857282,1.62351658050393e-10,1.75112787853608e-06,0.615475772020265,1.6289676762354e-07,0.00628768485558141
4981,5997,0.138116300344861,0.0904058279040052,2.28873470583288e-09,1.09565673716346e-06,0.770247519236858,2.75511415074918e-07,0.00122897905738874
7735,9835,0.252435239353567,0.0170443511398865,2.64603877839544e-05,3.4537096565387e-05,0.708442805395366,1.35908623051819e-05,0.0220030157645257
5671,3600,0.32914276043401,0.0156505021661404,1.20282752911078e-08,8.92809345109668e-07,0.634302188557389,1.83058675578049e-06,0.0209018134180845
7114,10434,0.038650567481816,0.183578286108916,2.9298121995472e-09,1.78310161363582e-06,0.764611684982078,1.67715654479144e-06,0.0131559982392193
5875,8036,0.154396988880254,0.297977348933771,4.36720934050896e-10,2.06054117605074e-05,0.539305620463485,1.37777687725305e-06,0.00829805809713089
3949,2280,0.194229581625104,0.229465972178207,5.12537098615542e-10,2.14455090885407e-06,0.564304129667033,1.23227303141828e-07,0.011998048238907
5464,3000,0.275643004531121,0.0195496585421995,8.71874436446852e-08,5.48355548296966e-06,0.684445900171116,2.56798352869777e-06,0.0203532980291086
8010,10075,0.174499898609028,0.155803392025384,0.079886373058338,2.39243283305552e-05,0.531812246425043,0.000624792153726947,0.0573493734001491
8840,3841,0.326726312330596,0.116170750284882,8.36162600592929e-07,0.000400135971511481,0.53527411470061,8.10556199630202e-06,0.0214197449878032
5738,7076,0.194454577358369,0.132912479772188,8.33335524422718e-09,6.8472573740161e-06,0.668977277684312,5.36566210359215e-07,0.00364827302819109
9390,5520,0.455075820254053,0.0338638069143839,5.53147364024272e-07,4.84272014885382e-05,0.466660385333532,9.80519240344267e-07,0.0443500266299382
4776,1801,0.263949238624779,0.028858374063364,1.56889557460703e-09,9.5941018591834e-07,0.692708029814393,3.45854435233268e-07,0.0144830506639471
5255,9114,0.191779862960482,0.46303342873733,6.33983287228901e-09,6.29844366645028e-05,0.334156353076902,3.96971533607222e-06,0.0109633947334523
6842,3481,0.295843630279975,0.0143548546162901,1.65157231483869e-08,3.22210166387126e-06,0.685249715992636,5.77057656085069e-07,0.00454798343605601
6633,7916,0.16643770105943,0.228338620358834,7.44752775704327e-09,5.52819249665965e-06,0.601898648810701,1.10501055568786e-06,0.00331838912045465
7597,10314,0.13416512334856,0.0044219382215631,4.97804196391762e-09,2.68163979441541e-08,0.829132142680397,1.94465076339939e-08,0.032280744508533
5187,6117,0.10466350385926,0.211545059084524,3.46368476017575e-09,9.29596557203003e-07,0.682832330292588,7.54277056996421e-08,0.000958098275680032
8908,5639,0.357767165158643,0.102182339483467,9.24002605768084e-07,1.14856427213152e-05,0.49812998421616,3.10333332803678e-06,0.0419049981630746
6567,1802,0.31709257346194,0.00272526450001322,6.40440929737103e-08,4.90055700025614e-07,0.671117045542212,1.83152488063755e-06,0.00906273087116061
3259,5157,0.303086408641427,0.0168721504794721,2.05496507433956e-08,1.49254026129106e-07,0.655355351722288,6.60429782489115e-07,0.0246852589233534
9460,3722,0.463597579175271,0.0576570760413381,2.55876301311448e-05,2.6536682398348e-05,0.458647606963083,2.59476740285825e-05,0.0200196658337491
3948,4198,0.0708230712946483,0.00987534562615364,2.05986161964703e-12,2.87831243032552e-08,0.919033903826614,2.18774000944631e-10,0.000267650248625902
8424,8396,0.14997470980978,0.0115148305471411,1.16019541830382e-08,2.54589807350798e-07,0.78461984377979,4.2934144998655e-07,0.053889920330077
7875,5519,0.205308770717756,0.0854830563724876,1.62871118848996e-07,5.28776850479357e-06,0.678378839189191,2.69277255791048e-07,0.0308236138036863
5602,3960,0.226561675104155,0.00221069084152834,6.89031630163451e-11,1.10277267529539e-08,0.770973870036846,7.31165386031821e-08,0.000253679804302169
9527,8877,0.197648147679622,0.0510229148846563,7.6992605535472e-06,1.71289899633665e-06,0.679151593682229,6.47589821513612e-05,0.072103172611791
3327,6236,0.279061944085817,0.12293688679324,6.04776620312778e-07,1.49417829272206e-05,0.569022538458241,1.10032968573009e-05,0.0289520808062965
7116,6598,0.243380469302597,0.0548223174136027,1.90189060767046e-08,2.66528202491117e-06,0.687595694717217,1.9788502033958e-06,0.0141968554154488
8838,7438,0.0604044092682394,0.0648772560618344,8.19863122853644e-07,6.74483480932659e-06,0.801132038125306,2.89042542231421e-05,0.073549827592465
8976,8157,0.143923248268347,0.0527558740720738,8.42825367983285e-08,2.93137541810644e-06,0.736524629807242,1.64727742600338e-05,0.0667767594201229
9323,3242,0.299250995940415,0.060676822152611,1.80844629375023e-05,2.24732524510773e-05,0.584897874735585,2.83832504920754e-05,0.0551053662055084
4015,9353,0.13064539168757,0.373074233215426,2.49851531677854e-09,1.32328405965108e-05,0.482071317438474,2.96750337973672e-06,0.0141928548160392
5393,7676,0.288224510691083,0.303644934006475,8.80206096280346e-08,4.94010835819765e-05,0.39323221313232,1.16865248533641e-05,0.0148371665410774
8149,7917,0.0256724541380199,0.0320750340070883,1.4148767302137e-08,3.49916185006385e-07,0.911848284351765,1.89756304275408e-06,0.0304019658751322
6841,6118,0.220738574269684,0.0547334001396617,8.25195041068872e-08,1.2575423079839e-05,0.67435076506586,3.6225109097629e-06,0.0501609800713005
8425,7677,0.0599266874821577,0.0454792246894315,2.9609691192707e-08,1.3380761035579e-06,0.870940319748687,2.24986535515307e-05,0.0236299017403777
7736,7917,0.259887273660635,0.0590437284096843,9.5170022064576e-08,7.94228170315782e-06,0.649447815160384,2.09221306677822e-06,0.0316110531045044
2984,3479,0.179628044140222,0.0789269807601572,1.72112196246329e-09,1.86529370603895e-06,0.736316331620146,1.20376381830267e-07,0.00512665608826527
4773,7795,0.230739818720892,0.420786294274236,1.27646476997559e-08,0.000147072400728785,0.32730825953635,6.70667429224433e-06,0.0210118356288536
6357,8875,0.033796125443674,0.425872115373412,2.26690897336828e-09,4.72110686987396e-06,0.528474711606632,3.02466720898454e-06,0.0118492995352946
8772,3002,0.355931050690292,0.0397202530534438,8.00460314749433e-07,3.04341008988701e-05,0.584822314736284,2.3983288432745e-05,0.0194711636703334
5668,10313,0.127948020509662,0.278937552175394,4.47919378592144e-09,1.5323077635249e-05,0.586546408420821,1.06104115493758e-06,0.00655163029613935
6150,9714,0.0603231172767223,0.470304687987102,6.07399722565379e-09,4.90117415271105e-06,0.455068559767942,7.12396042465212e-06,0.0142916037596589
9872,6599,0.125589069325296,0.0172671862242767,2.70942981106038e-08,4.37144964004881e-07,0.833492909322507,2.06397858035747e-06,0.023648306910078
10079,6479,0.31633529435527,0.0167853441263871,8.30732542306298e-08,8.89881461303863e-06,0.645345529185258,5.71290822140156e-07,0.0215242791543953
9461,1803,0.103854065664251,0.0310859586345701,1.19292746710233e-07,4.83733845586269e-06,0.830713572019871,1.90889427546307e-05,0.0343223581073508
4566,8155,0.186813675578447,0.426417743557859,3.39336611761687e-09,6.64570015132822e-05,0.375126669029017,5.52495615913552e-06,0.0115699264836387
3259,4438,0.0766793796280654,0.141233030450067,1.28712951877059e-09,3.31237495440396e-06,0.774252106063159,6.98123592306052e-07,0.00783147207303192
9183,6359,0.276953294721717,0.0682541682887218,4.37168430607092e-07,3.22706800101747e-05,0.588697434444159,9.27816297100893e-06,0.0660531165339904
8151,4081,0.432085735232996,0.0777564648957347,4.49617085335414e-07,6.58835696042185e-05,0.444113436783232,2.47074106286047e-07,0.0459777828272414
6359,4320,0.311347370539243,0.0617157927711518,5.50476366942466e-07,3.17659194058163e-05,0.605461726968229,2.61101449448007e-05,0.0214166831806585
5119,4559,0.110649048639344,0.0838439237903058,3.6834287573944e-07,8.07782857936837e-06,0.772761989582403,2.88009378126174e-05,0.0327077908786792
6359,4559,0.291899924496354,0.103630236361394,3.06861272384327e-07,2.30272297944593e-05,0.586161507954839,1.39564931879181e-05,0.0182710406031593
6082,9115,0.0494838951763085,0.398306112848021,1.29406688985394e-10,3.69905207890341e-06,0.544125385715744,1.02777191763305e-06,0.0080798793065233
3946,8514,0.100706889632787,0.425486877164272,3.3952288569209e-11,3.40362366847576e-06,0.473283336106007,5.77331444897221e-08,0.000519435706168842
7392,6358,0.209127243416699,0.0511051982963382,2.29592952093969e-08,4.77592667798942e-06,0.702440506171024,3.05228228584465e-06,0.0373192009476792
5530,10313,0.0968709692471625,0.449496907462941,1.2912537843239e-08,2.02537214936018e-05,0.446737344597319,9.29852147734664e-06,0.00686521353706893
6220,8156,0.179020979490319,0.298853266518706,8.73128581395114e-09,8.62077741034795e-06,0.520819860937837,3.51940540595874e-07,0.00129691160390149
7529,7557,0.107573930445882,0.0298686063516504,2.10216217839854e-08,6.57390068428375e-07,0.827788632101349,3.1541275046479e-06,0.0347649985619234
6704,5159,0.284270436192952,0.276394229441425,8.72540419187936e-05,0.0002541909865224,0.405025353332758,0.00128588047072594,0.0326826555336977
9667,3122,0.150984881063458,0.0259832198334834,1.14189111563003e-07,1.60431688186046e-06,0.753534352517373,2.37508495348046e-06,0.0694934529947386
4499,5158,0.225921945586558,0.134930896094029,5.94677704412199e-08,6.98834133486139e-06,0.582479462743698,1.81853824111721e-05,0.0566424623841992
6771,7916,0.263930865329185,0.098211594748521,2.20836919551684e-08,1.26031464688031e-05,0.613499395318743,1.41774915692718e-06,0.0243441016242332
4634,10193,0.155303596418106,0.282031184346267,4.39374004605434e-10,1.25070434339294e-05,0.560300553192078,7.15833654727424e-07,0.00235144272708645
4980,6956,0.208343683432786,0.20920978329307,8.7331140565219e-09,1.58101403314066e-05,0.577420297072806,3.19401567135854e-06,0.00500722331222053
8908,6119,0.347367080182004,0.0611136747750359,2.37490921255458e-06,2.750151086746e-05,0.525400346401248,1.74893373567242e-06,0.0660872732878967
8150,6478,0.155075196190827,0.050813578255396,1.90517773983699e-07,3.66512611338141e-06,0.738912035588471,2.06465422559833e-05,0.0551746877791626
10079,5760,0.378846689430059,0.115240686887428,8.80635552199061e-08,3.71214120467922e-06,0.444871021952197,9.06705655803142e-08,0.0610377108549903
8495,5639,0.295969606439969,0.220219898784444,3.00796641042622e-05,0.000164595468730028,0.42835847918618,3.59169709083339e-05,0.0552214234856651
10150,2283,0.15089295562131,0.252298226099123,1.78567069007382e-06,0.000122568708443953,0.569553743878223,0.0021025560109261,0.0250281640112838
3467,2400,0.234889162635164,0.0495648123407277,3.75658559816008e-09,7.40081748450349e-07,0.712018566702426,1.83950712215287e-07,0.00352653053263622
8906,10435,0.227358562647735,0.283509486411991,8.39040224126695e-07,0.000450275504072768,0.473302725792978,9.60015078867836e-05,0.0152821090951121
10146,10196,0.354638449702628,0.127277830105526,0.000971279632068429,0.000345863314550022,0.489424748295784,8.09410315531487e-06,0.0273337348462888
4844,4079,0.227072062210377,0.0122626118991706,1.03468863424242e-09,7.89742855280211e-08,0.753608606608713,2.04223810058312e-07,0.00705643504895564
8908,5400,0.281508855826839,0.231199402535445,4.87164236432451e-08,5.37988587501808e-05,0.442062360084243,2.5359486115831e-07,0.0451752803834388
9667,3842,0.310167300818581,0.199546080245654,5.50509174998864e-07,0.000309506846616565,0.442570901852033,8.17636525231507e-06,0.0473974833626875
9389,8637,0.184742835316836,0.0270265160172434,2.58331865989253e-05,0.000126991890526182,0.737123527992495,0.000100223407965718,0.0508540721883355
7390,10194,0.172769858084934,0.151749583677108,4.15091172045435e-08,9.71705655140965e-06,0.665173851894239,2.81704446232318e-06,0.0102941307335882
5323,10433,0.115008268659312,0.449766071213845,6.10717676885091e-09,3.22562949307955e-05,0.422628711854686,8.81280546079259e-06,0.0125558730645887
8564,3841,0.270512761506715,0.00896356260215825,1.96820676062912e-07,1.31925398918396e-06,0.688212143382899,5.01500419413047e-07,0.0323095149331424
2984,4198,0.197298055835306,0.0289605912674182,7.04603756787628e-08,1.12746663114865e-06,0.762370289728958,2.35964928667358e-06,0.0113675055920242
5600,7316,0.155103063718998,0.312484798348773,1.66805726517597e-09,2.73021550171886e-05,0.525101181696222,1.22898570532085e-06,0.0072824234272282
3808,8514,0.14258836324959,0.455103826792261,1.57504649962519e-10,2.16617266942437e-06,0.399870249338953,1.15709352594226e-08,0.00243538271808727
3397,4438,0.0974359178020784,0.276852093059913,5.84650199195284e-11,1.34355778629261e-06,0.620451693472058,5.34843898762692e-08,0.00525889856530908
9940,8637,0.309043705175864,0.0123737672512969,3.84319211232398e-05,3.92433339986053e-06,0.615366655075732,3.3309087177718e-05,0.0631402071554057
8083,2762,0.182854525683075,0.00110452070969548,2.25325830386149e-07,5.97655261079958e-08,0.806390093425729,1.09782269047953e-06,0.0096494772674534
8079,10195,0.147459694364812,0.0291811143953766,0.000464350063690776,6.37988858576015e-06,0.741018646072871,1.94122358014885e-05,0.0818504029788626
6498,2162,0.440439984221493,0.0657684255001171,0.000170967492315332,3.96259127111531e-05,0.459842420212943,0.000426107536324053,0.0333124691240973
8013,5279,0.24052211845356,0.208308475884018,3.54984685002537e-06,2.86819410386296e-05,0.491157914245051,2.73340020937452e-06,0.059976526229273
10010,7079,0.0920183544240805,0.0423776707134905,5.36996740267645e-07,6.59599581504371e-07,0.791170135179531,3.66787376334521e-05,0.0743959643489426
6701,10434,0.0374580713394179,0.416728503572745,3.25726816020333e-10,3.92524938616122e-06,0.517761661729424,8.28785195013609e-07,0.0280470089981045
6978,7557,0.281755558496182,0.0338398340268581,4.05882729912823e-07,1.64387805135411e-06,0.65766319537679,5.90035402066937e-06,0.0267334619853682
9874,3482,0.271815235963166,0.118008000536694,2.78158378490236e-07,0.000177817986642011,0.563459850870574,8.30772808332392e-06,0.0465305087564621
4428,8395,0.0929342171618442,0.313793212957393,4.82120906786921e-10,7.7997465344855e-06,0.579906023768151,3.94842450954149e-07,0.0133583510415053
9323,2283,0.173235649669104,0.0155995020213851,1.88462367140116e-07,3.92365711806743e-06,0.777162010068537,1.50240400934601e-05,0.0339837020813957
5530,9594,0.122649082639399,0.417991693534223,1.20292408221903e-10,1.19702558029783e-05,0.457527625049244,1.65519171659876e-07,0.00181946288186635
4979,9114,0.24727723783704,0.407605211462672,4.52417094162228e-07,0.000505401240053672,0.333528614251126,3.57226378282796e-05,0.0110473601541851
8079,9955,0.215187433507183,0.0645155632256404,0.00399286314093689,1.5946055381214e-05,0.669912788619461,4.60846842421898e-05,0.0463293207671558
5188,4199,0.245187567728166,0.044184748684987,1.07687491435995e-08,1.83144296997005e-06,0.654339552462607,1.28776469190203e-06,0.0562850011478286
9458,8277,0.205114909062119,0.0356417001743673,1.78203297943614e-06,2.36607454720913e-05,0.722346027766807,2.37009125705867e-05,0.0368482193056844
8013,4560,0.317218833854988,0.0198430451834128,7.29309225628768e-06,1.76720123024284e-05,0.623087748224242,1.91781825086386e-06,0.0398234898145474
7115,9475,0.0337806852639638,0.287008699846343,4.93256668720614e-10,1.63384468514302e-06,0.662243076140624,2.53450183118093e-06,0.0169633699092961
7394,2282,0.284009153544913,0.0364266567771074,1.17616231994879e-08,1.000317943547e-06,0.677064015691034,8.57253777034072e-07,0.00249830465360257
9323,1803,0.153135526114461,0.00838026086702232,1.01288687401921e-07,5.57796509842647e-07,0.818492697714378,7.7943826909867e-07,0.0199900767806727
7737,5279,0.306888261410036,0.0277403289877075,4.1921720791186e-06,2.05325370680634e-06,0.576458366572065,4.37665806896341e-07,0.0889063599385993
10216,8877,0.364545504800382,0.0661175931186223,3.34888010468198e-05,5.87467333103088e-05,0.547395700913896,0.000576322818097711,0.021272642814645
6015,3720,0.158399834826685,0.0262487923023375,2.56408402482612e-08,5.19285544265624e-07,0.754277852987486,2.61894474701307e-06,0.0610703560123607
10077,9596,0.303445210566923,0.0547091750844843,8.79356351580016e-07,6.32391193213597e-05,0.60621739062313,1.16253539817233e-05,0.0355524798958085
9322,3482,0.321444624970391,0.11611902901006,5.84325623486651e-07,0.000132959526364671,0.549260821422883,6.3618092899735e-06,0.0130356189353875
3191,2400,0.20297847928917,0.0649169568713269,3.95175738791026e-08,3.47153891011083e-06,0.718537321522569,5.5832667319936e-07,0.0135631729337768
8012,5519,0.247565559438139,0.324260656442559,7.34806485500112e-07,0.000284622680447855,0.407934867609206,2.43263046081465e-06,0.0199511263927016
4772,9234,0.196239099382495,0.429857411082735,2.88845610715947e-09,9.07949388976073e-05,0.360457653764254,2.54863137543522e-06,0.0133524893117868
8839,6479,0.24591741265284,0.0473398961604863,4.64767206420177e-08,3.40439882780523e-06,0.675488638249901,4.16750959650574e-06,0.0312464345516276
5463,5878,0.120734156222216,0.204859978041524,4.57666313079182e-08,9.4421422888245e-06,0.668398973585803,2.37889337035606e-05,0.00597361530783323
3672,6116,0.276713602820711,0.135462177432973,9.90983905102921e-08,1.8832507439359e-05,0.547779733981605,3.44783133254358e-05,0.039991075845556
9113,9596,0.147874838354054,0.0165302415495974,4.82423583890049e-06,4.33108217379265e-06,0.799493031181607,3.80998611938231e-06,0.0360889236106095
8358,2282,0.144168761743367,0.000657281802212037,1.47736580666735e-08,2.24362883142211e-08,0.850526431069526,5.497486880745e-08,0.00464743320007969
7528,9955,0.337709593871669,0.0541990176507958,1.08615434345063e-05,2.82340743521914e-05,0.583865570167389,5.75434023486716e-05,0.0241291792900108
7944,3721,0.262501171719985,0.00863828878515824,3.41804966336275e-08,1.31997287827317e-06,0.72325811406392,3.8703243937283e-07,0.00560068424512294
8149,8636,0.116260409833371,0.00878695864520934,7.080784116907e-07,5.48540316940608e-07,0.849306764775379,1.74541432710783e-06,0.0256428647129853
8082,5160,0.273614248633259,0.122951417622022,2.62995962523906e-08,1.76532293618411e-05,0.549491109183544,2.89567731708493e-07,0.0539252554644854
4704,7915,0.212978751126628,0.434032017053137,4.49412139103105e-09,0.000227077195583729,0.338383258931564,9.02552741448987e-06,0.0143698656715513
6014,6357,0.0865148609407254,0.00385523583698309,1.12115199288046e-10,2.84955166281937e-08,0.909598834345275,4.60741722233915e-09,3.10356619672833e-05
6564,9475,0.0970198531539719,0.364924131977535,7.12188944524415e-10,4.38236952585361e-06,0.531870875404517,5.08468412023604e-07,0.006180247913849
7186,5039,0.246040109781032,0.242124951274859,4.73236349791138e-07,1.03829384018127e-05,0.495505426268205,8.12311830028776e-07,0.0163178441893223
10077,10076,0.248851666728007,0.188334482190779,9.12161526418081e-07,7.47204758919769e-05,0.511476307391239,4.55513326317851e-06,0.0512573559192932
5532,5518,0.200700770258596,0.104351933524047,1.36375097152562e-08,7.78131587652354e-06,0.668636671432379,3.36241653201458e-05,0.0262692056662713
9939,9836,0.298105214063211,0.0516999421122473,6.81522367090132e-08,1.33836845924741e-06,0.581517918867363,2.23063444211619e-06,0.0686732878020409
9458,7558,0.160770158300461,0.0925813058795723,1.83591285018692e-07,4.98808559409571e-06,0.694624438143649,3.66075729870783e-05,0.0519823184264518
9254,3122,0.126606250115239,0.0729571153069126,7.01595184388584e-07,4.35826224389938e-06,0.729630521883745,4.4498171913421e-05,0.0707565546647619
4568,5517,0.259511656753731,0.222442478417249,1.05559668323332e-07,2.03783928151512e-05,0.501566907944307,3.22603764990249e-05,0.0164262125557306
8082,3481,0.168409117584244,0.00554571470238556,3.42431949873448e-08,4.31287991892939e-07,0.817462069967911,3.79448076577172e-07,0.00858225276619669
6357,10314,0.268976886105124,0.227018455206122,3.33593960960095e-07,7.95457297994465e-06,0.498457913538309,3.23602592271497e-05,0.00550609672427646
9112,10315,0.259203255931904,0.0601531386500105,1.44470032857682e-06,6.01074050372171e-06,0.636234264153505,2.87326976793482e-06,0.0443990125539804
5396,1921,0.245163684971289,0.0762460015259332,1.87326177481577e-07,1.88265874743589e-05,0.641385289495729,1.58468741013591e-05,0.0371701632192951
7459,9835,0.351493724409915,0.0538321281431258,2.23206693715695e-06,3.0964683548322e-05,0.57441498986484,2.01751840150852e-05,0.0202057856476192
3947,5877,0.269365434138497,0.197756276936653,7.25598297158331e-07,5.33412267835756e-05,0.512860747341436,2.20259759890489e-05,0.019941448782344
4566,8874,0.149909839940787,0.43719193394131,4.70699581302103e-09,1.76732861492791e-05,0.402946056126737,3.21157929680697e-06,0.00993128041872416
5462,8515,0.226101917315857,0.454047131901042,3.33381602598575e-08,0.000257829942941929,0.303045877737186,1.9751860613583e-05,0.0165274579041989
6770,10074,0.182685685411694,0.308825652416953,2.47885534457915e-09,9.24906865154345e-06,0.498756104427878,1.37924293505264e-06,0.00972192695303278
10147,8517,0.292930255752787,0.0235686858648345,0.00819324667124271,2.6621884179804e-05,0.637941289094006,0.000218354090734416,0.0371215466422148
8356,6598,0.119151310092702,0.00770485175188899,4.9311322964446e-07,1.45423276492903e-06,0.849835450908961,4.36077676401907e-06,0.0233020791236899
4223,5877,0.252728573109768,0.253201958917954,5.20245970411888e-08,3.53429884109044e-05,0.477656366109895,2.67774608562674e-06,0.0163750291032896
6083,6477,0.196317546333151,0.178377794495034,1.61048703378008e-05,6.01825017823768e-06,0.612209493130351,2.73141671870489e-06,0.0130703115042292
8287,8396,0.0736572762293399,0.0142051111603014,2.15781061784865e-08,2.46638808579864e-07,0.851458430932352,1.50992516896837e-07,0.0606787624685756
6427,7077,0.390356026086541,0.0806051431478686,2.02563082849906e-06,1.89714883649592e-05,0.509160078030295,4.41124845386371e-05,0.0198136431315625
3673,3479,0.196749053451704,0.216663094559709,3.58059196897326e-11,4.14302272087949e-06,0.581691667179952,3.09565258710737e-09,0.00489203865445547
7253,9475,0.286348731906411,0.0666883185308811,2.82506405214255e-07,6.97597187806011e-06,0.635431027794651,4.44183654006454e-06,0.0115202214532329
5532,5278,0.104506107173305,0.198151712966338,5.4040944140636e-08,1.36117425195035e-05,0.628027283329414,2.58484001820181e-05,0.0692753823472977
7117,5159,0.13865552550432,0.370318571736025,2.20203795567013e-08,2.17798298868724e-05,0.481425514069618,1.56833083377034e-06,0.00957701850893713
3122,3239,0.19129750594086,0.255647503224585,5.54204877872823e-08,3.50813958755744e-05,0.533836997420399,5.49290428415308e-05,0.0191279275549513
8011,9116,0.0657144443160046,0.00518295454069144,6.80089590837858e-07,5.36751687729194e-08,0.919922919385395,1.21827102120052e-07,0.00917882616604712
4637,5158,0.300854578911358,0.100561783365762,9.21832872831522e-07,1.10157286074036e-05,0.534996426804017,8.73053751723153e-05,0.0634879679822109
9185,3721,0.452684067854245,0.0544661216415508,4.24200772329899e-06,6.49461149147496e-05,0.446239393762187,1.95172819851817e-06,0.0465392768911807
10150,2763,0.1711729675213,0.107963714011621,3.18070261869273e-07,3.94938417633426e-05,0.704201082481362,4.29883313985491e-05,0.0165794357422934
5393,9114,0.20110450128087,0.390528162006349,7.5535888685998e-10,4.54132056026682e-05,0.400383098766373,1.32405613270274e-06,0.00793749992931395
5188,5398,0.301604460155484,0.0546383931340171,3.94943759268122e-07,2.8026316794507e-06,0.621422725045518,6.60207205339309e-06,0.022324622017489
4773,8515,0.094678085472877,0.258598265860309,1.52052930025006e-09,2.97402265528628e-06,0.631176188755791,1.75342903685403e-06,0.0155427309388021
8770,5160,0.391919204758721,0.227642316792252,1.02734004187193e-06,0.000320668934362167,0.356586072264444,7.05601493467436e-07,0.0235300043086861
4982,3839,0.193978991027218,0.058185915904304,2.13076248350686e-07,7.85893976393592e-07,0.704317223623157,6.04229650572752e-06,0.0435108281785905
7805,7317,0.134611845820503,0.065146318004241,8.17152480925455e-08,6.33893542950654e-06,0.744448746216277,6.04553074615476e-06,0.055780623777556
9185,2523,0.22003874205377,0.0216278188140615,6.77997170979072e-07,2.56801696913618e-06,0.741077896711954,2.11835788409504e-05,0.0172311128272342
5805,10553,0.120118242856979,0.455571364428972,3.04858672508539e-10,2.2561185108553e-05,0.413224335698638,1.29346080765118e-06,0.011062202064636
6633,8635,0.107649186158131,0.436469385769547,1.22733078210907e-09,2.85807547605394e-06,0.451258120422425,3.05005921840698e-07,0.00462014334116911
9802,9836,0.24436845445912,0.0226980892065439,5.68361566950759e-09,3.02070835800245e-06,0.690621206203585,1.33387970792605e-06,0.0423078898590694
4776,1561,0.277371201160893,0.00495045047609658,2.56928484720151e-09,4.59551033092324e-07,0.666604693795288,1.2599515742031e-07,0.0510730664522464
4912,6117,0.257166037628447,0.0931535798483397,4.78988581355724e-08,6.46049127149602e-06,0.648089877429808,6.91706463901044e-07,0.00158330499681196
4566,9114,0.144259121516686,0.413132814033129,5.75389464092015e-09,3.28011672681351e-05,0.428976361750393,5.94375467636116e-06,0.0135929520239525
7597,9115,0.164559590667986,0.101608558413792,6.52439035151295e-08,6.6920764802737e-06,0.716938750031445,1.16319512757359e-05,0.016874711615118
8355,8996,0.175666110469325,0.0070436521712442,8.22189611095868e-08,2.41724200404568e-07,0.771344544690542,1.24921418300895e-06,0.045944119511544
9736,3722,0.349953725530559,0.0248523880488612,1.01293918212004e-06,6.72154107781774e-05,0.597263750762562,8.24459519133072e-06,0.0278536627128667
3671,8274,0.142680524011892,0.422669386027378,3.36466178522843e-09,8.363829719935e-06,0.431092209166873,5.30217625367343e-08,0.00354946057771226
6013,8275,0.128212871853911,0.289329455118113,9.7634987129394e-10,1.48709664772153e-05,0.569500630760642,1.98748445535109e-06,0.0129401828400518
6497,5279,0.279163060526065,0.0874276458505147,2.43020160822229e-08,5.11044995312188e-06,0.614965460457052,2.15331619417799e-06,0.0184365450982053
6772,5279,0.160383355868303,0.170861551202479,7.21690276734746e-08,1.61068166939161e-05,0.651823353295486,4.35844579800208e-05,0.0168719761900306
8286,9595,0.121405646061295,0.00601838457138019,1.05355752758909e-05,4.5154357486104e-07,0.85586247031693,8.54792819802039e-07,0.0167016571387242
5876,5878,0.1465416175504,0.0764826008286304,5.19330303475806e-08,4.94572019048553e-06,0.77132900814776,1.14407670024404e-06,0.0056406317432886
7530,5399,0.272758737671869,0.169486897277984,2.24273165732266e-07,5.08463718002518e-05,0.496391511805877,9.83221023520882e-07,0.0613107993782808
2846,3958,0.554767257326642,0.154166620791518,0.000331413931284866,5.61013950719745e-05,0.269879318275695,0.0011976236196369,0.0196016646601517
5325,7076,0.22251033644091,0.221757220639653,5.36940342813755e-09,1.51000470104012e-05,0.547461979441858,1.42491721399798e-06,0.00825393314395075
8563,6478,0.153661214069761,0.0128148467621637,1.56195058155324e-06,2.97885452116499e-07,0.820873539922982,4.67490179342389e-06,0.0126438645072663
3671,8035,0.174582055113823,0.431341219321503,1.22479482392037e-08,1.5023789744609e-05,0.381893415492504,1.08235326760366e-06,0.0121671916812097
5668,9834,0.128215138359385,0.403167215857616,2.71901841517561e-10,5.72076768985377e-06,0.457982801409981,1.78967742484565e-07,0.0106289443656835
6495,8396,0.133963284865376,0.392870195034607,2.78718620725793e-09,1.50689908045788e-05,0.470023753326554,1.8051102499416e-07,0.003127514484448
7804,9715,0.191801016456749,0.13293180506624,7.94223342808639e-07,9.77639691296611e-06,0.633632110146532,1.1774295686775e-05,0.0416127234145367
6150,10194,0.0684666775391693,0.379943104309564,3.94194425316137e-09,7.3325091348325e-06,0.54238229020082,3.06380581226511e-06,0.00919752769355524
5945,6477,0.0781864948017629,0.0599856334294699,5.23349329200162e-08,5.83382008385828e-07,0.861527038519179,2.3458199451912e-07,0.000299962950652611
3465,5996,0.328030206020428,0.088753678734482,4.09408218266395e-07,6.23854365771259e-06,0.564641089171907,1.56066515551863e-05,0.0185527714697517
8150,5759,0.333957063781929,0.100367575811573,5.62954911411728e-06,2.33416185462601e-05,0.540361584766305,1.61832292783296e-06,0.0252831861496047
6359,4799,0.248030854773784,0.106530385805532,5.8003249106342e-08,3.06242877365685e-05,0.634243304024749,5.97761278210535e-06,0.0111587954921674
5462,7316,0.206315913635397,0.2906561556049,2.01863072575396e-08,5.45913916121615e-05,0.487846067538936,6.84583407753371e-06,0.0151204058087709
4912,6597,0.156218839829543,0.129107876297969,5.41473863628866e-10,2.50212500917468e-06,0.712621071856567,1.6484621189745e-07,0.00204954450322618
6084,4319,0.247433872884229,0.0109337463947591,6.47792943066019e-08,3.04802432199692e-07,0.718879174147406,7.87500134197478e-06,0.0227449619905376
5807,7196,0.118656917290185,0.181795668560733,1.01080935686269e-10,6.77212756431319e-06,0.698139357822294,1.32643134929035e-07,0.00140115145500764
8151,3361,0.152727960762396,0.00542275094291795,3.66397643216576e-08,6.05541871796038e-07,0.836883691414826,2.32265828306396e-06,0.00496263203994071
7942,8756,0.100849533447084,0.243458321696685,1.28527547785167e-07,1.31934128731159e-05,0.641219351082515,2.93624430410825e-05,0.0144301093902536
4152,9353,0.0742109773910511,0.372713989042276,1.57039786675095e-09,2.03501775739982e-05,0.54674575175912,5.07187385456794e-06,0.00630385818572632
5875,8275,0.152242455798278,0.269789631010389,6.69001234579795e-10,5.56506984157653e-06,0.570343231018235,3.31311116891929e-07,0.00761878512313855
8495,4440,0.304193091873863,0.14210868186187,6.77839440762362e-05,0.000247944596640165,0.499847245694684,3.84952556367425e-05,0.0534967567732308
7117,5399,0.0991801347538891,0.244012753282942,3.9223905981888e-09,1.74491371079486e-06,0.650419651842647,4.53358048570443e-07,0.00638525792637208
5877,5158,0.195979475816611,0.0649405989725581,1.56864812566927e-07,3.49995940316253e-06,0.70057154543524,1.22040326798854e-05,0.0384925189186957
3811,2520,0.175540027861108,0.0869246458972269,1.79292615707896e-10,2.26408422586793e-06,0.733705139188669,1.00083254404649e-08,0.00382791278115254
5050,5877,0.0966323813967035,0.0704685896634702,3.95454500792141e-09,1.27934743052073e-06,0.832186090559142,5.87663192224118e-07,0.000711067415517092
4292,4798,0.112873442324513,0.00283543257610315,1.65567497665559e-09,1.25961767659353e-08,0.861267809848429,1.56057355716207e-08,0.0230232853933681
3395,8034,0.159622970482626,0.362485824938785,8.73988247541209e-09,1.87363399762088e-05,0.476064708134321,3.07448583168504e-06,0.0018046768785778
5601,5638,0.136937627198453,0.19307232716961,2.11844009281781e-08,1.18550946554561e-05,0.641770553037365,7.11073743820671e-06,0.0282005055780775
9392,1684,0.212909019474863,0.0157020371541569,4.91863055416018e-07,1.67283385367844e-06,0.757882584171646,1.61282361436624e-05,0.0134880662662819
6150,9235,0.114190463413416,0.390653903029896,3.75411873186939e-09,1.18793794752935e-05,0.484709343432528,3.65331678545768e-06,0.0104307536737812
3328,4078,0.0766473919264618,0.152977644484738,1.75536644781457e-09,1.03846551881347e-06,0.762039603022267,1.72745172729518e-06,0.00833259289392057
10147,8997,0.291809592763766,0.0215144635412747,0.0317565590796973,1.32166541230613e-05,0.599028334530909,9.31397329817983e-05,0.0557846936972485
6220,6957,0.11385128871533,0.115877774511944,1.08217081025881e-08,8.19522497390758e-06,0.767680587252852,1.94046923513563e-06,0.00258020300395636
10080,5041,0.475896001241149,0.133971802516196,1.23495070496304e-05,0.000101640481119481,0.337997822260913,1.16061479613805e-05,0.052008777845612
7118,2282,0.309739850899816,0.0220243580413449,1.72313882525066e-07,2.48647838341177e-06,0.657269519648669,3.53751040845724e-06,0.0109600751074952
7049,3361,0.409672598846938,0.0538119228770677,1.51181841439701e-06,1.9517840293393e-05,0.514507249374592,1.50210442052726e-05,0.0219721781984882
5807,7916,0.20695528362703,0.341095198065345,1.77641040153907e-08,7.46497931182427e-05,0.434049010627076,9.09155435012787e-06,0.0178167485689756
3673,3719,0.145056737160548,0.284950714251974,2.04432731592192e-11,1.40999137887233e-06,0.569244015324387,1.53397059689687e-09,0.00074712171729898
9734,6599,0.115464124803311,0.0209334612577548,6.41901092065646e-08,3.38112393963339e-06,0.85160860982092,3.27150221394993e-06,0.0119870873017516
10215,9356,0.38160595779947,0.00758132539857525,3.08016797021968e-07,2.47272509421309e-06,0.57346001787759,9.60003719238652e-06,0.0373403181452815
7945,2762,0.209980515138563,0.0161363774937494,2.00318644235112e-08,6.7618148270135e-07,0.766677755036382,5.50656273275145e-07,0.00720410546168452
4222,8275,0.0330420548670084,0.333072983775298,2.9047767032239e-10,1.16292549393946e-06,0.629290648875113,6.17928354341698e-07,0.00459253133825501
5396,2880,0.295308530176506,0.0126523684597685,2.50500079039727e-07,1.01217939237479e-05,0.669723072551523,3.95239549605487e-06,0.0223017041227028
6083,6237,0.0919464066643573,0.00282250588171262,9.06835859188504e-11,1.90533428161088e-08,0.90521606303594,5.40641416050546e-09,1.49998675488984e-05
3603,5997,0.296077945416674,0.0532902397838392,8.0821443545288e-08,4.6664589062738e-06,0.62188171074312,4.57324035393255e-06,0.0287407835356637
9597,4920,0.292493579661969,0.0958535204788195,9.45629499656777e-09,8.33912421394781e-05,0.602537849793483,8.43712484403293e-07,0.00903080565480991
10078,9356,0.269438668671062,0.00537986371538605,9.84908892937067e-08,5.74609530633625e-06,0.67955526512831,3.60053820055888e-06,0.0456167573608457
6013,7796,0.328920817307818,0.148070856919874,1.68362636253274e-07,6.11999134833293e-05,0.512770980744525,8.37485514331515e-06,0.0101676018965201
6081,10313,0.0560869312357674,0.392567087031559,2.51916814252298e-10,4.00965248666763e-06,0.545541212376626,1.57862551032792e-06,0.00579918082613316
7323,5519,0.185575876335686,0.235590240924904,4.3473171454154e-07,0.00027966849128009,0.564436276564181,1.70066856333985e-06,0.014115802283671
6014,5398,0.110455484994634,0.185446380760764,1.41052164354207e-08,6.27400397069956e-06,0.656827553139833,2.2000278943486e-05,0.0472422927166387
9596,7798,0.156181476557257,0.0406009536949075,5.09993049056559e-08,2.45275483569058e-06,0.750064222011152,1.15154274775346e-05,0.0531393285550661
4083,10193,0.155174111539403,0.176136801307012,8.45517730391026e-10,5.9330077568105e-06,0.66595882042453,9.95670109833122e-07,0.00272333720567069
2984,2999,0.369725593974327,0.186464402562273,5.14013697744369e-07,3.72524659112106e-05,0.435543123155062,3.18097915474709e-06,0.00822593284957386
8150,5279,0.255129258142902,0.29390455696096,4.31958141020729e-06,4.07215502519405e-05,0.419033080026485,3.42535738094898e-06,0.0318846383806103
4844,2880,0.271601255125608,0.000198751027250851,2.35664096782535e-08,2.72652399043328e-09,0.724889367802954,5.19447418419849e-09,0.0033105945567793
5944,8156,0.135855066098764,0.237850510995857,2.98011628499533e-10,4.1548042133551e-06,0.623804626060804,1.08952050674122e-07,0.00248553279029884
3671,7315,0.210637159729011,0.253163334750517,5.47104047433641e-09,4.0362323599647e-06,0.520408559775306,4.30077104391748e-06,0.0157826032707222
9320,8996,0.109987922827287,0.00150987889121488,3.52752370567925e-05,5.1148780240168e-07,0.830877519332332,1.37718917100194e-06,0.0575875150351355
4704,7675,0.234004119649341,0.362818792095384,3.14664770643008e-08,0.000385073945137751,0.385098191362145,5.82038544045473e-06,0.0176879710960754
7875,5040,0.337200209041836,0.0987790025594437,4.93000798341976e-06,0.000213842943907178,0.544629373039917,8.00734389300959e-05,0.0190925689679834
6839,9235,0.112631660993314,0.427853520209082,2.12168760151165e-12,7.06367626573614e-06,0.457021167568955,1.36876919804826e-09,0.00248658618149263
4911,7076,0.281040895384603,0.272231858857927,1.97765234700643e-07,2.6289780895815e-05,0.42969870166849,1.17978376869692e-05,0.0169902587051632
4844,3360,0.194911523079168,0.00314907277597379,7.16964879051409e-09,7.36957709753297e-08,0.800541103524707,2.04400655290078e-08,0.00139819931466597
7806,5879,0.21056478660402,0.0595920882232356,7.38950266118229e-09,1.29883758959374e-06,0.692583411387536,1.61562926872417e-07,0.0372582459951893
5051,2521,0.202330529941036,0.0310672438817791,4.34690263827597e-10,8.94302937774162e-07,0.708932883783275,2.17245088857307e-07,0.0576682304111931
9529,2882,0.109320974889531,0.00110868636911857,7.12005593424166e-08,3.32370591260856e-08,0.84956823314181,2.92346653141035e-07,0.0400017088152683
5599,9474,0.121733855894967,0.415777387426355,1.70789265211719e-10,9.4358002630671e-06,0.457427171694702,5.43695470475173e-07,0.00505160531745375
3810,4678,0.0856424438029709,0.0360578861664779,1.46296569429226e-09,9.91417604932365e-07,0.871385232667405,1.28527113481342e-07,0.0069133159554626
5532,6477,0.181916957529228,0.0850260837732517,1.44786171448472e-08,2.76172709418853e-06,0.731656897991049,4.77978093072688e-07,0.00139680652266671
9599,2283,0.18565456618094,0.00366758924417247,1.98880044690121e-07,5.49854932434084e-07,0.784225718118494,6.50628139600538e-06,0.0264448714400202
8218,8037,0.0387500094607675,0.0450997465795883,1.57590821603142e-08,7.86388393084715e-07,0.886494497018542,1.8434919153385e-06,0.0296531013017119
6839,9714,0.0908370623995514,0.326862343871506,1.16008348212622e-09,3.19737198807166e-06,0.576498777698395,3.48385548986332e-06,0.00579513364298668
5806,9834,0.0892312464946852,0.411717971373378,3.85002838465589e-09,5.93885759575232e-06,0.495416179046431,3.950613373848e-07,0.00362826531654353
8565,1923,0.115310007524,0.0023519223361681,1.40521218358883e-08,3.24625868704217e-08,0.876477120133316,9.09893354502356e-07,0.00585999359845265
4636,6836,0.164074550279901,0.242797866968057,5.22509985000097e-09,1.76172487302163e-05,0.58815399071628,1.06572592520458e-06,0.00495490383600604
5392,10553,0.124957759074357,0.385497944339583,2.9919618843239e-08,8.79664336833632e-06,0.482732778392579,2.51936478290845e-06,0.00680017226571098
8356,7078,0.140523518286445,0.130794444309261,5.71295722633754e-07,5.48721949257267e-06,0.656726103179988,8.09627442471264e-05,0.0718689129648439
4843,4798,0.371670882530831,0.0437864246900736,3.77038520293044e-07,1.80511905481508e-06,0.546759837316611,6.41801598627544e-06,0.0377742552889237
3948,4678,0.0401396292412516,0.0102204275230046,1.85521992503066e-11,8.2795944250962e-09,0.931134975064932,8.21407039826678e-08,0.0185048777319606
8565,1683,0.283878029201736,0.0871324808140603,4.07121452124552e-06,3.57486683685881e-05,0.605956734929593,8.48061674038451e-05,0.0229081290043173
9597,6119,0.281396442806539,0.114146272438321,9.59081945983558e-08,8.34791111440091e-05,0.547183069612071,8.06020507870389e-06,0.0571825799186517
3259,5397,0.280812232190415,0.0662310609642322,7.01014650561078e-08,1.13024127007333e-05,0.644199173728121,4.60292408380435e-06,0.00874155767898235
5048,8994,0.281311376671345,0.463015570562397,2.59997314859265e-05,0.000464382397085135,0.240141544439438,0.000224425100566404,0.0148167010976825
9390,6958,0.0856395344316992,0.0568303729835598,2.26553545236972e-07,5.49020682967239e-07,0.814216947672287,2.83343433066517e-05,0.0432840349949186
10081,2883,0.183251519279184,0.36935880435742,1.02093382422283e-06,0.000264984288241603,0.418932296975979,0.000238558841302543,0.0279528153240481
5258,2880,0.269386773283872,0.0256232534715774,4.10212771457083e-08,1.43224060718955e-05,0.671448955547549,4.1619988861841e-06,0.0335224922707663
9596,8757,0.247186322698728,0.0376136907540873,0.00281994397106707,9.85921110595151e-06,0.648413494205134,0.000342721847039402,0.0636139673128382
6081,10553,0.10481669549966,0.340959690582068,4.12251238795344e-09,7.65408154128359e-06,0.54981336511996,1.43331537200949e-06,0.00440115727888645
5530,9354,0.183009829252659,0.36443792680183,8.5409749232099e-11,1.31896028134501e-05,0.449916962685444,5.26101839903711e-08,0.00262203896166034
6704,4200,0.337575396256834,0.0211182951910013,1.78727466446065e-06,4.3505309706315e-06,0.626342265065307,1.22118977563347e-05,0.014945693783466
7049,2642,0.262090712153541,0.0292131842852724,5.4443741131454e-08,3.91792148095005e-06,0.697339278179469,4.33829085977712e-06,0.0113485147256352
8012,6238,0.187028761344926,0.109452191168965,6.79829166087678e-07,2.79026666205351e-05,0.65284571995879,3.42684705516537e-05,0.0506104765609802
4844,4559,0.149812853947583,0.18077959120017,5.93340868701129e-06,2.73468486144904e-05,0.605242949395039,8.56131256788608e-05,0.0640457120742272
9459,5160,0.426238013249669,0.219190800188899,1.47072752964218e-06,0.00338075044672882,0.331634942808662,2.11485082551346e-05,0.0195328740702565
5393,7436,0.299671895745842,0.256159095928736,3.08159135370201e-07,9.54926483639857e-05,0.437607227582755,3.94561910317567e-05,0.0064265237441366
6772,5758,0.184575746115467,0.12223765186456,4.50482005274285e-06,1.0929621827677e-05,0.677687929596236,1.43963871205657e-05,0.0154688415947351
8081,5879,0.298909200387474,0.0801505694001422,3.4246190278873e-08,1.38468547662853e-05,0.577253703261772,6.27851317668675e-07,0.0436720179983369
6291,3960,0.307903483410654,0.0097933948398198,2.28045709353091e-07,4.16674360375227e-07,0.655127607852708,1.37565730680223e-06,0.0271734935194417
7323,6957,0.18617780028058,0.0655480005836907,4.54925604039073e-09,1.56390485031368e-06,0.702629946355499,5.22889252406469e-07,0.0456421614368719
9736,2763,0.136529959412507,0.00509798205596152,8.46988724578e-07,1.24492033572026e-07,0.842466735046867,2.69942726264017e-06,0.0159016525766429
6153,4679,0.244953111905709,0.0887493297608609,1.99807099820657e-07,5.09979722495102e-06,0.637105858521635,1.4539675779761e-05,0.0291718605316903
4292,5757,0.302788777528304,0.274009795412638,1.19481395913001e-06,0.000505374361069268,0.406407037021767,8.86447340464911e-05,0.0161991761282158
7944,5399,0.264482376781564,0.267346405297011,2.96271250747722e-06,9.60789796417112e-05,0.440962397697858,2.81426500712532e-06,0.0271069642664103
4637,3480,0.221993872179163,0.0164594028166552,9.32069996862406e-10,3.57491322789369e-06,0.748590196365028,2.169543553224e-07,0.0129527358395007
3466,4318,0.0708549630328556,0.289725174923087,7.12106086960423e-11,1.31548421712911e-06,0.630602660484442,6.72252615132144e-08,0.00881581877892658
6977,8995,0.0527372522500806,0.403400348848471,1.33961964749286e-08,1.11876912520329e-05,0.542098684382918,2.76757456542944e-06,0.00174974585651621
4498,7555,0.236675752445093,0.424680756053665,1.54714331172818e-08,0.000285556889230701,0.319043383873777,8.88216363665684e-06,0.0193056531031641
7116,6118,0.296141645963102,0.301579046260179,3.01780331152373e-05,0.000182509189694293,0.369066161402131,1.65386037620462e-05,0.0329839205480164
7876,1683,0.106241255341781,0.102199600533532,9.72896673314232e-09,1.48041413626855e-06,0.775677861340356,7.78308208849365e-06,0.0158720095591395
4910,9234,0.280115912963932,0.331262832148464,6.64775794324418e-07,7.16255906988129e-05,0.381840488953676,3.77639124878962e-05,0.00667071165494715
8495,5160,0.333777127118074,0.210001703250116,6.68926548543153e-07,1.53405816001566e-05,0.420615184993652,1.0152395794381e-06,0.035588959890429
7807,3481,0.473466923555073,0.136682097182369,0.000425655421427379,0.0029975227435442,0.356544634022936,0.00148468632645553,0.0283984807481955
7943,7317,0.126795950796588,0.0499132395944102,4.89381985747504e-08,3.23208652048417e-07,0.787815356991398,5.03968215573579e-06,0.0354700407885979
7666,8996,0.414488282485049,0.212354057978717,0.000204801950266912,8.0267278208183e-05,0.321914081314268,0.0013811880683549,0.0495773209251361
10146,9716,0.335383334571507,0.0362807493501566,1.55446901469769e-07,2.99587670646901e-05,0.55116932955925,3.54756575975877e-06,0.0771329247393604
5048,9234,0.269841075299496,0.42657361195828,3.53936310918383e-07,0.000194072726871348,0.290107612543113,1.46125826535114e-05,0.0132686609532753
3191,3119,0.202215425955681,0.170724667001581,5.38114001858105e-08,8.14187826890277e-06,0.607428601237467,5.22839922983369e-06,0.0196178817163722
6360,3840,0.320573993335483,0.0347100682134948,5.61163761987914e-06,2.65665233598648e-06,0.59326077108769,3.35742567674721e-05,0.051413324816608
8703,1923,0.234217911525721,0.0369136354887215,8.88809454408729e-07,9.2826749811235e-07,0.717116052608296,2.23542929022967e-05,0.0117282290074068
3742,2160,0.224860741796135,0.285237734314137,3.11324737892233e-08,1.37975331995764e-05,0.456530963238206,1.40122825138593e-07,0.0333565918630232
9045,8037,0.151095811825611,0.0562517683678837,2.18097055119982e-07,2.69173141063208e-06,0.717210061200978,1.64095718896227e-05,0.0754230392051719
7321,10074,0.131457129823225,0.173399362657369,1.2888933904577e-07,4.24719937900395e-05,0.665682516205803,2.85735712768139e-05,0.0293898168591974
8700,9116,0.218111383845135,0.113004721383087,1.89402282288079e-06,4.21709650559459e-05,0.646843181051906,0.000129918385821677,0.0218667303461712
3877,8394,0.149841508276125,0.416859975983337,8.99425122641006e-10,5.85644622144295e-06,0.430534030128807,5.69672031597715e-08,0.00275857129888166
6499,1442,0.0595234497802686,0.087090899333131,3.30473831796194e-08,2.55094912027444e-06,0.824373868339204,3.04164766185559e-05,0.0289787820742748
3878,7675,0.183442436685943,0.362572096392782,5.70832967764498e-09,3.33307702261193e-05,0.437505600211161,8.41103310885609e-06,0.0164381191984489
4362,2281,0.309250430695533,0.123813748911479,2.15043803720138e-08,3.09615712723102e-05,0.536302307883499,2.03167267161542e-06,0.0306004977611645
4155,3839,0.166210093432569,0.0730312405271969,5.85636951959801e-10,1.00305545664349e-06,0.758114030670324,1.85564715308342e-07,0.00264344616410093
4980,7196,0.415531777600686,0.198823327885544,5.36058734536637e-06,7.77319795892232e-05,0.362630200764632,4.97488364357582e-05,0.0228818523457673
3811,2280,0.161848372801205,0.236052759129127,3.16485758972524e-09,6.96981566112469e-06,0.598488592863794,9.65339880495234e-08,0.00360320569136744
3602,8154,0.208168723731889,0.38474368939657,1.17366660671799e-08,2.33996038278982e-05,0.395557629191078,1.0775291835479e-06,0.0115054688107855
4362,3000,0.312069605725153,0.00806888522302753,3.16676344826346e-09,5.27327294786125e-08,0.676567267700611,2.0195407765828e-07,0.0032939834976383
9457,9236,0.191324990434451,0.0190114541682208,0.001137707493662,1.86791950477985e-06,0.728039063316454,1.2706087486838e-05,0.0604722105802215
7668,6118,0.20641712047775,0.159308338138325,1.18123409748241e-06,4.68649145557601e-05,0.589005620742154,6.96254369975443e-06,0.0452139119494176
6567,2521,0.222801149078664,0.00398593830016936,2.2952489697682e-07,2.81974366246831e-08,0.731135797838146,7.95269154466605e-07,0.0420760617915334
9048,1803,0.227791251695322,0.0382228308731829,2.12338045140714e-07,1.38424374957703e-05,0.720527872336993,3.57375219558498e-05,0.0134082527970058
4499,4199,0.201025042719722,0.301665898213453,3.1225789684074e-07,1.17671819446997e-06,0.46016275568716,1.18962374991323e-05,0.0371329181660747
4568,5038,0.21609953365824,0.0310440437444554,6.81783406711182e-08,1.46611189021035e-07,0.716389263071258,5.80277471195135e-07,0.036466364459046
7256,2522,0.124127437984404,0.0358783551777592,1.63903109013317e-09,1.91778697602167e-07,0.836396383715726,5.2408756170147e-07,0.00359710561682012
3191,2879,0.24230303321349,0.0784953345375573,7.0921634612728e-08,5.18163097021851e-06,0.666007720668827,1.09269768151954e-06,0.0131875663298391
6566,4919,0.268035670922642,0.0974006726767047,3.07081576667957e-07,2.07498846362126e-05,0.618948463082748,1.72546440841211e-05,0.0155768817076079
9113,9116,0.154649891374562,0.0094975063277503,0.000101197462869155,7.16777353544979e-06,0.75892517292573,4.2337064393065e-06,0.0768148304291141
6635,4559,0.387422879581941,0.0263328183485647,9.67405069926215e-07,4.38396842468793e-06,0.576191457839952,9.55116930754768e-06,0.0100379416867392
6979,5878,0.164302972817791,0.0503196659807347,9.61323478226901e-09,1.59129873708027e-06,0.755220666746493,1.01877438841484e-06,0.0301540747686216
3534,5157,0.325099252509436,0.0271524545270802,3.60120472114397e-08,2.36905860678665e-06,0.634100552936836,6.75543151404701e-07,0.0136446594128424
6013,9234,0.130395606879465,0.380462735844715,3.07780595001847e-09,2.62793993316792e-05,0.477637962006008,2.6834146153424e-06,0.0114747293780589
5392,9834,0.120004523389885,0.474065934583517,1.04270381890379e-10,1.85131913808064e-05,0.386681873797818,1.47605659134427e-06,0.0192276788765364
9666,6479,0.178012403486864,0.0283918691847305,2.0265461938189e-08,2.19682444957662e-06,0.781660099620949,1.82790529580551e-06,0.01193158271225
7392,5399,0.213315497729728,0.208747721007614,1.81920803763273e-07,4.56094015924604e-05,0.54078154301568,5.32525533402678e-06,0.0371041216692478
8011,8396,0.0986952675928906,0.0230603180825593,8.72026117087993e-09,3.50446820190834e-07,0.837890205031365,2.99919566460716e-07,0.040353550206537
8425,7917,0.0270017158093823,0.0190988130171192,1.80090739451947e-08,2.10496755205548e-07,0.93530780178704,7.75324498425736e-07,0.0185906655561311
5946,4799,0.393662477238988,0.13022125071138,0.000126235633450329,0.000233175397183967,0.335639425884477,0.000512408133293806,0.139605027001227
7253,9715,0.161913346722637,0.12424860788401,4.04503751769303e-08,3.96889862646199e-06,0.709898778669577,2.36807484774512e-06,0.00393288929992771
7734,10554,0.175289773626924,0.00198888018223094,4.49222131032191e-07,5.84724803191609e-08,0.7803269565665,2.66404237030303e-07,0.0423936155254964
3466,3599,0.0491247604838334,0.0542533159153739,2.77496006983036e-10,2.19879000861768e-07,0.89567819890071,9.54142062132592e-08,0.00094340912937956
8631,7797,0.043490850063342,0.0929927625430612,5.08087153671513e-08,3.91124926922005e-06,0.819939255832906,2.82348528094423e-05,0.0435449346498973
8014,2642,0.301107375011417,0.0182360376757544,1.52962939876464e-06,5.58696839769908e-06,0.669146093027946,2.37755361761159e-05,0.0114796021509102
9530,2403,0.176060402485645,0.0145741704503241,2.47326496269382e-07,2.23984212090237e-06,0.787688956456338,3.40691403657214e-05,0.0216399142987097
5324,8275,0.263715405194059,0.392472153087137,2.03065303530403e-08,0.000162120392506134,0.330175187357586,7.36329966717391e-06,0.0134677503625139
7530,6118,0.259678377575166,0.0709650672070767,1.75016211675297e-07,1.00046151990179e-05,0.647118015652678,4.67466512222758e-07,0.0222278924671566
4843,5278,0.39612997308124,0.035819316511555,1.92520908717778e-07,6.07817845616838e-07,0.545914764269149,8.78348181195179e-06,0.0221263623174895
7669,3481,0.498295097835128,0.0866233453112857,0.000829818225978413,0.00969428411071619,0.37514233261685,0.000891327782477439,0.0285237941175641
6840,8516,0.102492215494351,0.249223236057907,1.75917932058619e-09,2.08464725548553e-06,0.636195537308693,1.42286208232706e-06,0.0120855018705327
6634,6957,0.284003705189406,0.0699782774417654,3.2018336711184e-08,1.23334454417396e-05,0.594721802166826,2.74602752886095e-06,0.0512811037106955
8909,3721,0.293850439078025,0.0840592356661159,1.43777915826291e-08,2.43189338132524e-05,0.602047811811228,3.10157565767056e-07,0.0200178699754606
5465,2761,0.240166190292516,0.00802630481792795,8.83415425831316e-08,7.59781345485835e-07,0.717088933800237,1.10816719635659e-06,0.0347166147992349
9942,4801,0.345664001491144,0.205783160863759,1.49930701844024e-05,6.20246310311575e-05,0.353299425023044,9.18475115955917e-05,0.0950845474092416
7598,6958,0.0563217482836485,0.0182388724728941,3.95005899536591e-09,1.42241092848848e-06,0.903724468848664,5.19738031866916e-07,0.0217129642957744
3258,5876,0.369843396874535,0.0279172642043238,2.33467881908982e-07,1.63950919347797e-06,0.578481553389419,1.9762494033497e-06,0.0237539363052434
8700,9356,0.163628773512773,0.0991820377396088,4.79516366512168e-08,1.43653760663077e-05,0.723848061168152,1.65728743688104e-06,0.013325056964326
5805,10313,0.039805403659796,0.343160125709854,7.60722115278826e-10,3.17818207648319e-06,0.604803672114635,4.28804612218482e-06,0.0122233315267949
5256,6237,0.108647295172889,0.0953809435940032,4.02201769982563e-10,1.75265810966251e-06,0.79577782416078,9.76515041620525e-08,0.000192086360512888
9595,9236,0.185432790195155,0.03839527935586,8.92088281299191e-05,1.09342848278631e-06,0.707568291257274,8.66530291722007e-06,0.0685046716321803
8563,7437,0.132685474931769,0.0835961488212981,1.12905689346501e-07,2.93825506814104e-06,0.731268682081541,2.19131163349337e-05,0.0524247298882992
6909,8636,0.0778302251425581,0.338811092487364,9.41716233737732e-08,5.92945354686896e-06,0.571059175937334,1.13838703102275e-05,0.0122820989372633
9939,10076,0.265835893858063,0.122022469931978,5.32496119346431e-06,0.000145754826533629,0.579460977773194,3.05067981170209e-06,0.0325265279692266
6563,9954,0.118233396383118,0.313658057146419,7.39619831719249e-09,4.96010659740526e-06,0.55595992347233,1.55928820012717e-05,0.0121280626133358
10011,4441,0.266218000569471,0.399327381785131,7.34302776519882e-07,0.00139831308963487,0.301760025962532,1.13782278230108e-05,0.0312841660626308
7875,3841,0.309221632515927,0.0101371619667487,9.88115641120336e-07,2.73023421192665e-06,0.662550507811471,1.44177478761224e-06,0.0180855375812133
8355,10195,0.233883912994757,0.000653609602143973,2.61842360749319e-06,1.18657251343895e-08,0.682153365527425,7.62130744457901e-08,0.0833064053732665
5394,6956,0.264470155439845,0.212865579867499,6.87982950953117e-08,0.000119388170734554,0.510874115477911,9.62798618681569e-06,0.0116610642595286
5048,10193,0.168804041331702,0.445393443188068,1.86513630934493e-08,8.84068710013761e-05,0.373094478773341,5.15195465870254e-05,0.0125680916379372
7738,2882,0.223898851389134,0.0362899090740268,1.01353326442476e-07,2.59217226488021e-06,0.732109587940745,2.52260881397802e-06,0.00769643546168967
10079,6719,0.110479006271308,0.0124327011640338,7.83231519241317e-08,5.33962983976771e-07,0.85200293789852,4.54980765059729e-06,0.0250801925723519
4913,2760,0.233126190941507,0.000462449762758274,1.24042986440108e-09,3.29665956629116e-08,0.765786731154644,9.58159277534943e-09,0.000624584352472844
9528,5040,0.403374247998466,0.157910138826246,4.88851150498267e-09,8.14163454899015e-05,0.409576305251816,2.21087134538873e-07,0.0290576656023368
9460,3961,0.206312314194405,0.46149534906543,7.30621120275495e-05,0.000613242493035525,0.302922161561999,0.000116756280781369,0.0284671142923204
9736,3961,0.288565605631454,0.0637217949177171,1.78283531256922e-06,1.48134039123224e-05,0.633608411435206,6.61213158014009e-06,0.0140809796448185
7460,9115,0.129148261208334,0.195354449650279,1.62481501347258e-08,1.82098756523306e-05,0.665041840906441,3.51073976179683e-05,0.0104021147135255
8632,6119,0.45618197051374,0.00477865795923961,3.84735795883496e-07,1.27614113707284e-06,0.485650040562206,2.43955107852636e-06,0.053385230536803
10217,5280,0.351382937268035,0.0993401022193774,7.67751737725719e-06,2.47669262793785e-05,0.48290866774177,3.03152474813916e-06,0.0663328168024133
7528,9235,0.107522196274309,0.0554811202122609,2.36207073399856e-08,1.2023204461764e-06,0.834580094063431,8.98435856722467e-06,0.00240637915027821
5807,6957,0.166420653864318,0.129440403925208,8.22961795245704e-10,5.15100161352462e-06,0.70095622390116,3.54152101832729e-07,0.00317721233263709
5186,9714,0.168590759400696,0.506791993880129,1.28226386379237e-08,0.000103159335280252,0.311502202055042,1.20986061255366e-05,0.0129997739000882
4085,5397,0.299830553398235,0.135272039698191,1.57877406930518e-07,9.63029456097735e-06,0.523197261517035,1.32522527630418e-05,0.0416771049618087
7668,6358,0.226232543934247,0.0346768588074212,1.19359656837986e-07,2.36766109169667e-06,0.688323122821694,1.62135433222391e-06,0.0507633660615563
8358,3002,0.195299748174899,0.0119747277389799,2.83122794491632e-07,5.42184540908037e-07,0.775824300999266,2.74331381945962e-06,0.0168976544657
10146,9956,0.254152737569862,0.0273202926934056,1.54357400005117e-09,7.61453162390606e-06,0.707426616822994,1.4311990633237e-07,0.0110925937186345
6220,7676,0.279856589328258,0.124999306011919,1.93519686366338e-08,2.29528743193334e-05,0.588996268456649,8.69589769441927e-07,0.00612399438711765
4221,9234,0.110343048381036,0.402307820487717,1.97300554699445e-10,1.0802280089807e-05,0.470816989671194,7.25526449205169e-06,0.0165140837181704
9045,7078,0.0586811003642792,0.0830821020016794,1.43307091794272e-07,1.28070881332437e-06,0.825562655913933,1.67605605503053e-05,0.0326559571436527
8149,8876,0.0752331529832797,0.0027381161346958,4.86227403229882e-08,2.52826631768724e-08,0.879952466438043,9.9731896669056e-08,0.042076090806681
8978,2882,0.203643519748959,0.136306524023119,8.59126157850235e-07,4.38858966603517e-05,0.606341047631929,6.95722606178177e-05,0.0535945913125569
5118,7196,0.262147897063833,0.257673720068769,6.38756999328014e-08,2.74136389658889e-05,0.466660796250089,2.01361661111551e-05,0.0134699729365326
6636,3121,0.318767672424387,0.029502189530841,1.04159255458343e-06,1.32440708051389e-05,0.621667531668206,2.36799198222802e-05,0.0300246407933835
6081,9354,0.208140822121253,0.384315676059171,3.05013065865903e-07,7.88213327404143e-05,0.396014983849834,2.7811291732539e-05,0.0114215803322025
7256,3481,0.436172175312353,0.0179370372781594,3.88245740290374e-06,1.06962159438551e-05,0.528250144008744,1.02491927772489e-05,0.0176158155346199
4705,6477,0.227706070843124,0.137904528987482,2.25643476357092e-09,2.96028327261184e-06,0.631244017403522,2.19889741070969e-07,0.00314220033642329
5394,6717,0.215962759873527,0.183001912360469,7.70541254374634e-09,1.69429798609337e-05,0.595394731418724,8.2601050188378e-07,0.0056228196515051
3122,2999,0.301276580673045,0.0908354846591718,3.2195095758428e-08,1.6463853343454e-05,0.593962632637677,1.25833672906157e-06,0.0139075476449381
8772,2762,0.268445182628865,0.0202218247186128,1.42959016873631e-07,2.77584320288848e-05,0.681041853386619,5.49634537833583e-07,0.0302626882403193
8493,9715,0.208795379369613,0.005480093735391,4.43736044668255e-06,8.70878367623824e-07,0.732461516860024,1.17605328868471e-06,0.0532565257428691
5325,6837,0.18848798222316,0.272485285341078,8.08286351201911e-09,3.97011877444839e-05,0.529458157198726,2.18559205681116e-06,0.00952668037437164
5534,1442,0.270684119418739,0.00540810611988889,3.26841997117095e-08,4.32436262658503e-06,0.710264947190717,3.82791738835578e-07,0.0136380874320902
6222,3840,0.298413124335182,0.00866800566678945,1.27093862332042e-06,3.0925273961051e-07,0.638360565208226,2.34137514417275e-06,0.0545543832232948
8081,6358,0.182546032222513,0.0557401974029348,3.51699383577258e-07,2.20824800492822e-05,0.729496815144807,5.1396098229648e-06,0.0321893814404893
6908,10554,0.124085757382116,0.388204264720233,1.71344063766736e-09,3.89870237364854e-06,0.478996397782907,3.26996606354432e-07,0.00870935270232382
5946,5518,0.146084565236718,0.109386808481135,2.74987502229284e-08,4.03156584704644e-06,0.7020806296207,4.62964660589257e-06,0.0424393079502439
7945,3241,0.321975902903993,0.014542341076648,0.000123178462493734,8.7059630573583e-05,0.648827920678215,9.06896528903248e-05,0.0143529075951869
4360,6836,0.214492660853321,0.335946852954836,1.175602886952e-08,7.28020836020008e-05,0.433624587835759,8.14979498515226e-06,0.0158549347214679
6771,8156,0.175210657352823,0.156788766453385,3.05059661768961e-08,3.06372461500663e-05,0.647992000105879,3.53360294360295e-06,0.0199743747328535
5051,3480,0.36452071959535,0.0192853046807613,1.85944636387e-08,1.90898548777832e-06,0.596201306847912,2.24398010915742e-06,0.0199884973159168
3464,8394,0.188172356965223,0.57349408484594,3.35945060179817e-09,6.12470751677255e-06,0.227315299433486,3.23988185858493e-07,0.0110118067001975
4980,7915,0.245555694162486,0.450599900527291,1.13268476610573e-06,0.00016675842120868,0.290839103231346,9.84888397131764e-05,0.0127389221331885
3740,7435,0.202886990940301,0.248763735253532,5.16709617152634e-09,8.02301238933875e-06,0.533739981501604,1.62602501467145e-06,0.0145996381000632
7119,1563,0.11791939062708,0.0237284160942406,2.37750995263886e-10,9.38656429424599e-08,0.855998489881603,5.8383683719767e-08,0.00235355090999902
3740,6236,0.209937826120785,0.180974136757219,3.27065590067767e-08,4.93551145244309e-06,0.599746958869302,2.57749137172311e-06,0.00933353254330985
8699,9835,0.29678056043713,0.0265121285503082,0.000486207947164751,4.50481734645766e-06,0.64794173101774,0.000108667779537854,0.0281661994507734
5599,9954,0.141402989290341,0.431384213015741,1.56540715239876e-09,9.80401591881823e-06,0.419383208117764,3.37023475869066e-06,0.00781641376006923
5050,4918,0.391610295007007,0.0148280657900517,1.88279076884169e-06,2.30151198525842e-07,0.568560914430929,3.66823090969439e-06,0.0249949435991353
5186,8275,0.230401612960331,0.421780166555221,1.25380990376015e-08,0.000191789617807629,0.330835204596808,1.23278021252463e-05,0.0167788859296075
8703,2403,0.301975619610323,0.0125845014063065,1.44619386214078e-07,5.19950109664769e-06,0.681240910957656,1.95827881153241e-06,0.00419166562641981
7805,6838,0.0629651238502533,0.0112310244917012,5.55938787353749e-09,2.00729294310653e-07,0.916072613015717,2.66650641925521e-07,0.00973076570300474
9597,5160,0.421852950296808,0.140937220047001,1.66878577103098e-08,5.77483130234559e-05,0.415993965328924,1.8300528763924e-06,0.0211562692735093
4567,6477,0.178717828151712,0.234929983940475,1.49082134521364e-08,1.97274953362335e-05,0.574276698179598,3.25994323055795e-06,0.0120524873814344
7598,8396,0.331047928566607,0.0384223053104354,9.56189621028082e-07,4.87334173506035e-06,0.576459291762802,5.4891969955661e-07,0.0540640959090996
5255,9594,0.162140823840675,0.426294900339928,1.79556787185151e-10,2.4103085638228e-05,0.406364179832668,2.10087635284168e-07,0.00517578263389925
9117,1923,0.284189170459304,0.0456163847374549,3.16795079262217e-07,1.53090640126216e-05,0.636645665263435,2.98019313753999e-05,0.033503351749339
7598,7917,0.279514604641563,0.0748360083556315,6.96599670797879e-07,4.67699742066427e-06,0.603720817811299,7.98455299996961e-06,0.0419152110414142
8081,5399,0.378064839690859,0.222212059868336,8.65368856266379e-07,0.000207981217636031,0.377380301248925,3.66556325767007e-06,0.0221302870421303
7530,6358,0.197798897953922,0.070940010623872,1.2220380663408e-08,6.57346675457554e-06,0.710953694344826,7.53731347129037e-06,0.0202932740767737
8080,7317,0.140780165045161,0.10856564814159,3.15252417963094e-07,8.22948656682497e-06,0.699083561219795,4.93673378104794e-05,0.0515127135166583
10010,6599,0.15333447073649,0.0134047593750882,3.13505853836999e-09,2.36309987820266e-07,0.824956072651041,1.57728239551613e-07,0.00830430006409473
7253,8756,0.171303254061653,0.111492304951982,8.01804312321257e-09,2.99122329346123e-06,0.682125042854591,1.80043781403929e-06,0.0350745984526238
4636,5877,0.100425284728622,0.198444857305581,1.71536313622551e-09,2.44064085744959e-06,0.699685344202016,4.12613724040611e-07,0.00144165879383586
4638,1801,0.20379664341899,0.0183453114068006,6.54656063947721e-08,2.72756577541644e-06,0.7710513469961,5.41457455384297e-06,0.00679849057217444
5876,6597,0.158222271634298,0.200216057685618,9.14877669761208e-09,1.98096278380305e-06,0.638542610328089,3.67309531672045e-07,0.0030167029309024
7532,2282,0.138801682094259,0.0510479419304138,1.228441830802e-09,1.41163147897522e-07,0.805187319912654,3.03195773069867e-07,0.00496261047531124
7528,9475,0.210568780306973,0.0372483715357545,0.000236743339537009,5.38141762312548e-06,0.689650416114284,4.89989812435485e-05,0.0622413083045848
9942,5041,0.355213940235118,0.0589959517784244,6.72542210064431e-07,4.93354878179454e-05,0.52963205974054,1.37282617745984e-07,0.056107902933272
9734,7798,0.0729412547499635,0.0444182832622538,4.97238821646962e-08,6.55548146226177e-07,0.776761596659139,2.30370862671616e-05,0.105855122970348
6220,7197,0.0801807384165369,0.114929667390651,6.34400917415457e-09,4.42208923976729e-06,0.796904214064859,5.445603450187e-06,0.00797550609125445
9457,9955,0.24407737192716,0.0419040631734342,9.41327865454347e-07,6.41692060468956e-07,0.689728399608606,3.46610047618461e-06,0.0242851161703979
8221,1803,0.361513594942477,0.0639227917473345,4.34738187779694e-06,8.46533324675399e-06,0.565125009449982,4.08158723166645e-05,0.00938497527276535
3604,4078,0.100470769178536,0.131644243108164,4.76584932400778e-10,1.99023965457862e-06,0.763995217476671,4.46792323552871e-08,0.00388773484115724
8152,1923,0.169682518104945,0.0616437233992123,5.5265421250319e-08,1.09114002126959e-06,0.757089377506829,4.07796146231837e-06,0.0115791566221087
4705,5278,0.262605946975708,0.042087478096597,8.43488618938864e-08,3.60878347389096e-06,0.62339769601061,1.1224470695122e-05,0.071893961314054
6495,9834,0.0901875726641478,0.377871469864459,2.37525714256772e-10,5.20093575864236e-06,0.516861524110429,2.9815339635116e-06,0.0150712506537158
9597,5400,0.3430233128416,0.0930758868533141,9.43933086044534e-07,9.55213218033221e-05,0.529793320374485,1.12411976597877e-06,0.0340098905559457
4156,1921,0.232139208391558,0.0361441332566001,2.71928063131031e-10,2.11983169918031e-07,0.722837039697814,2.79859315971594e-09,0.0088794036003369
6015,3480,0.305295731409791,0.0399219340031783,2.3223391325454e-05,1.14105766915627e-05,0.582316611512592,0.000247773748026326,0.072183315358395
5254,9834,0.174130429195106,0.441072157050761,8.59515526626926e-10,5.55675503646646e-05,0.378500126704449,9.84212558070921e-07,0.0062407344272456
4221,9713,0.17298252781407,0.0656929499469682,5.08218475771844e-09,9.96209969184837e-06,0.759516491183661,8.88922728043485e-07,0.00179717495069594
6014,5878,0.164837947291506,0.109093056675505,9.66780629311027e-09,3.73270249231662e-06,0.723476751021183,1.80410295314824e-07,0.00258832223121275
9872,7798,0.106446741431131,0.017580818057555,2.99767625620513e-08,1.97890012457456e-06,0.835322344709606,5.85077636122676e-06,0.0406422361484593
10215,9117,0.313780208441215,0.0203613656659009,0.000149911422885484,2.77091937737314e-05,0.616106199367257,6.48544815043817e-05,0.0495097514274633
9941,6719,0.0945671658778414,0.00714577239456813,1.2394051711343e-08,1.76635457213535e-07,0.890847839526668,8.40799719412589e-07,0.00743819237169375
9804,5280,0.401966014426308,0.191425159092601,5.43245209846451e-07,8.67654011058169e-05,0.37477100947502,2.82124551098309e-07,0.0317502262352038
8494,7557,0.0886206879994617,0.0915213296216619,2.61214273209741e-07,7.17010556531882e-06,0.770073337037991,3.14127191721517e-05,0.0497458013018749
6563,10434,0.0527763962560335,0.342270965388371,2.06742139786193e-09,4.66550962913717e-06,0.579649139953943,1.36273100377533e-05,0.0252852035145646
5118,6477,0.191062219610398,0.153231614033598,6.42133655485079e-09,4.50288518430349e-06,0.651454831216081,3.23796196463564e-07,0.0042465020372066
7736,7677,0.175216188699226,0.0635642682950136,1.42036326022335e-07,4.04454301351605e-06,0.736288170040865,8.92681016325615e-06,0.0249182595753924
5670,4319,0.226074233795703,0.0115577755437433,9.19610541510434e-09,3.46284395897716e-07,0.727104386997695,1.3427909569337e-06,0.0352619053914002
8978,3362,0.308666441494827,0.0474443680216557,7.4636253725864e-07,1.91992670292384e-05,0.588054263445889,1.36813509303126e-06,0.055813613272968
8426,5280,0.362272528750941,0.177469104776756,0.00019466233427014,5.66588642478986e-05,0.432610283244099,1.66095882058211e-05,0.0273801524414811
5808,5758,0.163931364170602,0.0954025104999954,1.2477005238021e-06,1.11581955516873e-05,0.721562397929185,1.65934359248585e-06,0.0190896621605498
6701,9954,0.101691173703388,0.268463728544684,1.27447400876331e-08,6.14462591133785e-06,0.617933108054045,5.55281300944894e-06,0.0119002795142218
2915,4078,0.428786009081233,0.131194364743148,7.06768835222682e-05,0.00018420498302704,0.426858783411177,0.000120268638499839,0.0127856922593928
9871,8757,0.260480352379315,0.0308299445011527,0.00028041095105428,1.9595065375105e-05,0.637362374584227,0.000200724400172517,0.0708265981187044
4223,6117,0.337955231275169,0.120212018711752,4.06921282792981e-07,1.46772841320549e-05,0.531010398133747,9.80827334035213e-06,0.0107974594005763
5739,4439,0.286358446489177,0.00835762393482316,9.37989629990108e-08,3.86929311607433e-07,0.685972385318328,8.38382485923514e-07,0.0193102251469115
8768,9715,0.17026723979938,0.0167348174690106,7.37306052550667e-07,3.23387324320777e-05,0.752836083476772,1.51743698907058e-05,0.0601136088464623
7323,6238,0.186731675934721,0.0931339746927758,8.18090470680255e-08,4.36461928665918e-06,0.680858610856584,6.13407126729582e-06,0.0392651580163176
6359,5039,0.207303724073749,0.0587790606602778,4.37603404815223e-08,1.66133237786633e-06,0.716027418103174,6.86502903385693e-06,0.0178812270410478
5258,1442,0.211217214160067,0.227380815294126,2.67670087889414e-07,2.24308372580557e-05,0.515212186593415,3.15677653864638e-05,0.0461355176796601
7874,6478,0.167760477819207,0.0598685537328174,2.95297298588507e-07,2.26407361293833e-06,0.721015466710777,1.60676271909187e-06,0.0513513356035685
4569,2880,0.261935533896193,0.0524376987991472,4.84114737152039e-08,1.39874634233756e-05,0.627353073700658,4.91578081721198e-06,0.0582547419482878
8631,8996,0.15892391253016,0.120685030142902,8.71849488237561e-07,3.13781901190372e-05,0.707781021364621,7.59614621546969e-05,0.0125018244605547
6427,7796,0.196709024710605,0.100686551375755,1.26362505308919e-07,4.9666276029371e-06,0.696086128739347,6.82830474247256e-06,0.00650637387944205
4979,9354,0.215038549713879,0.382483943476914,6.18469113600577e-09,0.000126516884759951,0.385402987453628,4.2156398443846e-06,0.0169437806462832
4842,7915,0.204992734355274,0.392742721616924,6.02566947997234e-09,5.95341909300134e-05,0.388937202865296,5.24015330709488e-06,0.0132625607925986
3191,3599,0.134496664599222,0.146152873617321,4.91891977732501e-10,3.45947911818105e-06,0.708883018371725,5.03501178289004e-07,0.0104634799395433
5534,2641,0.280942767464148,0.00315054218535632,3.44929606197816e-09,4.69298773058894e-08,0.701731023139212,1.29084984447213e-07,0.0141754877471255
5737,8995,0.170954364617602,0.335468081003111,1.09631006274024e-09,1.1548588722758e-05,0.481483867453984,1.08246548635729e-06,0.0120810547747837
8426,4800,0.350809984649334,0.0742557055655222,2.22609479616981e-06,5.23036440337877e-06,0.550655447028352,1.64634744381247e-06,0.0242697599501483
9047,3482,0.268864380416131,0.122370644546944,6.37892870984429e-07,0.000398846774186003,0.585976138630713,1.19414905258066e-05,0.0223774102486296
5806,10074,0.0463099849639423,0.430018362545131,2.26043244380197e-09,5.88085898654816e-06,0.507618543847267,4.74674458508077e-06,0.016042478779655
9461,2763,0.12964576010063,0.00426965879327574,2.32954564115195e-08,8.11323373102969e-08,0.848611522132983,5.97550628987162e-07,0.0174723569946887
7459,10314,0.229904189587189,0.107641105921057,1.37758025757307e-05,3.400050393389e-05,0.634480911803696,3.18624485818301e-05,0.0278941539329675
5048,9953,0.166702127610847,0.487715341978994,2.45684111552311e-08,0.000143664790704843,0.329256269748343,2.01112703714607e-05,0.0161624600323281
3466,4798,0.210832786874484,0.046971254371743,1.42752326876862e-07,1.31852508732897e-06,0.73417033763459,1.59706560979361e-06,0.0080225627761589
4910,8994,0.205909628468388,0.446785085513299,4.01811671627334e-09,3.89595682445782e-05,0.336676263136869,1.70157315250545e-06,0.01058835772193
6494,10314,0.112905244281367,0.345986758769039,2.30046981875913e-09,8.70752490529396e-06,0.515638366017532,7.11815123559301e-06,0.0254538029554512
7185,5998,0.239544711138877,0.090015824416472,1.04320853596142e-07,2.96272930539084e-06,0.663269576443277,7.00107699013065e-08,0.00716675094044555
4084,8035,0.125219925697035,0.297218761972632,4.41371718247354e-09,2.49031700662767e-05,0.571147706921657,1.80002574812468e-06,0.00638689779914468
9322,5400,0.440726176747035,0.179519281913069,7.18036177065085e-07,9.30687753188226e-05,0.316906124443246,1.73994750707235e-05,0.0627372306100837
9664,8637,0.20147317164916,0.00163901841784151,0.010847609951043,1.36687524512261e-06,0.727999655263218,2.28192251912118e-05,0.0580163586183013
4361,4678,0.0512791383364985,0.00791920690070411,1.05911057880204e-08,2.42102759695593e-08,0.939078394092669,1.65582851229186e-07,0.00172306028589559
4706,4319,0.107154891736698,0.0329850179236362,1.98823334493312e-08,5.96469365472395e-07,0.819640608725313,2.99085079158198e-07,0.0402185661775747
9735,4921,0.335029561163114,0.270543733623941,1.2540378981376e-06,0.000637449247059592,0.353577922381557,1.85556508573738e-05,0.0401915238955731
5738,6597,0.165920871976093,0.217962156672715,3.42915803456652e-06,2.45334271444395e-06,0.603072642899311,1.23425373562079e-06,0.0130372116973957
4845,1921,0.336934887304893,0.0114059348715594,1.03043612624831e-08,1.65584292114076e-06,0.647269041313992,6.34410365984605e-08,0.00438840692123679
3672,5637,0.210492139283165,0.197342718360649,1.07979800388617e-07,1.71461362668734e-05,0.563459306406494,3.21072140361251e-05,0.0286564746195881
10218,3123,0.409114570634957,0.0589334929422207,1.16529324224049e-07,4.6445850960663e-06,0.525979275964643,4.20632204185801e-06,0.00596369302171652
4083,9234,0.118753737806133,0.354558961287186,1.87663939950075e-09,1.06542738004818e-05,0.512008147668556,3.66091931368669e-06,0.0146648361683718
5737,8275,0.149819788758617,0.349352410965093,3.24173684536733e-09,7.29114130009209e-05,0.486412503655807,5.46372466252862e-06,0.0143369182410828
7184,8875,0.0382924716121819,0.173309962406897,6.58158271047154e-09,6.02271200773268e-07,0.783985458977851,2.8039578974912e-06,0.00440869419238892
9045,6838,0.0444075906900218,0.0681805205890985,1.23655095436105e-07,7.09936222838649e-07,0.847412076012486,3.29550718264097e-05,0.0399660240452491
8907,8277,0.144000616261083,0.0262735934872008,2.51858680923189e-08,6.38583956894837e-07,0.768207399106223,1.19473066358576e-06,0.0615165326450046
3603,5517,0.29185159300973,0.0565835405010821,2.06570901339614e-09,4.30380634103257e-06,0.617929985128142,1.05020403265518e-06,0.0336295252849637
9048,2043,0.289575250688058,0.0229241045849846,1.01292753980726e-06,1.6096374194507e-05,0.669535196633506,2.47470143333435e-05,0.0179235917773827
5118,6956,0.189563883513569,0.243751576000775,1.34040646474092e-08,7.81216533298111e-06,0.553483658018186,4.14473690559793e-06,0.0131889121611669
4566,7915,0.206562777570733,0.459492965786241,1.66990263520639e-08,0.000207144863581294,0.313720545307595,1.27427949135573e-05,0.0200038069779104
4014,10073,0.173013451520299,0.119582925840012,7.17847044667381e-09,2.14422088505132e-05,0.702228866424012,2.81237014569586e-06,0.00515049445821066
8907,7797,0.0468431638602532,0.0727946447219163,7.56175242910248e-08,1.65875875431453e-06,0.853961847155865,1.63753851064244e-05,0.0263822345005802
8633,3481,0.285243516521042,0.0125360229516002,8.95507454320088e-08,1.17882078230763e-05,0.667334770528185,9.89572364675039e-07,0.03487282266824
6773,3840,0.392588537364286,0.0396894240479146,1.36989450804675e-06,8.52792348107828e-06,0.558302628097608,3.69338682963889e-06,0.00940581928537212
7666,9715,0.234597784522903,0.0684028295700994,1.66964805278644e-05,2.66601616787779e-05,0.673485273517707,1.6182727769378e-05,0.0234545730193144
4980,7436,0.250907085706054,0.382260945029521,1.15993254362785e-07,0.000200795706278594,0.339469897903099,5.86788038663291e-05,0.0271024808579273
8082,4680,0.18920778867398,0.0046188881587535,3.15978849228726e-08,5.29329403413949e-08,0.786389461056625,2.15000974851152e-08,0.0197837560797193
5602,3480,0.43442929993184,0.0137236953459187,1.04800165901907e-06,1.31916600226501e-06,0.534924019575405,1.17516284254974e-05,0.0169088663507489
3535,4438,0.0545038919489508,0.190530489577686,1.06076051038203e-09,4.31448714927805e-06,0.754024696910956,5.2387595797355e-07,0.000936082138539718
9389,8876,0.206048974689671,0.019592998503948,8.28954367504686e-06,2.87836242069207e-06,0.703086575944809,3.89172558865386e-05,0.0712213656995893
4569,2640,0.216896990367601,0.00873627316028045,8.8350444680756e-11,4.09124539452394e-07,0.771138443936916,2.51228162270324e-09,0.00322788081003143
9803,6479,0.222356801303697,0.0576500386041279,1.60647522863267e-07,2.45645408835783e-05,0.679193269965731,1.28325190907338e-05,0.0407623324189469
9598,3482,0.285460624660226,0.0482503793538355,1.72340104625154e-07,1.35671219877642e-05,0.657555114638588,3.91467443041963e-06,0.00871622721082781
7945,1563,0.232025560059972,0.1104075902952,3.03907949410381e-08,2.105027548383e-06,0.639761845930724,1.11850862563543e-05,0.0177916832095048
5738,6357,0.175842158884515,0.0916432155342502,2.07653029212779e-06,2.36254779155675e-06,0.722698295139001,1.04267946488898e-06,0.00981084868468469
8837,9595,0.155060913567689,0.0121503535072565,5.86887504193905e-07,6.53389310861027e-06,0.794477030337301,4.92832110971939e-06,0.0382996534860309
4223,5158,0.307561107931282,0.0426826003536719,4.59659551115507e-08,1.24511702828969e-05,0.58894870724125,4.34641615977717e-06,0.0607907409213981
7459,10074,0.202021126922497,0.0745263158715565,4.79838777699802e-07,1.10997829994218e-05,0.692879696295612,7.90607244121777e-06,0.030553375216116
8630,9955,0.188821661033855,0.0377882831620443,0.00103568633079745,2.57805321384024e-05,0.70308391362853,7.5432799533419e-05,0.0691692425131014
8218,8516,0.152999938502274,0.0104401613942959,1.10637896717137e-08,3.33006642026432e-07,0.781495547928295,7.1815883150504e-07,0.0550632899458723
6496,6238,0.295073091391977,0.0299330525263378,1.68955058089884e-07,2.51963182529632e-06,0.655925431613499,9.18550263277454e-07,0.0190648173310397
6152,6118,0.433235085803493,0.0444944657610057,5.21019643072153e-07,2.6458091741556e-06,0.51512631193366,2.28114190979851e-06,0.00713868853111435
6564,8515,0.119071173968984,0.340912671009627,4.91195442755396e-10,7.47716376484618e-06,0.534558804065886,4.74742616885124e-08,0.00544982582628053
8080,8037,0.0271153500136902,0.0201410836342187,2.67443123943022e-08,3.06741936719429e-07,0.911003335764145,3.41372546319629e-06,0.0417364833762338
5876,7316,0.1202654859671,0.255288566423266,1.34811263213614e-10,3.65627561784148e-06,0.623988151552594,7.63113918357299e-08,0.000454063335218814
6843,2761,0.183643777617194,0.0287107518008705,2.00851805524228e-08,1.89125689578593e-06,0.782672705175614,1.89014437436097e-06,0.00496896391987065
4841,9594,0.176464069026699,0.468346739431523,3.17101310288186e-08,0.000101688640483658,0.344401874319564,1.99369677999461e-05,0.0106656599037997
8768,9476,0.163026894427738,0.129230937863711,8.28737882789428e-07,1.71517435157745e-05,0.669440217932045,1.44134292540979e-05,0.0382695558658532
9046,5400,0.310019560684554,0.286846585592215,3.51698619227714e-07,0.000527949648972017,0.352701799184217,3.32486182311042e-06,0.0499004283295993
4705,6716,0.136668875524514,0.246553013437203,2.79654122666503e-09,4.76492128308269e-06,0.607145550918708,7.39923028224245e-07,0.00962705247872271
6289,8515,0.0781937837898094,0.315474807977087,4.0210959019071e-09,2.90946537008824e-06,0.591440799157595,2.09684856776405e-06,0.0148855987404747
7116,7557,0.223641781326498,0.03355003138067,1.11428011224141e-06,1.00500093784916e-06,0.69724175446139,1.64085184074111e-06,0.045562672698551
6633,8396,0.0864094812129128,0.16042357545778,6.67813926157115e-09,3.01419877844238e-06,0.748790490789314,7.19186986821561e-07,0.00437271247608807
6222,3360,0.207884868873109,0.0521761142320443,3.92014205548169e-07,2.988616972795e-06,0.682783841596785,5.03744633006429e-05,0.0571014202035823
5806,8635,0.106684959928267,0.391237537640216,4.54217596924905e-10,1.7152189286156e-05,0.487835243381169,1.03638195564042e-06,0.0142240700248883
4359,9234,0.0366224939886297,0.385558995619326,1.1323950541218e-10,1.07339301817236e-05,0.554702688695412,8.08650256389472e-06,0.0230970011506472
3879,4798,0.196268776266728,0.0289021848318429,8.37241552869508e-10,1.51091691963397e-06,0.765709961902321,4.65212929025026e-07,0.00911710003201823
4360,7316,0.206261901046279,0.434985204949515,9.78097740556844e-09,0.000165101145785175,0.340138303750641,2.5050217162535e-05,0.0184244291096395
6015,5159,0.135794253367439,0.160622901046162,1.3969058374326e-07,3.14949372422072e-05,0.650160587979843,8.21858944192042e-05,0.0533084370843102
6083,6957,0.072608423256514,0.0827742042136955,2.27368944779922e-10,1.17290941959029e-06,0.844369844134572,3.21626834380655e-07,0.00024603363159562
5050,5638,0.247174925386535,0.188271285358055,1.38642324082765e-06,1.68497933705162e-05,0.549521255909342,4.21764603793122e-05,0.0149721206690778
4774,5637,0.0964687844026339,0.173245195472843,5.39666627959478e-09,2.47497425737588e-06,0.722155402876996,3.62574636561851e-06,0.00812451113023834
5876,6357,0.0578512992330176,0.00173758769521388,9.37100823939986e-11,9.56859057037371e-09,0.940405686948506,1.68709486708086e-09,5.41477386691336e-06
6359,6238,0.284752576668576,0.0769811045270716,8.5223462294178e-08,9.79807263097184e-07,0.629669446471164,5.5586940153555e-07,0.00859525143306162
4704,8155,0.207205895805197,0.440630022580838,5.43281160894955e-10,0.000150699485307756,0.34319611480828,8.7632987773779e-07,0.00881639044721803
6427,8036,0.267637747577386,0.150063071964328,1.47704627632665e-08,5.97413790517895e-06,0.578863406408685,4.15801947619744e-07,0.00342936933928563
9528,5520,0.399244970344715,0.188838515958096,4.3082523993063e-06,9.32238152983049e-05,0.368218294401761,7.08559113802617e-06,0.0435936016365921
5599,10193,0.139766340841394,0.462873553136593,2.0730982145513e-08,7.98190866586554e-05,0.383567855328554,9.06511251470751e-06,0.0137033457633043
10147,8757,0.525399614730454,0.0364629187411835,0.00239206144834999,0.000139990162579826,0.393464090958101,0.00289292654002977,0.0392483974193019
7390,9715,0.128371610288813,0.101634984040755,1.04689865832317e-08,2.81067704896062e-06,0.753088785407602,2.08710093981341e-06,0.0168997120158539
8082,3961,0.360700801503028,0.147887542544522,0.000108871891120177,0.000371342073217473,0.462234156892176,1.83830043020282e-05,0.0286789020916338
8424,10075,0.186501325861846,0.0152862761005348,0.0157851087606767,1.75540915270974e-05,0.752917598232827,4.62307398927428e-05,0.0294459062126958
9458,8996,0.193321597594577,0.0137728425287035,3.88171846562092e-06,4.59032038160383e-07,0.718430261560319,2.42506559843805e-06,0.0744685325002988
5255,8874,0.219472957870554,0.466359633647758,2.74509737078757e-07,0.000341277048146749,0.297803182513551,1.95536426295442e-05,0.0160031207676246
7942,9715,0.193994896731524,0.0260350070253962,5.4907147377079e-06,1.17033110417013e-05,0.767909497321563,1.92492034295899e-05,0.0120241556923081
4567,6237,0.147358281895501,0.124961703357156,8.27429010526187e-10,3.14260054393622e-06,0.723694595141767,4.25642965965061e-07,0.00398185053463814
5600,8275,0.198503157866734,0.387704268652017,1.47040163102962e-09,4.67675511291777e-05,0.404974606803351,2.94305157587275e-06,0.00876825460479093
4841,9114,0.173666378530499,0.488282014746324,5.53911300593171e-09,0.000172138608075634,0.328238546872478,9.6638875784165e-06,0.00963125181593277
3465,5757,0.343194234188272,0.139190348749781,2.04855108573992e-07,4.10777474836152e-05,0.503113393704371,4.79476096198061e-05,0.0144127931453635
8286,10075,0.158482431512324,0.0118827356369524,0.000124695426321204,1.31552126806682e-06,0.766597762552642,3.34139173779968e-06,0.0629077179587551
7944,3961,0.332950592514304,0.0692920624735984,7.24605765446107e-05,1.6721762818682e-05,0.574498761669119,2.72580594821604e-05,0.0231421429441329
5531,8395,0.214064624515854,0.388767657781532,5.16633516937811e-09,0.000107651374903235,0.380576885312467,7.46656191423184e-06,0.0164757092869952
5393,8155,0.230150851860418,0.400205724485047,1.30536884666856e-07,0.00021161190977513,0.347220859948767,3.81608688527585e-05,0.0221726603902557
5874,10673,0.125980124654045,0.383105312172075,6.22487057494818e-10,3.7397007479444e-06,0.478662556599196,3.73612479893106e-07,0.0122478926389697
4085,5637,0.333708073010734,0.175948512836923,2.28085610054068e-07,1.65288514513824e-05,0.460899421820782,1.55067556218763e-05,0.029411728638878
9802,9356,0.347014686797105,0.0396482042742224,2.71660526023041e-05,1.12538330628374e-06,0.566807080333902,6.29539388545144e-06,0.0464954417649769
8357,5879,0.29343223711737,0.00772782117316765,1.79515403309337e-06,4.9415861118895e-07,0.652999047982403,7.50263530960374e-08,0.0458385293880616
8977,5040,0.539873255859763,0.146496140678524,1.31265955016783e-07,8.79284970295938e-06,0.273469207301873,2.54185657602002e-06,0.0401499301876059
3671,7075,0.235918940695225,0.239174214330101,1.93214429058129e-08,2.22330575673324e-05,0.51594151301814,2.16567248628238e-06,0.00894091390503846
7807,2042,0.26286258923381,0.142594932946618,2.3548903324208e-07,1.67103702748272e-05,0.567573922469231,1.91915153758936e-05,0.0269324179756564
7944,5159,0.365038365504842,0.0737847479407406,3.80349774732656e-07,1.01069978640367e-05,0.503601914381977,5.16929232093778e-07,0.0575639678955688
9251,8876,0.198223380155048,0.00676198601560835,6.32584611676191e-05,7.76293718090534e-06,0.736089202881042,1.98798928906261e-05,0.0588345296570625
7600,2642,0.101495992230006,0.0951328258741803,7.56348272780317e-08,3.07643574624032e-06,0.79261328433321,2.26751308760232e-05,0.0107320703611542
7391,8995,0.0848778641331096,0.157621952084367,1.64632841487401e-08,6.11961127726814e-06,0.742857481199044,1.02024438682734e-05,0.0146263640650497
8564,5280,0.359183296634222,0.0980781198945659,2.11665007878396e-06,0.000169709214395084,0.519425696481831,9.70304320543825e-07,0.0231400908205864
9528,5999,0.425562035276635,0.0682540804438838,3.51626869095547e-06,0.000149881663280636,0.457221066956546,1.92406118018805e-05,0.0487901787791618
4154,6716,0.263063717467426,0.224025689790822,2.1070030857398e-08,1.47385530310861e-05,0.503280192658749,5.64396824397532e-06,0.00960999649169735
6839,10194,0.150552496722855,0.424653589886676,1.16714010466293e-09,1.56419992615268e-05,0.416081103769408,8.49751782425042e-07,0.00869631670287714
8976,7917,0.0639260697251748,0.0585191509080846,2.22412801360763e-08,9.22597334327472e-07,0.840365186880269,9.25220025700489e-06,0.0371793954476007
6152,4919,0.221570811234167,0.0764047458155281,1.41009749013497e-07,6.89522286609011e-06,0.658549920400479,1.27676075165675e-05,0.0434547187096942
6014,7316,0.12728850263756,0.205329859022078,1.55310820373565e-09,9.55534514546858e-06,0.66517338365639,5.15075773782067e-07,0.00219818270994377
7325,2642,0.233897040229042,0.0399337101291965,1.00237170718949e-07,9.18918842202765e-07,0.720675111271761,3.6678251605878e-06,0.00548945138882761
9044,8517,0.190694957424295,0.0185631076152353,1.43051444149519e-06,1.13212428720949e-06,0.714253123315199,3.66280891775599e-06,0.0764825861976245
5048,9714,0.136105511641856,0.489247670947679,3.20727645886193e-09,3.50553759818923e-05,0.363636024709825,1.01761046686304e-05,0.0109655580127137
3741,5277,0.284257910607656,0.189818797404611,1.63983921132179e-06,4.9962731376896e-05,0.493261621569141,0.000122088255572924,0.0324879795924302
4155,4079,0.150959065914954,0.0058409697666897,6.15716605241255e-09,1.10435645461276e-08,0.842052023680968,5.01614221235343e-09,0.0011479184205151
8768,10195,0.16441835169982,0.00819327671924111,0.392073324597786,1.38010264357111e-06,0.370392050608933,0.000422798097068836,0.0644988181745069
9113,9356,0.174662394059789,0.0479794407378542,0.00329695139333191,9.29152526421986e-06,0.698067077420529,7.87920018642868e-05,0.0759060528613676
8494,6598,0.0875239467312496,0.00596443133689138,1.39820781635415e-08,9.9859975838258e-08,0.890299500899774,8.82264366823734e-07,0.0162111249256642
8219,5399,0.252723953511972,0.232166596285866,2.50797158835241e-08,1.78671738948766e-05,0.485272151652591,2.54091427360274e-07,0.0298191522045316
9872,6839,0.0806959791795552,0.0241527791113392,9.82168597418614e-09,5.58334416378633e-07,0.877925471808249,3.78828920577439e-06,0.0172214134555489
7667,7797,0.195693541949528,0.0156402027981493,1.84189611813067e-07,4.54922765262784e-07,0.751898205590981,2.32743458344308e-06,0.0367650831143812
7048,5998,0.258434495082581,0.0561853124624909,1.61810096919717e-06,6.55515447626881e-06,0.657337186433122,1.34785584323009e-06,0.0280334849105176
6290,4919,0.187603334296557,0.0932306462138889,3.51358585469279e-09,1.98925143930089e-06,0.703844742152729,2.86493757332356e-06,0.0153164196342263
5876,7556,0.187422484109255,0.34442613356282,5.29922622453815e-09,0.000112237714536663,0.453637720531592,3.07198614322081e-06,0.0143983467964264
5668,8635,0.148549438454331,0.333383197870098,1.55391183110497e-09,9.21282899895742e-06,0.504042128192134,1.23739083843574e-06,0.0140147837096876
6358,7436,0.208748701378462,0.185151885062396,4.34469502880585e-07,1.35081829487424e-05,0.597036260055041,1.14434249951968e-05,0.00903776742665493
8359,2043,0.183450436714214,0.010542447767942,1.740445834564e-08,4.09642575108159e-07,0.800431594692627,6.90812361070028e-07,0.00557440296582291
7183,10554,0.0786874687075394,0.250105032806718,1.02779142843467e-08,1.15644160562282e-05,0.653316848854682,1.70982052077892e-05,0.0178619767318824
8220,4201,0.350336749903788,0.133865632372081,2.28022696647138e-07,0.000214586093098133,0.479707021599908,1.08916248969037e-06,0.0358746928459391
9940,9356,0.256966324599973,0.0410880558558069,1.60262719418958e-07,1.10004581825355e-06,0.622654705485434,4.57443555050518e-07,0.0792891963066937
9182,9236,0.158111184301115,0.00816982178462918,0.00033246856112884,6.45189626548073e-07,0.726352181817101,3.29146147147881e-05,0.107000783731685
8977,5759,0.347576794690805,0.0573790412969256,4.1833984229804e-08,2.18333772339941e-05,0.555558844394515,2.88196983951132e-07,0.0394631562095531
6084,4080,0.24569833235642,0.0434856521948582,9.65093581340777e-07,3.55576188449072e-06,0.642346634475424,5.96568255221012e-05,0.0684052032923099
3948,4918,0.184137168206207,0.108871118567725,8.08063067433179e-08,1.2058463207028e-05,0.680966416126222,1.42455020234314e-05,0.0259989123283092
9253,5280,0.398236501407972,0.354613615636839,9.18723805843607e-06,0.000418512418368117,0.214057499045196,2.3687423373851e-05,0.0326409968301925
7804,8756,0.153466183416684,0.31212886471188,1.44868801338168e-07,4.37132513941482e-05,0.519214414058106,6.24998821347965e-05,0.0150841798109999
4637,4918,0.281881810810936,0.051732026679278,2.71501123564291e-08,8.79274145333932e-06,0.623934325265702,1.90877767751934e-06,0.0424411085748408
8288,6239,0.190351745059954,0.00738353850842895,1.76676690613854e-09,2.3131115210288e-07,0.781511072593682,7.57215352437127e-08,0.0207533350384813
6495,8635,0.113526898857608,0.413125406937507,1.17676221896404e-10,4.49133200183217e-06,0.469581755273147,1.24569387916169e-08,0.0037614350251214
6979,5639,0.103675738311091,0.0880439448314783,5.72224216883088e-08,2.42523978858123e-06,0.794775962976336,1.72863832441222e-06,0.0135001427805602
6632,10074,0.123272436637855,0.385556328228688,1.30053616556004e-08,1.25630089184401e-05,0.471697730812198,8.73201598952336e-06,0.01945219629099
3810,3959,0.117345122553185,0.0267480813792844,1.57449091372839e-11,2.80484819659182e-07,0.855345537672235,3.20879138147964e-10,0.000560977573851334
5324,8755,0.197813738195562,0.409272875633552,3.09593479478045e-07,0.000136190173147097,0.378530527686897,2.7268658476781e-05,0.0142190900588857
5668,9354,0.127496015683883,0.400475224555879,6.30219376178308e-11,3.87993737917587e-06,0.470268658477662,1.05722202768749e-08,0.00175621070995481
6014,6118,0.132022352936866,0.0166716234062072,3.95680565292852e-09,4.80994651870808e-07,0.851197439257518,1.92672777054096e-07,0.000107906775173792
3260,3239,0.176971122248919,0.291955702447751,4.98587529222715e-08,2.13114959891987e-05,0.505046822542012,1.31257231314447e-05,0.0259918656834447
4083,9713,0.147250360154171,0.246259342341467,2.01697094973247e-08,1.12888985538736e-05,0.59122331325001,5.23313673792052e-06,0.0152504420493512
8976,7198,0.0567594180515082,0.113195504699613,5.18011412403104e-07,2.24834652871308e-06,0.750813407309651,4.24026159545206e-05,0.079186500965332
4705,6237,0.124942761593767,0.246362324845214,3.82840651236216e-09,1.04784351079333e-05,0.61853200966521,6.94529825200254e-07,0.0101517271024695
4841,10073,0.134325750923404,0.41016262844513,5.82977177681726e-09,1.59255204809358e-05,0.453749092391019,1.01635955328891e-05,0.00173643329466135
5946,5278,0.10665671130001,0.16488340891463,1.51454991861467e-08,8.76540790986665e-06,0.680538005450634,2.03374120690852e-05,0.0478927563692473
8083,1803,0.395898318079644,0.0780372378224726,1.74747727151806e-06,9.0177943411738e-06,0.510921669473853,2.85503836947272e-05,0.0151034589687225
3673,3959,0.163211748579333,0.244263675838747,1.05404963728846e-10,1.78768165818578e-06,0.590222767457532,4.27355738929249e-09,0.0023000160637685
8014,2882,0.23246519513682,0.00685891134397138,3.32367739527704e-07,3.01895806455839e-06,0.740651666890581,4.07528343465057e-06,0.020016800019389
6291,3001,0.146434446971117,0.0541654162893791,2.13943303908044e-08,7.30830580999464e-07,0.758251102961677,1.07441245435916e-06,0.0411472071404611
7046,8636,0.123473706367151,0.248603139711972,3.58243601537215e-09,2.37034471003822e-06,0.620385885662514,2.11998422189446e-06,0.0075327743469948
3604,3839,0.143913768257254,0.208705738152353,3.07995536463227e-09,3.56875415855847e-06,0.642226801790798,2.72407254003981e-08,0.00515009272475532
5530,9114,0.174587759175404,0.389914810207026,2.11947529306343e-09,4.55852957831322e-05,0.421674860340531,9.94761376260248e-06,0.0137670352480184
9390,6239,0.204096078844009,0.0478161743456506,6.79538268553893e-07,3.57294204912875e-05,0.702044865261913,9.4019814644105e-06,0.0459970706082033
3741,5757,0.242149486255,0.147660615292028,6.02275867194403e-09,6.04068224097651e-06,0.588734455551344,7.41282179712037e-06,0.0214419833748317
4635,8994,0.127954376340563,0.457252411308272,2.12260637442887e-08,6.69006116193291e-05,0.401643242134592,7.86193590620082e-06,0.0130751864429842
4290,8634,0.0656572443361593,0.378768659174378,3.65367403612013e-10,1.3158185948279e-05,0.551373362739151,1.38037092059394e-06,0.00418619482807546
4910,9953,0.186827645533582,0.4704253864611,3.60832649297141e-09,5.44931064141701e-05,0.330626247335747,6.22959316844903e-06,0.0120599943616616
2846,4198,0.357364612080817,0.0360681901523159,3.17018767794292e-05,2.91416106912176e-06,0.574649914252684,5.40497699195997e-05,0.0318286177064151
9736,3482,0.320621731427246,0.0138020629412454,1.07306721279475e-07,2.82094525121763e-06,0.627680840905054,6.70106956260551e-07,0.037891766367525
6636,2402,0.235945326560227,0.0118758296153942,8.11501691368165e-07,1.09523109497798e-06,0.731706885338375,3.99584188422376e-06,0.0204660559113327
6774,1922,0.247388010726487,0.0566205284587675,3.73479317202755e-07,7.14203663324647e-07,0.684909369554413,1.11219345937266e-05,0.011069881642758
8910,2523,0.309801870856698,0.0343964178359408,1.81560836976683e-06,5.60144151594611e-05,0.62000720648143,1.92350991984178e-05,0.0357174397032029
9253,4321,0.294864600671367,0.17144730300938,3.73114730282262e-07,0.000441113732780274,0.524380949528367,1.2324742792419e-06,0.00886442746909606
7805,8037,0.145745895966539,0.0283962496970129,3.61198580468177e-08,2.9131472810546e-06,0.781834696102807,3.4914023380253e-06,0.0440167175641643
5946,3600,0.180601717244756,0.0199752596949559,3.36031333046584e-07,2.29197313363169e-07,0.745292706345857,4.25378460789586e-06,0.0541254977011772
6013,8515,0.195734146134509,0.310127675675415,1.01051496348618e-08,1.64130957966202e-05,0.481093439632999,2.53487222075665e-06,0.0130257804839095
6426,9714,0.119871930691259,0.333328298464824,5.73732473226746e-09,6.29586037385597e-06,0.525188914565234,7.15281761135323e-06,0.0215974018633737
6084,3121,0.245107295273077,0.023113095735249,3.12282469911816e-08,1.42071803236523e-06,0.680828839024992,6.00086463612122e-06,0.0509433171557663
8427,4081,0.306116320507465,0.107800000267911,3.5775953017757e-06,5.69662824744663e-05,0.549278705348494,6.98818376047776e-06,0.0367374418145934
5739,4199,0.207387569288456,0.025977268898295,4.78968899257288e-09,1.74101122386706e-07,0.736887260499126,6.9862148778412e-07,0.0297470238018244
4017,5038,0.199224795022202,0.182971053598882,2.61516125692645e-07,5.24185371849447e-05,0.595206481482507,6.66684210738797e-05,0.022478321422025
6496,6477,0.299395011056021,0.215344966166572,1.24781111943327e-05,0.000412428592188297,0.467324253632072,0.000293920369375517,0.0172169420725769
3464,8154,0.183983061147275,0.516717299251894,1.0674447584177e-07,0.000185154085586329,0.282372677365188,3.04830489773913e-06,0.0167386531006822
9182,9476,0.171067000989173,0.00903718177148367,0.0239207832676988,1.46356701510008e-06,0.716912409309977,1.06450249250504e-05,0.079050516069727
3810,4918,0.41996074232454,0.0331130210152296,0.000145660348099633,1.07781972694701e-05,0.484362692445823,7.15491104951073e-05,0.0623355565585435
8014,2162,0.246724827947513,0.112503385722473,2.12137115061378e-07,9.27619810940115e-06,0.61962143744593,4.88938515752461e-05,0.0210919666972841
10080,4561,0.375648450665003,0.23977000288361,2.41993993224182e-06,0.000571596436668072,0.340735044055095,1.23705189936988e-05,0.0432601155006982
8562,8397,0.165024881474233,0.0199070087281798,1.41309487896555e-07,1.02375825402389e-06,0.749135281067482,7.52185644628639e-06,0.0659241418059172
4776,2041,0.288918502511365,0.0307367141649182,2.9933200426134e-08,1.43957372027837e-05,0.630821697293211,7.06281044606752e-06,0.0495015975496563
6566,4439,0.313931282167902,0.0687686301821809,1.35059041187409e-07,1.64801946226538e-05,0.593394355814625,1.2097166479731e-05,0.0238770194151483
4569,2161,0.295598553774302,0.0196743109029383,2.1826829599247e-08,2.0976731094417e-05,0.662095087537626,5.61612221916276e-07,0.0226104876149871
6084,4559,0.317744599731233,0.0378347260142039,6.60508108493265e-07,1.95570313234795e-06,0.611241168093276,1.00227459335373e-05,0.033166867204113
4430,5038,0.254986131897629,0.0513497131431661,3.20493224251997e-08,3.3539404495181e-06,0.650080113091573,1.94861511152825e-06,0.0435787072627475
6221,5758,0.17891399661574,0.0797666496768421,1.51320033435446e-07,3.1563890600176e-06,0.708059282464264,4.4176703525507e-06,0.033252345863708
6359,5279,0.106423015212605,0.0513639898217594,3.58413559800799e-09,3.83934415695033e-06,0.789489717604974,4.53564009669237e-06,0.0527148987922729
6359,5758,0.162720087325461,0.0782125068629876,1.65611812190486e-07,3.10380576184996e-06,0.72076789928754,6.8263111344717e-06,0.0382894107953023
9597,6359,0.187137046637337,0.0132145179414063,3.34553914330852e-08,2.76615995082551e-07,0.784804495955684,6.24183648847911e-07,0.0148430052105381
5392,9354,0.200425168437274,0.342152330167028,2.44215030622747e-09,0.000100864104147615,0.446118987771566,7.36306839225892e-07,0.0112019107709951
8702,3841,0.318466400163136,0.0849875978592792,1.3870047263785e-06,8.02832826990917e-05,0.542620805386542,4.58665344793791e-06,0.0538389396501698
8013,5040,0.307666118385882,0.135034915319528,1.777935196622e-06,6.87917431399974e-05,0.533240250955333,5.23454825749757e-06,0.0239829111126623
5462,8275,0.235872658036646,0.402724880109034,6.66856513736988e-08,0.00015462580766398,0.344397231873615,2.0473350749386e-05,0.0168300641366399
8977,5999,0.343821317403926,0.00647839126422756,1.66477333372529e-06,2.71153817357193e-06,0.584240706769282,1.23050151354894e-06,0.0654539777495435
3533,8274,0.153689460196314,0.557370466373434,3.03862082963774e-08,2.24899516580968e-05,0.286724807531916,9.35513270938799e-08,0.00219265200914244
7461,5519,0.242878825424012,0.167961648949709,2.5798064845002e-06,2.5187926169297e-05,0.557437323135306,8.60711140802123e-07,0.0316935740471783
6289,7317,0.144785288928511,0.0549571089200221,1.13688660806688e-08,3.35284730822344e-06,0.795427303771916,1.2030447793623e-06,0.00482573111859653
8287,7917,0.0208846116765653,0.0377684624870943,2.79927994387406e-08,1.11347003746281e-06,0.891311575450817,6.44548435958416e-06,0.0500277634383275
6292,2042,0.30615067532818,0.000574981124113152,1.2835797588516e-07,2.12179788022323e-08,0.639972362780945,2.24289648628763e-08,0.053301808761842
4567,7196,0.249724874554852,0.386948914722145,8.50406951592389e-09,0.000211930277980943,0.341422332968862,8.46084048718448e-06,0.0216834781316034
6772,5519,0.166061271998629,0.116877629263745,8.95814755216186e-08,4.73737485783959e-06,0.70353402902984,8.25649409286306e-06,0.0135139862573585
10146,9476,0.308102867573113,0.00038787769774945,1.11851954030689e-07,3.66376975096854e-07,0.67263820618563,2.88037007979612e-07,0.018870282277571
6360,3600,0.364475454377923,0.0241260599136716,4.25344553177095e-05,8.51732169440874e-06,0.560620198500366,1.41824062571735e-05,0.0507130530247692
7738,3361,0.406077870782711,0.185857714101435,0.000937515294124307,0.00709955710297831,0.370928843555274,0.00326777766267559,0.0258307215008012
5533,4319,0.153157723865292,0.0426342938681668,4.40360547193281e-08,1.74208201597658e-06,0.733687199110689,4.41821638577428e-06,0.0705145788213953
6497,4320,0.314304421709424,0.0582455806699553,1.09654016903586e-07,9.94281171637561e-06,0.599358308715433,6.68335464037556e-06,0.0280749530848146
6841,5159,0.174052077247713,0.155808732827619,1.63518430100112e-07,5.39138794809194e-06,0.654049116011344,6.73178128249295e-06,0.0160777872256636
4014,9833,0.166611603985745,0.121964435597679,1.0369209137825e-08,2.45256769131859e-05,0.700569529386768,2.61446818778709e-06,0.0108272805154983
7735,9595,0.176457053186929,0.160612488300756,1.81864712858678e-06,0.000226782237512451,0.650753307903351,1.51345809340887e-05,0.0119334151433887
7184,8636,0.19478546163952,0.170614265344208,1.454998919529e-07,1.00194909522413e-05,0.601985096347501,1.79621629032966e-06,0.0326032154616376
4360,7795,0.260672037527644,0.392388349266492,1.13461957220806e-06,0.000676161551568345,0.330472785462042,0.00015433121270568,0.0156352003599762
5393,8395,0.2119235141259,0.446602935073841,3.96995473543685e-09,0.000442632714296709,0.323098096121147,8.9815910148977e-06,0.0179238364038455
3465,6716,0.264096883285195,0.0968797922660522,1.74023738828966e-08,1.07865214447557e-05,0.619655376475927,1.69782246002442e-06,0.0193554462265473
5877,4439,0.192450401398714,0.0168328149793184,5.11910443811205e-09,1.93516136536166e-07,0.778151162834823,8.63021352800779e-07,0.0125645591305509
6221,6477,0.311085430964341,0.057368247075338,1.21608454064548e-06,4.91840822643105e-05,0.628472796706543,2.34326167661248e-06,0.00302078182529593
4498,7316,0.291366517839926,0.309849045766395,9.05059036756673e-08,0.000399377276650186,0.377505377561732,1.06595338768704e-05,0.0208689315155166
3947,6117,0.307450953795992,0.234183694863273,1.85281080383575e-07,0.000203219741518635,0.4395618710883,1.23263916458262e-05,0.0185877488381891
3672,5157,0.384746263669637,0.0946370388553009,4.35492812761179e-05,0.000172227971955113,0.471063287166216,0.000296079031918082,0.0490415540236971
9802,8157,0.113130306479431,0.0325027206410473,2.54722102626414e-07,2.74030340779407e-06,0.774206737260459,1.11303663440238e-05,0.0801461102272079
9804,5520,0.372264821802609,0.0848611106474778,2.04345353671039e-07,3.83153596920789e-05,0.509544358493193,5.48022038394202e-07,0.0332906413296369
10216,8397,0.104414641540773,0.00852028286491705,0.00133460184569113,3.83442039242365e-07,0.809224948912733,2.13971140104071e-05,0.0764837442798359
9459,7078,0.109033598086875,0.0951147063389869,1.14536113847467e-06,1.22246907921798e-05,0.733621809129055,0.000361894783112327,0.0618546216100404
6564,8995,0.0451095715852344,0.32551747876602,4.91876189355283e-10,2.22882996379614e-06,0.620963452557465,8.38861438926635e-07,0.00840642890800214
8907,8756,0.150956290678776,0.010727175684245,1.6758230752392e-05,4.08609151797791e-07,0.764740550712575,5.16735629845884e-06,0.0735536487282011
3398,2760,0.444323459015615,0.0432601368110085,1.69035707893165e-06,7.94177463966415e-05,0.500192587670129,1.28431625676984e-05,0.0121298652372047
5738,7556,0.153494147238492,0.380932123408284,1.71633068723224e-09,9.48254568517467e-05,0.451454702804068,4.73198125660059e-06,0.0140194673947171
5738,8036,0.192400620324719,0.315688299004626,7.22333101833216e-09,3.88381439017223e-05,0.474226477476052,1.7194154299421e-06,0.0176440384119399
7805,7077,0.127153940093742,0.0372565466218341,6.85562125969561e-08,1.53141599361067e-06,0.801294742583869,4.6563642984517e-06,0.03428851436405
5670,5278,0.118042730651677,0.123180137400515,1.72966947327701e-08,6.64357387866647e-06,0.714276376661459,1.76955905067141e-05,0.0444763988252687
8702,5040,0.373401064545964,0.165627115073024,1.42552791623535e-06,5.14532286296692e-05,0.412106319851243,8.36690528966393e-06,0.0488042548679328
4291,7675,0.279830805983679,0.359150675424761,2.00537443632305e-07,0.000229344342993596,0.338289036628611,8.89565622748554e-06,0.0224910414262843
5739,5398,0.1460499106687,0.177398943076627,4.52320744254456e-08,2.88852713385468e-05,0.614075337680482,5.90345521337427e-05,0.0623878435186446
5464,4199,0.249757989417263,0.0132008991459048,1.38590893552428e-07,1.9509783438415e-07,0.683054604488279,4.39831569828004e-07,0.0539857334282557
6634,5998,0.258209819522893,0.0429387977748291,1.60202246376463e-07,2.5585597647746e-06,0.663690656824459,2.47707414453432e-06,0.0351555300416635
8909,3002,0.192435299246631,0.0127962624973563,2.71487198904776e-07,2.38070675215059e-06,0.750457137230786,7.0305254991521e-07,0.0443079457787259
9526,10075,0.324364493046246,0.00905725474581076,1.71650370593633e-05,1.19277221731897e-06,0.614906592899017,1.18163831238065e-06,0.0516521198613369
4707,1921,0.323012494445258,0.00928027341876147,2.74669290755231e-09,5.84014138009601e-06,0.646826737313306,2.5217726045829e-07,0.0208743997573417
8771,3242,0.264990562115278,0.0192265191987329,1.94253806708661e-07,3.4078529859062e-06,0.67748959925401,5.06487529351749e-07,0.0382892108376581
7803,10194,0.159829551931254,0.0227417921560072,2.68178585779957e-05,1.74955641776468e-06,0.72468265514199,2.60208732958565e-06,0.0927148312684229
7323,7197,0.110181427296969,0.0330139681874225,1.66700762568e-08,7.03773087686164e-07,0.838991793528105,2.83713864763163e-07,0.0178118068304751
7393,5159,0.312450184784096,0.202087133635053,1.6852201212003e-06,3.23680681401326e-05,0.461580973377663,1.40902798193315e-05,0.0238335646351075
5186,8755,0.254849081947907,0.34118014391224,1.76098519429817e-08,3.34255696951311e-05,0.394238861319935,2.68801356116448e-06,0.00969578162680962
9595,8996,0.257877957296111,0.0215071141418139,0.00202106614819319,8.60831641220957e-07,0.66331881612483,3.65033471191301e-05,0.0552376821102913
7872,10314,0.148557103832604,0.0229277916819186,4.76639204803838e-05,2.74935194117989e-06,0.720843469306296,5.21569067596943e-06,0.107616006216084
3466,4078,0.0875577819170111,0.102259983835896,5.0959703593827e-10,3.4882584746929e-07,0.804872395367926,9.58897890813569e-08,0.00530939365393309
8496,2283,0.124860511412228,0.00244484293528101,5.23837429460864e-08,1.1416021725234e-07,0.86634616391302,2.11271272910871e-07,0.00634810392423724
7324,4800,0.414180163475813,0.152049175873157,6.19571540731793e-05,0.000562907184855555,0.401037029928706,9.82105449445224e-05,0.0320105558384512
5257,5038,0.209151254063911,0.112463710312184,1.55583297102129e-07,9.85034218428737e-06,0.619051283528196,0.000101095523969247,0.0592226506462578
4706,4558,0.0746092336340474,0.0642112796779178,4.59678871086321e-08,9.53679616078509e-07,0.789141228482707,1.22801537204178e-05,0.0720249784041045
5669,6957,0.204055737176512,0.130500574678704,6.16055814698165e-09,1.37495667788352e-05,0.659953645269352,9.42121559918606e-07,0.00547534502653484
4842,8395,0.212729080778455,0.401692043862327,2.18996126175063e-08,5.79210352001514e-05,0.365824970501378,9.73290642439712e-06,0.0196862290166027
7532,1803,0.232738021402756,0.0962916137841276,1.9252373657291e-08,2.10806979953395e-06,0.650467744446243,5.31409089673364e-06,0.0204951789538036
4017,4079,0.0477802674787796,0.0641432824019912,1.04608392362614e-10,4.35046379115671e-07,0.888000844422078,2.12165865808428e-07,7.49583802983701e-05
6633,9115,0.112606549501649,0.312475661614486,1.50292926297457e-10,2.88295753088839e-06,0.570403439099391,1.33060331665254e-07,0.00451133361631916
4362,3479,0.328584962889279,0.115771608784927,4.48102740327466e-09,9.43268767707928e-07,0.531823950583804,6.42301500802737e-07,0.0238178876906943
7187,2881,0.228645744618162,0.0298316602530173,5.44133617469587e-08,8.84263850180775e-07,0.735666010046109,2.63742289354348e-06,0.00585300898260608
8562,9595,0.119671316865879,0.0340501570805642,6.08601976828103e-07,2.40592410076688e-06,0.842077916641939,4.84692525675529e-06,0.00419274796028404
8148,9835,0.134948644442749,0.00491518199533057,5.36512875931482e-06,1.18756090031597e-06,0.809311038815479,1.57097941095522e-06,0.050817011077371
4360,8275,0.111102014522755,0.272953459828352,2.76788282479179e-10,8.39395060734791e-06,0.602800821215566,3.54483048754638e-07,0.0131349557228835
8151,3601,0.260841565102907,0.012740549456415,3.40168579888242e-08,2.28781652450493e-06,0.716442486427405,5.26181975055174e-07,0.00997255099791573
9943,2163,0.123860003471603,0.139230005586981,2.94568913745035e-07,0.000324163838679999,0.717925180469944,0.000431921434398308,0.0182284306294799
9184,5640,0.365537837464181,0.011913560056244,3.9083835320494e-07,2.26568096143953e-05,0.585252884928504,3.94846422591188e-07,0.0372722750566809
9940,7918,0.107096689599447,0.0499696132990867,9.17412619345252e-07,8.22693852924964e-06,0.778081868296809,5.47861947126491e-05,0.064787898258796
8631,9476,0.143409171640026,0.0358315627743405,2.87731163974511e-07,1.31769174995364e-06,0.794470333166761,3.70681230615987e-06,0.026283620183653
5118,6237,0.0863462499882331,0.120813447849885,2.22042939946004e-09,1.74942960768166e-06,0.792309391326811,8.31086518868858e-08,0.000529076076382433
7804,9475,0.271339432390299,0.0686451472375964,6.53441731663138e-06,8.32175412314806e-06,0.628097821605853,8.46446149716623e-05,0.0318180979798397
6013,8995,0.0969356561208157,0.409370349986526,2.72585736476389e-10,3.69806555063516e-06,0.479584432251165,4.40781315608022e-07,0.0141054225220416
4843,5038,0.241391144891583,0.0898465433253612,8.64235946698641e-08,1.32388469447053e-05,0.604791482404399,4.47909223579018e-05,0.0639127131857596
6977,9714,0.0926091779168701,0.402826841382985,3.00000256408391e-10,4.56439719963814e-06,0.496732921979292,7.82498482259631e-07,0.00782571152517137
9802,10075,0.246170911321004,0.0250670602359006,8.11853010411851e-08,5.77753677419644e-06,0.718586060084489,8.76140244108007e-07,0.0101692334962875
6013,8755,0.088243571421286,0.418215445452848,1.78739005111879e-11,3.20601231346645e-06,0.491336153233975,4.57820022781677e-08,0.00220157807970125
7806,5159,0.312950240278301,0.117112663837659,2.95110303488629e-06,4.15497968663823e-05,0.53372635913788,5.45518516075587e-06,0.0361607806610971
7185,6238,0.208442735445197,0.0688862896211779,8.85681129677658e-07,9.42912006823663e-06,0.647035764172258,4.1344296753877e-06,0.0756207615304939
10218,4321,0.276444237095685,0.334958078195597,0.000210064614217093,0.00143543193114915,0.344427989900666,5.98929171863314e-05,0.0424643053454991
6219,10074,0.0671721283468441,0.353174646845428,6.60638825377367e-09,8.99518282638769e-06,0.560486471044682,4.5626866071585e-06,0.0191531892872245
6290,5159,0.118277632266365,0.141644933165609,1.09151030327452e-08,1.01278441801581e-05,0.681174902664428,1.3897440778595e-05,0.0588784957035358
6702,8755,0.100417834653687,0.353443565467005,5.62968983108412e-10,3.74883653443682e-06,0.534931591073886,8.53289645394821e-08,0.0112031740769537
7601,2402,0.179032304783232,0.0765302917836498,1.2867038791909e-07,1.86038269830255e-06,0.730831542718644,1.31510155758774e-05,0.0135907206458126
4772,10433,0.152282734848253,0.371137645632725,1.1418800857726e-09,1.29822068102179e-05,0.467019035963123,6.47022108770785e-07,0.00954695318510064
6497,4559,0.284343220625507,0.113844055278602,1.71623446134374e-07,1.95024371968336e-05,0.584452373966768,2.79833478942578e-05,0.0173126927205855
7532,1563,0.0792696499879821,0.0174152236053218,4.27413180968241e-09,1.60814342310813e-07,0.900525062020175,5.69173906102526e-07,0.00278933012414102
9735,5160,0.336207818561651,0.202082468981867,1.17077238033129e-06,0.0004274849125419,0.438319578144982,1.27382678259859e-06,0.0229602047997957
6221,5518,0.131962087469397,0.0253388457522311,6.40743757400042e-09,7.02762664435994e-07,0.807543288501695,7.56307637896288e-07,0.0351543127989364
5670,5038,0.0959502748142516,0.196369207365999,8.75165177957867e-09,8.68596058108917e-06,0.64174129270604,1.17374931635868e-05,0.065918792908313
7117,4680,0.186369305321272,0.195814618807774,5.67154400039558e-07,1.93355675187111e-05,0.609542864600804,1.4145129906347e-05,0.00823916341832519
4705,5518,0.1984235495278,0.176554451484856,2.90366268748692e-08,2.04905826622854e-06,0.609861765568295,1.05924218771389e-05,0.0151475629022781
4845,2401,0.231186141078863,0.015528860267196,9.5921998995352e-10,1.78673185303804e-06,0.737621596227895,1.08696268491185e-07,0.0156615060387052
7874,6718,0.0940772635822241,0.0561377492404372,3.4493379008517e-08,3.57376006308229e-07,0.812309509025206,1.93323101028149e-06,0.0374731530517372
10217,4801,0.334883569860149,0.0165090977725494,2.14509775289075e-07,2.93882890960414e-06,0.570667490207054,7.21735600035887e-07,0.0779359670859627
4156,1681,0.293492967479198,0.0114425724226027,6.63991297665463e-10,2.1030551507774e-06,0.638379515557912,1.13727638521796e-08,0.0566828294483814
3602,8394,0.143868215569487,0.539597221983287,1.1763596746019e-08,1.97897106677449e-05,0.315343618916526,1.17439807374484e-07,0.00117102461662761
4223,5397,0.220936281726791,0.21631103438078,9.24076211370736e-09,4.25600336526187e-05,0.528155112955036,8.49622284421424e-06,0.0345465054401337
8289,3601,0.289637899221591,0.0454616765540699,1.91816092620352e-07,1.07488584796976e-05,0.611569408090704,7.2146667285782e-07,0.0533193539923896
3672,5397,0.178420931050861,0.214212431401864,5.6712532284833e-08,0.000106743432916472,0.563367332398642,1.83441260621645e-05,0.043874160877122
9943,3122,0.225654152085833,0.129632798351544,7.33040286364468e-07,5.84593299481465e-05,0.614780909140331,3.15065449897112e-05,0.0298414415070679
10148,5161,0.345482674168495,0.177658445211939,1.25872446121446e-06,0.000206662429273807,0.416867443903443,1.47802003947003e-06,0.0597820375423491
4841,9833,0.141271544873633,0.38058881567833,4.37136393527645e-10,4.05873576398964e-05,0.471692356401403,3.01964744636741e-06,0.00640367560441134
6773,3600,0.385583646705976,0.0216970281549382,4.83248804688578e-07,2.2748336066258e-06,0.570101946356876,5.62185719530228e-06,0.0226089988426035
6015,4439,0.341503055284482,0.0288637195048993,3.76895217745602e-07,1.03632431758932e-06,0.59380674211829,3.78937894925306e-06,0.0358212804938444
4568,5278,0.239263809689086,0.037048374828868,3.32081439612791e-08,1.7057812433255e-06,0.688941806432314,2.56509188636518e-06,0.0347417049684587
2846,2999,0.36827188305665,0.109168862718451,5.90922701870531e-08,1.21086383106373e-05,0.502123488547603,2.78155058986868e-06,0.0204208163961252
7460,8156,0.262047085015483,0.0884224876967395,4.49127102109063e-08,8.77142686044285e-06,0.636367295866917,3.77332638263174e-06,0.0131505417549078
8150,5519,0.246011068127378,0.32493714262102,1.37277702137922e-06,0.000151381721716585,0.393405722071862,9.89841193760308e-06,0.0354834142690642
9183,7797,0.11962326726376,0.0223130432229039,2.53903918173879e-08,4.82194192449515e-07,0.834129396215454,2.94777398816708e-06,0.0239308379393091
7943,7078,0.0972681535244907,0.107804761619142,3.66145836978851e-07,8.36092819516537e-06,0.762858526784569,2.15895161663007e-05,0.0320382414815998
6771,7437,0.268407658064769,0.0918707345215387,2.1349902562558e-06,6.96641792184806e-05,0.588449229682596,2.70713309043345e-05,0.051173507230717
9805,3122,0.29310781130563,0.0573833690059361,8.5832525570934e-08,1.82289173400261e-05,0.602532999741398,1.08305037461136e-05,0.0469466746934245
9115,4800,0.395746854626915,0.104823503341166,3.10273790793741e-07,3.48030917897017e-05,0.482284112231301,2.5207664002863e-07,0.0171101643583976
8014,1683,0.347366518828799,0.0571599511954788,8.13791682473448e-07,5.76703950902802e-06,0.582713541554077,7.35382158741428e-06,0.0127460537688656
8975,9356,0.159101818066704,0.0291149508587482,0.00124362088429514,7.55965949324602e-06,0.77536914817342,6.73745797705506e-06,0.0351561648993621
6013,7556,0.206202536651076,0.288983825861742,9.8972364575566e-09,3.35584851352515e-05,0.490303526402657,4.15837763404339e-06,0.0144723843245188
3466,3839,0.108681799075661,0.267494401766264,8.61289656700384e-10,8.03374957309897e-06,0.609014470963576,1.0120593061141e-06,0.0148002815243307
9252,7678,0.089526404666743,0.0837912588609464,1.46449206737884e-07,3.88409519567338e-06,0.774258567763377,9.37862773511374e-05,0.0523259518871801
8495,4920,0.342145423825576,0.0839312650129152,2.5443278052604e-06,1.85213227949794e-05,0.521571213628768,5.575097027278e-06,0.0523254567851132
8148,9595,0.178242552942429,0.0344972622749117,0.0355442240387714,1.14618703304537e-06,0.636327362428206,0.000160039647242991,0.115227412481406
7184,8156,0.208535719024331,0.150221339200039,9.83723402468273e-09,1.34989534996301e-05,0.612227422477712,2.69849820685197e-06,0.0289993120089779
5531,8875,0.183268286658654,0.431232053939666,2.07791963238368e-08,8.48447309237661e-05,0.377117477133665,1.29436383795311e-05,0.00828437311951579
8150,6958,0.115633215469875,0.0896831446288973,7.89037767947951e-08,4.12078300712029e-06,0.7698732211349,1.51287810206679e-05,0.0247910902985225
5187,6357,0.353694236556559,0.119024903059798,2.09217073827884e-06,2.5730944460006e-05,0.522168049745537,2.02639136062756e-05,0.00506472360930104
3809,7076,0.230541913279752,0.285616835057874,1.48231719782965e-07,3.25261239244438e-05,0.458854360939917,7.39609456076907e-05,0.0248802554212057
4568,4558,0.0206112092544783,0.107921039978595,5.57343137966097e-09,7.99147336136953e-07,0.86217567873678,3.38102256796005e-06,0.00928788628681081
3741,5038,0.405569644406636,0.154275415382676,8.21608475259551e-05,0.000134935535160103,0.400256709100199,0.000304394732969415,0.0393767399948328
8427,2642,0.0759934036403499,0.000229214518995467,5.83914910284755e-09,1.52595186060985e-09,0.922407911868427,1.93974817771296e-08,0.00136944320964534
8565,2882,0.256009613934452,0.0292290255503579,3.1234404048976e-07,1.03021695749182e-05,0.697607350498471,1.19925354944197e-06,0.0171421962495539
4430,5997,0.207390105166838,0.20088915336661,5.83988747514439e-09,8.6443887042846e-06,0.572266826242808,1.74609241645144e-06,0.019443518902736
9667,2883,0.124101487602713,0.00374485819576033,7.09994105325096e-08,7.64337394286731e-08,0.850698408418728,1.35008854137279e-06,0.0214537482611069
8907,7318,0.055505382733849,0.0433869190800563,7.7798704254521e-08,4.64294902427157e-07,0.846291640384592,1.77977427492213e-05,0.0547977179651466
7118,3241,0.232939646553945,0.00904319426676867,2.72379110299350e-09,7.56476932326588e-07,0.757211777696532,1.56948073903352e-07,0.000804465333956849
7115,9715,0.0409112706071875,0.376198888389978,1.44720072717361e-09,4.76951429492141e-06,0.571346466296136,3.55633686690248e-06,0.0115350474083359
8700,8157,0.140723762280973,0.0180645361504577,2.4661411731868e-08,1.4023201494052e-07,0.770327340488564,1.26427830335287e-06,0.070882931908275
6635,5039,0.359454565964798,0.0907177769376578,4.35703699718259e-05,0.000370810080273638,0.482458617135829,0.000290244576002979,0.0666644149354666
5464,4918,0.166783644847153,0.0634867703331855,1.65163879896299e-08,3.34466304068773e-06,0.700793086383645,8.01735394732195e-06,0.0689251199026403
9183,6838,0.0809124632875261,0.0865803479968967,6.56031808871835e-07,3.2265791963089e-06,0.777961594713834,5.97276424523327e-05,0.0544819837482853
4566,8395,0.0997750811158968,0.338711628794111,1.55790383655127e-10,4.11862638365659e-06,0.547452929152678,2.34821959605772e-06,0.0140538939355434
6012,10433,0.0783326854571182,0.37561776779945,4.05840768149983e-10,4.31393939923891e-06,0.532325509685082,2.54528629196816e-06,0.013717177426817
4428,10073,0.114930537358517,0.1269363959961,7.88896573708944e-10,3.29088187526456e-06,0.757388949456755,3.94595498711433e-07,0.000740430922356938
6152,5878,0.196748311639707,0.0717347846852078,1.88879148935398e-08,1.95087293968617e-06,0.699242534143047,2.56597590755149e-07,0.0322721431735933
4911,8275,0.21860464746599,0.424113560826496,4.43220677055346e-08,0.000421534458138247,0.338736427405704,3.32656057700222e-05,0.0180905199158346
5671,2401,0.328060961164026,0.00851387278159079,2.88992714486381e-08,1.88964398766916e-07,0.646593151883215,3.81590494449759e-07,0.0168314147170034
7045,10554,0.107440400682485,0.371763239501487,2.3223813574732e-10,5.91567181189153e-07,0.511323347066376,1.00649509645612e-07,0.00947232030072239
7529,7077,0.0684541591170936,0.0177165884155364,3.80647415971083e-09,1.31939796736903e-07,0.873997465023888,4.72553401485308e-07,0.03983117914381
7874,7437,0.0979357929503365,0.0976532320775414,5.32090639558287e-08,3.70540207508495e-06,0.75736533358924,1.96275718006206e-05,0.0470222551999428
10009,8997,0.283731786697211,0.0436928664205326,0.109446484605524,5.4213706434807e-06,0.509587838788819,0.000381855191562413,0.0531537469257082
4500,3240,0.331643124906788,0.0195270624527319,1.9555833083773e-06,5.6264927020122e-06,0.63652377255173,7.96256419931039e-06,0.012290495448541
4913,2521,0.22274640483798,0.00398907036620044,5.34653935396074e-11,7.32419910410991e-09,0.738451596013426,1.2699947173619e-08,0.034812908704782
9874,2523,0.1816053139591,0.0116101527400866,1.31646588653425e-07,2.57335897914665e-05,0.787739586981885,2.52978165699636e-06,0.0190165513008919
4911,6836,0.18956962634707,0.194519336867943,2.17624091118559e-09,4.16841142011453e-06,0.612808407504148,2.57671118067678e-07,0.00309820102206002
8286,9355,0.157501695868824,0.00487664646398653,1.66827111562258e-06,4.59349746864056e-08,0.796977623699143,6.83202473472683e-07,0.0406416365594821
6566,3720,0.433587363013493,0.0231280231950539,1.61359024436735e-06,5.35410184346587e-06,0.518976798852692,1.71940822327822e-05,0.0242836531644405
8699,10315,0.164197526868613,0.175708757375828,0.000696710402623454,0.00050483543940193,0.597220522166908,0.00136010423349208,0.060311543513133
4361,5158,0.206998083910431,0.0782022918135415,6.02802587698518e-09,3.43807562153766e-06,0.665539974069102,8.11805442632561e-06,0.0492480880488522
8496,3721,0.314387713799535,0.00742693154071627,3.91506179381589e-07,1.28053234846848e-06,0.65693795305053,3.09901494715156e-07,0.0212454196691959
7391,9235,0.212779487662406,0.0829537225595241,4.53473735646423e-08,7.71807767781217e-06,0.692822445109978,1.26549306492532e-05,0.0114239263123909
6704,4919,0.357125813525547,0.0485789331246273,5.79234626635667e-08,7.71176213293878e-06,0.583318324336016,1.95530486785024e-06,0.0109672040233457
7873,9595,0.275404313458754,0.0601789058438702,2.45109836557931e-05,4.64810609900682e-06,0.61327289260234,8.23816584802733e-05,0.051032347346801
7462,4800,0.445902525847501,0.239253021172597,0.00652746175373861,0.00369415290323309,0.258563825251313,0.00219467150072058,0.0438643415708965
5189,3480,0.432050409571911,0.00588648875056246,1.17230431403425e-08,2.60620233768382e-08,0.558730597873051,3.72490754058839e-07,0.00333209352865543
8357,4440,0.295346057928875,0.194806575095947,4.81565376947591e-06,0.000528054747137631,0.485819637461017,3.04291767098738e-06,0.0234918161955833
7601,2162,0.126649412853768,0.0559054253206745,6.68291054241607e-09,9.9982432549039e-07,0.809525269179097,5.39994127344506e-07,0.00791834614509719
4292,5038,0.25964899687169,0.0616794403829133,7.025524212752e-09,2.05104225025331e-06,0.636363846329549,5.33987525971803e-06,0.0423003184728142
7806,5399,0.287969155862757,0.161416392588878,1.37930951939643e-07,1.91250597380437e-05,0.478989360095924,1.94359338670178e-06,0.0716038848683643
3947,6836,0.244822673098878,0.179140263036241,9.08949694291379e-08,2.78836317021047e-05,0.558548802492673,2.05050596934841e-06,0.017458236339567
7461,5279,0.260174437796407,0.26404059143232,1.68061603559244e-05,0.000122786177381046,0.451294805376797,1.24832319502213e-05,0.0243380898247889
9596,7318,0.112899244295147,0.0916959567982437,1.03070671052793e-07,3.64545392648841e-06,0.751157907936865,2.18130030365199e-05,0.0442213294421102
7670,1803,0.152473916162555,0.0979906373787915,4.50075456453137e-09,1.02948215715316e-06,0.727401495409092,5.02509945792966e-06,0.0221278919671915
8976,8397,0.166088818374048,0.0318894378391811,2.8121394769681e-08,1.4513480207081e-06,0.757370627188668,1.51248065443007e-06,0.0446481246480337
9873,5160,0.359847249953232,0.167400473406883,4.48235715344542e-07,0.000120981105676653,0.434910471564157,2.14762599944274e-06,0.0377182281083363
7253,8516,0.187921937907724,0.186980004878881,2.87361528132478e-07,0.000122983257163031,0.590780831751261,3.86290429316236e-06,0.0341900919391498
3396,6116,0.275899475007746,0.112671845339431,8.70925806211422e-08,1.58695688154922e-05,0.59769815913654,3.42074754500885e-06,0.0137111431073418
6222,2641,0.181773532621828,0.0200364335794676,2.97491437134152e-08,5.13037153911115e-07,0.755563161824455,1.49710152376017e-06,0.0426248320864279
3946,8274,0.124397726562142,0.356257625458752,1.00002737687286e-10,1.12281809654007e-05,0.518413551104291,1.05642537742611e-07,0.000919762951310082
8565,2642,0.200630284742779,0.00523454163861626,5.18844235682258e-08,7.37117288580014e-07,0.788317766216353,1.4583565979748e-06,0.00581516004394091
9874,3242,0.293445221875969,0.0476143424974611,9.43230892130299e-07,2.23028757270604e-05,0.646136870603875,2.10314983618619e-06,0.0127782157662395
8910,2043,0.343463728284851,0.020124919529161,2.99081135074275e-07,4.81287731362024e-06,0.621772984370556,6.49394527392416e-06,0.0146267619117091
9667,3362,0.238328383450179,0.0330200523616226,2.28586316011329e-07,1.1763702775907e-05,0.715127382182432,1.63294405512026e-06,0.0135105567726188
6219,9594,0.0737796481167323,0.331366381477647,1.26330462578038e-10,3.99348646729036e-06,0.589179886306417,1.28954977421445e-06,0.00566880093663117
6222,2881,0.115687101776137,0.0216164503883229,1.22149146054595e-09,7.78976505796921e-08,0.825090836863048,4.16835115755712e-07,0.0376051150182349
4085,5877,0.23821938072856,0.325677169199342,6.94972826908859e-08,7.90826117030104e-05,0.407767484972907,3.3086855518722e-05,0.0282237261346864
7945,2043,0.378267407742636,0.0380157191535851,1.75267830894546e-07,3.50590177044459e-06,0.570092078028764,5.33993059241467e-06,0.0136157739748212
4980,8155,0.159641022630446,0.38343221863761,1.13701012160292e-08,6.62021970582102e-05,0.442471610378597,1.41438043588576e-05,0.0143747909818293
3672,4678,0.0453884888928651,0.076868533794231,7.7655204765749e-09,2.47817350534663e-07,0.869830589440081,2.09812636610688e-06,0.0079100341635856
8080,7797,0.00789777861379465,0.0937330597628427,1.04081897376141e-07,1.89533546138657e-06,0.872383148550766,1.77204112046954e-05,0.0259662932440329
7667,7077,0.172730754226784,0.149264726853484,8.1722311659854e-05,0.00224901642101474,0.590420017304826,0.00012512707978027,0.0851286358024522
3947,6596,0.278016753936227,0.158080223412772,1.56985228459721e-08,1.78805298705746e-05,0.547612680473856,2.88685787149117e-06,0.0162695590908801
9596,8277,0.148756962365126,0.0419285664544939,3.59764585097886e-06,8.9572821885561e-06,0.728965689826733,5.12784805225338e-05,0.080284947945085
6082,7676,0.282138919381847,0.184567260763274,2.53552638563483e-07,4.25483684891794e-05,0.52331185224836,5.0572842868412e-06,0.00993410840110377
6636,2641,0.0833978974636979,0.00532357719966564,1.07452276599886e-09,4.19602269685934e-08,0.908877952496283,7.36538280905259e-08,0.00240045615177528
5531,7916,0.239193609056705,0.412473975517489,8.51596435496034e-09,0.000106934796258487,0.328711217649205,4.26037277807015e-06,0.0195099940916001
4500,2520,0.296129842464119,0.0230059503836882,6.2797586741896e-07,3.76327352416837e-05,0.64964848381967,7.61065681421633e-06,0.0311698519645994
8837,9835,0.439336671573608,0.0338227087168461,0.000146684183870083,0.000157749625545331,0.462977451102408,0.000288992260297253,0.0632697425374248
4084,8275,0.127842485399344,0.35827209785533,2.6056141419186e-10,1.26025500869395e-05,0.507661378126889,7.06303524471074e-07,0.00621072950426511
8772,2043,0.302619889586917,0.0825028174354412,1.15449925947873e-07,4.58168652085198e-05,0.601163183939529,3.28257294837656e-05,0.0136353509934945
9665,8157,0.104910286187753,0.0262291334275182,2.69964620398167e-07,3.62273734721716e-06,0.784706108771312,5.10347018768837e-05,0.0840995442095717
6979,4679,0.427961192341632,0.0612447792957825,6.91320147989042e-06,2.42334550977262e-05,0.48176429753976,9.61171307110414e-05,0.0289024670355363
4429,6956,0.227612300705097,0.310638466827238,1.98353257357245e-08,0.000150807709041167,0.447427360566391,6.84118408565517e-06,0.0141642031728217
9184,4920,0.35630151626019,0.0299928129106983,4.82800559539608e-10,2.15125817818817e-06,0.607581034648756,2.77315162495747e-09,0.00612248166622537
9114,6718,0.130092730936576,0.0230761508042994,1.57988340263061e-06,1.02677814536139e-06,0.781798945817506,2.11670738397307e-05,0.0650083987062313
6083,5518,0.123134227531485,0.0823762038522474,4.80361090832461e-08,1.13725924976072e-05,0.732776103048422,1.90441874253151e-05,0.0616830007518135
9871,9236,0.251738868859443,0.150309489990918,8.96379041189379e-06,0.000509554809041841,0.528951181871623,0.000125722754239645,0.0683562179243224
5120,3600,0.208089703344182,0.00923069327924018,7.30235821865915e-09,5.38307661041515e-07,0.728903819844737,1.59228254696715e-06,0.0537736456392747
6773,4080,0.328193262771505,0.111416861733906,4.4354424418638e-07,1.78289373377739e-05,0.545189338362629,1.30747842300102e-05,0.0151691898661477
8837,9116,0.163216352620816,0.209768340646442,8.01955113932589e-07,6.58696009882565e-05,0.608876268629889,1.96333805249353e-05,0.0180527331662257
3396,6356,0.269699242472957,0.143405669735515,1.76726814655017e-07,7.34841210450235e-06,0.573936303335459,6.18664813612076e-07,0.0129506406523366
8493,9955,0.171746140496755,0.0342457712405372,0.000481089064778592,5.18107528894796e-06,0.742361691105949,2.77586259401691e-05,0.0511323683907508
8356,7318,0.0713012172703495,0.133202336399474,1.48057353038328e-07,2.81294895083985e-06,0.760712956937546,8.55887744674438e-05,0.0346949396118596
8769,8756,0.129387341960057,0.0272421400943487,2.24441436372206e-07,4.55457399603034e-06,0.785840572293888,4.29529831358541e-06,0.0575208713379602
7873,7917,0.0892377544540642,0.0406499073535565,2.68201485953483e-08,7.42315868428468e-07,0.842350404014872,2.01611198947996e-06,0.0277591489295011
8840,2882,0.269188711887192,0.0342709937564104,4.32115886194178e-07,2.11951973887052e-05,0.677775735996504,3.98262912205556e-06,0.0187389484174967
10148,6839,0.0338340000960664,0.0111889517496087,5.99406430617843e-08,5.64668253430522e-07,0.918522983781782,4.35108233687628e-06,0.0364490886813095
10078,7678,0.0904675196376928,0.0210333878735766,2.49687195318247e-08,8.22817932915383e-07,0.840962284337183,1.03277597829929e-05,0.0475256326051117
3949,3000,0.214515803293216,0.0448517613048488,1.06570422362195e-07,1.51041867996191e-06,0.739958342213442,2.90042656926657e-08,0.000672447195124421
5946,3840,0.234818047092938,0.0524589977004492,1.35209665453262e-06,3.96942976324552e-06,0.671409504449186,3.93484519653456e-05,0.041268780779044
5324,9234,0.174816774364272,0.400618864004758,2.42699106725384e-10,2.71796893476756e-05,0.418323105188381,7.801725984193e-07,0.00621329633794452
4913,3959,0.195653340885905,0.00291753350203914,5.24121855317281e-10,4.48461787206257e-09,0.79529081768558,6.9659374229892e-09,0.00613829595179862
8907,7078,0.0491959523112132,0.0956222171774864,5.56926460460763e-07,1.01473044190658e-05,0.805982223027774,0.00015444975236246,0.0490344535002841
8149,8157,0.0111957130681324,0.0179894105969852,2.75278943921981e-09,1.8769001340675e-07,0.934124451222532,4.24392046574817e-07,0.0366898102775005
8839,5520,0.31268380250811,0.122854174855057,1.86379996577072e-07,3.33198299534397e-05,0.540908295284077,1.1820139746772e-06,0.0235190391288309
3329,2160,0.120928318047402,0.0776545092840563,1.95921262747284e-09,3.01431406613171e-06,0.787532501954132,5.69149340249694e-07,0.0138810852917911
10078,7918,0.109293444533381,0.0141280821665133,1.97527056780466e-07,9.56334738618887e-07,0.788235503147987,6.15314197856041e-06,0.0883356631483442
8080,7557,0.1031109652435,0.106630126565912,4.45962423670277e-08,2.63750397708251e-06,0.751609413427705,7.61180672046808e-06,0.038639200855944
9182,8756,0.102992962721369,0.00483392643140922,4.10205650839559e-05,6.10841275538387e-07,0.825571524916094,4.42941021593731e-06,0.0665555251145522
7805,6358,0.259074930605936,0.0913151879389848,3.21621003143179e-07,2.77185111222714e-06,0.605615743906902,1.99050294309205e-06,0.0439890535731186
3949,3239,0.316364693469995,0.0857582601348551,5.82867216445578e-06,1.86616958291452e-05,0.548794932384251,8.54931351729767e-06,0.0490490743293882
9114,6239,0.400542028501851,0.0657440647233054,2.896350963526e-06,9.72356544811413e-05,0.488674687077025,2.8066334104357e-05,0.0449110213582704
4843,6237,0.152266432669699,0.23628864978304,7.13593342399608e-09,1.46050687603106e-05,0.603010372335547,5.77395444657902e-07,0.00841935561157517
7875,5279,0.310755748524791,0.0638953005830674,1.11177163551998e-07,7.19988224889254e-06,0.563443069986936,1.44700362071731e-06,0.0618971228421724
5603,1802,0.316753717083289,0.0389632892328539,6.35541716381514e-09,6.34841152477347e-06,0.639035647615295,2.52383446923316e-06,0.00523846746715123
4773,7556,0.298707631324492,0.309256006994336,6.66354608586329e-08,0.000107646977561533,0.373974205579809,1.761778600604e-05,0.0179368247023353
8633,3961,0.258695835074136,0.024885552886822,6.07989484721334e-07,7.421260559565e-06,0.660841751681863,4.77788786478279e-07,0.0555683533183481
4361,4438,0.0166677505064708,0.0142098182849246,1.69996006738193e-09,1.63213934588696e-08,0.968884654226138,6.98881953515326e-08,0.000237689072917661
8770,6838,0.0243098016143046,0.0247333119784566,1.18864007968304e-07,1.20126273265961e-07,0.938171027661697,4.11870096891309e-06,0.0127815010542913
9803,6239,0.401664536593531,0.0650459070444293,5.81592632536948e-06,9.69958246136781e-05,0.473828986492951,8.25625676582768e-06,0.0593495018613838
9183,6599,0.14216252139478,0.0250884604323912,1.3836990571729e-07,2.2721931250347e-06,0.80542172272644,1.34210854913374e-05,0.0273114637978662
8977,5280,0.294605809982756,0.288059406708447,1.64417928151414e-06,0.00115520688293253,0.376031686872309,5.247052193248e-06,0.0401409983220804
7254,6118,0.218860220325015,0.222716635810337,1.0646512178291e-06,4.33463937240066e-05,0.508075806817354,1.06558083007876e-05,0.0502922701940508
6910,5279,0.0933000278474727,0.212399691104664,6.85893245984214e-09,2.72827173196311e-06,0.673283608826422,1.95291854727382e-05,0.0209944079053044
9734,6839,0.080256662020573,0.0041775926443361,1.01499528883916e-08,4.49096558920065e-08,0.898893892885638,3.44563462421619e-07,0.016671452826382
7048,5279,0.0873200774220377,0.267174324902673,5.90485879188302e-09,1.03594194909177e-06,0.638456154585883,2.55136362960639e-06,0.00704584987896784
6977,9235,0.0317509020281484,0.356412262570226,2.83730457659516e-10,9.87931727639776e-07,0.604613252106695,2.33412888131454e-07,0.00722236166658348
6842,3960,0.352477196376912,0.0295376313573286,5.00798926160208e-08,3.49591978538308e-06,0.610971077570163,1.37439395555004e-06,0.00700917430196277
9115,5520,0.317042401390635,0.207745409243038,2.82163894996151e-06,0.000107581342101003,0.431511914321236,2.57034664230563e-05,0.0435641685976163
7807,2282,0.422212039169914,0.0385083775045433,5.50440753220913e-07,4.21746316616241e-06,0.532867486232752,3.92622841507733e-06,0.00640340296045633
7394,2762,0.114668011145586,0.026225370915676,1.04303308973405e-08,3.54253851851456e-07,0.851464597811908,5.85970286688233e-07,0.00764106947235962
8081,5639,0.220833950995479,0.23180380251647,4.14472052039803e-07,0.000234858639027537,0.499918401151756,3.99975128328549e-06,0.0472045724739317
4841,9354,0.193523169006655,0.456308906840442,4.80793274932668e-08,0.000238746406538384,0.336824939318996,1.14203595676166e-05,0.0130927699884738
3122,3719,0.166653082311591,0.0858596894130719,3.02954062559049e-08,1.39368459631932e-05,0.743125312654588,2.92832884737445e-07,0.0043476556464955
8011,9355,0.23518391618618,0.0151870471653287,2.35567992062276e-05,4.0630929780361e-06,0.57269395449576,3.78912133239287e-05,0.176869571047223
10218,3362,0.424075371647303,0.0205180307534841,2.34778575531534e-07,2.47402476565492e-05,0.519440378165931,1.8033474376249e-06,0.0359394410596122
5806,9354,0.132919662647176,0.342056922842155,1.89067027018503e-11,3.44206608705536e-06,0.523149060972705,3.17500274920213e-09,0.00187090827796721
9872,7078,0.115711303026155,0.0223748896129983,1.62377394458872e-07,3.10382759326707e-07,0.803144436628207,1.12888365447358e-05,0.0587576091359403
9391,3362,0.303662665165891,0.0829548907636699,1.68335040368258e-07,3.5767995924766e-05,0.554541960151548,1.49982882225394e-05,0.058789549299704
9321,5640,0.407435788433394,0.00522939520083758,2.79112910510655e-07,2.9726061754847e-06,0.511243033533099,2.33580810896859e-07,0.0760882975327723
6701,9714,0.0620489697959489,0.293830291550462,2.00101581693698e-09,7.44496759644772e-06,0.633112123500764,3.08492879468788e-06,0.0109980832554184
6633,9355,0.117486736498883,0.442288306277173,9.76313076736803e-11,8.04992207973146e-06,0.436509056331796,6.73236715830608e-08,0.00370778354876544
9047,2283,0.352982705524571,0.00153797358112638,1.1964390195221e-07,4.49661430199159e-07,0.63711127492907,6.05215549039449e-07,0.00836687144435132
5601,5398,0.187592776339001,0.13360747103436,6.0057943921631e-08,2.39929478024383e-05,0.637608980419995,2.17715386750456e-05,0.041144947662223
9599,1804,0.183147122348799,0.0246303211336194,3.06149842995211e-07,1.48941606248704e-06,0.775186745047368,1.10344833443668e-06,0.0170329124559731
3878,6716,0.202204242501079,0.208736574214166,4.89002197234081e-09,1.75296590234457e-05,0.57878090220693,4.77699830039036e-06,0.010255969530479
8908,5879,0.280792185366457,0.107516463923825,2.11913362114778e-06,2.07949210216117e-05,0.566488306871892,1.30179551858088e-05,0.0451671118279979
3464,8874,0.104706394935736,0.162668866591645,5.77693413422486e-11,4.83505156241098e-06,0.728128934125246,3.69309745408219e-08,0.0044909323070673
6084,3600,0.181169556961491,0.0402863526118213,3.42950638207969e-08,9.27526420436488e-07,0.694575657686512,2.92929580294992e-06,0.0839645416228883
8632,6359,0.194599594796463,0.023836606309472,4.72733064067066e-07,1.73355750110331e-06,0.748710471910082,1.54731700987195e-05,0.0328356475233191
6705,2282,0.242889004348259,0.0238631247163683,5.72029109091776e-07,2.88462886839676e-06,0.718429936393607,6.18974797279664e-06,0.0148082881358156
8840,3362,0.251822390414843,0.0601077385563815,3.91194471865562e-07,2.57078756281818e-05,0.673544026296587,2.53292923804247e-05,0.0144744163697072
4980,6477,0.160901299682258,0.168991371318997,7.99620000774111e-10,4.65017622789573e-06,0.6661369491351,5.54735559983129e-07,0.00396517415223761
8220,3721,0.311059512212886,0.0628917203439709,8.17057965528601e-06,0.00017244647131695,0.594961081163134,6.14624502405699e-06,0.0309009229840124
6358,8395,0.116931817025272,0.398588412914543,1.62828732797223e-09,1.56752050266435e-05,0.478464358800772,3.02739525934133e-07,0.00599943168657214
5943,9834,0.141701425409884,0.411671574099241,1.66724683680267e-07,3.66455581184466e-05,0.434006209589196,2.40235439344153e-06,0.0125815762644837
6289,7077,0.0981079557534202,0.164069078894226,1.03928888628759e-07,5.25249302311106e-06,0.727353825021237,2.50382447264089e-05,0.0104387456644789
5187,6836,0.199024783624775,0.275404859044899,5.02438544930144e-09,2.91487046639596e-05,0.516062807446634,2.01736797443473e-06,0.00947637878666747
8150,5040,0.295231278847319,0.0893236565338537,6.28466921129877e-06,1.25872828254492e-05,0.577890653417379,4.64416250116416e-07,0.0375350748331612
9595,10195,0.221296675925254,0.254295342215405,8.50017159206011e-07,0.000131242066190799,0.489612265077898,7.98719813740527e-06,0.0346556374999549
10079,7198,0.0883399764605431,0.0544052709852552,7.18707044135758e-08,1.68409024761051e-06,0.788412656995091,2.81433300535404e-05,0.0688121962681048
5324,8035,0.225714509474418,0.44092051496622,9.27322638524834e-08,0.000408981298683789,0.310124505339757,2.19768705634903e-05,0.0228094193180936
5875,9714,0.118004691931114,0.366486649771732,1.03092063936404e-10,4.63891865824116e-06,0.51224647997297,4.79269204161096e-08,0.00325749137551322
4016,6476,0.296985710884571,0.192862927726312,1.01299664954652e-07,2.57419628340336e-05,0.498256922737215,4.78811712714489e-06,0.0118638072722762
9735,4681,0.261214226297234,0.347083342716704,0.000201142230473077,0.0011075302071293,0.370865695734815,0.000389590181434627,0.0191384726322096
6084,4799,0.328196877047104,0.113593689388924,1.38760479885142e-05,2.6419408888482e-05,0.533587250616235,0.000102465526987816,0.0244794219638714
9254,3362,0.331937132451998,0.095203050963492,3.40878980098882e-05,6.26258156371362e-05,0.543269123384227,1.06025517562449e-05,0.0294833769348795
8699,10075,0.209031623243906,0.00253403178221603,0.000132675606975344,1.30937701664091e-07,0.742792022528005,4.20381459457436e-07,0.0455090955197369
5808,4799,0.180152000527789,0.0849326663155486,2.88679987612939e-08,1.3910915934401e-06,0.674586302533595,3.41688761226346e-06,0.0603241937758627
10217,5041,0.389996237499357,0.163464165739177,6.31009367064645e-07,3.35890476410766e-05,0.37965300310472,4.22128513383079e-06,0.0668481523146042
9458,8517,0.208105300273126,0.0190334217504176,0.000244010447709412,1.6790570429488e-05,0.693655071318289,7.49631181202082e-05,0.0788704425219091
10012,3003,0.238119425826497,0.269467477268839,1.3310538399511e-07,0.000471593320504964,0.413354342934067,0.000132393572947757,0.0784546339717603
5806,9115,0.150106563871224,0.398217004816384,1.85140400472349e-09,1.25801029649239e-05,0.444227040579742,4.90183397738809e-07,0.00743631859488254
5188,5158,0.239972019075441,0.160678319912984,6.62848526931443e-06,1.59777145522978e-05,0.548116109155193,7.37105995467062e-05,0.0511372350570131
5394,7196,0.226546631897334,0.322611783732584,1.06223782725347e-07,0.000137848337960133,0.42608705629062,1.41032577523937e-05,0.024602470259967
4705,5997,0.0978487902722944,0.177472592524994,4.72469513343911e-10,8.42713793266567e-06,0.722409272801563,3.72401385893652e-07,0.00226054438936056
5736,10673,0.128027908725659,0.371862305714563,4.91489503638543e-09,7.45118169700927e-06,0.495621818553846,3.87886481109314e-06,0.00447663204452935
6426,9954,0.0885407984668035,0.32006879571581,8.08190036947890e-09,5.4274512073725e-06,0.573854098881085,8.20176017997383e-06,0.017522669643014
8562,8636,0.1984541438888,0.105275392318899,3.40188126829651e-06,4.59604688594533e-05,0.672799850330833,9.38314013842943e-05,0.0233274197099559
8630,9715,0.173167641582209,0.072755026170321,4.34572193397848e-07,9.53547356488634e-06,0.744427120846861,5.43287798687821e-06,0.00963480847686413
6497,5039,0.267769438696044,0.0803472811605615,1.32907627810688e-07,3.05261328989475e-06,0.641415574356472,3.6954317804262e-06,0.0104608248342242
8562,8876,0.138667826776552,0.186759862936686,1.2843892668492e-06,6.61325253421783e-05,0.657540288069479,0.000340617606163622,0.0166239876965114
9529,3122,0.140405547425129,0.0240220805394455,1.24483340418068e-06,8.88336588273626e-07,0.795784912511501,6.49864904109206e-06,0.0397788277048912
9254,2882,0.152552852288224,0.0154571297150027,2.61893957928452e-07,3.48449747240098e-07,0.781166929694482,5.99011283697395e-06,0.0508164878457497
6912,2162,0.351128282656619,0.0259201621890763,1.68068752563502e-06,1.36306922481143e-06,0.616033599148972,6.83064790223482e-06,0.00690808160068008
3259,3479,0.139574784407479,0.164445254160027,1.36106982686275e-09,1.92248534441692e-06,0.681896341156187,9.79937120219966e-07,0.0140807164927734
3878,6476,0.271026725423971,0.211698429297744,1.33863994290208e-08,4.19910260634766e-05,0.504651207580687,1.32566035750191e-05,0.0125683766815598
5532,5997,0.156644790218494,0.157359944083569,4.81321915148466e-08,8.94822247423944e-06,0.6838729128548,2.4681342008921e-06,0.00211088835427075
3603,6476,0.199549124684226,0.125744344615129,8.56045861950786e-08,3.84611149085733e-06,0.661900918730517,1.25985297811745e-05,0.012789081724269
3465,6476,0.284306433990994,0.0663297988043035,1.24405222231742e-10,6.18873057584087e-07,0.648512307310646,8.28459469469555e-08,0.000850758050646882
8563,6239,0.232421012672199,0.00137818401147996,1.27197821296815e-08,1.60948051306328e-07,0.74976303541433,6.07783615413544e-08,0.0164375334557956
8219,5639,0.305967157060497,0.13078313493597,4.34113157670898e-08,0.000161993279757079,0.508730461885325,1.09189264298403e-06,0.0543561175344924
6980,3720,0.38647102564087,0.0155963158739242,6.64285998534739e-07,4.55839811458188e-06,0.583086273714048,1.72103041804257e-06,0.0148394410566269
4979,9594,0.156618605709432,0.466092750472843,2.60933947012777e-09,4.27215753363671e-05,0.364957949157476,5.64509239466639e-06,0.0122823253831781
7944,4920,0.236975308199388,0.212842029625481,7.15040543340227e-06,0.000495458363965329,0.518843039737218,2.01974743576164e-05,0.030816816194157
3671,6596,0.253132073050785,0.20067176184774,3.76848287211999e-08,8.65052451205154e-06,0.536944615800525,8.75584164971798e-07,0.00924198550744482
5944,7916,0.214750410425213,0.252397803151998,1.91140901981051e-08,1.79657812567117e-05,0.525160760119759,3.63428053322703e-06,0.0076694071271504
7254,7557,0.146485126044729,0.026697093913652,1.72564090107329e-07,6.11862341490215e-06,0.783162820549076,7.01141411291573e-07,0.0436479671636264
8979,1923,0.338598723287883,0.0450488593391871,4.34712718513232e-06,1.20682637265215e-05,0.605661509113296,1.8124343850903e-05,0.0106563685248709
8358,3961,0.292964057946894,0.0892709411280622,9.06201220659589e-08,4.15119765302022e-05,0.571965438475757,4.3622274987427e-07,0.0457575236298855
7735,10074,0.147611222124653,0.0212232861423305,3.46097478669317e-06,3.07328772071325e-06,0.772759134888519,3.19867661046617e-06,0.0583966239053796
7530,6838,0.159079329671919,0.0238511216453325,9.5802335432183e-09,2.76224113352587e-07,0.800476425810982,1.13597034654879e-07,0.0165927234703844
4704,8874,0.108357167153267,0.377733246374744,1.75608398985814e-09,9.34912879535695e-06,0.502205284879388,1.78459276937782e-06,0.0116931661149528
6702,8276,0.13416922671743,0.105416921947884,5.21208106157925e-09,1.39404787323599e-06,0.751278695793566,1.18287777485244e-07,0.00913363799338786
6977,9954,0.0822908411154511,0.426635914916832,1.38945214373207e-10,3.52766372801389e-06,0.487251249977444,1.81007417619963e-07,0.00381828518018229
9596,8037,0.132033838096364,0.0824612247294429,5.0000301478754e-07,4.87525397476022e-06,0.708330494427245,6.09399538476763e-05,0.0771081275361106
3742,3359,0.21066936555314,0.150043175130422,2.6531169168556e-09,9.70271644889561e-06,0.624155107993645,8.61234544102485e-08,0.0151225598297726
7186,3840,0.43489514726307,0.0319403194988861,2.17640573716853e-06,1.90046622627387e-05,0.511884388051698,1.81957322329637e-05,0.0212407683861136
8011,7677,0.0845693119784035,0.0765109218898265,1.10132999704278e-07,1.20218787230184e-06,0.794167064311074,6.10899121040062e-06,0.0447452805086138
5531,6957,0.230394775757531,0.145281890794523,6.13017954793123e-09,6.04241271623468e-06,0.61654827058301,5.72330983612044e-07,0.00776844199105662
4566,8634,0.0569081413942775,0.362009356847563,2.35352801004516e-10,3.6022361926798e-06,0.571785904960764,1.1949429600333e-06,0.0092917993828895
5118,7436,0.307060068089111,0.367776326014121,1.75028109867211e-06,0.000156753206874162,0.300659272655927,4.36431249514225e-05,0.0243021866279171
9392,2882,0.0220308949317814,0.000307173227729142,1.86498202885067e-09,1.25558241842908e-09,0.96476689040465,2.94673798742081e-08,0.0128950088478955
3121,3958,0.204109279186639,0.0685908895880851,1.67029772059973e-08,6.39171218448909e-07,0.722360912793471,7.11828864010048e-07,0.0049375507287454
6979,5159,0.126039869883946,0.294697973927793,3.1252635610423e-08,1.38709714948385e-05,0.563525147422859,2.12106304495171e-06,0.0157209854782264
5188,4679,0.301413004176289,0.0998338803110071,5.0837084537485e-06,7.03954905486824e-05,0.546206162036455,0.000107449551760769,0.052364024725485
7597,9595,0.264195785972793,0.00798614683505632,3.49005538887822e-07,1.16588640120442e-06,0.705633790754324,8.15554332075628e-07,0.0221819459915546
7186,4080,0.352411424462126,0.110526749477902,2.25242664838121e-06,7.0937975301844e-05,0.509805207421553,0.000100792224151956,0.0270826360123173
6085,2881,0.17480151917586,0.0412226696447958,8.56708049739526e-09,6.67020113840242e-07,0.73183602192714,1.59315310175191e-06,0.0521375205119078
7256,1563,0.178898394034336,0.0395192551101496,6.58586485510947e-09,8.43146526414017e-07,0.775152491906868,1.74164917777645e-06,0.00642726756707774
6911,2881,0.351677641388312,0.00748305347791067,6.77411303338279e-08,1.57873595169295e-06,0.636551188175102,9.55062437358432e-07,0.00428551541915585
5325,6597,0.208493806167547,0.184140369828804,5.01303258850148e-08,1.27849718269997e-05,0.59915252064716,1.65991670550429e-06,0.00819880833763034
9320,9476,0.192611119913261,0.0096430113873136,0.00114214391600811,5.4054353913546e-07,0.742307045191262,6.49064936930993e-06,0.0542896483992465
3809,7795,0.152297240631182,0.38918194304117,5.71829341151914e-10,2.46009372759246e-05,0.446597582423029,3.52446357618296e-06,0.011895107931937
3535,2760,0.362442424328032,0.0555616412605179,1.95498927980811e-07,2.04166686652747e-05,0.578870481296904,4.98660715330983e-06,0.00309985433979952
7599,6478,0.157790870945839,0.0180515776869594,5.30447195583134e-08,1.09424754485172e-06,0.80697758766457,3.07797323352769e-07,0.0171785086130445
8563,7677,0.0354301674842702,0.078636726620079,1.31219305823756e-07,1.54436926266542e-06,0.839322161161443,2.05626943975215e-05,0.0465887064512422
4152,9833,0.13912535999742,0.120265992971208,1.5676167924558e-09,1.96162034618251e-05,0.733413753370423,1.40659812290863e-06,0.00717386929174719
9806,1684,0.129399121977783,0.10330083669833,4.07104106410092e-07,1.33889141545408e-05,0.727291299256452,0.000223649454893906,0.0397712965942812
8907,6838,0.0927474086523608,0.179832238629979,1.05859347626175e-07,4.18794915462588e-06,0.676242864067555,8.01026574622475e-05,0.0510930921841409
6564,8276,0.150932193047386,0.346193141520157,5.13559829749105e-08,8.99151334700942e-06,0.495970506100076,3.45851975423268e-07,0.00689477061107556
7322,9355,0.309231673799911,0.0471698507134299,4.36700815463392e-07,1.76691366077847e-06,0.630258036842978,7.55553813382861e-06,0.0133306794910712
7184,9115,0.0450157953723912,0.270276699137544,3.7265939650979e-08,3.3632354435303e-06,0.6693582565524,6.84596772583413e-06,0.0153390024685558
6910,5998,0.213254895073082,0.140139746673021,6.01074744466822e-07,8.60542884439007e-06,0.608820394649773,1.93186350753024e-05,0.03775643846546
4153,8874,0.0816226083920451,0.377043538830364,3.24406774850374e-10,1.50005635557058e-06,0.52177202794867,6.2066881004986e-07,0.0195597037793486
6908,8875,0.0490342738007372,0.378666561199916,6.6602312644552e-10,1.6520641438954e-06,0.562915315142074,4.79163773324789e-07,0.00938171796333223
3536,2520,0.23948016484229,0.105163491536248,4.37279994351696e-09,2.37446430305924e-05,0.644800438684377,1.48027583649761e-06,0.0105306756454174
3467,2160,0.18753146362184,0.0584972189429964,1.49943805088319e-08,4.52769217346987e-06,0.742922335071851,1.3689401396631e-07,0.0110443027827453
4774,6117,0.141247157129282,0.196151016889419,7.3058686060191e-10,5.80192355711287e-06,0.656081938963988,3.75051942670421e-07,0.00651370931122427
7049,3840,0.362991434813551,0.0239870417023107,2.85692870268047e-07,1.30523282405503e-05,0.602626316485425,7.0466620751394e-06,0.0103748223155271
3603,4558,0.0263963704273242,0.104248912809583,9.51032576933926e-11,1.89544309701176e-07,0.868466971907583,5.19322032260676e-07,0.0008870358940639
3053,3838,0.263475180384112,0.0765111527225868,1.08659690857198e-07,4.43898677607669e-05,0.644496020198284,7.07065262762456e-06,0.0154660775149381
7873,8876,0.158857372168534,0.152145637447561,2.4942316478121e-07,8.45531684622649e-06,0.675940169249923,1.04713217493295e-05,0.0130376450722208
3673,2280,0.203626965246765,0.259039965404154,1.82895676404213e-10,8.93710341877344e-06,0.526334121152008,1.35125872155871e-08,0.0109899973981714
3739,8394,0.192678697119434,0.405025113946258,5.55670393830933e-10,6.81624873316994e-06,0.391963135482522,3.80457981928516e-08,0.0103261986015834
7392,5878,0.225169269167408,0.169485137587849,1.35990116290102e-06,2.24081246865917e-05,0.594471059516556,9.03782270436652e-06,0.0108417278796332
5392,10073,0.0909699817911644,0.414936352844877,1.0003228289977e-09,1.78295240040508e-05,0.48289597390156,6.94477770014161e-06,0.0111729161603714
7049,2162,0.252244258786054,0.00995741972067356,1.03755533468466e-07,3.08106905412202e-07,0.732651956146638,1.04474535817069e-06,0.00514490873883726
5188,4918,0.362765872419459,0.0809047413093059,9.41974980587345e-06,5.95404871839342e-06,0.484604029750625,4.49647788920637e-05,0.0716650179431929
3329,2640,0.208838622364729,0.0130061672483245,5.0716872119102e-09,8.63977356813391e-07,0.778018181532836,6.40309377765325e-08,0.000136095774128262
5599,10673,0.162381540214375,0.334330207181004,1.4635404672308e-09,1.09631575289407e-05,0.491150289485036,7.5481938121513e-07,0.012126243679134
7736,7437,0.138973694330562,0.104737823376378,1.04792962869262e-06,4.69934231384182e-06,0.711998367433577,2.72936035356766e-05,0.0442570739840048
8289,4081,0.36625387894197,0.0609527662398687,1.57629917678307e-05,0.000238042771801604,0.544916720689407,3.06830056553344e-06,0.0276197600646186
6219,9354,0.159854656298367,0.280632450572403,2.92559919850711e-08,1.91701595336664e-05,0.544451164880912,2.64423912891013e-06,0.0150398845936645
9665,7918,0.137021205536077,0.0668297972547823,8.41768535647698e-08,2.94777099030688e-06,0.736957287876005,1.91802641570288e-05,0.0591694971211347
9185,2043,0.204362582176274,0.00929224976484349,6.92558670413253e-08,4.1057305775635e-06,0.775101891110045,5.09647799001607e-06,0.0112340054844028
7599,4800,0.544114186708116,0.162965689308326,0.00372538044849381,0.00128748601202914,0.244626210430137,0.00251152399923823,0.0407695230936609
4981,4559,0.147009588745518,0.0450579554156447,3.57528054238531e-07,1.40262222151234e-06,0.785186111908207,2.03304762838297e-05,0.0227242533040709
5600,8035,0.193447944898614,0.416392416953552,3.27051239272546e-09,7.0120238652733e-05,0.372215250381743,4.15747520564205e-06,0.0178701067817211
6151,7556,0.251681698892347,0.225271300164233,9.31744437653492e-08,0.000295163250027762,0.516356403770177,1.65008280135858e-05,0.0063788399207577
9251,9116,0.170050674193766,0.00234918122797492,0.00013550655882956,5.09593070828129e-07,0.774089898962852,1.33123016809815e-05,0.0533609171618254
8011,8636,0.134850173399126,0.0409158133406538,4.8849429202726e-08,1.22122235133058e-06,0.799465525743275,2.72173625731119e-06,0.0247644957089084
3189,6476,0.354230536313728,0.110800255990895,8.80214491814561e-08,2.47731355832948e-05,0.524311326542088,1.40518922626204e-05,0.010618968103994
5877,3720,0.152854903872016,0.0175218135478568,3.15163993458124e-09,1.34343170408415e-07,0.77691325276852,4.58655660711139e-07,0.0527094336611362
4224,4199,0.120432966645428,0.0105864357728695,5.36275569078252e-09,4.2469368583267e-08,0.863973411555119,1.56192479915425e-07,0.00500698200197922
9116,2882,0.169425600353468,0.0297228213009965,4.19433053990048e-07,2.80375867370852e-06,0.756901937565316,1.72642313843598e-05,0.0439291533571073
9803,6959,0.0215853490647072,0.00699670540570207,1.64888368105965e-08,5.76322726077838e-08,0.950565517929423,1.34149325381837e-06,0.0208510119858044
5534,2401,0.279951643543486,0.00647536563487114,1.03862788743807e-08,2.81355837160535e-07,0.702398444202656,6.37501468824688e-07,0.0111736173754016
7393,3241,0.420452430551603,0.0417712448675531,2.5456860686704e-06,7.88720732306604e-06,0.534927023246828,1.81013804779019e-05,0.00282076706014593
7324,3601,0.392178610559285,0.0134629623419835,8.36612360120325e-08,1.74195287354944e-06,0.590736208446471,2.68058885253586e-06,0.00361771244929845
8494,7078,0.0867185920918015,0.0416831919827816,1.4420146201374e-07,1.63411031336414e-06,0.82440262328178,8.80538017486692e-06,0.0471850089516868
6633,9594,0.0556390655205884,0.326342032948924,1.83889662894211e-09,7.7848071056686e-06,0.605652277914291,3.17977571393026e-06,0.01235565719448
8217,9715,0.122454888711851,0.000374535095023854,1.31180621760162e-06,2.3946083873371e-08,0.806857866112591,7.4526493100854e-08,0.0703112998017398
10081,2643,0.167603226611727,0.330040016436216,4.15842020628225e-06,0.000777405079316052,0.461272433673155,0.000514779432699242,0.0397879803466801
9388,9596,0.184075058155283,0.0101407205332564,1.91030793379622e-06,3.00561660907161e-07,0.730972711901425,1.6526879680198e-06,0.0748076458524737
7046,10074,0.116426120541573,0.2646007259422,3.15577702313268e-08,1.33407436872403e-05,0.598500893112278,1.06657671430621e-05,0.0204482223353478
4083,9953,0.169808877213722,0.141962524009333,1.40984957091474e-09,3.55140474640911e-06,0.683046502235817,2.11494928512575e-07,0.00517833223160386
3120,6356,0.308622776709749,0.0390645184660414,2.30003173270053e-09,3.94926522535067e-06,0.649751598702279,1.55491458165887e-07,0.00255699906521499
9252,7198,0.0788978897955099,0.102004068967135,4.48284472959748e-07,3.61890356857337e-06,0.775170843348098,5.82466101963456e-05,0.0438648840910184
7049,2402,0.18309598457061,0.0301431298762032,8.44277177681800e-09,5.44004139184503e-07,0.781738547659336,7.12458420878939e-07,0.00502107298851848
6429,2282,0.342446878277903,0.0844048962024963,6.57218614887815e-05,0.000149463892325323,0.536420495924575,0.000177026203284439,0.0363355176379274
7460,7677,0.166174044824145,0.0141567062153263,2.84729970889896e-09,4.44916850786265e-07,0.788918615924259,1.11455543152165e-07,0.0307500738165756
4910,10193,0.180932995217727,0.367972752306066,5.28640023316184e-08,3.06009310265886e-05,0.440874633131675,3.58515855848253e-05,0.0101531139639191
9668,1684,0.200899813113412,0.0388660450860501,6.79753308541732e-07,1.11060768651053e-05,0.732410365999944,2.86026475820799e-05,0.027783387322838
4361,5877,0.204807107175874,0.198898861481858,2.86161791988552e-08,1.55269951157385e-05,0.588996668052159,2.33819231802451e-06,0.00727946948649597
3466,4558,0.0306859521750256,0.116712744159534,3.47852008721804e-09,6.01995095352958e-07,0.850388344760688,9.85547906661779e-07,0.00221136788323019
5943,10313,0.0462395417936603,0.453934580730975,8.94946207074431e-10,3.80406378388017e-06,0.491349595690741,1.66612123617919e-06,0.00847081070465832
10218,4561,0.429627297901798,0.0082184313995682,2.84225844132113e-07,1.51053533608161e-06,0.513808633466083,1.68702625420141e-07,0.0483436737687451
7460,7437,0.0949396614179513,0.0138598540478965,7.19005103568679e-09,4.16939078794426e-08,0.8698653037573,1.04531886559112e-07,0.0213350273610068
6153,4200,0.26100621736476,0.0310802909638032,8.88444663050174e-07,1.39175154752011e-06,0.655234448104239,2.37367038518888e-05,0.0526530266671352
8634,2762,0.314491787587243,0.00734851419439319,4.22022399152536e-07,7.54721146117413e-07,0.650922126539355,3.59152410898985e-07,0.0272360357830525
10080,4321,0.269602920806015,0.347921917635194,1.70719982174043e-06,0.000388923814701222,0.334666227235671,1.78321833950069e-05,0.0474004711252021
4500,1801,0.242294152664605,0.0698322516704016,2.98361396074763e-08,1.13054016026676e-05,0.630324038643341,7.32964194866549e-07,0.0575374888197153
3327,5757,0.396812844937169,0.0517402584302321,9.71629764798206e-08,7.84975195186876e-06,0.525620088674845,1.22131908024891e-06,0.0258176397237452
9737,1804,0.189574592349074,0.0999585530870842,2.49486688674276e-06,5.28900865047109e-05,0.648959807048203,0.000283568513583893,0.0611680940486628
8631,8516,0.130619856029492,0.0237708945528927,6.80534059250027e-08,7.22149392776693e-07,0.791984122190833,4.27988191624442e-06,0.0536200571420672
6359,5998,0.237876254800353,0.0946433417851067,3.03391153238047e-06,2.78319065489868e-05,0.61726208580296,4.83147212288767e-05,0.0501391370722702
10215,9836,0.24705993546887,0.00457874419002267,8.66329469506689e-09,5.72530655150168e-07,0.72798525074369,2.12342328622011e-07,0.0203752760611385
10078,8877,0.477961998976993,0.0151158148682886,0.000135463384240899,5.51542632281832e-05,0.469629216726023,0.000350722464762599,0.036751629316464
8288,5519,0.353266032612304,0.19903243366117,4.61799086853244e-06,0.000226675653031123,0.386603526654398,9.61735355953311e-06,0.060857096074668
4636,5637,0.136181280748043,0.191850717736996,6.56097130178789e-09,1.94599794699023e-06,0.662182891091871,2.08294521432389e-06,0.00978107491895698
7806,4920,0.379596600313239,0.0442243617987752,5.75686372281179e-06,1.48370991079763e-05,0.572770772908389,8.28632675429919e-06,0.00337938469001248
9943,2643,0.228228929561571,0.162517947110391,3.83036387527157e-06,0.000616521269221837,0.585754233866708,0.000204533684823976,0.0226740041434089
8770,6598,0.133348088093647,0.0273892237786369,9.67028061085069e-08,1.22966516937726e-06,0.800400312559889,6.18159075522448e-06,0.0388548676090961
9392,2643,0.0569702360307975,0.011732581113088,5.69708485670205e-08,1.53904310209434e-07,0.907890516943023,1.50168625940606e-05,0.0233914381753383
9873,3962,0.295698561649915,0.0639273206505681,1.98571787488609e-08,3.48912206454521e-05,0.607322489000747,3.58902505834165e-07,0.0330163587184395
9320,9236,0.187639090365581,0.0137506235557421,5.10695021455741e-07,1.47045383216195e-06,0.761046549157826,6.57657355600708e-06,0.0375551791984414
6291,2761,0.18556001479375,0.00577909575700008,7.69752501756429e-09,2.32767393953229e-07,0.778619130605662,5.83128274079705e-07,0.0300409352503947
5874,10193,0.0487394660204197,0.456899120765379,7.1789452624804e-11,2.21414309870413e-06,0.491190960988268,1.61765462733477e-06,0.00316662035641829
3603,5037,0.383503616238689,0.0122740993794773,4.74331765213794e-08,4.85996773521158e-06,0.56194617193492,5.6760392822319e-07,0.0422706374420737
4430,5517,0.279248211519032,0.179104301398792,9.02325753845321e-08,1.6821600281178e-05,0.527960052134044,1.84998861003595e-05,0.013652023229175
3949,2520,0.23239335993186,0.154973475188041,4.82296098345424e-09,2.83115011553628e-06,0.605549631380925,4.68795419884987e-08,0.00708065064655571
6977,10434,0.0851629725948924,0.315574652080131,4.30728822298052e-10,2.11147949222081e-06,0.594095882285408,3.3049198136446e-07,0.00516405063736584
7393,3960,0.340634937282313,0.0555135960072215,2.56148672685001e-05,0.000433271925124927,0.586491490411753,5.95994254710417e-05,0.0168414900808482
9940,9596,0.307740568227539,0.0172931001178016,2.58395304025886e-07,1.24807987863346e-05,0.615098201849675,2.27226205776848e-06,0.0598531183488356
6702,8516,0.100871073580596,0.261462601854919,1.67929484408131e-08,1.34059218931232e-05,0.630545325495831,3.26579312984496e-06,0.00710431056068347
9045,7797,0.0741025743410559,0.0241569862917474,1.77137429020781e-08,9.72736012047004e-07,0.875360723631276,3.98456010562793e-06,0.0263747407260604
3603,5757,0.255508883814125,0.141623882009428,2.7453737634167e-08,4.70876771508508e-05,0.594933955312426,2.52421740326361e-05,0.00786092155910043
6223,1682,0.294398534858092,0.0159890407241754,9.03044891430018e-07,1.88682721003273e-06,0.61396545238625,4.01277595472841e-06,0.0756401693834262
8357,4920,0.251061847318744,0.311234769515066,3.44904991149851e-07,5.43821404684299e-05,0.399640027958004,1.63250561429846e-06,0.0380069956571128
6426,9235,0.126905675545137,0.425786274341195,4.83216556265866e-10,4.62251796142222e-06,0.444862754696458,3.89153620771937e-08,0.00244063350066942
5737,9234,0.160475244944374,0.445279533644459,3.14419895490721e-11,2.29419758281636e-05,0.391545687337672,4.27637179822556e-08,0.00267654930250712
4844,4319,0.198626190966555,0.0657958522291651,1.52766098264643e-07,4.41935011593518e-07,0.685728859368283,7.28561606465251e-06,0.0498412171188224
3810,5157,0.385667868422298,0.0457536800093076,2.65058818053333e-06,2.18291768001323e-05,0.554508019888561,2.02678466975653e-05,0.0140256840681555
5394,5758,0.143410889620029,0.177531500787518,7.82045426499402e-08,7.47340322839322e-06,0.67426996731008,3.05725713721251e-05,0.00474951810322934
6908,9834,0.120752220433217,0.324247395030109,9.24317989815841e-10,2.62525902834174e-06,0.547729329603791,9.48043683586872e-08,0.00726833394516897
5325,5398,0.150957124936158,0.109772943104735,1.09021443042812e-07,6.26175387961374e-06,0.701644782264371,2.41442733937953e-05,0.0375946346460205
8013,4320,0.40657494420934,0.0368660402373003,8.99046025869604e-06,3.16466640699545e-05,0.510658970999683,7.24327316071422e-07,0.0458586831020321
7669,2522,0.21194308299284,0.11007910877356,1.35481910647227e-07,6.42202828433471e-06,0.666747491737723,3.23914910740931e-05,0.0111913674946073
6222,3600,0.25162055895698,0.0124296669181471,1.2381071073845e-07,2.02751520391178e-07,0.68575317453487,4.77679803347402e-06,0.0501914962297381
4225,2520,0.305531397616022,0.0495649797967069,1.18609666324164e-09,6.79890243051471e-06,0.611680301676346,2.04872441411087e-07,0.0332163159499565
5947,2401,0.213014558700235,0.0758827331100343,4.31000496752456e-07,7.12464317014061e-06,0.672512049512685,8.48187677519112e-06,0.0385746211566035
8908,5160,0.322586435177298,0.253886437173368,8.18450179013657e-08,0.000356991459944017,0.387248337395858,8.31738374549327e-07,0.0359208852101391
5737,10193,0.101113278742105,0.434949181345283,3.22017895773371e-08,1.98486572204033e-05,0.44853125717705,1.74626915723993e-05,0.0153689391849787
9595,9716,0.28342048444608,0.0153001789137118,2.32073069389189e-07,6.3800865071974e-07,0.645318442974238,9.31113006668872e-07,0.0559590924712436
3879,4318,0.0632617832147088,0.0592641473026045,5.854298653103e-10,2.94653887431973e-07,0.875871376077541,8.28187524059694e-08,0.00160231534707582
6153,3720,0.260051008209877,0.0207907559562794,9.58022441708832e-08,1.69275667558833e-06,0.67557501129099,4.13220285805684e-06,0.043577303781076
3328,4318,0.0563380199505091,0.238384336276099,1.90478571053189e-09,1.17204966800934e-06,0.699745066207268,3.09266175879238e-07,0.00553109434549485
4153,6956,0.239554019687862,0.297448695294153,3.32214346288773e-07,4.66798306829894e-05,0.449624687278087,9.60789631928887e-06,0.0133159777985489
8979,2163,0.289664926492934,0.00619978733368619,1.07149742367124e-06,3.89125236895236e-06,0.695660014705721,1.25317326747417e-06,0.00846905554459861
9321,6599,0.120592042773614,0.0321792375615903,3.33581218376817e-08,5.54583980634738e-06,0.806780989419252,1.01427533134083e-05,0.0404320082943019
5395,5038,0.157173520002818,0.146434937094388,1.4326461585395e-08,2.4148603193259e-06,0.632077022546355,1.2143226628427e-05,0.0642999479430306
4084,8514,0.0759139917971598,0.404017856488222,1.20077878409238e-11,2.18267914996959e-06,0.518284683994546,5.79947504892632e-08,0.00178122703416379
8562,9116,0.135358203775076,0.244409459931387,6.08545218621552e-07,0.000229868253468933,0.612442451986093,0.000391490996101812,0.0071679165126542
7600,3601,0.423578724709216,0.139147077587009,0.000359592623213979,0.00108111526746114,0.401338270305535,0.0004366438697588,0.0340585756378053
7187,1922,0.277293352241199,0.0334543098749863,4.11195074884683e-07,3.14971448008783e-06,0.678135099257878,1.03987541905955e-05,0.011103278962192
7048,5039,0.172741278305474,0.354251542050077,4.9512835636837e-08,5.78023762947759e-06,0.465167587401403,9.81075437016298e-07,0.00783278141714318
7597,8876,0.16098234185411,0.215536925719328,1.877702852762e-06,0.000148360841351064,0.585174438716386,2.97386647265796e-06,0.0381530812995001
7118,3481,0.440447436629774,0.0439477556027882,8.38489667499709e-06,1.30667083605485e-05,0.497346080342123,3.42724246203287e-05,0.0182030033956582
5946,4319,0.24015476724495,0.0113020879391352,1.31521411430135e-08,1.14026625478066e-07,0.730042058675781,8.56501356063458e-07,0.0185001024600109
9940,8877,0.28364335795282,0.00939949685895865,7.07802775744448e-06,1.53808421588418e-06,0.65229317186417,9.48402891014113e-06,0.0546458731831678
4844,3839,0.310327353622978,0.0555186710676012,7.26943230637953e-09,7.23797991408896e-07,0.608122633279342,3.00136049335187e-07,0.0260303108266054
4292,5517,0.239029097747344,0.347320591775048,1.61028754157468e-07,0.000106202541818363,0.381607304519638,7.42023987528127e-05,0.0318624399886443
8220,3481,0.224226097706235,0.016622488632517,9.58043163813385e-07,3.91649974454897e-06,0.722363034247562,2.7494417583977e-06,0.0367807554290189
4017,4318,0.112017915018162,0.0688717807249304,3.35626623343673e-10,2.27812868467297e-06,0.808180842519918,4.09562925741717e-07,0.0109267737097527
6357,8635,0.0831424574890537,0.357481264648501,1.90402299481204e-09,6.14842983235914e-06,0.550484941049406,8.59218710294112e-07,0.00888432726047385
3811,2760,0.198271411994879,0.115017950522895,3.14846074483094e-11,3.04446649214052e-06,0.682881865160482,1.1050763800502e-09,0.00382572671869179
8770,5400,0.362968121267728,0.185782675377101,3.22452310042696e-05,0.000125749796181901,0.420757268308778,1.25919353409902e-06,0.0303326808256733
4914,2041,0.279886311853499,0.00806455218992619,8.94040039316247e-10,6.22761821020827e-08,0.704934211283093,6.91783363879066e-08,0.00711479232492325
9254,1684,0.121926330223712,0.0128085915639,3.49993230804529e-08,7.738915223626e-07,0.864799678731971,1.12674171267041e-06,0.000463463847859111
7736,7197,0.141107363710762,0.141751441724507,3.28204868060027e-06,6.05864016103241e-06,0.676526673717253,7.60983818985146e-05,0.0405290817767385
3465,5517,0.20995708641822,0.00835531923936488,1.13363659644271e-10,2.00299773434062e-07,0.730212087303432,2.68019969960525e-07,0.0514750386058762
7737,5519,0.232063392627841,0.269461027574801,1.38047160416491e-07,0.000285986416559759,0.477228668282842,1.19020546133649e-06,0.0209595968453344
4498,6596,0.220452593486708,0.257561570321114,2.77968476836149e-08,2.77430274414837e-05,0.499620692396639,6.87028130577675e-06,0.0223305026899433
6083,6717,0.125276515738606,0.0921465605293325,7.08267905242655e-08,8.11864553599751e-06,0.781626271937518,2.22385981569489e-06,0.000940238462401492
10287,3722,0.282099236146659,0.154004117232644,2.59183290556192e-07,2.94350271302291e-05,0.527556757721139,1.96576374009761e-06,0.0363082289253965
7050,1682,0.145295571833505,0.0394703434945734,3.00263147190046e-08,5.2726098272193e-07,0.797039639809572,3.19332552600951e-06,0.0181906942495257
6771,7676,0.148149322094243,0.228584898351849,3.79153729133775e-08,4.22749819000616e-05,0.613002935209599,1.20351248764211e-05,0.0102084963221602
5462,8755,0.250732906788882,0.336794770892927,2.76167561120396e-08,0.000104119062816815,0.400597432745891,3.78457686196146e-06,0.0117669583158652
8289,3361,0.128642768125501,0.00402614850580238,2.93705876689147e-08,8.50221991318431e-08,0.859063533577557,3.21622814730147e-07,0.0082671137755385
7874,7197,0.102254147853368,0.0919845517578953,4.74934129561212e-07,1.45796173768877e-05,0.757316644578908,5.82955575205791e-05,0.0483713057008018
8287,6958,0.100419770604349,0.0655693261008221,7.35195191166293e-07,5.40081928590499e-06,0.776165693677946,7.22724101241469e-05,0.0577668011922812
3811,3000,0.270591210153489,0.184554911617812,1.14887511288772e-07,7.14549790289062e-05,0.527062218351,5.12465678093708e-06,0.0177149653543778
4293,3839,0.23265820841601,0.130973172721785,1.40036041192677e-07,2.5551631791523e-06,0.601002681263242,4.10142138445791e-05,0.0353222281858981
3396,5157,0.424303036992633,0.0554150928224723,1.31313413750237e-07,3.55010413309654e-07,0.487300296538314,1.02997399867852e-05,0.0329707875827672
4980,8395,0.203706784012449,0.405460843533197,8.29510611930607e-08,0.000262601654635113,0.378681889449996,3.79380604038369e-05,0.0118498603382579
8838,8876,0.142748020780759,0.0298454467061468,5.26927377140942e-07,3.7926569874524e-06,0.785813398704734,1.49027809526204e-05,0.0415739114430434
4154,5517,0.317392270403518,0.143217929478751,3.2058672449778e-09,4.07733357041603e-06,0.528285324934367,1.206646401158e-06,0.0110991879975252
8632,7078,0.106491833501833,0.0382128629189112,1.3667307380903e-07,3.97670921790628e-06,0.822083355272744,2.32074323529243e-05,0.0331846274918674
7391,8756,0.16622377693401,0.203277403795606,4.7458168949224e-08,1.93686026898555e-05,0.591653034864221,2.3982878545138e-06,0.0388239700574492
9737,2043,0.274855967319886,0.0550519913069608,1.66902133190031e-05,4.32465453420236e-05,0.631175357840569,9.53781959284916e-05,0.0387613685779943
7461,5998,0.239086545053649,0.112620173540176,2.02892990539442e-06,2.22942750834908e-05,0.606947874748494,4.24409059869183e-06,0.0413168393620937
6773,4559,0.402895718971972,0.00963423717970738,5.78800840941949e-08,7.36424741678504e-07,0.579096768856971,7.46477189882439e-07,0.00837173420933386
8356,7557,0.108845722721205,0.133014480093599,6.34167852631711e-07,7.28702256144655e-06,0.699767241936454,7.99464689906996e-05,0.0582846875893367
3602,7675,0.135467858650403,0.347535796080046,8.54578535554038e-10,1.57605447243506e-05,0.498187472035641,5.89872640978057e-06,0.0187872131081977
3535,4678,0.109526050833689,0.0651773051933464,3.47102957834307e-09,1.73423201946056e-07,0.819221421999483,1.97915840515801e-07,0.00607484716340987
6497,4080,0.340659789735399,0.026851788258821,8.62935340497314e-07,6.34462466819101e-06,0.60542349873239,5.19043703450343e-06,0.0270525252763475
5465,2281,0.332557801765611,0.0270003953205034,4.53565192028181e-09,5.85262393177309e-07,0.6295232640105,1.64507663097851e-06,0.0109163040287096
3741,4558,0.0255534360754701,0.0663379996543915,4.34539528780242e-09,1.53327617258116e-07,0.90325401425178,3.13435404723932e-07,0.00485407890994127
6429,3241,0.430817552617151,0.00680602590552786,1.85991517142474e-05,1.80432391533099e-06,0.483693786431119,4.03378144381229e-05,0.0786218937561345
7530,5639,0.225898977134163,0.187050230146067,1.60294827566025e-07,0.000192790894918645,0.569366281062656,1.16602121087143e-06,0.0174903944461567
5671,3840,0.25535843487592,0.0232918371593453,1.58051542891457e-07,7.10999690902304e-07,0.686696762225558,7.3554774227211e-06,0.0346447412105207
7531,3001,0.269331365716875,0.0406600290661228,1.01046125849262e-07,1.88803739321018e-06,0.683374822027496,4.96753749191824e-06,0.00662682656849451
8288,5999,0.2151040163302,0.00520367761275246,1.14905620965651e-06,3.28094336908801e-07,0.712865134366648,2.53796093302825e-07,0.0668254407437597
7670,2282,0.288085506040585,0.0898642545701783,6.16383205283376e-07,3.87757351333079e-06,0.606579854372869,2.0713608369124e-05,0.0154451774512804
6083,5998,0.231287853446564,0.0539664514076388,8.12561633076112e-08,1.75861541153214e-06,0.71206283867283,4.48352047669143e-06,0.00267653308091597
4221,9953,0.156021547153809,0.107870023710648,4.89925691870891e-10,5.59360454773839e-06,0.735780435180835,2.88270313296089e-07,0.000322111589920453
7116,8036,0.204704875888868,0.151445699548406,7.71282338801286e-07,3.96242660502623e-05,0.627951528581533,6.34441357160081e-06,0.0158511560192329
5875,9474,0.12177146508887,0.444031149498772,6.88923474990824e-10,1.4955270779511e-05,0.428664356825234,8.88752456245898e-08,0.00551798375217454
3880,2160,0.189040104175555,0.195650251618346,3.54776650910058e-09,5.75961180949518e-06,0.591543473530318,1.22190877613528e-07,0.0237602853253267
8218,7078,0.0996137721675713,0.0373504681038902,3.41639873907422e-07,1.41443724238837e-06,0.828246819095723,4.350591986588e-06,0.0347828339637129
8907,8037,0.0723582907599971,0.0596931887670425,2.15921409155769e-08,2.05680965015006e-06,0.81184117033328,4.65039493624286e-06,0.0561006213429532
3465,6236,0.2899304706154,0.174406951659655,4.03414654079362e-08,1.59506366032508e-05,0.509609106500215,6.0355321586536e-06,0.0260314447145024
4979,10073,0.190390745921073,0.476791617340017,4.94946686585432e-08,9.82135437950702e-05,0.320131565969933,1.15525169646963e-05,0.0125762552135488
3398,2280,0.190682606809241,0.0580690186890942,7.75808106178505e-09,4.11488827933672e-06,0.73255666845876,5.25166057807992e-07,0.0186870582304862
7531,3721,0.368654758445378,0.0455436726295131,1.39979750316908e-05,0.000109756990405673,0.569746259158982,2.05054633880613e-05,0.0159110493373013
5531,7196,0.207999653056419,0.235834452206778,9.10182400576871e-09,4.01289641403233e-05,0.549071433038683,1.93270910770543e-06,0.00705239092304884
5531,7436,0.202683836379623,0.323464067411363,4.23889918536e-08,6.99395227453713e-05,0.461853543285379,5.87380709021048e-06,0.011922697204808
7670,1563,0.075690739547308,0.0783250361030468,4.50308535204979e-09,2.19494893644648e-07,0.838024246765729,4.29819175874586e-07,0.00795932376676184
10010,6119,0.473824504160016,0.0337766938490075,1.51703542057365e-05,1.74451221617611e-05,0.450037613525018,7.94034188175504e-06,0.0423206326477097
5599,10433,0.132441137178303,0.389901827637855,9.11351619689359e-09,1.52243051283714e-05,0.464844529278511,1.59765771417445e-05,0.0127812959095456
9185,3002,0.0991763403646533,0.0508157717006371,2.25574549460721e-07,1.0460088496087e-05,0.794069786626641,4.15371547175105e-05,0.0558858784903055
9733,8757,0.268497039028675,0.0379768652364001,3.87778752514064e-05,3.90951865737761e-06,0.655605831205593,0.000104470989068025,0.0377731061463554
9322,3961,0.372075912005748,0.0600714515349468,4.94394339257849e-08,7.40920951003059e-05,0.526466579823374,3.86565518715684e-07,0.0413115285358782
6772,6957,0.280370956604796,0.0595266659924093,1.01822482311677e-06,7.80345034193372e-06,0.584959754326242,1.76090361796125e-05,0.075116192365208
5393,7915,0.233462438369233,0.430634436659035,2.1927889712862e-08,0.000497223083377641,0.31455137965174,3.23837787077517e-05,0.0208221165300169
9943,2883,0.27400452102867,0.404806638174269,1.2439414485308e-05,0.00277500669288162,0.300475608123626,0.000442093822485884,0.017483692743582
8356,6838,0.115202003950787,0.0688126878627019,5.83525143887015e-08,1.33985848963252e-05,0.798695899071394,1.51664888136118e-05,0.0172607856888925
5740,3960,0.207459821821496,0.0124221914451335,1.70545676227528e-08,1.77973690595886e-07,0.746804165934257,5.37715365236045e-07,0.0333130880554905
8287,7437,0.0904110054679315,0.03617593735351,1.89660224050708e-07,3.54244943598587e-07,0.839660556913643,1.26250333844099e-05,0.0337393313263633
3396,5637,0.345578677733458,0.055095072834019,1.75319331684456e-07,1.05869672345077e-05,0.577261607739913,3.70148400023991e-06,0.0220501779220441
5254,10313,0.122250809519913,0.483635995506377,9.82663976728833e-09,6.47837570187876e-05,0.382534576618399,5.29975329363932e-05,0.011460827238715
7047,7677,0.254082905283109,0.00623276323385435,4.68288990054541e-08,1.3531239368161e-07,0.715203835394027,1.82108558874125e-06,0.0244784928621288
5395,4319,0.226314911807382,0.0333516868038946,1.12262760604048e-07,6.86226898058528e-07,0.701856912345008,1.71666705751596e-06,0.0384739738869992
5464,4439,0.108121340758666,0.132219782018396,4.52854490801119e-08,3.30699479383421e-06,0.679888265203095,1.74324352371947e-05,0.0797498273043633
6426,8755,0.0464456441368689,0.38329458191132,8.99566264462317e-10,1.00740012254576e-05,0.559639111041261,1.14063410670316e-06,0.0106094473756518
3673,2760,0.208398527064858,0.190236930923324,1.36810541551366e-10,1.11878115240023e-05,0.593774036187251,2.58146347662079e-08,0.00757929206159836
5600,8515,0.204680084264484,0.430446684420361,5.4054209562768e-09,0.0001649040372244,0.352974434809111,3.58517725417642e-06,0.0117303018861442
9253,3841,0.481452859955555,0.0717936687628703,1.52092289865107e-06,5.74350198944589e-05,0.409788916571346,5.82714736061311e-05,0.036847327293829
9185,2283,0.301960461038757,0.0227025617631128,3.78111354454233e-07,7.98928839468631e-05,0.651645985219173,1.3674085093147e-05,0.0235970468985626
8427,3361,0.135586044199846,0.00343971586756172,8.9808723178724e-09,1.42280059842425e-07,0.858052820894375,1.48119800122346e-07,0.00292111965748459
4017,3599,0.247754173666948,0.00457185742230233,1.10943621169293e-09,5.22592728836403e-08,0.744794560110078,1.66484282463226e-08,0.00287933878353368
7323,5759,0.227175007309709,0.111564777161294,1.5212430387472e-08,1.69381135000199e-05,0.640233629585411,5.55779639917657e-07,0.0210090768380153
4911,8035,0.219409803753339,0.392062647492613,2.04678753621494e-08,0.000158986505075713,0.369696101439151,8.47481359225342e-06,0.0186639655283534
6701,9475,0.0805162943541909,0.404639452471027,4.67395390740317e-10,2.75572862414522e-06,0.497408970425757,6.21358725420593e-07,0.0174319051942804
8289,2882,0.153130672967999,0.000617091709702166,1.45395487117103e-08,2.04907007059602e-07,0.842007391665625,2.99026159918232e-07,0.00424432518395829
4361,4918,0.171951380973072,0.0184237914841164,7.87260474724261e-09,1.30798498472078e-06,0.792544806617408,2.31909989078068e-06,0.0170763859679232
8152,2163,0.448235209252904,0.028633326301296,1.82395445216655e-05,3.00883042424595e-05,0.508443921395373,9.00676285243465e-05,0.0145491475731389
5531,8635,0.170268756165383,0.440905947946381,2.10982084352783e-08,0.00012984984590914,0.369044330039291,1.21528353683136e-05,0.0196389420694588
6150,9474,0.149628707643888,0.339910103393782,9.38064110848303e-09,1.54139985711741e-05,0.497099322621874,9.10290417922057e-06,0.0133373400570651
8149,7677,0.0188958310715643,0.0590100593695246,4.1765410527667e-08,8.85064499939156e-07,0.895764761033056,4.54737934232978e-06,0.0263238743166026
3534,5397,0.279412174754013,0.0312255248856485,1.92030552123558e-08,2.12969271367007e-07,0.64606676933544,5.4183171654797e-06,0.0432898805354069
9666,4801,0.41553744529953,0.138567614962504,4.39022752447734e-07,6.72168837320529e-05,0.363946449727172,3.21569584051283e-06,0.0818776184084681
3190,3838,0.143869729733226,0.125632123886007,1.41992692664199e-09,1.69378999518997e-06,0.719313170207613,4.93743193420707e-07,0.0111827872200375
4706,3599,0.393739722142259,0.0019606260160905,1.11810660339898e-08,1.98135780461689e-08,0.600415936025511,1.83715226522846e-07,0.00388350110626932
6567,3480,0.397830146938318,0.0422050458372866,2.31977993800393e-06,1.23226322930224e-05,0.537866820224725,3.86017082211786e-05,0.0220447428792176
9321,7318,0.120309109367666,0.21252721720741,6.79501120337961e-06,3.81222312893962e-05,0.607918687509419,0.000806439646687078,0.0583936290263248
7188,1683,0.0799087039185105,0.0301405711488219,3.88763007718915e-09,1.16812394147471e-07,0.876993189990913,4.12341999579177e-07,0.0129570018997312
5187,7076,0.220965468126913,0.268991716834969,2.3875978169798e-09,1.59336611330516e-05,0.500217796001109,7.83062280491085e-07,0.00980829992599761
9941,6239,0.393806981637025,0.0289333443623231,3.95953766964019e-09,1.35076221780368e-05,0.550864744882048,9.84625096832494e-08,0.0263813190743785
4567,7675,0.253978977068467,0.34535449450459,1.91984807944659e-08,0.000219068711244455,0.387599972007463,5.8425247317042e-06,0.0128416259850234
7806,3961,0.408110237697435,0.108588548677418,0.00147821492816035,0.000158130771919039,0.447826434759304,0.000188588523787729,0.0336498446419764
4775,4199,0.151372269576094,0.040392901415122,8.91463596526789e-09,2.00598583057952e-06,0.743637726385818,7.57232115045021e-07,0.0645943304903847
9460,3002,0.0508274183917359,0.00444962810899414,8.42685298305474e-09,1.07292225025064e-07,0.896834435746991,7.51711180949934e-07,0.0478876503220201
3811,3719,0.190812944522318,0.207205972600447,3.63778977914102e-08,1.05370444374851e-06,0.573242199756469,7.37505107527172e-08,0.0287377192879131
8424,8636,0.296989473238937,0.0261077930651099,4.62896617269611e-07,1.98414935897375e-06,0.664059669522881,8.7771234336049e-06,0.0128318400036613
5808,5278,0.127774111899246,0.0793072408313232,3.07775500561633e-08,5.02800478074074e-06,0.753888484973124,2.47136200024311e-05,0.0390003898939732
9046,6119,0.355606397254229,0.0669251772002154,2.65462638777036e-07,2.95044684376423e-05,0.535555151600312,2.28936560105589e-06,0.0418812146485665
9183,7078,0.0495145926851159,0.1156278123925,5.44045743989012e-07,3.38914023955094e-06,0.77750913798728,2.70632211705064e-05,0.0573174605279502
4567,6716,0.177385645824427,0.302241946304695,1.14639759515885e-08,1.81193409087959e-05,0.508945360758523,2.74144833444095e-06,0.0114061748591351
7873,9116,0.215284504025756,0.0772137758946986,1.49034434225946e-06,2.02122006314991e-05,0.678627495620092,1.69106165853143e-05,0.0288356112978944
7737,4320,0.469857815493116,0.157490035827823,0.0031679920692038,0.00747772285296863,0.316484673642781,0.000522560274534912,0.0449991998395722
4704,7436,0.25606025895774,0.386117822987408,6.14764863451475e-08,5.67732133428283e-05,0.334547225912182,4.20787216347249e-06,0.0232136495806772
5878,2521,0.203855815706251,0.00359403558743208,5.47720089814678e-09,5.35640657450274e-07,0.782584843070951,2.307991578764e-08,0.00996474143759182
9321,6359,0.22637660824599,0.123055338647804,4.1923566627964e-06,2.01521930272574e-05,0.594442118574954,0.000151829906139899,0.055949760075422
5187,6597,0.238478059139694,0.203728765234424,6.73606661591612e-08,3.90871753839026e-05,0.549209359365287,3.80257966857716e-06,0.00854085914487635
9527,6958,0.19828082570936,0.00759045075495632,1.14219701471464e-07,2.0947120460909e-07,0.761965743173949,5.94218273486237e-06,0.0321567144880936
8356,8037,0.0588725400225753,0.0334071851275083,2.41901698661519e-08,2.18193443773513e-06,0.876275953190353,3.30270562400229e-06,0.031438812829332
4980,6716,0.135229895311711,0.288631715788831,5.63814190862711e-09,9.43062676762199e-06,0.571576800224387,3.5843157868804e-06,0.00454856809437341
8634,2283,0.274974063697402,0.023090776546103,1.89808249051004e-07,1.19345489035241e-05,0.693622383452815,9.23719411497843e-06,0.00829141475241282
5601,4919,0.128899386402097,0.146884576484204,2.75580754185893e-08,1.23790512844074e-05,0.679985388924097,2.04746637677236e-05,0.044197766916474
4703,9833,0.0788259195574062,0.412745645106794,2.50091809046748e-10,1.52621489235752e-06,0.499271745534197,2.30911979090648e-06,0.00915285421682686
8564,4321,0.339059831105976,0.227080766819301,1.00730275828825e-05,0.000770816804034747,0.405348803593317,7.44094763712541e-05,0.0276552991734177
4705,7196,0.246584491183627,0.40047122074466,1.27276633454236e-07,0.000269090510097422,0.327408259692226,3.103530318264e-05,0.0252357752895745
7046,9834,0.0620703055641779,0.446424278319139,7.59146086625957e-10,6.95545205783409e-06,0.485881430564511,5.68720055283475e-07,0.00561646062091286
6289,6597,0.386431955823924,0.186023254394535,7.54776280594567e-07,0.000235907760864991,0.415239083673405,9.80260469319469e-06,0.0120592409662974
6429,3960,0.356297289270631,0.0250549900859018,8.07621469394816e-06,2.82306818884379e-06,0.593077663301772,1.30593133328392e-05,0.02554609874548
4774,6357,0.118944809937299,0.157336578260793,6.00515308958393e-10,2.6776996511578e-06,0.721692622997213,8.22624836371682e-08,0.00202322824204447
4015,7915,0.173510968699476,0.338292404482567,1.24602629254316e-08,5.05946747117747e-05,0.481490240021806,3.13661926334164e-06,0.00665264304191317
4705,5757,0.0662909044893154,0.133543626889703,2.0561622381191e-09,7.22832696256657e-07,0.798425180087458,2.15219441515062e-07,0.00173934842522302
7735,8876,0.202526597746901,0.27288485597608,6.81038272317709e-07,5.97785155889329e-05,0.500989991746996,3.5354134630055e-05,0.023502740841531
9047,2762,0.227478722406858,0.0242838915043056,1.58846956196172e-08,1.95865088069621e-06,0.734889187054619,1.71093960661058e-06,0.0133445135590347
9526,9596,0.338018018702293,0.0177414154645746,3.88976000931303e-06,1.56987875098806e-05,0.591316513053451,2.18595721642568e-06,0.0529022782749456
9319,9716,0.207481657503714,0.017737512686534,2.26471566708494e-05,8.66820406818303e-07,0.721313657204439,1.83669943548358e-06,0.0534418219287993
5254,10553,0.16477861384557,0.411054132407983,2.38856230012832e-08,4.30999846178391e-05,0.408710599956897,1.0492114486525e-05,0.015403037804823
5462,7796,0.260776345395859,0.370634909634609,1.49160997029796e-07,0.000118371960342317,0.35044084746819,2.27224366990048e-05,0.018006653943304
6912,1682,0.148160334559102,0.0368031664050369,1.4539795058943e-07,7.81051684434318e-07,0.795304901151692,9.63543613330462e-06,0.0197210359984013
3672,4438,0.046581916795671,0.0751899380577865,8.9083981469647e-10,9.5442994047973e-07,0.875655511145289,1.28864890623521e-07,0.00257154981558285
5187,7556,0.302878607633091,0.332401588730063,8.19486815643665e-07,0.00023522621724161,0.343358190851273,2.16481838807943e-05,0.0211039188976345
8978,3122,0.224105670113209,0.0919646035901237,2.76257056973041e-07,4.46329478630523e-05,0.663872503487081,3.77137457586607e-05,0.0199745998589077
8079,9715,0.22858887593043,0.00979995379570472,1.1031174921082e-05,1.19511951824896e-06,0.675001028983792,3.78429313810768e-06,0.0865941307024956
9733,9476,0.306113546451572,0.00244297005691063,3.57029088968737e-08,9.54234904191366e-07,0.650048586303362,4.92556125370492e-07,0.0413934146942174
7324,4080,0.302203091636066,0.0739217775724458,1.34651031732743e-05,2.16592200314452e-05,0.614646368822999,4.75779200017188e-05,0.00914605972528237
6291,3720,0.295964205640785,0.00551662006633282,6.97398601834309e-08,1.33432769242854e-07,0.661536080975899,5.33733789525613e-07,0.0369823564105635
6290,5398,0.129252123301385,0.08143976787515,8.85522894158837e-09,2.54736595441338e-06,0.769495827085365,4.86056999029202e-06,0.0198048649469264
3741,4078,0.127520790235492,0.357919618150594,1.05780455715406e-10,6.22002542013401e-07,0.510500302453835,4.31532259599393e-09,0.0040586627364336
7738,2402,0.263216861905674,0.18129590074874,4.15705041621722e-07,2.51645110837982e-05,0.534356614772667,6.32436492337176e-05,0.0210417987075593
4015,7435,0.256304595177589,0.332165254157915,1.30577830306123e-07,5.85611304307067e-05,0.394851924756598,1.98129242903237e-05,0.0165997212753473
4360,6357,0.188800448350511,0.292124955206148,1.27174093196591e-08,5.94256092504737e-05,0.497408531457353,1.07536986639308e-05,0.0215958729606639
9596,7558,0.0881687930062387,0.118491635343485,1.31599653283463e-07,7.89400453412912e-06,0.737075337232559,0.00014667778908483,0.056109531024445
8287,8157,0.0337322229468372,0.0154578157416232,1.39062754828405e-08,2.16835495624678e-07,0.915498662513905,1.96729491727173e-06,0.0353091007609459
5945,7196,0.144511170803018,0.199864803423227,2.98348543914926e-10,7.23283963974767e-06,0.653470753327041,1.35829817523418e-07,0.00214590347890722
6498,2641,0.135553364159519,0.00523975907770902,6.7276605300197e-09,1.49499592572063e-08,0.844550182933388,7.07613506419234e-08,0.0146566013904137
6153,3480,0.222518811600192,0.0356210170608919,2.92385764387593e-07,1.47114500868479e-06,0.662180696095115,1.69994032648638e-05,0.0796607123097623
8286,10315,0.168166122154275,0.104636181216295,0.000135744197199805,1.26748870963736e-05,0.718651956979641,5.40439167609065e-05,0.00834327664873188
3811,3479,0.152954409036656,0.127868471940974,7.647580796852e-10,8.66803787106569e-07,0.712242973957781,1.69117585455085e-08,0.00693326058428499
8013,3361,0.278943346574263,0.0154510535904943,8.14245912644301e-06,5.20977139409675e-05,0.688786385488829,2.54480549643654e-05,0.0167335261183825
10146,9236,0.354764857543498,0.0199903655457696,4.41006413974716e-05,3.92129000663572e-06,0.574758246586649,6.25789562680564e-05,0.0503759294364105
4913,4199,0.213706669423263,0.118077307400306,2.47204910884868e-08,3.31130647630536e-06,0.634538644719764,1.63599284134138e-06,0.0336724064368589
6770,9595,0.0618156048634209,0.275717782775187,8.82170041779863e-09,5.37610065533413e-06,0.653435003850574,6.50483037033903e-06,0.00901971875809213
7186,4799,0.30097893589086,0.135763117696041,3.1988389301006e-06,3.45372142079675e-05,0.542149496485024,1.34002790291293e-05,0.0210573135959076
9872,7558,0.113317753910676,0.07390486248564,8.55931230211209e-08,5.09128812741035e-06,0.764520065350996,4.35477784316157e-05,0.0482085935930067
5669,7196,0.172512624650132,0.215580600285128,2.1147396875821e-09,3.03719206099533e-05,0.608891624372553,2.20288765821898e-07,0.00298455636807178
3946,7795,0.18300271017318,0.32429510466006,1.49971181284969e-09,3.82751967216458e-05,0.478175545106317,4.19903988462813e-06,0.0144841643241249
4567,6956,0.191184110820412,0.304799028504088,5.20814044158896e-09,2.16070688831733e-05,0.486161766131426,7.41312745719118e-06,0.0178260691395939
7944,4680,0.17080813770201,0.00229843949571443,2.6613910333722e-09,1.00076640704162e-07,0.81890008188038,6.03643563564532e-08,0.00799317781950727
6152,5638,0.138661992071179,0.0321317588030162,1.04844281679274e-08,2.16155441540592e-07,0.781938317405546,7.24341667746555e-07,0.0472669807387211
7463,2881,0.217897341597553,0.0687648652317708,4.71298076201426e-08,3.34349286515817e-06,0.694786872176164,8.31835264397382e-06,0.018539212019195
6360,4080,0.325160513566366,0.0243854858217123,1.08046389480077e-07,7.90531502689799e-06,0.630771228688817,2.54268856752749e-05,0.0196493316760134
5185,10433,0.18201876410456,0.382471630101978,3.61665641301875e-08,3.17869422132377e-05,0.427269634883903,5.4120876943377e-06,0.00820273571308727
8562,8157,0.116216554946703,0.0272789500985755,4.12730697669062e-08,1.27580623747195e-06,0.801491241561677,3.93452852681624e-06,0.0550080017852103
10008,9716,0.358948990896188,0.047444379114776,1.93790943146609e-07,4.08340931222448e-05,0.505720012829634,5.80167197800633e-06,0.087839787603358
7460,8636,0.261188221043901,0.107030001798688,8.10901579529404e-07,3.25115193433775e-06,0.595527730046314,1.36065390047107e-06,0.036248624403682
6498,3600,0.3547647493927,0.0520231675131464,2.87615326125011e-07,2.8708715682266e-06,0.577453266044373,1.19259309212901e-06,0.0157544659697947
4291,7435,0.267592014045192,0.414686218552594,1.14073929533991e-08,0.00017493546400311,0.296822834706358,2.202719607557e-06,0.0207217831048524
8906,8996,0.142846115073555,0.0489645669835852,1.2257362112394e-06,9.85043099723197e-06,0.776578156605029,1.95234423693975e-05,0.031580561728253
6495,8156,0.180944646654232,0.355941094310023,4.65096031472656e-07,3.54622333537389e-05,0.453892215905312,1.96748390278248e-06,0.0091841483171447
6427,7556,0.169685159838298,0.208318267763198,5.57653072810919e-06,5.42738522169573e-06,0.601575957045383,1.72819252986421e-05,0.0203923295118727
5257,4079,0.246484546981436,0.0102873000555436,3.94666539662206e-08,2.30063785556488e-06,0.731972002730704,1.0103216006822e-06,0.0112527998062062
6773,4320,0.450200452565329,0.0650288403342766,6.78002794328047e-05,3.44500040452422e-05,0.454823982030118,0.000425960838735504,0.029418513948063
7668,5159,0.43226497109762,0.104504853412342,1.20791609559058e-05,0.000284458088521648,0.434316628133054,1.52077594636342e-05,0.0286018023480425
5255,8395,0.220637505980555,0.415019842701507,6.26989250227132e-08,0.000129801857860353,0.352055035909079,2.61746788839e-05,0.0121315761731897
4428,8634,0.0723219306754696,0.385367212545408,1.15945930445207e-09,6.85201305713618e-06,0.533161912077363,7.15031443172361e-06,0.00913494121481066
4222,6836,0.190624014117034,0.293185644876475,7.51082038071536e-09,3.97749504129907e-05,0.508900410143411,5.73132604158653e-06,0.00724441707580464
5185,10193,0.11301490275363,0.548586262751465,3.42037042622702e-08,0.000170489523352229,0.320893591361955,7.26046708948885e-05,0.0172621147349991
