"x","y","Proliferation","Astrocytes","Neurons","Fibroblasts","Epithelial cells","Endothelial cells","Neutrophils"
9389,7438,1.41112562406349e-07,0.070867679774635,0.436385942416979,0.102930239677093,0.00212412540183745,0.229558579152911,0.158133292463983
5327,1802,4.66305485224638e-09,0.00164422668202984,0.398714781220063,0.185616208734336,0.0111790886649227,0.324103347192966,0.0787423428426282
3670,8514,2.06482915780635e-08,0.000317565453958058,0.00743870065253908,0.0166566790104773,2.70490415377855e-05,0.84680019872544,0.128759786467757
8840,3122,1.42406847356899e-07,0.0108038130278708,0.169751656578562,0.0290619391940656,0.000795104246442937,0.60994498252737,0.179642362018841
5323,10193,0.000149307525616354,0.0199591791630206,0.306338935631431,0.155561110625334,0.0225556916272219,0.151845611778496,0.34359016364888
9044,8756,4.63799311211998e-06,0.00845502326264498,0.445082111209173,0.00555461564783313,0.00246998244083049,0.483229855840777,0.0552037736056298
4292,6476,6.98874990336976e-08,0.00239030145848599,0.435565055752879,0.20129137959464,0.000465913629956105,0.191339935564951,0.168947344111589
5255,7676,0.000739318088962004,0.0126223695904627,0.392719347693216,0.138309219398455,0.027753484817883,0.240932112105325,0.186924148305695
8080,9235,0.00010829397364065,0.0689447748106264,0.246112294432784,0.242381294331653,0.00820662641006497,0.264623039910691,0.16962367613054
3672,5877,0.000164981835414546,0.0193974411417711,0.451444972490394,0.130519442497799,0.0108371644296898,0.249985396860811,0.137650600744121
6774,2162,8.00918732163064e-07,0.000578897316569657,0.49296674846531,0.224196764484909,0.00506093009195998,0.21728519718137,0.0599106615411489
7806,5639,3.81021077901169e-06,0.0171141798430937,0.0633384348645108,0.00366500811857479,0.000418955737772548,0.77674340875931,0.138716202465959
9805,1924,2.02861277385823e-06,0.1056384517104,0.25209523458058,0.108004112434269,0.0149562565544382,0.216117719263076,0.303186196844463
8631,9236,0.0751894382777002,0.0510082931998847,0.27603887930649,0.288526212320068,0.0132386401928454,0.0370152280015213,0.25898330870149
6426,9474,2.35553110190228e-06,0.0247092997679861,0.0421953548323672,0.0885970437213533,0.0007376284866306,0.771841146192235,0.0719171714683255
9943,2403,4.83526282818159e-05,0.0382356570493402,0.304754315770618,0.179250947914828,0.00660587908601148,0.0425595448636647,0.428545302687256
7184,9355,3.75406239144756e-06,0.0122439596100165,0.449902596026675,0.0918039061617109,0.0173694908220676,0.372337310922213,0.0563389823949255
3671,6836,3.28992903111239e-07,0.00172329164636955,0.301503397167226,0.240264676296451,0.00181383740166398,0.126170166558188,0.328524301937199
2499,9113,4.31763733736537e-06,0.000977314590155018,0.248412686931968,0.438994600677864,0.000393634417300812,0.176535249379703,0.134682196365672
9595,9956,1.21167658291851e-06,0.0120932543215348,0.0828317727246567,0.133492960660558,0.000208501432552339,0.627498220616732,0.143874078567383
3397,4917,1.92210556742134e-09,0.000102983239155394,0.164884416933077,0.0382827585758171,0.00665679090132837,0.788973028965828,0.0011000194626889
6082,8875,4.72722753469659e-07,0.0162620997017537,0.0158368438916881,0.01568451122956,0.000372773559223764,0.901994881026723,0.0498484178682981
6151,8036,1.93757750623321e-07,0.00571372919245439,0.171558172611858,0.103888795536102,0.000554396287102009,0.509850414423933,0.2084342981908
6635,4320,3.36922312787629e-08,0.0014632099902604,0.45162669457003,0.0913902096485585,0.0128019596484729,0.231389550535379,0.211328341915069
4155,4318,2.55320736553445e-07,0.00429475596906031,0.195796876436884,0.0114406151736328,0.000174732362212936,0.721262577537412,0.067030187200061
9667,2643,1.60590169821191e-05,0.0941442713895054,0.375482564297526,0.0472206657735681,0.00975757068702711,0.175095868614269,0.298283000221122
4222,7555,0.000102730834271678,0.00759749346089829,0.277792550926648,0.268563872918733,0.00963973208217488,0.152541115390759,0.283762504386515
5947,2641,8.16344557183889e-10,0.00402801478838206,0.385894801428282,0.00828402625973204,0.00644921355032822,0.475615127782833,0.119728815374098
3396,5877,1.91924007162361e-07,0.00456666504323836,0.540266419448851,0.0521623805798462,0.0219399051554646,0.0586007178468657,0.322463720001727
8839,6718,1.29056789715011e-07,0.0601395199355106,0.356163734120154,0.151111178535606,0.00419352974695283,0.223275766623054,0.205116141981933
8977,6479,1.51559031387568e-06,0.0564278143483438,0.0175119818033574,0.00332849863865413,0.00222098227294059,0.693704337309753,0.226804870036638
8427,3122,6.91961961071821e-06,0.0384604386284486,0.266594396462098,0.00962579018302145,0.0103805597661573,0.42363942196859,0.251292473372074
10286,5161,2.49662935594452e-10,0.000446991632353101,0.00313481309375317,0.000982415192943864,1.44089976560163e-06,0.810753697290904,0.184680641640618
7116,7077,8.66874933760866e-07,0.00989979124140014,0.0174408067676676,0.0272398555182257,0.000114801814553615,0.696234223437549,0.24906965434567
9666,5760,1.54253676854785e-08,0.00102002506025045,0.00528517000135663,0.00729126739214735,0.000169854989071853,0.598328911923341,0.387904755208465
7805,7797,7.01444320955111e-06,0.0922437596664659,0.14673956671614,0.0548140935111975,0.00768977270774172,0.438044710011717,0.260461082943528
8355,9236,0.000403561849599937,0.0991110001611089,0.519260113953488,0.0851859774988005,0.0222382174680121,0.127716553541053,0.146084575527937
9320,7798,9.29305846922737e-06,0.116901699713371,0.478374643096906,0.0542180497328913,0.0099397679896158,0.0751718993642747,0.265384647044472
10011,3962,4.58046458184544e-08,0.00973725506841669,0.104146623995462,0.00271358420126451,8.0702657230181e-05,0.645057974675245,0.238263813597735
4017,3359,7.91760792093665e-06,0.0616983632004061,0.361108150147625,0.0467112937968052,0.00264072002504677,0.362030121902922,0.165803433319274
7118,3001,5.44853684909056e-07,0.00428416028831564,0.418171784132302,0.280875222347119,0.00158215965260095,0.253084910164198,0.0420012185617791
5877,5398,8.55199386455099e-07,0.0354091768354851,0.509392661354955,0.129230010677809,0.00902578041204327,0.0429507407588427,0.273990774761479
6359,5518,1.18263623997386e-05,0.0253296535310207,0.48647331401238,0.0120892713184869,0.0682982355315568,0.0933928147216104,0.314404884522546
8289,3122,4.55586699436337e-07,0.0557057323468178,0.346297682362734,0.00581894642627767,0.00822028175486468,0.146237752478678,0.437719149043929
4497,8035,0.0359047206329395,0.023857735504069,0.299119985688444,0.150504708271723,0.0391638721906578,0.0984958027325118,0.352953174979656
3674,2040,3.20907221174211e-10,0.000153134610588148,0.000475086901080565,0.00125702903936246,7.08588534089212e-06,0.831918588584419,0.166189074658301
8565,2163,2.35479057869883e-07,0.0119967461049789,0.428225641698043,0.0793927769041066,0.00962398486679156,0.322241819156198,0.148518795790824
4636,7076,9.17691868071517e-06,0.00612701690715966,0.379949021459759,0.189417279153476,0.0218973915263344,0.209559819856127,0.193040294178462
5257,4799,9.85130812982298e-10,0.00544735515742326,0.452388538138579,0.000643140367852571,0.00306404665104154,0.443014545655928,0.0954423730440451
4910,8754,0.0122734092431797,0.0329760729362412,0.170009451221176,0.169965451756959,0.0135293599196692,0.367879657492302,0.233366597430472
4086,4918,2.7671062083042e-08,0.00307388512314245,0.239929542665686,0.00882909215779606,0.00189352335063791,0.413203724299011,0.333070204732664
8769,7557,2.57491730073725e-07,0.128519655676802,0.405861955659462,0.0863906667712394,0.00743983507786772,0.104668544295259,0.26711908502764
6843,2522,1.72538827451021e-08,0.00118236123594641,0.379632616408553,0.308247443752997,0.000523183595272061,0.295033689315521,0.0153806884378287
3809,6836,1.38478250535676e-05,0.00600018585257697,0.336636270221238,0.052593560016606,0.0100835054015805,0.35810530012085,0.236567330562095
4707,2161,1.85230171905212e-09,2.03175741419098e-05,0.00889108204470946,0.00561164520860535,4.32229270212525e-05,0.976488801199148,0.00894492919407186
4497,8514,3.83383089178703e-05,0.0428500138050368,0.264875136438131,0.0921956394012719,0.0179138613187241,0.374523215848468,0.20760379487945
4499,4918,3.49358936496161e-05,0.0200976163335391,0.337380583190706,0.0837185793273315,0.0456015794419573,0.242018898441152,0.271147807371663
10147,7318,1.0383839602775e-06,0.0773158327627355,0.525184000683977,0.157827921071852,0.00266791008715168,0.040461783685649,0.196541513324675
10149,3482,4.26914267010175e-09,0.00234089734712591,0.181435940150897,5.49375472583865e-05,7.8344638111572e-07,0.791988461312141,0.0241789759270543
5944,9115,8.7482044152603e-05,0.031388471832627,0.179481223901693,0.161063472310129,0.00984385601363066,0.355374570388041,0.262760923509726
4016,5757,2.98145749540688e-09,0.00146801658507154,0.415816968434762,0.0586806051825011,0.00362261905827541,0.332972378990557,0.187439408767375
8703,2163,0.00041532043984508,0.0759482739502733,0.259207004741229,0.0494466110929038,0.0394082187348077,0.212847834279273,0.362726736761669
4431,3120,5.09043760434122e-10,0.00302954887252768,0.506395391812702,0.00412713164697914,0.000911913743826732,0.435679463793349,0.049856549621571
5051,3240,4.25562798894342e-05,0.0218872796943373,0.419406712054663,0.0200606042201814,0.109933662535809,0.312208680150812,0.116460505064308
5324,9474,0.00177982268429681,0.0234378448298632,0.0892183057881316,0.25495760607412,0.00361788420097459,0.352262183444818,0.274726352977796
10147,8277,1.89264929720957e-07,0.0333403500714787,0.530687915509308,0.142062631362841,0.00396392852968178,0.123283671442037,0.166661313819724
6425,10434,1.23822055461095e-07,0.00176004675986728,0.284796702164992,0.0908616533245624,0.00149356598324771,0.551409059783766,0.0696788481615087
8977,6239,1.5830151274806e-11,0.000328710757273574,4.16899952545142e-06,0.000149270494768991,1.49574660634858e-06,0.877965179940411,0.121551174045585
7187,2402,1.14429988396488e-07,0.000883099166552673,0.465116654192025,0.358157182371793,0.00107788446555122,0.118770757351303,0.0559943080227862
7186,4320,6.84779088934115e-06,0.00448544544556859,0.285347376423368,0.0650765147379965,0.00442446013870528,0.335429837996542,0.30522951746693
8701,6958,5.91780305867381e-08,0.0715978377653741,0.229100091273458,0.0163147484484547,0.00115839298416947,0.433824923773206,0.248003946577307
6774,2881,5.33095411961565e-07,0.000347567612050345,0.516481689366508,0.287409372479972,0.00064067148390592,0.137978512955973,0.0571416530061796
8011,8876,7.1402676402529e-08,0.0539801994865487,0.508115945445479,0.0910758976249619,0.000273759935830625,0.00347449635240863,0.343079629752094
7047,7916,6.89050099303916e-08,0.00897930554223674,0.00631055992090921,0.0150165313611576,0.000657005948368461,0.879486824334835,0.0895497039874829
8702,3362,1.0694381578101e-08,0.00186567900973524,0.000618332065503576,0.0176759508323343,0.00102633180509401,0.847353234689152,0.1314604609038
7391,7797,3.61196833062735e-08,0.0108518844240996,0.000468471003107062,0.0257702619744465,0.000125150615641066,0.893638831680421,0.0691453641826013
6016,3240,3.41377254141833e-10,0.000531684316101741,0.688959552957287,0.00365791076638601,0.0623266554648388,0.22271799845369,0.0218061977003201
7600,4320,0.000380774027295279,0.00513671527022276,0.00693229980535561,0.00413406811278594,0.0131000639354575,0.571141435750853,0.39917464309803
9529,3842,1.84381797376207e-09,0.00352194204418482,0.354605574950628,0.000238333436430648,9.21004424629648e-06,0.56476833894095,0.0768565987397422
3880,2400,6.10514429898116e-10,0.000302918516021286,0.000165402263121311,0.00707184262706739,1.23404646928362e-05,0.895669607616544,0.096777887902039
6012,9474,1.2822248277528e-07,0.0206787188569699,0.105672799958207,0.0405012500397353,0.000140326054333997,0.638607242562934,0.194399534305336
6842,4200,1.91421504213527e-06,0.00162446504009977,0.389679786916724,0.190123391013175,0.00760961842524676,0.176359154536412,0.234601669853301
8838,7917,3.26966851235453e-05,0.108304039691414,0.452421706919165,0.0597089683961796,0.00457245361567563,0.120684572015176,0.254275562677266
8700,7438,2.63255339962962e-07,0.0952733085741585,0.556852816522282,0.0255447592600678,0.00638957726493959,0.0520720675732676,0.263867207549945
5049,7076,0.000220923233116315,0.00676601502617383,0.393090829422565,0.110155621686701,0.010334118624571,0.270956340024207,0.208476151982666
5256,7196,2.6520939692757e-07,0.00538752320339393,0.356060020541333,0.198161429565368,0.00355543584798768,0.294367049761812,0.142468275870708
5119,4319,0.00447972543777398,0.00883442823058323,0.621975330213318,0.205631919478548,0.0689815571680761,0.0471682512589497,0.0429287882127511
9870,10195,1.28770132946456e-07,0.0152675282800022,0.0777024592142726,0.0055005301093145,0.000248814866960461,0.715323285128202,0.185957253631115
8083,2522,1.06518810918224e-07,0.00199841785605375,0.461753974981372,0.0151824895812508,0.0399573836287311,0.37417628369689,0.106931343736892
7461,5759,1.47482894770606e-06,0.0325232951621902,0.00528113412193547,0.0207922538276764,0.000667631001459116,0.812808274479864,0.127925936577927
10147,7079,2.17417538625216e-06,0.0407562268987334,0.372980613715208,0.029035443798041,0.0257741906958557,0.329733735742542,0.201717614974233
5672,1922,1.175626936314e-05,0.00186480274211988,0.312756562037261,0.126439999964444,0.00162706105006367,0.467806267264535,0.0894935506722141
6564,8036,7.0030532991109e-08,0.0123942454062035,0.129162509191927,0.119891701610877,0.000842109501173151,0.601290904086084,0.136418460173202
5394,5997,6.22090401031104e-07,0.00604845934761356,0.000765324517761155,0.0148011669637555,0.000598942598669977,0.809810634932222,0.167974849549577
8700,8636,0.000367242568235596,0.0452392783049426,0.432971958266624,0.10496001068975,0.00734816791397158,0.210295631040305,0.198817711216171
8703,2882,1.07593000939906e-05,0.0275789622897761,0.217200644955616,0.0228602025950718,0.00222340708579763,0.55192641486792,0.178199608905725
8770,5639,2.41292071148244e-05,0.0310890280631698,0.0466266795803459,0.0092539337744473,0.00107594455132224,0.708775080254487,0.203155204569113
5187,7796,4.48163139237837e-05,0.00613801651222396,0.255665232922787,0.163388737199033,0.0078418003414965,0.3197545601816,0.247166836528936
10012,2523,0.00189043959583968,0.032928347671416,0.320291544287743,0.0118165163859363,0.0213478199894711,0.0385073188377915,0.573218013231803
6911,3361,1.0445999411298e-07,0.00224697454103556,0.427641253725528,0.17116326324586,0.00213221793308444,0.265168285292966,0.131647900801532
6911,3840,7.27854439627032e-07,0.00453748155166558,0.344614211067005,0.135896415238775,0.00876783030532053,0.173122661474664,0.33306067250813
8497,1803,8.66824888221649e-07,0.00270593523904259,0.314411819508029,0.0791911747767388,0.0641923650370264,0.276332651245107,0.263165187369169
3604,3599,5.56198758162497e-08,0.0153970868402576,0.0477566803482482,0.0217002024869471,0.00166418850060127,0.865842668094966,0.0476391181091043
4223,4918,7.20031819134301e-10,1.51595484934531e-05,0.0902626800198252,0.000752103755005611,0.000997272141745407,0.330007535943977,0.577965247870921
3742,3119,4.5803891745893e-06,0.00111421297986617,0.210439594962972,0.000418314351290977,0.00207342465209993,0.75641352802309,0.029536344641507
10215,9596,6.46109737429297e-07,0.0135182872770881,0.0599757756087346,0.0844911731383742,0.00153475084910522,0.712869717258457,0.127609649758503
6082,8635,2.32885051147204e-08,0.0139155187469395,0.355722218980582,0.0865163442231562,0.000865106665460256,0.461814024002638,0.0811667640927186
7048,5758,2.39981821137964e-09,0.019615483494259,0.21359118289507,0.0380700799191469,0.000433953698880318,0.63693703989496,0.0913522576978658
4223,4678,7.69215646929059e-07,0.0272227761987161,0.310858310240655,0.22147370957317,0.00604248474695115,0.289495093466716,0.144906856558146
7668,5639,4.96962970864076e-07,0.00625680020978247,0.0759489205623357,0.000373808460020466,0.000209362224796407,0.685988148632866,0.231222462947228
4361,6117,5.11167004425302e-13,1.71738523976108e-07,0.224868233706351,5.61453480295941e-06,1.44058074976715e-06,0.775123290342867,1.24909619407738e-06
7875,5759,6.09038154943086e-12,0.00149055749586919,0.0256100079481126,0.00215048207720506,7.13595988152837e-07,0.936485647024085,0.0342625918526494
9871,8517,0.000263929834227783,0.0233260542737924,0.462914188783355,0.0077460692949405,0.0246306183271216,0.443380339510639,0.0377387999759239
5048,8515,4.47650982975926e-05,0.00717034858130417,0.154011084206192,0.299254334288887,0.00146123111783079,0.154870725036542,0.383187511670947
8564,4560,0.00151883914077704,0.00137288606439857,0.00433958463976785,0.00272816767629724,0.0093807315653355,0.528011515751512,0.452648275161912
7391,8516,1.59276284562031e-10,0.017885914751104,0.0522639921231032,0.0192834701083915,0.000159957425727919,0.801987572682923,0.108419092749475
7116,7796,1.90416330554729e-09,0.02294777897398,0.0476450360685591,0.145486668652795,3.80036916273667e-05,0.597190833595681,0.186691677113194
4427,10313,1.67973157937383e-05,0.0166072707033706,0.21307151355594,0.289652082240087,0.00261870073807263,0.350980034188032,0.127053601258704
9734,7318,2.00732506046854e-07,0.0659438886903143,0.326453504761604,0.225608314599646,0.00351772868101561,0.149133310267733,0.22934305226718
7390,9475,2.45774772018332e-06,0.0102082767439885,0.46772698297543,0.209812758955784,0.0249939558725754,0.15574188504982,0.131513682654681
9047,2523,3.87175616930165e-08,0.0041356942871233,0.232668543423744,0.00999386353254472,0.00997888137598689,0.469438617475288,0.273784361187751
4773,8275,8.60019450476074e-05,0.014716626955334,0.202193902330627,0.250725659575381,0.00808044029766075,0.348543128655246,0.175654240240704
7392,5639,1.23846009697564e-08,0.00254727924076865,0.114231703977534,0.0018706413925253,5.87151824766849e-06,0.842158100795137,0.0391863906911868
7942,8276,9.1151298464722e-05,0.0797482308106587,0.124671818895024,0.0113168489676972,0.00786481703297262,0.583908497150042,0.192398635845141
5670,4799,9.6614190334522e-09,0.00251110487983196,0.85015928648698,0.0314145377408266,0.0281806271562942,0.0404146163387885,0.0473198177358598
9872,6119,6.54490737843397e-11,7.7817343181015e-05,5.14400405277375e-07,0.000258689600177905,1.99464636933538e-06,0.935886522473076,0.0637744614713418
8357,4680,3.12102972945178e-09,0.000314740736967532,3.98509860340597e-05,0.000220250800331436,2.38080767983431e-05,0.771752396538275,0.227648949740564
4982,4319,1.09974968080165e-07,0.0252380639069413,0.387810480755871,0.0438908188074889,0.396424822950491,0.00719957450308246,0.139436129101157
5532,5038,6.62540951413916e-09,0.0129759943226923,0.738449871491349,0.0122687209371072,0.0149626108743685,0.138789935455939,0.0825528602931337
3808,8994,8.98409592907026e-05,0.0341332124942393,0.234100757576898,0.0666373220310633,0.00346296309596492,0.509617679387409,0.151958224455135
8702,4560,0.00296459246379867,0.00659493937760414,0.0429795544651348,0.00113186891875829,0.00757508144049783,0.403005840029377,0.535748123304829
4153,8634,2.1044900702262e-05,0.0251252185897468,0.0607498330635856,0.0904847334166291,0.000634153138528406,0.75802139310127,0.0649636237895379
7944,4440,1.42097884929884e-08,0.000211835379659523,0.000927376225407415,0.000235558520356037,0.00060591696733655,0.589175480829197,0.408843817868255
8701,6718,2.52490087354464e-06,0.113035241000765,0.431021267596264,0.0156745123657766,0.0158205808113254,0.209753812309297,0.214692061015698
5602,3720,3.17157849545425e-08,0.0018236168285809,0.232012763407435,0.160371868292367,0.00397936048124809,0.296619927114119,0.305192432160465
4499,5398,5.41568723533219e-05,0.0137781619906905,0.568702673349944,0.151063800229278,0.0166868039080822,0.0834124323154873,0.166301971334165
9321,6838,2.62481406005567e-06,0.0702160995844135,0.355361081927777,0.0785104321711457,0.00865769629958042,0.380769261838663,0.106482803364361
4085,6356,1.65317551739604e-07,0.00028983232308335,0.335839768150695,0.114615526426026,0.00255927930516742,0.409690419737542,0.137005008739934
5668,8875,1.60073566190059e-06,0.00647843776714259,0.210111821995328,0.190700954821287,0.00107871549835579,0.310705127604448,0.280923341577777
9528,6719,3.25117149392303e-08,0.0335608679836464,0.415494637484089,0.118777096845748,0.000442693299256566,0.161752900742502,0.269971771133044
4222,7316,4.37501498455723e-06,0.00767341317295313,0.302363326243545,0.293250532918314,0.00232903909066146,0.152909591427817,0.241469722131725
4910,9713,8.72849197975652e-06,0.0225257934909216,0.254537572843823,0.244606583682387,0.0075015877837774,0.23215755037352,0.238662183333591
7874,7677,5.11512863508655e-07,0.058859908047558,0.369857121894859,0.0362946954067313,0.0147526202155015,0.182748225403859,0.337486917518628
8218,8277,1.4841143167952e-07,0.072843435700512,0.0561032800232194,0.0123083939078091,0.00105563720753707,0.716074154827345,0.141614949922145
9529,3602,0.00102967409111324,0.00433779382189166,0.00398774064307229,0.0645054102460605,0.00059550834778387,0.661056992061694,0.264486880788385
4705,6956,3.59024314153178e-06,0.0141381902573802,0.322552955967357,0.151083853667343,0.00723745308717594,0.380787735537464,0.124196221240139
9664,9356,1.75370866506429e-09,0.017801464410703,0.14721175625897,0.0350928541883926,0.000137909075655619,0.53634395152756,0.26341206278501
6567,2042,1.89858470732427e-08,0.000144780364924757,0.414113513498066,0.0325924779641474,0.00844800173089035,0.417307038058769,0.127394169397356
7184,9595,4.17014744309371e-07,0.0329627893460871,0.341200588721855,0.198402641860409,0.0126149805687475,0.325861655648978,0.0889569268391783
4430,5757,1.11618370459267e-06,0.00953374627166206,0.407535164523732,0.162812417380161,0.0105902479874551,0.272029519669707,0.137497787983579
4980,7676,0.00879434965909857,0.010265572486634,0.370257715075475,0.141295659841613,0.00816380674155105,0.236760671181174,0.224462225014454
7256,2042,2.67176971489874e-08,0.000104024907594759,0.123851128845104,0.0131859266033004,0.00144038050736395,0.86066395285167,0.000754559567269649
3673,4198,4.44658572479885e-11,0.000199758328066191,1.52758750197988e-06,0.000197554027101376,4.33089798196752e-07,0.997647496148632,0.00195323077443455
4910,9474,0.0796685856242141,0.00844111264907979,0.215390793544636,0.181637929048888,0.0175289327150651,0.232513017321717,0.2648196290964
5531,7676,1.59405561589749e-06,0.00166614555722857,0.478252857658022,0.0580600488100102,0.013295268732763,0.353106042161411,0.0956180430249493
8287,7198,8.853108131789e-07,0.0782453882035747,0.589494500396521,0.0119179252881617,0.0197412037861974,0.14483488773366,0.155765209281072
10012,2283,0.000594753915885067,0.0716437210071308,0.17390688991727,0.0509252908858886,0.0169570710706607,0.261968020792677,0.424004252410487
10011,3722,2.95421051090813e-08,0.000373664765212731,0.00475054707465574,0.000973187605251353,7.06804164400941e-05,0.733117384814427,0.260714505781908
6289,8276,6.98745059194148e-09,0.00191073788523543,0.00101258845777275,0.022864341282078,9.46507354949934e-05,0.795114547883315,0.179003126768653
5258,2401,6.40168302238359e-08,0.00161162946704627,0.30406277401588,0.0285309751730097,0.00263865057433644,0.198736023319507,0.46441988343339
9872,7318,1.07804263531438e-08,0.0185643437966387,0.45992496349436,0.0477975824657137,0.000672280453438753,0.0232455229261241,0.449795296083299
3878,5757,6.74873987651752e-07,0.0129142370913144,0.41438187862551,0.150666267544568,0.00776608543948157,0.244862673612246,0.169408182812893
3949,2041,1.29199404065525e-11,0.000134614889746232,1.12659771315406e-06,9.98320791862982e-05,4.90895292361115e-06,0.98987503190164,0.00988448556587036
4634,9713,1.35109951110192e-08,0.00422522081190706,0.246510526672708,0.213180161055153,0.000392230315660664,0.426697642169619,0.108994205463957
9114,7917,2.81498584604156e-06,0.0936526557553378,0.411831983147686,0.214453629730856,0.00837420075607385,0.0870482877705784,0.184636427853622
4156,2400,3.76850689920502e-07,0.000472907172894067,0.46838782740672,0.0297036104817811,0.0120328630533513,0.387109880591064,0.1022925344435
6219,10553,0.00422397801042137,0.0382398717561515,0.129083511207475,0.329050495144376,0.0732230286064238,0.256241641635652,0.169937473639501
7872,10554,6.3330829465619e-06,0.029021682366285,0.659802759974553,0.00825172133889601,0.00417242023650748,0.0470248949108838,0.251720188089928
8079,9475,3.49527104431966e-06,0.0262259106802385,0.475246122214637,0.090580027154251,0.00465496460919604,0.240047835138837,0.163241644931797
9942,4561,1.03845701697345e-06,0.00202969001358973,0.00157582273978185,0.0597775823856532,0.00277785240488721,0.438777285346104,0.495060728652967
8702,5280,2.32404563872473e-05,0.00139600104627026,0.00123103763782082,0.0116554727959354,0.000153777872149197,0.674563629495941,0.310976840695496
8841,1923,7.7304178923551e-10,0.0219919721558738,0.279036015455799,0.00437646904651279,0.0231917088656558,0.262157884692513,0.409245949010604
4429,7196,1.17481868057068e-05,0.00978279841490803,0.390087846786565,0.15542161695373,0.00692721782650812,0.226782267810116,0.210986504021368
7736,6718,2.55887589579843e-08,0.045616422861492,0.0351006014675232,0.00218165432801848,8.0471334826536e-05,0.817685985783479,0.0993348386359014
5602,4199,1.9762013292631e-08,0.00397319737045987,0.571340227254896,0.000776244496741686,0.0338128229011415,0.328645844441651,0.0614516437730963
3811,3239,2.14662305082873e-06,0.00249983265827442,0.129391611476288,0.000762505049408013,0.00795635571454606,0.849665191774618,0.00972235670381479
6428,4439,9.94693054511365e-07,0.00479426713103456,0.265605076186679,0.0618373858211498,0.00317406010019663,0.144222228301128,0.520365987766757
9047,3721,1.55298668254514e-06,0.0236570715944732,0.197968262778524,0.0440439835100207,0.00893453761921319,0.466475673654459,0.258918917856627
3465,5037,6.88475323026834e-10,7.7937958394515e-05,0.422810404429729,0.0400815110795665,0.00656270305284852,0.513929452374142,0.0165379904168447
4775,3719,2.73122128571537e-09,0.00212666147541397,0.925129134957683,0.00452985593171136,0.0118817012893824,0.0217905472238896,0.0345420963906986
4222,8035,0.000414230099720286,0.00656802989130694,0.274399753329446,0.173713534877718,0.0112085043871086,0.10831420052857,0.425381746886131
4566,9354,5.15230060996624e-05,0.0301987963797411,0.366331020835073,0.193254233087306,0.00693052355201912,0.171182821479369,0.232051081660392
9802,9596,9.63386123863353e-09,0.00957323503452981,0.210874140337133,0.00173135278995183,0.000437485016085448,0.735966183662916,0.0414175935255224
5807,6237,1.36824946348684e-06,0.000896159680818882,0.147511092754397,0.0596010858141687,0.00158778666296847,0.491510180452992,0.298892326385192
6909,8396,3.1910592932797e-08,0.0177133237401544,0.000792596855704106,0.00919664739375101,0.000202107066826662,0.875554693849508,0.0965405991834625
6702,7556,3.66160554422349e-09,0.00155255549480383,0.100563671256064,0.00939690814731993,0.00107816963937515,0.550490330947575,0.336918360853257
8633,4201,6.24486431911029e-06,0.0192438586719974,0.0221469749943813,0.00490404857988182,0.00212445459650645,0.701254332917556,0.250320085375358
6357,9355,9.02672577501856e-06,0.0247056719853172,0.00819124259517077,0.0381138319815923,0.00119624764404813,0.809994407530475,0.117789571537622
7597,9355,6.3278481176507e-08,0.00489392661182102,0.51633730019717,0.00744414601264715,0.00409147934885662,0.405621635701304,0.061611448849721
6703,7317,2.02595326634845e-09,0.00720316015711811,0.230481539972367,0.061634562574392,0.00242351885299628,0.558906469142807,0.139350747274366
8081,6838,1.21719138058187e-05,0.100066630527285,0.19012784996054,0.123766043921932,0.013514011661231,0.411850972170823,0.160662319844384
9389,9116,5.73920659139575e-06,0.103981554770511,0.335716546062426,0.00342844201251779,0.0370360567242704,0.228262599053355,0.291569062170329
8634,3002,7.22469385059662e-06,0.042343880071386,0.249762488510622,0.01347399825601,0.00435542893420315,0.403595555468634,0.286461424065295
6980,2761,1.21018512272206e-07,0.00176943428764013,0.503067242082212,0.0245894243362471,0.0799103077758022,0.281329889698102,0.109333580801485
9044,8996,1.08152752796685e-07,0.0348545247386275,0.496604212335716,0.00826798476371651,0.00276704098976508,0.246293182146448,0.211212946872974
8012,7437,6.96170885019595e-08,0.0987085368472439,0.319889233770879,0.0395986209119275,0.00402325085126787,0.278410537284394,0.259369750717199
8150,6718,2.09740988861424e-07,0.0576358769585965,0.191526297243175,0.0149535905072473,0.0172762687648911,0.397529051594299,0.321078705190802
9461,2283,6.07828833966064e-06,0.10218903523035,0.421330913343585,0.0709255766852777,0.0134119808563354,0.208835824783196,0.183300590812916
7324,5279,4.53005154235699e-08,0.00575157763708315,0.00496596240451314,0.00550752130645986,0.000551686939715666,0.880101497721325,0.103121708690388
4154,5038,1.23116134477795e-10,6.98827294327109e-05,0.239463289963796,0.00270739647629056,0.00381501634723424,0.240491834706536,0.513452579653595
7529,7317,3.25095918679162e-10,0.0279632574109668,0.0304409869820431,0.00422732935701471,6.39656150279949e-05,0.83665904337631,0.100645416933542
4912,4918,9.12977231599839e-11,1.95705727688062e-06,0.135889979538978,1.7579625341662e-06,0.000484815685460188,0.863581210479923,4.02791845306449e-05
8355,8756,5.53019046933961e-06,0.0542482778778228,0.451784456474696,0.121783027323533,0.00465118865081054,0.107599997262456,0.259927522220211
9668,1923,1.66479982155469e-05,0.11841387206756,0.331000362208783,0.0539806061651383,0.0160566461771565,0.142216857247689,0.338315008135458
7598,6718,6.47396687274757e-11,0.00225026533229594,0.000519359567291867,0.000291670184831655,7.35269512522779e-06,0.89660501970635,0.100326332449366
3740,6476,0.000161611029299835,0.00461224439504247,0.182665668009566,0.299812157204139,0.00881201970497018,0.374830146220541,0.129106153436441
4567,5757,7.50037197885629e-05,0.0231374743234835,0.231650600850172,0.106354037990462,0.00522089282145083,0.490149776561567,0.143412213733076
6636,1682,7.70371775094284e-07,0.00264087585985197,0.311870514512952,0.289070081980024,0.00781933113919558,0.299399448864071,0.0891989772721304
4497,8275,0.00125909816156091,0.0526122954507873,0.109037754094849,0.307899712652505,0.0241012673010923,0.334246016521024,0.170843855818182
10081,2403,6.41390529292131e-06,0.108916855246631,0.466580605404159,0.322746472065853,0.000282406604251326,0.0259726245213418,0.075494622252471
9045,7558,6.0385250516027e-09,0.0550641628903259,0.513446497390604,0.0487435731161963,0.00106962278195089,0.144644810273245,0.237031327509153
8013,4800,3.72874607433672e-05,0.00874423393764913,0.0499314889024309,0.00058480002033272,0.0016456401083539,0.689095041716463,0.249961507854026
6222,4319,3.2539903972549e-08,0.00802748660645345,0.386255392700482,0.098020649679161,0.0138030393400803,0.0808418703183959,0.413051528815524
8563,6718,1.75129795341278e-08,0.0336700960135347,0.28847410187909,0.0311440560140716,0.00221671711148786,0.370636048450167,0.273858963018669
6773,3121,1.99540616852878e-08,0.000501505226559993,0.382691725278265,0.142375997217941,0.00108837540522981,0.150150663810636,0.323191713107307
2916,2400,7.09770528591336e-09,0.000316752433780247,0.103766771226193,0.0502477162907931,0.00320836191423439,0.729495457702447,0.112964933334847
6977,10194,6.22129436668007e-05,0.0266347300697691,0.142527143425757,0.102452348727819,0.00585928098251657,0.651641032266012,0.0708232515844596
5808,4319,1.03178725611805e-09,0.000749644699583669,0.517328105242242,0.00742188387357335,0.0144610557942028,0.387734940032978,0.0723043693256335
5326,4439,6.0320765717622e-08,0.00705896030062485,0.396901066636248,0.00100334354204021,0.0696548255340981,0.407801970179392,0.117579773486832
10010,6359,1.43455817278689e-08,0.00823099644604102,0.119819638994752,0.0138953028034199,0.00250900730990894,0.408615389186918,0.446929650913378
7255,5159,1.46795618092368e-09,0.000494578040057026,4.35446461038183e-05,0.00314016256427419,3.7641957389064e-05,0.958138790398631,0.0381452809255883
7256,2282,1.32457588054857e-06,0.00188878936391802,0.395936633467919,0.384486736630627,0.00345122051859059,0.195501115110044,0.0187341803330213
7255,4680,0.000442600488241009,0.0124901604301888,0.0298092956653919,0.0121218419404763,0.0335064457974121,0.562561458511058,0.349068197167232
9940,8397,3.50466547132505e-05,0.0745762039164932,0.624163898670262,0.0103498008263889,0.0250333864641156,0.00612307981184876,0.259718583656178
3535,3479,1.66899511176208e-07,0.0099218527802634,0.00622248231436863,0.105845843076431,0.000413648296782816,0.840490527617153,0.0371054790154893
5669,7676,1.75350583798464e-06,0.00267803632130114,0.322492171166762,0.0231887653830756,0.00516459261493614,0.558585059079178,0.0878896219289088
4015,7675,4.20527409019635e-06,0.00753530810090908,0.279826068080043,0.337764902920217,0.000904668651642204,0.102629695418599,0.2713351515545
6360,2641,1.10545732583625e-07,0.00356828361348401,0.53106839978752,0.00668974770854413,0.0233276725957583,0.307612845763057,0.127732939985904
9182,8517,4.00969975191334e-07,0.0115127875536853,0.520358215164461,0.011853049099024,0.00128880313323923,0.168819515439824,0.286167228639791
7876,2642,3.05571040505334e-06,0.00254684817424754,0.439270790625479,0.183849405484847,0.00450898840388262,0.258262827746234,0.111558083854904
8906,9715,1.70288530592755e-07,0.0100636474383013,0.432805054658847,0.0107278174964095,0.00190176593556146,0.200799210203214,0.343702333979136
8356,7797,7.82742956295346e-07,0.0865234653238658,0.36698148344585,0.0166331926189879,0.00275081803990621,0.323435781463963,0.203674476364472
5049,7556,0.000133439752784395,0.0141047424526064,0.393433149517467,0.131555043807886,0.00429474182386688,0.132998664710128,0.323480217935261
6704,3960,1.92757013906457e-06,0.00413370860313582,0.320303819801818,0.130936474247734,0.00773134941270933,0.199032568359509,0.337860152004955
6289,8036,1.24895967987636e-08,0.00187715841530671,5.00956388091115e-05,0.00422032095296119,0.000105457791136371,0.91719489188451,0.0765520628276798
6634,6478,2.01978752006535e-09,0.00774276734806452,0.00533328690912759,0.00764795240559463,2.23816199837195e-05,0.909546991208048,0.0697066184893939
4912,6357,1.01494225121899e-06,0.0103348077203956,0.372292089188635,0.15189615366961,0.00692224960330375,0.177140433188248,0.281413251687555
7943,6838,1.28477801832214e-07,0.0517269863370883,0.34163721957664,0.0211421673021424,0.00254926538015597,0.348218237363088,0.234725995563084
7532,2522,1.66594616891067e-08,0.000981699788848511,0.439844468995567,0.156197196780399,0.000376074939054118,0.381096570653513,0.0215039721831567
7463,1922,4.7676237128496e-07,0.00133728655886266,0.306960067932398,0.346549802928488,0.00116547507815072,0.315214893597578,0.0287719971421516
6565,7556,5.90624269844821e-06,0.00741484602840998,0.172070159338693,0.0465714947286009,0.00289102818758927,0.558184021197473,0.212862544276536
4221,10193,6.2414729778024e-09,0.00301576720645379,0.187355864812151,0.161637453705838,0.00198961182990888,0.524897433854416,0.12110386234976
9181,10195,2.2585175006742e-06,0.0235375450977762,0.400324320734448,0.102184168069898,0.00303488637471912,0.259880812911683,0.211036008293976
10287,3482,1.76520865465043e-05,0.011788714599796,0.0808302120532394,0.00737209317408166,0.00297650968138089,0.661989140609195,0.23502567779576
9942,3842,9.64031980739526e-09,0.0123395366940596,0.100196427402058,0.00392208639588814,0.0016407761244155,0.50747072473889,0.374430439004369
9044,9236,6.79254049439977e-06,0.029683348904775,0.611561520195026,0.0118390057436977,0.0084472865689482,0.11437577973955,0.224086266307509
5738,7796,1.74930147647665e-06,0.00486309481955529,0.377882586762276,0.207923736607448,0.00686500794426193,0.177116445063968,0.225347379501015
5740,3480,2.97142073781898e-08,0.000755164778612737,0.669123861309169,0.00505779981054786,0.096884108991358,0.153787382600745,0.0743916527953595
9664,9836,5.62251531019426e-08,0.00403671216662145,0.201028360713302,0.00174822343699886,0.000243571564555172,0.749910198657355,0.043032877236015
7736,8156,9.01509335442362e-06,0.0329017868040896,0.0469611119145775,0.0259946589021281,0.00466342659386523,0.611344875039205,0.27812512565278
7945,2282,1.94262250342606e-06,0.000468746172664951,0.416086938610499,0.0181218651038462,0.0198771439196458,0.3783094484048,0.167133915166041
6084,5039,7.93362022242389e-07,0.00396471800514019,0.5392160481541,0.0642289654782239,0.0119524352393187,0.246108440725835,0.134528599035359
7803,10434,8.09508781698827e-06,0.042956145152064,0.494923052914995,0.0256044754014486,0.00363409997383895,0.0869340410526908,0.345940090417145
9734,6359,1.12464926035853e-06,0.0137234154898398,0.072737865872567,0.00690501369139006,0.00476698105020822,0.318183803809767,0.583681795436968
7598,7197,2.20827740523508e-09,0.0347724895458314,0.0501710939931551,0.0213723104480547,0.000682655628144551,0.72237848679527,0.170622961381267
7325,1922,1.06618653968938e-06,0.00165686380869021,0.424689674480478,0.445241040286844,0.000836605793951372,0.0818971960828271,0.0456775533606704
6154,1802,2.66271075946416e-09,5.0004393664429e-05,0.401692572474754,0.000977050854035562,0.00545058495319165,0.591373793583684,0.000455991077959842
9461,2523,6.42368044989782e-09,0.0557312865141764,0.441425179951775,0.0220049102346768,0.00173527182241827,0.139130826115996,0.339972518937277
8838,7198,1.4946854452639e-06,0.104636159294142,0.476721827726985,0.0693017607959827,0.00396373668578521,0.0559189191214685,0.289456101690192
6221,5998,2.11754345575027e-09,0.000961659383731204,0.12892568634428,0.00128883068770092,0.0161261586059001,0.535535702758132,0.317161960102712
5256,6477,2.28365130305366e-05,0.00988622194189637,0.433892816078185,0.088640593601148,0.0465230061532226,0.304421061959493,0.116613463753025
8288,5040,2.4278447821181e-09,0.000160400372716852,0.0373870488993661,0.000301466660494746,1.26987720747855e-05,0.591403354043181,0.370735028824322
4086,4438,3.38040206197841e-06,0.00950891384024955,0.17681452881969,0.183666084654384,0.00240830882345696,0.623065423517111,0.00453335994304581
4912,5877,4.81857426700729e-07,0.0205521227142236,0.183705109459375,0.0626875607889661,0.000938430564037049,0.63392686716487,0.0981894274511015
9251,8637,2.78457717273105e-08,0.0397196758831763,0.645275874903967,0.000454044617324953,0.00100332327813467,0.00863384272593769,0.304913210745688
4359,8754,2.21157309377952e-05,0.0189190370946831,0.183790888538535,0.185355416753349,0.00092302456945213,0.481082405000824,0.129907112312219
4772,9713,1.06611643307043e-06,0.0134057146054581,0.251743945479283,0.302448177144387,0.0148958777183687,0.235729568770425,0.181775650165645
6840,8276,3.2448493638533e-05,0.0695907654521432,0.119066315956486,0.0357922113510795,0.00625730164567401,0.682564136900141,0.0866968202008376
9252,5999,5.00768464817234e-08,0.0148980903492013,0.0777819022724999,0.0282693079643619,0.000267645086482968,0.499724295882062,0.379058708368546
5669,6477,1.01757733152355e-08,0.000391301616617824,9.42010357591066e-07,0.000136261307138868,7.85407663084366e-06,0.99231063283282,0.00715299798066152
6082,8395,0.000318312920015859,0.0221793683926572,0.233592293346113,0.136691912640673,0.0144888364056272,0.512246678495592,0.0804825977993209
3742,2880,9.29399946080108e-12,0.000693280259503161,0.00855707565559292,0.00213149536770885,4.44099771929772e-05,0.979044901521949,0.00952883720875928
5117,8155,5.83369629885443e-07,0.00211265298569646,0.224711103132779,0.292259663056395,0.000642450120072683,0.122514874492893,0.357758672842533
9182,9716,7.22953979781241e-07,0.0453820865334557,0.520664680465645,0.00512087780433869,0.00144458945480272,0.124856242478171,0.302530800309608
8149,7198,1.21460865597857e-07,0.0888824729952493,0.325331093451834,0.102843608482202,0.0107662743205908,0.0391352393393016,0.433041189949956
6842,3001,1.93346088702383e-07,0.000366043615938353,0.525508092170099,0.21011876899922,0.00216381012245967,0.101278892032055,0.160564199714139
7876,2162,1.59575000011578e-07,0.000618600803080283,0.366354163575234,0.0143309078642194,0.0165872334912854,0.542989977658359,0.059118957032822
6016,2521,9.27331497618442e-08,0.00534652797208046,0.446068708994623,0.0160770055439782,0.0255331628738614,0.370723545655232,0.136250956227075
6977,8755,1.7126970925185e-07,0.0210178335853694,0.0288661382171321,0.0157254048847669,0.00255253978057497,0.865530996021419,0.0663069162410279
6910,4799,0.000579958078060468,0.0120213322897489,0.347429406587948,0.0954443927807478,0.0088039473451499,0.274355674596399,0.261365288321946
7804,9955,2.18542634553052e-08,0.0395978030487735,0.604435874123882,0.000533354382008682,0.00221719690816712,0.0259208269121883,0.327294922770717
8701,5759,1.20089797115186e-07,0.00228894137421582,0.0253693750717066,0.00199596388147288,6.11096419623235e-05,0.663649079334365,0.30663541060648
7805,7557,1.1048243443739e-05,0.0661952032549235,0.292079447153262,0.00718377060652775,0.00829513378429215,0.399988415606895,0.226246981350656
9665,6719,3.58766294604736e-06,0.096037667061469,0.328699897342572,0.140226858332482,0.00233252864371141,0.213176804270818,0.219522656686001
9114,6958,5.32954838862395e-06,0.126769400669599,0.366867889953019,0.0253974337472548,0.00383487679295713,0.230645602398529,0.246479466890254
9254,1923,8.80212755645883e-06,0.0359463711972257,0.361459938110185,0.103265285956352,0.00691768264058069,0.159397444020387,0.333004475947713
5048,8755,2.95093784468013e-06,0.00438598304339216,0.169403469385905,0.116680619609323,0.00191374402510019,0.116342209842066,0.591271023156369
6843,2042,7.47393751958276e-09,1.38487829628445e-05,0.430396915622345,0.0121380046875672,0.001525880072545,0.546501051563026,0.0094242917976167
4429,7436,3.31896341728144e-05,0.00250891937492286,0.36431940556858,0.254862334961994,0.00252747418153248,0.162903215240752,0.212845461038047
4430,5278,2.99868445901906e-07,0.00741090608344702,0.670319121297583,0.154499532358438,0.0125390685108882,0.0503032547675529,0.104927817113645
10148,6359,5.22174589290968e-08,0.0145107300177898,0.185157793055763,0.00748015688688597,0.00295393644840937,0.270513620956918,0.519383710416776
6357,9594,1.38820552926085e-07,0.00946517968766907,0.187596018543573,0.0654589318994785,0.00630919701516557,0.63463893852116,0.0965315955124009
9734,8037,2.83999732805438e-07,0.0297659717363829,0.682928774645852,0.114608452193024,0.00174810122094298,0.0942511733614934,0.076697242842572
10079,5520,2.48645906061888e-07,0.0019797199938186,0.000690986182686659,0.0229835053229531,0.000230631594974212,0.723859386758097,0.250255521501565
3602,6956,1.38093711415351e-08,0.00310067137515707,0.350748955893703,0.150266650411592,0.000296019118360373,0.264692773680267,0.230894915711549
4016,5277,1.94456484225512e-08,0.0126587540055165,0.723671832618244,0.173709336946171,0.00539175789044235,0.00424069873612728,0.0803276003578501
8768,9955,1.17217156073594e-07,0.00251697787050782,0.54526310808684,0.0423358866101097,0.000970678347499841,0.392948020239031,0.0159652116288562
4704,9114,0.00607761473164194,0.020722913705548,0.149945658231734,0.271319528391487,0.0245260422085848,0.0801373209334018,0.447270921797602
7945,2522,1.96063106828444e-07,0.00158039516648906,0.371045429484589,0.0715800258198634,0.0154507131722419,0.440939903239104,0.0994033370546056
3257,8274,1.010748053613e-07,0.00103459410354055,0.104927388192659,0.14217037144002,0.000142357620154188,0.600076084364015,0.151649103204805
9529,4801,0.00382290545925801,0.0202705196523325,0.0440057887294911,0.0258768827963782,0.0128293225807656,0.345502769420435,0.54769181136134
7875,4080,1.26778842729467e-08,0.000106371964927439,2.80242366937124e-05,0.00514018569483718,0.000186809729964062,0.686901977897558,0.307636617798135
6704,4440,1.80386142137261e-07,0.00248444388758739,0.478904886928103,0.159754491009089,0.0046767038847101,0.257548585271612,0.0966307086327561
9390,5760,2.90447391913867e-08,0.00256447671970601,0.00186104586401896,0.00139338234770106,3.58715718921577e-05,0.861954308478254,0.132190885973689
5325,5877,1.17447578405359e-07,0.0095588654466551,0.0704685535228981,0.0465561541799613,0.000715023523329212,0.689710010815742,0.182991275063836
7187,2642,0.000103759460764188,0.00981332147817898,0.412303685292636,0.286104900148707,0.00682018965556362,0.2042715510595,0.0805825929046496
5599,8995,3.73649723923349e-06,0.00473635661653862,0.323989093473434,0.326371784197213,0.0010143572386015,0.244000589363502,0.0998840826134721
9389,8157,0.002064274185297,0.103700974871397,0.483865312816456,0.108601590546771,0.0229294671048835,0.132083304897161,0.146755075578035
6566,5399,1.25839079474624e-06,0.0137071078406362,0.271407526049244,0.12362750971474,0.00289911806323401,0.219190067089235,0.369167412852116
7252,10434,1.28718769103851e-05,0.0469357193906234,0.287032912047327,0.17703045814538,0.00648172430378632,0.304569581747216,0.177936732488758
7393,3481,3.4729367307004e-06,0.00225360764426912,0.306923399740202,0.0100744120941664,0.0738791962157748,0.517362283532426,0.0895036278364306
9388,10075,1.54096522129277e-08,0.00755005679227886,0.37183706113522,0.00757834427622071,0.00135633154120019,0.498681558241281,0.112996632604147
7256,1802,2.24147784124369e-06,0.00141068925265108,0.304195827798348,0.290700750276674,0.00636397647223605,0.376467372829318,0.020859141892931
7254,6598,2.63514130825475e-08,0.0131552547492972,0.0508550247598382,0.00167048683808324,0.00075921277383437,0.709037504106752,0.224522490420782
6427,7317,1.20754766440138e-08,0.00132419811104298,0.275257499934984,0.00261299525298656,0.00115021645581976,0.707062182896987,0.0125928952727029
4498,6357,1.45177380389801e-06,0.00157427478478006,0.37089666235444,0.32603120434841,0.000569613858456364,0.189662777294866,0.111264015585243
6634,5518,1.60271572300913e-07,0.00521837057041437,0.202520683403724,0.195949883589088,0.000266738743663221,0.247188307433557,0.348855855987981
9253,4800,6.36218759898392e-06,0.00207262357899182,0.00207611405417937,0.0230462618081937,0.000700260302848633,0.419482423743368,0.55261595432482
3258,6116,1.67929810178568e-07,0.0060407236373394,0.215555970719468,0.00852403585978,0.012884626184154,0.691626457780717,0.0653680178887311
7945,1803,6.45260299638106e-08,0.000500898987363524,0.45669467065313,0.0960053319548303,0.0213322602293809,0.325265225344555,0.10020154830471
9319,10195,4.67016436705638e-06,0.0289349572256137,0.260853280631137,0.00877871864076948,0.00172387987668625,0.520745861696349,0.178958631765078
7529,8756,8.30783996151018e-08,0.0117224698086212,0.212558812373539,0.038527512798491,0.00115821400131945,0.523071895639333,0.212961012300297
9805,3602,8.05332423097942e-10,0.00685424410028739,0.120121621091171,0.000588027856404501,0.000200124810747548,0.764332733706863,0.107903247629194
7804,8276,1.18928461056527e-06,0.0697931808890079,0.0546568884708056,0.0362656615729621,0.00400021341454824,0.571855132816456,0.26342773355161
6496,7676,1.84679485471167e-05,0.00792285614330168,0.158729621739673,0.0234378746469201,0.00120342471756345,0.493707647645557,0.314980107158438
6151,7796,3.16590667790009e-08,0.00196362851712743,0.41860501207976,0.00797729101205827,0.0416680997111417,0.268392860385892,0.261393076634954
7667,7317,6.62117611352169e-09,0.0275754092361289,0.323278196825727,0.00713300896920544,0.000212033136963675,0.548603144080297,0.0931982011305017
4500,2041,1.7080088968785e-08,0.00384533706786407,0.305931507200662,0.00144216508289764,0.00358934571848622,0.662416561186648,0.0227750666633529
4085,7076,8.50786019586868e-07,0.00156870188363898,0.480237571976246,0.278674163269706,0.0246527829003986,0.139352192818545,0.0755137363654465
2984,3239,4.22552582895047e-07,0.000372312885787703,0.095986101563816,0.00560616754490487,0.000588660536274949,0.618702097821224,0.278744237095409
9044,9955,6.28373580546788e-06,0.0176708439652059,0.362874074411082,0.110764998980442,0.00513741742841691,0.236518587158421,0.267027794320626
6911,2641,7.08662469223074e-07,0.00106378853161416,0.47250464040753,0.163106322174633,0.00309960200887977,0.344054371648236,0.016170566566639
4565,9833,6.40644171869879e-06,0.000856601006473005,0.272533510475214,0.231847689796495,0.00477457723229898,0.439252921150191,0.0507282938976089
6979,5399,0.00565198035553401,0.0496267324235395,0.0860194164681764,0.0944888268396917,0.0145952575438271,0.6465377999676,0.103079986401631
7321,9835,0.000309186621242007,0.0238838714599615,0.283561327268079,0.263323680071032,0.0318432272623662,0.274791715658248,0.122286991659071
9045,6359,7.98763070378884e-10,0.00409033970532198,0.0110769269164037,0.00220506561540671,0.000684319645059628,0.760305628280098,0.221637719038947
6636,1442,1.10025014299993e-08,0.0020616249137046,0.558267215561217,0.112836560844904,0.00863003506156083,0.211341943819927,0.106862608796186
6704,3481,3.17001424666722e-08,0.000727807993805557,0.382870772398532,0.0950457784774649,0.00358236611611053,0.369540645100654,0.148232598213291
7739,1683,7.74043909754645e-07,0.00233504925654292,0.332732800430377,0.401837601156827,0.00121237204216518,0.226509185845289,0.0353722172248891
5050,6117,4.64778368165952e-07,0.0110849029534704,0.0546007314050063,0.0149155891169094,0.00187209670310691,0.797679056487738,0.119847158555401
3259,3719,5.89474333116231e-09,0.00237626771730292,0.0399330799570193,0.0719041503002899,0.000306275205971481,0.674041919324233,0.21143830160044
4979,10313,3.38481956963722e-05,0.00415821895171856,0.532226741125528,0.205155438711796,0.0350434047221331,0.123482808967013,0.0998995393261143
10148,5400,5.40703779234982e-08,0.000699059895430478,6.48015593511442e-05,0.000853624388841898,0.000129860982477421,0.696435198910923,0.301817400192598
5393,8635,4.03708212667695e-05,0.00786950912249737,0.196970265552923,0.248862432570061,0.00346380662562549,0.274937937150592,0.267855678157034
8906,9236,1.39997636411267e-05,0.0590056104928599,0.344198581180248,0.0478214497819929,0.00358961970193626,0.240810718279653,0.304560020799669
4496,10433,4.02091585727666e-06,0.00897676688685344,0.282630302420416,0.338072574686972,0.00137283391902564,0.121858199945118,0.247085301225757
7049,3121,1.28554750188081e-06,0.00502010154428716,0.464054945806044,0.320252716642073,0.00134628525914795,0.108094428421553,0.101230236779393
9116,2403,2.88060355123694e-07,0.00692610038973807,0.247728855804837,0.00555852543081133,0.0305430560036064,0.216914552150747,0.492328622159904
5737,9954,2.61279095316416e-06,0.0302199403002256,0.12149166344566,0.188625556570194,0.00143843432837376,0.572405145245035,0.085816647319559
5188,4439,1.16854269429713e-10,0.00119716684983548,0.532862769246711,0.00149196764122344,0.0245601371042585,0.337798781315822,0.102089177725295
6220,8635,7.90067833486742e-08,0.00316623198125981,0.265318483646447,0.15314967021818,0.0032938170941593,0.333917457917554,0.241154260135616
9527,7438,7.49106553230266e-07,0.117023075879211,0.410164678904913,0.111198212372235,0.012815229073852,0.185519869067458,0.163278185595777
9598,3002,3.04020228543618e-05,0.0872835424911979,0.231101752995918,0.0100475439370042,0.0284144248688034,0.391756013109003,0.251366320575219
9804,6000,3.75920415158814e-10,6.8722397224782e-05,4.77775239352932e-07,0.000491687633256076,4.05890016811207e-06,0.76668241644618,0.232752636472011
10147,7798,0.000185298581716309,0.109364486376999,0.482229868332152,0.0866050764643252,0.0156244837127065,0.0611969742601112,0.24479381227199
7462,3121,8.30294713602915e-06,0.00263707719654465,0.418110370098876,0.0982141463979192,0.0410237380798407,0.218591245895953,0.221415119383731
5186,8515,0.000417244288940448,0.00280446707421706,0.194587275682178,0.226400379326041,0.00447421944928944,0.411874449846459,0.159441964332875
8287,8636,6.79177689686788e-07,0.0474755072310657,0.384658409635619,0.0451414895256325,0.00879354813227979,0.25418214245454,0.259748223843174
7117,4440,2.08269629942021e-06,0.00125614217622914,0.304789097241593,0.091379405500496,0.00286854847746014,0.481089966606753,0.118614757301169
4359,8994,0.00495761686971598,0.0331289494453333,0.2585551920428,0.262639285306899,0.0243193278282877,0.210866441408834,0.20553318709813
3533,7075,8.76021651663411e-06,0.00347996766546949,0.308027003009567,0.163560035230792,0.00152945525507173,0.103980665863094,0.41941411275949
9528,5280,2.3112763103433e-06,0.00722885019780699,0.0540404751405072,0.0187903537706458,0.00406207313344834,0.66136761237676,0.254508324104521
7115,8276,7.03467348804744e-07,0.0183990031722249,0.0744511010152423,0.0838374355706329,0.00043407986021464,0.698628699831096,0.12424897708324
8562,9835,6.38776617885136e-06,0.0832727242810274,0.320493453616017,0.0367099347339833,0.0084348237718894,0.291303328495423,0.259779347335481
3053,3599,1.17165466334727e-06,0.00348949765354976,0.152849394986318,0.103596382728158,0.000642761457742489,0.580046753466914,0.159374038052654
10009,9476,5.39666912365393e-06,0.0319828796858219,0.316834448969755,0.00616522093135641,0.0237231245404506,0.206947742363346,0.414341186840147
3947,7315,0.00010709467618767,0.00200005385220212,0.459320561231212,0.365736546232842,0.00075523185978476,0.124024221542749,0.0480562906050226
7737,5759,1.4544144640567e-08,0.00170886841593951,0.00379387320390898,0.000416383519183989,3.5060144662232e-05,0.82554528566538,0.168500514506781
7736,6478,1.30472785869987e-08,0.0512416745620797,0.147351081485586,0.0295835722587659,0.00166084717963927,0.64998999895474,0.12017281251191
8152,2402,1.26187199401568e-09,0.000129892029678795,0.203407431422031,0.000734446906592984,0.00766883492313645,0.780965142541341,0.00709425091534783
9044,9715,7.27485450923565e-09,0.00799240584638293,0.466152381826207,0.000919123693685104,0.000276207110978272,0.000867185634505609,0.523792688613386
8769,8277,3.9019160559678e-09,0.0262539929825286,0.244162524571269,0.0380817505416487,9.47582223095916e-05,0.559366230417712,0.132040739362615
8081,7078,2.21155976580395e-07,0.0383695496194515,0.432060119420237,0.0155615910442712,0.00155909011969664,0.252683176166911,0.259766252473456
7876,1923,7.67432222505409e-07,0.00158639126602728,0.470794177311322,0.311247536428271,0.00332286489460567,0.112939062852431,0.10010919981512
4428,9593,0.00288311988886644,0.0248455588189951,0.268017619352625,0.242044088843691,0.00354057253805958,0.324040597666388,0.134628442891374
7187,3361,4.74817149813686e-07,0.00145902659558406,0.341713560012354,0.0233613378046104,0.0121630101590056,0.481559727862547,0.139742862748749
6012,10194,2.36743840995758e-08,0.0142065815503348,0.0365078400069263,0.0318302107914963,0.000343448018708695,0.855255706865171,0.061856189092979
7737,5039,1.02089682896617e-07,0.00107655612703211,0.0590835757816799,0.000954159743693011,0.0061214095073178,0.337699865127417,0.595064331623178
5050,4679,5.94500385242411e-08,0.000506781939171248,0.384515994411451,0.00527120916410693,0.00296659690146802,0.211971533433402,0.394767824700363
4845,2640,6.03574164609995e-09,0.000967990880388291,0.354760439199317,0.00350850383311673,0.0226154814724478,0.175735883042797,0.442411695536192
6152,5398,3.54110401932587e-06,0.0646651523759948,0.398618407024841,0.0283385793862438,0.00690232930419913,0.156364976110319,0.345107014694383
6773,5039,4.77324583597145e-08,0.0058642668163413,0.384536015819207,0.0586356733464884,0.0265641017085436,0.268789580794542,0.255610313782419
4500,3000,6.50591257036366e-08,0.00999582073849068,0.218189405556478,0.0066252977314438,0.0943238070873695,0.52532385028146,0.145541753545633
8909,2762,0.000282391159805174,0.0863530939325062,0.0536927463019305,0.0254806575253039,0.101081633407327,0.445944725687108,0.287164751986019
7735,8396,1.03941405670048e-11,0.00824150753226338,0.0276511761197087,0.000997962356246019,1.11656699141266e-05,0.901292332640433,0.0618058556710405
8563,5759,1.04901836530082e-05,0.0102148959093515,0.000794216509462917,0.0015602377564711,0.000625040462316669,0.897603572218155,0.0891915469605901
5945,5998,2.92019331161757e-09,0.00183537378821942,0.0684537785591985,0.0472334345522323,0.000361758684048707,0.752195291760215,0.129920359735893
8563,6958,2.4163178050624e-05,0.104673760798364,0.41364946480329,0.0477546705933252,0.0420003367663953,0.253395902605905,0.138501701254669
7943,7557,1.53815798534771e-07,0.066448990436598,0.398891247861944,0.0181345220373563,0.00585217364076342,0.231301272137579,0.279371640069961
8218,8756,6.11118751744619e-06,0.0939583716877719,0.310214955242649,0.0511684477712436,0.00960248402387965,0.200445649698403,0.334603980388536
7531,4680,0.00560449750190842,0.00499500218611114,0.0905208310843877,0.00509971523637332,0.052529460679896,0.384401933056897,0.456848560254426
7323,6478,3.71468295836465e-07,0.0313252626321276,0.0995042167011441,0.00576393032443543,0.000672438310145086,0.74925637817294,0.113477402390912
6223,1922,7.24738202448605e-11,7.82767540108544e-05,0.36463710884568,0.000979738535226714,0.0356081638684491,0.551081364478925,0.0476153474452347
5739,4919,1.5190027050074e-07,0.0274311065795637,0.612995643049312,0.0420571911843092,0.0223152213814111,0.109127081306269,0.186073604598864
9803,7678,2.04792919624509e-07,0.0563292753535326,0.453490535102239,0.0794865976027011,0.0185045642691642,0.172518134805874,0.219670688073569
6288,10433,1.10336258845255e-08,0.00181175404588117,0.344055163209562,0.167850135749514,0.00113059076445353,0.457263570963743,0.0278887742332207
9666,5280,2.41078123804667e-08,0.000480212521441576,0.000582175050697539,0.00184707943487178,1.89475100481833e-05,0.680760913883447,0.316310647491681
6635,4799,1.24060861313604e-06,0.00239251947154661,0.208522171165595,0.215519634811405,0.00135293953419848,0.353623492310788,0.218588002097854
7393,4680,0.000240693871350731,0.00214816529514343,0.134363199476761,0.00140623144137925,0.0166664952726359,0.566516265492895,0.278658949149834
8975,10315,7.62467355004803e-08,0.00896773338014586,0.403405331664928,0.00210160126307221,0.000167546980409658,0.127569413745846,0.457788296718863
5394,6477,1.3892716103677e-08,0.00287513341796234,0.218386358071424,0.145614790011905,0.00168216187691981,0.404368924550638,0.227072618178435
7735,9115,7.77679319992629e-05,0.0140680533625299,0.52998295834875,0.0138512157815153,0.00275838370944336,0.375615921189901,0.0636456996758604
4291,7196,8.06505441778602e-06,0.00375799224346375,0.33851751336482,0.244600397601197,0.0133398142568913,0.18851309101368,0.211263126465531
3121,5876,1.58827020912974e-09,0.00125214796227606,0.750873891206602,0.0724015447161486,0.0442359641379981,0.0113814322422479,0.119855018146457
9805,2883,2.30236722717077e-07,0.0288857236919011,0.233443747244127,0.0513019341263141,0.00261225819500438,0.395048411725753,0.288707694780177
9115,5280,2.53886463107937e-11,0.000131549746582528,7.9383120206884e-06,0.00159199662691786,3.00906236387865e-05,0.86686685312419,0.131371571541262
3948,3479,1.25200994675148e-06,0.0167618019122086,0.172351847996147,0.339877406538609,0.0186093396523367,0.417594863671851,0.0348034882189016
3190,4078,2.22441978037391e-09,0.00252735698287082,0.206960501809435,0.0307452794727467,0.000842429153979526,0.732850845655909,0.0260735847006384
4293,4079,5.91544994253305e-07,0.0443006393441622,0.26498869308191,0.0794839771800012,0.00171246077064999,0.442489122488683,0.167024515589599
6222,4559,2.3973593354445e-07,0.00357302245001989,0.392857833353233,0.149491982710892,0.00607439322856956,0.276907907233738,0.171094621287614
10009,7558,3.22281315549731e-08,0.0461136803187223,0.466682473210324,0.0749329358344372,0.00215928822765361,0.239288726093696,0.170822864087036
3534,6356,5.64575514805731e-07,0.00184055308015414,0.319485646984695,0.101351370888817,0.000535582217860867,0.0926799935525859,0.484106288700373
9045,7318,7.42348050835338e-07,0.116074871047438,0.397130045359612,0.0817708599366856,0.012121849407646,0.185262745927952,0.207638885972616
4635,7795,0.00177312109928395,0.0166993896740423,0.440512854536722,0.142643780979201,0.0117828839547813,0.0679703746756884,0.31861759508028
7808,1563,1.05096245414205e-08,0.000299903799757245,0.603274825103533,0.340813268309054,0.000243556293408383,0.0466971265405852,0.0086713094440373
9392,2403,2.93728570710224e-08,0.0506506760792628,0.442417753827226,0.0122700821522353,0.00521338966464415,0.208062623884483,0.281385445019291
5532,4799,7.07599508108047e-06,0.0259263024562892,0.509901520908524,0.009338724156139,0.0729992588803746,0.160836363957607,0.220990753645985
5462,8994,0.000453311734465579,0.0282389828300072,0.152852036601582,0.236552272061402,0.00149968083218169,0.30578839509436,0.274615320846001
4703,9594,6.50063493209821e-08,0.000271160061143738,0.316002776864883,0.166291653942649,0.000652992617221786,0.476429963902574,0.0403513876051793
8426,4560,5.14056899326023e-09,0.00025092968824617,3.65335383557417e-05,0.000355123296308142,2.40569344305296e-05,0.79654949043579,0.202783860966301
4704,8395,2.29329092517447e-06,0.0149428843135192,0.355678686141515,0.19363677731657,0.00238279374759252,0.0923511625094957,0.341005402680382
3603,6236,2.51575696965839e-05,0.00368885733775376,0.296198411979288,0.154532602794559,0.0132949470091213,0.259336447435742,0.27292357587384
3672,4918,0.000409637094495177,0.00641564531166037,0.513844394017638,0.0123265574135004,0.119916592162185,0.275343922688159,0.0717432513123613
10078,8397,4.18614868069729e-07,0.0359510175273839,0.807492580190172,0.0035410896366794,0.00291650253356426,0.014843465609592,0.13525492588774
6773,3361,4.01174861016999e-07,0.00180542477438798,0.308783114087505,0.156422865183019,0.0084720768955884,0.235705857731475,0.288810260153164
4293,4319,0.00227192891412413,0.0408089739756902,0.341587862398962,0.276722065086162,0.0516259224282882,0.192846060813427,0.0941371863833465
3467,2640,4.21847594228001e-10,8.04396018105521e-06,0.00887973023774529,0.000270320381352636,7.19544633510627e-05,0.988657686769601,0.00211226376592112
9320,7558,2.8351636563017e-07,0.0825976269735966,0.329026161540748,0.111664537503873,0.00331749202560437,0.19925125484829,0.274142643591522
5878,1802,1.76662116059438e-07,0.00118015241771781,0.285014158115849,0.141450631237203,0.00101202899396552,0.453136347705059,0.11820650486809
9665,7198,1.42211041489125e-06,0.112002020689703,0.506212792320811,0.0647197906009345,0.00811655369369294,0.0472382502970399,0.261709170287404
9116,2163,2.6611052619247e-06,0.046033387412519,0.171361177299532,0.0219201147063459,0.0412105586899677,0.190674288051676,0.528797812734698
5394,5278,4.20192757469143e-07,0.00902273759685365,0.533222435955657,0.0328079596863983,0.0159389735386992,0.266826641918495,0.14218083111114
9940,9117,1.31190078296178e-06,0.0556394241357214,0.541150832244334,0.0241631030727912,0.0062797897379499,0.196402601638323,0.176362937270097
4981,6237,1.35490875689716e-06,0.00711913006706241,0.1969120414074,0.146736329888026,0.00146869144008225,0.401275859649163,0.24648659263951
8012,6958,0.000418124704549129,0.103860076796141,0.319241775115685,0.0635269058117996,0.0535230149032408,0.25998812642473,0.199441976243855
7322,9115,0.000481363278608034,0.0433296906782065,0.288927197696992,0.114624196450459,0.0329261494222995,0.35569930472882,0.164012097744615
6153,3960,5.50583848450741e-08,0.00553292001705449,0.703130666260938,0.0751778095160101,0.0113905526673828,0.0915223958849121,0.113245600595318
9116,3122,1.03783958112138e-08,0.00523630481510739,0.382470731395189,0.0197403181406364,0.000383051888536484,0.442379362525744,0.149790220856391
9666,5520,2.20862411268346e-08,0.000506996778430475,0.000495959075564833,0.00150139658414536,5.63842717440628e-05,0.527771840733657,0.469667400470217
4015,8394,4.98220558903938e-08,0.0109453514862423,0.00415393893673537,0.0414641959797622,0.000662284302752773,0.812435275006897,0.130338904465555
6083,5758,9.65841614129352e-07,0.0232685773889221,0.235367956544514,0.0806188265572376,0.00347517580899518,0.398425680734211,0.258842817124506
7322,8636,3.65846264814957e-07,0.0425103404988736,0.029239566826231,0.0822826672391451,0.00360678338638849,0.687730557764093,0.154629718439004
8770,6359,5.8581841481635e-08,0.0225381147723077,0.0554826661732115,0.0119851989644116,0.000844451525134477,0.547262848923088,0.361886661060006
3740,8154,9.28504066893935e-09,0.000701078956354828,0.000504077268668725,0.0908592988365716,0.000204989432989217,0.76870108425897,0.139029461961405
4152,9593,1.5322659834929e-05,0.0243379572812522,0.0989246945344614,0.502634703335663,0.00154757227590005,0.211093273339251,0.161446476573637
6842,4679,2.40130520135736e-07,0.0046341052711073,0.264725791416909,0.166021297687178,0.00140956349522967,0.193638395970785,0.36957060602827
3741,5517,3.30237642015371e-07,0.0134838022464622,0.275969968021273,0.00138707583281778,0.003100135153903,0.329822559022286,0.376236129485616
7942,7797,1.26711006428911e-05,0.125874399555855,0.275733504889023,0.0494170219963285,0.021411940964982,0.222366291189556,0.305184170303613
4774,5158,1.15181796879053e-06,0.0018986057838186,0.589953650173087,0.0175609422898076,0.0363664755674777,0.26120992401508,0.0930092503527606
7046,9115,8.14199806314489e-08,0.0281287447541271,0.0155447766819596,0.0685831593387726,0.00169309630075541,0.777265779214723,0.108784362289681
6358,8156,3.37043013496222e-10,0.000228543678087645,1.442783244853e-06,0.00159746220264689,2.74942306853187e-06,0.971580774528785,0.0265890270471236
8148,10314,9.02130881172965e-05,0.0614360606770424,0.313047095285619,0.00182521062705558,0.00350179027826049,0.353572757221108,0.266526872822797
8907,7558,2.51042384778169e-08,0.0668311713782847,0.584767803186959,0.00257774488229569,0.00303793001864942,0.178813820910306,0.163971504519267
3671,7795,0.00177304021441898,0.0409916446633062,0.264047318886776,0.245338331461795,0.0120480509549972,0.239983458972658,0.195818154846048
5946,4080,0.000492166266467628,0.0388966649132369,0.482677673500777,0.010375240664674,0.0687269937649774,0.24347637199582,0.155354888894048
9595,9476,0.000976838935278792,0.0587577610324074,0.438653709013424,0.0236028894419999,0.0314256288375679,0.166491517544432,0.28009165519489
6357,9115,5.5640104400696e-09,0.00356301536323034,6.50755950237986e-05,0.00794394638284036,0.000110585889521995,0.957096410899034,0.0312209603063389
8493,8996,0.117743179997047,0.0977892000871654,0.265065218522615,0.186768412864991,0.0105466691756704,0.138939334739539,0.183147984612973
7944,4200,1.86193087339551e-06,0.000555214635336929,0.000159297970868817,0.0010254118435445,0.000733336188474245,0.579346196824291,0.418178680606611
6839,9954,5.00898466039115e-10,0.00163118936704942,0.00238857652671036,0.0323079325776819,0.000138496901735173,0.825535654145347,0.137998149980577
4154,6476,9.91236727598176e-07,0.0011686586336346,0.465292300559093,0.163137558440643,0.00227430109871583,0.287271447452002,0.0808547425791844
6081,9594,6.54828699344041e-08,0.0178967336023557,0.0404265382164595,0.0598831454414374,0.000576720302078476,0.768236207734754,0.112980589220045
10008,10195,2.55781766591863e-06,0.0125525798496752,0.43452787589835,0.106309675882581,0.0026526067920691,0.299829221743331,0.144125482016328
4152,9114,0.000368816538936504,0.00882341791347147,0.363247660370013,0.0691661489128765,0.000885038048044524,0.198145368204557,0.359363550012101
5737,8755,0.000314669519681701,0.0186933616644783,0.425229217994615,0.20632938246818,0.00375324929295736,0.195391746931901,0.150288372128186
6842,3241,5.29650026436082e-07,0.00151116195830695,0.394635938992319,0.181734259408445,0.0013090812982079,0.150168009033494,0.2706410196592
4359,9473,6.86066398726384e-07,0.00453813153173335,0.159201920069704,0.416944228443984,0.00145722316195685,0.228185052696616,0.189672758029607
9460,3482,6.90859016750299e-05,0.0248143259693523,0.0895966861309634,0.0577665280142274,0.0244722621130607,0.709973429684295,0.0933076821864258
3878,7435,0.00175505720391897,0.0244355626250558,0.183714445620253,0.174670974390069,0.0180311410513385,0.177728300920586,0.419664518188779
3397,3958,2.38343451434072e-07,0.027392908332968,0.0787114132735935,0.0201468095015358,0.000735296134714379,0.819166310663829,0.053847023749908
4911,7556,1.44178978195815e-05,0.0138093462598472,0.407106600689456,0.0880384527129683,0.00769085281177422,0.167845364053288,0.315494965574846
6429,3480,5.53668595815434e-08,0.00551308046803476,0.460538880189791,0.0306918086068659,0.0279724005320527,0.301210811396044,0.174072963440353
6153,4439,2.0743483910282e-07,0.00194850914854297,0.478962742140271,0.122356262629656,0.0212325927273088,0.156500174131253,0.21899951178813
5461,10673,1.87097476003487e-09,0.0037845424496799,0.163540455851262,0.142354090746749,0.000218375526631412,0.378851575940684,0.311250957614019
9802,9116,5.81439916341574e-06,0.00672658217992716,0.598678368197553,0.165318765859347,0.00101257381908524,0.179716807201324,0.0485410883436
6151,8276,5.8595221823508e-08,0.0029057863548299,0.160098607611361,0.112655497095114,0.000402389607007523,0.445604457577308,0.278333203159158
8702,4321,0.00010967316023673,0.00499812544766299,0.0156302619088783,0.0093192080105275,0.00360015044459162,0.593071428907755,0.373271152120347
8978,2403,9.22164432157684e-08,0.00311941306606731,0.335409257604667,0.00327588521986072,0.0018437694173697,0.597839615489546,0.0585119669860466
6633,8875,2.67050040481165e-06,0.03866440996661,0.184644411736775,0.172388570785342,0.00224010333190327,0.500729492079387,0.101330341599578
4913,3000,1.78660081192042e-05,0.00217025459183524,0.239710670594634,0.0460106769272229,0.00472504218721797,0.668177793734407,0.0391876959565641
6908,9355,1.4042124708406e-06,0.0305760096341464,0.129418989655665,0.126910118880141,0.00107037244503518,0.654664130137747,0.0573589750347937
4018,2400,2.59691078069045e-11,0.000962416755302485,0.0634783830769118,0.0804460079236019,4.75853453754302e-06,0.690111052049157,0.16499738163452
4845,2161,3.01523136103625e-07,0.00127328619204337,0.25613974872154,0.0146685221472143,0.0026453319146152,0.640071320083858,0.085201489417593
7254,6837,1.29213173807349e-09,0.00396377349053896,0.0514875915566415,0.0102543856038829,5.84612941799503e-05,0.705824758322623,0.228411028440002
8703,1683,3.00332523597579e-06,0.00243357151272513,0.334626915147741,0.0234426507136193,0.00277644200700982,0.568382136801436,0.0683352804922323
4635,8754,5.91981977403388e-06,0.0214373416450264,0.0703549356114018,0.0861665750757783,0.00242968327905099,0.562681117965209,0.25692442660376
8286,9116,1.06388052540239e-06,0.0538436424355754,0.47435624613657,0.0573265149058385,0.00576746356476136,0.0787642874767248,0.329940781600005
9184,3961,2.46360830054163e-05,0.00862365082590064,0.0580220910128949,0.00210789942716444,0.00129373556078797,0.60585218070631,0.324075806383937
7462,3361,1.04851708963666e-08,7.23147267520933e-05,0.4415207663488,0.000193907878956992,0.0419443008877741,0.479552280178732,0.0367164194938137
9871,8277,5.75783921068093e-10,0.0251661386357892,0.587810642390682,0.0196811508657484,0.000477875648939521,0.194920047863047,0.17194414402001
8287,7677,1.54071048165148e-05,0.111994227310081,0.1793771497046,0.0548887927794095,0.0170614850892117,0.309189156909362,0.327473781102519
7599,5998,2.86285908128279e-09,0.00516420205968018,0.0189600391519676,0.00401129028892217,4.6273519642637e-05,0.891991020441194,0.0798271716757341
8427,3601,5.72633438234517e-07,0.0326131001815599,0.182334799525877,0.0372440737386213,0.00519910171214501,0.459302868046265,0.283305484162094
9735,6119,5.4740169581382e-08,0.0011503084090066,0.000248091538212993,0.00646447058753573,0.000435953211421936,0.623622303502771,0.368078818010882
5463,6357,2.1159186181159e-07,0.003351054100052,0.168725158779074,0.103053787227146,0.00050715136141985,0.635839344644763,0.0885232922956834
8151,3841,7.0968920706335e-08,0.000910514811540488,0.000529440490131288,0.000609657359445756,4.64211775036078e-05,0.787118747559844,0.210785147632614
9737,1564,3.44431469380148e-08,0.0239517329482353,0.660660893517162,0.0383404687387722,0.00130999612043337,0.111739718682737,0.163997155549513
4291,7915,0.000337440990909058,0.0110283835339996,0.312084331182702,0.161094152337965,0.0304454412589445,0.118100233804547,0.366910016890933
9251,9596,2.28068229346981e-09,0.0140097133594188,0.374283915515096,0.00856796124662048,0.000144989157558379,0.33370706523361,0.269286353207015
3947,6356,8.13727284957946e-06,0.00287990536324907,0.338981738089168,0.0804666387196151,0.00150016248727344,0.365530152628044,0.210633265439801
6840,8755,9.07115219183374e-07,0.0419886361962096,0.0517219628312835,0.152970284058936,0.00299872527847771,0.67475056748167,0.0755689170382037
8219,6598,1.75978882461509e-07,0.0634792832122375,0.322971753613342,0.0244099943766358,0.00765042659022642,0.365605485562547,0.215882880666128
4982,3360,0.00234005367493923,0.0309904296259696,0.226804716295582,0.303483997017505,0.070138167358093,0.249722494989919,0.116520141037992
5463,6597,7.15645007562309e-06,0.0250080935047674,0.253570994966241,0.0847716739171655,0.00166856706488673,0.464745027236387,0.170228486860477
9116,3602,1.88215348731693e-10,0.00437447823736051,0.221639086653676,0.00595495090386586,5.62926153473759e-05,0.451415280459274,0.316559910942261
9114,7678,2.78951351043428e-05,0.107391464075766,0.383377165299142,0.0256685483966866,0.0052822463598688,0.225499983993326,0.252752696740105
8976,6958,2.3938630417821e-07,0.0778324951661986,0.179735003919923,0.0036133597920778,0.00212606041446115,0.546792310152953,0.189900531168082
8906,9955,7.45960506796573e-07,0.00188008232941066,0.501308296701842,0.0396583995781069,0.00108595577167807,0.343878556987704,0.112187962670752
3464,7195,2.57841398711844e-05,0.00466488578562928,0.255897588969583,0.133934438008616,0.00222417581967893,0.361381918601932,0.24187120867469
10285,8277,2.92579979954168e-07,0.0586276097743451,0.489783652445724,0.108909138176157,0.00464517432690314,0.0511381641220324,0.286895968574858
8288,4560,3.16525820233538e-09,7.23784077559032e-05,0.000174035626385057,0.000134863568593222,0.000422467960980301,0.530653132596361,0.468543118674666
5737,8515,1.47104478870148e-05,0.00809148355385342,0.271664854367038,0.144045471158845,0.00219997199769466,0.481449600032109,0.0925339084425728
9183,7318,0.00169199434355524,0.149541991955662,0.320473696802389,0.0568741150480265,0.022852646764197,0.174263405852158,0.274302149234011
4981,4798,3.53988573150166e-09,2.66401041877722e-05,0.125858379965637,6.49273243226764e-05,0.000824575053051674,0.872692619547685,0.000532854465230464
6153,3240,1.25761920509009e-09,0.000286698677914233,0.302184280111698,0.122957571252086,0.00352517732261827,0.567584588358659,0.00346168301940563
4085,6836,0.000170843091318604,0.00882813355995763,0.464910956803351,0.195855567897725,0.00283157091653325,0.14409304568659,0.183309882044524
5943,10074,5.21922878604989e-07,0.0177377387623173,0.0117947570411921,0.0829938361224604,0.00131036686801679,0.819620147803007,0.0665426314801275
8424,8876,3.24413707598992e-06,0.00965058925472348,0.41242560424421,0.244076484557941,0.000514146372807289,0.142124942920141,0.191204988513101
10080,3362,0.123275892875015,0.0127105953557193,0.393210903532695,0.180359282194026,0.000132326492314368,0.155574892638977,0.134736106911254
4430,4558,6.19653996415555e-10,0.0152845449879392,0.336605036301408,0.114348178140006,0.00253740413148185,0.504944883736082,0.0262799520834297
5256,7436,1.89352057476882e-05,0.00106290205794419,0.356395388431355,0.146661861024202,0.00337826600149483,0.41329746050355,0.0791851867757065
3604,4318,1.27849210492777e-07,0.00156655477681989,4.98423914660146e-05,0.00338395561823815,1.60779731650539e-05,0.992027743587207,0.00295569780389334
8496,3002,1.32914283654747e-06,0.045346966081164,0.292336636151707,0.0318760449239157,0.00584055147562945,0.425346226640237,0.19925224558451
5534,1921,1.46482137470778e-08,0.000304248939252829,0.428711234533305,0.000931803578181853,0.000813157538748292,0.561761691684897,0.00747784907740129
9941,5760,4.20435435129113e-08,0.000572245839572569,5.76674517435485e-06,0.00972351501109044,0.000110677143087543,0.735209150896425,0.254378602321107
6013,8036,1.18607066864689e-06,0.0133037737035482,0.0940752650816118,0.169761563158752,0.00307742550827924,0.373074281028929,0.346706505448212
10149,4921,1.18716045901655e-10,0.000448411999190953,0.00289433616666712,0.000808354463454077,4.05757960155338e-07,0.970620647679461,0.0252278438145504
7463,2402,7.79181268067193e-09,9.55227861001118e-05,0.283785468779843,0.183753585730574,0.000191996172796443,0.524340201562994,0.00783321717587961
3740,6716,0.000111761331679809,0.0049207115627383,0.21814233264363,0.1565797758866,0.00460349015866738,0.495317773226891,0.120324155189794
6841,5638,4.60337671184114e-07,0.0235568872816046,0.229591495663027,0.0974162185202306,0.00327179493594421,0.475057342488666,0.171105800772856
5117,9594,2.83642534376036e-06,0.0130325450074608,0.22285890456832,0.269283712405155,0.00249623591181383,0.211269607977748,0.281056157704158
4635,9234,4.01476017323703e-06,0.00666000966926689,0.457762837159742,0.260798534160558,0.000628627621703129,0.138902608798216,0.135243367830341
8701,5519,3.41580661056254e-10,0.000182540250522617,2.22886226601841e-06,0.0180130047015435,0.000119287740800184,0.756052987165013,0.225629950938274
5461,9714,2.56156141316081e-06,0.0178686204168794,0.106930937749126,0.283048772234285,0.00101167092506271,0.470889762536189,0.120247674577045
8426,5040,3.45815299354946e-08,0.00361292578629482,0.00258313750167476,0.00349593314912856,0.000103908093851248,0.814380712892016,0.175823347995505
6703,5399,3.68458663504334e-07,0.00440377986781044,0.297653268334447,0.109716254697964,0.00446970486782741,0.399334019024631,0.184422604748656
5189,3000,6.65087709242178e-08,0.000778967781501376,0.429132046545782,0.179395668724904,0.00124620814484398,0.215647966938688,0.17379907535551
7600,2882,5.66601484497345e-06,0.00581650420806883,0.419114380301873,0.234248563383329,0.0224589214418709,0.245781160637933,0.0725748040120804
4773,8994,1.42885609619263e-05,0.00653936738871371,0.180276590685432,0.180870111622176,0.00524237739433224,0.340743531566768,0.286313732781616
4499,5637,3.78137956174583e-07,0.00790355075628712,0.238973277203607,0.123479938466636,0.00154647071298708,0.428151897546891,0.199944487175635
9873,5640,2.20974827087739e-07,0.00197157496080906,0.0103597276239673,0.00509878838249874,0.000157546698848088,0.585384360771782,0.397027780587268
3740,6956,1.72957173269821e-07,0.000479500337602825,0.1247649468413,0.0260468063721554,0.000547978401021862,0.839140718213093,0.00901987687765334
4225,1801,0.00364317177660088,0.0062208680241167,0.014684036247326,0.0604452282899808,0.00136727486882915,0.840920454890962,0.0727189659021845
6219,9115,1.932302763518e-06,0.0403007009463205,0.0252134862200087,0.0776689221949885,0.00424902496061757,0.751856224504869,0.100709708870432
3534,5877,5.7399471750955e-09,0.000156133069834551,0.573489201596315,0.0845263963857121,0.000778477445712093,0.319657295724668,0.0213924900378106
8634,2043,1.39682591614734e-05,0.00610130568268663,0.2601289243911,0.0171774515114214,0.0183676212837203,0.330706925515738,0.367503803356172
9733,9956,6.14519978607463e-10,0.00472533617202257,0.18000649993661,0.00106335466825457,6.79630801048949e-05,0.48489865147114,0.329238194057348
8424,10315,1.33314980661541e-05,0.0295629137100219,0.352923225547427,0.00786797201970659,0.00349734920050858,0.073846818334422,0.532288389689848
6498,3361,1.78133900421746e-10,0.000236620927836445,0.347035750844183,0.000654175956722293,0.0394694115225386,0.603019470511449,0.00958457005913683
7666,9955,0.00183146218922451,0.0316988988039118,0.427794030408625,0.055214793427491,0.00620869007320055,0.139339401383564,0.337912723713983
9873,4921,1.25940366716408e-10,0.000172206978642341,2.16243011253178e-05,0.00189430713733085,2.27445542623274e-06,0.837262455270373,0.160647131731162
9805,2643,1.64526284663148e-06,0.0246800869088765,0.704000476437891,0.0221634288911495,0.0108232817437171,0.00193046643662678,0.236400614318893
7806,4440,0.00111295886953121,0.00965611960405962,0.254883494046052,0.00190006246135595,0.119553937780236,0.416251639888689,0.196641787350076
8427,2163,3.73437458933046e-08,0.000454350410309884,0.342718967021768,0.0314635872904118,0.0022949521872437,0.587385873257057,0.0356822324894638
8425,8157,4.06122680330918e-09,0.0525559177165504,0.173663320892035,0.0146455018721438,0.000679820471822099,0.631849602826173,0.126605832160049
6632,9834,2.13685370663955e-07,0.0157981643917906,0.332187144388453,0.220616683910464,0.00865348519000451,0.231620041385082,0.191124267048835
7325,1683,1.25855109560358e-08,0.000297518910531676,0.497707119432883,0.24194245507579,0.00164463601016487,0.240654510701291,0.0177537472838284
9392,1923,1.31071140885782e-07,0.0242687742203198,0.353703156286321,0.219681107363302,0.00464461290302524,0.00789927436309592,0.389802943792795
5878,3001,1.3327399977865e-09,0.00164345750971293,0.595369941343954,0.0427083463230135,0.00229527425658969,0.263134565111146,0.0948484141228443
4637,4439,4.46570200742312e-07,0.0165611007223141,0.38705631742211,0.237776646188745,0.00669128652656572,0.276766530516538,0.0751476720535263
5668,9114,1.71633113827335e-06,0.0117173039467733,0.0701895267820887,0.185790643011155,0.000478372088552855,0.495269930001403,0.23655250783889
4018,1921,5.2913853222858e-10,0.000226603530641357,0.0426750130680818,0.293069442272291,0.000135052094642551,0.570483556648683,0.0934103318565223
4153,8394,1.67962218898881e-06,0.0244537749084468,0.0969708451748795,0.0930656819592328,0.000977587024815497,0.653687177043025,0.130843254267412
5944,8395,0.0152187665606317,0.056883497741434,0.229337562327937,0.205929331553664,0.0515066492496932,0.249831027578527,0.191293164988113
4772,9474,7.29338887708782e-05,0.000775995755162529,0.119783004398692,0.0594970445552001,0.00386084004096448,0.80663764965983,0.0093725317013795
5601,6357,6.46386448717804e-10,0.00220145586951451,0.000336851616560672,0.00280756513171544,2.95727211584578e-05,0.974908961414214,0.0197155926004501
8563,7198,5.98998193745729e-06,0.082900381879866,0.551155982601468,0.067615035825459,0.0260548959008368,0.128237209595781,0.144030504214652
9182,8037,8.85660846171396e-07,0.0776944948813423,0.627730251259576,0.0435569901024144,0.0110516999212659,0.0794209936612875,0.160544684513268
4431,2161,9.40368066512845e-09,0.000686141104896545,0.0167985141546222,0.0867798923146371,0.000482362838836523,0.305945712928746,0.589307367254581
4293,3359,0.00028062380588722,0.0054053449804718,0.559222645352768,0.00391229054272609,0.000141415113731671,0.381786881816955,0.0492507983874602
3743,1921,7.37345164532731e-07,0.00656832482020938,0.0355851116466559,0.0901101170420572,0.000829850891035128,0.814588108602374,0.0523177496525037
9252,6479,1.89021769814523e-06,0.0894294732711126,0.135269669699096,0.0269377297584239,0.00184721877854411,0.526580193281049,0.219933824994076
8771,3482,8.57978102300308e-09,0.00413473399383414,0.010720845106103,0.00719024576769047,0.000184380835118318,0.831357371560914,0.146412414156559
8563,5999,2.55093886745042e-09,0.000877495580667358,0.000528998022793558,0.000730653959919143,5.67030750104201e-06,0.90049894951296,0.0973582300652197
5050,4439,6.86633509608172e-08,0.0152395895123525,0.397661756363033,0.291675996705435,0.00996668292381378,0.229984379988505,0.0554715258435095
3947,7076,1.24774006873921e-05,0.00116797528671481,0.416717918968642,0.0842170125429025,0.0367481406429254,0.394074987970947,0.067061487187181
10079,6239,5.61208765790753e-09,0.00800188706276658,0.0456517752641479,0.00533411110370557,0.000706302717550569,0.542754164205271,0.39755175403447
7942,9235,1.21560846005826e-05,0.0318873757276092,0.323981856004422,0.109528476235533,0.00340951817056551,0.400031969501809,0.131148648275461
8631,8277,1.47786385691837e-09,0.0437460320577215,0.136752788568818,0.0198739415843951,0.000350109223824513,0.668383813433568,0.130893313653809
4360,7555,0.000395833605927163,0.00893337455183975,0.242034446642704,0.188202038987898,0.00759490190959594,0.247564898465304,0.305274505836731
10011,4921,2.83043238861019e-09,0.00091506086379963,0.00100971877648342,0.000354699029302622,1.87442047436885e-06,0.844816535926644,0.152902108152863
4429,7915,0.000118008428462707,0.00265104136933801,0.389708127392976,0.0816722568943864,0.021200548358497,0.204250319700903,0.300399697855437
3742,3599,8.3099862659632e-11,0.00560272154397131,0.0713559024819027,0.000561717499005622,3.77479218033384e-05,0.873433103136184,0.0490088073340332
6911,4320,3.24996832126458e-08,0.00101117228175596,0.338402312197174,0.304089398300056,0.00114125190328507,0.116335933086573,0.239019899731473
7666,9475,8.67683410230938e-07,0.0133968805889899,0.440720114402424,0.050881852785552,0.0050207717006321,0.0815416476577496,0.408437865181242
9390,6719,1.47573655880891e-05,0.101256139938156,0.430043262889682,0.0133686273698748,0.00381353386825996,0.193292373313549,0.258211305254891
5945,6717,3.4567792320345e-08,0.0117832698470123,0.0734789246142245,0.0958854183223968,0.000274625891951474,0.701293437103171,0.117284289653451
4290,9354,0.000155637216067055,0.0230422429910943,0.356695368411822,0.246758626017012,0.00374477478198165,0.133749567316988,0.235853783265034
8357,5639,3.1440428764787e-11,0.000171796519624169,0.000404591564871822,0.00023711766247284,1.97176775569492e-06,0.854397273175099,0.144787249278736
9460,4920,0.00410166393444389,0.00431179386129095,0.036683953236653,0.000179250062943782,0.00101722983703777,0.541594569377572,0.412111539690059
8427,2402,4.69003297881448e-05,0.0459858335778306,0.302834947771573,0.120461326351519,0.0380859480556252,0.275176446645009,0.217408597268655
9871,9476,3.4209296314316e-06,0.0180914858800576,0.239132475204019,0.0161269356506531,0.0168274133318245,0.402630947443099,0.307187321560716
8493,8516,5.0649618305692e-07,0.0481419930005857,0.46354428400484,0.0739583370238505,0.00134829018960173,0.244508516264944,0.168498073019995
5738,6837,1.2113526890934e-05,0.0287432608752593,0.207686755962485,0.164708544523683,0.011638053256215,0.418797280432591,0.168413991422875
8357,5399,9.3744183598273e-12,4.54134028047845e-05,0.00197338192067098,0.000126315948395012,6.30062089638728e-07,0.954660158330261,0.0431941003264038
8976,7677,1.99875423662343e-06,0.066546899514439,0.514419110570559,0.04303728275203,0.0066147115498293,0.160477242548157,0.208902754310749
5256,6956,2.50623161899297e-07,0.00806287284642924,0.350617734719324,0.0821294798095898,0.00412823743112969,0.491777127845068,0.0632842967252972
8631,8756,0.00235191173286627,0.0580208541919996,0.28359009845918,0.154286564092107,0.0219491253400842,0.155011416580715,0.324790029603048
8494,6359,1.01805022693213e-05,0.0541857001577729,0.201908578378467,0.0527728851066518,0.00872064765527993,0.487689242029618,0.194712766169941
8906,10195,4.10948970745518e-09,0.00587497670186349,0.512674954086401,0.00358214514521192,0.000305808633182152,0.0173744486804459,0.460187662643406
8286,8876,7.77133964219068e-07,0.0478806086403374,0.369805786566412,0.208104090731693,0.00151877006531197,0.0211918393787214,0.35149812748356
8909,3482,0.000135372126204475,0.0152532982699268,0.178381391283042,0.0252069503762507,0.00684444801268285,0.316502080977634,0.457676458954259
3053,3119,8.2118254857044e-07,0.00293852236143164,0.139192104970302,0.178155006614683,0.00762967381496561,0.465432417307816,0.206651453748253
3948,3959,1.0584993538955e-06,0.000977743506067785,0.00649934487939756,0.354188115280366,6.68904874782105e-05,0.54702140631643,0.0912454410309065
5394,6237,7.73906028342397e-07,0.00979047034018928,0.13160939119801,0.0896116125801947,0.00481193207626757,0.605744836140862,0.158430983758447
7876,3361,0.00313575347267627,0.0153963286499504,0.279522200032797,0.0672271476128489,0.0675883345137885,0.373923273994317,0.193206961723622
4084,7555,3.64985316108951e-06,0.00292439113234251,0.429507951632433,0.178034535562509,0.000211498309305634,0.0817944115759889,0.30752356193426
3328,4558,2.88349685008399e-09,0.0013225843215607,0.0120589968827632,0.190694277060288,0.000175141423834929,0.726969424566856,0.0687795728612005
8496,3242,3.27590837820872e-06,0.0653832446576628,0.300607765083288,0.107797751010442,0.00382247386851064,0.338532212676316,0.183853276795402
7463,1683,8.11865806487109e-08,0.000464843412871529,0.450498627378044,0.285656566457399,0.00207120008237755,0.2059819301992,0.0553267512835271
5808,5039,1.447789973768e-06,0.0269505652476124,0.546628358528075,0.0177244251665599,0.0382143506452176,0.220370522989856,0.150110329632706
3673,3000,5.45672247326862e-11,0.000641832117918932,0.000204690970724306,0.00445880133733632,8.31971675038971e-06,0.985771765125664,0.00891459067703843
6702,9235,3.29712920779485e-11,0.000772995979456658,3.54823294130642e-06,0.00231209569082291,6.74644472326812e-06,0.984328229697297,0.0125763839217874
3604,3359,3.10542913052269e-11,0.000562231262354534,0.00039115582049824,0.00160503984589236,1.1008708552154e-06,0.993733081786481,0.00370739038286413
9664,9596,1.78500579417951e-10,0.024465549596443,0.209419016654078,0.0111345512266283,0.000176389605568946,0.427661866728651,0.32714262601013
6636,2881,1.70061818197309e-06,0.00299321943049863,0.550947508015211,0.222357099335656,0.0070417777396953,0.16449716964779,0.0521615252129673
9390,7198,3.63531296451029e-07,0.0780043354227635,0.448224307553267,0.133485024784423,0.0033559827075931,0.0941919266875165,0.242738059313141
4498,7076,6.5309122209338e-06,0.00432409552696164,0.257279360975684,0.0577901809831613,0.012493990014459,0.284815996116607,0.383289845470906
5808,5518,2.10865616736344e-08,0.0455682088786177,0.565195337987998,0.0228282995842927,0.00148258563154138,0.0772898530974469,0.287635693733542
8221,2043,2.4585987734568e-05,0.00382270036716265,0.462100120956461,0.131855364805866,0.0127669961331016,0.174984289146895,0.214445942602779
4292,5997,7.90067083759636e-07,0.00430666465359241,0.297928479933343,0.129052339610539,0.0092205557398937,0.300920214541299,0.25857095545425
7943,5639,2.33666515134327e-08,0.00325205195579793,0.000708903277861815,0.000660647449979135,2.23023553572011e-05,0.951031322365313,0.0443247492290392
10219,2643,0.000246555349563689,0.138941489496025,0.332380687117753,0.0555665280206686,0.0186574283849079,0.288364223929392,0.165843087701689
7323,7437,2.74028917874816e-08,0.0169507016970856,0.011198392593206,0.0165627584000409,0.0004159417044021,0.697206598336917,0.257665579865457
10150,2523,0.000992884476551824,0.135438742631854,0.10866129999915,0.117337238667459,0.0346589397809466,0.208936207989658,0.393974686454381
9804,5760,1.43042021763993e-08,0.000335409513028846,0.0021111441984442,0.00439487510517771,6.08786763697633e-05,0.616414926797156,0.376682751405621
5945,6957,2.84819976238833e-06,0.0106641413248131,0.298465516455128,0.206159941682891,0.00346742903038303,0.397070211529366,0.0841699117776573
3466,3359,1.30847222831399e-07,0.0181796368469232,0.0196856232629353,0.14919531206269,0.00354689853306282,0.759765549358528,0.0496268490886377
4431,3599,1.94729891097378e-07,0.00110138077604541,0.101884958381491,0.14994521034653,0.00523820322288715,0.449611993318075,0.29221805922508
7666,8756,0.0470371127809889,0.0488373215521732,0.146639319943038,0.0412735849691452,0.0150109522095035,0.188096641442401,0.51310506710275
6771,9115,5.12509295474757e-11,0.000783103308922121,2.24722677479572e-05,0.0052940654073204,1.9646087221914e-06,0.982281285523139,0.0116171088328971
7322,8156,1.7395547163571e-08,0.0241553556575118,0.155343752964052,0.0169981677315973,0.00846636041688648,0.553539837987566,0.241496507846839
4361,5637,1.7356445938824e-07,0.0027678267454492,0.410666083671238,0.139073657713663,0.00115162967146466,0.242505353688736,0.203835274944989
6498,1922,2.21028729505017e-09,1.24567199929617e-05,0.221900655704795,0.0152738819202692,0.000820076007243919,0.760576722627098,0.00141620481031289
6154,2521,5.9428340529172e-10,0.00043972446833355,0.508543935820618,0.00556021935119567,0.014439433281287,0.452378681164316,0.0186380053199663
6771,8396,4.42388825856781e-08,0.0222374494124004,0.0429450188665874,0.0985157781454144,0.000605902958832605,0.798250955160198,0.0374448512176852
5736,10433,7.52253936592975e-08,0.0088001288425304,0.140810005423541,0.111970073486521,0.000494027501513551,0.546944361652585,0.190981327867915
7736,6238,5.1612049078601e-08,0.00623680044479888,0.00525389144803615,0.00298468610794258,0.000530844181877758,0.692066629791308,0.292927096413988
3877,8155,1.39724372708898e-07,0.00861935429412617,0.00797291701568571,0.0739834163127903,0.000942860927355403,0.756562316089619,0.151918995636051
8013,4081,2.10121287282758e-05,0.000322958725466177,0.000538249069057464,0.00125821668085464,0.000954593137353299,0.749528308021249,0.247376662237291
7667,8036,4.01588714333977e-09,0.0202631239815189,0.00653485528179415,0.0132089108253297,0.000624136033182813,0.843533405987147,0.11583556387514
8770,7078,1.8447813734374e-07,0.0868972709645751,0.273307085022229,0.0329011572493985,0.00443903322080643,0.306115056859218,0.296340212205635
6702,8995,1.60760664551859e-06,0.0553975647214578,0.0298906866996802,0.242188549152465,0.00127669397988711,0.606110539965491,0.0651343578743741
9596,8517,7.5088766364312e-08,0.0143144593388771,0.595184722015252,0.00260474019239445,0.00174182886429191,0.296492386050276,0.0896617884501427
6566,3960,1.66747094340444e-06,0.00483803805538343,0.36524210605307,0.18184046282628,0.00320148277493017,0.217240826291565,0.227635416527828
8149,8396,1.2586332002465e-07,0.059199670610577,0.111867652212715,0.0158742109235151,0.000499004650674413,0.731577318052844,0.0809820176863552
8702,4800,4.5804002871906e-08,8.79399537735795e-06,1.09078594662904e-06,5.20231347308306e-05,7.2574298057045e-05,0.538391566314659,0.461473905667227
5463,5398,1.68888524421309e-07,0.00657365669785112,0.484196803375706,0.138204223346436,0.00484366885545876,0.210702018837423,0.155479459998601
5670,4559,3.34956333461442e-06,0.0161783652049756,0.62649302010015,0.0764686567808352,0.0294368595277962,0.177119705964136,0.074300042858772
8771,4680,1.91886783483631e-08,9.34142728467825e-05,0.000893549758173437,0.000223227014483986,0.000508265142527495,0.695565188027968,0.302716336595322
6981,1563,6.37268245538116e-07,0.00104860944328262,0.402719019597381,0.223539590904686,0.00124959474898206,0.281045741826631,0.0903968062107919
9113,8876,7.53821627848988e-07,0.0520471835256572,0.614444851509099,0.0026900938288743,0.00396717246946545,0.0332333132860546,0.293616631559222
3328,3599,0.054552200178584,0.0484058032457181,0.109681407378943,0.0498762611388081,0.041827105443536,0.657807889650313,0.0378493329640981
3053,3359,8.1365577265168e-09,0.00153902886287621,0.0586705364809321,0.0896636730239112,0.00353368791906312,0.597870330610191,0.248722734966469
9461,2043,2.11313368290273e-07,0.0248889637695611,0.389063537872332,0.116900433797684,0.0037462369751472,0.140755955845373,0.324644660426535
4636,6596,9.00904804000626e-07,0.0135674477343339,0.360614852672295,0.150226156028405,0.000976942922410115,0.34557502202406,0.129038677713693
7255,3960,3.39725496880273e-05,0.00522001513166524,0.201885981602427,0.0232288971051486,0.0130059880732472,0.529127028254801,0.227498117283023
6773,4799,3.75939529941329e-07,0.00220731818543036,0.36123098897719,0.136844465317049,0.00359098293014919,0.164357754299667,0.331768114350985
6981,2282,1.64972013646746e-05,0.00212309952223525,0.423110634062997,0.0532910652441265,0.0518845561187756,0.410106940028821,0.0594672078216791
6290,6357,1.89605968851968e-07,0.00717347368236472,0.0336589847587046,0.00837964175332105,0.00101988485701636,0.850104315377449,0.0996635099651757
9390,5999,6.98280825074009e-07,0.0376683195045167,0.0438082138078025,0.0147300566719226,0.00413802618214078,0.54603864497112,0.353616040581672
7046,8396,1.43367709590097e-07,0.00858862695895945,0.00114337411062456,0.0235443727249575,0.000166852144886141,0.915686944256317,0.0508696864365462
8837,9356,4.00319444946274e-05,0.0780838296159936,0.583373668694224,0.0226029378717555,0.00695034932068074,0.140845566769925,0.168103615782927
9802,8877,0.000141451737614739,0.0718169734335779,0.481607449974843,0.0127311132880898,0.0303694382117544,0.145610362954639,0.257723210399481
9597,5880,4.01505307243035e-13,3.3979880018489e-05,1.21289811682606e-07,2.37007374331982e-05,1.22080307108017e-07,0.97790005450956,0.022042021502468
9941,6000,6.11601419958624e-08,0.00018887044578193,5.2689267870095e-05,0.0538991694037204,9.71690566731583e-05,0.547844322734012,0.397917717931801
7808,1803,1.00446945568683e-07,0.00305173730906186,0.372977434505833,0.409663649329313,0.000341771494719764,0.176076835453012,0.0378884714611153
8700,8397,3.46641656191954e-09,0.0285074604163843,0.445276323705636,0.00776762836470789,0.00122373718148713,0.357668420084611,0.159556426780757
8358,3721,1.73010738087195e-07,0.00211906004008053,0.000878610961464936,0.0012126860011306,5.5328477808551e-05,0.875628816282243,0.120105325226534
6566,5638,8.08793596575069e-08,0.0231432579163916,0.270598683239773,0.269645743269875,0.000328848467495654,0.103064042548333,0.333219343678772
6150,9954,2.69657032371195e-09,0.00982519546290886,0.137957338641551,0.0451334245928421,0.000156579372555235,0.7860026728207,0.0209247864128729
7046,10314,9.91267790167155e-05,0.037124521824608,0.181015857815647,0.114621011011933,0.00916178567906404,0.559776960587952,0.098200736301779
9046,5640,1.80745960340857e-09,0.000264254081593204,8.78216029951257e-06,0.00144195671685604,1.80076324637533e-05,0.779299892936419,0.218967104664909
5118,6717,1.12714272356707e-05,0.00739701351945086,0.18055657882016,0.0617316577414601,0.0285222295956235,0.481157710934843,0.240623537961227
7667,7557,8.07341467921776e-11,6.93602427287238e-06,0.00035312415754263,9.25919187074992e-06,1.85177068306876e-05,0.999592312675518,1.98501632306013e-05
6429,2761,1.29212797776806e-09,0.000289060736885288,0.604099414977117,0.000557080076814248,0.0763216957455199,0.308889873836377,0.00984287333515902
6152,5159,1.97195694253918e-06,0.0407745056502934,0.536711304497522,0.0676557332176217,0.0231600505173067,0.0776737767057294,0.254022657454585
9734,7078,1.67392987584772e-06,0.0330414832501447,0.465027840837569,0.0767399991158528,0.00589214542718956,0.309071966487635,0.110224890951734
4636,7316,0.0726289861953323,0.0617119299250491,0.152300697492456,0.131118803392834,0.0788855291462527,0.283349585143063,0.220004468705013
6357,10074,7.78976821491133e-06,0.00873740926483629,0.246768984115316,0.169967102852592,0.0126862006084309,0.421350905380033,0.140481608010577
6841,5399,3.64831703968807e-06,0.0309154107192013,0.306501147074251,0.266172759927525,0.00538123134293942,0.306421353191452,0.0846044494275916
8013,3841,7.77475992136361e-09,0.000537556797494231,1.51712188959513e-05,0.00125895372558365,6.84565128870343e-05,0.871481583089408,0.126638270880971
4842,6956,2.38318141359327e-05,0.00519940014341665,0.387889027595942,0.184779246350248,0.00325888401532942,0.270605872510386,0.148243737570542
6980,3960,2.91289760081439e-06,0.00548820330244769,0.31182479063914,0.197680424179914,0.0188978228078612,0.184899762352999,0.281206083820037
5256,6717,0.000289481404566737,0.0263510744246511,0.171594983944011,0.194887681246686,0.0296271433063785,0.340601054427264,0.236648581246443
8356,8277,5.89514769816893e-10,0.0258284990526368,0.0243853300412817,0.0270758695795204,0.000240445803872149,0.77769059714135,0.144779257791824
8841,2403,1.57164087210155e-06,0.0278133759226615,0.160158944337662,0.00401009292299149,0.00386975270024417,0.45375013822022,0.350396124255349
5392,10313,0.000152148305950743,0.021944021731099,0.148217594669766,0.411461500115954,0.0219663592698669,0.290266411121299,0.105991964786065
9664,8877,1.75688546724804e-05,0.0315744284630031,0.632101243269474,0.0569517937541404,0.00632389222293022,0.0564348223053946,0.216596251130385
6428,6118,6.80718625557259e-06,0.0149513297396937,0.145775041454042,0.0736063668145003,0.0117270783079679,0.624411271826326,0.129522104671215
8152,1683,3.77024471100158e-06,0.000983135253080123,0.487487558020742,0.0244773571247274,0.0284346276912533,0.288307583026933,0.170305968638552
2430,8993,0.00120063770292113,0.0101774084821967,0.195469045188742,0.39669634871013,0.00362929509289619,0.0632283432533921,0.329598921569722
4913,4439,2.54422296006231e-05,0.0784004025914407,0.282180187226491,0.357375334224875,0.0376183987374324,0.128230010107671,0.116170224882489
4223,6596,1.91526476249567e-06,0.00731996113671213,0.376419509192045,0.128248236735521,0.0059388987060813,0.357045155710218,0.125026323254661
7322,8875,3.87308878208813e-09,0.0200527285318392,0.000917009505583911,0.0536719626927998,0.000377414771200977,0.843110637785424,0.0818702428400631
8083,2043,3.00585310259301e-06,0.00212673723769872,0.417124076051481,0.23655545258454,0.00444282963237834,0.308680031168172,0.0310678674726283
5945,7436,2.64055267570221e-06,0.0223053487799381,0.238088646719948,0.23131667949957,0.00427737097322884,0.387635278094673,0.116374035379966
5532,6237,5.04135196178712e-07,0.017488404911829,0.0778637165436041,0.0563876935930631,0.000923509888295326,0.768563775105838,0.0787723958221738
6288,9954,3.4742909047338e-06,0.0229817018960729,0.264542164007631,0.279222529176465,0.00568260697563635,0.361690774948911,0.0658767487043791
5669,6717,2.29690216217298e-07,0.00318901857231562,0.192607086314471,0.13577142475779,0.000294333656396616,0.538519241099816,0.129618665908994
4154,5997,3.83416024375465e-08,0.00421662606883406,0.479026192027616,0.1564140773153,0.00479428070497975,0.238889340175117,0.116659445366551
5600,6837,2.28741064153775e-05,0.0132720913568783,0.295921380266025,0.330419774071713,0.0105882717973431,0.208289426652542,0.141486181749083
5396,2161,1.26141036392491e-09,0.000649724813830232,0.110848035208071,0.0217069273903453,0.00452459588490775,0.771373119792959,0.0908975956484759
6566,4200,4.84642367475746e-06,0.0231691339341043,0.500835567749738,0.108603242048059,0.015078072405582,0.132544037576411,0.21976509986243
3536,2280,2.05587558001348e-11,0.000193467525113721,2.13928152276954e-06,0.000663274415762192,7.18677334118943e-07,0.981198345553318,0.0179420545263904
6291,4439,6.11605079009614e-06,0.0120452953614352,0.518415176752047,0.103686768088905,0.0304765172273551,0.0644049947184352,0.270965131801033
9596,6839,7.03725819066741e-08,0.047674668418316,0.479188767066011,0.266389257781688,0.000531325958317521,0.054746112785414,0.151469797617671
7598,7677,3.84627048850675e-07,0.0293837367134237,0.140888650729318,0.0823804322061785,0.00177897440840858,0.537043772731821,0.208524048583801
8978,3841,8.40343950232588e-06,0.029473638588461,0.0645436981091098,0.0118836292739465,0.0408757706915542,0.426379556775092,0.426835303122334
9113,8397,1.27666231560167e-07,0.0383642755881674,0.460260498285854,0.0701488962843377,0.0012653293748239,0.214610544534253,0.215350328266332
8841,2642,2.82444546725235e-09,0.00067102930511633,0.000812530554593368,0.0153408106375455,0.0002913530577217,0.863689612884835,0.119194660735742
6978,8036,2.22485872126456e-07,0.0231891630568518,0.0784819939327059,0.00660518357202178,0.000347733801548225,0.468853531827088,0.422522171323912
8424,9835,2.54596061352534e-06,0.0677845063262427,0.773026164952038,0.00493625745437093,0.00631761754476631,0.0122875548406826,0.135645352921285
6839,9475,0.00934237872350216,0.0638085812951147,0.142191181200447,0.145580645113104,0.0267350892301474,0.461306675532476,0.151035448905209
9802,8637,2.13557469540594e-06,0.0350768349687565,0.546784307621402,0.0136662189519774,0.00521434677881935,0.00879753346194126,0.390458622642408
7324,3361,7.01955922884354e-10,8.87897831439363e-05,0.471668889609182,3.38840447522121e-05,0.0722421749654197,0.398531242867783,0.0574350180277629
5186,8994,5.61896694309719e-06,0.00526806761109568,0.259651059520744,0.17243968120999,0.00520387544776666,0.363699416666566,0.193732280576894
3191,3359,9.50803366677414e-09,0.00307858281738817,0.124970477958636,0.0685357285157789,0.00025112784292171,0.716529325813405,0.086634747543837
9322,4920,4.66804249664745e-09,0.00180145431822695,0.105867657563113,0.00157721113416707,0.000733201267452072,0.65159947136409,0.238420999684909
6288,9474,3.06049652210115e-06,0.025229205272705,0.147508731211048,0.169480284009827,0.00248760595059133,0.540023884374421,0.115267228684885
7115,8755,8.6283219774919e-07,0.0322876825523237,0.190898627488097,0.071407537751624,0.000507849627487335,0.603303527078875,0.101593912669395
7600,4560,0.000794405422561493,0.00478792205867189,0.188039144500798,0.0115867719519156,0.0373856593750341,0.347173347880029,0.41023274881099
6291,3241,1.57980038944256e-07,0.00555868795737404,0.591390066191107,0.1177042257522,0.00859856575511471,0.174715302812121,0.102032993552044
9526,9116,2.84316449379855e-09,0.0152141629832507,0.280143249074156,0.00522814873422517,0.000121242454050575,0.174155887913067,0.525137305998085
5395,4559,8.93155173803562e-09,0.0214276807992845,0.696926064247118,0.00762292469450155,0.0249296179391153,0.0992127531206903,0.149880950267738
9804,5040,8.11809274387226e-07,0.00418150408278017,0.000548815475195439,0.00859984217707154,0.000612265576474992,0.801133475085791,0.184923285793412
5533,4079,4.67690896170718e-08,0.000593722189596348,0.536351369097625,0.0159830825599462,0.110126377647035,0.200679094849053,0.136266306887654
6360,3360,8.65431306921654e-08,0.00396975177527399,0.579754130750191,0.0447412881236731,0.0444561783434645,0.203881822724931,0.123196741739335
4429,7675,3.45021550339325e-08,0.000883520135134807,0.41667232780288,0.187828438013538,0.000264793623588972,0.273183237058774,0.121167648863929
5324,8994,6.52287992088e-06,0.00324034255666905,0.254251393693738,0.172732390080318,0.000786852669814565,0.152932442437175,0.416050055682365
8425,7198,2.19678033961097e-05,0.0108991048697912,0.526111230375188,0.00351731382048091,0.0156847559311577,0.42054770704072,0.0232179201592664
4775,4439,1.07945620029511e-06,0.0071089938181483,0.371486924172059,0.174540050557546,0.0328836894824706,0.215682906400025,0.198296356113551
6084,3360,2.83772682410418e-08,0.00593730280955598,0.659303428660092,0.0764383542356848,0.0520393943108804,0.114608999545572,0.0916724920609465
5807,6717,8.80183036087417e-06,0.0106064794288788,0.0617532713958771,0.0681547941615407,0.000683461669376899,0.705743534270046,0.15304965724392
5464,4679,2.0177942693266e-08,0.0112103181199709,0.637583107111131,0.043648073506506,0.0624489437089159,0.148949270796183,0.0961602665793509
6842,4440,5.15092645043202e-06,0.00304101320880729,0.426568084550524,0.242495839911458,0.00544987143210163,0.176641160423169,0.14579887954749
8632,6598,3.3724397380314e-08,0.0472193194011821,0.229250846070996,0.00765382558030305,0.00263789528860392,0.443864106349039,0.269373973585478
7530,5159,3.43536839656728e-05,0.00707752919531532,0.025283464423535,0.00724964848694169,0.0157918974513046,0.535383642942843,0.409179463816094
8082,3721,1.09163328276932e-06,0.00165554310802666,0.000305985558222505,0.00503131784515229,0.00102343714874029,0.644480704029032,0.347501920677543
9874,3003,7.75355764996921e-10,0.0151599591412297,0.0790991108081827,0.00668528219056386,0.00203792605324492,0.438396112545556,0.458621608485867
7255,5639,1.61888012390315e-08,0.0148555922195468,0.0202539257053331,0.00170515350803952,0.000210547777957738,0.82662995444707,0.136344810153251
9527,7198,6.6719898887022e-07,0.113186163203116,0.368770120814685,0.123922521840773,0.0109844238293121,0.175462223618666,0.207673879494459
7598,8636,1.9566413179252e-07,0.0186312074889316,0.0953934960660919,0.0113504615730085,0.00183752107595571,0.449823465785948,0.422963652345932
5047,10433,9.23256498956739e-05,0.020293457141454,0.282401077023666,0.122373495725657,0.0506964118896348,0.411054775583992,0.113088456985701
6910,5758,1.54608571058598e-08,0.0150669810181276,0.260196596987834,0.0968898321119946,0.00151343385513368,0.499651833754386,0.126681306811667
6566,4679,1.51764143989066e-08,0.0021133917879578,0.194220040015063,0.172112498561011,0.00130941062764656,0.206556699445007,0.4236879443869
8772,2522,3.74984209158314e-08,0.00169167814188143,0.00483066345696848,0.0329978923939644,0.00220580637377993,0.555772134049876,0.402501788085109
8428,1923,1.24636995427742e-05,0.00306717486115806,0.421515452002551,0.267267252652549,0.0126495081580615,0.0731737483629748,0.222314400263163
4497,8754,2.68783652907309e-06,0.00664930437157885,0.23587548369254,0.0905361581730698,0.00823771706920877,0.313535532477936,0.345163116379138
8632,6838,5.02793295841147e-08,0.0504199733920147,0.374878493541116,0.0279861130118678,0.0500668780610956,0.360853391048506,0.13579510066607
4015,9114,0.000247810309757167,0.0428761910616837,0.251616671342682,0.186364292952701,0.0522334876782349,0.277666740031187,0.188994806623754
6563,10194,2.6885276045728e-06,0.0286729659904818,0.253926246821357,0.262661850003033,0.0088712702930357,0.339255153134884,0.106609825229604
8218,6838,7.20871036793034e-09,0.0709210513492002,0.330434885785497,0.0124255926305514,0.00163999432964067,0.31316578589602,0.271412682800381
6292,1562,1.50206612258463e-09,7.03615572039078e-07,0.042031841929551,1.45144355892343e-06,0.00272479869797431,0.955235755864147,5.44694713061415e-06
10079,5280,1.90865641163528e-08,0.000974157093288206,0.00588177481297442,0.00261161001430056,3.77779008459609e-05,0.577131173212786,0.413363487879241
10078,9117,2.72324949792922e-08,0.0138684299815279,0.286514272331497,0.00769060836725699,0.00336544283889923,0.290868296764724,0.3976929224836
6770,9355,2.6393407173781e-09,0.00193221340962325,0.00127267215150887,0.00481236542625165,4.10831333511473e-05,0.937782911120213,0.0541587521197112
7321,9595,3.29609787921508e-06,0.0165239837488117,0.264464699826942,0.210324588843417,0.0105860853702295,0.201330047395637,0.296767298717084
3878,6956,1.2636613162525e-07,0.00424058654605658,0.396767927343799,0.067836769142053,0.00235662337803868,0.205569520298571,0.32322844692535
6291,4200,1.69364362902137e-06,0.00541343837733006,0.456755893273162,0.0613478579336282,0.0219149252645967,0.101544778618004,0.35302141288965
7254,7077,7.25217419796697e-07,0.0585882723564361,0.081095942259915,0.013998598374442,0.00306401449528564,0.745251709204693,0.0980007380918084
6429,2042,1.03129382966058e-08,0.000201874597999657,0.170058128371492,0.024508179834446,0.000901123782283603,0.793100317053593,0.0112303660472478
4362,3240,1.64930573934346e-07,0.0178168160291942,0.433282783950966,0.0424907853610146,0.00166580848604188,0.379428076645416,0.125315564596793
2915,3359,5.63220301486312e-08,0.00295898242032209,0.242504466737257,0.055225612235721,0.0103663035473778,0.630251298305087,0.0586932804322047
3327,5517,2.56814315412434e-08,0.0123620231998483,0.347665869538567,0.0336532737526694,0.00148635169190455,0.069616863032362,0.535215593103218
8699,9595,2.48629882349613e-05,0.0337057547103229,0.527161532519649,0.169720330153369,0.00244208654968033,0.14946242105513,0.117483012023613
5599,9234,4.02356786283235e-07,0.00212235267402191,0.0181928018055458,0.117724651061868,0.000180154750296213,0.77111681450388,0.0906628228476014
9530,1684,7.22119969798181e-07,0.0954859991174719,0.682407481106333,0.0140319393035235,0.0177681235858229,0.0673065348520971,0.122999199914782
6427,6597,1.2265859062071e-06,0.000721660662262238,0.0325366991378283,0.000866041101261363,0.00507836943532418,0.398330464197367,0.562465538880051
6911,4080,1.35160954723645e-07,0.00125690112884445,0.401519933516397,0.135782340986604,0.00397324574168872,0.192803470744065,0.264663972721446
6911,3121,7.67660102830864e-07,0.00310574082311171,0.457856748115672,0.214905561129916,0.00424604880472776,0.147084841780905,0.172800291685565
8358,2762,4.86193351097156e-07,0.034100798649223,0.504284353164154,0.124904935772998,0.0029218105678519,0.207151017125873,0.126636598526549
9803,7438,5.12900641447785e-08,0.0771578063939727,0.424561487964909,0.161386084704216,0.00172304649609969,0.0231276749232468,0.312043848227493
4429,6237,6.11137340499447e-06,0.00486778771094135,0.316658575779842,0.149419321151984,0.00609443932681774,0.333087692566545,0.189866072090465
5740,3720,8.16158608047912e-08,0.0080968468414655,0.677458901210466,0.0153199641618289,0.0174437709626783,0.121682058848157,0.159998376359544
7254,5878,2.18090568622646e-09,0.000936197064795802,1.58883054385486e-05,0.0144925330283993,5.77471374236907e-05,0.884435613411667,0.10006201887137
6288,9714,3.49784468151986e-09,0.0185046643820862,0.270292200786902,0.0753178433874468,0.00222290829613089,0.573525039256224,0.0601373403933656
6567,2282,4.953418470052e-08,0.00116287236312982,0.489640661707852,0.0292737170516063,0.0167387009947198,0.420501043706028,0.0426829546424795
6015,3960,9.32872433751215e-07,0.00607676712484034,0.665770825516969,0.0349599309518398,0.0833412185600846,0.0972005794518127,0.11264974552202
4911,8515,8.84132826883061e-05,0.0410462891782096,0.197396876992669,0.281446335917153,0.0062606878037836,0.289264472322982,0.184496924502514
9044,9476,1.61430621279694e-06,0.0219230914276259,0.371160309994241,0.00949302823725068,0.000835704541105594,0.283568291286623,0.313017960206941
9251,8397,6.47201459666561e-08,0.0378651449610496,0.35631182301897,0.0826080137499815,0.00120161363557289,0.315390364789024,0.206622975125256
7047,8156,1.2548018349727e-06,0.0520108531434522,0.0388029155833587,0.0751595134296476,0.00582796196950371,0.691378517346525,0.136818983725678
9116,3841,0.000137957994038665,0.00170480794008413,1.14358508776092e-05,0.00177791568461866,0.00158780613219675,0.797363101141334,0.19741697525685
4086,4678,6.32549033101264e-05,0.0161292715724242,0.304705783437934,0.44890840966046,0.00588844904352008,0.19464299926639,0.0296618321159614
8493,8756,0.00634653094449134,0.0956719617426799,0.328546541653861,0.224802310587149,0.033145583568418,0.102446280432852,0.209040791070548
4017,4558,1.15449669202986e-08,0.00292725959760491,0.0995498075640134,0.0239563416772669,0.000631790632777453,0.50374202906127,0.369192759922101
9736,3242,3.20077243884515e-05,0.0239325628661622,0.0381860992233965,0.0815424579022091,0.00874953980243515,0.390150943272726,0.457406389208682
4154,5757,1.0895341866654e-07,0.0018138238716726,0.267973642513065,0.180671478215858,0.00181075196196968,0.215750221293224,0.331979973190792
9733,9236,3.18191897080842e-07,0.0462653259843742,0.457124809778915,0.0240827020874208,0.00726292732247171,0.112536727147526,0.352727189487396
9941,6479,2.46647740819565e-08,0.0274399522971936,0.323995164493321,0.0599971665990681,0.00180257632604237,0.190018652139902,0.396746463479699
5878,2761,1.43514709116572e-10,0.000378717787417512,0.327916761910352,0.037802461914891,8.31620381519135e-05,0.56815331940555,0.065665576800123
8290,2163,1.03836530736611e-07,0.00215990079364658,0.406604405238974,0.177745631119988,0.00954043524982511,0.312525061719141,0.0914244620418943
8358,2522,2.40124411649815e-05,0.0101031129497077,0.366892298887323,0.0398364523346272,0.021392833147259,0.436071431988392,0.125679858251526
5739,5158,1.07783159656784e-05,0.059445094200486,0.557309220376681,0.0629326173891827,0.0101132128281443,0.0786782940118847,0.231510782877656
7325,2402,6.54873996927099e-07,0.00350865868984874,0.475153113639156,0.290315051265277,0.00107703144785048,0.154735972850953,0.0752095172329178
3880,2880,2.15625294640798e-12,0.000186213555780745,0.000120390313520303,0.00087923844521223,2.8924817632591e-07,0.996133982677657,0.00267988575749697
4083,9473,0.000334757831504359,0.0258668203731767,0.197891666059243,0.152641906812395,0.0199747053469733,0.370301319487836,0.232988824088871
8148,9116,3.8577056109035e-06,0.0570394092572726,0.422434751812101,0.104368441925661,0.0127507208479744,0.20948811096151,0.193914707489869
9183,7558,2.38887369268964e-06,0.0874914687927465,0.370337668242408,0.104369665309617,0.0156510757567404,0.268819091201961,0.153328641822834
5325,5638,1.14194937607474e-07,0.0120105150923346,0.289345385930653,0.0638270775392327,0.0017873129386661,0.339010037994179,0.294019556309997
9389,7917,2.59086354184704e-06,0.110815741406862,0.472156434386103,0.0877196256585178,0.00370816727646638,0.067222274900474,0.258375165508035
9664,10075,1.20397968677048e-07,0.00957906905369944,0.129810715744449,0.034588905433329,0.00141052014581659,0.522739343829068,0.30187132539567
9459,5640,4.18569478952138e-11,0.000121459325449381,1.46053068813517e-05,0.000461956691332821,5.2935784953189e-06,0.841215890617938,0.158180794438046
8220,3241,4.27495102162988e-05,0.0455649261563097,0.333395057745114,0.0312606609497808,0.0293846343811441,0.336873401469998,0.223478569787438
6012,9954,5.20719753324198e-08,0.0121228998183917,0.0443292298886491,0.033594591696936,0.00028795197818626,0.831637438371849,0.0780278361740125
9874,2763,0.00012259322982254,0.081838208293607,0.220128277844118,0.00160465719598692,0.0293972794989032,0.162699353122392,0.50420963081517
4981,5038,6.54807946070021e-11,4.27490451546899e-05,0.544632949773896,0.00391723186572379,0.00288979563889612,0.443383157440145,0.00513411617070364
10011,5160,4.11640669212831e-12,0.000278335978731578,0.0105646014618767,0.0201292697515626,4.73165453280501e-05,0.512823749257589,0.456156727000796
7528,10434,7.37500840760818e-05,0.0475757248995446,0.380254520047083,0.0224305724960645,0.0615011409165769,0.351058829665679,0.137105461890976
7738,3121,3.644574575546e-08,0.000298009318920183,0.218545720490964,0.000649391927210608,0.00514925665519979,0.763845970275895,0.0115116148860651
4773,8035,0.00215569405361343,0.00293211583794887,0.137614510838311,0.283703285186429,0.018799818764332,0.057268513604381,0.497526061714985
6567,1562,2.72987334698197e-07,0.000552397180074745,0.382164595063796,0.206054571693399,0.000219486520247981,0.405513149280487,0.00549552727466007
4498,7795,0.000147659169364993,0.00742072833440638,0.279295454424922,0.129356036128249,0.0219749114679388,0.257689569805628,0.304115640669491
7255,3721,0.00179159687981696,0.0163458821013491,0.21844306099075,0.0610079904712742,0.0316568671924991,0.492881281668705,0.177873320695606
7184,9834,2.32717772771869e-06,0.0231883683646384,0.287788215874091,0.196206490819145,0.0211563418308269,0.316134850049993,0.155523405883579
5119,5038,1.55857676604891e-07,0.0011908806777369,0.375963937806995,0.00610895500371228,0.0160863373078688,0.54922922661859,0.05142050672742
7739,1923,8.70441436216233e-09,0.000946611385498177,0.441610905355771,0.264117249346662,0.00012494400050533,0.244625943601827,0.0485743376053221
8151,2882,2.33258692548129e-08,0.0230009695227311,0.478628868418788,0.121966093487097,0.00342955424567576,0.104593692910305,0.268380798089533
7531,2762,1.08614507815543e-06,0.00729568755267178,0.398864426372499,0.159538213011065,0.0117081505159188,0.338279483984741,0.0843129524180261
10010,6839,3.5254167545478e-06,0.0755383654431928,0.452044344401365,0.0315220973059931,0.00918004274162696,0.14748521222545,0.284226412465617
4428,8155,1.91353243283742e-07,0.0164937312818684,0.350508987400698,0.109090791410241,0.00479923874190134,0.278573763216839,0.240533296595209
10288,2044,2.63037453589863e-08,0.0417283258133514,0.37880326818954,0.289102700368091,0.00038939058873629,0.172515040475051,0.117461248261485
4016,6716,2.79037537243778e-08,0.00119990817509972,0.444242415953428,0.338296165132152,0.000978114721710259,0.17178797100381,0.0434953971100453
6361,1442,2.64783003842844e-07,0.000412673219155193,0.253350531384756,0.0371449971113448,0.000808864957934119,0.704886746466264,0.00339592207754186
6014,6837,1.04175287676146e-05,0.00967638134233148,0.171606957279532,0.279050052488523,0.00125022561104309,0.453453558322042,0.0849524074277616
6980,3001,9.70951923968499e-08,0.00141268856326767,0.416220269169501,0.252916161131076,0.00146913026937914,0.132858551077065,0.195123102694519
9458,8757,2.36483457812984e-07,0.0289717897423669,0.557898458017991,0.000906468292543769,0.00407209375352329,0.034462600344029,0.373688353366088
5809,3840,7.40825982946463e-05,0.0662685366037478,0.597332656791253,0.00928631151093007,0.0856460939680025,0.0446698229913414,0.196722495536431
4841,10313,1.96990639879264e-05,0.0191007731936353,0.350280728664927,0.141556267912771,0.00220854942474756,0.293933694928091,0.19290028681184
4982,3600,4.52036064243834e-10,0.00477958209143904,0.383838226508227,0.00290455708684946,0.0018228927786498,0.512810666698676,0.0938440743841224
7807,3241,0.000174753420161564,0.00538488521561462,0.227390962883688,0.0291605039594571,0.0395673049172899,0.499071946562442,0.199249643041347
8290,1923,5.18985979916644e-07,0.00115869777404356,0.460204364118982,0.151321576331085,0.00337947152660833,0.323013214022007,0.0609221572412946
6151,8515,1.45969081098942e-08,5.32041716987045e-05,0.0809621246729492,0.00389563705449043,0.000101609166471775,0.913965560100031,0.0010218502374505
7461,6957,7.13149262524421e-09,0.00838014117376456,0.000219038797875141,0.000482305813970782,7.35984891081016e-05,0.906513495604037,0.084331412989752
8494,6838,4.38100565847939e-08,0.0428466095185664,0.446587024941958,0.0459222477789845,0.00554800355150322,0.262618670392189,0.196477400006743
4981,5278,5.38109273961355e-10,0.000534419917758584,0.57664550261019,0.0287795195320037,0.0111311350075361,0.244265013502824,0.138644408891578
6911,3600,1.54127400905124e-06,0.00121197650533086,0.262214652152774,0.156501653021952,0.000522387252443248,0.423239307005732,0.156308482787759
7322,7916,0.000260627045792464,0.0450033979031631,0.0132055381733331,0.0692667144610087,0.00386184273896457,0.517315245766312,0.351086633911426
9251,9356,1.12641183951978e-06,0.0263024544320731,0.416806582020817,0.0015709896347921,0.00185484803637281,0.181462698187918,0.372001301276187
9942,5520,2.7930701612179e-09,0.000271352803201299,0.00383106456057127,0.00559132778546583,3.38810322893304e-05,0.684125969435151,0.306146401590251
6012,9714,1.72195355762954e-08,0.00578791618001358,0.000447267992292904,0.0307078713020408,9.57967253059074e-05,0.893885199499141,0.0690759310816705
5667,10553,6.26254324701146e-05,0.0407988854222156,0.28386200364238,0.235191288853094,0.00828550494019615,0.228155773178649,0.203643918530994
8839,6239,1.16639765943219e-10,0.00230756086544222,0.00308641394183404,0.00387693897976198,0.000375677946584255,0.699728147721244,0.290625260428494
3051,6236,2.92328595445958e-09,0.000269320364290283,0.575205823739041,0.3551373942997,0.000838644983546082,0.0328126197831906,0.0357361939069455
9599,2043,4.15452007568477e-06,0.0400910255259603,0.364225690747706,0.0282137073692031,0.00995651900207178,0.232982806998592,0.324526095836391
5118,7915,7.75410927910619e-06,0.00167307442938723,0.321961232215266,0.141197635285467,0.00193481320296573,0.26674570274159,0.266479788016045
3604,2400,3.78249186511321e-08,0.00463924482405159,0.0122629977594068,0.0880217225076227,0.000216000005480754,0.739481208103756,0.155378788974763
8427,2882,1.12532671004261e-05,0.0449274983057027,0.272128849024493,0.0281484848620333,0.0388472583767315,0.364301966241349,0.25163468992259
4018,3120,3.22724315208876e-07,0.0337300539064904,0.0304840816044571,0.017567791368264,0.00598669845578223,0.818025732602569,0.0942053193381218
6288,10194,8.39061715364774e-06,0.00217339183430095,0.339660211500336,0.188791580056344,0.000422528450528081,0.350996605675591,0.117947291865746
8011,7917,6.92307164052163e-06,0.132148102878242,0.272499804967926,0.0507782528640122,0.00941531531037587,0.304711733821881,0.230439867085922
8634,2522,4.41774106408881e-06,0.0359959971746265,0.127966882871621,0.00913297101364541,0.0153838515645308,0.4117706449635,0.399745234671012
8288,4800,4.31244856019877e-10,0.000845277951454963,0.000490009172224694,0.000984334643750183,2.91468144408249e-05,0.866591760489296,0.131059470497589
6841,4919,2.40604409179321e-07,0.00678960434744412,0.391678889508838,0.0673191315187477,0.0464920631802261,0.11126657042569,0.376453500414645
6703,5878,8.45081335935781e-11,0.000934184670003338,0.000139770385021451,0.00221283095100404,1.89346275418276e-05,0.948805102545517,0.0478891767364039
3260,2280,2.10196797302159e-06,0.0170624781270507,0.276521035754465,0.0848811211542514,0.000397428445004619,0.540449475990892,0.0806863585603634
10081,3122,9.55159316288391e-07,0.0322526142106664,0.103537691949038,0.0470581899877728,0.0110426574433595,0.279697253372309,0.526410637877539
5807,6477,2.82949942808537e-08,0.00166546720755688,6.13112458680586e-05,0.00104375298860896,3.06270762532781e-05,0.981313206427511,0.0158856067592078
9458,8037,0.00177093165284543,0.132161719280538,0.334803317741223,0.130495658841768,0.00860894152250748,0.109979970779537,0.282179460181581
4224,4438,4.29889037783929e-07,0.0255419253379001,0.299305932064836,0.212542768495046,0.0665201741373247,0.253348413217597,0.142740356858258
8495,5399,3.81974935336868e-06,0.00373915121943056,0.029135599366189,0.0262209512173283,0.000224855414816276,0.646149556027741,0.294526067005142
8496,2043,2.67641070396686e-06,0.0214729084753425,0.599397784267103,0.0461560320028875,0.00445426028138461,0.217855511158186,0.110660827404393
6428,5159,1.69312838432336e-05,0.0313650726295222,0.394232436363036,0.113020107257442,0.0498335575040061,0.0926606461270483,0.318871248835102
6497,3840,9.07718803284985e-07,0.00423591558143433,0.418756786575726,0.133171953383625,0.0147372414348966,0.193409897631469,0.235687297674045
9045,8277,9.15357841591314e-08,0.0522087457762983,0.34951457299535,0.0170506325902299,0.00104937404537338,0.375593578661209,0.204583004395756
6495,8875,0.0192301358655416,0.0435579237050986,0.114229201142968,0.139005492001089,0.00600570572659301,0.615750705145263,0.0622208364134464
10078,8637,0.000167361018307242,0.00769294112557253,0.289898678483696,0.0215537297505225,0.0106635844078901,0.501327249275467,0.168696455938545
10216,7918,1.13208183703777e-05,0.0373873789889305,0.655571328234875,0.13270533480449,0.000850882913013481,0.0430906795758593,0.130383074664462
7392,7077,1.29799658324105e-09,0.00548334321898741,0.000262100742902772,0.00033948482293008,3.903317813256e-05,0.96068613904354,0.0331898976955109
4979,8635,0.00806969086704482,0.0492122734512896,0.127547841417273,0.38879937117287,0.010471966439514,0.11932275565813,0.296576100993879
7529,8276,6.39411760740198e-08,0.013347626826708,0.000984866923394526,0.0030741449801919,7.62508249027707e-05,0.926258184456327,0.0562588620472998
6772,5998,4.02131987033747e-07,0.00467403412850536,0.00179193006965359,0.00201528838440247,0.000613136259599237,0.825384733983195,0.165520475042657
3604,2640,6.63804182316532e-08,0.00217136898365737,0.00795874761056335,0.0685659820429719,9.19666240041946e-05,0.594258021760496,0.326953846597889
8565,3601,7.02113530123877e-08,0.0158793436735124,0.113676478400915,0.0439848316966168,0.00513150112490694,0.57935106821567,0.241976706677026
9803,6719,1.21866386984332e-06,0.0806704587301972,0.356283756035826,0.148518703580877,0.00624829419700175,0.0561016834517374,0.352175885340491
3877,8634,4.18557134822667e-06,0.0563127303246978,0.143244680649839,0.0851604905680076,0.019305578736939,0.509528577711051,0.186443756438117
6567,2761,1.75647330886214e-07,0.00124004526416827,0.567636680937137,0.381590431179346,0.000476412711729276,0.0265239319274742,0.0225323223328149
10218,2883,7.04403185527265e-06,0.0975490300849573,0.242826742917514,0.121161710214348,0.00178368380151608,0.169515540571312,0.367156248378497
9597,5640,1.60528209729444e-07,0.00126404860136054,0.000939311416137473,0.00323375860817005,7.34192815456282e-05,0.683015356795494,0.311473944769083
8289,3841,4.31725705382421e-07,0.00449149775371721,0.0282840936524513,0.00203519380256433,0.000226983922727862,0.666366317719011,0.298595481423823
5049,7795,0.000170223967069533,0.00506012699851239,0.254476093056703,0.144424542817666,0.00952546226737319,0.230013493321881,0.356330057570795
7873,8156,4.00097535235429e-09,0.0537566839394534,0.192474308900409,0.00569276286552533,0.00220932462171378,0.534512387314843,0.21135452835708
5120,2401,3.44608953012429e-11,0.000374748229298795,0.218641052862921,0.00285052167301624,0.000270592964282387,0.649887859459732,0.127975224776288
8152,2642,6.76828007856306e-07,0.0195584979908301,0.401479047477149,0.0286945907940444,0.00669644800068053,0.188990720615358,0.35458001829393
6428,4679,1.17103277429195e-06,0.0052156668219943,0.376912642384668,0.127188720245277,0.0159328394147191,0.270331073753184,0.204417886347384
6980,2522,9.71047156999576e-07,0.00487300734777922,0.264263072600864,0.23250368502322,0.00662733652494629,0.311007888561272,0.180724038894762
8772,2283,4.20456296879674e-09,0.0133601930042364,0.17909497306642,0.00143987364915785,0.00182242240687227,0.37693554132527,0.427346992343481
8837,10075,8.73454516608737e-09,0.000805704315296332,0.690064657481081,0.00193216193558076,0.00114260919768984,0.12752134743349,0.178533510902317
9527,7678,3.90407585697208e-08,0.0665803274681336,0.434451164618877,0.189649549406281,0.0016247903659683,0.19714035453375,0.110553774566231
4911,7795,0.00832346177168828,0.00912568004930808,0.1940188622377,0.348413752710749,0.0040687644960274,0.200151839023214,0.235897639711313
4360,7076,0.00248394717031123,0.0240358454391119,0.447582200958006,0.248324242329056,0.0372446152527942,0.0926313104485533,0.147697838402168
7324,3840,5.88705546695244e-07,0.0031015465962136,0.1868310368674,0.0787436627055468,0.0144634986392709,0.450933561998575,0.265926104487448
7187,3601,3.39871864481168e-06,0.00252734114922941,0.49812024539822,0.0903119411933474,0.0587224071419168,0.147879952430419,0.202434713968222
8151,4320,2.22440207333273e-06,0.00150479440335784,9.30031426271308e-06,0.00185228170826669,0.000316024973210811,0.910534783901459,0.0857805902973699
4361,5397,6.64656321631281e-07,0.0187746837536205,0.487278243333528,0.184420293112359,0.0140426050617928,0.193656499818268,0.10182701026411
9668,2163,9.3212684641612e-07,0.0505375783944608,0.328805416719008,0.204407057715363,0.00592076075690307,0.0844468029187787,0.325881451368641
5741,1802,2.16536635621646e-07,0.00482157189915132,0.305471970231797,0.0348928776675378,0.00981429283055586,0.431312877518575,0.213686193315747
5810,1442,3.71898555222655e-09,0.000254317791481483,0.518699243967803,0.191171577263798,0.0206017572020867,0.240303128613542,0.0289699714423031
5326,5158,1.93809486837288e-07,0.0403464427413488,0.685288549281037,0.00358944919056635,0.00683379788892323,0.0563303164318954,0.207611250656742
9114,6479,1.27913158069508e-05,0.0271743422797742,0.247000345027823,0.021131792800439,0.00619049002215452,0.436796641644729,0.261693596909274
9460,3242,9.83760080802937e-08,0.0172431212683509,0.00983493004590761,0.0224315501832198,0.00547918436267488,0.769579861331111,0.175431254432728
4911,7316,0.0048413545978068,0.0180183510353085,0.285231870680316,0.127239389447777,0.0247412855189914,0.218307515479837,0.321620233239963
8910,2283,3.61942545211472e-06,0.00852049407756559,0.0306357942320489,0.0707621362947025,0.0245213502151596,0.249635664404338,0.615920941350734
7943,5879,4.55634551007555e-10,0.000574815930496472,0.00274039954686838,0.000284519405184263,2.39277498271325e-06,0.977582327671863,0.0188155442149709
8631,8037,8.95881363598914e-08,0.0852968486879815,0.295604260421053,0.0362139588731276,0.0104821247992183,0.380275171118635,0.192127546511848
5877,5638,2.58080424880882e-07,0.0191249405325582,0.400269080029718,0.147794353578132,0.00180611876722403,0.268189585999601,0.162815663012342
9733,8517,1.67807136862935e-07,0.0337966455059672,0.712515731422176,0.00180988370181462,0.00144657572796905,0.0506132125937734,0.199817783241163
7532,2042,5.75491670012598e-06,0.00783762053221434,0.273393759914225,0.333226251048113,0.000953096051071461,0.344880191000476,0.0397033265372007
6290,6118,1.15251858341973e-07,0.00651592995584715,0.199910091325027,0.0426830949340785,0.00299984147662808,0.55325248968637,0.194638437370192
7256,2761,7.32165747081226e-06,0.00878850262337498,0.257109222201949,0.354346229079083,0.00230125863446889,0.229742429957659,0.147705035845994
4842,8155,0.00147554959048135,0.0112907507099252,0.237811491827427,0.217854764586086,0.00789815224696069,0.109862015875452,0.413807275163667
8358,3242,9.21573098064139e-07,0.017931684449151,0.343465816682216,0.107892768882683,0.0406526204563291,0.284127118127867,0.205929069828656
7460,7197,3.37583072337413e-08,0.0422851444358684,0.0183290629149217,0.000912731206015122,0.000112068507631561,0.851240826536164,0.0871201326410923
3258,5637,8.09042746852405e-05,0.109618873810283,0.387315526111756,0.0331134499505421,0.0648632287143666,0.105360679814066,0.299647337324301
5599,9714,6.7004385350107e-06,0.0197764516396389,0.122277175662758,0.190684420155977,0.00137731627951665,0.399482329795928,0.266395606027647
9320,8517,1.65688603083232e-06,0.0302159571278804,0.581557970271986,0.0440946221415954,0.00416016637732204,0.153972864220678,0.185996762974508
5875,9234,7.3151143889673e-10,0.00249335180061944,0.00155628586756704,0.118563157040637,4.96692392246244e-05,0.739784245387375,0.137553289933065
5670,5518,1.87682157702871e-06,0.052255177680606,0.434805316174881,0.0851410950061013,0.0121359473816207,0.195231348894586,0.220429238040628
4499,3959,6.68030627680938e-07,0.000980407026832783,0.1371427660224,0.316914086801747,0.0673556425094457,0.417999213886717,0.0596072157222294
3329,3119,1.88987387138875e-07,0.0122108116653039,0.0962068053311212,0.152297007447958,0.00239724925531571,0.601645401865175,0.135242535447739
8218,7797,3.74835366839182e-07,0.0921892556871923,0.461156273118928,0.0233694295002324,0.00545900614999306,0.204336967876963,0.213488692831324
10009,8038,3.80483620181378e-07,0.0802614467996351,0.464167461919602,0.0220236179143395,0.00280488824777334,0.168316460468523,0.262425744166507
5876,7796,5.86420138302757e-05,0.00261785077960424,0.402225909432134,0.186077909306358,0.00531449230433266,0.199719383645085,0.203985812518656
9184,5160,3.78911595915608e-08,0.00121087046347253,0.00314674974710966,0.00973035708925249,7.10339712777016e-05,0.753479053537782,0.232361897299946
5807,7436,5.93626314662789e-05,0.0209752332744562,0.339473667611779,0.162366959995428,0.0177236682170883,0.323540595833432,0.13586051243635
6289,7556,0.000599252773909151,0.0355701795522432,0.142105848625393,0.119765478410207,0.0071957576815904,0.461827124541065,0.232936358415592
7186,4560,0.000255537805459244,0.0214307686658036,0.0602573585029494,0.0147883428292287,0.0176683344852031,0.671989924430945,0.213609733280411
5669,7916,3.54059745242071e-06,0.00497456247638273,0.201353481887613,0.0872532415114337,0.00609947049777937,0.117380577845341,0.582935125183997
7118,2522,6.84450040486776e-08,0.00127630201765621,0.366787194445518,0.365546459546601,0.00138221365058741,0.193891883585348,0.0711158783092846
9389,9356,4.08466339108962e-06,0.0568052121348537,0.712271473129094,0.00048483389893439,0.00345240234597285,0.0201883783446376,0.206793615483117
5533,4559,1.18428486780843e-06,0.0427390684685958,0.621568398197841,0.0778613864898134,0.0617890016008805,0.0299236986758838,0.166117262282118
3533,8034,6.43601464663723e-09,9.45566435434925e-05,0.0069346872585232,0.0240129675995629,6.12446575577504e-05,0.503006602386783,0.465889935018015
7737,4800,5.99706580197643e-07,0.00289126443395735,0.142220161996876,0.00466822500174069,0.0153330300865245,0.320601936988046,0.514284781786275
9252,7438,6.9417951855188e-06,0.109934806468798,0.374596343677087,0.151848754443809,0.00319926270500424,0.111011067234413,0.249402823675703
7460,8876,7.22537384903583e-08,0.0350809005585703,0.083818867003978,0.0483534756220415,0.00117473703813322,0.658055202199202,0.173516745324337
6705,1802,3.82932536002988e-08,0.000342983056879615,0.528503787840106,0.143808047055616,0.00689360514329879,0.213241712025178,0.107209826585668
8220,2762,0.000361361982002976,0.0430494544923179,0.311017737869831,0.0939446501009673,0.0430125620699152,0.262291163702613,0.246323069782352
8909,3242,3.97151720207909e-07,0.00437610978668774,0.156448206547375,0.0018771419730763,0.000173966913291604,0.777510012878027,0.0596141647498223
5324,7796,4.70147801887423e-05,0.0120988009373573,0.345221341102371,0.168721723113646,0.0156066700893802,0.0944419157881801,0.363862534188876
6428,5398,2.164607053382e-05,0.0159348180454087,0.38320106696121,0.169473980345142,0.00569910844403229,0.134239862781367,0.291429517352306
8564,4800,1.03163851749663e-10,2.02434232399455e-06,1.10739090903011e-06,9.7349632635793e-06,3.96122904367516e-05,0.459792628819241,0.540154892090662
4772,10193,0.000101257318858366,0.0445972440173722,0.267388490347882,0.26382191296812,0.00776104076383249,0.273711043670768,0.142619010913167
3878,7195,5.65491552210215e-05,0.00214942909074132,0.439989768798467,0.136481877883157,0.00805431547589233,0.270983370868945,0.142284688727576
4292,5278,1.75656734549425e-07,0.0099043329913646,0.558081893182657,0.209990050504955,0.00399299883069126,0.0886133864534527,0.129417162380145
8220,3002,7.52859382344452e-06,0.0356796880809154,0.335346607891331,0.0692453800569069,0.0137290053480499,0.397553313075212,0.148438476953761
5741,1562,0.000547886295164409,0.00880090555432335,0.178630363424465,0.105218650406996,0.0296241048510749,0.580091411141501,0.0970866783264756
8217,9236,2.47079102428536e-09,0.0332057566525483,0.522680638654504,0.00457948267601539,0.000704320664300121,0.258411796166082,0.180418002715759
5325,6117,1.07326628159809e-09,0.00568593930395609,0.0037974259342597,0.0041531994208418,2.83178398355958e-05,0.945180485934773,0.0411546304930679
4291,8155,0.0139552530632698,0.0578544973690824,0.231984654982717,0.11139469372655,0.0288891883612842,0.351754233801817,0.204167478695279
7391,7317,1.31513953895703e-09,0.00323581680520765,1.53510322720795e-05,0.00108798136501843,1.13225977423229e-05,0.97428433410685,0.0213651927777703
9322,3722,9.44037210956445e-11,0.00235372293123319,0.037538984572299,0.00927076324160508,3.84987586429849e-06,0.827631052670381,0.123201626614214
9391,3841,2.47695206119482e-07,0.010287537445358,0.280754252535343,0.00160836264736105,0.0018375343419719,0.487582541967731,0.217929523367028
3602,7195,1.47353634109879e-05,0.00579270078922874,0.408102949779076,0.273582406547663,0.00498480302052637,0.105006685312082,0.202515719188012
8633,4440,6.77166355364646e-07,0.000646164374650506,0.00445458921659511,0.00513655288487336,0.00169090454358566,0.518584097760762,0.469487014053178
8082,4440,1.10198419038439e-06,0.000639161352209265,5.75679926785126e-05,0.000443477632136078,0.000222912148200236,0.714762520116861,0.283873258773725
3880,3359,6.64351920019993e-08,0.00318313291093231,0.101415530733255,8.82028976144467e-05,0.00164390177036286,0.883707740482903,0.00996142476974013
4913,3240,1.1083606614004e-06,0.00847519293242263,0.390122756156395,0.112109617753666,0.011634567124767,0.388728997323783,0.088927760348306
8700,7677,5.96743290487505e-06,0.107127700586398,0.423887248534387,0.059483255221996,0.00416026830307667,0.130720160393157,0.274615399528081
5877,4919,1.16248362085624e-08,0.00138886276228545,0.540730482563481,0.00329478412753775,0.00692256857221965,0.417194345160675,0.0304689451889646
4155,4558,1.93543723624107e-07,0.0119888571345514,0.20410693454056,0.132397850248912,0.000507866417061257,0.634794285319135,0.0162040127960573
5737,9714,4.78877796492052e-10,0.00279208820933214,0.0377269899496224,0.0964114496574307,4.30170834949624e-05,0.831215367317593,0.031811087303649
8839,5759,3.05231913912301e-06,0.00723975127169133,0.0349110862840219,0.000882827831467246,0.000241395204995138,0.701581454861149,0.255140432227537
7322,8396,1.4278076480408e-08,0.0370019521366242,0.0821066312906514,0.00820424516004153,0.000415447438039794,0.768720505430319,0.103551204266247
3327,6476,7.19990811948528e-08,0.000911798583865681,0.305826291103911,0.0325198393558005,0.00490890886149998,0.247148831838283,0.408684258257559
4775,3000,6.84579910338922e-07,0.0054301017831248,0.379308693319407,0.0187763373285312,0.0308859305026303,0.488358355602123,0.0772398968842733
6151,8755,1.85112594422464e-06,0.0142227865708638,0.174289015358826,0.152598058960588,0.0034809860297924,0.618387810305672,0.0370194916483134
4498,5877,5.70385829295262e-07,0.00565497841403015,0.343339936791664,0.0833228715136807,0.000883662400988469,0.256757422583796,0.310040557910011
4497,9234,0.00181186999535666,0.0317469730799698,0.343670233542019,0.242203882830933,0.049553079225087,0.24206125087604,0.0889527104505949
6703,6118,1.24141469498167e-05,0.0402049508493977,0.28925737073371,0.0570567936071138,0.00469345606231108,0.38033459032907,0.228440424271448
3536,2040,4.58325949469302e-07,0.00616733707742999,0.00554746221881638,0.0806212064887962,0.00226422512918598,0.837187124047049,0.0682121867127729
5670,5758,2.46559923399869e-10,0.000811714329597944,0.000202717131171119,0.00573139174469321,9.19266441174657e-06,0.966508020935003,0.0267369629485631
10148,5880,1.31063170374749e-08,2.50553055339058e-05,1.46174513258419e-05,0.0300528661177417,0.000112849654869596,0.42841174799511,0.541382850369102
5944,9594,2.85742153137769e-08,0.0120863824860188,0.067052177789453,0.0694964118577312,3.30923170226606e-05,0.799721931050088,0.0516099759254713
8355,9715,8.25847658839479e-07,0.0457054493904821,0.34368269703361,0.00237433643949261,0.00742089304325279,0.357724065159334,0.243091733086169
3879,4558,5.90586160588982e-07,0.0115047463544564,0.0435777132392586,0.100763086786507,0.000975521507620124,0.79529287701844,0.0478854645075572
5255,7915,1.12764078489097e-06,0.00210273960743084,0.174789240389102,0.0401739040925095,0.00289924840685951,0.636367279326855,0.143666460536458
7669,3241,6.63189466458574e-06,0.0022071877783445,0.317029546160926,0.0194283406844359,0.0285266674847414,0.51187441967662,0.120927206320268
5464,3720,5.85528216848819e-09,0.00193743981918893,0.338978502847461,0.0216195057024717,0.000205501172796397,0.62175300467806,0.0155060399247399
8769,9236,4.03399034800395e-06,0.0293552276619809,0.323540650139292,0.0414764112922599,0.00353599216807128,0.258240156987215,0.343847527760832
4498,6836,2.20295277157679e-05,0.0104167329007131,0.327615510819341,0.180235539521456,0.00819606444672388,0.169304363021604,0.304209759762446
9391,3602,1.36860000288225e-09,0.0196185509960746,0.0672774213893578,0.000359551681267129,0.00156166948488104,0.681759176811965,0.229423628267855
6152,6597,2.78512254097092e-06,0.0211671751661763,0.0600711369886443,0.032114209386044,0.0144127479788329,0.656103382220617,0.216128563137144
4016,7196,7.95525628184539e-05,0.00293733546250512,0.366957500136841,0.081981658347429,0.00855965181724452,0.346851929485349,0.192632372187813
7807,2522,6.36517058485245e-07,0.0008373009491421,0.495973925121977,0.145703930571932,0.0193935136504886,0.24415818741018,0.0939325057792216
2846,3239,7.00668965490586e-10,0.000146529091149846,0.493806065395716,3.69194082158418e-05,0.0493421366243108,0.397323958350485,0.0593443904294532
7118,2761,2.65560992705856e-08,0.000535958052805215,0.323052703991371,0.14342273908073,0.00163321016137142,0.28434142334807,0.247013938809553
8838,7677,2.65065993097597e-08,0.0806802901650529,0.457095413991719,0.00841530795416206,0.00213422146367696,0.253935602215208,0.197739137703582
3397,3239,1.05093235936224e-09,0.0049375798225341,0.0154245076461547,0.0741942703894155,0.000366443707427629,0.763783791431435,0.141293405952101
8700,7917,3.77573828425401e-08,0.114077210564361,0.49058548312951,0.0124476787348652,0.000744996671178486,0.140274186942324,0.241870406200378
3674,1801,2.87599775768902e-06,0.000894815699335975,0.000336232282310254,0.0442139470168906,0.000189423845095849,0.730407229846033,0.223955475312576
5395,3120,1.10371266974598e-08,0.00658781251592305,0.440435343867541,0.000135886301257627,0.0167520662783136,0.414735466938153,0.121353413061685
6358,6477,1.88559588311843e-07,0.000169625606319809,0.231729790687767,0.000121583468391317,0.00384016545363606,0.723334815277328,0.0408038309469692
3121,4198,1.56260174007251e-08,0.000402772050994037,0.329658809057567,0.121241678333284,0.00410893317213215,0.211645852888568,0.332941938871438
10081,2163,6.0627176500913e-05,0.0992763892408057,0.481971122664831,0.0839446117447066,0.00437348942677861,0.0595617883118246,0.270811971434553
9254,3602,8.1729531752786e-08,0.0134591031850878,0.177400378737386,0.0026208568020716,0.000854951758495674,0.412681482591567,0.39298314519586
9184,5879,1.59424021838378e-08,0.00156682231161361,0.00831306626098467,0.000962043716390062,9.80285856215321e-05,0.733920268137257,0.255139755045731
7118,2042,2.13244815788636e-07,0.0002581162470925,0.408871786415092,0.049952938684097,0.00814669440772728,0.514381499022194,0.0183887519789813
7804,8516,5.7169167484348e-08,0.0334894657438411,0.184385173278431,0.0260328103590293,0.000370153471830735,0.666574798135476,0.0891475418422247
7118,3960,9.20972606720033e-06,0.00433173824174988,0.228677248258645,0.0780954919617205,0.0196888674136983,0.353707777956944,0.315489666441175
9459,6839,2.5613243422602e-08,0.0194199442054743,0.520614758220769,0.0345626476894239,0.000794352952560393,0.335693142746746,0.0889151285717833
8634,1803,7.11356174329099e-07,0.00641920287716635,0.452061643512339,0.246825260134592,0.00682121484771045,0.14052981055768,0.147342156714338
7187,2162,4.95485996202662e-07,0.00357721944709485,0.567107119104496,0.233810898212306,0.00527939940183946,0.113338671141729,0.0768861972065383
3809,6596,5.7427505921882e-05,0.00924572606163905,0.328336586092787,0.254081584914478,0.0109782619686896,0.282620924677531,0.114679488778954
6704,3241,6.77268928007826e-07,0.00332671583628875,0.56622357348773,0.0261086033544434,0.127816119293418,0.168388219650345,0.108136091108847
5530,10073,1.02778382828676e-05,0.0201737393883083,0.294148335190435,0.184408967312005,0.00456574453187891,0.282242972132693,0.214449963606397
6498,2881,1.35348701335763e-05,0.00244220403136041,0.560354062890218,0.114587413314219,0.01074818625249,0.126370417308996,0.185484181332584
9530,2163,6.78008832330929e-06,0.0104287395564475,0.428479378171156,0.00768721803171549,0.0138787095546882,0.43708560784251,0.102433566755159
9320,8037,3.43474236130515e-07,0.0825127316750055,0.544561062129611,0.124570620588667,0.00911364177790493,0.0100181524403721,0.229223447914204
6291,3480,2.23578665111869e-08,0.0089584847546119,0.642644019810844,0.00943262839069059,0.0285249147848912,0.0693643655208943,0.241075564380201
8011,8157,4.20137308661087e-08,0.0747107898975778,0.192987835932855,0.00627326221274073,0.000259968886606941,0.48997284791971,0.235795253136778
8220,3961,3.77720328404171e-07,0.00199092044612655,0.000809656645234563,0.0114562281339941,0.000627137081452688,0.892866340424873,0.0922493395479904
7392,6838,7.88102238668657e-12,0.000171381572089787,2.53288058218139e-05,9.8677233557959e-05,2.49030490523372e-06,0.739760164455625,0.259941957620119
6911,4560,1.00626791038223e-07,0.00167349464534468,0.233268274497681,0.457620221661929,0.000132089694441353,0.106689188580029,0.200616630293784
9457,9716,6.74422329297928e-10,0.0138140213657281,0.00648827677588048,0.000710610727159515,0.000160863440780785,0.856182145947874,0.122644081068155
8562,7917,3.97521580085024e-06,0.118649126887965,0.219231893403458,0.0792847200692042,0.00681595244651337,0.354696252350295,0.221318079626763
10012,3242,2.424086489497e-08,0.0260846622876825,0.12916374705385,0.0607465868923307,3.67374624880036e-05,0.561232183139635,0.222736058923149
8218,7317,0.000156725448188776,0.0791783620955257,0.210347271900226,0.163625960705068,0.0872761130209399,0.282896879050343,0.176518687779708
9319,9955,8.61164232812787e-09,0.0096899205873998,0.501564861929514,0.00390841733756927,0.000157708093838275,0.34709007163468,0.137589011805356
6842,3720,1.37461563663554e-07,0.00251831264945032,0.567135794077391,0.118816419604915,0.0127009178037608,0.0383389204433926,0.260489497959526
6843,1562,1.91763051444307e-06,0.00236048081993682,0.210188033991319,0.2929614949775,0.00145113382134203,0.471215703025031,0.0218212357343565
4497,9474,0.00099603852764513,0.0735529848976092,0.234930124414557,0.295276883200588,0.0183523180152661,0.162431578754669,0.214460072189666
5946,4559,4.16369076097221e-05,0.00763283155599092,0.401649194191851,0.0861371571518737,0.106244819830921,0.203281081764334,0.19501327859742
6981,2042,1.31341565433801e-06,0.00034873689397026,0.474138971577118,0.00474909312283625,0.0640555057393468,0.428118893750124,0.028587485500951
3811,2041,2.53558701151536e-07,0.00637912665943496,0.0447904109512592,0.0251905402042093,0.000699220327446846,0.620495905474536,0.302444542824412
3604,2880,2.70777231366942e-10,0.000907007501862887,0.00102383000156192,0.0186277389228014,3.43292861515348e-05,0.958604334060744,0.0208027599561008
8083,1563,3.28406553384066e-07,0.00235742677345762,0.537382591429935,0.047030982831051,0.0796233482132218,0.217857716762751,0.11574760558303
3189,5757,2.120145843692e-07,0.00100960674558125,0.567389161860837,0.0666690380116061,0.000613087995841264,0.321145292158149,0.043173601213401
3398,2999,3.74411198384304e-08,0.0177184968508785,0.122534492807991,0.178142291607189,0.000972498241778637,0.591801179673644,0.088831003377399
8220,4440,5.24371671204154e-08,0.000363795001797679,0.00012530043333212,0.00265653003959751,4.62129671322252e-05,0.87901633960953,0.117791769511444
7670,2042,1.23489756684722e-08,0.000706158417555571,0.431458008560227,0.274268260754994,0.00158854286596767,0.24286121606588,0.0491178009863996
5669,7436,7.31437021074321e-06,0.014771036974584,0.344580346554874,0.201394171638187,0.00421452446070059,0.184723108813953,0.250309497187491
5671,4079,1.20121223536663e-09,0.000712920243869336,0.393876996979693,0.00228102414142347,0.00214911206623702,0.560211916320701,0.0407680290468636
10147,7558,2.13982307228346e-07,0.063308979437972,0.5351436573826,0.230098320295271,0.000807607972304603,0.0226330073318854,0.14800821359766
5186,9474,5.77600004790656e-06,0.023353764354759,0.16023120965439,0.20233928433819,0.00392241408254184,0.360417297773114,0.249730253796957
4912,5158,2.04691106309317e-08,0.00070751966790853,0.648842379071356,0.000452748021034704,0.145863361961246,0.175965854172479,0.0281681166368652
9254,2643,2.10797020465542e-06,0.0556344356683142,0.443328684487185,0.042702134544736,0.0113920622961286,0.154380262891765,0.292560312141667
5944,7676,2.00469855064844e-06,0.0022309262635318,0.374972563190259,0.16710112890296,0.00603538827586029,0.277823247322556,0.171834741346282
6635,3840,5.67516467477498e-08,0.00215727056599757,0.371065893495531,0.0422205233097535,0.00384968528724093,0.138329002136381,0.442377568453449
7255,5399,1.10326803559973e-09,0.00397953409820677,0.00120062494099592,0.00127051888013636,0.000405080292984656,0.909293642067621,0.0838505986167868
9871,9716,3.69747176790386e-09,0.00105584128198675,0.0876785022083571,0.0827737490847826,8.54168791918875e-05,0.633833137085176,0.194573349763034
2915,3119,7.5481861820342e-09,0.000610509657105641,0.448960186467757,0.00503256606622951,0.00491676312707183,0.420665430933119,0.119814536200531
5257,5518,9.39476751711403e-10,0.00973466572723959,0.459668142294616,0.124611452929186,0.0024024665353037,0.199401083182908,0.20418218839127
8151,3122,2.51019845479678e-05,0.0479120253917732,0.299567307485819,0.0203632207082618,0.0222732494243944,0.387055759938723,0.22280333506648
5739,5878,4.20321803125295e-10,0.00594895951766202,0.0571435410538111,0.0239814353210727,0.000586637368573433,0.809606803546558,0.102732622772001
8771,3721,8.11136666635306e-07,0.00667052393508728,0.00888505258567702,0.00562931295960875,0.00125400948923099,0.527995428848338,0.449564861045392
5533,3840,2.04401449922992e-08,0.00106139110213471,0.448832004952176,0.114368243474178,0.0051058814202219,0.252367634538026,0.178264824073118
8219,4920,1.63117429793532e-08,0.000293391579283093,7.62343753077678e-06,0.000656255888431627,6.28441083730833e-05,0.719486079319703,0.279493789354935
5739,6117,6.56586352597174e-06,0.0178615569415812,0.0286523063713639,0.0653404908573498,0.00290583573311203,0.687210137135491,0.198023107097576
4293,2400,4.86553965305325e-07,0.00141999866417555,0.269821624582618,0.112039985434388,0.00107016713132838,0.603086534629888,0.012561203003637
8701,7198,2.43641622313164e-06,0.0931683650775705,0.598234245652458,0.0385334310636357,0.00367959967316937,0.170799418440978,0.0955825036759658
5118,7676,5.18759944278526e-05,0.00977543829947312,0.317850114088252,0.243094189178398,0.00529857789047651,0.158248526991464,0.265681277557508
7530,5879,2.71014916334396e-05,0.0129117213161236,0.000741232020466383,0.00436375624268956,0.000995451822056289,0.818256996449008,0.162703740658023
9872,6359,5.37918440047856e-08,0.0264367083958694,0.245101740251825,0.0437414777206491,0.00081814358100942,0.320707595942089,0.363194280316714
4222,7076,3.07531491461244e-07,0.00290391592400738,0.38130419849454,0.115382786877909,0.00845393634740906,0.131101437658877,0.360853417165767
4497,9953,1.8942373338029e-07,0.000885309142279811,0.282915858710723,0.104176533483684,0.00614107404726212,0.397544729108437,0.208336306083879
9735,5640,4.49552669059092e-09,0.00124193273121384,0.00677939388989657,0.000481189654890735,2.73649643706676e-05,0.671281413899691,0.320188700364411
7872,10075,2.06587811614426e-12,0.00364356216303121,0.403942127842125,9.46475612701994e-05,3.76580060946455e-05,0.000100370584582004,0.592181633840831
3809,6117,7.4751408924816e-07,0.000615420664164301,0.383352643906816,0.229840660574445,0.00247173702545626,0.204803342727543,0.178915447587486
4842,7675,0.00108989451843301,0.0130598619995705,0.322521277944738,0.270971537266948,0.0113934009162012,0.146398195374814,0.234565831979296
3810,4198,1.31828338517687e-11,0.000491194947558606,0.000139073557031097,0.00136063821760727,1.69660413734687e-06,0.989830387058821,0.00817700960166198
8151,4800,6.51066172631984e-06,0.00531363613656895,0.0200328925304018,0.00929757689447275,0.000558529836466625,0.614067421561766,0.350723432378598
6841,5878,2.14182333007784e-08,0.0161361870607509,0.0824829560757805,0.0179178350068876,0.000284280708518832,0.690727018938889,0.19245170079094
4776,2521,7.51572263451903e-05,0.00734035066170167,0.507333062644572,0.010358589177553,0.00256216789619762,0.271370125699836,0.200960546693795
6839,8995,6.57339610964128e-08,0.0114639274547555,0.00127821644437704,0.00961894241736309,0.000125121156217776,0.900444367745211,0.0770693590481144
3810,5877,3.09200866438618e-06,0.00747664238947742,0.575212992463511,0.187508217162699,0.00100809862862688,0.112575492772305,0.116215464574716
3534,4918,6.22471067394022e-08,0.00112754061286539,0.336339925467075,0.0170474551693723,0.00406493400089831,0.615169207276771,0.0262508752259111
6015,4679,3.47164397975042e-07,0.00174304269088255,0.311151659130668,0.021266603649779,0.00550205442530854,0.639014003185749,0.0213222897532153
8633,4680,1.25511961997546e-06,0.00025965734716542,0.00149062680620519,0.000397684292065112,0.00221953634815964,0.484053740492523,0.511577499594262
3880,2640,3.23565288794522e-12,9.05388105954588e-05,3.33012274185292e-05,0.000304248135848721,1.7750002990549e-06,0.884384217471612,0.115185919350991
8289,4320,1.60404768074254e-05,0.0174973986478885,0.0590793622433993,0.0268105141406229,0.00318647685035219,0.684329549489246,0.209080658151684
6426,8515,1.44062769950044e-10,0.000490817945787593,2.60581915527467e-06,0.000542795805377705,9.7925163330548e-06,0.949697999051913,0.0492559887173707
8492,10195,9.23993772080178e-12,0.00378474274444643,0.501434445505369,6.31154245619209e-05,0.000196117483632988,8.90017952931423e-06,0.49451267865322
7600,3121,3.38275840907718e-08,0.000564637950039743,0.448280718673935,0.00824472319721671,0.0293121895668886,0.448040467639348,0.0655572291449875
9391,5040,1.13428108004687e-10,0.0001564923550239,0.000971534146061685,0.000470625527900488,2.22253143700265e-05,0.54421814563895,0.454160976904266
6635,3600,5.41056689797404e-09,0.000618490099906659,0.272447358859799,0.062777243734275,0.00170637395441908,0.0798989914707474,0.582551536470286
3535,3239,2.56435791897985e-09,0.00376948542807913,0.00254033600397699,0.0108293293666332,0.000129867701851867,0.968483516088847,0.0142474628462536
9458,7798,1.02821167553885e-06,0.0946722430415491,0.430976305520663,0.217551110542283,0.00202346954149107,0.0574584317903744,0.197317411351964
3122,2759,7.50270790702184e-08,0.00221937738200981,0.0629596981765954,0.122566699291318,0.00028992313340552,0.727106057471461,0.0848581695181307
6634,7437,6.10550086460885e-07,0.00109995515497485,0.187833921414317,0.084384237721783,0.000354538189649767,0.557399907468837,0.168926829500352
9115,5999,2.3885979900325e-09,0.000814146582379841,0.0639833869194491,0.000951113823988272,6.96252074550851e-05,0.825709656477917,0.108472068600212
5189,2281,2.24635344519302e-08,0.00248536581046738,0.564292837226565,0.00472811144110342,0.000355218326422259,0.234400098005609,0.193738346726298
9114,8157,2.99918398292455e-07,0.0721204758759158,0.502083335376181,0.00506530775857108,0.0012854161777601,0.250286055675887,0.169159109217287
6014,5638,1.21064254313561e-07,0.0173727959529449,0.408900244501182,0.0524058184095999,0.00280715067049948,0.23050333199057,0.288010537410949
5326,3959,8.11177566329029e-10,0.0273870659340108,0.261380800056852,0.0370695547709335,0.00220980928772668,0.51068056992341,0.16127219921589
5116,10313,5.62590570771609e-08,0.000376107583286687,0.403255795051499,0.0270188088297251,0.00542575873822153,0.532417658440215,0.0315058150979952
3879,5277,3.3647611453979e-07,0.00395385342416548,0.368713451337593,0.37084245445147,0.00584128886869733,0.198461238932285,0.0521873765096754
4290,9593,1.92038171436083e-06,0.0243793520786562,0.387185102197742,0.303826590669995,0.0217076131730312,0.0580706283382567,0.204828793160605
5257,5278,1.75262207252595e-08,0.00877181339632539,0.659647686002787,0.0865593445899872,0.00799993831898261,0.1779681357842,0.0590530643814962
5050,5398,2.56296435328444e-08,0.00498507314766308,0.562268859935852,0.106627044132801,0.00700559298213775,0.2431893472031,0.0759240569688022
7253,8036,1.98103662196448e-08,0.0161287636520202,0.100583084265071,0.038695196625353,3.37770841049575e-05,0.615548002404025,0.229011156159059
8426,5519,2.24474111802632e-10,0.000179801275006752,0.00301386643743299,0.0059016756951091,1.44318160769407e-05,0.893079893573682,0.097810330978218
4774,6597,3.28487655913753e-08,0.00491469416953914,0.337195577381947,0.106543380151297,0.00145746182593965,0.40129651466049,0.148592338962022
6912,2402,8.36294993503177e-07,0.00128744402540302,0.348884174714876,0.368214668544301,0.00114752334136587,0.184724806976568,0.0957405461024923
8428,1683,4.67890766355194e-05,0.0110157304057221,0.498953342486589,0.176047510027787,0.0846986832412904,0.0597629670905517,0.169474977671424
5809,1922,5.41374952803385e-08,0.000487863126916738,0.464407113905219,0.102790253134712,0.00139799152211584,0.344438489689192,0.0864782344843498
8975,9596,2.90951903635193e-05,0.0434039903544755,0.583483617155781,0.0898220366396157,0.00941000200259965,0.043737025698498,0.230114232958666
5117,8635,2.10664610812238e-05,0.00832924634502605,0.192711799387044,0.223553015944652,0.00236280146953093,0.142385019197729,0.430637051194937
4636,6117,3.93162273319292e-08,0.00790342192936272,0.292271827770776,0.0773691091404207,0.00026073615045781,0.519884990513036,0.10230987517972
9598,3961,7.17560496855764e-11,0.00153723233785382,0.112772256721449,0.0010809212380641,1.67097477865003e-05,0.471893968456288,0.412698911426802
6908,10314,2.78919741638217e-06,0.0341853099216254,0.166170635952023,0.0361483848986403,0.00151837797428282,0.723697322896407,0.0382771791596056
10009,7798,2.73392797442414e-09,0.0264369008943682,0.606395616716696,0.120530762112096,0.000776136272699811,0.104379003135695,0.141481578134517
8012,6478,2.71521881075436e-09,0.0279829847304973,0.0451301868579573,0.00140403304135546,0.000467612571985776,0.760437989158241,0.164577190924744
7462,3841,0.000381263817064846,0.0122881504801919,0.105677447102097,0.0167236730848734,0.0344586305371257,0.604686837147793,0.225783997830854
9803,7198,3.72959554374861e-06,0.0927640683893093,0.425014180838526,0.118324139084225,0.00418816061075843,0.0915774509219338,0.268128270559704
6978,7317,2.43336532937329e-08,0.0147430850569808,0.00714725029290814,0.0236741302936495,0.00107991170573908,0.740130120976106,0.213225477340964
7807,2762,0.000521395128568994,0.00802019740422629,0.348292218722896,0.260568600434899,0.00495177014624696,0.197790168556831,0.179855649606332
3948,3719,0.000483365900776168,0.0187693391551201,0.000986946691371069,0.00630687424249986,0.000649134549404519,0.832447890877083,0.140356448583745
6288,9235,1.45666987373767e-08,0.00823820820277105,0.0233331660666147,0.103158138748767,0.000163611769075411,0.816859027576662,0.0482478330694108
3810,4438,1.13338520909463e-07,0.0170743827304902,0.00647581406904498,0.07093600400667,0.000141826523302108,0.828047185756353,0.0773246735756191
4292,6237,3.98609741500416e-07,0.000432935500753212,0.633323833906362,0.058550279978073,0.00277148037719813,0.292000147446901,0.0129209241809711
5049,8275,0.00046397194869737,0.0038712905943525,0.217717067248199,0.210168901923195,0.00117951692869804,0.284843654294183,0.281755597062675
5877,4199,4.07319177749236e-07,0.00126556161323785,0.404256748642409,0.209520094446526,0.016748354937829,0.284129206237303,0.084079626803518
9665,7678,1.97460489735404e-08,0.085153813495399,0.38292320611838,0.10381782059863,0.0010916314433485,0.196397924989645,0.230615583608548
8561,10315,1.48334106841272e-08,0.0160402013581826,0.467954220810104,0.00192335874012653,0.000301104238152126,0.166598679768128,0.347182420251895
8286,9835,1.18021519199844e-09,0.0211445840068196,0.488124229668212,0.0028782543180635,0.00355242666554843,0.160127669305911,0.32417283485523
3742,2640,3.64477344753869e-11,0.000672862160961048,0.000379251684331806,0.000635903759275447,2.95121798587739e-06,0.987870069594778,0.01043896154622
4015,8634,1.5542489521877e-05,0.00661152165059091,0.137072201637996,0.181793566354134,0.000566339380494003,0.498082426882152,0.175858401605111
4152,10073,1.46247157388035e-07,0.00514866201893005,0.36821418399403,0.342469056572335,0.0018965058775478,0.22858115133675,0.0536902939532492
9665,7438,3.41127550591359e-07,0.0945897220478541,0.506394818177222,0.0244134448674277,0.00302747472113575,0.0658089184172623,0.305765280641547
4359,9713,5.98810970664592e-07,0.00191830131878596,0.170370212398331,0.265183714027179,0.000944931113638776,0.141794146081288,0.419788096249807
5050,5158,6.48653843190268e-08,0.00193140047637644,0.399661283100387,0.0179275244715893,0.0458498665110921,0.316320771118517,0.218309089456654
3189,5996,2.03519524779708e-09,3.60126976858681e-05,0.150611912866829,0.209330903022921,0.00200590706455043,0.00975033135871643,0.628264930954102
3466,3119,4.28478972688741e-08,0.0091889310733239,0.0523033835719587,0.0472498632322503,0.000389135151842661,0.806180469371503,0.0846881747512238
3671,6356,3.60034567426977e-07,0.0104093777562069,0.532125524250136,0.0936516059036253,0.00286963209775447,0.198283233866011,0.162660266091699
4016,5517,8.5194711540298e-09,0.0019250813365692,0.47984736178277,0.056146544707961,0.0615694195218949,0.309332290212934,0.0911792939184004
7325,2162,2.93616712380286e-07,0.00368981607783026,0.497991588730403,0.293313467583764,0.00296185779280062,0.121894521275953,0.0801484549225377
3053,2879,1.15897928524666e-07,0.00631745163063608,0.148656041134061,0.110013464448859,0.00275499417470051,0.641973628881617,0.0902843038321972
4845,1681,1.61299868681854e-07,0.000547616484762236,0.404259845641679,0.184514336771839,0.000196445149622551,0.318921068002258,0.0915605266499699
9871,8997,1.89615055152256e-06,0.0194885813834606,0.494197356370135,0.033180428112752,0.00260602005379597,0.191012043249829,0.259513674679475
6220,7436,2.84227240703089e-05,0.0156067562501113,0.223072879481923,0.145625859484676,0.00282002596019798,0.314488447559839,0.298357608539182
4224,3479,4.57883935285166e-06,0.000142432367906508,0.413956908284619,0.351836905133815,0.0121350402702785,0.118618699924564,0.103305435179463
3602,6716,8.57347892607505e-06,0.00076930971097902,0.298681072218096,0.216977072179833,0.00220450867891739,0.254854943639598,0.226504520093651
7254,7317,9.19113232365722e-08,0.0305270533382109,0.0240854571130827,0.0105568487956047,0.00102721649373442,0.721705101131423,0.21209823121662
3879,4079,1.11135502843413e-09,0.000339910455456594,0.00202054029999137,0.00253012411105283,1.69414883411254e-05,0.992991866289112,0.00210061624469079
3328,3359,1.29346039111493e-10,0.00305556294670551,0.00723954971754758,0.0194832175338766,8.28898253326176e-06,0.950494500953672,0.0197188797363187
3810,5397,3.06734496060949e-09,0.00275331521780634,0.755866162473453,0.0841113754825704,0.00438167348972782,0.0755111787500038,0.0773762915190933
10009,8277,7.92953597232503e-06,0.0775472809957626,0.622692281287983,0.0105620516251141,0.011285626058427,0.00926240116319,0.268642429333551
4153,7915,0.0035685078249472,0.0144571716389168,0.240824897036672,0.155132444813056,0.0415147147929332,0.0831454812312035,0.461356782662271
9047,3002,0.000241719250398996,0.0773605760479559,0.227472323552146,0.063973923247538,0.0612080302119554,0.265779036052584,0.303964391637422
7601,1922,4.69757532987041e-08,0.000493210940142739,0.346586072182973,0.285941058451382,0.000158901116563906,0.329693654600641,0.0371270557325438
10079,6959,1.73566822134865e-06,0.114434962738345,0.488853856346216,0.0969355178792444,0.0140362429388871,0.0566628020432262,0.229074882385861
10080,3602,5.23179015094879e-08,0.0100283416876382,0.00529050415726506,0.00235151997968711,0.000202111620066536,0.875929469012879,0.106198001224562
6636,2162,2.16629692137483e-06,0.00182288206997599,0.34585683575469,0.207135721045164,0.0302319141330282,0.115276678671305,0.299673802028916
9321,5879,1.89176109010292e-09,0.00853918618808476,0.0116674413063605,0.0548648206730519,5.58754971814465e-05,0.721764762318844,0.203107912124716
3741,5997,4.51696688648381e-06,0.0164779873565133,0.38341183174094,0.228403808170018,0.0116273790456081,0.193133096841946,0.166941379878088
9117,1683,6.06315791289569e-07,0.066656721942276,0.315479630675548,0.0239311049938435,0.00322149414212711,0.0849447879664386,0.505765653963975
7599,5759,1.87320568879129e-08,0.00446024304237456,0.136896994120077,0.00359876190785888,6.85489727710335e-05,0.620865209381412,0.23411022384345
4155,4798,9.6060622444725e-08,0.000774359570117921,0.19548594359842,0.0461738863854874,0.0098644020231253,0.223965951579855,0.523735360782372
9733,9716,3.45810086760613e-10,0.00133483569155814,0.282505962823287,0.0668919537600008,4.01758528137417e-05,0.501856085169282,0.147370986357248
6909,8156,9.00424112300737e-09,0.00993819646112457,0.0473090470892568,0.00706721982273885,0.000177737864835525,0.862164004665129,0.0733437850926737
6912,1922,2.18767202506358e-07,0.000328847827454403,0.52285948018101,0.196758934161551,0.00266147449745327,0.238554951136316,0.0388360934290128
6153,3001,1.87918400185431e-07,0.00975718976107396,0.645268092401193,0.0445289575414285,0.0420748819880589,0.185205022763981,0.0731656676258642
2568,8993,5.13290349944881e-06,0.00234813135476903,0.341984588659217,0.408765703004237,0.000151065716234046,0.0648826996586288,0.181862678703415
5462,7556,5.23241072196416e-06,0.0059276138764059,0.311531058725425,0.0496913585959279,0.013072157049461,0.478150984623099,0.141621594718959
4154,5278,3.19478993161536e-07,0.0215213499043219,0.630432587123618,0.147967655687736,0.0113472481678758,0.035141140243419,0.153589699394036
3879,5038,1.93887277230776e-06,0.0138007445793952,0.331430425371378,0.0119426348913153,0.0166168203483355,0.582933308482461,0.0432741274543434
7115,9954,1.79936700615295e-06,0.0171338589789855,0.358962750801295,0.292997907318227,0.00494946838101314,0.272158764258998,0.0537954508944752
9182,8996,1.24965656779085e-07,0.0129678698515842,0.381542941631629,0.00988734723146863,0.000395312832129451,0.317482964764022,0.27772343872351
7463,2162,1.0440376264119e-06,0.00121558503152253,0.388901553909574,0.382528903824171,0.00186710428728341,0.193354832505931,0.0321309764038916
4774,7076,4.92993274497477e-08,0.00286631350827118,0.296668918035296,0.0172963982264978,0.00579660904499546,0.199562353349677,0.477809358535935
4983,1681,9.4021793241774e-08,0.000165740552151333,0.0931442421104128,0.110175899538968,0.00740662099781162,0.686015659648176,0.103091743130686
10149,4681,3.67279229951236e-08,0.00120366632423938,0.000349743804611289,0.00147312748384677,0.000112338400167384,0.770010993287199,0.226850093972013
4568,4319,3.33893011436408e-11,0.00380894950198162,0.357675931824171,0.021807423227117,0.000631972837696202,0.553294976212189,0.0627807463634564
6220,8395,2.19826146330411e-06,0.00811212105410493,0.0860641987937624,0.193651375679496,0.000868981868279038,0.645744979165889,0.0655561451770053
10010,5640,3.48604794577828e-10,9.84381729624704e-05,1.43542656963641e-05,0.0207002506108431,3.55699257034467e-05,0.766239757957328,0.212911628718861
6222,3121,2.39481786198435e-06,0.0225429872945057,0.496540045890957,0.26954449207184,0.0194254952401977,0.137818270906704,0.0541263137779334
5947,3360,1.79865120073785e-10,8.94835061973675e-05,0.606035247613785,0.000137379806494761,0.0147192516674042,0.374010964712481,0.00500767251377302
7599,5279,1.77867925499652e-05,0.00804332170930698,0.00809379260018231,0.00730753558682239,0.00134333942377208,0.719855277048615,0.255338946838751
8288,5759,6.69084338675205e-12,5.92712411554812e-05,2.32496625020763e-05,0.00146447853844586,6.96041011057063e-06,0.742533811555864,0.255912228585231
4567,5997,1.30360828510587e-07,0.0114401902753053,0.103929616049746,0.0324694949064044,0.000321015117299021,0.781857092860785,0.0699824604296316
2847,2280,5.38622183373104e-06,0.00769514972194208,0.172695632047712,0.0291916654884837,0.00355321667196641,0.543668126083483,0.243190823764579
5255,8155,8.34206217768877e-06,0.00271289248261081,0.280616634113847,0.255370338551037,0.00127770245423412,0.125127791920714,0.334886298415379
7668,5399,1.00743161943936e-09,0.00258165286080372,0.000554699600090683,0.00125112975020103,5.8011501292567e-05,0.837763318960327,0.157791186319853
8975,8637,1.35657758939233e-07,0.0193603865882702,0.54214309188688,0.00504469800368754,0.00579971706025229,0.247653748374336,0.179998222428815
9527,8637,7.89792483047053e-07,0.0488734116409914,0.492322154798851,0.0104236322457971,0.0100196063459798,0.24373825511923,0.194622150056667
4222,7795,0.00342084320879414,0.0131491029013657,0.359362886478545,0.225249861537039,0.0395839094089878,0.145417302615609,0.21381609384966
10011,3482,3.68783309198857e-10,0.000416817273983736,0.450900959736403,0.00778069124052029,7.4661195509891e-07,0.501184497228322,0.0397162875400323
4842,7196,3.93547139285989e-05,0.000854685509874383,0.369800457221195,0.291762621376375,0.00499561295889587,0.198716927940993,0.133830340278738
8427,3841,5.57580020866947e-08,0.00177698116252369,0.0191657565964127,0.00171600609845431,0.000132322079050583,0.796968652438433,0.180240225867124
3878,6236,0.000142608142829994,0.00329159560517163,0.370316554283507,0.196855056396908,0.00125928474222285,0.173394847773356,0.254740053056004
5530,10553,2.86334944309515e-06,0.0035098326441492,0.432561425870918,0.37094530463379,0.00283619185442469,0.0977992331095247,0.0923451485377497
8494,7318,2.07806680251381e-07,0.0805497388108103,0.526342882312007,0.0211380040205163,0.0139187528262885,0.144104161779927,0.213946252443771
8771,3961,1.21127610171267e-09,0.00260789368234683,0.0278706608698706,0.00636302295779975,1.50015532806892e-05,0.754152235865087,0.20899118386034
9599,2523,6.99147991611496e-05,0.0420713329317116,0.270562080131921,0.0516517800982626,0.0121939321977583,0.248862818518295,0.374588141322891
4635,7555,1.73606193028911e-05,0.00875685770998458,0.34106929665663,0.0862160648854486,0.00952509085830641,0.263266201413557,0.291149127856771
8772,1803,7.71471363571585e-05,0.00841222017144285,0.454187681466388,0.0176761088573881,0.0055934610018356,0.393003873991846,0.121049507374742
4569,3360,1.07945568838183e-09,6.18001328022947e-05,0.15246643661457,0.0191617756515837,0.00253443083626878,0.173263383048193,0.652512172637126
5739,4679,1.81748206472217e-08,0.00244569780656293,0.621228001805781,0.000386002804718101,0.182567093468507,0.161836776193369,0.0315364097462416
8426,5759,3.03215257356206e-08,0.0049051181583445,0.000366883255043298,0.00283021029480886,0.000105864559578824,0.824240957220011,0.167550936190688
7325,2881,1.85154212037074e-06,0.00955139527958936,0.337751778291097,0.185178039863933,0.00153091736907368,0.368184890305102,0.0978011273490844
7942,8037,1.87167991680453e-07,0.0746621724589936,0.231966152470938,0.0118893718954733,0.0118287532371746,0.434297992827543,0.235355369941886
5462,8035,1.91978925268108e-05,0.00896157583653646,0.294840617172791,0.195325337717968,0.00929442632309483,0.154487958242565,0.337070886814518
5944,8875,1.11436213353714e-08,0.0036948505097477,0.000865688985099243,0.0442780143993075,2.6487581592596e-05,0.836975092547918,0.114159854832714
10010,5880,8.58405441941475e-08,0.000795692732908268,0.000797050103343575,0.0678600912040736,0.000139276810309428,0.601799240372988,0.328608562935833
4015,8874,4.63711837041178e-06,0.0177908167332832,0.306745312288533,0.190100776953072,0.002052532603593,0.422365937686604,0.0609399866165441
7117,4919,3.59790219879348e-08,0.00327514150327296,0.0106559898663736,0.0148436024380058,0.000775069019391278,0.775458411054032,0.194991750139902
7046,9595,1.59471531960487e-06,0.0530347497956557,0.272453291592668,0.128517802655317,0.0199632570861015,0.393149099181918,0.13288020497302
8700,8876,0.000895478383778156,0.0488717702808156,0.400189468152032,0.0501121986305886,0.00292341569537196,0.0882772192515388,0.408730449605875
4775,3480,2.92062467179069e-06,0.00400771538541849,0.19544638218574,0.068152485237443,0.0401285376190547,0.475763421889552,0.21649853705812
4431,2640,9.63749480699527e-08,0.000443837838095339,0.595992556007747,0.22542667482128,8.08520788115097e-05,0.146817483919346,0.0312384989597722
6705,2521,9.66220966003692e-06,0.0139678362928003,0.322119685588148,0.19248148907204,0.0142108842243466,0.41404530631951,0.0431651362934951
4637,5398,2.66804005781128e-07,0.000772413176414752,0.480968837586776,0.260750209232209,0.00323939347501084,0.167091356585798,0.087177523139786
8975,8876,0.000196697153448549,0.0800449769998756,0.399807878711892,0.0328948576215915,0.0670305308689073,0.185949307465041,0.234075751179244
7256,3241,4.58747502348143e-07,0.00664935653987291,0.174362334587592,0.0497734338614533,0.019891737563683,0.632843556472128,0.116479122227768
7394,1803,4.47830568890957e-07,0.000227700349286447,0.391792674090946,0.355735979544574,0.000452058640524987,0.239738997057877,0.0120521424862229
7462,3601,3.19413296661429e-05,0.000827538342214367,0.276521923996339,0.093692572136853,0.0200777731259525,0.566185716288973,0.0426625347800022
8909,3961,2.88162758178284e-06,0.0162861750316922,0.0202634709891271,0.00932413422012233,0.00061601776945799,0.754071566602856,0.199435753759163
6426,8276,1.1592408122269e-08,0.00399219650359994,0.000961588806963788,0.00415364246036744,2.02036483311534e-05,0.961520840988858,0.0293515159994716
8219,6358,2.29730051425329e-10,0.0187567026548257,0.187313807425695,0.0144026356134589,0.00013246707581061,0.620653179156792,0.158741207843688
4979,9833,3.24931342504829e-07,0.00296960406711919,0.186509623183266,0.21155241460923,0.00112186160688746,0.215253749096021,0.382592422506133
9874,2043,7.42963882259148e-08,0.0365218186895618,0.331269560726005,0.256768439272641,0.000998001768684478,0.074212578431603,0.300229526815117
7393,4200,0.000139715194162378,0.0016183431133392,0.0137808656104566,0.000621207604629162,0.0368587810831892,0.337483488002601,0.609497599391623
4221,9473,2.6004803620674e-06,0.0162584084685916,0.311310573515794,0.368535010853631,0.00172625388913146,0.119361888803657,0.182805263988833
4153,7675,1.71152243194162e-06,0.0020381626106544,0.200232337393712,0.124511180321817,0.00104688283835998,0.152985725183808,0.519184000129218
4843,5518,5.46223268485766e-07,0.0106474680989617,0.325404438674391,0.118623058849722,0.00577513276750435,0.389969768544802,0.14957958684135
7531,3241,1.78026329458798e-05,0.000660652379371095,0.420043335467718,0.00132107233752022,0.100882026335594,0.440842320254617,0.036232790592234
6564,7796,0.000110663863147709,0.0338276582577388,0.0659490075573815,0.0372801540466715,0.00801229700703882,0.56868656284133,0.286133656426692
7255,4200,3.0457035143154e-06,0.00151511498128894,0.17668061865965,0.0126518582697606,0.00316346555609815,0.525027990886155,0.280957905943533
8359,1803,6.0516004653694e-08,0.000120401506091563,0.500000259511468,0.0145065760533734,0.00407916454575672,0.427270365526564,0.0540231723407416
4634,9953,4.00613172160716e-06,0.00788482959978883,0.261685909880074,0.123145588574066,0.0204056190275738,0.426867240207837,0.160006806578938
8768,10435,0.0871288983576667,0.0115914941720427,0.486265431520069,0.0887257464173175,0.00482249749704633,0.169699216123807,0.151766715912051
3742,2400,8.53975612774715e-10,0.000681615803323789,2.54351698951782e-05,0.0106196370811083,2.51929683711176e-05,0.958415195521917,0.0302329226014093
3328,5277,7.69814296644902e-08,0.000112825528607262,0.113538873110766,0.0247415249955051,0.00105034788608064,0.859811155538689,0.000745195958922421
5808,4559,1.72702511776096e-06,0.0049356312970603,0.508327506128529,0.260419541728487,0.0121831690033053,0.0182895503978778,0.195842874419624
10148,6120,2.52250522122842e-09,0.000627205063979641,0.00245652934403336,0.000469209246432719,4.38254758570383e-05,0.753622478631951,0.242780749715241
5326,4918,2.09724604195071e-07,0.00265539444051423,0.421681252750919,0.0540319390904088,0.00593094304479439,0.352454177159011,0.163246083789748
7115,8516,1.04618272370658e-06,0.0325256146339799,0.00508293893099895,0.00330346220485585,0.00442363856817352,0.860550393148481,0.0941129063307873
5187,5877,1.15276282101003e-09,0.00243409418480213,0.000137625555250445,0.00373677775114167,3.17273536109976e-05,0.957891087312093,0.0357686866903391
4016,6236,7.74811243991343e-08,0.00200913665667589,0.302863921053192,0.0758077042681295,0.00638694889481138,0.208553317792356,0.404378893853711
6979,4919,1.02274180711892e-07,0.0099665894986129,0.0205947176857452,0.0188786869411207,0.0062416041832078,0.664012976415145,0.280305323001987
6634,5758,2.3822003431138e-07,0.012089917421059,0.191975491973674,0.224178557203336,0.000497215124364919,0.439588086883223,0.131670493174309
9185,1803,1.68020556327175e-07,0.02968875445397,0.417583819462177,0.0075309083809758,0.000621647576175919,0.139841378856218,0.404733323249927
5874,9954,5.3123723482658e-08,0.00875008246194381,0.0577103070614383,0.0165153345862604,0.000213781695058542,0.873562058292066,0.0432483827795096
8838,8397,6.4386645896475e-07,0.0624349752805049,0.369195666115618,0.0120781889939513,0.00292995169887742,0.394500314412245,0.158860259632344
9044,10435,9.20062850790059e-11,0.00137295313530931,0.195788605479171,0.0618012540150508,1.45837328191554e-05,0.351185495094098,0.389837108451546
5599,8755,0.000588360513423988,0.0171736049240201,0.102282447245412,0.175579640133833,0.00488799709124563,0.225785578985337,0.473702371106729
6564,9714,0.000105063982941654,0.0290476413700754,0.328998138203747,0.252691165102198,0.00777205169686703,0.27496236968265,0.106423569961521
3396,6596,0.000371677072452449,0.00639275948765265,0.420924018602386,0.0164979745162372,0.00787974882563114,0.525698836327987,0.0222349851676536
7393,3721,1.62324139439001e-07,0.00183316049160445,0.329486595967024,0.0612459824365763,0.0167570175932523,0.465624925179929,0.125052156007474
9871,8038,2.15977906823356e-05,0.0857167095952564,0.603058350531319,0.0251460347804977,0.0154795855715601,0.0578742054213765,0.212703516309308
5668,10073,1.53127194268294e-06,0.0108802334778008,0.25748953672886,0.0407964198966436,0.00375516768479013,0.220671111810708,0.466405999129256
5806,8395,9.53436720429528e-05,0.0054827390300223,0.210481205143423,0.332795284984961,0.00104196062255713,0.250037858058773,0.20006560848822
7669,2762,3.50384417872024e-06,0.0101347651538071,0.424695948505543,0.208950378131711,0.00170482895554546,0.309582749221768,0.0449278261874473
4636,6357,6.99031442273904e-07,0.0036195390058089,0.365471441627521,0.163556815795464,0.00160032730984724,0.292369497998471,0.173381679231446
8976,7438,6.17221124503921e-07,0.113590915400782,0.359901001152347,0.163918066436628,0.0020674020495038,0.154099357624665,0.206422640114949
5738,7316,6.06463859093683e-06,0.0204060393783901,0.215753496911456,0.201338277862258,0.0027843295532232,0.417274705796745,0.142437085859337
7187,3121,1.23462780165439e-06,0.00396615064907564,0.244885967412986,0.209296965001269,0.00324664580230967,0.443556781655874,0.0950462548506839
3396,7075,4.26451133053092e-06,0.00857799011794481,0.26546055540192,0.12986397983658,0.00424363060635455,0.217996372134095,0.373853207391776
7183,10314,0.0127792388363326,0.155519631277822,0.265055545621708,0.15163044879129,0.110910309178249,0.198539904308863,0.105564921985735
9598,3722,6.9660664136235e-06,0.00412305895377669,0.000109617084436961,0.00301178087842336,0.000321763984196751,0.819017670460747,0.173409142572006
4774,5398,3.50160820811736e-06,0.00645671540790634,0.361417854129659,0.0361380228662096,0.0547034900120143,0.211642098204425,0.329638317771578
6288,8995,1.23593144444274e-07,0.0136467487472049,0.00497752600053641,0.0244960926128349,0.000306678782410208,0.915173954523555,0.0413988757403144
4359,10193,1.40171701233591e-05,0.0127580803133493,0.200772706393611,0.210250210118422,0.000977475148824401,0.466793677377131,0.10843383347854
8841,1683,3.79317894885327e-06,0.0124944170256449,0.423742637225335,0.0156331584264663,0.00157717584334221,0.265908748587268,0.280640069712994
8908,6598,3.88729552504843e-07,0.0559579443417639,0.186750529765349,0.00744345196182237,0.0015655777399194,0.614449094916304,0.133833012545289
8839,6958,1.41505971521575e-06,0.106925391951725,0.420528408058986,0.0293667221488412,0.0100665084944305,0.269381855762091,0.163729698524211
5256,5758,6.91373748432803e-08,0.0034729124152717,0.274505166491025,0.168394498422733,0.00212508233161554,0.463226182900458,0.0882760883015221
6774,2402,5.19190599798381e-07,0.000869521478699386,0.374762609248227,0.275976845718849,0.000871126204290729,0.189040367983447,0.158479010175887
8495,4201,5.98533097463752e-07,0.0159625589296939,0.0487375739531129,0.00463683003107078,0.000908135801398222,0.675960740357097,0.25379356239453
9873,5400,1.8031995060148e-10,0.000641714277706562,0.0024025727482649,0.00813957413028501,1.78178508531325e-05,0.70886776920159,0.279930551610981
6565,6597,2.8539785498475e-06,0.00746226984388506,0.146453097392789,0.101624453264894,0.00719382454244021,0.721335646179775,0.015927854797667
9113,10075,2.11615024336717e-08,0.00463984700761221,0.300844858013632,0.102940639270112,0.000429389557606203,0.33961963400938,0.251525610980156
7393,4919,1.1043673329241e-05,0.00198265339421298,0.0082992407705134,0.00337636309474703,0.00140679699247582,0.672450196199753,0.312473705874968
8424,9116,2.1319498992165e-07,0.0295635875244315,0.438993856191917,0.0492237041119006,0.0104330829945543,0.0816376005259667,0.39014795545624
9527,8157,3.74624878891546e-06,0.0499442485265043,0.501108782506905,0.130696206620777,0.00283189872265602,0.109893251715263,0.205521865659106
4569,1681,5.10519426518759e-05,4.49371571453507e-05,0.377025917076819,0.0521345301348086,0.00520063747222409,0.498512992016213,0.0670299342001379
4086,4199,1.15230129075542e-09,0.000571981427076425,0.00190289688530449,0.00472072771995595,3.45796859735285e-06,0.93813467659181,0.054666258254954
6980,3481,4.87927524161457e-07,0.00242665435160878,0.351142333652438,0.199104134148918,0.00549151362880033,0.175551328822002,0.266283547468709
3880,3120,0.00462328865250156,0.000984980415572085,0.0933201072833629,0.000845917015575575,0.00487508278633418,0.894483105985951,0.00086751786070213
7255,4919,0.000113489219138989,0.0124035803650903,0.0759765967151007,0.0228446262411269,0.0070439241145589,0.743798373287443,0.137819410057541
7737,5999,7.69387772325787e-11,0.00181347546323876,0.000140818543031976,0.000508535038159228,2.03891275975545e-06,0.959317545317597,0.0382175866482745
6495,9115,5.07342335739059e-10,0.000772101594420616,1.4698117783977e-06,0.00134012492459343,2.50873424464255e-06,0.993043710192444,0.00484008423517645
4774,6836,9.3471913587688e-07,0.007229476063608,0.399620136673991,0.132908121716376,0.00388696473971227,0.342086229156296,0.114268136930881
4360,8035,8.19526477350595e-07,0.00583898019073571,0.330475943470318,0.205627736795289,0.00198304614599597,0.185060252149868,0.271013221721316
8220,4680,3.07557251887184e-05,0.00366560609614536,0.00452658370211119,0.0123804041839666,0.00459691901267502,0.601267033674973,0.37353269760494
8770,5879,2.18675901485534e-11,0.00115051547409291,0.0634681090989337,0.00985458330345294,5.54320644423785e-05,0.7811055425635,0.14436581747371
5670,6237,3.9122128070838e-08,0.0111277108725756,0.11394787554219,0.0338950536482144,0.000821318063255257,0.719883910921961,0.120324091829676
8424,9356,2.96017013468576e-07,0.0351180356245122,0.676285498731508,0.0215766924606018,0.00268980480066665,0.07532705370375,0.189002618661947
6081,10074,1.70045484499584e-06,0.0203442162146439,0.143062261003421,0.0606588129195642,0.00453279024651198,0.715073952059144,0.0563262671018707
5807,5998,3.52429897220623e-08,0.00890833733345445,0.058337246531911,0.0288698059726984,0.000144253997285843,0.728782728468546,0.174957592453114
5117,9354,0.000115520873835132,0.00737263303585223,0.183353452417184,0.239344257555553,0.00227019307163294,0.251714084239652,0.315829858806291
6770,10314,3.36814460367206e-08,0.00625008280875974,0.139571619791831,0.0850779971385139,0.000284675366412027,0.716710718233113,0.0521048729799248
4016,6956,0.000427595677234852,0.0191461631988227,0.258872467153998,0.131309524578478,0.0201984794426061,0.311996338282936,0.258049431665924
6633,8156,6.13736221567054e-07,0.0164655806340861,0.0795365101095268,0.0203963432078641,0.000175171237063386,0.733760790708549,0.149664990366689
7391,8276,7.99531062403399e-08,0.027312494016294,0.088395574576694,0.00945823297697263,0.0057480926858275,0.782831406688316,0.0862541191027897
4912,4678,1.12104028292193e-10,0.000245006029389823,0.262088033736371,0.00126444243870527,0.000101251420784662,0.730458586339905,0.00584267992274027
4637,4199,2.56161520683887e-10,0.0103525565285764,0.161657364081597,0.0560508877315672,0.0667861615941331,0.594636525932072,0.110516503875893
5395,4799,2.31302749689114e-09,0.0032303679982382,0.682822099947037,0.00397449529783823,0.0954737510510477,0.169224448719036,0.0452748346737754
4292,4558,6.82305055314855e-05,0.046837561490916,0.292964248278976,0.249352716555096,0.0113223945487418,0.302116217643128,0.097338630977611
8357,6119,1.58761717604315e-12,7.78510389700056e-06,0.0538823933447214,6.40275937432826e-05,5.74098793949215e-06,0.945728895447345,0.000311157520765972
4566,9593,8.80400535235292e-06,0.00958019272957984,0.381711253903254,0.0857430356661019,0.0159672017536521,0.387073598523107,0.119915913418953
9183,6119,3.58107901498456e-06,0.0222731784480042,0.14329069932727,0.00241290207353286,0.000464927143779104,0.666064238103953,0.165490473824446
6360,2401,1.16836363726655e-06,0.00503742129326105,0.478856291293858,0.00337331604338682,0.115629712293103,0.376166728615703,0.0209353620970507
10149,4441,2.32456121562427e-06,0.00347917283045779,0.0482213626105272,0.0226074783946219,5.33922403739987e-05,0.534213783893686,0.391422485469118
9389,7678,3.76040406198756e-06,0.0947629505042201,0.507244667568328,0.219156606988559,0.00264317166770747,0.0430459221758353,0.133142920691288
8221,2522,0.00185475939255838,0.0163780202426845,0.352060360034688,0.0184033023961856,0.100387470357866,0.433163150972971,0.0777529366030456
8493,9475,9.39373497393891e-10,0.0309486261464159,0.312417143642201,0.0128845118077097,5.66350188126475e-05,0.379426799766853,0.264266282678634
6290,4679,5.05958326100392e-07,0.0100338931257598,0.253656654360719,0.0616804216425549,0.0793327427321896,0.128676647612837,0.466619134567613
3534,6116,9.35977630387497e-07,0.00253911092748418,0.54671713703125,0.157065726496168,0.00251624310595272,0.199763616011291,0.0913972304502235
3605,2160,2.09831964481744e-11,0.000374281197695631,0.00227646496553708,0.00319608722539321,9.7505188267588e-06,0.899278310977256,0.0948651050943087
7875,4320,6.57505859332003e-07,0.00233876345949248,0.0749504913262338,0.00264986536401464,0.0143990425062359,0.441369599252698,0.464291580585466
5875,8515,1.65147476050138e-05,0.0027041378155955,0.390753441579409,0.0767520265616847,0.00262777052628441,0.419737659424672,0.107408449344749
8493,9236,0.000141885406276333,0.0224541614046065,0.528638173138012,0.146980088625763,0.00666626309868012,0.0809247974560858,0.214194630870576
7876,3601,0.00432395825345796,0.0173163831219907,0.0994065387824122,0.0348991254151218,0.0819113741050474,0.303028949189651,0.459113671132319
3741,4318,9.61478307677834e-10,0.000912204980385659,0.000138622633810773,0.00288975014696025,1.62487160043508e-05,0.991245017962776,0.00479815459858479
5461,10193,0.000348960027305144,0.0433976107577701,0.385791404709715,0.20225015087585,0.00779154310597636,0.229842658137747,0.130577672385637
9527,8397,0.000105420251352366,0.0313124349820474,0.477149927775328,0.0220679351518565,0.0183749029009942,0.331724494072011,0.119264884866411
7392,6598,5.26286539241419e-09,0.0180180041836202,0.112500589553682,0.00978472898260061,0.00132028611317881,0.692390907927347,0.165985477976707
4223,6356,7.27305631018257e-07,0.00284134012216948,0.444001530398225,0.253118291664554,0.00213117687383758,0.11279498957373,0.185111944061853
8975,9116,4.97222086449476e-07,0.0427144928923813,0.403764032944426,0.00680650501245936,0.00398165967443499,0.0928867408415378,0.449846071412674
3190,4318,3.09151926804131e-06,0.00254209837359777,0.136163605352293,0.102678033008335,0.000238455872944107,0.701617366272159,0.0567573496014025
7942,8516,1.56508987553077e-08,0.0294977307335677,0.1570116179337,0.0159834275710938,0.00182808315291508,0.600043966962421,0.195635157995404
9805,3362,3.35839496585798e-06,0.00950060658922228,0.127752393247264,0.0401137174069601,0.000598931513519065,0.404087012091686,0.417943980756382
3740,7675,1.93243955869943e-06,0.00346543802573601,0.236317790689656,0.110947706976631,0.00681571016773667,0.322620773182554,0.319830648518128
4015,8155,0.00158854770401177,0.033945992359192,0.231504155079511,0.106496111876046,0.0165620075181306,0.256601636540491,0.353301548922618
6082,7436,1.1892183236576e-05,0.0252425975621127,0.187348733589754,0.200090404683284,0.00479626552610779,0.365185385088744,0.217324721366762
3466,2880,3.96882195102137e-10,0.000175375681421001,0.0609231767181649,0.0194887342217164,0.000531092686829782,0.878525924237769,0.0403556960572164
9045,6599,3.13019961304725e-07,0.0465428470242652,0.116507437536248,0.00734289997510634,0.00231023958735326,0.620637438990058,0.206658823867008
7875,4800,7.26163936471042e-05,0.0174636289268064,0.174832941165768,0.0123097943225453,0.0384416573008778,0.377519884154532,0.379359477735823
8148,10075,1.18015044960964e-08,0.0120995302543599,0.697756637316638,0.00197659790293676,0.000463324847960595,0.0433350544597737,0.244368843416826
9667,3602,7.01696877622651e-08,0.0123627133991178,0.243191466775954,0.00606346872105124,0.00100068327188248,0.461833604149961,0.275547993512346
6774,1682,5.05899544886321e-06,0.00143634377345255,0.408749376324249,0.326536193060567,0.000465177972454899,0.251886357015078,0.0109214928587504
5877,4679,6.82527306681797e-10,0.000187135532866304,0.515141312179187,0.00220464136122344,0.00253349062302895,0.474321603042941,0.00561181657822613
5258,1682,5.96231345493882e-05,0.00625026087896896,0.376123490277248,0.0962361632840029,0.00386185290657277,0.424994961294373,0.0924736482242858
5670,5998,4.7550818795248e-06,0.0237675977042477,0.0105808953137997,0.0382204967651795,0.00564808148717884,0.844450624036507,0.0773275496112081
9321,6119,7.80218098345114e-09,0.00673542499592841,0.106063282875332,0.0016115311788339,0.000101132007208067,0.520586299612536,0.364902321527981
4844,3120,4.52500120082922e-06,0.0053655069511326,0.400878331157985,0.0227855739110672,0.00438584775875765,0.549932129115676,0.0166480861041801
6496,5998,2.90396665177795e-10,0.00466223912139238,0.0371100037634219,0.0080681660940369,0.000179224109700871,0.838736713638002,0.11124365298305
5464,3959,0.0224071344633922,0.0080908907063046,0.474058614444735,0.146142471831412,0.0411180631292487,0.142793134050632,0.165389691374276
4912,5398,2.46619299979915e-05,0.00727420929764106,0.411694960649336,0.0238869918034001,0.00558923767416844,0.437729582416307,0.113800356229149
9114,7198,8.06677589406907e-09,0.101916531108988,0.503372890098339,0.012332450641897,0.00220784218877998,0.0769989165622903,0.30317136133293
5602,4439,1.0629464969322e-08,0.00375880324385099,0.727406450130794,0.113683723736917,0.00192734759005614,0.0447703826884267,0.108453281980491
5324,8515,4.36516089310287e-05,0.00549517390102184,0.324716542041068,0.0963273801434819,0.00199420000241338,0.247591280613315,0.323831771689769
5944,9354,3.72622953685067e-05,0.0171491594197716,0.0448310563329952,0.0784603992778084,0.00198610910891017,0.688356055493398,0.169179958071748
4429,6476,1.12575390729538e-07,0.00637427172791548,0.465939627500072,0.203038395568034,0.000822390374207039,0.163651476382637,0.160173725871744
5257,3600,9.60347329544896e-06,0.008383753592535,0.410685732145671,0.179320402453277,0.0234350018024691,0.140314102118686,0.237851404414067
9526,9356,2.30214675993503e-06,0.0439665402883916,0.378708076188762,0.000822412130689416,0.00596070666192327,0.238644878469226,0.331895084114248
5809,3120,7.34918208483317e-06,0.000518142688649189,0.643193708136657,0.0867253936470319,5.87700097959305e-05,0.247324827040193,0.0221718092955887
7666,10194,2.52149147890899e-09,0.00821622042228459,0.373177906543104,0.00303074765856041,0.00143447480386605,0.128085824107151,0.486054823943542
8219,5160,7.30544718562337e-06,0.00166601805524751,0.000281158964779188,0.00775889731320563,0.00016454928137386,0.716407651581798,0.273714419356411
5669,8395,0.000148801990491661,0.010815547924705,0.285006294465792,0.185636034372852,0.00366633202707941,0.276949999778242,0.237776989440838
8014,1923,6.69457879547115e-06,0.00111881079915169,0.455292012910361,0.104587565669292,0.00593462271796621,0.398495874119627,0.0345644192048068
5462,7076,5.15052959609062e-05,0.0119505239758661,0.372768289343676,0.244771941760583,0.015597781444536,0.169764610566737,0.185095347612641
5943,10553,5.50128287074074e-08,0.0238892656824144,0.153807794394086,0.101449588541788,0.00164815968847138,0.6458604943873,0.0733446422931125
7252,9954,1.9862825503115e-05,0.0046703335624311,0.322675263299016,0.203410745054872,0.01608782550996,0.355310757975542,0.0978252117726753
6496,7916,5.79768529022081e-08,0.0194576361314546,0.101270899068661,0.0908512516397156,0.0021048530362882,0.580045822841547,0.206269479305481
6979,6118,1.51591406833673e-10,0.00499250988769874,0.0702711217807626,0.00225988637440478,0.000155883148522568,0.643548411937701,0.278772186719319
8289,2642,6.65955134676823e-07,0.0405084881464353,0.296494527095038,0.0128913590782857,0.0766477361201517,0.269393204878948,0.304064018726007
4706,5038,6.17017004888160e-09,0.00966845438266591,0.665708226961245,0.057341786972087,0.0391739323956171,0.131938998772409,0.0961685943458059
3535,3719,1.52126539602875e-07,0.00570501143892982,0.00423950002525911,0.0386933250838068,0.000122655092741831,0.911496279154675,0.0397430770780479
7873,8636,2.9234554306369e-05,0.0415405989802764,0.235561341349079,0.126283259415082,0.0113226522683626,0.386392039601797,0.198870873831097
6909,7676,2.29257325191896e-07,0.0396447484157904,0.369251268629963,0.0985055976987738,0.00202134102026477,0.17879348857824,0.311783326399642
9803,7918,1.19637093027904e-07,0.088956245632476,0.558667106065148,0.0281754245126495,0.00341092168082854,0.0188827497176462,0.301907432754159
8496,2762,9.91144250206095e-08,0.0209429246484888,0.36282903507286,0.0206757073288947,0.00606084244421443,0.374346729584569,0.215144661806549
8839,5280,1.0186423949334e-10,0.000931847278415827,0.00442919617151918,0.00069387400512925,3.95336677071891e-06,0.7637741888645,0.230166940211801
6428,5638,1.62602499108006e-08,0.0428865621532935,0.469043676583367,0.0342135004896792,0.00920567876204381,0.119553443825236,0.325097121926131
5737,9474,1.5877058836135e-08,0.0021552309203181,0.00196872348922117,0.0157604935655237,5.17650965439221e-05,0.776290113417016,0.203773657634318
10080,4801,7.25853935523868e-08,0.000305210591995146,7.97578889410963e-05,0.000214671989479741,8.74011707348981e-05,0.635317623384004,0.363995262389451
9597,6599,3.88858503564651e-07,0.0507050794517246,0.340535511464172,0.0485123634452249,0.00164913561935557,0.372148189787507,0.186449331373512
8769,8517,4.83644505990093e-07,0.043974575308229,0.345433413405218,0.0386094628774901,0.00256981139967086,0.342136504971052,0.227275748393833
9941,6959,2.03886709944715e-08,0.0135935025630056,0.569666793625592,0.0616109109150499,0.00668996206973513,0.254380790488395,0.0940580199495512
8290,2402,2.53246095576394e-05,0.0121396293912751,0.394003859125466,0.041607963500244,0.0610935592154486,0.348629150609652,0.142500513548356
7050,1922,2.17490499426484e-08,0.00050865975358599,0.316262239844973,0.144519978894304,0.00218182672811114,0.239241428955165,0.297285844074811
9596,7078,3.49714101512013e-07,0.00720991112996104,0.222399034429988,0.0259026737989807,0.000596477500627736,0.739419698901327,0.00447185452501445
8632,7318,2.97655352548763e-07,0.0744242655782201,0.49879280337084,0.0152928197239325,0.00149619351804895,0.147444417318334,0.262549202835271
3397,3719,7.07016758510213e-06,0.010630397264547,0.115984667455044,0.0663122095114694,0.00397871105557819,0.629586529398756,0.17350041514702
6428,4200,4.44697865796814e-08,0.0039190653998671,0.375391518188622,0.153144233999799,0.000899313104167997,0.0647867096717886,0.401859115165969
6221,5279,2.55897190935471e-07,0.075847582012182,0.516723266744247,0.0321774828141194,0.0347183335322225,0.029454662674576,0.311078416325463
3604,3119,3.10988410454302e-10,0.000806125950515647,4.14576765952721e-05,0.00631069929466344,2.54649080870074e-05,0.93269712895162,0.0601191229075298
6152,6357,9.39159804302022e-09,0.00352991204138403,0.00154162029157431,0.011330456599773,7.07681008955796e-05,0.938317765001651,0.0452094685731236
7528,9715,2.89499665627118e-05,0.0450377579861301,0.362419891032451,0.0908389847129474,0.0538133896209252,0.110809369281944,0.33705165739904
8288,5279,3.13444536245101e-11,0.000457649762451631,0.000434235630019463,0.000290976262811768,1.90763739595874e-05,0.776441960140034,0.222356101799379
9736,2283,5.12868590934822e-08,0.0497834988422441,0.399784521615456,0.0480132522433471,0.019445653818476,0.115746266874499,0.367226755319119
10216,8158,6.08735087221157e-06,0.0494658604010681,0.290755480453886,0.290482199843032,0.00161714981168815,0.222887606878271,0.144785615261183
8081,6598,1.11837104713289e-08,0.0534733887922611,0.31283985342814,0.0244474266890229,0.00109846178719899,0.450835560391224,0.157305297728442
8702,4081,1.95945009535603e-06,0.0163684196853189,0.0191230827945381,0.16245686753249,0.000936305684102252,0.559255935946218,0.241857428907237
9185,2762,5.67141634359445e-06,0.0821590389259112,0.39370944926786,0.00604040838386736,0.0217779146535498,0.267218267995373,0.229089249357096
7666,10434,1.04188797779327e-06,0.00547172532947623,0.528281663385387,0.0554811932974549,0.00393482166527271,0.02981395666924,0.377015597765191
7875,4560,2.19559531048238e-07,0.00231609607478708,0.0230763423612758,0.00359710129765622,0.00640312399731811,0.645349954078377,0.319257162631054
5875,8995,7.38360294154072e-06,0.016652644568209,0.0568775791635771,0.117436621319612,0.000799297853435182,0.617156016504503,0.191070456987722
8013,3601,1.02247767027816e-05,0.00511188078067854,0.360157373111267,0.00353262986368696,0.0366520783700069,0.463800095231318,0.13073571786634
3947,5637,2.03750795244397e-09,0.00687676117206977,0.604082034439408,0.0986622396061784,0.00320853184867188,0.0697548068081757,0.217415624087988
4843,6477,1.80845367219681e-06,0.0102657253510316,0.399307097498808,0.262362662472917,0.00365670789629633,0.258746015207454,0.0656599831198205
5049,7316,7.13978639041772e-06,0.00202121368758839,0.593684516159396,0.0535019095606849,0.0160804315431004,0.224689189343232,0.110015599919608
9115,5040,3.81934773406056e-12,7.38224249133973e-05,0.00305946982991141,0.00219995726149406,9.39175397672458e-06,0.71016270409516,0.284494654630725
4362,2520,0.0520074709131604,0.00231449419148088,0.338551794238593,0.0433769967887247,0.00073226631026963,0.560380173932385,0.00263680362538657
4085,6117,9.08907196798595e-06,0.00235162440651404,0.406396479073264,0.16283242086008,0.00164944454218119,0.171381097786397,0.255379844259595
4428,9354,0.0100785804568219,0.028915939185938,0.302065830535162,0.191349535638162,0.0313036051464624,0.252124492321676,0.184162016715777
7528,10194,2.65234762390821e-05,0.0386421170713043,0.646819760841115,0.0431925786136248,0.0080339720117958,0.0732012942272237,0.190083753758698
9254,2403,8.3975745868882e-05,0.0908070015887776,0.288163568474038,0.0494506121461498,0.0827409475896527,0.0891274083768187,0.399626486078694
9530,2643,1.88277910870879e-08,0.0517886391710487,0.438646430287369,0.0685338659928516,0.00180932313930928,0.196451930895095,0.242769791686536
4290,9833,2.13271507451217e-05,0.0194683377054058,0.347180597426199,0.234114937692979,0.00757736012264398,0.217315775857158,0.174321664044869
6150,10433,6.26996081631126e-07,0.0133172490162027,0.290834822782463,0.237197920646604,0.0014894555047173,0.308875576952175,0.148284348101756
5806,9594,3.65498222246019e-07,0.0121740217594394,0.0590704901734599,0.213067096169339,0.000762017427883511,0.67123224398208,0.0436937649895751
7049,4080,5.16028935128555e-06,0.00349304441326658,0.33624556116444,0.175556233732454,0.0121030218444122,0.151266849979908,0.321330128576167
8355,9475,1.19311260374607e-08,0.0579580618821684,0.490004156213743,0.00273342465055417,0.0018679319805848,0.121663643701649,0.325772769640175
7256,3001,4.92650585552246e-07,0.00550056683821251,0.211039443565596,0.140109297032029,0.0030022885299725,0.508854770735613,0.131493140647992
6083,5278,6.52232156925586e-07,0.0891655397299472,0.423080097416012,0.0888090402011747,0.0015429577056358,0.0655944108657073,0.331807301849366
3328,5037,3.18052738136061e-10,3.56355342151285e-05,0.477881263533104,0.11549611743973,0.000186081440734511,0.379711982186773,0.0266889195473916
5876,7077,7.74078987070988e-07,0.00577446262185116,0.287777592034431,0.157667726966803,0.0132528717824919,0.286884315988661,0.248642256526775
3122,3479,2.52379489413677e-07,0.00112329979461833,0.201704574543985,0.146982686399108,3.53940779225266e-05,0.599250349933746,0.0509034428711299
3742,3839,4.14038426689257e-12,5.93111875825917e-05,1.3187972114489e-07,1.34731320924742e-05,1.78056689349154e-07,0.993179191408763,0.00674771433101065
10008,9956,5.08969498212417e-12,3.59258563769258e-08,1.07254136404792e-05,3.51895217550621e-06,2.44244484459888e-08,0.999940326566289,4.53687125001603e-05
7666,9235,4.21866547388008e-07,0.0327318151479898,0.386681219849935,0.0472443331907982,0.00229856038983708,0.261955970933312,0.26908767862158
3329,2879,1.69180096880849e-09,0.00125759270701836,0.0489782305911765,0.0144933013919888,0.000441073197153872,0.867998753286746,0.0668310471341153
4084,8994,3.12969354462821e-06,0.00652279893404612,0.272890503669615,0.057870965393396,0.00123432548281591,0.410184143636285,0.251294133190297
8977,5520,4.63329677991554e-09,0.000328603311705221,0.0013995310378605,0.00646499019868967,5.62979125632214e-05,0.58046428321647,0.411286289689415
3877,7915,2.56933112317996e-05,0.0172640669154288,0.113771378837685,0.183154650278411,0.00373566011780928,0.289044065637368,0.393004484902066
7598,8156,8.04687854651909e-11,0.0122193684496977,0.0981592715216871,0.00217138220675639,2.95394998099415e-05,0.840219374078743,0.0472010641628366
6636,3361,4.71789567941684e-07,0.00171800463766768,0.349712039370535,0.192825770962077,0.0106201440229579,0.216151581155568,0.228971988061627
6221,6238,2.56522285589834e-07,0.0109165650566053,0.00580120902264594,0.00638010562906481,0.000309151364797843,0.901260156561334,0.0753325558432664
8082,3241,0.000867560592210536,0.0459985510429464,0.327401456791868,0.104383248320238,0.0368335893572282,0.276876476568348,0.207639117327161
6151,8995,4.71983754722737e-07,0.0278764843280198,0.0166230979700184,0.0364097174931851,0.000418194936882974,0.855345337427289,0.0633266958608502
8561,10075,1.84200256044291e-09,0.0104232743836098,0.565088476610569,0.000822727508200413,0.000612153526027172,0.00226989968186889,0.420783466447722
7461,6238,9.55007315148418e-07,0.0295298587582529,0.243259305538563,0.00492773748217941,0.00970673651544365,0.460837600502785,0.25173780619546
4498,6117,3.47991836606939e-06,0.0143745731698468,0.287268972016953,0.0581581688100324,0.00856287186446831,0.463209484751783,0.16842244946855
7667,6598,8.95048614187856e-09,0.0297316279707816,0.0188226772214775,0.00086268207100015,0.000157083498695889,0.858823277649913,0.0916026426376452
3673,2520,5.64337194970931e-10,0.00234893490955722,0.0125485538900941,0.216325197821441,7.28443029509984e-05,0.719501969365445,0.0492024991461751
4290,8874,0.000538378218957568,0.0216085749944361,0.236164094266639,0.176015171604663,0.0069794647614204,0.344007122842585,0.2146871933113
9321,7078,1.26141122915928e-05,0.0839717830027922,0.35440268563111,0.144944883549491,0.0213261570241616,0.211107184825832,0.184234691854321
5255,9354,1.7996488630697e-05,0.0139270938380849,0.111250542671267,0.215669354834539,0.00314231311269569,0.283214433195894,0.372778265858888
5119,4798,1.61730935802453e-08,0.000862990674682618,0.465633182214814,0.0288109495456282,0.0740566184910305,0.367037300753195,0.0635989421475565
4704,8634,2.47996951862336e-07,0.0254987933746666,0.0274409893672716,0.0894389590450952,0.000289368373039609,0.739495699572613,0.117835942270362
8355,8516,9.24383347698952e-07,0.0328612125982085,0.376846285847038,0.0145896063218151,0.000908280855410919,0.404869160511134,0.169924529483046
8565,3122,6.57952715125145e-06,0.0475713822446058,0.226555466274449,0.040839074192279,0.00598761504642162,0.452182864635109,0.226857018079984
5530,9834,3.65997193165123e-07,0.0198895087854487,0.243397358798026,0.19657462544936,0.00166716145264134,0.367651572798248,0.170819406719083
6564,9235,6.26487448724059e-10,0.000672933341293546,6.3196107940046e-06,0.0056976910820453,1.32742773640337e-05,0.973038765141554,0.0205710159204614
3740,7195,5.07687330620732e-07,0.00783801925130865,0.346533087397863,0.104852601113966,0.0157833164174848,0.124173555359019,0.400818912773027
9874,3722,1.28744391923805e-12,0.000146502921967793,0.0690982078345712,3.43055738939413e-05,8.42232950193388e-07,0.704661267989761,0.226058873445568
7667,8276,4.762858693738e-12,0.00378518036932538,0.0105097908735555,0.00267139496717711,5.99419666994032e-06,0.963304910740803,0.0197227288477059
7461,6718,3.89805729940628e-10,0.00176075535707573,0.0214418306045251,0.0018280132719109,0.000165962830652906,0.77998098672272,0.19482245082331
9323,2762,7.21213531521015e-05,0.0733418897333147,0.344217145424619,0.0872158346762692,0.0563812248558253,0.122584284077281,0.316187499879539
5461,9234,1.15403994146972e-07,0.00370245370290905,0.0087587563265393,0.17443848994044,0.000206392770032513,0.644910691974564,0.167983099881521
3259,3958,9.04068548934247e-05,0.0151587602969641,0.110647981032044,0.128333465873023,0.00717306145431584,0.592524352636443,0.146071971852317
6908,9115,9.57959158530028e-09,0.0100174433343456,0.00762111414617029,0.0244902798633964,3.79972336839883e-05,0.937673050285855,0.0201601055569568
5119,5518,0.00159395766891759,0.0175143287820107,0.427344655398422,0.0466975895276659,0.0118583506245456,0.274136780636711,0.220854337361727
6429,3001,1.15152162946728e-06,0.00404736231996966,0.592548452682714,0.181148271582108,0.0764358721496222,0.0535804559308129,0.0922384338131443
8702,3601,8.64303181381043e-09,0.0200056726873634,0.161140689699647,0.00738292551433297,0.000687732613732873,0.711848214851163,0.0989347559907288
5739,5638,4.77529297951885e-09,0.0162334582493694,0.472350430849713,0.0909710885772333,0.00139392684614112,0.145896772718717,0.273154317983533
5186,8035,1.31902915286268e-05,0.00375599676710384,0.141092567553229,0.0817024594299409,0.0121833611208504,0.241893883245649,0.519358541591698
4843,5757,4.45978383624308e-09,0.0105196617572039,0.0165555704475608,0.0286073504685656,0.000401016845555229,0.870261944923384,0.0736544510979468
3880,1921,0.00021783217021137,0.0168720291780896,0.120418909843313,0.0527447921736357,0.000421435482984826,0.673665282673565,0.1356597184782
4773,8754,5.15845261639764e-06,0.0229640331293643,0.135407511047836,0.104428668268231,0.00212013894555524,0.550702885581523,0.184371604574874
8151,4560,7.66860238663422e-10,0.000226078564811563,1.85617720889825e-06,6.28957133722051e-05,4.09424309627518e-06,0.982126955499106,0.0175781190355448
4774,5877,5.32069620309527e-08,0.00509529614448127,0.137341256955014,0.0156467743172106,0.000523680494902343,0.718728141731748,0.122664797149682
8839,5040,1.6536396667459e-08,0.00122323126234189,0.00412546045560665,0.0123203013959236,0.000183357293235948,0.664193960993608,0.317953672062887
9389,8397,1.32706788905605e-08,0.00227508607151177,0.536209749176814,0.000642911235736857,0.00804520000866451,0.432261841261967,0.0205651989746268
4842,7436,0.00167854454419451,0.0165007917510505,0.367640044354595,0.158923125981218,0.0277960411459463,0.217367305989681,0.210094146233314
7323,6718,3.34985844914803e-10,0.0021374278319903,0.0539324442734188,0.000833194988391752,0.000188949629159351,0.801665285479373,0.141242697462681
9392,2163,0.0191938916787401,0.094748684853364,0.208439520165615,0.182441190050569,0.0420464117741518,0.126018731537366,0.327111569940194
4224,3959,2.53092424568503e-10,0.00316086677028799,0.145807725607955,0.000292778158906401,0.000304940885645791,0.808664246844003,0.041769441480109
5117,8395,0.000116390352397084,0.00833395743046432,0.177958377120701,0.252601335559891,0.00859632882776392,0.125704886052875,0.426688724655908
4983,1921,4.17979566410673e-09,0.000224889442343204,0.382964707791476,0.130565181301057,4.99590039575469e-05,0.245443644014657,0.240751614266715
9320,8277,6.68971956728123e-08,0.0243198769210579,0.543003319282633,0.00659556094527099,0.000773568243212424,0.186200263092363,0.239107344618268
8633,5160,1.04352284304653e-07,0.00230595655999581,0.000448574073546311,0.00100306277367662,0.000110654069543883,0.679949723714737,0.316181924456216
7394,2042,2.89544861182225e-06,0.00145673699628611,0.448928608979977,0.363069840396701,0.000408311367778909,0.153266284349108,0.0328673224615373
4016,5997,7.04347489843701e-07,0.00405295191729205,0.497409962076293,0.0729224555261334,0.00866593457536145,0.183287837044918,0.233660154512512
6290,5638,1.63150102735379e-07,0.00458803461439342,0.574828692168505,0.000156216101293744,0.182883553910339,0.198092111475024,0.0394512285803428
7876,2882,1.93045849011699e-06,0.00154961818703451,0.40077621270898,0.140285913744179,0.0168507245394979,0.230196871139591,0.210338729222227
4018,2161,3.46859963637843e-10,0.00114498814622897,0.116507271731627,0.00423273177849021,0.000147931562398911,0.85099528407424,0.0269717923601544
4084,7795,2.71500131529772e-05,0.00700875859601242,0.162019438919759,0.194179595186829,0.00352065820699531,0.140591478427506,0.492652920649745
8771,4920,1.35384884501134e-09,2.57177245787083e-05,2.19839736373324e-08,1.76058328342475e-05,6.13591599274599e-05,0.724622216119026,0.275273077825811
5255,8635,3.69025367389361e-05,0.0146910903077775,0.212852029781233,0.269528268837995,0.00459349204257258,0.280648360458206,0.217649856035477
4085,5158,5.24826446107178e-06,0.0165103553237915,0.683148879218799,0.13022370740584,0.0667252666835469,0.032220053685862,0.0711664894176988
6704,4679,4.06696195118654e-08,0.000583378386349533,0.519320484989575,0.160536091285446,0.00755604730099622,0.209258880194506,0.102745077173508
9805,2403,1.08539936313219e-06,0.102188698763994,0.263392340279945,0.176503623657131,0.0462768541872218,0.0982353665020455,0.313402031210299
8978,2642,1.95204986237005e-05,0.0295012101799715,0.165412984164022,0.00633435340883593,0.026186309241398,0.135095992716601,0.637449629790547
4087,2280,1.53796128914399e-05,0.00527926522062274,0.204154693546103,0.145906638936821,0.00901512147537989,0.423731079194157,0.211897822014025
9459,5400,1.16950697712307e-07,0.0007574422840037,0.00240626440714216,0.00098129808776957,0.00018087386751301,0.762053581316649,0.233620423086224
7461,6478,1.19602518128981e-07,0.0300038076188324,0.0874704884388347,0.0099354380695532,0.000182300101974612,0.756997992456241,0.115409853712045
6910,5519,4.93359955417912e-06,0.0546806982725114,0.170430123681782,0.115495234566398,0.0063985466773815,0.540991923155077,0.111998540047297
8632,7557,2.15062824869626e-06,0.1052661131295,0.465311345974262,0.0278704606036488,0.0067123955791385,0.116550486537339,0.278287047547862
4569,1921,0.00090849743041877,0.0173030301361372,0.250152368215292,0.0548988932291539,0.0617805675192291,0.47243867050081,0.142517972968959
5323,9953,0.000204891067119786,0.0272857201497422,0.269702831656949,0.265636446627004,0.0103040612437963,0.154491497162677,0.272374552092712
9528,5760,1.85948430479847e-06,0.0031425134942694,0.000526042737045939,0.00412555779313326,0.00127096406924446,0.624354660823504,0.366578401598498
7184,8396,5.31354440817374e-10,0.00481530420780348,0.00999924963080931,0.00602328959176628,2.04826332079567e-05,0.956080371641412,0.0230613017636467
7942,8996,1.55777176692483e-07,0.0404054209248978,0.252310324940009,0.106203546443671,0.00113825338664373,0.412049539747324,0.187892758780278
7876,3121,4.23067287831899e-05,0.0059969929960177,0.302357315314572,0.00143178039032351,0.0534303833785004,0.589396022749236,0.0473451984425674
7117,5878,5.54423163214271e-07,0.0209205673498954,0.136758638501309,0.0855290048770287,0.00325802635046639,0.450476980292932,0.303056228205206
4981,5518,3.75891793896534e-07,0.00310230410159937,0.301507419592356,0.126187000684167,0.00235140252825411,0.344436903431462,0.222414593770367
6978,7796,5.82903254958698e-09,0.0266303372056658,0.167560912397803,0.0204004612510415,0.00045593365680439,0.485194964871063,0.29975738478859
7048,4560,5.78909027899696e-08,0.0035614177933844,0.212384199694399,0.209248006264539,0.00173085082817265,0.41934601491323,0.153729452615371
4979,8874,0.00362833872605295,0.0124512793082458,0.276045943642489,0.155220189352036,0.0116713437630184,0.176926342624158,0.364056562584
4497,9713,2.5278346518396e-06,0.00426869081081552,0.363315383688182,0.269808789998627,0.00226696895418947,0.235512974049153,0.124824664664382
7735,10314,1.95637409439566e-06,0.0394582866336145,0.651559803210876,0.0210617764036832,0.00642653492024126,0.0685966976280479,0.212894944829443
8769,7797,1.4482096566829e-06,0.1489234563024,0.485340628983824,0.0271849158259045,0.0291564657952812,0.052458711139074,0.25693437374386
7117,5639,3.07358886400149e-09,0.00192291011454426,0.000317429388223959,0.00248432061980603,1.01563048330312e-05,0.978516511044033,0.0167486694549706
4290,10073,5.35733895738576e-05,0.0296863238366725,0.11293428037847,0.168988633048845,0.00105760346066574,0.589297828603914,0.0979817572818586
6426,8995,9.16010518466989e-09,0.0124596772440215,0.00872514326186278,0.0695552506553654,0.000311945425828103,0.805018118512989,0.103929855739828
9527,7917,5.99744940667674e-05,0.111558419902405,0.515940731202209,0.147235302976228,0.0107890593868769,0.0597014458629207,0.154715066175293
6910,5039,3.94257544139188e-08,0.00798553485074068,0.109843953074152,0.034749537967722,0.000586139846811821,0.664381392545848,0.182453402288971
6154,2761,8.15381746406593e-08,0.0218509105149584,0.754511256748843,0.0152352327660979,0.0364656231289315,0.0296946477091937,0.142242247593801
3533,6836,1.88971089746268e-07,0.00441839672246684,0.32392290304373,0.109621176208014,0.0105297046337825,0.0692140944152039,0.482293536005713
9323,3002,2.50268202749169e-07,0.0497828132882408,0.37512912202232,0.0233820725370399,0.00352286794303869,0.200821587592814,0.347361286348344
6770,9834,4.69219829980061e-08,0.0190389514939496,0.0536788928850176,0.112999646844006,0.000370468604192077,0.761778484044679,0.0521335092061725
8012,5759,8.81510370969312e-10,0.000516200171883163,0.0170265473812858,0.000599047278335217,2.38048173367224e-07,0.973815588594951,0.00804237764386078
5117,9114,0.000194473297614972,0.00644820313044482,0.225712911070696,0.0991539839898846,0.0103507614101231,0.326742806703813,0.331396860397424
8217,8996,9.03620671108457e-08,0.0571249007551513,0.365277108519961,0.16362077358459,0.000537370762975565,0.105389975960985,0.308049780054269
9392,3122,9.66913754657181e-07,0.0435952328401243,0.25253461863153,0.0484671477217345,0.0344685666369205,0.399208983362597,0.221724483893339
7046,8875,1.04645615112272e-07,0.0332099091309837,0.0385495724034508,0.0271726905790169,0.000592149879176032,0.819063840894816,0.0814117324669417
7528,8995,1.17441562490942e-05,0.0663826639344244,0.249647243938378,0.0726157245345344,0.0136915967644637,0.408002602624393,0.189648424047557
4154,6237,4.72881253843527e-05,0.00543625339517761,0.530471534455339,0.144905662433133,0.0279431562651103,0.183069891891307,0.10812621343455
6426,10194,1.50556001765513e-06,0.00360686070874974,0.302367528124861,0.0747837393442381,0.0094793246753721,0.578636263863971,0.0311247777227898
4431,3360,1.46939585830056e-10,0.00216111321694686,0.288727214094542,0.18473591928012,0.00569888045643718,0.500570588121093,0.018106284683921
6705,3001,4.09962756292702e-08,0.000390356026328144,0.50289766606034,0.232241921436979,0.000650209779632959,0.106089393732658,0.157730411967786
4153,7435,2.57962457103882e-06,0.00330903668523353,0.320293413764872,0.197045096172393,0.000600080121396287,0.126630252474501,0.352119541157033
7735,8636,1.57038363252781e-09,0.000432326425063137,0.0175276918950824,0.0120572627000128,0.000152585459146114,0.351267956877158,0.618562175073154
6635,4080,2.87730120356839e-07,0.00258199687885494,0.358707704839023,0.145654915302291,0.00101863078231267,0.237980761341074,0.254055703126324
3947,7555,1.161017091077e-08,0.0028878626662362,0.348012505609955,0.0983046298560583,0.00432648485090812,0.193555984017176,0.352912521389496
5049,6597,7.04212072814263e-07,0.00748709997351356,0.470918841947428,0.0972876147711293,0.0033595649535576,0.248693984465667,0.172252189676632
6429,3720,1.22572092661566e-09,0.000803054893362509,0.406798100355079,0.00524475425420017,0.0282487240002091,0.322650916818719,0.23625444845271
3673,3239,9.0254209875463e-09,0.00109453379989785,0.00282892616159275,0.0103804040249223,4.2475849330795e-05,0.954188154670432,0.0314654964684037
4431,2880,1.22902808229763e-08,0.000401379855757553,0.0301551483329193,0.0806680067810283,0.000254886421431212,0.797336352751168,0.0911842135674149
5806,8875,4.06172180007472e-05,0.0106422870066433,0.158720337186293,0.127045727441916,0.000624625167384678,0.526342996849361,0.176583409130401
9254,2163,9.03345457882908e-06,0.0391938493882576,0.558569094376825,0.00800697981984305,0.00502954644019942,0.0918440139692323,0.297347482551064
3260,2760,1.11433129140976e-08,0.0032088647065915,0.0758864537988641,0.0199769425519825,0.00136959024023811,0.629897975602326,0.269660161956685
4565,10073,4.10855453619664e-05,0.00963659132407824,0.37989971094355,0.190135341895326,0.00512702855467652,0.240043369005004,0.175116872732004
6428,4919,1.71356392388987e-08,0.00281830306988938,0.34463921291749,0.134923341274628,0.00959394447156372,0.0604018358352687,0.447623345295521
7048,4320,4.58105916213672e-06,0.00418062459495341,0.281379413526244,0.185739233588542,0.00259000542042465,0.248428377788595,0.277677764022079
6771,8635,1.82741491109275e-06,0.0530393376553242,0.0410563299050758,0.0976572995945588,0.00251812494997791,0.722312244911524,0.083414835568628
4222,8754,4.67784162298802e-07,0.0278133658308536,0.0874903519169328,0.0549996116151892,0.000587326337539622,0.589246391706248,0.239862484809075
7943,6358,1.49882801117922e-08,0.0156420310965761,0.256222553147571,0.0047069430474002,0.00044875594015449,0.482612263494077,0.240367438285941
5809,3600,3.81693186359279e-08,0.00118628261638642,0.663397486824448,0.0105147569738692,0.0733955974008198,0.186647511093204,0.0648583269219535
4153,8155,0.00138472605975787,0.0147398970591934,0.164988192725554,0.114460219880533,0.0460156712947747,0.606812800288999,0.0515984926911873
8010,9835,6.66052113819418e-07,0.0129676950492167,0.517865411427366,0.049400438582776,0.00107514163780649,0.0236713877869791,0.395019259463742
5117,9833,0.000253786461084594,0.0164896874697336,0.248348612530859,0.205397871790295,0.01429847025373,0.148760819475448,0.366450752018848
9529,4081,2.97989824537343e-05,0.0158061018834933,0.312161571792276,0.070496506163215,0.0125371112018552,0.411497275173159,0.177471634803547
3534,6596,2.11185200910853e-07,0.000384165297389976,0.464369105371329,0.0625471547812782,0.000268087637518695,0.338898403435682,0.133532872291601
6908,10074,4.1045005392747e-05,0.0314610426243883,0.107600499543702,0.191294639123791,0.00577138545842088,0.628845388755898,0.0349859994884061
8562,9356,1.1421308674926e-06,0.0434479826840647,0.19203280883052,0.420730016008186,0.000405573409776442,0.223372462540468,0.120010014396117
7186,5279,3.06621461353993e-09,0.00380528346050918,0.00155422174884388,0.00449189348870433,6.93938192426758e-05,0.917466394003068,0.0726128104134175
6636,1922,5.0096098603429e-08,0.000226103728101793,0.537551070484446,0.0127177593096617,0.00626370012001675,0.434904740896601,0.00833657536507375
3808,8274,1.97352592938766e-09,0.00363311647956245,0.0318473336970675,0.0106282092544751,8.26346435989422e-05,0.768150863280933,0.185657840670837
6635,5279,8.81239501766335e-09,0.0014878116902554,0.32064440071735,0.0955618043001711,0.020536074609382,0.248522736301639,0.313247163568808
5672,1682,0.00358936126595515,0.000989144881601239,0.237964953190271,0.465107886898041,0.00209414954263527,0.255290947259097,0.0349635569623993
7325,3121,4.83808814948086e-07,0.00621242694544976,0.301498724834096,0.143482627582238,0.0182883643227482,0.305103869315269,0.225413503191384
9252,6958,8.79245148831382e-05,0.125428251812622,0.360127890382218,0.0506764404285603,0.00874869775734586,0.226736416886909,0.228194378217462
5117,8874,0.000196038439462677,0.00465437355794499,0.335580884403685,0.112045490901331,0.00594020567031322,0.189293984438763,0.3522890225885
6358,7916,1.63410087547113e-09,0.00524867866167787,0.039529156343105,0.00817403761465736,0.00045409277004499,0.786061792446371,0.160532240530042
7118,3720,4.98464814433358e-08,0.000576448706894052,0.390838256575455,0.0813231384892462,0.0143128560380446,0.418198846144763,0.0947504041991157
6014,7077,1.7858951160179e-06,0.0189346911947236,0.276851533826605,0.177366138270535,0.0201955612383944,0.312112991859643,0.194537297714983
9322,5160,3.06303626311804e-10,0.00251622238154731,0.12822106164774,0.00905324151553947,4.16732990930785e-05,0.648401190335804,0.211766610513972
4086,3239,1.67288423820057e-11,0.00204721764730392,0.354088584615135,6.0734930473766e-05,3.75886975874571e-05,0.634448264542842,0.00931760954992873
3465,5277,0.00930001756813254,0.0160729121301052,0.536975628106526,0.234193146288817,0.0100996734654149,0.0146466238651607,0.178711998575844
4359,9953,4.69865565458633e-07,0.0128195163936898,0.399509845591128,0.252053956185519,0.0023871788212879,0.14535310962847,0.18787592351434
6774,1443,2.30636508847887e-07,0.000642379905919215,0.525561039805309,0.358195752414192,0.00322180220375144,0.0951901062975391,0.0171886887367805
10009,8757,1.75614312549367e-05,0.0055913202333933,0.348012224029085,0.032399371146167,0.00342529051279414,0.447460740674531,0.163093491972775
7598,7437,3.41003289721982e-06,0.0619271305398511,0.167147108015788,0.00382719637615884,0.00449277361827065,0.589444594551537,0.173157786865497
5740,3240,7.92600442721165e-06,0.000858787460154864,0.449514441636522,0.00181703606146163,0.00753432539740282,0.530772136720829,0.00949534671920275
9320,8757,2.4187099210074e-08,0.0319301103800817,0.702628008878885,0.000584213625701772,0.0019187124960135,0.00221707006142436,0.260721860370795
6634,6238,3.59960360517184e-10,0.00674661393529902,0.0273733682905601,0.00700960844052484,0.000169817330327192,0.836047765736857,0.122652825906472
7876,2402,3.19289188239163e-08,0.00142231496466055,0.462612919413698,0.0311590595627228,0.0501553103502054,0.229358140269674,0.225292223510121
4290,9114,0.000234011195009185,0.0800118234133401,0.297856525777731,0.109969633711225,0.00382147387965811,0.212334136270842,0.295772395752195
8769,8996,8.55539664633158e-06,0.0197885244042299,0.299766798236678,0.0957841012692046,0.000821343543292182,0.123398077973206,0.460432599176742
7390,9954,1.16693057342929e-05,0.0184145819289041,0.383173967472839,0.0489345524857777,0.0139803989105671,0.323228904531708,0.21225592536447
6494,10074,0.000138881628422787,0.0249461317624487,0.248124931578091,0.306591303762238,0.00993884563007383,0.220419487880832,0.189840417757894
3948,5158,6.49010935815613e-09,0.00123303376970124,0.435230828757822,0.0206835377465209,0.108668841325875,0.0830198965082338,0.351163855401738
8703,2642,1.56084335310945e-08,0.0024269225183161,0.0618978722078554,0.0180311165912763,0.000296767922242784,0.541411030464743,0.375936274687133
8565,3362,2.75396356847311e-07,0.0214391797337301,0.220032733187788,0.032922923796249,0.00360482589923745,0.369473445268473,0.352526616718166
6839,10434,2.06350319427145e-08,0.00123505372014546,1.83535522116044e-05,0.0072386331907894,0.000130337020419045,0.976147744085566,0.0152298577958361
4773,7316,0.000531787910824893,0.00893674563089608,0.333262447740969,0.15826721577409,0.00769764644415466,0.273166742531993,0.218137413967073
7529,7797,6.14702152297922e-10,0.0175639868531948,0.00858456218191093,0.00418062473488229,0.00011067530158752,0.878004032482882,0.0915561178308401
10080,3842,4.79397625636273e-10,0.00123147157238066,0.0712044397700857,0.00706942189002978,4.81792420442967e-05,0.635653320036594,0.284793167009468
6015,4919,9.38937992816097e-06,0.000805886504200731,0.495945177032985,0.00569497454165849,0.0668692937442347,0.357936457047802,0.0727388217491909
8425,7437,1.94931925304856e-06,0.116048237505492,0.330782397646533,0.0865386479808099,0.0149335559885367,0.129100732326137,0.322594479233238
6151,7316,8.34566669325523e-05,0.0178912134816406,0.259040888600764,0.190318187308402,0.0074756862809464,0.279654621572229,0.245535946089086
4153,7196,7.08596181342198e-07,0.00234045439235828,0.295688739909564,0.262454799174422,0.00189153755066623,0.145698007875523,0.291925752501284
7945,3481,0.00158019024889303,0.0204017472952284,0.270219728361833,0.0249610429290565,0.0569964202260163,0.348778553028386,0.277062317910587
9733,10195,3.23293518802224e-08,9.49951467891016e-05,8.45168427351055e-06,0.000966706232919115,0.000171370860787208,0.847834658037924,0.150923785707955
8495,5879,8.54873695946282e-12,8.86223232221748e-05,7.88356441607369e-06,1.05093423067745e-05,1.67132845716475e-07,0.99721665390277,0.00267616372589103
3879,3839,9.75262070784806e-11,0.0101152642952443,0.0844251554218442,0.0407072904838502,0.00099804823535966,0.75425019550931,0.109504045956865
8976,6718,8.40007981887682e-07,0.0756479235522976,0.242152981252912,0.00954280602360567,0.00214732292945322,0.565278507828905,0.105229618404845
6220,7916,3.52076225036505e-07,0.00453561881314903,0.304307755975951,0.0570718539686934,0.0247990972989623,0.329400003914511,0.279885317952509
6705,1562,3.62337685598894e-07,0.00142369598947324,0.496828657482285,0.268907643999736,0.00667749677723649,0.182761145570046,0.0434009978435371
4429,6716,5.34606859045719e-06,0.0095030695520883,0.437666318682049,0.156526025526683,0.00990085684070291,0.175188633560794,0.211209749769092
7394,1563,6.52412442845082e-09,3.84124511364597e-05,0.0703592931830242,0.00952091105125386,0.000992002632936666,0.918383212686737,0.000706161470787818
7805,6598,1.5081758814256e-05,0.0262210745263471,0.128822583230941,0.0403656415153779,0.00240341528102364,0.554266779241616,0.247905424445881
9182,9955,5.25997581509384e-06,0.0181308004596864,0.368038996905869,0.0218868011855548,0.00470021199975622,0.295131692802839,0.29210623667048
10216,8637,2.73288747579235e-06,0.0109861844806553,0.474160607624808,0.00916443983339327,0.00746315880800703,0.389956962376146,0.108265913989514
8425,6478,5.91300315423517e-09,0.0293375591083289,0.170774641310142,0.0136921812887082,0.00239805390744777,0.531639949664135,0.252157608808235
9046,4920,4.14846774162455e-11,0.000269186284050575,0.00687907153016223,0.000639388595730047,5.79300958261127e-05,0.572059051804566,0.42009537164818
3397,4198,9.04286401811592e-09,0.00418254183437799,0.0984240388312656,0.0715551565699023,3.91066998795805e-05,0.78555221984312,0.0402469271785901
6843,2282,2.1604286110892e-08,0.000621021460949085,0.666867512998855,0.0164855676429456,0.0664075537157571,0.186062091311112,0.0635562312660947
8425,6958,1.2386576314281e-06,0.0748995000306089,0.392359950176474,0.0189622087709102,0.00216718214791972,0.213009001250321,0.298600918966135
5876,6118,2.563996174605e-07,0.00177927760991075,0.121247828851391,0.230260764312864,0.000389685291185663,0.472797906699045,0.173524280835985
5531,8155,3.68141543221709e-05,0.00500559906093109,0.382702008424794,0.281027621051542,0.00260286531530381,0.104844991034305,0.223780100958802
5323,9714,3.55482542870089e-07,0.00836422350178938,0.199962739031381,0.170331491856963,0.00199449381038582,0.341967545191219,0.277379151125719
4568,3839,3.51657631575691e-11,0.000370882529824487,0.140398706322204,0.047625006944625,6.13903206738263e-05,0.605951034381466,0.20559297946604
8082,4200,2.96974808044816e-09,9.60880546832271e-05,5.97094773671304e-06,0.000386669070799102,4.30084628875428e-05,0.75498493038747,0.244483330106675
9116,2643,2.03885845030283e-05,0.0334973541757913,0.443219528165843,0.0185717522464788,0.0153384011799799,0.196409337654601,0.292943237992803
7185,6478,2.62789141836579e-09,0.00980361455719121,0.0345786028884016,0.00276968660543278,0.00109234772872697,0.636524875603812,0.315230869988544
8493,8037,6.75084538309545e-06,0.0801715288568886,0.220278465589232,0.0799459450535345,0.0131567680626718,0.403428256266914,0.203012285325376
6358,7197,1.87186138845687e-05,0.00751030492118393,0.208302188220053,0.0745209325273364,0.00355146075998872,0.623545056719701,0.0825513382378523
6222,4080,9.9523519707271e-08,0.006507987663319,0.629665369633362,0.0880299673879912,0.00187233047382738,0.106026750940574,0.167897494377407
4706,4079,1.87611919015779e-10,0.00058383471042551,0.515897925425909,0.427743473735052,0.000163098158926011,0.00258254685548626,0.0530291209265898
10077,9836,2.8273383280323e-08,0.00229503198866339,0.113832995145021,0.00118959786793627,0.000556749833092084,0.856459776291522,0.0256658206003826
6705,2761,2.82326176963419e-06,0.00391798021277721,0.488471847348311,0.278504143846512,0.0057007179349586,0.0847443464560858,0.138658140939586
6770,10554,1.99103580349116e-08,0.00348439880724538,0.0218907902501599,0.0401885173762286,0.000182738291598925,0.919387338181444,0.0148661971829651
5463,5158,9.24709879020064e-07,0.0253936840601225,0.707800002134335,0.010201535759125,0.0125564059392688,0.170968312294843,0.0730791351024272
5671,3360,2.86797894927444e-07,0.000916292187229552,0.664383431811748,0.0039019275728003,0.0362116912528078,0.270366979017648,0.0242193913598716
8010,10314,7.25706902788452e-09,0.00444838464611133,0.877777441873333,0.000458359875352003,0.000853030615684466,0.0523702370652207,0.0640925386672299
7321,10314,0.000905422725673718,0.0569831197616499,0.339050749220912,0.200499173901585,0.0649157698652245,0.241120948611301,0.0965248159136533
7738,4080,0.0030855580855391,0.00998231415783538,0.0199150987244763,0.00845315063757293,0.0345891557981291,0.478525776709531,0.445448945886916
9390,5280,8.70065837368615e-09,0.00195942939520428,0.0556869348740199,0.0454608940415489,6.25400059945608e-05,0.647756565433305,0.24907362754927
8080,8756,7.57811631610638e-06,0.0743598787490778,0.410984990977478,0.086544832057909,0.0069986945407822,0.105010922517761,0.316093103040675
4635,9474,0.000109779879620559,0.0205077574910126,0.268830311752269,0.123214961058338,0.0251213560134139,0.401708927138384,0.160506906666962
3602,7915,1.53860894961334e-07,0.00471138239295766,0.14083697547485,0.0197350780461459,0.00153173869552345,0.61309807244545,0.220086599084178
8630,10195,1.688719992906e-07,0.0134369044921049,0.585107023275825,0.00357768243479309,0.000928488751631257,0.0179528929278395,0.378996839245807
4913,3719,6.74160982860428e-05,0.0247013996395514,0.415188225860181,0.0383747915791853,0.00178861516862531,0.465640737998489,0.0542388136556816
6497,5758,1.20645546300795e-06,0.0333584342383275,0.199194427159781,0.088214682399077,0.00356438817683695,0.474592267633235,0.201074593937279
5806,8155,6.31309676969268e-05,0.0162394590364156,0.282313244740721,0.145613184855506,0.0100477774400713,0.38890777890434,0.15681542405525
9530,1923,2.74196449902843e-06,0.0421903388400458,0.275388894316006,0.225740236998593,0.0329191886579674,0.163346653497619,0.26041194572527
8424,9595,2.69629558393227e-08,0.0288626751571501,0.468437026142512,0.00435258226463541,0.000472141999896093,0.331844076923032,0.166031470549818
9941,7438,8.91419963781546e-07,0.0438843475224399,0.446851788572106,0.0155590218918138,0.00899389735727605,0.0440212293785955,0.440688823857805
5463,6117,4.03812074010786e-07,0.010887271104167,0.0678482045663114,0.0515684416923556,0.00031505053868032,0.776724213364861,0.0926564149215508
4291,6956,3.66412377108032e-06,0.00794714217925848,0.32865926797286,0.240555487358793,0.0163984235435628,0.233334513836416,0.173101500985338
5600,7556,6.77763675651449e-05,0.00727204535815459,0.296486171765673,0.131695909925037,0.0110457624051285,0.413012961875644,0.140419372302798
4704,9354,0.000114321031144673,0.0103973105878971,0.275288307634891,0.210021852618361,0.0116021134006964,0.0998878858371992,0.392688208889811
6291,2521,1.06489277979227e-07,0.0059724264363066,0.555086682641961,0.00383349817362095,0.0313116813366182,0.360582545920392,0.0432130590018231
8770,6119,8.02171084211749e-11,0.00175955431656555,0.00156331127667365,0.000188294801657742,6.97740931698991e-05,0.720586976444879,0.275832088986837
9113,9835,1.39031778506371e-07,0.026914108926916,0.510033433543948,0.00727926625569686,0.000312449069557712,0.145743782284885,0.309716820887217
4085,6596,9.75332279109775e-06,0.00249721327225451,0.463792115108671,0.144703046843456,0.0223755387195754,0.147841378229574,0.218780954503678
9251,9835,2.69891808157501e-05,0.0741547952816091,0.526091994810427,0.0119248713927766,0.0289110343151878,0.070782573665201,0.288107741353982
6152,6837,5.41588338315909e-06,0.0275702757324276,0.164084774616415,0.134727677550474,0.00444582593037253,0.594561117285695,0.0746049130012326
6288,8755,0.000129604496773609,0.0603034088720709,0.222199284676046,0.12137493495019,0.0119766668054426,0.391978931221101,0.192037168978376
5877,3960,1.90827074642829e-06,0.0126552081047469,0.501065152561643,0.0956197883294012,0.0207135506884492,0.239416461560847,0.130527930484166
6909,7437,4.13468514111384e-09,0.0143999672213716,0.199235041053425,0.0408872178223755,7.96944867759196e-05,0.418687330794673,0.326710744486694
4707,1681,1.25244581409452e-07,0.00514787782486108,0.23360905177964,0.0345023663201898,0.0024730631714531,0.632832344397782,0.0914351712614925
4707,2640,8.15214140613527e-08,9.33973094694924e-05,0.111908889796659,0.00035679794385317,0.00100923384380907,0.864300301876013,0.022331297708782
4293,3599,1.78327195587494e-11,1.74651415000558e-05,0.153054698926512,0.0204352425745546,0.000830006404147042,0.823834972628245,0.00182761430720869
6980,4200,5.23097001919114e-07,0.0018229383887453,0.413924112660845,0.143532459240881,0.0057842829643414,0.252135578695024,0.182800104953161
7391,7557,9.54862082230372e-08,0.0465014766385604,0.0294874830758533,0.0326308005774044,0.00516499160180497,0.673153457549981,0.213061695070188
8149,7437,1.34776975811835e-06,0.0760151222226885,0.231968513522233,0.165431645604585,0.00920741078822361,0.246790492199485,0.270585467893027
8357,6358,1.72201292750164e-06,0.0118830751309899,0.00351137544311339,0.0135395870593777,0.00121153160219139,0.711814034928117,0.258038673823283
8838,8636,9.10444804758391e-10,0.0072657938358337,0.239205436198671,0.00283643049315532,0.000407105303675543,0.727151048457393,0.0231341848008268
10150,2044,0.000509408196198147,0.22924410673567,0.142575501065268,0.267707972108139,0.021750572695325,0.108180721516283,0.230031717683116
3603,5277,1.94921303377009e-08,0.000267234396412839,0.483062053514309,0.0140005431664403,0.00516511063411129,0.477917359719965,0.0195876790766309
5119,5278,4.64075751158528e-08,0.000389998169298974,0.62366406489268,0.03605436488124,0.00377451156661747,0.313202974963631,0.0229140391189573
5393,8875,0.00042771617742778,0.00375810583088722,0.207256066617691,0.298987978526569,0.00481221372274864,0.19083941689545,0.293918502229226
6567,3001,5.01520710619666e-07,0.00173510439896414,0.356024457884544,0.0285222859022649,0.0323299855567763,0.35715033269814,0.2242373320386
3739,8634,0.000767951505068848,0.0768889332862707,0.158404891328171,0.164543999331388,0.0170433766991638,0.39350167876705,0.188849169082887
9873,4681,0.000328860370655882,0.00396666506550639,0.00424033000120912,0.0129904814925475,0.000411631434202621,0.606052616402143,0.372009415233735
5876,6837,0.000275489313060501,0.0107376531048748,0.219493153709575,0.196051319939861,0.00579621900848126,0.359250387525309,0.208395777398838
5944,8635,0.000108989669114624,0.0384930793153617,0.0526388847503547,0.0805884157214354,0.00284041280720139,0.709809863578456,0.115520354158076
4017,4798,1.9395327300946e-09,0.00276655288941627,0.233428858894377,0.482722077523848,4.51470512652636e-05,0.171140045197334,0.109897316504227
9459,5879,2.26851206705688e-10,0.0028607252405053,0.00118185925330898,0.00234506934531445,1.11354405432606e-05,0.828695103271714,0.164906107221763
6082,8156,6.4762816860203e-08,0.0117513948262989,0.194116221925348,0.19361976888039,0.000549658372946696,0.495263122407461,0.104699768824739
3810,5637,2.50000253638873e-06,0.0107542360537527,0.494385535469572,0.124437763334328,0.0121197403796394,0.209661471206161,0.148638753554011
4499,4439,4.68924422470942e-07,0.0280726114773023,0.42000398758197,0.0602426232913328,0.00104275499928392,0.462725478324509,0.0279120754011799
8221,2282,0.000116975499135631,0.00202657838751787,0.306794907312105,0.0816431410617938,0.0177015425725643,0.494372850270343,0.0973440048965405
3880,3599,5.73709225562564e-10,0.000812825338184785,0.000988268855529578,0.0449861019694303,8.91293998277097e-07,0.948499103402709,0.00471280856643906
3948,5397,1.58397840578896e-07,0.00497889089702356,0.523654030150875,0.0723828261718455,0.00398506060833856,0.274952136348993,0.120046897425084
9943,3362,1.70314681955737e-05,0.0197981447985865,0.170801587951721,0.18492602702613,0.00106514636507975,0.356068180498645,0.267323881891641
7049,3601,1.81968882647652e-07,0.00124562704848387,0.459153398735413,0.156593882686409,0.00377594480959323,0.238596442825242,0.140634521925976
5946,5039,5.2868599571849e-08,0.001943904569277,0.482966182684025,0.0067626451276375,0.0554746080692677,0.362286858296148,0.0905657483850456
3535,2999,3.24147928155478e-09,0.00426607445864399,0.00419797446974304,0.0182976121683472,3.63001408638756e-05,0.94361723863174,0.0295847968891831
8978,3601,7.02439042957412e-05,0.0498103445025713,0.0942824528528033,0.0380337077419206,0.00285337451006505,0.598266347508938,0.216683528979406
6014,6597,1.63275859997507e-08,0.00445893497282444,0.0176671741455674,0.0267202155062401,8.78800236907409e-05,0.901258460256389,0.0498073187677022
8217,9475,3.4249497410589e-06,0.0798863700154966,0.641725021063525,0.0816003663944753,0.0156172840613916,0.0618798007774221,0.119287732737948
5808,4079,3.86960136087967e-08,0.00119889487099026,0.436163415576108,0.082006346529518,0.0144372840519272,0.382869594770892,0.0833244255045507
7253,8276,0.000101709812484774,0.0345730363082587,0.12304618244627,0.105528286746426,0.000958617510787494,0.618523185182886,0.117268981992887
6978,8516,4.74310447273005e-05,0.0477929904954431,0.0296395827618337,0.0249769398502975,0.0112232306210771,0.732116942269325,0.154202882957296
7804,8996,3.05669246752868e-07,0.0687423422017216,0.159934827089602,0.160051623988535,0.0017032211731485,0.372815046127768,0.236752633749978
6704,3720,9.14605598380482e-09,0.000538417042206566,0.306036560492103,0.0670152762225081,0.00769371314359335,0.114817454839661,0.503898569113872
9943,1924,1.41295463595553e-05,0.0774806593120791,0.361079902010219,0.107850449654012,0.00371762326316431,0.0955645430175311,0.354292693196636
8357,5160,1.47974710634493e-08,0.00175817246976352,0.000272957366520986,0.00064175917513016,4.9597948700746e-05,0.870056563066404,0.127220935176009
3396,5397,3.0973692219523e-06,0.0156691831344848,0.367539592644852,0.0548657450440935,0.00168153597711695,0.391533654639919,0.168707191190312
6908,9595,1.01775534962601e-05,0.034029185665122,0.190328318142813,0.140794885361867,0.00447821513551946,0.56608087717571,0.0642783409654724
9323,2043,1.68783713669349e-05,0.0721780248707625,0.491901834725796,0.0236898622598761,0.0229533196104516,0.152975575388367,0.23628450477338
4359,8514,2.4839494783624e-05,0.0105044994173899,0.259540699116497,0.246755902225106,0.00121261787286251,0.399526746697193,0.0824346951761683
6843,1802,1.69149055981483e-07,0.00262023982318694,0.380853768400599,0.27641954819912,0.00144170780037959,0.29566254017607,0.0430020264515881
5327,1562,1.91981118139241e-08,0.000214618780168317,0.2418736808334,0.0786483691568184,0.000320141248942122,0.45156876488391,0.227374405898649
7115,9235,4.29757143799568e-06,0.0388488168089984,0.141895179541203,0.0709985827807016,0.00372336504760652,0.707765788279977,0.036763969970076
6564,8755,5.25019357982821e-07,0.0163677274784466,0.0082604264640004,0.0143830577315085,0.000121481613698715,0.868114141063916,0.0927526406290717
6497,5518,8.70748524581147e-09,0.00656782107416705,0.270893129301522,0.0934198207156755,0.000644089965883863,0.212652505983249,0.415822624252018
3808,8035,2.87198908067834e-07,0.0118223973076112,0.0976859619564125,0.0684135768177533,0.00131455685613856,0.660837932444162,0.159925287419015
4775,4918,3.43976574489676e-09,0.00118812893913247,0.43113187811766,0.00369340119906797,0.0664347191565514,0.471594395945137,0.025957473202686
6495,9355,1.26425957381443e-07,0.0130862059338847,0.00376267057417338,0.0543797298376729,0.000136509605260095,0.855199502672783,0.0734352549502688
3122,2280,4.21090007630276e-06,0.00814715818580163,0.214726621499867,0.19790073136079,0.00943894353063309,0.501088339261659,0.0686939952611729
6358,7676,4.84381145752961e-08,0.0103446947150148,0.184526734702211,0.086612428204504,0.00319941483442147,0.478583402983708,0.236733276122026
8632,5879,1.03898557618565e-12,9.97401348870385e-05,2.13310313219058e-06,8.61715210145804e-05,3.86017061773366e-06,0.804903731296393,0.194904363772917
5601,6117,1.05370491468877e-07,0.00920285315763797,0.00646198564781058,0.0166515040184698,0.000174067807033737,0.923928635787007,0.0435808482115488
6567,3241,4.18542910690357e-06,0.00102682318841966,0.403202346320054,0.0273252090775395,0.0152145841734903,0.470776739472046,0.0824501123393436
5532,5758,2.45937961223736e-07,0.0143881986435608,0.224948068686873,0.150482759308183,0.00547378989926261,0.430322796019383,0.174384141504776
8701,6479,2.13354561132884e-06,0.056291541152859,0.104641929855345,0.0201967559099986,0.012040684751327,0.46049524639598,0.34633170838888
9942,3602,3.63949301913581e-08,0.0140724131859983,0.143867461753157,0.0163767305012116,0.00300506601055468,0.618966902320731,0.203711389833417
4842,8635,2.81274221865621e-05,0.0247191373140829,0.140383527307743,0.11750328891274,0.00156028049458609,0.361458288385245,0.354347350163417
8083,3002,0.000262520833961871,0.0241559960399638,0.314616815863889,0.0509580258956165,0.0410120368278245,0.306350616726961,0.262643987811783
5257,4559,1.22750603105679e-07,0.0202266950060139,0.757284516596025,0.00568441377305631,0.0728425224659878,0.00736336118443892,0.136598368223875
7601,1683,1.14620346053926e-07,0.000339597364563639,0.312318522143308,0.172309011594616,0.000479326432004765,0.419095342001514,0.0954580858436474
6772,6478,0.0117800735474042,0.0468989272983886,0.182662075077205,0.0859951717708926,0.00684378162529917,0.581158950619487,0.0846610200613236
3535,3959,9.34495235190694e-10,0.00110252492734148,0.00031284500727265,0.00375271002641983,9.62305834056114e-06,0.945634374318276,0.0491879217278547
7115,8995,5.32773028420217e-08,0.0332077266898764,0.174176338137373,0.0408250355856073,0.000602118693454802,0.574614305983997,0.176574421632388
8634,3242,4.401696543122e-08,0.0199800184159639,0.0550258400252423,0.0918605880251305,0.00254091621685533,0.645554714955586,0.185037878344256
7943,6598,1.41521290789547e-05,0.0590076055225548,0.0327235128589037,0.00600267582579092,0.0238879628209966,0.702708682834416,0.175655408008259
7117,4200,2.35937230176824e-07,0.000699357110590448,0.395494533217645,0.233282946752299,0.000698922761754276,0.146425336343507,0.223398667876975
7048,5519,3.73287535790234e-10,0.00302972426773433,0.000183755779306652,0.00499865667782181,4.08708901035214e-06,0.976892177930561,0.0148915978822778
4430,4798,1.55698102796807e-08,0.00527013902283886,0.414986018041149,0.0420262556114165,0.0058365874009036,0.40195133647587,0.129929647878011
9252,6719,1.36383368761146e-07,0.0518461739418833,0.388676814926593,0.0358122020755714,0.00154593059092168,0.319895191851959,0.202223550229703
6084,3840,8.00210044793998e-08,0.00945366016756278,0.503796621278252,0.0300261057637945,0.0652404311820918,0.109289996699837,0.282193104887458
10354,8158,0.000116271678453326,0.0717018084599864,0.450365730539872,0.335832364928012,0.00650754504701245,0.0321506087749244,0.103325670571739
7324,5039,2.21154387669222e-06,0.00291839874381304,0.0172264389471921,0.00554120825249018,0.00249434343098572,0.763858811442781,0.207958587638861
9250,10075,5.5276027963704e-08,0.0216977178845463,0.528611685795724,0.133457462306603,0.00166236531933133,0.154148507987531,0.160422205430236
4910,10433,1.7935445655263e-05,0.00881164657560303,0.276780924349688,0.242968830721735,0.000982013591465385,0.349000612905763,0.12143803641009
4086,3719,1.39662547433617e-10,0.0246416175949879,0.346437772431235,0.000718195680039885,0.00615068542633039,0.549761539890991,0.0722901888367534
5532,6717,1.27387202310841e-05,0.00895179384812991,0.305216828668142,0.080660412372984,0.00449964205756038,0.532196925866999,0.0684616584659542
9941,7678,1.35659078558988e-07,0.000209939124092431,0.0187171437702047,0.000209208127232955,0.000165535187311915,0.980656436483638,4.16016484417344e-05
8975,9835,3.81571775685472e-07,0.0118790456320735,0.499371503253209,0.00638075432408192,0.00282448101107484,0.00202791773612995,0.477515916471655
8288,6478,2.17948576238227e-07,0.0513983378234261,0.151046073343666,0.0452301861666731,0.00534335212712134,0.354947843698735,0.392033988891803
3878,5997,5.03523608870832e-07,0.000915820187032373,0.471099591598673,0.246195088986426,0.00502349745173434,0.208082094529999,0.0686834037225266
2984,3958,4.58132536663817e-09,7.8345937170166e-06,0.357940503277535,0.000885504840794986,0.00349753580369496,0.312976774423033,0.324691842479899
7253,9235,1.74475513867219e-06,0.00933155388947268,0.29782982376271,0.112466770932385,0.00473644199149436,0.526853201617128,0.0487804630516714
5807,7676,0.00318194743918652,0.018499010600697,0.324797907173104,0.113995626396684,0.0538708586217555,0.314889560216274,0.1707650895523
9802,8397,0.00667896054027695,0.0470872011423109,0.384607017313346,0.0495453588173347,0.0237721602695915,0.292091508918027,0.196217792999113
7873,9835,9.15967361272704e-06,0.0497899553374404,0.463715797023959,0.0386639176000737,0.0297228045830081,0.192044028949841,0.226054336832065
5601,5158,8.11582885423297e-09,0.00461606929994108,0.678866107712386,0.140449125835011,0.00138212137289179,0.0598173373771803,0.114869230286761
7119,1802,6.34385392099027e-07,0.00964211803196849,0.519888060959,0.274738623748937,0.0127875858607811,0.135029647593782,0.0479133294201398
3740,7915,1.92394277444258e-05,0.00583133611249129,0.140025808112422,0.174972492677027,0.00165968044509119,0.344921321449684,0.33257012177554
6429,2521,1.17184304767317e-07,0.00546058798970017,0.625184581800807,0.0110752044556337,0.188274908468278,0.116560354808908,0.0534442452923687
10079,6000,3.76534118506315e-09,5.19897686946989e-05,2.20373087278448e-06,0.0198284807501124,4.45065809961618e-05,0.442215991164781,0.537856824239202
3879,5517,2.03562227639525e-07,0.0025652090085199,0.679804486467818,0.0412603875380486,0.0288670661956244,0.0851822577265883,0.162320389501173
10078,7438,1.08449587697628e-06,0.0945956979788437,0.529461713075587,0.0844088457052771,0.00643588208769062,0.0292899967186536,0.255806779938071
7945,3002,0.000195176023116234,0.0189990717867291,0.243809711322188,0.028028917269926,0.0779234409829552,0.404418017741467,0.226625664873619
5945,6237,2.19534449993459e-08,0.000178307446826575,0.159938763326622,0.0013833460964234,0.00836911651135757,0.358050134236938,0.472080310428387
7459,9355,3.27264627701852e-05,0.0339149414252019,0.469058279009326,0.0969759840833194,0.018005945946386,0.241588493089254,0.140423629983743
7185,7677,5.66800105393771e-09,0.0216669565336199,0.0238531978530894,0.158379802960714,5.05287344125859e-05,0.501430872965324,0.294618635284839
9251,8157,7.36832517561916e-07,0.0586521155344542,0.354327737491241,0.0270033105965795,0.00512734193482746,0.236128088826133,0.318760668784247
4703,10073,4.72973332095483e-05,0.00840862860369457,0.294116744294123,0.341225615159969,0.00361066694303965,0.141782516115436,0.210808531550528
6082,7916,4.48797430445099e-07,0.00351425982569848,0.155987388780638,0.221151060518148,0.00142108253312834,0.286041722817647,0.33188403672731
4500,2760,9.66137353628199e-08,0.00421589541000464,0.320178523620102,0.178626732249043,0.279352873002715,0.188506081434645,0.0291197976697546
4843,5997,1.57394038863424e-06,0.01636344819969,0.326924170693015,0.159982297189896,0.0111581343582752,0.349680571743482,0.135889803875253
5875,8755,1.53208189303888e-07,0.0123180081446756,0.0537445531171781,0.0186936071560146,0.000241483142700205,0.808350154788809,0.106652040442433
9253,5040,1.24345179311941e-08,0.00042412601668572,0.0385772354001064,0.0616568479015951,0.000125926935750534,0.651457628926352,0.247758222384992
4568,4798,3.8620389873561e-11,0.000387236567164366,0.372588816139043,0.141853906665377,9.60880502409285e-05,0.478794207753025,0.00627974478652811
4496,10193,0.000126137521227903,0.017756608704795,0.335139541039921,0.293253608463057,0.0169597296535013,0.231656865503195,0.105107509114303
8565,2402,5.7239319342439e-07,0.0329648499716915,0.386060399332127,0.0310257458549169,0.0467349770994944,0.14368126626501,0.359532189083567
6015,4199,6.09938288692497e-08,0.00350645522518862,0.384320624879961,0.142056519330385,0.000613136528995225,0.29925023502499,0.170252968016651
5326,4679,1.86136901146253e-09,0.000518302141396156,0.510498394862699,0.00176098993954557,0.106778101062264,0.357814605737147,0.022629604395579
3809,7315,1.38967313239329e-06,0.00456793825410201,0.378547372166207,0.355580198082283,0.00229121050753207,0.0855701912323303,0.173441700084413
8014,2402,6.27296946181836e-08,0.00156468779086341,0.515395520293206,0.167374584613486,0.00495861571110514,0.201448127040125,0.10925840182152
7735,9355,1.87384053528585e-09,0.0048522531702102,0.226119141168405,0.00581103781456417,0.00111203988970559,0.728705382440558,0.033400143642717
9666,5999,3.69916907273631e-10,0.000425233593922651,1.72676434166649e-05,0.000944173132554386,6.83210266747793e-06,0.852197623823858,0.146408869333664
10011,4681,1.51479798666588e-08,0.000349721562441457,0.00422546048476693,0.00109300972454948,4.37676774209973e-05,0.526379370179771,0.467908655223071
9736,2523,8.31806402372504e-08,0.00203748954756931,0.261563081344371,0.104526689649752,0.0105241524243894,0.521649179242648,0.0996993246106306
6219,10314,5.95969283937324e-07,0.013419987133857,0.342503235042309,0.220352433813008,0.0157735928295882,0.293077877892538,0.114872277319417
9323,2523,5.51015382844345e-06,0.0873711667200626,0.499472151394006,0.107227086140648,0.00985275588635946,0.152083619215329,0.143987710489766
7529,8516,1.80446930356873e-07,0.0194551978167622,0.00832928937705939,0.0344554538413858,0.000113176863948937,0.772844019673542,0.164802681980371
7874,6958,4.73576088016985e-05,0.0897142837563573,0.224280906131969,0.0161140728526228,0.00240314265712337,0.275770397027786,0.39166983996534
3397,4678,3.42176761929458e-08,0.00860261514380477,0.00667269828108012,0.0299328450026806,0.00030993312027898,0.92820363971427,0.0262782345202091
8841,2163,0.0477815340798745,0.0679512965842868,0.171344313151276,0.0095311812241133,0.0622474645480791,0.203871000685327,0.437273209727043
8837,10315,1.20430749237998e-06,0.0397768124095043,0.440697772600937,0.0603643497387089,0.00305991756861458,0.172173209018148,0.283926734356595
9457,9476,2.12750168997762e-07,0.0154538142908256,0.33832169955603,0.000527726660351565,0.00343919275427557,0.295197252013943,0.347060101974405
10012,2763,0.000372070372201996,0.0725595425951273,0.267554800371031,0.012275232373742,0.0233512656712736,0.122628880461106,0.501258208155518
6221,4799,1.5453529794818e-06,0.0129902680482911,0.353658242784058,0.176638278634119,0.0155905556962212,0.217834192965188,0.223286916519143
6289,7796,6.20867612649552e-07,0.00699490030895987,0.157044802332675,0.0364183694519221,0.0143650884773844,0.445299522370769,0.339876696190677
5119,5997,6.02182983237083e-10,0.000672532093039509,0.000227038008586508,0.00227060934344628,1.92536720084299e-05,0.83575531100763,0.161055255273106
4291,6716,9.72962613586136e-06,0.00910041429668527,0.502272020531642,0.229742914655215,0.00987129710070949,0.134289754365441,0.114713869424171
5117,10073,7.16354901160899e-05,0.0088704715154338,0.291107952260613,0.249489100499356,0.00649593936668001,0.0543732265227454,0.389591674345056
5394,5518,6.98521416291485e-07,0.00523382635853702,0.324663239648842,0.14167747764151,0.00122738026737635,0.400664753681212,0.126532623881107
7461,5039,1.52148140795904e-05,0.0058813241871891,0.0562371652347096,0.00509479815597042,0.00474706794106236,0.607947984943094,0.320076444723895
7667,6838,3.08525853629443e-10,0.023383979250786,0.0563670147826538,0.0028580019709239,9.60895075414014e-05,0.726469540864404,0.190825373315165
7597,9835,1.52361561139762e-09,0.0129421635560844,0.647323264722692,0.0136848565943242,0.0011038633265309,0.131918232778101,0.193027617498652
7322,7677,3.12129658819024e-07,0.067973837646701,0.0562232970339546,0.0893162925946322,0.00110149954902243,0.592038286208714,0.193346474837317
7873,8396,1.39441002823065e-09,0.0355342651964069,0.0504136984006505,0.0141153064326146,0.000150365555919888,0.672002809111813,0.227783553908185
4428,9114,0.00285271861774295,0.0462174004012781,0.288800709642141,0.279819001992869,0.0211523398879525,0.208310142983353,0.152847686474663
5120,2880,7.31922717912556e-08,0.00460383584871528,0.552291564886551,0.0121554629855868,0.0709084581440431,0.318564304717983,0.0414763002248494
5602,2521,1.37457764499617e-06,0.000383081304266654,0.435567629234587,0.0133843190467356,0.00647635027617962,0.415368945528347,0.128818300032239
8494,7797,1.6414609114803e-08,0.0794379390277882,0.323973903217836,0.133246887818963,0.00171216800278214,0.329614427151712,0.132014658366309
9736,3002,5.84970901046431e-08,0.0441375502116722,0.143048269750724,0.10937736031061,0.000802863785766706,0.479574525669113,0.223059371775024
6360,3121,1.06370269992354e-05,0.00415993159067354,0.525003061317161,0.00735883484760908,0.10717246187097,0.235253855879524,0.121041217467063
9734,7558,1.42801996065047e-06,0.104222082054187,0.594222071836018,0.0475383339741344,0.00413014714936646,0.049113263853549,0.200772673112784
8769,7318,1.29866716089403e-06,0.112805294002472,0.54693016985698,0.0139025488114641,0.00534133319264881,0.089123698922262,0.231895656547012
3946,8754,4.0659226634755e-09,0.0268846644600618,0.370318651295438,0.243767767935753,0.000850849449856441,0.282132892958539,0.0760451698344289
5668,9594,5.86591200044894e-06,0.0151801975062674,0.00335687907148919,0.0185984162323919,0.000351720221753429,0.740615440077614,0.221891480978484
8082,4920,2.09609775237239e-09,0.000600848591533036,0.00162749254467297,0.00185303553409576,0.000348691145012811,0.72284283496994,0.272727095118647
7115,10194,5.68493376734463e-05,0.0296980870729448,0.316717421736598,0.246027946003915,0.0332481913133065,0.236394914143311,0.137856590392251
9805,3842,2.48755272144585e-08,0.00203639689408979,0.00618316516873139,0.000531618920824462,0.00157337924167777,0.861648236447237,0.128027178451912
5461,9954,0.0058237405583762,0.0195585052706777,0.0963397880799106,0.0667679682294786,0.00589896585695839,0.514633070376456,0.290977961628142
4499,4678,2.52366223828366e-05,0.0447402358992706,0.47762793515703,0.13263455798714,0.0129768191491715,0.10401019036383,0.227985024821175
2915,2879,4.38216223223989e-09,0.000403719438832153,0.282162876962427,0.0197271386119112,0.00792837858870571,0.326802769690243,0.362975112325718
5810,1682,1.53122039634155e-09,0.000122484595374101,0.53361827073725,0.0250922780750435,0.000798000965608485,0.433255738499189,0.00711322559631498
3946,8035,0.00260940836026634,0.0269249429428022,0.273965879623219,0.210717087627825,0.0072228491292723,0.334242618494979,0.144317213821636
9733,8997,7.01828246897226e-08,0.041019487322475,0.54411745451922,0.00400762179797584,0.00341957980458397,0.104261253018234,0.303174533354687
4223,5637,4.06074101212299e-07,0.00556298102850863,0.513094531863132,0.049875767327912,0.0255572361002528,0.136279295721988,0.269629781884105
5186,9234,0.0245652883940895,0.019765781674696,0.0907795429322717,0.12846837890665,0.0351339554385587,0.219148700425476,0.482138352228257
8495,4680,2.22195553112736e-08,0.000226779747837467,0.0138638971145271,0.000764625369617177,0.00135124248896433,0.432788156318278,0.551005276741221
4497,8994,2.29366056655464e-07,0.00375708268946889,0.391520535046109,0.248044272222743,0.00113186026557658,0.116184013188466,0.23936200722158
7049,2881,1.25510157284979e-09,5.11443374961412e-05,0.21906136617315,0.0224687123914086,0.000330850521730418,0.752626036941289,0.00546188837982439
6977,9475,3.92402178582136e-06,0.0331049332835407,0.274531237800849,0.135803441081237,0.0047713698594371,0.493683708845165,0.0581013851079847
8910,1803,1.99734801653484e-08,0.00858792903892367,0.366198139527621,0.0168964231492667,0.00121952850540221,0.222159779690568,0.384938180114739
3327,7195,6.02289073162678e-08,0.00212212120049723,0.317679403000284,0.0343806416277307,0.00112690851694223,0.3169748819136,0.327715983512038
5327,3240,1.48968384938224e-08,0.000531183443084525,0.477953337348516,0.0585094110486958,0.0164136725540248,0.338502242571855,0.108090138136986
6771,8875,3.24616602469915e-07,0.0187411109903434,0.0075178501419253,0.0218108247921308,0.00015837491093475,0.904294312590583,0.0474772019574806
4428,9833,3.04416994215513e-06,0.00490242984970173,0.310608967869596,0.211837017888532,0.000237871661977928,0.35124481982711,0.12116584873314
5325,7316,1.63027696819268e-05,0.00556721703758828,0.298001500053051,0.22440528701135,0.0056371391562879,0.153766170775369,0.312606383196672
7253,8995,2.67005317504004e-06,0.0253148268858575,0.203787463584774,0.177270409529259,0.0041939810046551,0.39355873396986,0.19587191497242
5669,8155,0.000575047578234085,0.0164497936678113,0.228257931826614,0.318931362287694,0.0068583682756042,0.157078078539752,0.27184941782429
8080,8996,2.10916664447525e-09,0.0292142683166092,0.530052699766351,0.0383801156012855,0.000136768564934385,0.164158827971642,0.238057317670011
8425,6718,1.02314626529517e-07,0.0441062503855742,0.201294102329216,0.0351278602923842,0.00335951500931681,0.560121018914815,0.155991150754068
3671,7555,1.51030219738306e-07,0.00500468441123429,0.292073267974084,0.140184870311747,0.0313918525402045,0.280286749086439,0.251058424646071
8494,6119,2.91282446967941e-10,0.00285346219882292,0.00295545903284266,0.00838403681637777,1.93990885246606e-05,0.87339421694326,0.11239342562889
4293,2640,4.51781117446827e-11,0.000346150423681841,0.436137894265775,0.00664647320875212,0.000804000984416384,0.468677237257043,0.0873882438151536
5463,6837,8.32039643156649e-06,0.0117538816366672,0.322562944675348,0.131942418496898,0.0132005319529402,0.341873863298322,0.178658039543393
6219,9834,3.09463499679516e-05,0.039289850484024,0.0801862384102665,0.142416973230915,0.00625968835466121,0.670525432927877,0.0612908702422885
9044,10195,0.00293169480414504,0.0558420251775655,0.284452663451516,0.0611429999811599,0.0487284488553594,0.360575121218332,0.186327046511922
6496,7197,3.43881623270532e-08,0.00362460579438349,0.264950288576072,0.0301873658751014,0.000984846230535545,0.665241074869136,0.0350117842666095
5392,9594,0.00611618527142842,0.0383546859388486,0.0850388241034451,0.127305261787191,0.00737740763137395,0.400931097723207,0.334876537544506
6360,2881,1.4471176984608e-06,0.00242511432123236,0.643588610740018,0.0430094094340657,0.0152863217903242,0.188808647811754,0.106880448784908
7943,6119,9.9638462740653e-08,0.00629306750726311,0.000581359155111782,0.000525798414300748,3.61221345613367e-05,0.899226427155309,0.0933371259949911
8633,3721,2.21920166776292e-10,0.0102710550829663,0.0143829686436325,0.000889264240653863,0.000241175408709607,0.761091374985009,0.213124161417109
3603,4798,1.23130616984225e-07,0.00121817458028104,0.173976419117529,0.0524870992286022,0.000724382963259867,0.762037081359572,0.00955671962013854
9253,5520,3.00873715532815e-09,0.000376228296733721,0.00279297796525593,0.0013773094367761,4.89775763254495e-06,0.813133845756576,0.182314737778289
8496,3481,3.78369146263622e-06,0.036933534584426,0.115232963433055,0.0370896265039126,0.0107966051464088,0.440998253257032,0.358945233383703
4842,8874,0.000231563847764948,0.0213473945890249,0.145777193906776,0.173910031920172,0.0113202828482681,0.287255246478443,0.360158286409551
6221,5039,1.48976552007455e-08,0.0151613379184844,0.519728793921479,0.0607740154824155,0.0046347934965444,0.128662390447902,0.271038653835519
6497,4799,9.05193058530365e-07,0.00629346180673222,0.265810128397218,0.243515742227346,0.000736082488007907,0.256873461352717,0.226770218534919
7392,6118,7.02685913214137e-11,0.00887380027434487,0.0963708149263405,0.0337379045431264,0.000839802678238071,0.584809190150723,0.275368487356959
4567,7436,9.15265841710177e-05,0.00724647010970368,0.32722304223535,0.186639413517784,0.00458620330761743,0.259487330141227,0.214726014104147
8083,2282,7.91870829203127e-07,0.000532081102568743,0.354828255056282,0.0173503076889528,0.0090495895598067,0.583275084821294,0.0349638899002664
5601,4679,4.85891129605762e-09,0.00660503959512465,0.654964443721789,0.00146296509960302,0.0587866650943092,0.187516966646255,0.0906639149840081
5945,5758,2.90887625834046e-06,0.0211333085445311,0.129979656298622,0.232140491962729,0.00390956346282615,0.458507931514867,0.154326139340166
9114,7438,7.37903046120145e-07,0.0280711979973475,0.485182183578207,0.0114841411093233,0.0150966251036983,0.384154334155596,0.0760107801527812
4084,8754,6.65732351091974e-07,0.0038970852228205,0.249140698851266,0.212731911081971,0.00516981347173795,0.309466140163991,0.219593685475862
3258,6356,4.3807201917764e-06,0.00208081611676262,0.587789526334623,0.172750645618313,0.0119930649330895,0.100349576667308,0.125031989609712
3328,3839,5.55858835874173e-08,0.00758440726622047,0.194485215603147,0.0484442710773668,0.000135220935546303,0.62315156140161,0.126199268130226
7048,4799,3.48740276950662e-05,0.0128226848120463,0.159110873639967,0.145519318591806,0.0109941070678911,0.437416127081721,0.234102014778873
7323,5998,1.69690657635971e-07,0.00759019538802015,0.0247348439357817,0.00504538818220929,4.62047392604246e-05,0.87435700085043,0.0882261972136404
6219,8875,3.56740342456558e-07,0.0168083427971698,0.00110112507223548,0.0420770955293976,0.000652846067085368,0.884689480107562,0.0546707536862072
7185,6718,1.824670101663e-10,0.00672119526588693,0.00108161962561962,0.00217119760898134,0.000297025288937707,0.873332555881165,0.116396406146942
4981,5757,9.57479444892692e-09,0.0111000841376957,0.0937271696802666,0.0611873393981531,0.00036482757080436,0.724865343115512,0.108755226522774
4635,8275,8.39185783905254e-05,0.0153228009600578,0.299405396432669,0.341970019788984,0.00287765906571469,0.14189008488901,0.198450120285174
10149,3722,0.000894605558235296,0.00434025951893036,0.00815207608301555,0.00992101554735262,0.00186409262897007,0.516507681098465,0.458320269565031
7942,9475,4.64348716911387e-09,0.00273400429899847,0.397531465922706,0.00128376304273489,0.000304327420789708,0.580957101485915,0.0171893331853681
3535,4198,1.37941901053258e-08,0.00684995316873186,0.128445250290373,0.123149378817386,0.00270681091826895,0.704910055113076,0.0339385378979745
6290,5878,1.91576356384236e-05,0.0463104447502017,0.403822481539208,0.0544152481941879,0.01596421710286,0.178390373459337,0.301078077318567
5878,3480,1.02996501051353e-09,8.79764602361531e-05,0.568759899711774,0.000193479200579046,0.00966650902246558,0.412985094487312,0.0083070400876677
6357,9834,3.81947281946167e-05,0.0598421713844154,0.295375051008073,0.146128560676337,0.00663292210447631,0.370010530970859,0.121972569127644
7530,6598,1.84986991919384e-09,0.0167999045753127,0.0572008431738071,0.000617837920747096,0.000303817840976449,0.721947250650227,0.20313034398906
4362,3719,7.21670322591546e-11,0.000596559212889773,0.348618067903742,0.0278738498501465,0.00138175071542049,0.602286116205737,0.0192436560398969
7738,2642,1.69332408995957e-07,0.0027178367431953,0.370912278447156,0.254153291630521,0.00123555708334372,0.33551963861773,0.0354612281456452
3809,7555,2.87971929347344e-07,0.00223270927803257,0.331513733077261,0.2917479757353,0.00162299087673454,0.111876057346122,0.261006245714621
7394,2522,1.56933435203095e-09,8.38286631788955e-05,0.286815323657329,0.0175712611968494,0.00206326472752329,0.678906488395598,0.0145598317901878
7738,2162,7.95793012473372e-07,0.00123074193266954,0.298219914751994,0.207011523652004,0.00855787834902005,0.364199809002453,0.120779336518847
5325,6357,7.78796971006241e-07,0.00149747865212937,0.342247989055044,0.21762273585337,0.00079498321624187,0.339188697365244,0.0986473370610002
8769,8037,0.000144079972743704,0.148786110282352,0.346458852820232,0.0409550559414073,0.0281189978520309,0.18315773375925,0.252379169371984
5049,6357,3.03417953970663e-06,0.00564993866289533,0.227978805395954,0.198994084805109,0.00220263109871024,0.349740843527332,0.215430662330461
5461,10433,1.24867720596964e-07,0.00430756976710989,0.366964750986283,0.318910689670292,0.000967058706292724,0.232284094298851,0.0765657117034513
6979,4440,3.9050837550717e-06,0.00262268414852603,0.29419847188429,0.345398813535776,0.000952258830263294,0.13093247604072,0.22589139047667
7600,3361,9.17171131958123e-08,0.000237850215378358,0.400699351789714,0.0480123054062734,0.00294508353027075,0.525248993170159,0.0228563241710913
3948,4438,3.83665953114788e-07,0.0255061632721536,0.283198186832249,0.148407301879574,0.00137675814518697,0.491655349052809,0.0498558571520736
7254,6358,4.6152084363565e-09,0.0145346212803942,0.171333735343155,0.00166445773908056,0.000146029693180298,0.699299101904287,0.113022049424695
6632,10314,5.59000634610207e-06,0.0361829500433439,0.315744743893108,0.164459282696663,0.00323596844747631,0.417016853416397,0.0633546114966659
6705,2042,1.48275320142119e-07,0.000107817263388805,0.405059083902303,0.00134974377180577,0.0127605115469045,0.576486967710906,0.00423572752937202
4221,8994,1.46374860455526e-05,0.0219475913099499,0.322727795664186,0.296636841942103,0.00916835909250742,0.285265466950461,0.0642393075547466
7873,9355,3.00447285434184e-08,0.00396264927258262,0.335682457871033,0.00878266432124228,0.000499036342735147,0.637063743185077,0.0140094189626009
5874,10433,4.07081727073003e-06,0.0221492983937472,0.116377439558029,0.104968926821046,0.00392353898551226,0.725953006775784,0.026623718648611
8012,7197,2.71559188742812e-08,0.0669695145237899,0.50085834497382,0.0284793179998154,0.00547509631490218,0.14742889700042,0.250788802031334
6978,8276,3.70563948229676e-07,0.0107882843650911,0.00455158053868393,0.0126447227344883,0.00016524163421125,0.858437894896507,0.11341190526707
5188,5638,1.6138123705352e-06,0.00582913072340583,0.383419338843496,0.162552612764654,0.00221694654593258,0.200801694007655,0.245178663302486
3465,6956,1.38946173019524e-07,0.00902440020813743,0.343229742110905,0.190913640537992,0.00616870004036779,0.0994426766932413,0.351220701463184
9665,6959,1.16273087206665e-06,0.0695283624414945,0.481896080898027,0.147130302719387,0.00289366275143159,0.215143480705825,0.0834069477529628
8703,3122,4.87510784168014e-06,0.0340268816532098,0.110373753380014,0.0104770676913422,0.00245379515917561,0.620754790259396,0.221908836749021
4360,6596,6.00052915306434e-07,0.0058682752923803,0.350090205891836,0.230781487912237,0.0030464735637536,0.249088957277848,0.16112400000903
10148,6599,2.60295105323882e-06,0.0253004245506861,0.231854691232846,0.151723164400032,0.00186825514018144,0.249312246191745,0.339938615533456
4843,6716,1.14979552092674e-08,0.00862179813437159,0.229237851697459,0.105602547961016,0.00227131162782059,0.529658941014928,0.12460753806645
9598,2763,2.90848788510085e-06,0.0346225001263132,0.187833654323117,0.0421348933003099,0.0532309806406936,0.556768531004019,0.125406532117662
5257,4319,1.08589891006373e-07,0.00220916142540429,0.54283110350216,0.0185039861619602,0.0850391065251037,0.341549611531041,0.00986692226443999
5461,9474,3.22555909149603e-06,0.0168010731966498,0.101397412840545,0.252005703431854,0.000514176021256303,0.424704695031127,0.204573713919477
2777,3359,2.33242445712559e-10,2.97226908928088e-05,0.382801849835247,0.00191822339755936,0.00318258484489015,0.465333768183148,0.146733850815021
6774,2641,4.46010490768205e-07,0.0029100674527678,0.485251441285633,0.317065623491398,0.00152047910982401,0.173325536422236,0.0199264062276505
8838,8157,4.62245283660251e-07,0.0571241825674885,0.138203907857582,0.10406156818505,0.000732052309120848,0.564102890720232,0.135774936115243
7183,10074,8.24967957108496e-09,0.0001716183384388,0.401221659231689,0.0583671965261388,0.00985731564357122,0.471261380725091,0.059120821285392
5254,10073,1.87612638811852e-05,0.0120420467773821,0.326897522897789,0.101923960786827,0.0117585995837402,0.110112224613137,0.437246884077244
9457,10195,2.0081168672927e-09,0.0201654181424446,0.195042168190871,0.0632774903553624,0.000212004465743678,0.623508594257097,0.0977943225803642
7597,10074,2.96924713398673e-05,0.0233392074932485,0.379112393796077,0.140269221227637,0.00657172886811581,0.312801657152486,0.137876098991096
5049,8035,8.7119083841872e-05,0.00753693590151192,0.351624976232743,0.0992342663998495,0.0127929009543967,0.2825943305235,0.246129470904157
9664,9116,7.89740476008188e-05,0.0718431185643245,0.454376915600196,0.0376001150583922,0.0191990271656033,0.322619242679464,0.0942826068844195
7046,9355,4.79729374499604e-06,0.0301546005127749,0.394937566622713,0.143002513129498,0.00497026581837288,0.3465073960563,0.0804228605665969
4638,2520,7.73967622146278e-07,0.00281090422979534,0.391910101858413,0.0200733828276777,0.00353568828115939,0.289077838947436,0.292591309887897
8218,7557,2.55058289946625e-07,0.0833570074199347,0.366854321326145,0.0981756571493727,0.00380773164975274,0.212907141711624,0.234897885684881
3259,4198,1.39071297779931e-12,0.000182935642613858,7.71997056962201e-08,0.000336684211407478,2.20993833832706e-06,0.996307385656883,0.0031707073496611
6565,5878,4.50920212026978e-06,0.0216061743905275,0.211025816579561,0.113738099222702,0.00149531886744915,0.489616103917831,0.162513977819809
5256,5997,5.02598631567778e-10,0.000575556364144131,4.72884148057149e-05,0.00686460542906007,2.33947685994112e-05,0.859225721640444,0.133263432880348
10148,5640,2.43065659563469e-10,7.53231498304792e-05,1.42643026341369e-06,0.0131612970286603,4.71504872249688e-05,0.731880863706793,0.254833938954162
10149,3003,3.36778476637621e-07,0.0277470682410497,0.180603307950495,0.0268765807832239,0.00430169304253129,0.580000252913784,0.18047076029044
8355,9955,1.07561318838982e-10,0.00470625148828665,0.471222768760451,0.00369986489589074,2.66350910024638e-05,0.136663580942673,0.383680898714135
4912,5638,1.58547778344253e-06,0.0240616963779669,0.199013115916469,0.132765261783971,0.00198600919229432,0.479293497920301,0.162878833331214
8840,3601,3.27700137311272e-05,0.0402818650662404,0.121125941225867,0.0224667416671404,0.0460537794791873,0.672686534496602,0.0973523680512313
8080,8516,1.35604701735348e-07,0.0407607554276328,0.0420786845272096,0.0128169165726004,0.00045630581324523,0.793421620822268,0.110465581232342
3327,5996,4.94471106871907e-08,0.00174322930263585,0.462053767035659,0.0913751748474841,0.00981802754563797,0.299010687191723,0.135999064629749
6428,5878,2.04966197996213e-06,0.0191567526623409,0.513353274816921,0.104588014207009,0.00566904576161647,0.241870509143079,0.115360353747054
5258,3360,4.60227034796709e-10,0.000113440339382495,0.595005626704619,4.09760894651744e-06,0.0289471903242404,0.373590149552227,0.00233949501035775
9458,7318,4.00532775940392e-09,0.0286623771326079,0.25688260542987,0.01728319130676,0.000187588316736023,0.671101579325163,0.0258826544835352
8564,5040,7.67606435902069e-07,0.000471441879071862,5.21125564238991e-06,0.00139397275769418,3.9601529970356e-05,0.764735903297354,0.233353101673831
8906,9476,0.000386669402286488,0.068897863739389,0.460801556679514,0.0613127307128806,0.0182974288260601,0.182936680812758,0.207367069827112
9804,4801,6.7226738842918e-09,0.000308251682330653,0.000516062040796873,0.00235787248586904,3.52107834225865e-06,0.666069638817497,0.33074464717249
3328,4798,0.0614415202512796,0.0532862216423724,0.0515335774966168,0.186209990079813,0.0724983970235252,0.518716976945135,0.056313316561258
3809,6356,1.25129794247759e-05,0.00904052775267974,0.406600986081179,0.230008262504752,0.0312184355931685,0.203436534799823,0.119682740288973
10011,5400,3.51536890044771e-10,0.000285093933603134,0.00489174877664563,0.00280542838998512,1.30736147325208e-05,0.65209643938775,0.339908215545747
5049,6836,0.000149581106298312,0.0112743830084631,0.274846524993192,0.210264579791415,0.00687558296385608,0.380146275643852,0.116443072492924
8907,8517,2.10156852208402e-08,0.0296713832430504,0.480723082140001,0.0118430403457333,0.00143623806961035,0.28523455214558,0.19109168304034
4772,9953,1.22269433159431e-06,0.00645086263097784,0.17708266722079,0.2710690330517,0.00357802612245654,0.294126900716013,0.247691287563731
8495,3961,6.94669472983939e-08,0.0149874740164663,0.110290728644401,0.00649703475490307,0.000664284663080841,0.629558998099463,0.238001410354738
8496,2522,7.14526187634057e-06,0.0596100854984278,0.431074560063704,0.0335633343259058,0.0368768899704714,0.193293280757875,0.245574704121739
8564,4081,9.68149028367414e-08,0.0107090240207363,0.0562665688330111,0.00645427872982584,0.00109325967521328,0.475645537093555,0.449831234832756
5600,7796,0.000225312806053175,0.00523757523671484,0.299719954078852,0.0991135164400927,0.0277493418724823,0.371368786649121,0.196585512916683
9942,5280,6.52625445350174e-10,0.000375781623075131,0.000821329023622959,0.00418204205720182,1.64515792511465e-05,0.619310053554441,0.375294341509782
4982,2880,0.00888700649981538,0.0221698883275069,0.357620232255868,0.0810246491280331,0.0166214381577629,0.473800242897927,0.0398765427330866
4982,4079,1.61361047960326e-05,0.106435893516392,0.300697387755155,0.043053519901876,0.0211884368976057,0.24072382896484,0.287884796859335
4084,7315,3.30557120933873e-07,0.00306473949323608,0.248173543029158,0.131383574711397,0.00215137103702386,0.16209783676887,0.453128604403194
6702,7796,7.70983503695295e-05,0.0200720401919573,0.150816380880844,0.11221974398903,0.00590592742801053,0.279808541909411,0.431100267250378
5187,7316,0.026937798534978,0.0144612419450733,0.376555494834026,0.148548407602859,0.0226921266189597,0.138192459190834,0.27261247127327
7806,4680,3.20787893784132e-08,0.00275734527573992,0.0666107525211001,0.00123192136227682,0.00896093126475111,0.511127264747211,0.409311752750131
7459,9595,1.03640487913954e-05,0.0234195235626826,0.439077980228978,0.124570869956197,0.00839337301924852,0.167967169230757,0.236560719953345
5463,5638,0.000211632169295901,0.0107544823204913,0.307725835691244,0.26294073419283,0.0043260940156889,0.28032037233792,0.133720849272531
4428,8874,0.00203205472444635,0.0310270024240842,0.22829625521854,0.182475994265592,0.0163473716657303,0.242438907275007,0.297382414426599
3534,5637,2.51649400053809e-07,0.00099597224656189,0.449777664538341,0.194017177629724,0.000535867741952973,0.238532029508769,0.116141036685252
8979,1683,1.84118158766651e-06,0.00317196561544429,0.302817103891358,0.181748263853075,0.000729925304268312,0.385484599447372,0.126046300706894
5119,5757,2.10291988430111e-08,0.00241949655723616,0.204417209298504,0.0930084889517487,0.000315828730703149,0.506226238053765,0.193612717378844
6081,9834,2.30521835727351e-10,0.00145319550362009,0.000264243481366133,0.00178813102305626,6.30517414176204e-06,0.9866972206201,0.00979090396719394
4432,1681,3.24781466698609e-09,0.000418464400927859,0.330182879798409,0.0782633592808676,0.000123879958728706,0.464004282771406,0.127007130541846
5185,9953,0.0108466929851964,0.0258630368456981,0.324038457604795,0.224789604220046,0.0668867214553832,0.0736817243795506,0.27389376250933
8010,9595,1.75785663272211e-08,0.00944285930605328,0.471884913044329,0.0044344010026377,0.0129447068309787,0.186963041654679,0.314330060582756
8633,4920,5.95039784394656e-11,4.89856307780955e-06,4.88870864725011e-07,6.88649543883048e-06,5.06950720717236e-06,0.692330683987408,0.307651972516499
10218,3602,2.61159780534952e-09,0.00181173893059532,0.0286705769302664,0.00671296181871068,0.000347751919854179,0.542341678903141,0.420115288885835
4430,4319,1.697996185207e-06,0.0327676781435704,0.0806719233197705,0.00519975034156734,0.108448550577137,0.717097040820558,0.0558133588012112
5809,2401,6.82553211405771e-08,0.000772496117658277,0.288393491514803,0.0285924676494428,0.0136876605994809,0.60733427734463,0.0612195385186642
8908,6359,4.76652108015862e-10,0.0162212350117317,0.0417391424310584,0.00643868231514186,7.14455191996441e-05,0.74356980741281,0.191959686833407
9113,8637,2.59612964357634e-07,0.0273561388852097,0.519558991581603,0.00210160513468832,0.00352576989138684,0.261516964669483,0.185940270224665
7529,8036,3.29246648136272e-07,0.0395280554355077,0.0559708852884031,0.00873474828007642,0.000909115402415226,0.621997166342287,0.272859700004663
9667,2403,0.000285648499233675,0.027440166299907,0.252563635535691,0.0312691960325075,0.0541913189542454,0.193783291106792,0.440466743571624
6701,10194,1.1486044158827e-05,0.0335264354309649,0.130425974818872,0.14786612124383,0.00334222712843801,0.588212549528033,0.096615205805703
5809,3360,2.21649769546706e-08,0.000420728367741581,0.577691303543556,0.00602372740370335,0.0212073678978122,0.275530114245913,0.119126736376297
3397,3479,1.50442999791957e-07,0.00746759004569563,0.0144297621750986,0.0754679950423876,0.00108803525449499,0.855883338762315,0.0456631282770083
9251,7917,4.71018899655239e-08,0.0706794367334015,0.45698837725497,0.0729994280651151,0.000502936998875063,0.158417806284282,0.240411967561467
8012,6718,3.31389419268401e-06,0.0811875047359497,0.21624552174349,0.0297575835820005,0.0250846854082025,0.383188528182548,0.264532862453617
8148,9355,0.000669625173829929,0.0454208599698395,0.519384689226895,0.0967162206944883,0.013802983570141,0.160698439767326,0.16330718159748
6566,5159,5.34859029475228e-07,0.00296967217918786,0.492484710827362,0.0379867290123177,0.0463568543994029,0.141145316957967,0.279056181764733
7390,10434,9.06785102689668e-07,0.00845787367449322,0.394045641312739,0.0490826851178581,0.00117109362006392,0.299985693472237,0.247256106017505
9735,5880,1.1603334423432e-10,3.16718477320442e-05,3.57097414793236e-06,0.000467818391078347,2.21321116224633e-06,0.788114428944748,0.211380296515098
4635,8515,1.4240616179376e-05,0.0339175322819155,0.215533680917675,0.163238147954543,0.0017358070444989,0.4058867995351,0.179673791650088
6082,7197,6.89331900117687e-07,0.0118452846338173,0.383948847256704,0.195545496192221,0.000973215131286797,0.279256103414235,0.128430364039836
7252,10194,0.00130857169772347,0.033910785939791,0.392796044094114,0.280447101494579,0.0359636495048062,0.174247607665445,0.0813262396035422
3260,2999,5.98968497902212e-08,0.00404428474655496,0.0161469429592709,0.0623846507168493,0.000367254121913227,0.856096557019923,0.0609602505386384
9735,5400,1.4304961249895e-07,0.00135005914838143,0.00497301409502909,0.00383646009636595,0.000133436632612578,0.523995628374941,0.465711258603058
9872,5880,3.62965008756958e-11,2.41143668459013e-05,5.40135735565429e-07,5.74873787023408e-05,3.45205884568136e-06,0.739191076269795,0.260723329753779
5601,5878,4.9660044763978e-07,0.0121586053078695,0.201779773649375,0.084766051948726,0.00397994339689615,0.597713752114117,0.0996013769825683
6703,5638,1.46099037474987e-07,0.014983298003949,0.294540412843532,0.205779489009252,0.000535085198150812,0.299306122924452,0.184855445921627
7463,2642,1.06143783541432e-06,0.00446848308020852,0.456623706261544,0.155327628411274,0.0350377312991903,0.201009774795033,0.147531614714914
7668,5879,5.1333917189248e-08,0.00929410838339205,0.0103422627663496,0.0342880354242883,0.000643894264942783,0.881607956925403,0.0638236909017075
4291,8394,4.01673541373397e-05,0.0412031125808013,0.0521809776408017,0.140800259151604,0.0055446975315854,0.587414974129494,0.172815811611577
9252,6239,2.26352249950982e-06,0.0220737893165307,0.104603480596922,0.00376759496311611,0.00176780719585537,0.571435041450192,0.296350022954884
8908,4920,2.17457640505407e-06,0.000320186545160755,0.00123090518154158,0.0233847736262717,0.00129446276637072,0.501053717893717,0.472713779410533
9941,7198,4.70776922762295e-06,0.12438455360264,0.531935491757103,0.0221296841527859,0.0128828780822138,0.0245222704132981,0.284140414222732
6495,9594,2.20178476575325e-05,0.0290038106445499,0.217556718592019,0.270594968538675,0.0220160394940218,0.349694762979291,0.111111681903785
8080,8276,4.25897987875464e-09,0.0331550841096674,0.0596823528125454,0.00249975875444809,0.000127436305549507,0.809124164538367,0.0954111992204428
8290,1683,3.1590924283157e-07,0.00100254256008788,0.404044983661802,0.0813723128003157,0.0120392703336673,0.189570189453909,0.311970385280975
7186,5519,8.80225911356848e-11,0.000407618995702286,5.93713443949764e-06,0.000444429900830835,2.16568131158404e-06,0.99436238269957,0.00477746550012348
5601,6597,4.56557442850917e-09,0.00229630928105363,0.0169473180821953,0.00670971011794194,3.94438371481926e-05,0.908531849715558,0.0654753644005281
8358,3481,3.68425444415695e-08,0.00503816036508828,0.0973174955403079,0.0541842754758299,0.0017875823091092,0.455622540146143,0.386049909320977
8840,4800,7.32136019639089e-09,0.000996782535423043,0.00267714730047225,0.000547763452165855,7.0417728279927e-05,0.671890024009837,0.323817857652462
8493,8277,1.52631309265815e-10,0.0119753433435591,0.0138628586772565,0.0407069192133061,7.12043470052228e-05,0.87882354498993,0.0545601292763124
5324,7556,1.52892314956769e-05,0.00101963551220274,0.434567813651264,0.00627003600985596,0.0563598759321743,0.435164707460777,0.0666026422022305
4635,8035,0.0231993830086697,0.0388569443823685,0.206662052891574,0.183251861913433,0.0490035524765909,0.0855514817198143,0.41347472360755
7736,6958,2.92413880443675e-06,0.0840015972297646,0.364308777028178,0.0111850235309994,0.00504496371859607,0.262645372344951,0.272811342008706
4222,8514,2.58377009173667e-05,0.0299182300726622,0.0993572194054965,0.118577364393147,0.00687573212503847,0.544265306097,0.200980310205738
4981,5997,3.59803685887271e-08,0.00445462252425218,0.130337730171238,0.0573931157958342,0.000350435910867263,0.699978125392616,0.107485934224823
7735,9835,0.000599412995736824,0.0159000724582181,0.217819529018514,0.0143189294802724,0.0188093752635946,0.697158563035415,0.0353941177482483
5671,3600,1.03783066162246e-08,0.000448674944947232,0.415399098064379,0.023034691173004,0.00585550415273025,0.432401200179182,0.122860821107451
7114,10434,1.10064256331283e-05,0.0637310289703789,0.222543354803237,0.0900418444510835,0.0223196523996044,0.54534211269064,0.0560110002594228
5875,8036,4.93760401235113e-05,0.0154296584027303,0.248453066768998,0.289393250582317,0.0131523016783889,0.177530860504717,0.255991486022725
3949,2280,1.77792027210998e-11,0.000277997368105507,0.00689629269315298,0.00812674599572249,7.43566054575858e-05,0.627335566723622,0.35728904059616
5464,3000,5.47190852099128e-07,0.00291331976393152,0.388039918073454,0.00438270268314771,0.00372263783319435,0.550029251440717,0.0509116230147029
8010,10075,6.126959356091e-05,0.0424753117437663,0.445245013393666,0.0428330251231202,0.0186289038502757,0.165856821779913,0.284899654515698
8840,3841,7.64322384547089e-08,0.0130676988038124,0.174228849354089,0.00768751617645569,0.00136086328015349,0.498583731990524,0.305071263962727
5738,7076,0.000143088669591172,0.0189049870826887,0.262208310324103,0.228725403597259,0.0114620665557234,0.293366095168104,0.185190048602531
9390,5520,8.41558120967983e-10,0.00187788660768545,0.00174303496017083,0.00436175988555723,4.88176416518567e-05,0.898195009156042,0.0937734909073346
4776,1801,1.22803214617402e-08,0.00678505167726414,0.126174561679096,0.229290247169957,0.000702497444653355,0.35934239275625,0.277705236992458
5255,9114,0.000178689533075052,0.0141299863516803,0.218741006664936,0.252133334607889,0.00528649200762567,0.230407528472052,0.279122962362742
6842,3481,1.0904662755268e-06,0.00178366912220682,0.396151153472577,0.17577228311208,0.00202313258750379,0.227775429147488,0.196493242091869
6633,7916,1.11359532512499e-05,0.0293023116144284,0.130102906427007,0.104754269145478,0.00256762158859404,0.501927229074929,0.231334526196312
7597,10314,1.72253515728138e-05,0.0951528213286,0.625101992828271,0.0717566177813147,0.00741606151060195,0.0026951659289844,0.197860115270655
5187,6117,7.37718239771127e-08,0.0109764570448602,0.0365840338577035,0.02296193327351,0.000187278657053781,0.860981991594426,0.0683082318006223
8908,5639,1.54722333476463e-07,0.0091711902226099,0.0657000920737522,0.00307844481113068,8.96268232844902e-05,0.76226646793728,0.159694023409609
6567,1802,5.19700702039012e-08,1.35238577497556e-05,0.424138654230582,0.0598204558146486,0.00626729673277433,0.47932125395151,0.0304387634426657
3259,5157,2.77061990338787e-09,0.000502485014186977,0.701719237279993,0.212406445630747,0.000731589515440484,0.0521611902977014,0.032479049491311
9460,3722,9.28507770523264e-06,0.0329646174160284,0.0320913953954846,0.0105014990005908,0.0125571789760986,0.667632746193685,0.244243277940407
3948,4198,1.60860625160832e-09,0.00397807441884691,0.00211051811024608,0.0122715164882041,0.000163829778060094,0.946356328321763,0.0351197312742733
8424,8396,3.32907969100948e-08,0.0254726922978946,0.0179219853544383,0.0358072840819084,0.000233776351851282,0.792671246672287,0.127892981950824
7875,5519,7.26507561921989e-07,0.00494621347760021,0.0310367608581083,0.0163383829213144,0.000413889069322055,0.638555667465795,0.308708359700298
5602,3960,4.07768937480076e-06,0.000458637673553801,0.288736544744453,0.021183381126519,0.0304091301737263,0.537866868820077,0.121341359772295
9527,8877,8.61170067836986e-06,0.0506421530080244,0.586993629105967,0.0631851531119138,0.0108857479202161,0.0767565046517727,0.211528200501428
3327,6236,1.7925335328887e-09,0.00013270961052659,0.327370484666051,0.0180450852281227,0.000322578579960542,0.420785044398905,0.2333440957239
7116,6598,3.64926816289763e-11,0.00330740845042134,0.00134979403373824,0.00491960712907765,3.52884263541967e-05,0.771434510130875,0.218953391793041
8838,7438,2.37112953072658e-06,0.101365752974639,0.282033561367123,0.0853927813680366,0.0065940657875765,0.369866893915597,0.154744573457497
8976,8157,8.81276169076206e-08,0.0663029833701891,0.267783062969324,0.00822603956144511,0.0018486387447965,0.480745631067685,0.175093556158944
9323,3242,1.41340077183916e-07,0.00262366614882109,0.0731655964257412,0.0524664493621688,0.00124076374893824,0.533312511072328,0.337190871901926
4015,9353,7.07528348495485e-05,0.025232893163288,0.426607748015759,0.18161231657098,0.00478441637784496,0.145344840913517,0.216347032123761
5393,7676,1.76501495326842e-05,0.00750202270070968,0.307361146327446,0.156498359589748,0.0112631006900201,0.275149615606087,0.242208104936456
8149,7917,4.45337200619126e-07,0.0899004396314293,0.343045022725818,0.00769842172232249,0.00170711211161601,0.347396655045574,0.21025190342604
6841,6118,4.90501930793932e-05,0.0360286466278925,0.234023635002349,0.0102198436988664,0.00102722337217309,0.55211774493775,0.16653385616789
8425,7677,9.0211951501574e-05,0.127601789830207,0.305984696136806,0.0928116459307058,0.045383902364948,0.146430618108749,0.281697135677083
7736,7917,4.17207855097495e-06,0.0637062336060943,0.255411541880078,0.02076767953882,0.00646774104147025,0.306930715805162,0.346711916049825
2984,3479,8.9445133953548e-10,0.000769868934185728,0.145368356057015,0.0921636825372152,0.000303009531694522,0.725108203813876,0.0362868782315623
4773,7795,0.0126185027003199,0.0100982674461727,0.276206103041922,0.236007688603654,0.0100242232693471,0.178117221432556,0.276927993506028
6357,8875,1.36042446437626e-06,0.0264127833954849,0.0987657590839349,0.102825162085747,0.00108004212719804,0.692105332676931,0.0788095602062392
8772,3002,8.06588511150431e-08,0.0412967054141068,0.214732240366534,0.00216290593576993,0.00121596352196143,0.555880461690537,0.18471164241224
5668,10313,4.14514142156785e-06,0.0246703151076922,0.560088905281564,0.238913318297417,0.0150015126401704,0.0752822447742486,0.086039558757486
6150,9714,4.40947113537643e-06,0.0257741602497459,0.000699643127523293,0.0746329858916884,0.00243995712423989,0.844552668307505,0.051896175828162
9872,6599,1.03085362935541e-06,0.103261759860265,0.328522377977261,0.182513767966929,0.00419726242646286,0.0753152265042461,0.306188574411208
10079,6479,7.25589766036329e-07,0.0153709884975094,0.161748223454038,0.0728966995728992,0.00687864726801665,0.156618217777444,0.586486497840327
9461,1803,4.93230340003936e-05,0.113396266620856,0.160718726450041,0.123607356016376,0.013589028453003,0.234322558149148,0.354316741276576
4566,8155,0.000709926595303245,0.00909363217588311,0.413865042257542,0.270765818173644,0.0107246623849429,0.0382029100199195,0.256638008392765
3259,4438,1.27147545123873e-05,0.0328091753680974,0.0278068192449391,0.082540935912806,0.0174184023709745,0.798184283898372,0.0412276684502984
9183,6359,2.24003520930383e-08,0.0134507186377517,0.0232123060778657,0.0337722894964524,0.000788938305558297,0.745630407746726,0.183145317335294
8151,4081,1.2250231652764e-09,0.000529209170422932,0.000111622367523599,0.00177218490244417,3.97677496524419e-05,0.745402309939916,0.252144904645017
6359,4320,4.65541059414466e-06,0.00959901923570454,0.511081086226896,0.110076740271015,0.00512530487820378,0.129116343177895,0.234996850799692
5119,4559,1.23551662029224e-09,0.00312490032358979,0.242464068134162,0.0302956977899571,0.00916529365142529,0.401795195126806,0.313154843738544
6359,4559,3.21118113223959e-09,0.00271494313190861,0.213416949771821,0.0371981320104827,0.00127307467576609,0.236986427575713,0.508410469623128
6082,9115,8.97832627073659e-07,0.01645801494208,0.267420926755069,0.108415853615901,0.000355835810589031,0.5412388335969,0.0661096374468337
3946,8514,7.25700942479018e-07,0.00475886764366606,0.00620223305126107,0.00558981623588944,9.31854285435212e-05,0.741290666676734,0.242064505262963
7392,6358,2.31304139183827e-07,0.0117010031580618,0.0138663509695423,0.0316231452030181,0.000559951981722293,0.721689195468596,0.22056012191492
5530,10313,3.82487816079123e-05,0.0376366553913625,0.354795308641246,0.219047774967844,0.0122096259438645,0.204831924656641,0.171440461617435
6220,8156,5.68775052414407e-09,0.000835849929093408,3.66970760933023e-05,0.0106059913418317,2.20071706042079e-05,0.913715978542275,0.0747834702523514
7529,7557,1.04518146086825e-06,0.0618765668568157,0.159204064886462,0.0849207016466306,0.00402321565208873,0.486329632055622,0.20364477372092
6704,5159,6.55158094365811e-08,0.0139706861494864,0.190430970022012,0.176972962637144,0.0286574483940167,0.40968232048978,0.180285546791752
9667,3122,0.00114661255360113,0.110735770185741,0.24428284000153,0.0450133313817153,0.0508655860693241,0.370647161160831,0.177308698647257
4499,5158,3.37472456022963e-08,0.0152383857551167,0.734527801935903,0.0543457986384356,0.0306121237895598,0.065280196267545,0.0999956598661946
6771,7916,2.99731457571859e-05,0.014640462065557,0.0681929194477699,0.20395854189569,0.00332610396144716,0.477088011828759,0.232763987655019
4634,10193,2.6508484150079e-05,0.00974649902256195,0.381829370295915,0.226513186759353,0.0097563952898663,0.157392739879617,0.214735300268537
4980,6956,3.37748122963472e-06,0.00196621656138314,0.205565141635272,0.20596187932059,0.00694362839345702,0.383323045780683,0.196236710827385
8908,6119,3.90826672252039e-09,0.00286535021600908,0.00584096012971219,0.000442414307692863,6.40452408209906e-05,0.700736558690808,0.29005066750669
8150,6478,1.51101914027837e-09,0.0289530810776881,0.20731605807609,0.00393998919155674,0.00026529182325454,0.628262861790543,0.131262716529848
10079,5760,1.37321650984132e-09,0.000224338850066828,5.13817929341058e-05,0.00219229382348094,4.32166994951435e-06,0.865762590362538,0.131765072127814
8495,5639,9.96886850501658e-10,0.00181063467694957,0.000327246396930801,0.00155869656520824,8.68961987570135e-05,0.797264923151735,0.198951602013532
10150,2283,3.03174704087168e-05,0.151265624390008,0.265816940718814,0.269046947003753,0.010673300298613,0.0916920849702708,0.211474785148133
3467,2400,6.92740701796778e-11,0.000947738515602204,0.0909649013905891,0.00423818530015267,3.42753248110748e-05,0.573016733940428,0.330798165459143
8906,10435,0.00522578369416218,0.0349530990569473,0.184900761229064,0.0447366347442359,0.009992041575261,0.205622857561482,0.514568822138847
10146,10196,4.14560253152263e-07,0.0244642657743699,0.01806051988519,0.0216192296396115,0.0070261626062536,0.66496403113617,0.263865376398152
4844,4079,6.08431693637309e-12,0.000448524993250301,0.136190652855158,1.51962116884527e-05,0.0228539271826285,0.688474032718087,0.152017666033104
8908,5400,5.0670193790938e-07,0.00271786569125316,0.000453122074945222,0.00629721627351448,0.000315810584047694,0.640850575397035,0.349364903277266
9667,3842,3.41302726124491e-07,0.00625607477710296,0.121046613486359,0.00397750734142934,0.00266367451575681,0.327432282463441,0.538623506113184
9389,8637,8.07586188902323e-05,0.026137359786197,0.417794353220751,0.0797647922609549,0.00537396688766998,0.230358149598743,0.240490619626793
7390,10194,6.36869209388369e-07,0.00770747914488606,0.349709917001312,0.104341238732983,0.00128139257806699,0.392734282462727,0.144225053210815
5323,10433,1.47137823706238e-06,0.00987510064980454,0.288900214698736,0.0857682179479749,0.0134552050829224,0.5358574438453,0.0661423463970258
8564,3841,5.89348810693525e-08,0.00521299876621293,0.129468295301854,0.02281045238885,0.000464159791947902,0.567304517832021,0.274739516984233
2984,4198,1.54420287439737e-06,0.000487493845808519,0.459008926009513,0.0555646751837808,0.0053721870588442,0.399380200807493,0.080184972891686
5600,7316,6.32691165800732e-05,0.0212939266187851,0.279767947775182,0.222795976941747,0.00385831154325417,0.256862634459467,0.215357933544984
3808,8514,3.66225884673634e-07,0.0107094278904996,0.000811397815090903,0.0161034138038757,0.000827367158828318,0.852561728391926,0.118986298713895
3397,4438,8.55501267785826e-11,0.00121915280568449,0.000371241424451998,0.0004650530024932,2.92398809804929e-06,0.99412321764774,0.00381841104598258
9940,8637,0.00036946436284229,0.0282010336001886,0.362246272191728,0.0648337673608951,0.00967778334404838,0.204270675010296,0.330401004130002
8083,2762,1.36396093823787e-05,0.0103043657215563,0.364918940649475,0.102021594173953,0.018126005126387,0.283220027711445,0.221395427007801
8079,10195,5.35738896476941e-07,0.0119835393402182,0.483611190097309,0.0346152785919248,0.000591294056370912,0.156814625261066,0.312383536914215
6498,2162,5.70315438855396e-09,0.000202673635405219,0.511813931175921,0.00657933436971132,0.0144456181274137,0.41932500510094,0.0476334318874542
8013,5279,5.29952236458149e-07,0.00758446600975058,0.00594023858389627,0.000697344301966242,0.000300810966420719,0.776857539144685,0.208619071041045
10010,7079,1.18363883897253e-07,0.0593158738782037,0.529024459323017,0.0265712879385547,0.00247319237629941,0.200770790549585,0.181844277570456
6701,10434,1.02407937704866e-07,0.0184586553452111,0.312138537820522,0.119360644891729,0.00641284658490202,0.518788994539618,0.0248402184100809
6978,7557,1.40705515994523e-06,0.0286786804393777,0.109267522972394,0.184387950055558,0.000484015522996067,0.393916162551534,0.283264261402981
9874,3482,0.000171824334838351,0.0322025251232997,0.0355953348013515,0.0397357170534781,0.000182277268137645,0.769712668567225,0.12239965285167
4428,8395,0.00310696025727599,0.0431357366348961,0.17716528895129,0.0659730618047965,0.00584482911710465,0.440970668292007,0.263803454942629
9323,2283,4.56373465451654e-07,0.0471084280752729,0.393949090531928,0.00544531726288201,0.0498715848480855,0.0265546888894691,0.477070434018897
5530,9594,0.00219615553356629,0.0594165302006142,0.133732234333069,0.128292839662014,0.0410126263157147,0.413088091140176,0.222261522814845
4979,9114,0.0141433609359444,0.00621539569189872,0.19509773974839,0.044853034844456,0.0449406293938596,0.501414151233453,0.193335688151999
8079,9955,4.15980393488389e-07,0.0180216878283789,0.580246608901621,0.00603343503537294,0.00111779735434336,0.184299637714962,0.210280417184929
5188,4199,4.06869307399514e-10,0.00147525679355314,0.525742968257399,0.0201231884883881,0.0409401843590173,0.368307275418351,0.0434111262764224
9458,8277,1.20150901317473e-05,0.0721201624511843,0.349388136928861,0.0376203059145139,0.0100885899386984,0.339298203545337,0.191472586131273
8013,4560,6.11194625670908e-09,0.000277334376737072,3.35201743404633e-06,0.000179050038535865,4.83671149325605e-05,0.9197125048403,0.0797793855001142
7115,9475,0.000180417956200513,0.039527142209855,0.288827031806914,0.152484280723374,0.025398153680509,0.361617245551657,0.13196572807149
7394,2282,3.31993231874498e-08,0.000262200439489692,0.363290997885593,0.29413749179959,0.000404293920355646,0.116754630835695,0.225150351919954
9323,1803,1.47273950089936e-06,0.0683586230023753,0.217561297563804,0.0896727224108157,0.00549656200991116,0.0958715539265401,0.523037768347052
7737,5279,1.44661159678873e-12,4.64781405196707e-05,1.41386396641869e-06,1.84570351806841e-05,4.96063225434576e-07,0.979773911834394,0.0201592430612669
10216,8877,1.23718616710414e-06,0.00600443374822608,0.459208607940636,0.0272372716916349,0.00628231803199673,0.255230442623815,0.246035688777524
6015,3720,3.67918030478457e-08,0.0109095034651389,0.811804246350102,0.00517155812140205,0.031268320051542,0.0139477272949247,0.126898607925088
10077,9596,1.00130832779751e-11,4.50508950622836e-05,0.00856284480153794,0.00135721383972216,7.59013363497437e-05,0.973221356230385,0.0167376328869295
9322,3482,1.04149580465581e-06,0.0112054177065088,0.100084492868959,0.00301246975018497,0.000806424376591084,0.702836442503955,0.182053711297997
3191,2400,2.54304347498173e-07,0.00236852494095375,0.158442494786115,0.210961232315574,0.0127198405297377,0.478354213147211,0.137153439976061
8012,5519,1.60944184899895e-08,0.000560599130671251,0.000100175770879832,5.3306660505064e-05,1.65130615313978e-05,0.914705501702106,0.0845638875798884
4772,9234,2.24412032395311e-07,0.00603605640443516,0.270324109943372,0.221106987875133,0.00134608779524752,0.135686042507926,0.365500491061853
8839,6479,2.84647304038709e-10,0.0172608352542261,0.094290382998773,0.0157573799048014,0.000292124180728136,0.798239915515964,0.0741593618608605
5463,5878,3.30829992243959e-08,0.00918942350864479,0.21148359820881,0.087111251726216,0.000525447367417039,0.509307724608163,0.18238252149775
3672,6116,5.02484039231835e-07,0.00488607032966394,0.593231416649988,0.185014808012278,0.00234034245373107,0.137188916714316,0.0773379433559842
9113,9596,1.34621306446797e-05,0.044315472471827,0.439149635756493,0.0636657602666188,0.0147966833328603,0.0763232053150424,0.361735780726514
8358,2282,4.28143470184918e-05,0.0188113239295858,0.377065493824278,0.051012845688778,0.0588540651831845,0.311460138570502,0.182753318456654
7528,9955,2.20749298188626e-07,0.0164450262215984,0.499932843446356,0.0276853164720178,0.00715013562932369,0.332531804022923,0.116254653458482
7944,3721,4.64126874587899e-05,0.0210473010270967,0.144700302667137,0.0225279115071467,0.019522742328812,0.549246591440213,0.242908738342135
8149,8636,7.71661114372424e-09,0.0122743015188353,0.270121618244531,0.0768225168740277,0.000326778687472955,0.462569794519054,0.177884982439468
8082,5160,7.55470178834216e-10,0.000470594267536492,1.58706849494831e-05,0.00125616158144091,6.17176190234851e-06,0.861610270605713,0.136640930342987
4704,7915,0.00545189285919219,0.0182935358193475,0.288108906950941,0.274968185399608,0.0200562534257968,0.0683558708245031,0.324765354720612
6014,6357,3.59333708395205e-08,0.00838726684315015,0.141087636329195,0.0424658598593105,0.000898554040674681,0.720636029303369,0.0865246176909294
6564,9475,2.11696980291334e-07,0.016287617690772,0.114392689282768,0.0874069379251532,0.000729869998595717,0.729990275086699,0.0511923983190318
7186,5039,8.91876996882392e-10,0.00218840810554523,0.00584202554835677,0.00233697209561268,4.58324807838439e-05,0.917159301171719,0.0724274597061059
10077,10076,4.51847666994664e-07,0.00156571828814946,0.162375543585635,0.00168692207792851,1.87955526989316e-05,0.827593038257997,0.00675953038992393
5532,5518,4.35799547288442e-06,0.00967701258723956,0.477836011745061,0.185629569977963,0.00470256558141818,0.164088793959347,0.158061688153498
9939,9836,1.55328116155144e-09,0.00317787778610551,0.0149364250223088,0.186832458162581,1.86681867553601e-05,0.616391742636331,0.178642826652637
9458,7558,8.90178354354467e-07,0.10897135387717,0.408467653872055,0.254316754856713,0.00253975559515559,0.0836218111794699,0.142081780441083
9254,3122,2.34741450613214e-08,0.0409215544964704,0.233871148519326,0.0391111869571792,0.000585773230140108,0.574713646162374,0.110796667160365
4568,5517,7.35769889531031e-09,0.00155277820124004,0.294364113925746,0.0748205220319579,0.00058492015636655,0.396360868908538,0.232316789418452
8082,3481,1.404683857617e-06,0.00771335668843938,0.183481176493687,0.0174495392528837,0.00242804473159431,0.399181981470958,0.38974449667858
6357,10314,4.7755884547603e-08,0.000315036735395002,0.528826096614729,0.0833634217796505,0.00879303150340405,0.34878854880499,0.0299138168059476
9112,10315,2.39285347203439e-06,0.00848395136945675,0.542071331772301,0.0421207371509504,0.00188215237757719,0.154030013710229,0.251409420766014
5396,1921,0.00016796718972852,0.0104898787047083,0.209463045153616,0.0462658946657247,0.0031151434968951,0.647020034124378,0.0834780366649493
7459,9835,0.000293273911129792,0.0204601379576761,0.42911548472702,0.0883189914156361,0.0334889283653696,0.369715230418568,0.0586079532046007
3947,5877,6.87618037158355e-07,0.00798964134568142,0.422775384189771,0.124082709377804,0.0105269653119887,0.325810145934652,0.108814466222065
4566,8874,0.000696666375124217,0.0173968153887004,0.251545206633095,0.245623918905122,0.00630078498372465,0.131866548017655,0.346570059696578
5462,8515,0.00201790241593984,0.0193100126076671,0.16391695539102,0.179147546193198,0.0172694107380861,0.224617387187291,0.393720785466799
6770,10074,9.68771218644623e-08,0.0262631434804229,0.171681342321578,0.110470956740376,0.00368820780964348,0.555160802119579,0.132735450651279
10147,8517,1.83405905358649e-05,0.0279448828004006,0.447632676560864,0.0148564507831466,0.0438960340064534,0.368971431530255,0.0966801837283448
8356,6598,7.92479401405684e-08,0.0247802307576007,0.220280690277386,0.0133322029523675,0.00174952783124816,0.6408915185086,0.098965750424857
4223,5877,2.13482705975435e-06,0.00461856006882648,0.400222305494777,0.171150483275913,0.00351005335034782,0.179441685746424,0.241054777236652
6083,6477,1.32597410023444e-10,0.000539254113719981,2.56725845089201e-05,0.000400882668174136,8.44094395610114e-06,0.988278432611574,0.010747316945469
8287,8396,6.90609101896222e-09,0.0317868983498933,0.0195091363025018,0.00117617740945572,7.64455002187101e-05,0.795513808314875,0.151937527216964
6427,7077,7.38106401077299e-07,0.00142245641255407,0.0892220773163628,0.0320455269198228,0.00270904675294335,0.855530507346063,0.0190696471458532
3673,3479,1.57345372782063e-06,0.00313410937482628,0.00169228674960022,0.00331082036922539,0.000293382938616097,0.944070951572489,0.0474968755415158
7253,9475,9.49916836899827e-07,0.000933050961065728,0.49231875459124,0.0125143362804093,0.0851514668346374,0.310353809293129,0.0987276321226817
5532,5278,2.24679912283378e-06,0.0603689377418042,0.54444717688205,0.0058746637595443,0.0307433687766822,0.0763177523970688,0.282245853643728
7117,5159,2.08949505695421e-07,0.0216417528314243,0.0132141212835478,0.0127886917852505,0.000681751018698621,0.862476954348572,0.0891965197830008
3122,3239,4.15555529905135e-08,0.00318641864906356,0.0746091126287485,0.159290033154099,0.000919355173636676,0.540953794931447,0.221041243907453
8011,9116,5.63864117509135e-07,0.0279830055689923,0.400782313866663,0.0449828461735224,0.000294724154572129,0.231776779845115,0.294179766527018
4637,5158,4.90760852080313e-09,0.00734777904140528,0.697447855483639,0.000623166634861649,0.163451392429916,0.0398860937746902,0.0912437077278799
9185,3721,2.7712768411598e-05,0.0616200851041838,0.153169438302826,0.0236943924872759,0.00337589730370445,0.604515776385126,0.153596697648473
10150,2763,5.28222955829782e-07,0.101244795659268,0.380210885561325,0.0919823271129535,0.00250609606929776,0.192583604984686,0.231471762389514
5393,9114,2.39644108470415e-05,0.0224392830516431,0.182458526562326,0.184792581290532,0.000983598937884361,0.336052415427462,0.273249630319306
5188,5398,2.90986091811609e-08,0.00189374426995593,0.504727550870446,0.013341970111214,0.0667744254067604,0.242799636165567,0.170462644077448
4773,8515,3.36869245417345e-08,0.0150699271410828,0.135549013147112,0.267332278498377,0.000308270618806953,0.316597872529365,0.265142604378332
8770,5160,8.94353986491181e-06,0.00240519943589431,0.00631002553720766,0.0216505183056234,0.00115126149853657,0.518025417776397,0.450448633906476
4982,3839,1.46805724682976e-08,0.00795785954688394,0.320981440314505,0.0112871833497874,0.0421562060099762,0.564169964590852,0.0534473315074228
7805,7317,0.00118235316897543,0.117356684856534,0.215811281596197,0.0419777961999305,0.0626216673199432,0.251155536169346,0.309894680689075
9185,2523,9.91132314706197e-07,0.0361145179136946,0.42674277971777,0.047238535615383,0.00566445867079641,0.169592043723814,0.314646673226227
5805,10553,2.25474199873572e-06,0.0279732787122648,0.129343380758176,0.0829958088633384,0.00520480597927793,0.54703671168504,0.207443759259904
6633,8635,1.68658767292042e-07,0.0258622078813626,0.0140463648108281,0.00772380594678925,0.00179796788414974,0.85200278260209,0.0985667022160132
9802,9836,2.65334902019021e-09,0.0309973472277798,0.338481431742412,0.00285644161443588,0.000468064003612811,0.339540592177111,0.287656120581299
4776,1561,3.00389685101167e-06,0.000178312210412795,0.0859564252417381,0.0132037403500221,0.00598801692942428,0.888887881572751,0.00578261979880085
4912,6117,1.02016204879193e-05,0.0111832543144418,0.433503901890225,0.0972789949704751,0.00636235553628903,0.314495768300743,0.137165523367338
4566,9114,0.00144496938735717,0.0408054669232211,0.276337122887416,0.159049070115463,0.0670630191591599,0.0867231848719627,0.36857716665542
7597,9115,1.23242228772856e-07,0.0340628132350636,0.223392259891702,0.0874471962700672,0.00126086806729604,0.512773965143753,0.141062774149889
8355,8996,4.8938611544019e-07,0.0737431197990856,0.405483813839671,0.0496239751151466,0.00415159815955359,0.113840888085131,0.353156115615297
9736,3722,1.60942690385562e-05,0.0122625212929764,0.0408869924490631,0.0021317195609705,0.0126671971444367,0.478090082522814,0.453945392760701
3671,8274,4.80187117029162e-10,0.00065022437992729,0.00043793266261014,0.0120658301497963,2.65445173124946e-05,0.965910653754616,0.0209088140555503
6013,8275,4.87832327523686e-06,0.0108317874548522,0.254069007197176,0.176435168119606,0.00268206464189065,0.274727419028383,0.281249675234817
6497,5279,3.00948713883846e-08,0.00542864878777812,0.419753752245289,0.0105605491409027,0.048724280852485,0.203193641536746,0.312339097341928
6772,5279,5.90577058528955e-05,0.0450329347657306,0.274149154858537,0.143228225601726,0.0628134432149567,0.273054711568299,0.201662472284898
8286,9595,1.29763689127945e-05,0.0383661288171454,0.426010414223456,0.0433018737932509,0.00849221858163658,0.285064027218725,0.198752360996873
5876,5878,2.62092594578578e-10,0.00173276815593906,0.0703947226073631,0.0559404939648323,6.86958565578694e-05,0.740282840707379,0.131580478445836
7530,5399,2.67946412575942e-10,0.00253036760598823,0.000920783254920969,0.000532082208311113,1.83920190911818e-05,0.918043429478387,0.0779549451653545
2846,3958,4.56471455078793e-10,8.47750549806474e-05,0.633749821208372,9.64749681167193e-05,0.0445136083628907,0.302614046203375,0.018941273745794
5325,7076,9.98783051109428e-06,0.0174612208066446,0.299115518282105,0.201651766692829,0.00730686064475181,0.32471467940143,0.149739966341729
8563,6478,3.17459035553866e-07,0.0293204735112111,0.201426398510355,0.0508962452891886,0.00772968139022283,0.384811721432543,0.325815162407443
3671,8035,4.91503180726847e-09,0.00238918387651477,0.130789041471383,0.0183488285325336,0.000395350243507762,0.671705017956403,0.176372573004625
5668,9834,1.72877960924126e-06,0.0168737064463529,0.224849918186315,0.0923957117716245,0.000353526989596263,0.516120925598739,0.149404482227764
6495,8396,8.24310564601801e-10,0.00149756104767829,9.94587256949829e-06,0.0010046167551579,7.89952243974834e-06,0.982413493091769,0.015066482886075
7804,9715,1.5126118496621e-08,0.0484589776847527,0.277750300502967,0.205402311629054,0.00161396110335916,0.261097363864256,0.205677070089493
6150,10194,8.49387288041235e-06,0.0193397278866401,0.154105930599024,0.298343349681402,0.00367937470105516,0.458083956999067,0.0664391662599321
5945,6477,1.03273315868095e-10,0.00170120319154038,0.000175772369637866,0.000826427614193656,3.66139905526868e-06,0.982179201819697,0.0151137335026022
3465,5996,1.51173257324121e-09,0.00394748938440306,0.64577867814106,0.0732874676951798,0.0015002766857912,0.135860895264206,0.139625191317628
8150,5759,4.58062147455101e-07,0.000672004432317549,2.33573315730848e-07,0.000880974082795522,4.7154197312817e-05,0.927962807633966,0.0704363680181453
6359,4799,1.50010360422779e-07,0.00613741334030098,0.252077924513394,0.15247964401091,0.00145465248872685,0.2372642782809,0.350585937355408
5462,7316,0.000364321834788447,0.0151503258525814,0.296403709805384,0.160589671131472,0.0328702466157611,0.287174266511153,0.20744745824886
4912,6597,1.52348095725582e-05,0.0127421013970842,0.374486118059419,0.0579906466482351,0.0016084045761263,0.387533411422363,0.165624083087199
6084,4319,4.88282583207651e-10,0.000479605681330608,0.400625338471242,0.251573701804449,0.000227301563066444,0.222895641081881,0.124198410909748
5807,7196,1.75505798131594e-05,0.0202379544753719,0.21643720507115,0.16553694624376,0.0108962613653404,0.342539658335606,0.244334423928958
8151,3361,5.4036601568719e-06,0.0245123408994737,0.222789636905139,0.00920957206530736,0.0461637168632528,0.341609925600385,0.355709404006285
7942,8756,2.48286483655448e-05,0.0669449904004703,0.322552906058599,0.219347277746648,0.00518512984458532,0.10765249852005,0.278292368781282
4152,9353,5.55491739304068e-06,0.00651347545589027,0.342036126193609,0.261667855016263,0.00540054529570068,0.339495787476517,0.0448806556446264
5875,8275,2.91641201343563e-06,0.00815355583744036,0.255932957026403,0.215950835081958,0.00469452923449965,0.173045075052967,0.342220131354718
8495,4440,1.32416445474889e-05,0.00500672400618611,0.0927569788764125,0.00975727286965256,0.00621476466879473,0.515327509893383,0.370923508041024
7117,5399,1.95724932617448e-09,0.00936037825804986,0.0671675916281221,0.0192027358439326,0.000138294164835052,0.838524043733479,0.0656069544143324
5877,5158,1.06809363401263e-08,0.00512489184950832,0.54128251517518,0.00483526991504464,0.0163203660576184,0.359386210810401,0.0730507355113111
3811,2520,2.94193292973748e-09,0.0040117105501036,0.036040204406095,0.0666970020138544,0.000211797811291267,0.831616226219478,0.0614230560572447
5050,5877,4.07759339097394e-07,0.00952941638015768,0.0543016394173768,0.146910726552229,0.000807082679177042,0.672189141004575,0.116261586207145
4292,4798,4.0440095809503e-09,0.000468616270427072,0.0519592585633996,0.00919507850770668,0.000209523112804856,0.500602707084127,0.437564812417525
3395,8034,9.72086413591907e-05,0.0420071542893644,0.070988485616555,0.177796461860202,0.000812716811104994,0.48752367371778,0.220774299063634
5601,5638,1.37908946467881e-05,0.0288365405571433,0.366150605670445,0.207603173885892,0.00342067749414923,0.251163203207453,0.142812008290271
9392,1684,4.59371938955249e-08,0.0273116133048811,0.31027017794651,0.026264593163238,0.00157988097708883,0.304229741187098,0.330343947483991
6150,9235,1.90031120476404e-06,0.00883680296969376,0.182589307425499,0.216980356874111,0.0016396223111858,0.521884739240177,0.0680672708681293
3328,4078,1.594262711648e-07,0.0106670073767882,0.134666469303758,0.0879470300947597,0.000423174814086316,0.749486553063644,0.016809605920692
10147,8997,4.20357349973879e-05,0.0330781689429322,0.466638697942978,0.0579861293590482,0.00806604720901819,0.197024536711896,0.23716438409913
6220,6957,1.73951955283062e-05,0.0165236366447426,0.299788559869887,0.273780374623646,0.0151098922806187,0.313699587770147,0.0810805536154303
10080,5041,7.18497037606402e-12,8.36840694787172e-06,3.34597470685751e-09,5.85649065526408e-05,2.91250492916515e-07,0.906917215294486,0.0930155567883606
7118,2282,4.68964765934206e-07,0.000193244303996712,0.341188937206625,0.084221185165413,0.00618842582597826,0.532851124123176,0.0353566144100454
7049,3361,4.48125407801921e-07,0.000935662802661891,0.638600916898767,0.00690986008043149,0.139412471327878,0.161995098936858,0.0521455418279954
5807,7916,1.05728897812537e-06,0.0210250042273415,0.177427174263078,0.202754478803226,0.00623881913006973,0.0983862566953929,0.494167209591914
3673,3719,7.40693375947788e-11,0.000129916227269969,4.1406310196826e-06,0.000114447461974926,1.20890647386265e-06,0.994832556335997,0.00491773036319529
9734,6599,4.41013638293009e-05,0.101313045035552,0.261297996247016,0.0800590925475759,0.020255065985589,0.134406990453792,0.402623708366646
10215,9356,1.22108811591726e-06,0.0373643166023456,0.474948583331634,0.0599331756322779,0.0010192011469861,0.330058595269348,0.0966749069292921
7945,2762,1.37961338105359e-05,0.00635920633690751,0.290274345486762,0.253476211371858,0.00428174826117327,0.232749766555593,0.212844925853896
4222,8275,3.80966687961341e-05,0.0157167340564439,0.206273079645328,0.289394891671707,0.00793826745247162,0.398576830215997,0.0820621002892558
5396,2880,6.90189518895854e-09,0.00152331405556201,0.40375384468676,0.0151472428690833,0.000793422929118054,0.575031248077154,0.00375092048042772
6083,6237,3.26786075820731e-10,0.0043165367949511,0.0566914396261175,0.0106309001061517,0.000339672037983868,0.844291351677029,0.0837300994309809
3603,5997,5.99536659757428e-09,0.000783989734518448,0.415712940522168,0.0275616284964367,0.00188480362665755,0.524935925811,0.0291207058138528
9597,4920,1.55804444598571e-10,0.000705019400825131,3.69828040181077e-05,0.00903369677416971,0.00027469296624942,0.77799075199566,0.211958855903273
10078,9356,4.83596506254042e-06,0.00350442263829284,0.373554397819921,0.111167545308064,0.000548431681387104,0.332121471349629,0.179098895237643
6013,7796,0.00149764376125085,0.0150319368867153,0.366633669039497,0.0679172554941308,0.0810083018181085,0.219000657381671,0.248910535618627
6081,10313,1.09869256622658e-06,0.0493650720600236,0.258791350579006,0.165269589723401,0.00469439111914939,0.450232120762425,0.0716463770634291
7323,5519,1.98209209562138e-06,0.00752913222491047,0.00974013964711212,0.00526333720151391,7.86883038312811e-05,0.93002406822935,0.0473626523011871
6014,5398,3.77090430533488e-07,0.0655599770755749,0.44269973475066,0.0887402442241971,0.00109537589533568,0.205215445788147,0.196688845175654
9596,7798,5.85674001626481e-07,0.0721863229007363,0.451127880677344,0.30725730840086,0.0011985413375971,0.057035287706146,0.111194073303315
4083,10193,7.42545299076778e-09,0.00494311087307428,0.0890676451569205,0.202029633935183,0.000214306848729933,0.564440728152508,0.139304567608131
2984,2999,1.64390678754391e-09,0.000207462790340305,0.244625624666387,0.000322747786749113,0.0268384345866753,0.334502445955494,0.393503282570448
8150,5279,3.67899988521306e-09,0.00267154455750324,0.0350689099845517,0.00237177257736495,6.34329132846235e-05,0.787608882950635,0.172215453337661
4844,2880,7.05703566564446e-11,0.00072919102295081,0.482539004552026,0.00116263981835378,0.00175263223089722,0.505634468432736,0.00818206387246579
5944,8156,3.12576983774929e-07,0.00554051648232686,0.333882209188714,0.216091130305975,0.00150827057786875,0.282569169230489,0.160408391637643
3671,7315,3.91086638921895e-07,0.0104075824297252,0.345289440562357,0.187732227060699,0.00228609181527248,0.228750554220351,0.225533712824957
9320,8996,6.16659319295314e-07,0.0246306703424578,0.579420972716854,0.000687720754767414,0.000907005042754361,0.0061066229290105,0.388246391554837
4704,7675,0.00640865442029866,0.0191059883450737,0.230904612094914,0.337812594262372,0.00951633077968119,0.135685159827822,0.260566660269839
7875,5040,6.19574045620071e-06,0.00434074794273202,0.076871103464669,0.0129009912798067,0.00962361117423821,0.511699737050959,0.384557613347139
6839,9235,1.01323078815775e-07,0.00999827237008361,0.00592703989543801,0.0431730558007544,0.000211052799567515,0.864849559383207,0.075840918427871
4911,7076,3.41194590169585e-06,0.0022892072842072,0.493375139665869,0.180032143257214,0.00666296119116439,0.133664561644795,0.183972575010849
4844,3360,1.42739249650534e-07,0.000371940884654854,0.542528989693839,0.0709370645499169,0.000424542402304685,0.354496503009653,0.0312408167203819
7806,5879,1.12176545309403e-07,0.0123684318510043,0.00686210740759311,0.0174169414308622,0.000373357216010374,0.88602116273909,0.0769578871788951
5051,2521,2.97867759825908e-09,0.000127853443069156,0.515314086474858,0.0127604829449648,0.00046281197432781,0.467141518630802,0.00419324355330137
9529,2882,1.38722648012882e-07,0.0359296055943864,0.362974066861255,0.190953764789026,0.00156309170508934,0.270348189907699,0.138231142419896
5599,9474,1.22113339650223e-08,0.00527423808217562,0.00315174877206053,0.0294724230464205,4.105684051361e-05,0.849967693127652,0.112092827919844
3810,4678,0.000492673605542583,0.0353708123782907,0.0524969967572699,0.0931324073899367,0.00750541604035444,0.574292991005661,0.236708702822945
5532,6477,8.25593574978081e-08,0.00394020805917042,0.210777104604094,0.0576390713061108,0.00170412528135134,0.647399646191804,0.0785397619981116
9599,2283,1.6260794393986e-06,0.0392893065796319,0.350486914454681,0.0483471966318392,0.00361806223806185,0.25528961579079,0.302967278225557
8218,8037,1.0461313907887e-05,0.115905229376786,0.288935601844166,0.0884048445827275,0.00310070835641487,0.332910673859567,0.170732480666431
6839,9714,1.40261414252717e-06,0.0095906801421342,0.310371425150581,0.175267345187196,0.00140826272014707,0.480725834555436,0.0226350496303629
5806,9834,1.67455485028196e-08,0.00744314123434527,0.0105688784302553,0.0163767232010329,8.9716652912258e-05,0.911242248771552,0.054279274964354
8565,1923,1.20753423297694e-05,0.05984396564827,0.381348448884831,0.0937921627632611,0.0628148531180046,0.299476515783513,0.10271197845979
4636,6836,8.52389651752056e-07,0.0132668556534757,0.195203804626522,0.184131001596559,0.00634475082494316,0.398355786226818,0.20269694868203
5392,10553,3.14230584458319e-09,0.00184624078116252,0.418680658297909,0.19470784857753,0.000878119931495611,0.341738297318649,0.0421488319509479
8356,7078,4.6366388322463e-09,0.0353860881126945,0.451023744054932,0.0075445777619524,0.00550056178122179,0.245505519710857,0.255039503941703
4843,4798,3.59492890827744e-10,2.56300825580496e-05,0.290072167159821,0.00110536300938721,0.000334341676345158,0.707146970419957,0.00131552729243816
3948,4678,4.16473718536973e-10,0.00600870568504653,0.1504701175691,0.0359645075004625,0.000117805815050325,0.649555697053142,0.157883165960725
8565,1683,8.93455099860823e-08,0.00149687556951425,0.224659401461615,0.0393230489892255,0.00274288724277066,0.659951479197328,0.0718262181940371
9597,6119,2.59873459414052e-09,0.00749554297190583,0.0178125498513921,0.000667756983249713,5.02886434402875e-05,0.752702906580637,0.22127095237064
3259,5397,5.57878143440594e-09,0.00432407181012884,0.544346548033139,0.0589653143333059,0.00109571484337079,0.0936778964908138,0.29759044891046
5048,8994,1.46507971360994e-05,0.00527115687903433,0.402787853500298,0.0224689245215173,0.0251163829691062,0.508628360253607,0.0357126710793007
9390,6958,7.15025431556929e-09,0.0368092428009703,0.490400921707776,0.0555780505186194,0.000466329772199266,0.300273057683439,0.116472390366741
10081,2883,7.19492090876537e-05,0.0488181477819662,0.33467084418269,0.10460487636668,0.00153033512193374,0.240843955154221,0.269459892183421
5258,2880,7.53542782064552e-07,0.000384307924172446,0.275032481794087,0.0640255595974129,0.000491835016199075,0.656225492587003,0.00383956953834327
9596,8757,5.61417904864969e-07,0.00712428134985614,0.52750695964833,0.0320020971227783,0.0062190765019545,0.150691939088589,0.276455084870587
6081,10553,2.08858439446999e-05,0.0426688961985311,0.188935193238477,0.285167659425211,0.0291068155964496,0.348439990381873,0.105660559315514
5530,9354,8.36642643362839e-08,0.00711254431339726,0.00174446186527693,0.192814870488929,0.000125012361853558,0.676671932379196,0.121531094927083
6704,4200,6.46541710804574e-08,0.000825187033880286,0.530012996887162,0.305358279160295,0.000653458570564672,0.0910064171777198,0.0721435965162072
7049,2642,3.46043468972477e-07,0.000659604689881002,0.461496689422738,0.319372572346249,0.000540218293363285,0.18103332565079,0.0368972435535091
8012,6238,1.88984699103041e-10,0.00387969749533561,0.0112553958668335,0.000859448130911972,4.02171919016078e-05,0.685984382402069,0.297980858723963
4844,4559,0.00121066858745998,0.0417890579846258,0.284667242842558,0.281057774150888,0.0098210789297357,0.312228912522719,0.0692252649820146
9459,5160,7.88195202357099e-05,0.00146731801000951,0.00518678832991075,0.062444786939458,7.80232347235573e-05,0.627676189861524,0.303068074104139
5393,7436,3.05653016062983e-06,0.00166415783433263,0.381289425053252,0.0554235194922447,0.00787467662155315,0.511848228334388,0.0418969361340689
6772,5758,4.04294207145664e-06,0.0116206507740078,0.331310181503301,0.110131960424491,0.00207586104777391,0.451405025644772,0.0934522776635827
8081,5879,1.78630216639929e-08,0.00395167845835599,0.00711059494672218,0.0222153673845954,0.00092320214613119,0.762370649429327,0.203428489771846
6291,3960,9.82728690415726e-09,0.00497855929673598,0.525063646477334,0.0847374771689215,0.00898054011405318,0.114980291690106,0.261259475425563
7323,6957,2.70852110842439e-10,0.0151271797114072,0.0609271843698199,0.00283503521735838,4.68961653754702e-05,0.868022123481571,0.0530415807836159
9736,2763,2.83617580268799e-05,0.042284661210241,0.280661689478143,0.12142502117442,0.00353772139384239,0.262994825835326,0.289067719150001
6153,4679,5.06710609518163e-07,0.00830691568690829,0.569449702433571,0.163663429351421,0.00762683656129241,0.128910450894425,0.122042158361774
4292,5757,0.000865646303660889,0.00588335836717433,0.486465620873514,0.0709075585627736,0.0308333485848718,0.241576468496687,0.163467998811319
7944,5399,7.56974865231205e-11,0.000220270436495625,0.0019097419833523,0.000263376504064518,4.32821734608114e-06,0.778570005660626,0.219032277122418
4637,3480,2.25221172389426e-07,0.00197767408657514,0.513838036073284,0.0711604671558416,0.0820750641939549,0.0537863252796125,0.277162207989559
3466,4318,1.23583192459235e-10,0.00104346214112589,5.16131346274505e-05,0.00573684548506877,1.22156153569477e-05,0.978863677308146,0.0142921861920915
6977,8995,5.24307414902347e-10,0.00324810739970305,0.00329238953926304,0.0443283317873263,2.28857439642187e-05,0.924065795236103,0.0250424897693329
4498,7555,0.00105793168596352,0.00920606946690296,0.314422219587307,0.238704318554912,0.0179559700171933,0.147538165861996,0.271115324825725
7116,6118,3.30526851936735e-07,0.00556702623344343,0.0643833232539961,0.0218859955851402,0.000439260464065201,0.691348236307443,0.21637582762906
7876,1683,3.22634802929173e-06,0.00365657804003831,0.570090679379065,0.208636896592534,0.01696548009177,0.16640166025844,0.0342454792901236
4910,9234,1.75510591001264e-07,0.000204864987748408,0.262150041316464,0.0164795821819577,0.00155637502591452,0.693471659258098,0.0261373017192263
8495,5160,2.08553300621772e-10,0.000349950651096068,0.000100828178681263,0.000562506712388922,1.73502954953555e-05,0.901711299103739,0.0972580648500465
7807,3481,0.000906759665288906,0.00598113962417288,0.173304643910362,0.0187707922848819,0.0689077219485477,0.450207058822501,0.281921883744246
7943,7317,7.58179185771739e-08,0.049183417052994,0.335443360357759,0.0153682173088944,0.00241561896234772,0.462785645258302,0.134803665241784
7666,8996,9.8837461902629e-10,0.00190227962743616,0.262403395370892,0.0111665044617317,0.000608056452525661,0.714245534304975,0.00967422879406458
10146,9716,5.6118519987183e-08,0.011427503992763,0.325622744016429,0.00491874455356084,0.00284588204330971,0.640787411917887,0.0143976573575308
5048,9234,0.000111203933780155,0.00141766265254612,0.181060379034422,0.0137307963815594,0.0130696203712694,0.775985053789607,0.0146252838368163
3191,3119,3.58912520172448e-07,0.00508393015346243,0.143429544169934,0.0888834419688509,0.000819294931223285,0.619122812249236,0.142660617614773
6360,3840,5.38220210713875e-07,0.00653396352510062,0.477009625511712,0.0177685791047605,0.026501993397494,0.0540658133282702,0.418119486912452
8703,1923,4.25828435452059e-09,0.0210216955639357,0.454454814398727,0.0846255110225711,0.00277241218616178,0.262047759567897,0.175077803002423
3742,2160,2.74319119001442e-09,0.00358149012774013,0.0189201929877176,0.00374939429219618,8.08922601553956e-05,0.831824993433957,0.141843034155043
9045,8037,1.17893504291586e-05,0.0928716889302392,0.366066559340625,0.110275628902423,0.00243472820865761,0.212960104916449,0.215379500351177
7321,10074,0.0346963775973965,0.0256647648764346,0.391063032773382,0.206764533200434,0.0137198019690508,0.261867788504557,0.0662237010787447
8700,9116,1.90166139200774e-05,0.0234481133861889,0.337268559364116,0.278677568827756,0.00143115060144592,0.104468204498231,0.254687386708342
3877,8394,1.19811174103822e-07,0.0128918598092513,0.0285910865099608,0.0411200263942024,0.000200128293652847,0.874086984588797,0.0431097945929618
6499,1442,4.00506459850934e-06,0.00589398648305211,0.386131650966171,0.201117494093544,0.00181079085743855,0.333277893196944,0.0717641793382515
3878,7675,0.00142209520883842,0.0159552282380134,0.16467804610161,0.188769331815397,0.00543381453555528,0.223782416118374,0.399959067982211
4362,2281,8.0932817856202e-09,0.00264119092396831,0.245271514110178,0.00119795228351157,0.000486592388924125,0.740084315803012,0.0103184263971244
4155,3839,4.75142363285024e-10,0.00452196300794088,0.185015678274823,0.0121394535328015,0.000116579036188974,0.750767271987014,0.0474390536860895
4980,7196,2.34975182364804e-05,0.000539331091471458,0.343249886624167,0.0966698310073355,0.00276703275134841,0.533142620215907,0.0236078007915338
3811,2280,2.33155486545935e-10,0.000279426360995971,5.09556933150758e-05,0.0031189539211726,2.7833679034547e-05,0.8259911807889,0.170531649323426
3602,8154,5.4286952233444e-08,0.00081287962983732,0.00408759656650887,0.0131739537284942,0.000141221232035049,0.826611499351007,0.155172795205165
4362,3000,4.06924526374533e-12,4.77976272895295e-06,0.166694286916867,0.0106627972498491,2.8177207265807e-06,0.821773950278716,0.000861368067042455
9457,9236,1.21820607974636e-07,0.012702970138049,0.357625154084897,0.00634536994936633,0.00120486961870866,0.0890390315774488,0.533082482810922
7668,6118,3.03205382265299e-08,0.0176944064592585,0.0249456850101684,0.0155913523291667,0.000233710557601253,0.839018098461861,0.102516716861406
6567,2521,2.03843136472169e-09,0.000498970949129018,0.541316302216286,0.0119503175098189,0.0589769474784039,0.372615003111359,0.0146424566965716
9048,1803,7.56034650099109e-05,0.027924012454957,0.192146928814862,0.017737281660577,0.00572567090544771,0.394415685470528,0.361974817228619
4499,4199,1.01348824081636e-10,0.00330092217150346,0.0148329552286645,0.0193438131903901,6.51927017012684e-06,0.852206553363221,0.110309236674702
4568,5038,6.66671466925258e-10,0.000874802945649032,0.452663695320577,0.266837509821866,0.00302398190186406,0.14421404802602,0.132385961317353
7256,2522,3.4661503422777e-06,0.00758063155012415,0.293159091031364,0.31830036142254,0.00299074996608221,0.303645280425878,0.0743204194536682
3191,2879,9.97471969997591e-08,0.0119762943361363,0.0322186640751316,0.0124123644510553,0.00337178864715808,0.832957796486849,0.107062992256473
6566,4919,1.79938508274758e-06,0.0067553261249276,0.279206149863795,0.158651403902852,0.00252951708574815,0.325026908245984,0.22782889539161
9113,9116,7.17052753259336e-05,0.0576218825229682,0.425626955891962,0.00471486182461031,0.0189560147188313,0.116980149384156,0.376028430382146
6635,4559,1.28948981078516e-06,0.00441596326741305,0.392630329703311,0.104825441407109,0.0190446504253647,0.197986176039554,0.281096149667438
6979,5878,1.3712195956084e-07,0.0201227067560972,0.095661844767506,0.00347454027805185,0.00344024802806899,0.379180082390029,0.498120440658288
3534,5157,2.62033180583189e-10,0.000119188732705896,0.540645026322845,0.00733159322758782,0.00111020998413789,0.44361054639206,0.00718343507863096
6013,9234,0.000259088782932606,0.0402810706131943,0.165702195352953,0.168243185869377,0.00359895717362015,0.497291898010887,0.124623604197037
5392,9834,0.00356612484202413,0.0283826046849575,0.074267713399722,0.169829181841577,0.00572946590118287,0.343074143882736,0.3751507654478
9666,6479,5.07670370963256e-07,0.0652526611444648,0.143449484335577,0.179882314106318,0.00317430694087256,0.410954080063882,0.197286645738514
7392,5399,5.66950579772487e-08,0.00631781836502175,0.0768973415978793,0.0117662516152533,0.000470314002235723,0.747641557145888,0.156906660578664
8011,8396,3.78769796806853e-08,0.0584940916855027,0.0827483575051562,0.0242821819179723,0.000213672000122302,0.681768262054312,0.152493396959954
8425,7917,4.16655988426457e-07,0.105682041496959,0.350376456487357,0.0887866849442921,0.00331409532576699,0.257721388879803,0.194118916209834
5946,4799,3.63283266395601e-08,0.000677734708309804,0.642168061838426,0.00950108921608109,0.0239524608966364,0.279280238410442,0.0444203786017783
7253,9715,9.06250837855385e-06,0.00900102018122196,0.254334422618686,0.144486542183387,0.0134477051532724,0.313411427924911,0.265309819430143
7734,10554,4.24401044279568e-08,0.0171301885858777,0.473715836867598,0.11585321466815,0.00941760209914084,0.254445217221844,0.129437898117285
3466,3599,3.8770193360327e-08,0.0221163893933738,0.15913168025546,0.100858209694373,0.00117134721384603,0.664456845814538,0.0522654888582151
8631,7797,1.68326948389287e-05,0.115585980143996,0.465227452442554,0.178848448411309,0.00675966618177592,0.0321692097827488,0.201392410342778
8014,2642,1.43201556304467e-05,0.00717171069300285,0.36504565142944,0.162895830871432,0.0396825107142624,0.243518213037273,0.181671763098959
9530,2403,3.08646530359245e-08,0.00438088372517368,0.325735052035879,0.000983152569504945,0.000933164394509269,0.661832902440882,0.00613481396939839
5324,8275,6.55370321193329e-07,0.00222504708050031,0.294204501327838,0.20478071013241,0.00288990770352073,0.248026876361515,0.247872302023895
7530,6118,3.28415887111332e-07,0.0267776889524252,0.0976986667874186,0.00354530270083368,5.17481418193784e-05,0.71358485439714,0.158341410604476
4843,5278,1.13150915369602e-09,0.000276614717698656,0.531730561537632,0.0293316389970256,0.00342001530986128,0.40953480014088,0.0257063681653938
7669,3481,0.0482050712827218,0.0224176005344077,0.229805011669109,0.0516409905024934,0.0862769558056673,0.405079120962475,0.156575249243126
6840,8516,7.5787619880264e-10,0.01159315684883,0.107591555842169,0.0115976587146576,4.68184380887449e-05,0.756409371616267,0.112761437782112
6634,6957,2.26125809019128e-09,0.00641837829000752,0.0375816114583653,0.00733841244704565,0.00142573834795219,0.724793746477517,0.222442110717854
8909,3721,1.40076852297377e-07,0.00704718142639312,0.0455602449396709,0.00252790669757373,0.000182737923190087,0.802498570293207,0.142183218643112
5465,2761,8.80024142071024e-09,0.000880171069435178,0.758845376775158,0.0718546586849872,0.0061491107751405,0.149036884854005,0.0132337890410329
9942,4801,2.00877757319087e-12,0.00123399226421263,0.0169991682676156,0.000132204640787561,3.02349951696188e-05,0.59610045608004,0.385503943750166
7598,6958,5.39236180433363e-05,0.0581336616057444,0.16825783244829,0.0209192849897331,0.00486739422689412,0.553637371766592,0.194130531344703
3258,5876,2.30862047489173e-07,0.0013285829486164,0.415870656063744,0.254805841159659,0.00611169194082261,0.101746226384471,0.22013677064064
8700,9356,2.20494381638237e-06,0.0539284269898215,0.0480941580414524,0.155249234603358,0.00355257505364884,0.590790502800496,0.148382897567407
5805,10313,2.96232768970311e-06,0.0222535903631011,0.198712708664075,0.35037425569003,0.00115933799846373,0.410733995270262,0.0167631496863782
5256,6237,4.93753628883934e-06,0.0156278384105715,0.235433833013339,0.152343694600883,0.00439992435580949,0.524637371661125,0.067552400421984
9595,9236,1.85246564116953e-07,0.0106415205321664,0.511326078706281,0.000278921029337201,0.000153390742334552,0.148109603393231,0.329490300350086
8563,7437,1.57977892204568e-07,0.0951873257011207,0.492682249281491,0.00910776907566111,0.00472108018813256,0.111120213681828,0.287181204093874
6909,8636,2.35457028819343e-08,0.0392185585096818,0.136810609167454,0.10917005740944,0.000601811914010573,0.640943264013569,0.0732556754401412
9939,10076,1.00511866630909e-06,0.0531085608057723,0.00709468575372502,0.0825886006519247,0.0221813516598354,0.511781581692759,0.323244214317317
6563,9954,2.80306430876323e-08,0.0136750712828655,0.178982375766686,0.349016113410816,0.00122555999001187,0.191728038054876,0.265372813464102
10011,4441,0.000582856567942674,0.00368748569585759,0.00145506557810238,0.164618405996389,0.000616413107308393,0.287877141023322,0.541162632031077
7875,3841,1.75459064976184e-08,0.000592525421411701,0.00163524326298118,0.00141462750351634,0.000797569780830831,0.72688127105295,0.268678745432403
8355,10195,3.8484649268036e-08,0.0116296448122407,0.575972765428007,0.00117692148498957,0.00141904415612482,0.00621160303670977,0.403589982597279
5394,6956,2.85715687840896e-05,0.0133039597545922,0.385624696161582,0.0634355228897656,0.0140088139293269,0.320612348284219,0.202986087411731
5048,10193,0.00176289578023885,0.0110809184804699,0.208669295666714,0.235939905845113,0.01783038174023,0.322641478652659,0.202075123834576
7738,2882,1.8871899098455e-06,0.0057829789079719,0.494611235096782,0.148830888559083,0.0392951467462431,0.193459998318862,0.118017865181149
10079,6719,1.81060028084984e-06,0.0781511702718506,0.22562958651314,0.269567319634192,0.000651654512293517,0.101478317647568,0.324520140820675
4913,2760,0.0183413466567756,0.00232264471090706,0.463327706738961,0.047215689618201,0.0451584278281081,0.168408049659317,0.25522613478773
9528,5040,1.89924014745372e-08,0.0027682535719765,0.223655578511568,0.0050610826704683,9.42197177957458e-05,0.538391866132588,0.230028980403201
9460,3961,5.28248424180142e-05,0.0078448671951305,0.000784526047913879,0.00820894956713674,0.00919314409194159,0.356207422245208,0.617708266010251
9736,3961,2.23976270344421e-05,0.0318686380761884,0.212653369101504,0.00284750619572234,0.00589440489469584,0.475554751742533,0.271158932362321
7460,9115,7.5469436671648e-06,0.0414461478030902,0.31696942171315,0.110728865384986,0.0125056604296225,0.42466649895336,0.0936758587721243
8632,6119,2.356724766082e-10,9.01877563828359e-05,0.0106401211109405,0.000168775547479192,1.71967759648813e-05,0.728659069778452,0.260424648795108
10217,5280,7.46243603827483e-09,0.000138005789577382,0.0130127524465791,0.00845413343891158,7.93008515079584e-06,0.53901532298886,0.439371847788485
7528,9235,3.94402279717636e-05,0.043307716370857,0.352732868675196,0.050745720712718,0.00899230596847964,0.414390513094079,0.129791434950699
5807,6957,5.19842731949767e-06,0.0129083574183411,0.249486867388205,0.193226667643292,0.00850882173761998,0.388740738201889,0.147123349183333
5186,9714,5.49707748741542e-05,0.025321368363046,0.271569845839177,0.163148172917238,0.00663772770813938,0.155446877310845,0.377821037086681
4085,5397,1.15255842080861e-07,0.00511188620172051,0.702700018668842,0.0855179701815881,0.0314742096229674,0.0795327965473687,0.095663003521671
7668,6358,3.61036278257001e-09,0.0144739290444682,0.0801673825752763,0.000206963058281793,8.54619123892156e-05,0.773182380467542,0.13188387933168
8358,3002,4.18614905446817e-07,0.0392201957463517,0.140964573829448,0.0990217072867604,0.00767720519719219,0.494113300434741,0.219002598890602
10146,9956,5.33493185400419e-10,0.00436048725089551,0.0170910596716194,0.00154221488731798,0.000305806223944523,0.842801926621688,0.133898504811042
6220,7676,9.28754290765043e-06,0.00553279213545953,0.435325505722744,0.0239956860571803,0.023575695245903,0.340235840837653,0.171325192458153
4221,9234,6.50466486510619e-05,0.0283780517181345,0.276503810590018,0.271182190544079,0.00283018267279627,0.246684155517538,0.174356562308783
9045,7078,1.65840455557317e-07,0.10888639791321,0.361331313702884,0.0231758573289313,0.00470671220684743,0.257064488586175,0.244835064421497
8149,8876,6.53714914187265e-05,0.0728343821512524,0.315003300086423,0.0759850556592209,0.00677622731119648,0.170524881775127,0.358810781525361
8978,2882,1.39188593874377e-08,0.0159977660101009,0.297887157824217,0.0106980506191291,0.00194384545780531,0.498702573621841,0.174770592548047
5118,7196,2.22328647947628e-07,0.00385152380864421,0.303319712194111,0.150128618340265,0.00103323963777511,0.376806619901466,0.164860063789091
6636,3121,7.08287491672806e-06,0.00193693093804268,0.42481179623977,0.0706118903540353,0.0653819435635284,0.286289945390009,0.150960410639698
6081,9354,2.34540061429937e-05,0.00608124492350448,0.173598517546018,0.143666512487158,0.00397305299827535,0.513018274131551,0.15963894390735
7256,3481,1.20920671285502e-07,0.00132448433840427,0.45093591394932,0.001645523610695,0.0911771790942246,0.233660868636602,0.221255909450082
4705,6477,4.42750891243533e-06,0.0143804801359338,0.342873451506954,0.227599421971441,0.00478460109843316,0.226940474462876,0.18341714331545
5394,6717,2.79135983488614e-05,0.019078952306001,0.382091768688991,0.145076047173256,0.00844779265239522,0.340208479928806,0.105069045652202
3122,2999,1.42460639941988e-05,0.00610751878389807,0.0619273530598986,0.0688166697187046,0.00146809313109209,0.503836929258022,0.35782918998439
8772,2762,5.02002141192671e-09,0.0143479949018272,0.0963139185993829,0.000754847030545787,0.000241769746607585,0.659267275144346,0.229074189557269
8493,9715,5.48679806131395e-05,0.0369600502940116,0.397365190464699,0.0216107867741451,0.00600128374305908,0.308776364257918,0.229231456485555
5325,6837,1.67477911494902e-05,0.00496863494898163,0.364374177708897,0.102958453969101,0.0011461628633268,0.41439472409037,0.112141098628174
5534,1442,0.000135832135813808,0.00167896299003547,0.444967086173385,0.227571960983333,0.000876248958444248,0.301422760132772,0.0233471486262156
6222,3840,1.43725269773998e-07,0.0128882825356199,0.7137663723766,0.0867849621873935,0.0242926178795249,0.0221175334864641,0.140150087809128
8081,6358,4.85834155169196e-09,0.0271514920093736,0.0371530890857565,0.00755985132741502,0.000769284967509024,0.743579085658533,0.183787192093071
6908,10554,1.26802876265084e-09,0.00202007693591352,0.308073366701226,0.0125712999056119,0.00377150753131179,0.625989241530727,0.0475745061271808
5946,5518,2.56544555048674e-06,0.0555168669932547,0.5150351712006,0.154933367654275,0.00182189378570933,0.083916792613853,0.188773342306757
7945,3241,7.60023030699003e-05,0.00663473833427224,0.286000345495095,0.0139504995438148,0.0476143778852569,0.372193312848485,0.273530723590006
4360,6836,1.13711311715194e-05,0.00509414776553697,0.363165805965902,0.15820384680546,0.00655599907904676,0.258901584770085,0.208067244482798
6771,8156,1.02092028457404e-07,0.0270036076050062,0.0323860446773852,0.0448867376454261,0.000677470300806307,0.673505331779264,0.221540705900084
5051,3480,0.00056837047207745,0.0125220569545474,0.540184816565424,0.0535635055210228,0.106089762906155,0.199164943975097,0.0879065436056769
3464,8394,8.06249570864965e-11,3.08281240506287e-05,2.15042654692407e-05,0.00731141150476236,4.36918882952084e-05,0.775310080920385,0.217282483216412
4980,7915,1.02571683728751e-05,0.00271678274014959,0.363602191900825,0.0123842146511381,0.0078866414020133,0.536646769077645,0.0767531430598554
3740,7435,2.86033440956934e-07,0.00426333532751696,0.308814782964099,0.153243340762231,0.00292252844749748,0.23142527375966,0.299330452705554
7119,1563,1.2550291868557e-08,0.000583854005698616,0.450652964055204,0.279520227726395,0.000784704612175303,0.247425450553995,0.02103278649624
3740,6236,5.87732994450615e-06,0.00488685241961904,0.425292092123769,0.237814565403566,0.0146621738041094,0.244517571747993,0.0728208671709984
8699,9835,5.22986052698472e-07,0.0307493465856224,0.713071605931758,0.0332141962216507,0.00475189838122474,0.0252416097748406,0.192970820118851
5599,9954,1.19526559727268e-05,0.0236684780688514,0.306522928313717,0.147448041290618,0.0055260136414998,0.207616627036779,0.309205958992563
5050,4918,7.9262988306578e-10,0.000417018876857175,0.465572970324175,0.00251141990905566,0.017672597793271,0.497261285816637,0.0165647064873736
5186,8275,0.000889090545751023,0.0167581906769873,0.327172533153395,0.173216849139086,0.00863780055212417,0.111185350485622,0.362140185447035
8703,2403,1.89913574387768e-06,0.0146380588550843,0.343614495463672,0.0423962357920677,0.00701512182045518,0.242687966408213,0.349646222524764
7805,6838,5.98437751838853e-08,0.0499009185253093,0.350450550653919,0.00813041699963233,0.00155483696686742,0.422909065400429,0.167054151610068
9597,5160,7.78704584734495e-09,0.00105561777441961,0.00665408448888211,0.0204161869027041,0.000155906310316045,0.603970382184945,0.367747814551687
4567,6477,0.00265503032620617,0.0196343089559247,0.306660748566238,0.137806092803968,0.0456750739631503,0.20643730928945,0.281131436095063
7598,8396,3.69558782107521e-11,0.00161293464149744,0.000297905911983267,0.00111590789930276,2.45880871346066e-06,0.984324486789853,0.0126463059116945
5255,9594,2.59415210815338e-06,0.00880867151835743,0.200850176340098,0.238114820116628,0.000797955601950088,0.39910539099845,0.152320391272407
9117,1923,0.000105445181210802,0.101858844186534,0.340682722045972,0.0204321827156754,0.121458493349928,0.227651580992499,0.18781073152818
7598,7917,2.09972272895637e-10,0.00475533414004772,0.000530412705145221,0.0031290869578966,1.82493107229188e-05,0.843932797141837,0.147634119534378
8081,5399,3.61443339641087e-07,0.000556455170519659,0.000420688013888652,0.00144538242585358,0.00015955706003079,0.60426175589307,0.393155799993298
7530,6358,9.92312707191085e-09,0.0154760670016196,0.179062632029454,0.0023173573519425,0.000297865474901062,0.651577504631375,0.15126856358758
8080,7317,7.96635741783325e-07,0.0888808853045555,0.276562891915097,0.0370124141131727,0.0034123929614904,0.336171496669207,0.257959122400735
10010,6599,8.06053436517828e-09,0.0233809811681443,0.262563871233385,0.00891063996755539,0.000914791262089326,0.182320268928418,0.521909439379874
7253,8756,8.07517230141458e-07,0.0261983314548941,0.233493887197995,0.0413938456759026,0.0003431785032064,0.527835640183059,0.170734309467712
4636,5877,2.74737391702254e-08,0.00935380904486492,0.0283776742139119,0.0242544730266783,0.000322325660075872,0.839088557014738,0.0986031335659918
4638,1801,3.98253810985256e-10,1.3186652550214e-05,0.164471165218047,0.153845599060645,0.000282002768232422,0.675963542151351,0.00542450375092137
5876,6597,9.17471437257921e-07,0.0148319465926014,0.00134191612294168,0.0448635706051009,0.00162353353970561,0.852109548815842,0.0852285668523714
7532,2282,4.32145551479641e-07,0.00295456665923039,0.371306706811099,0.339305147363467,0.000895050208019379,0.266376773175585,0.0191613236370485
7528,9475,1.58951710897866e-05,0.0120820372644601,0.7163198716183,0.0791412108458079,0.0129667581674523,0.0288036858921,0.15067054104079
9942,5041,3.41948208985468e-08,0.00460205602414038,0.000106479789953895,0.00201007005927037,0.000116719658327096,0.782958516532415,0.210206123741073
9734,7798,4.61614553627493e-07,0.0787523521296954,0.522136653933115,0.137122024171493,0.00335013215206429,0.0353648748566624,0.223273501142416
6220,7197,8.27595205641182e-06,0.00890030940579961,0.321611521191239,0.229484020025167,0.00601385127615141,0.352772705722326,0.0812093164272609
9457,9955,5.08775795880606e-08,0.0269980698798765,0.131648685566296,0.034468264643183,0.000392263707997819,0.728769837842885,0.0777228274821817
8221,1803,3.66789023023518e-07,0.000412093073885891,0.420041110566366,0.293837881120557,0.00123118678368718,0.178077731979169,0.106399629687312
3604,4078,1.29108686092326e-08,0.0115380893437231,0.0273755069825849,0.04567912081074,7.61488330100758e-05,0.865275515579473,0.0500556055395999
8152,1923,5.03635962430347e-06,0.00690168034396947,0.514098232644422,0.237286028495304,0.0565016274918408,0.137869442218808,0.0473379524460315
4705,5278,1.2756779320262e-08,0.00266006901502659,0.74716463541551,0.0327527002529075,0.00212888832589719,0.183567884400742,0.0317258098331368
6495,9834,4.70454687896695e-07,0.00923918341228806,0.371504177032564,0.348894469456229,0.000717055296901403,0.170327481279218,0.0993171630681118
9597,5400,1.1599344554739e-08,8.39562483762962e-05,2.82843176456287e-05,0.00246053728404608,3.29414418499397e-05,0.573095309173765,0.424298959934973
4156,1921,4.65775656868281e-08,0.000770792882706962,0.00321407399130333,0.0406738980584428,0.000143771387538121,0.407913906426242,0.547283510676201
6015,3480,9.85455021872623e-10,5.11532928667441e-05,0.221573266052542,2.33049904245164e-05,0.00224874735550413,0.77591577140541,0.000187755917798306
5254,9834,1.44079355147316e-07,0.011759964380862,0.292467890435918,0.274373806422488,0.000621848977303967,0.126192580247824,0.29458376545625
4221,9713,0.00612640606510176,0.0234844114752948,0.242760054955138,0.21858110097727,0.00197422665548801,0.369503048798156,0.13757075107355
6014,5878,5.7987585864053e-07,0.00838490152223492,0.154440332054099,0.0733617527210458,0.00167309175170013,0.689741881946633,0.0723974601284277
9872,7798,0.000569144370645162,0.0816295768443735,0.394619242484247,0.135972981000297,0.0513073981951865,0.165401228835347,0.170500428269905
10215,9117,2.72238055234372e-05,0.017692818336588,0.601148004851952,0.0345753842383974,0.00292934366043473,0.161448973661612,0.182178251445492
9941,6719,1.60865975227717e-07,0.045301085966696,0.280790679302051,0.125366595618474,0.00110164876654193,0.133418082847989,0.414021746632273
9804,5280,5.45882916436838e-07,0.000795969168579773,0.00343870546473053,0.00205056624389868,0.000176811103025686,0.528053693248094,0.465483708888754
8494,7557,5.61820264341637e-07,0.111739732857286,0.390444766555638,0.0690964567467779,0.0124341857394579,0.0393987966510062,0.376885499629569
6563,10434,6.50851849853145e-07,0.0218358342632338,0.216280185149442,0.314337653951908,0.00760397130201848,0.390751798500814,0.0491899059807338
5118,6477,5.54274189161823e-08,0.00295028938127276,0.276999439680708,0.143693472308852,0.00213094659411655,0.438854421165223,0.135371375442409
7736,7677,4.7130775306109e-07,0.0458814634529613,0.261254717997578,0.0252041478737306,0.00877452076680435,0.369548856107169,0.289335822494004
5670,4319,9.37740601391518e-09,0.00523191862686091,0.64736945398343,0.0123398090994865,0.089177954403402,0.165089560407858,0.0807912941015557
8978,3362,2.39330650181109e-05,0.00125905270438626,0.111255878737673,0.0465158295195036,0.00145356793469684,0.441564892680156,0.397926845358566
8426,5280,3.26514166774893e-09,0.000203086638626923,3.80329301465401e-05,0.000114990754020128,1.50616232012612e-05,0.860292775304769,0.139336049484094
5808,5758,1.7869012187693e-08,0.00592103036977725,0.12436747580631,0.0553960774070816,8.63357614573373e-05,0.706882669048154,0.107346393738208
6701,9954,4.34193412092629e-06,0.0210474730430022,0.106551673134905,0.229143982667051,0.00786947617208213,0.45937311226602,0.176009940782819
2915,4078,4.01387426380690e-09,2.48614952785616e-05,0.475268546931154,0.000550912646351352,0.00520578452872592,0.517194096435981,0.00175579394863521
9871,8757,4.74381018706743e-09,0.0095202280087439,0.5242761335936,0.00140351724457025,0.000161080860084397,0.175784784429882,0.288854251119309
4223,6117,6.00951161939578e-07,0.00152013960085021,0.44906303929344,0.0372170200639642,0.00855981342724821,0.226019928648233,0.277619458015102
5739,4439,2.24787454009027e-06,0.00415301036331413,0.615330836409654,0.0567679467997925,0.0834369074340435,0.153011693601331,0.0872973575173255
8768,9715,1.0167967508764e-05,0.0177099315356018,0.562380643549873,0.0569845227880483,0.000529729740352332,0.00756219827508569,0.35482280614353
7323,6238,3.48229470019572e-09,0.0100304574069969,0.0388419050843877,0.0562490568027801,7.29599804138573e-05,0.82283735743615,0.0719682598069763
6359,5039,7.65699885387033e-08,0.0164166264208248,0.515939700818153,0.0297627959091315,0.027404439710554,0.140335789340373,0.270140571230975
5258,1442,8.9397394364534e-09,0.001117922800454,0.130863899347512,0.14617012548419,0.00063670140767411,0.547814489524812,0.173396852495618
7874,6478,1.35466658532858e-07,0.034491533679903,0.157721712197121,0.00331137849504648,0.000345239287178226,0.658254298712401,0.145875702161692
4569,2880,3.89119581205828e-06,0.00896460703981911,0.507657025677181,0.0349509426678464,0.015156534688517,0.335378002495684,0.0978889962351408
8631,8996,0.00195545805701216,0.0763757843703847,0.247963495999792,0.284632607731519,0.00663871379291514,0.221483182894427,0.160950757153951
6427,7796,1.25915599386087e-08,0.00713441832302154,0.135645098605807,0.0184655992744638,0.00472742325927461,0.659349858688436,0.174677589257438
4979,9354,0.000944360463392352,0.011104052841787,0.238299424938739,0.120639656550217,0.0050968390877499,0.398990174689256,0.224925491428859
4842,7915,0.000280585794215112,0.00829375709540637,0.295804929163689,0.23547473330612,0.00271885506702366,0.0866875221812372,0.370739617392308
3191,3599,1.14791882959623e-05,0.0106918757037393,0.0353606051245799,0.217164213041615,0.00545350968501875,0.656812976112059,0.0745053411446915
5534,2641,2.80652488794075e-08,0.000233675874238036,0.208288937066981,0.00205157142632147,0.0023064686615678,0.46896773281737,0.318151586088273
5737,8995,2.60211192798997e-07,0.00562692494659641,0.164528323457211,0.0918945504601858,0.0018723593799086,0.420805274869273,0.315272306675632
8426,4800,1.40936103325455e-08,5.77031337003085e-05,0.000623639104495517,0.000294125938568657,0.00155889595519487,0.371468354114213,0.625997267660218
9047,3482,5.96830984217022e-07,0.00639109612406272,0.217359703782772,0.0301807880144985,0.000659265331514342,0.532381138472702,0.213027411443466
5806,10074,0.000136345328043102,0.0610407050150527,0.106595193364716,0.234001556091484,0.0350015054512012,0.473039292177764,0.0901854025717393
9461,2763,9.0791007397603e-06,0.116239708144551,0.426614431187359,0.0267821943514124,0.0547396463452428,0.106386276716923,0.269228664153772
7459,10314,9.98772726148693e-06,0.0153398836915391,0.525082080688409,0.0467129904504276,0.0119922369731643,0.273134246404915,0.127728574064284
5048,9953,9.70285083482314e-05,0.00792150980213726,0.170314196765329,0.152218433543155,0.0135221947176922,0.198822257484736,0.457104379178602
3466,4798,8.32898035358326e-09,0.00176700310987724,0.239274698859846,0.0607298162611052,0.000687183413182446,0.639099458749567,0.0584418312774414
4910,8994,1.96185656698007e-05,0.0104613909127009,0.178745473598634,0.0882989850713305,0.00687858481547446,0.153400261838028,0.562195685198162
6494,10314,1.28687583317839e-05,0.0170539664385598,0.437323379063047,0.186296201850268,0.0213185564041554,0.28909995029532,0.0488950771903182
7185,5998,1.87094920717144e-07,0.00137772063331677,0.00538987749188586,0.0851116454216036,0.000388706538153923,0.521089057001064,0.386642805819055
4084,8035,0.00266128709163181,0.0248645709657251,0.234809495473604,0.198072754234339,0.0214390074675177,0.319510637868361,0.198642246898821
9322,5400,1.94950806047781e-10,0.000630516219966489,0.000147619063828069,0.000741018512786572,4.30280291194844e-05,0.774161315011388,0.224276502967961
9664,8637,2.22318934912533e-06,0.0197360866981608,0.546330916480296,0.0119633525284334,0.0022632904761347,0.103394191121119,0.316309939506507
4361,4678,1.15307291096003e-08,0.00728332927796596,0.259371767355135,0.121548692401256,0.00592887897819942,0.535955414885053,0.0699119055716619
4706,4319,7.48426958773436e-07,0.0204566857009375,0.517293685966159,0.332076509062,0.0132906731847499,0.0952447850004275,0.0216369126587673
9735,4921,1.27211776320503e-08,0.000852525278854047,0.00245174542099825,0.00533074851234221,1.48002869011783e-05,0.724017139583609,0.267333028196117
5738,6597,3.28896429219324e-09,0.00508379480500899,0.0215848089499478,0.0038259375309109,3.16659227625779e-05,0.883452266825921,0.0860215226764843
4845,1921,4.95026973337564e-09,0.00102688000789686,0.290697688946436,0.134032354971117,0.000978741761227051,0.531492347683582,0.0417719816794707
3672,5637,5.6167573735936e-09,0.00103145142408589,0.466915556582054,0.184854078974186,0.000255041297375884,0.336963640877305,0.00998022522823606
10218,3123,7.20913862782999e-08,0.00696980855637515,0.120432099934157,0.103654147496253,7.78609704225758e-05,0.698217531312547,0.0706484796388593
4083,9234,0.000171191553490492,0.0480352197400479,0.25877035392201,0.211147181472781,0.0164547233188593,0.23568033445248,0.229740995540331
5737,8275,0.000380426755604469,0.0108774737099669,0.307260223941486,0.273613282964666,0.00448118788752313,0.154340409773763,0.24904699496699
7184,8875,1.96168785024303e-06,0.0577166748839582,0.185319070380126,0.176586174931373,0.00605380722514013,0.488260956673161,0.0860613542183916
9045,6838,2.34107637355013e-06,0.0989867604347303,0.288354824789708,0.0622658420404262,0.0115970595976731,0.268852759642334,0.269940412418755
8907,8277,1.28472424499199e-07,0.053714380007412,0.222477067090159,0.0179372698996097,0.00107619917679903,0.525213212643038,0.179581742710558
3603,5517,1.83325262867927e-07,0.00250518519570245,0.437086888938521,0.25477585800626,0.00582749703677089,0.0630671530324242,0.236737234465058
9048,2043,8.08878120724234e-08,0.016377852433063,0.210118720477241,0.00379022364902521,0.011668004819947,0.00276621974907496,0.755278897983837
5118,6956,2.59151415452702e-08,0.00447360204993039,0.129361210486585,0.07109617980071,0.000218851046882574,0.689791249071012,0.105058881629738
4566,7915,2.3388084201772e-05,0.00838571496141248,0.191320989686481,0.130415130962675,0.00468682103600312,0.171622498163881,0.493545457105346
4014,10073,8.23113982672697e-07,0.00721847321184792,0.246884046527733,0.186663950305658,0.00377639043714788,0.277635970632509,0.277820345771121
8907,7797,1.54076680452412e-05,0.115143152512274,0.358574466676002,0.0721819495296873,0.00384971804351869,0.170514552928433,0.279720752642039
8633,3481,1.81750307075821e-05,0.0161732851031718,0.0076049371827945,0.00467866432385251,0.00454835675263118,0.657734144376436,0.309242437230406
6773,3840,5.27422946458088e-07,0.00187430821158088,0.201623828306281,0.0731871451848899,0.0150346526773839,0.225226792482822,0.483052745714097
7666,9715,0.000168639307185782,0.0320557373476483,0.462589369588728,0.00868362799944165,0.0128703668557409,0.271768894834166,0.21186336406709
4980,7436,3.00223107930747e-05,0.0090871494927118,0.37360462114704,0.0690582722193731,0.0220082182765669,0.246071517456013,0.280140199097501
8082,4680,3.36172830577314e-07,0.00891973970879691,0.0665679391353552,0.0159991084255407,0.00781410434673892,0.52335026640331,0.377348505807427
5602,3480,1.8344374344289e-09,4.06748012030711e-05,0.609678656181457,0.0247603831699192,0.00986638374325096,0.324145448882573,0.0315084513871591
3535,4438,1.23806125547456e-08,0.00802643973705975,0.00151252912198968,0.0388731240598001,0.000108254359154881,0.911739040659884,0.039740599681499
9389,8876,1.86651985466679e-09,0.00912076604680374,0.520119948685682,0.00283483583510637,0.000118432934020011,0.00207462508779962,0.465731389544068
4569,2640,2.26462216391762e-05,0.0142648564788036,0.430443880182475,0.0408959814064508,0.0211332469293756,0.458104580379849,0.035134808401407
9803,6479,5.57661331307788e-08,0.0156411064432421,0.228866221336821,0.0378418955998869,0.00164611258652764,0.134630357800631,0.581374250466758
9598,3482,1.49128186257388e-06,0.00335086965422883,0.152927129179548,0.109419883554354,0.00316627425926098,0.304245188883509,0.426889163187237
7945,1563,4.48582519207924e-08,0.000522147590152873,0.361200025439446,0.387700223722972,0.000542933561200521,0.205645030299993,0.0443895945279839
5738,6357,7.97089304331001e-08,0.00847019264807788,0.0150985756481377,0.0107167103762394,0.000768087288612953,0.87877367550189,0.0861726788281113
8837,9595,3.2312243512447e-07,0.0458129575808574,0.358789449823475,0.0113275143663052,0.00525027157361532,0.17287512133753,0.405944362195782
4223,5158,2.89592457032417e-06,0.0131572614340135,0.758538083635933,0.00988934899719551,0.112312004124855,0.0361380682889949,0.0699623375944376
7459,10074,6.349696752165e-06,0.00462757660067219,0.42388666195681,0.103214237069794,0.0103733636014061,0.305542824237275,0.15234898683729
8630,9955,1.27254792582043e-08,0.00569177171391233,0.540369856531451,0.000725594691812533,9.47405140279271e-05,0.260351354458259,0.192766669365058
8218,8516,4.82832004568983e-07,0.0476529279832642,0.15161954492056,0.0270920885743101,0.000559562158172202,0.66646407621319,0.106611317318499
6496,6238,8.67716962354807e-05,0.0036333601759742,0.245941229730067,0.118026775073423,0.00112895634907659,0.605173010101521,0.0260098968737028
6152,6118,3.43360597704631e-09,0.000538591720455627,0.168009980846099,0.000304699826684046,0.010231582891395,0.643169445267468,0.177745696014292
6564,8515,2.98058950757551e-09,0.00138436252784565,2.33127047053628e-05,0.00385027488996341,9.51915002700117e-05,0.921572236360153,0.0730746190364731
8080,8037,1.47050083156854e-06,0.0959473538052971,0.299928503815821,0.0357602328382688,0.00421718686724716,0.322235687371688,0.241909564800846
5876,7316,2.9332066534542e-08,0.0109708615684185,0.174810790259256,0.138678583205056,0.000832244331758228,0.597021758972255,0.0776857323311899
6843,2761,4.45903509106891e-07,0.00130907096460262,0.467664179955287,0.306577576053805,0.00397144719390595,0.123109996297068,0.0973672836318221
4841,9594,2.4910334950735e-05,0.00597298625340687,0.149295435977212,0.0846677890996807,0.00637960789031324,0.420862630806134,0.332796639638303
8768,9476,3.44187112537481e-06,0.0429349926129613,0.341316760263573,0.0281291465975781,0.00126705703148924,0.301701460794711,0.284647140828562
9046,5400,7.98770838815406e-09,0.00320801604274071,0.0546000864257192,0.0112541012240148,4.35236116602331e-05,0.636299119838506,0.294595144869651
4705,6716,9.68214008022608e-08,0.00919847622318334,0.37815790042587,0.135408193467347,0.00625321644511551,0.369508862505823,0.101473254111261
6289,8515,3.5989666388801e-07,0.0192065587043722,0.214622423205242,0.0614892570141233,0.00101633563253246,0.546608452427772,0.157056613119295
7116,7557,5.04286730655305e-09,0.0200217429158239,0.0179899080603432,0.156386491102274,3.48421438977e-05,0.579239027920839,0.226327982813954
6633,8396,9.16904790968824e-06,0.0394014740348328,0.131628833345469,0.0602638815289351,0.00384235955455063,0.71166577648246,0.0531885060058423
6222,3360,6.70592369288211e-07,0.0240672055076312,0.568592577858293,0.204127812944255,0.0444814078797417,0.0348574906287393,0.12387283458897
5806,8635,0.0055868065593089,0.0216282869524963,0.137180577160872,0.16891024333298,0.0244182771326922,0.54940168266989,0.0928741261917604
4359,9234,0.0303803304108328,0.033191734062325,0.22236180731718,0.238122176120625,0.0498083333030599,0.19529588031119,0.230839738474787
3879,4798,2.57106163669055e-09,0.0200118263030703,0.521487209911991,0.00301256010678645,0.0248371522085968,0.266241981404938,0.164409267493556
4360,7316,3.46954798654968e-06,0.00469139161278334,0.287373508139366,0.0877469133215241,0.0132491398315028,0.19784006151182,0.409095516035017
6015,5159,4.55834459954874e-06,0.0853193810516842,0.592868997012933,0.0248731680383933,0.0061545204551244,0.0100679681684288,0.280711406928836
6083,6957,1.37078421666936e-05,0.0140039251641567,0.325652694980378,0.321847151781546,0.00635297773115198,0.237972175218375,0.0941573672822255
5050,5638,1.60618895718114e-08,0.00481638146527857,0.14760482822488,0.0525597568732013,0.00158183010211637,0.509582728128109,0.283854459144526
4774,5637,3.51778723690259e-06,0.00930687832192007,0.335589495642493,0.152598484658863,0.0017927077453601,0.465769104545881,0.0349398112982455
5876,6357,2.08559922681468e-07,0.00936055486747445,0.0952546557388988,0.0408116266038177,0.00400965530108459,0.710836951076405,0.139726347852397
6359,6238,6.38917832170342e-08,0.00868169651384354,0.184846874821033,0.0104683343245262,0.00033818410294745,0.718056414307821,0.0776084320380457
4704,8155,0.000893437594676069,0.0145219351908273,0.30157208145016,0.14800676833361,0.00727598754062419,0.148338662063519,0.379391127826584
6427,8036,1.59115376732951e-07,0.0152322519525697,0.101022845513601,0.041123171712045,0.00120632485442851,0.556135179132079,0.2852800677199
9528,5520,2.47160976422188e-10,5.57689503199598e-05,9.35385961166423e-06,0.000662087611386249,5.45377891365514e-06,0.75588976756838,0.243377567984228
5599,10193,0.000278671485849412,0.0176176982264238,0.317338048570137,0.166519317221098,0.00701834758833868,0.221375335024553,0.269852581883601
10147,8757,1.44696470640341e-06,0.00197227496154114,0.521175540240016,0.0190580491344533,0.00254694107031258,0.404692107700465,0.0505536399285054
7390,9715,0.000294879427381031,0.0474223179683811,0.296902630725526,0.130859063072409,0.0556674488743633,0.229198360927321,0.239655299004619
8082,3961,1.25936746288339e-07,0.000334376754171739,0.00013723760242168,0.00548847328793124,0.000183937899888241,0.775658275347177,0.218197573171664
8424,10075,2.10314318677168e-07,0.0100317845585366,0.445538736938104,0.00960905250065408,0.00575335903446774,0.319584584608261,0.209482272045658
9458,8996,5.57346667789141e-09,0.0116251078863691,0.47275032547887,0.00916412020064563,0.000175297160017093,0.0200226089605311,0.486262534740101
5255,8874,0.00236921093387832,0.0115775870784462,0.227644309108868,0.0837032362424578,0.0107216849993237,0.236099753701525,0.4278842179355
7942,9715,0.000247327562949666,0.0537371865541126,0.492675361279488,0.0977321594489827,0.0236931712583055,0.0833045108752776,0.248610283020884
4567,6237,3.14210100544648e-08,0.0069090741586,0.230310355641736,0.257849302517257,0.00314412674895868,0.361447192520153,0.140339916992286
5600,8275,1.528181357227e-06,0.013070122663911,0.174874835280949,0.133437555830914,0.000708290843188155,0.164430843827166,0.513476823372514
4841,9114,4.77850678662641e-06,0.00472844805315303,0.19848138668161,0.120834727254821,0.00268410764632364,0.344941575562337,0.328324976294969
3465,5757,6.4034951571216e-10,0.00203737137529217,0.375212363747495,0.0757949876831194,0.0149214497912691,0.204471813521567,0.327562013240908
8286,10075,4.03195030542529e-08,0.0232131762980804,0.498665860656141,0.0391594662417212,0.00255357134582743,0.0908022726812592,0.345605612457468
7944,3961,5.74336035564402e-10,7.92966506134327e-05,4.44827308676875e-07,0.000890547548526571,3.91680004482034e-05,0.781714939128003,0.217275603270764
5531,8395,3.9608663197094e-05,0.0132682824233983,0.250876122478508,0.144395435231562,0.00543404878809934,0.116279775402414,0.469706727012821
5393,8155,6.88975183086725e-05,0.00725844975146705,0.269730807626033,0.162749897592094,0.0207466132455673,0.239283771225972,0.300161563040558
5874,10673,7.84066379090456e-07,0.0196953841625227,0.0175829549552465,0.254612089502247,0.00070573381449209,0.686727497616628,0.0206755558824853
4085,5637,1.3481795759304e-08,0.000773917885302722,0.487230159103407,0.140888950690338,0.000751741261791962,0.357172293824223,0.0131829237531419
9802,9356,2.29079023845257e-08,0.00583530583416121,0.00339129677212756,0.0168292247782253,5.35113516963657e-05,0.92527333429723,0.0486173040586576
8357,5879,2.7204452610161e-09,0.0111379684012507,0.00232784622003894,0.000183370071333577,3.33459740184629e-05,0.923152689397402,0.0631647772155106
8977,5040,1.84875961903223e-08,0.00415563212194126,0.00139839826335377,0.015759174169512,0.00102257232860723,0.62601730641738,0.351646898211609
3671,7075,4.85989133011027e-05,0.0146274290948918,0.189591378072372,0.246377410290487,0.0046025753783404,0.270294853333314,0.274457754917294
7807,2042,8.89943899567365e-07,0.00350837468901107,0.354283801860867,0.321972269988825,0.00481679839209636,0.222925536634347,0.092492328490953
7944,5159,7.01937439972307e-09,0.00410235254497762,0.00715246922254596,0.00166542576102159,0.000133134319054193,0.770669807386808,0.216276803746218
9251,8876,8.87814877673017e-07,0.0255869858240822,0.577099214976872,0.00367341095344458,0.00102396277294062,0.163429179700527,0.229186357957256
7600,2642,2.05147960030263e-06,0.0127729596045221,0.243624293285514,0.211657271506261,0.00419109748481629,0.449518515666799,0.0782338109724863
7391,8995,4.11570039532492e-05,0.0426435980444817,0.370836610417286,0.143730521478358,0.00760553212601385,0.335700410757821,0.0994421701720867
8564,5280,1.53413158230281e-07,0.000861785428588983,0.000752634309914536,0.005266112397646,0.000794079552129292,0.541044469618508,0.451280765280055
9528,5999,7.39971377143219e-08,0.00822765053192241,0.00216279295466432,0.0025760462286318,0.0037468706187036,0.680840579648605,0.302445986020335
4154,6716,1.70250864891771e-08,0.000466206076146731,0.573386281487929,0.259213218016447,0.000888198204145916,0.0984571459567164,0.0675889332335284
6839,10194,2.19637579191662e-06,0.0316887414328384,0.0615150586099598,0.0480198653237415,0.00255960339992405,0.804222293728659,0.0519922411290849
8976,7917,1.88367198551729e-07,0.0785446811555999,0.595047995720365,0.0512022754543952,0.0128720572792102,0.0186946558106202,0.243638146212611
6152,4919,8.095815804871e-08,0.0236339800683086,0.723992898456975,0.0209316482429191,0.018187513651842,0.0502309299382709,0.163022948683526
6014,7316,8.15632141835993e-06,0.0297753128390542,0.187652376799855,0.18743207606069,0.00533094829622721,0.473089946313232,0.116711183369524
7325,2642,2.27265019983839e-07,0.000431493865638463,0.325370761514651,0.169846388697743,0.00464961859597794,0.470356863351404,0.0293446467095661
9044,8517,8.76877608240787e-09,0.0135936514254633,0.33894460110638,0.000434401181604928,0.00111237640682927,0.577253418708651,0.068661542402295
5048,9714,5.70754905780069e-05,0.0225162144148584,0.30362884367669,0.185297254951542,0.0117539856120545,0.0673893675523371,0.40935725830194
3741,5277,1.87056574837575e-10,0.000806528935298088,0.235235256243682,0.000736064264117531,0.00102642763990398,0.410183864455986,0.352011858273955
4155,4079,6.59979721792963e-08,0.00416498978282065,0.0244925346632215,0.00664188797648868,0.000740808235404802,0.893788904567972,0.0701708087761201
8768,10195,1.94919314230865e-05,0.0631118614770176,0.598639571595606,0.00153013663385501,0.00743505275391428,0.0617439465839863,0.267519939024198
9113,9356,2.35150136912532e-06,0.0396241077460872,0.466834877239576,0.0149588927221372,0.00360829698939778,0.187541517850172,0.28742995595126
8494,6598,1.0270605398474e-07,0.0417361690595835,0.214904752110933,0.0246041406661502,0.00098340952709063,0.51188699973813,0.205884426192059
8219,5399,1.67099665640142e-12,5.87357118957033e-05,3.60409116807549e-06,0.000165598016222898,1.12052718031679e-06,0.950333833080263,0.0494371085715995
9872,6839,3.01266316007557e-07,0.112516324751055,0.300347819714261,0.134540962027713,0.00239014106061261,0.021961247087231,0.428243204092811
7667,7797,9.57464277175939e-06,0.0571305789680864,0.168112058219818,0.00898416031535535,0.0048825062582392,0.47035968909071,0.29052143250502
7048,5998,4.15076666928479e-10,0.0034041449366684,0.04107718134207,0.0324563121923411,5.86648040985371e-05,0.542962212362233,0.380041483947512
6290,4919,7.66759818490494e-07,0.0137449579537568,0.409646605719841,0.247084394593478,0.0011212601062525,0.067305388528248,0.261096626338605
5876,7556,0.000143728959615149,0.0202518435446449,0.283960659394258,0.207103077669533,0.00783406382939991,0.228790421660088,0.251916204942461
5668,8635,7.77761055753023e-07,0.00373788588293065,0.257310136998209,0.162855014830685,0.00103314572071794,0.231872022286991,0.34319101651941
6358,7436,1.67881030341893e-06,0.0255729902024658,0.0316586884637332,0.0702996086891655,0.0014422671170129,0.709617811209569,0.16140695550775
8359,2043,1.14329131710253e-05,0.0104931580359775,0.327138224175483,0.157274059035756,0.00641587558527931,0.291281138459018,0.207386111795315
7183,10554,1.49768211733326e-05,0.0552005148587655,0.0865759044723901,0.035810904749395,0.0279016274694197,0.711412915625802,0.0830831560030546
8220,4201,1.84754487848248e-07,0.00414914851039795,0.0131180944539914,0.0197919599574825,0.00104004758608435,0.812304774017528,0.149595790720028
9940,9356,3.56277390599189e-10,0.0066289903742918,0.320393713522488,0.00629124012637302,6.14578698143028e-05,0.484712712823499,0.181911884927257
9182,9236,8.56812143771024e-08,0.0186441266614712,0.488740206639784,0.00209428496964165,0.000880776533640108,0.0507008201675436,0.438939699346706
8977,5759,3.4524583813602e-07,0.00309525184886327,0.00244938746523495,0.00153827274491879,0.000344534451053495,0.720813262309674,0.271758945934417
6084,4080,2.62785731566961e-08,0.00828587006420333,0.604129069991098,0.155829829502167,0.0131762620525171,0.0394077478734881,0.179171194237954
3948,4918,0.000257887046024509,0.0403332854394109,0.313429271045838,0.0081938407648409,0.0124361791037195,0.372833699906659,0.252515836693507
9253,5280,9.6758233944067e-09,0.000805926286533204,0.00255503353185097,0.00515049634453765,1.85228051447388e-05,0.857136755917886,0.134333255438224
7804,8756,1.0087185729931e-06,0.0538548486659837,0.35948884510137,0.108219607709774,0.00047889356275448,0.261470093104464,0.216486703137082
4637,4918,7.5003502056416e-08,0.00148867990225326,0.40112278836416,0.0019371119343798,0.045674193440238,0.44637241065691,0.103404740698557
8288,6239,6.47288134385418e-08,0.0132400707113685,0.197518007607003,0.022567872420204,0.000697192026282326,0.477569093967195,0.288407698539134
6495,8635,3.75082496107302e-10,0.00166155813524351,0.000294237108917244,0.00383814677170518,8.39115881350338e-06,0.977499792197085,0.0166978742531534
6979,5639,1.40260254620209e-06,0.0194671442703835,0.0565155915734903,0.0335175278862236,0.00580389362515385,0.608406008917148,0.276288431125054
6632,10074,0.000569707882286539,0.0421583746335558,0.176569908059947,0.239180069429751,0.0138068990788391,0.425005802924349,0.10270923799127
3810,3959,5.81411917950137e-07,0.00198854477622969,2.32806053347968e-05,0.000499482151501147,1.97564702491926e-05,0.985858390768549,0.0116099638162182
5324,8755,5.0946985504884e-06,0.00400493730996218,0.282132931045172,0.130004125510719,0.00599904539051457,0.309461863627402,0.26839200241768
5668,9354,7.98591912259275e-11,0.000172716170942745,6.4531946680361e-07,0.000338233053278828,1.26591243711056e-06,0.986208463905803,0.0132786755582119
6014,6118,3.75154411018188e-08,0.00429283626833327,0.131848070183222,0.0272821928243101,0.000156722879540881,0.748496388146497,0.0879237521826549
3260,3239,1.93870359370416e-05,0.0155538205975346,0.0623041203740825,0.0544042161667543,0.00217283362940692,0.648329796119242,0.217215826077043
4083,9713,4.18350092029407e-05,0.049399322549371,0.0625468159196675,0.338014629435959,0.00717506653960589,0.423375788547669,0.119446541998525
8976,7198,3.30550008548041e-06,0.127301202848419,0.476521624007088,0.0723245014331087,0.0288043209234662,0.15982237959729,0.135222665690543
4705,6237,1.20510787658736e-06,0.0128834118341258,0.315899051797152,0.213851796420116,0.00627466296977937,0.255604180856676,0.195485691014275
4841,10073,1.52544598418704e-06,0.00542102360864468,0.253414784714944,0.333963933382239,0.000965142702851682,0.185984340762267,0.22024924938307
5946,5278,5.25064601731064e-06,0.0552168889813059,0.717261065922508,0.0220751486789687,0.00895715125959651,0.00772023935718994,0.188764255154413
8083,1803,1.04298882364953e-06,0.000404596928760103,0.335766952548453,0.0288049265498614,0.0194977377147317,0.509601221719322,0.105923521550048
3673,3959,9.40232983137681e-12,0.000123487520106398,5.23951996131979e-07,0.000611505080188899,1.66645429772259e-06,0.988225865769717,0.0110369512142915
8014,2882,0.00122629693089362,0.0206274351975099,0.230887375109465,0.0679648392232626,0.0811646606552253,0.425047789553194,0.17308160333045
6291,3001,1.41900727788165e-07,0.0310226542461065,0.706194818837446,0.0678913874601231,0.00889399180553169,0.0140822748060624,0.171914730944003
7046,8636,1.18365024921869e-07,0.0339874381489104,0.180151290187625,0.022610962075166,0.0098556263885046,0.500363129209143,0.253031435625627
3604,3839,2.28479909336108e-10,0.00122986512141718,0.0020891016841048,0.033230598228103,0.000108638039821619,0.895250910810295,0.068090885887779
5530,9114,3.06027484331317e-08,0.00740902531202382,0.173565348261126,0.06564650010085,0.00020767371385724,0.541424050048824,0.21174737196057
9390,6239,3.52748675713058e-06,0.10173463554255,0.320997619189429,0.0578084938774018,0.0247886778816994,0.232994113257574,0.261672932764589
3741,5757,1.01618561551151e-07,0.00100803156336064,0.432314603927438,0.157422812000924,0.00716471325203394,0.123417964659491,0.278671772978191
4635,8994,2.13982089516137e-05,0.00561022308803989,0.369908288542174,0.10188222837654,0.00571364543573455,0.0850581668693292,0.43180604947923
4290,8634,0.000138992351071764,0.0104518338842799,0.0900145435813056,0.0470640056103764,8.82981642750454e-05,0.63638470056111,0.215857625847581
4910,9953,4.21118552239632e-06,0.00940084365644045,0.260824036018491,0.347770147833804,0.00112132564624872,0.0901891468759574,0.290690288783535
2846,4198,3.62316909329338e-10,2.67340034887967e-05,0.602907303524619,0.00141668745486777,0.000231251431769376,0.390867682454174,0.00455034076876453
9736,3482,1.71190734076975e-07,0.0152190840558886,0.0240123848328582,0.175394763450127,0.00225065484057833,0.488411350371955,0.294711591257858
6636,2402,2.45474902239906e-07,0.00329453282299604,0.491889724921736,0.0445493818191635,0.0508516152205461,0.290518030576089,0.118896469164567
6774,1922,6.91860234242426e-10,0.00010158350462103,0.451547229008686,0.31913967877444,0.000298422107405879,0.16490807733086,0.0640050085821263
8910,2523,3.19932568654639e-08,0.00297682310588452,0.12756309181126,0.00122189401687728,0.0013688792057888,0.649770542424607,0.217098737442325
9253,4321,1.52893168748018e-06,0.0160388061359888,0.146630997089247,0.0260899358067757,0.00112819030883483,0.554355654959612,0.255754886767854
7805,8037,8.97394401968054e-07,0.0649340275229437,0.243517052921971,0.0138104232899012,0.00819143337923387,0.386351533239688,0.28319463225186
5946,3600,7.00364416641482e-07,0.00880021810221818,0.641667376764572,0.0160597201510604,0.114529382908334,0.153406530685761,0.065536071023637
6013,8515,0.000436342653707613,0.0228666689122889,0.244312139357719,0.191340518442595,0.0377796274596777,0.464119773724175,0.0391449294498363
6426,9714,6.66093833577952e-06,0.0334508415918039,0.250492864936729,0.32897595519432,0.0280506797526241,0.269455773848149,0.0895672237380379
6084,3121,6.01239136890246e-06,0.0147912664939788,0.569134197145954,0.108066172288982,0.0641117546283837,0.179980890723671,0.0639097063276613
8427,4081,1.08260799517795e-07,0.0116019116411114,0.0180428272004065,0.0013094211186593,0.00211063566719245,0.71068612894421,0.256248967167621
5739,4199,4.10159437728055e-09,0.00167275932552216,0.750540217918365,0.125872641069759,0.00232488081706136,0.0419564246357167,0.0776330721319815
4017,5038,5.67678923563504e-06,0.00427220844246179,0.369478268667877,0.029950691399297,0.0115262220619186,0.502904803983726,0.0818621286554846
6496,6477,4.85236258227359e-07,4.43200125558636e-05,0.00477097758840632,0.00033624286459719,0.0019737152827137,0.991291708720646,0.00158255029482273
3464,8154,1.26335932253528e-07,0.00151813987906596,0.00010357088309556,0.00306279911065762,4.27804011383563e-05,0.862549842086896,0.132722741303215
9182,9476,6.44063658984398e-06,0.0306739617675237,0.33660614802493,0.000487212700409148,0.00492274855305546,0.162229574747627,0.465073913569865
3810,4918,9.26902819589606e-11,6.3769424650807e-05,0.272631843045055,0.00028476504963504,0.0305365931478437,0.695803161812869,0.000679867427256799
8014,2162,7.71434097582491e-06,0.00291851008984308,0.440308600235929,0.313680016351924,0.00395025224410599,0.138424429449474,0.100710477287749
10080,4561,3.28361296984286e-07,0.00416455478179644,0.017066135067096,0.00944016437843961,7.41648312138972e-05,0.675878884077257,0.2933757685029
8562,8397,2.42587153685084e-07,0.0537056836721858,0.108535076895004,0.0624758553080996,0.00107181425050567,0.599831987746233,0.174379339540819
4776,2041,5.7198246856527e-11,0.000562169121135252,0.231870194266106,0.0185911841972085,0.000909854955669671,0.607790835754294,0.140275761648389
6566,4439,7.20808565523808e-07,0.00901188204735599,0.371219942286293,0.190811637707616,0.00367131091037177,0.152270405873868,0.27301410036593
4569,2161,8.5828392092571e-11,3.22469986662133e-06,0.0399797639967435,0.0941562975958387,0.00322657340002701,0.540432592268984,0.322201547952712
6084,4559,8.01636039844094e-08,0.00171573541366078,0.668731526314542,0.0740481012809656,0.034652881357422,0.0790212848047735,0.141830390665033
4430,5038,1.28594605823509e-09,0.00495121363448546,0.468148605134272,0.0758865220639066,0.00395666400554466,0.163016827963799,0.284040165912046
6221,5758,4.20546238967768e-05,0.0276081155527972,0.337554406597077,0.166019321229937,0.0134043357524134,0.299736078674199,0.15563568756968
6359,5279,8.50141987513195e-08,0.028001404437198,0.583581401871093,0.0294441135011754,0.0177559188071629,0.00889498318631325,0.332322093182858
6359,5758,1.91824061271736e-06,0.0439716442837431,0.476006671221599,0.0819374064349149,0.0533505116093307,0.156092871816644,0.188638976393156
9597,6359,2.14975890297106e-06,0.0746892686111317,0.206071588188933,0.0599939308116567,0.0124676019103553,0.435567864453194,0.211207596265826
5392,9354,4.11899661128719e-06,0.00508059113969815,0.0223384627446234,0.242461601003975,0.00029867987007531,0.419879757648517,0.3099367885965
8702,3841,1.36161960715186e-07,0.00579327360166693,0.0183543518243689,0.0295088179045472,0.00221474658757619,0.44283948183694,0.50128919208294
8013,5040,1.06365348635676e-09,0.00142811483779838,0.00032036941593653,0.00052725655961,6.37646828972492e-05,0.87124867695069,0.126411816489415
5462,8275,9.24091947526711e-07,0.0038061136438801,0.313399067528432,0.137249633913691,0.00906663213212205,0.177404506804436,0.359073121885492
8977,5999,2.67434032140082e-09,0.00105038051157812,0.00103007336040803,0.001904302447117,7.0739929360769e-05,0.842462677929282,0.153481823147914
3533,8274,9.07920112465623e-08,0.000548547962831691,4.77670659862968e-07,0.00135741736070956,9.50086148689257e-05,0.894710436733783,0.103288020865136
7461,5519,2.81934864920135e-08,0.00922906631432341,0.000222997241716252,0.000616487040594953,0.00011197586096026,0.904200261272619,0.0856191840762993
6289,7317,0.000179300722881125,0.0277382734218708,0.155774176842283,0.226086754492028,0.0148653263068158,0.337876363991354,0.237479804222767
8287,7917,0.000430661144766903,0.135856593146756,0.371657356534379,0.0597422273176559,0.0142532677950081,0.251615222419535,0.166444671641899
6292,2042,1.04517787778374e-07,0.00219443698228507,0.404163746558351,0.00670780403707755,0.0362077199411358,0.528487386333817,0.0222388016295457
4567,7196,0.0228777707493327,0.00888739787195353,0.310617456179197,0.218815070381283,0.0129876106548845,0.222964249792877,0.202850444370472
6772,5519,1.50908626423846e-08,0.0149699481150444,0.266253258570944,0.199492429253483,0.0114919392210579,0.316725792626092,0.191066617122516
10146,9476,1.38357232285277e-10,1.05234691956844e-07,2.5472635817668e-06,1.23264194164708e-05,2.11363785332347e-06,0.983786479929524,0.0161964273765752
6360,3600,1.16594460793669e-07,0.00554802877666851,0.534909089626752,0.00688689512175757,0.114239093209813,0.194447717967423,0.143969058703125
7738,3361,0.00189303122849491,0.0119144604369241,0.258102845854712,0.0211622308566625,0.05480459979457,0.523091768659539,0.129031063169098
5533,4319,1.33322294249853e-08,0.00857901329722273,0.623969233196223,0.104244189298376,0.0174903324314306,0.141515579685588,0.104201638758931
6497,4320,3.24992748466745e-07,0.00269413325048351,0.428332515718453,0.149241349722185,0.000949712486020024,0.198077340597319,0.220704623232791
6841,5159,1.74822442238812e-06,0.0186483616925224,0.173197643306954,0.15190017806223,0.00283952937519519,0.334122522516242,0.319290016822435
4014,9833,2.2401565349155e-07,9.58684534127257e-05,0.077922431609994,0.210364943162802,7.67095336549564e-05,0.61742670538446,0.0941131178400231
7735,9595,1.53864029964016e-07,0.0358707326488048,0.348998631113842,0.0269244783828391,0.00109299190016575,0.420422515356343,0.166690496733975
7184,8636,2.75326593039358e-06,0.0599523179368487,0.0700545377713495,0.0249316570008496,0.00573417175744801,0.738071380212824,0.10125318205475
4360,7795,0.000364196263581064,0.00134405589062939,0.376446326101263,0.104079361169869,0.0302548248519059,0.260358468408782,0.22715276731397
5393,8395,0.00267963801001339,0.0176168892646677,0.152580260202833,0.173348694772,0.0176737296197793,0.165976721900654,0.470124066230052
3465,6716,1.15573582486e-05,0.00615509483656433,0.39565015014555,0.0112777768432287,0.0332194149835365,0.333066131717841,0.220619874115031
5877,4439,4.73024260635969e-07,0.00252330774312225,0.541008148236733,0.127062562117413,0.00748847504065463,0.208606136459058,0.113310897378759
6221,6477,4.20667532962582e-06,0.00597802750115383,0.00613142996785529,0.00581656638853054,0.0171003631294605,0.823052703742247,0.141916702595423
4498,7316,0.00845649102070452,0.0152920119918499,0.249389692376383,0.190625398211308,0.0156560258769657,0.130583644326875,0.389996736195914
3947,6117,0.00149715603270647,0.0137535543535096,0.443330868431175,0.148360149721696,0.0437347857474226,0.127939795657282,0.221383690056209
3672,5157,7.46322639854447e-09,8.79638525893714e-05,0.149734537459639,0.00257703575452598,0.000360587162481079,0.841175637847552,0.00606423045998603
9802,8157,3.50887146345852e-06,0.0889841146107107,0.487711128542696,0.0369258320114504,0.0105404927456388,0.125862411162506,0.249972512055535
9804,5520,8.5553543953362e-07,0.0114317058032568,0.0247694505399967,0.0108024267899968,0.00185173050447059,0.685790857163481,0.265352973663358
10216,8397,7.6011097227917e-09,0.0229798741696401,0.731508913725205,0.010960693696844,0.000662713944914754,0.0315289599633937,0.202358836898892
9459,7078,2.47219719252328e-07,0.0923416273358333,0.397933717524429,0.152150415637097,0.00265591453106768,0.159022041144647,0.195896036607207
6564,8995,9.29339188462932e-07,0.0254016746321493,0.16763557094084,0.211776198816877,0.00112171559385723,0.541622967589863,0.0524409430872247
8907,8756,2.96607636505505e-06,0.0400298128149715,0.425898172212495,0.0286240106483243,0.00402800200645416,0.247681346234927,0.253735690006464
3398,2760,1.40314288610015e-07,0.000123771272291047,0.112469524186874,0.00623959729058771,0.00693880609881749,0.733562309486754,0.140665851350387
5738,7556,0.00138735098681592,0.0306943835976532,0.331165379911658,0.198193846014528,0.0147858845596222,0.180260455515049,0.243512699414675
5738,8036,9.38832936242059e-05,0.0222986629295793,0.313201607698818,0.230253588090124,0.00474253556292842,0.236397131462667,0.193012590962259
7805,7077,9.41280712534522e-06,0.0879270697164692,0.327388226132939,0.0735007848746338,0.00640799993026227,0.248793564061797,0.255972942476774
5670,5278,3.20444559645807e-07,0.0443320036694306,0.563756451957128,0.0397502464973753,0.00512711997796083,0.134319277986089,0.212714579467457
8702,5040,1.47326605686844e-10,0.000173662630181018,5.99922387443359e-05,0.000625341679629115,4.25870367386161e-06,0.892733058011519,0.106403686588926
4291,7675,0.00456754190197579,0.00864919569958162,0.429139635184304,0.177942536565462,0.0101251736974574,0.196483866320387,0.173092050630832
5739,5398,2.04557049835258e-07,0.0229691034190141,0.605186085741194,0.13758646534892,0.000809826713427696,0.0418530116649108,0.191595302555484
5464,4199,1.14411739594668e-09,0.000431126916898809,0.489801143146713,0.0072519967440436,0.0302166366503578,0.446574576774701,0.0257245186231679
6634,5998,7.76046338423668e-07,0.0192739930978444,0.0375794868739484,0.0104792402034145,0.00570665112203607,0.692929115155358,0.234030737501061
8909,3002,2.51261347770879e-11,0.00387441388979306,0.13627001331256,0.000313576802696148,3.51499875631387e-05,0.583631456293678,0.275875389688584
9526,10075,2.63159649134538e-09,0.0115668513362568,0.0532569176330631,0.00567238848798639,0.000117566176874183,0.878067259899191,0.0513190138350319
4707,1921,3.06157931929989e-06,0.00109135176209839,0.535112801646961,0.219646455794076,0.000116220231892273,0.204825809466418,0.0392042995192351
8771,3242,1.32621111717715e-08,0.0226013457101686,0.00306903443523222,0.0099806870702537,0.00259249681684187,0.853095225636813,0.10866119706858
7803,10194,8.27063157327539e-09,0.0189766080174348,0.619652739741076,0.00649441951524567,0.000844869558485265,0.0349903172986448,0.319041037598482
7323,7197,2.48048843316921e-09,0.011348618808552,0.00234549158615908,0.0142004410977872,6.63719040131911e-05,0.878043935195024,0.0939951389279765
7393,5159,2.27598425134648e-07,0.00486701761680335,0.0918002156163252,0.00991220916209411,0.00160716356004894,0.642817512774466,0.248995653671838
5186,8755,1.02223506788883e-05,0.00141692946352074,0.337631863007078,0.213996991897522,0.00344193823946192,0.196155914713055,0.247346140328683
9595,8996,6.70351222830581e-07,0.0134279384401983,0.622943656821015,0.0344980554975003,0.00458764986978921,0.0430815792190074,0.281460449801267
7872,10314,1.32057839491741e-08,0.00311002667047018,0.315526584368903,0.00541583825671645,0.00897573648049616,0.169416024913979,0.497555776103651
3466,4078,4.96637181077989e-05,0.0426775265713494,0.169750314126266,0.0721280370996991,0.00412724127185531,0.622755173898152,0.0885120433145698
8496,2283,1.59516355765583e-05,0.038737474121471,0.428490650582706,0.202328564921297,0.0149180911386411,0.173500911130623,0.142008356469685
7324,4800,1.33812710388939e-05,0.0087669690242698,0.042124051906019,0.00683516339608813,0.00600329002837172,0.657766542353743,0.278490602020469
5257,5038,1.96097488436169e-08,0.0203097331414921,0.679919524777753,0.000572326935782263,0.0166071013729952,0.00683249415074566,0.275758800011483
4706,4558,6.77838077091603e-08,0.00491266182326034,0.48492481698634,0.17143812521124,0.00322528518238657,0.160170089037459,0.175328953975506
5669,6957,1.09994249209173e-06,0.00925749273127753,0.338102964418706,0.161640842586545,0.00512475391576364,0.336783167088062,0.149089679317154
4842,8395,9.84203829193699e-06,0.00240229425590366,0.245866143647683,0.253875522355355,0.00429247332823883,0.0612276121496977,0.43232611222483
7532,1803,4.68372456587353e-07,0.00127884871230452,0.401589473573444,0.391575799681367,0.00460122537021318,0.146558114290272,0.054396069999943
4017,4079,3.53061746478078e-11,0.00679933395510259,0.0124573100834349,0.0244836308687216,0.00103625161063166,0.863252821194283,0.0919706522525205
6633,9115,1.00464099851213e-10,0.0060840451556663,0.000414844053270502,0.0417803242275637,1.68887281448889e-05,0.91551422034368,0.036189677391211
4362,3479,2.07501031344433e-11,0.00503243472594679,0.0816091752495984,0.118002689548496,0.000225064860062992,0.756777148112653,0.0383534874824922
7187,2881,1.15573852598644e-07,0.00132390908290322,0.418449239529254,0.256696653087511,0.000636069750340083,0.276832630454475,0.0460613825216644
8562,9595,4.48428315215476e-09,0.0156764123464316,0.335583499488844,0.0916098055729722,3.83362556381284e-05,0.409440530723053,0.147651411128778
8148,9835,1.24659620477944e-07,0.0394060660993458,0.508911958970747,0.00219411618334444,0.000143528251277235,0.0969365851191283,0.352407620716536
4360,8275,1.65366617122153e-06,0.00385364156438173,0.155885703691974,0.141719334012683,0.000113735529598886,0.432710002420878,0.265715929114313
8151,3601,8.12856827259762e-08,0.00433805577932263,0.204416578621467,0.0443881132419701,0.00219864486184879,0.586578565153749,0.158079961055959
9943,2163,0.00275283047400531,0.0801936155049058,0.259270992572622,0.0473125990739761,0.011142675789228,0.160045694912492,0.439281591672771
9184,5640,1.01359280044774e-06,0.00733650729196778,0.0183287044462352,0.00630748033521544,0.000835611507129945,0.687804188060415,0.279386494766236
9940,7918,2.77202241656199e-07,0.0612220212177929,0.451993981689791,0.0690430043754841,0.00331136684787795,0.0910113262393247,0.323418022427488
8631,9476,2.25892282835708e-07,0.050294044648905,0.437541077653063,0.0236561138134055,0.00091777130408557,0.188680206343083,0.298910560345175
5118,6237,6.95923328764481e-08,0.00735442681644584,0.0751651789832107,0.046560987205028,0.000355849587649607,0.786946733853082,0.0836167539622511
7804,9475,8.15720717197737e-09,0.0192806457564259,0.529946356515798,0.0054114887447157,0.00100882262821555,0.304330967313525,0.140021710884112
6013,8995,1.5764905112578e-05,0.0173819858136638,0.216938289062676,0.164522854008877,0.00508018394786024,0.534908298858989,0.0611526234028212
4843,5038,4.84381182841958e-07,0.00400607028913996,0.518842074819277,0.107637869741045,0.0634857142701595,0.239360967595773,0.066666818903423
6977,9714,2.46980626205942e-08,0.0111164400846943,0.0899259764526024,0.0334399196710213,0.00040273815341994,0.784011820619864,0.0811030803203356
9802,10075,1.06783705596766e-12,0.000954701323335238,0.0182386016281153,7.36753621811912e-05,0.000242900620648053,0.611508964448821,0.368981156615831
6013,8755,3.94171039782482e-09,0.0105861806091585,0.0142996341409531,0.0356913219646686,0.000144579612557666,0.86861810539656,0.070660174334392
7806,5159,1.60385478596691e-07,0.00137068865123804,0.000189166010754337,0.00301397858012539,0.000256151072117272,0.821743802726009,0.173426052574277
7185,6238,3.94210399965319e-08,0.0206658042633401,0.0373711492181789,0.00625584806270941,6.81661575504015e-05,0.844599914225218,0.0910390786519633
10218,4321,4.02891564174297e-06,0.000327056826880795,2.6465375048174e-06,0.0356464264564635,0.00236173120697646,0.661115997333483,0.30054211272305
6219,10074,6.5253393356232e-08,0.00788996812696459,0.185488722379281,0.182990314971358,0.00107226716075541,0.552924569159476,0.069634092948772
6290,5159,1.32125215910623e-06,0.0947357412138061,0.53770418193231,0.00779997136259053,0.00306865809850169,0.0273162974165984,0.329373828724035
6702,8755,8.19183250939475e-09,0.0109461409745025,0.0730108675480987,0.0383650691435065,0.000354054745316053,0.851015309131211,0.026308550265533
7601,2402,5.5780024771207e-08,0.000773468520010239,0.360923323024193,0.200615961556041,0.000869675494930499,0.426961013953574,0.00985650167122594
4772,10433,2.74423110706728e-06,0.0116612573663516,0.114083245516627,0.328996065813695,0.00140744869095177,0.448792813116152,0.0950564252651153
6497,4559,8.70185770787477e-07,0.0099477943355696,0.269537416242474,0.170251036076911,0.00194471317660348,0.243577719114401,0.304740450868271
7532,1563,6.30227029743901e-08,0.00125085582624934,0.483417627054904,0.33095851714192,0.00187458978386437,0.156083819039918,0.0264145281304415
9735,5160,1.68109021945342e-07,0.000805617622116833,0.00518435331160664,0.00948151010299911,2.60424607133404e-05,0.697462199879121,0.287040108514421
6221,5518,7.78267623691889e-06,0.0146902464681874,0.519558184376797,0.0233256891652395,0.057826359512152,0.190232658330829,0.194359079470557
5670,5038,6.91173826207592e-08,0.0142991682528272,0.710540265394495,0.0652730657153883,0.00170289085375811,0.0323700298283897,0.175814510837759
7117,4680,2.77882753251228e-06,0.0159736871173932,0.130615493767835,0.0595739556923361,0.00824409575022722,0.641768310745986,0.14382167809869
4705,5518,1.26010282813887e-07,0.00716306093215932,0.362818815026449,0.0835684935434009,0.00545902794752375,0.389980964492849,0.151009512047336
4845,2401,0.000367511850519079,0.00201658687114781,0.564843154753377,0.11965158563159,4.9963536611931e-05,0.300152363764754,0.0129188335919999
7874,6718,1.17664913755291e-08,0.0307659878818873,0.282961173504639,0.00116061491305926,0.00314384267096281,0.58373872339599,0.0982296458669698
10217,4801,9.01979700742353e-08,0.0017512118289539,0.159001578573283,0.00421980023006594,4.13398216422388e-05,0.658150094556248,0.176835884791837
4156,1681,0.00150493952615444,0.0128492843965571,0.233736116417124,0.0229796821619859,0.00386237444597935,0.612107363251204,0.112960239800995
3602,8394,2.33685623984517e-10,2.77489175559823e-05,4.95648805978579e-07,0.000364080472814929,3.23511366954457e-06,0.96598448659797,0.0336199530154984
4223,5397,0.000129682589900181,0.0299192206447755,0.527007349171574,0.120772062029243,0.00590308028931828,0.0169241112079682,0.299344494067221
8289,3601,7.42580811474192e-08,0.0110931769537808,0.0394218387250883,0.0278397993476984,0.00226181941691666,0.644867750070388,0.274515541228047
3672,5397,1.6976881036946e-05,0.00608250389784368,0.28677333139179,0.0560083069594135,0.062851460573622,0.478902684413661,0.109364735882632
9943,3122,3.36904551913874e-05,0.0330434551616378,0.20227688557048,0.0134169883221204,0.0038525068766094,0.374311980704597,0.373064492909364
10148,5161,1.53643777951199e-08,0.000431878839964469,0.0282500964038269,0.0016811749812128,5.85255862767693e-06,0.680304629903758,0.289326351948232
4841,9833,0.000172869840523013,0.0301832667158454,0.195588562514534,0.353968030248908,0.00495342567124425,0.183708916019852,0.231424928989094
6773,3600,4.61184645118105e-07,0.0034976418392325,0.425171964097394,0.239727577234067,0.0067894716505549,0.0978036036197218,0.227009280374384
6015,4439,4.46594862614727e-08,0.00281040109007339,0.729216153274215,0.0556800952883006,0.0288580744279846,0.142442036092868,0.0409931951670724
4568,5278,1.13986142213628e-07,0.00776501490770616,0.642816832435204,0.110353400088468,0.00822086647898218,0.135284434979857,0.0955593371236404
2846,2999,1.4660609259545e-09,0.000452812008466745,0.246665644003621,0.00145520191060375,0.022728701530487,0.413626007983111,0.31507163109765
7460,8156,4.48859994656157e-06,0.0207774922367171,0.226589019357673,0.00346185276322188,0.000529306086446261,0.560085952455619,0.188551888500376
8150,5519,3.20737128713509e-10,0.00220475546515053,0.11774775547876,0.00374681012373497,8.48583851778794e-06,0.839940081944573,0.0363521108285265
9183,7797,4.0786375554273e-06,0.0718520225613993,0.455131622347007,0.10703511702495,0.00382304488066186,0.200090689287778,0.162063425260648
7943,7078,4.42987261404658e-05,0.101702868666244,0.274422718433782,0.00436030205717734,0.0220342702598425,0.224314939846494,0.37312060201032
6771,7437,2.51603285233709e-07,0.00427801825804811,0.0209445318654731,0.0409267373953697,4.30755580627553e-05,0.803931840342666,0.129875544977095
9805,3122,1.39876637632524e-07,0.0200186351612036,0.203271383854113,0.0134523596415824,0.0110750468343464,0.454881961338101,0.297300473294015
9115,4800,9.79907606484852e-09,7.73305379488841e-05,7.27366952908363e-05,0.014961766430952,8.95397909504802e-05,0.684785041651093,0.300013575094689
8014,1683,3.17528344128652e-06,0.00193813745610985,0.485594861061271,0.21755513564991,0.00947137928667943,0.213294483688602,0.0721428275739858
8975,9356,0.000454437799919448,0.0910680715308696,0.510556580130688,0.0240227852993901,0.0504065912574827,0.130428369408156,0.193063164573495
6013,7556,1.86933611433962e-05,0.0191852777241766,0.355561002712602,0.158032552478305,0.00567062878845621,0.229585234507803,0.231946610427514
3466,3839,2.90966991818065e-07,0.00750704831753769,0.133322423167753,0.10323663389421,0.0018817779907006,0.681631682368189,0.0724201432946184
9252,7678,1.97260620395242e-07,0.0745105310697965,0.475293498838844,0.0364976277109217,0.00407211420003847,0.182779963863353,0.226846067056426
8495,4920,4.57928375059382e-09,0.000342042844693718,0.00100899507147634,5.25594764473614e-05,9.77776346026037e-05,0.668559504739429,0.329939115654067
8148,9595,0.000135665806013784,0.0851432609698483,0.562464449070057,0.0161929272822828,0.0381501094469241,0.0669412485241281,0.230972338900746
7184,8156,5.04968739413486e-09,0.0094167343159701,0.183495124485245,0.128905262772523,0.00117454018231292,0.594384928581763,0.0826234046124983
5531,8875,5.07529735720204e-06,0.0109030061208052,0.173152974598448,0.15002956083171,0.00526384005933828,0.297453459993996,0.363192083098346
8150,6958,3.53239057095398e-08,0.0756839732122093,0.485173088994494,0.0231801726742061,0.00146816392780492,0.0907051732032715,0.323789392664109
5187,6357,1.54959686711741e-05,0.00401554800663209,0.327812876391793,0.0683626010501568,0.0245507041762823,0.479891311318958,0.0953514630875066
3809,7076,1.78250274586462e-06,0.0037674264233646,0.464722240880878,0.236315729376115,0.0017339335454954,0.114117218384377,0.179341668887024
4568,4558,1.75261438340563e-06,0.0312759894596771,0.411250903024029,0.289428426463199,0.00267627126955087,0.192748775791355,0.0726178813778051
3741,5038,6.88182874571137e-10,0.000690559320392886,0.496974818646662,4.91772555413519e-06,0.0944663614382834,0.361391644563245,0.0464716976176797
8427,2642,1.67811890566357e-07,0.0243797624592034,0.417259854615758,0.0480973322732736,0.00801673136772791,0.307312038528039,0.194934112944107
8565,2882,1.64421296034891e-06,0.0352874777811714,0.0568984771568974,0.0500249584839322,0.00960030039742695,0.584399698434245,0.263787443533367
4430,5997,4.71646741303347e-07,0.00407632598729272,0.440727317325127,0.198080333940929,0.00105662012079612,0.269344063473212,0.0867148675059016
9667,2883,5.24079610094001e-08,0.0751695751509042,0.385795779667457,0.103811484705304,0.00353332927320772,0.194009859676639,0.237679919118528
8907,7318,2.34161108508582e-09,0.014515269294842,0.323519360667528,0.0153510763586682,0.00060713547393504,0.633949764673996,0.0120573911894195
7118,3241,3.51916265517735e-06,0.00561112919904151,0.377904559285376,0.166020620586842,0.0132537136425241,0.286261787202927,0.150944670920634
7115,9715,0.000250926581898071,0.0345570731402265,0.086057358605778,0.131965697446966,0.00306574821426865,0.706015790039907,0.0380874059709555
8700,8157,2.93940867888305e-09,0.0430463607415633,0.390114036870533,0.0120848255725121,0.000815994288053144,0.378263625953413,0.175675153634517
6635,5039,0.000873865208111951,0.00426660437642188,0.345106083315396,0.273571484202754,0.0159553638487476,0.24757223688314,0.112654362165428
5464,4918,7.83265512791243e-05,0.0179232372074484,0.554023864540928,0.0284480152682459,0.0570060828914412,0.270110195184133,0.0724102783565244
9183,6838,1.37029468399339e-06,0.110304675236424,0.300343738077462,0.042262436176956,0.0138904150608815,0.213358202951144,0.319839162202448
4566,8395,4.59809705109934e-09,0.00269499252707881,0.200568933254296,0.188476851278313,0.000218412706372531,0.530625166580696,0.0774156390551464
6012,10433,4.96205170314293e-08,0.00505891865108877,0.187727742948784,0.123700900542813,0.000453924598163735,0.614224589234756,0.0688338744038773
4428,10073,5.79660066489272e-06,0.0113620147450007,0.304764725977294,0.403602083024411,0.00138063861001461,0.238110948849792,0.0407737921928234
6152,5878,4.63619925778692e-08,0.00353671213298918,0.17245251209102,0.0338914163947482,0.0060098661193355,0.467198070217318,0.316911376682596
4911,8275,0.0748072267634169,0.0475740495911492,0.237719363193898,0.145198157038792,0.052828117644894,0.14211126983482,0.29976181593303
5671,2401,3.5276563907027e-07,0.00114259311552049,0.289384443935173,0.182356162198065,0.00163678927961996,0.431150941804399,0.0943287169015833
7045,10554,4.4557513805174e-05,0.0853310019454316,0.0343901143137216,0.0728147302633965,0.0287571391861809,0.714017232238478,0.0646452245389859
7529,7077,1.0729391007897e-07,0.0697303980077394,0.106213502702671,0.0388444284496336,0.00207540435669672,0.581416921094893,0.201719238094456
7874,7437,4.37276834100342e-05,0.105534284913008,0.410021398756734,0.0387486166947082,0.0230399423925502,0.186910930685751,0.235701098873839
10009,8997,1.79963240205e-05,0.0305524279109524,0.391152296783173,0.0431313890199117,0.0156500905313164,0.454914753895184,0.0645810455354413
4500,3240,2.35875168910298e-08,0.00263252809567454,0.387291002340621,0.0176977016477901,0.00276260396613002,0.207323967497127,0.382292172865141
4913,2521,0.000167166991611216,0.00955931984225164,0.103625976330655,0.116025406926003,0.00533462401403749,0.618976903885047,0.146310602010395
9874,2523,0.0353953623471917,0.0524847842221478,0.232494609969011,0.00362133720173853,0.0920670362083394,0.169849075276727,0.414087794774844
4911,6836,3.48005783761103e-07,0.00466172309413871,0.254649422492381,0.214301667514971,0.000647310498200441,0.428868513912724,0.0968710144818015
8286,9355,2.58445830113808e-05,0.0430303497936627,0.510250626322793,0.0371696075676902,0.00189425713149212,0.159529256223073,0.248100058378278
6566,3720,2.80132895948607e-06,0.00112646592779232,0.479129497868472,0.0349221519525589,0.0048585180036174,0.242661512616791,0.237299052301809
8699,10315,3.0440956041543e-08,0.0300964474898947,0.719365953153198,0.00759769235667443,0.00163207751508231,0.0215718832605062,0.219735915783688
4361,5158,1.44964768489907e-07,0.0121566275922786,0.775411818965527,0.0427842271726338,0.0132183212591993,0.0196425105483027,0.13678634949729
8496,3721,1.04022455094817e-07,0.00349525576885459,0.179246399831369,0.00796198104014284,0.00372981205489723,0.305185353127714,0.500381094154567
7391,9235,5.18796094817339e-07,0.00335985809490137,0.559489275130851,0.0100907807381885,0.0107052945575895,0.378147989951271,0.0382062827311034
6704,4919,3.28811078171778e-09,0.00133091971741054,0.323431847578379,0.144611093273238,0.0101366565464777,0.197845024156807,0.322644455439577
7873,9595,1.09039578769491e-08,0.00659648206856032,0.154972939597646,0.00485487649265005,0.000175410141673683,0.757119494020438,0.0762807867750734
7462,4800,0.00116384533203597,0.00702109561116191,0.0453970682151283,0.00535306035491679,0.0270636695963646,0.577010199169304,0.336991061721088
5189,3480,7.52204072972413e-11,2.17188831018767e-05,0.455849669177995,0.0012575751159816,0.0063347392066332,0.518569928041431,0.0179663694996372
8357,4440,3.57516142439284e-07,0.00271840769838042,0.000411108532197851,0.000301308477950552,7.74258662698204e-05,0.851470319854297,0.145021072054762
7601,2162,3.05544522024345e-06,0.00309595837579468,0.462147449223616,0.415213286288104,0.000791847197626357,0.1013170818508,0.0174313216188381
4292,5038,3.76649900100435e-08,0.00838283381166478,0.513942417346647,0.0146551802001497,0.00158152778248936,0.15056948219911,0.310868520994949
7806,5399,3.95021064910969e-12,0.000150982918036116,1.54593420286892e-06,4.35387536379145e-05,1.25265148621717e-06,0.915022967764675,0.0847797119740118
3947,6836,5.12515134858031e-06,0.0019098398896892,0.209935410038671,0.0462012330886325,0.00673546275724203,0.292259803352985,0.442953125721431
7461,5279,5.0482223168368e-08,0.00855411019474156,0.0481025327247915,0.033949924733841,0.00104375147288819,0.680879116424782,0.227470513966733
9596,7318,3.70993115325217e-06,0.0908892595791615,0.448785143385519,0.0329148714821419,0.004930948589899,0.180386209440758,0.242089857591368
7670,1803,4.43615659483889e-07,0.00264931050350859,0.529305479153268,0.23250857820004,0.00220725322253311,0.205025316959428,0.0283036183455635
8976,8397,2.19520767385031e-10,0.0263802269770395,0.190141509603917,0.00138679333160581,0.000136246619713424,0.564805602647469,0.217149620600735
9873,5160,3.35387784840419e-11,0.00526345867667834,0.112938964851374,0.0304931048889394,0.000172872533935747,0.51067368328171,0.340457915733824
7253,8516,1.22393359798332e-05,0.0259544327346865,0.123655990474774,0.040263187919298,0.0014810134838837,0.759572221286757,0.0490609147646206
3396,6116,1.39561885027681e-06,0.0038223337253605,0.565363191267418,0.190285820168837,0.0269809370106724,0.181333981819469,0.0322123403893929
6222,2641,2.02335800101046e-07,0.00723232102523423,0.517569876894817,0.00973488718274843,0.032267517477674,0.358328385249801,0.0748668098339257
3946,8274,1.89287138765373e-07,0.00602037001466631,0.156562974975409,0.0486723314956143,5.05701868666098e-05,0.637389505169255,0.15130405887105
8565,2642,4.70145713264567e-05,0.0455099286363735,0.200450767060441,0.132708093189859,0.0668700915004159,0.341366160148476,0.213047944893108
9874,3242,1.34923948694446e-07,0.00196529161215019,0.309185764025199,0.0454156116772506,0.00383532135072097,0.281690504379706,0.357907372031024
8910,2043,4.83519530688494e-05,0.0307451825097563,0.189535002617988,0.067682654469464,0.0369717669508068,0.245692487552279,0.429324553946637
9667,3362,2.28615837479627e-07,0.0167580444978997,0.114868129277443,0.0349970951833603,0.00356928330181707,0.23943190521501,0.590375313908633
6219,9594,8.65811590854631e-07,0.0160345050336449,0.159798108162476,0.0935913632188844,0.000603943765431418,0.635298842563586,0.0946723714443867
6222,2881,2.08855707597302e-08,0.00781371339150655,0.632207885578413,0.115147767081928,0.0155639612222704,0.18819419032839,0.041072461511922
4085,5877,4.76434455025841e-07,0.00890871328565034,0.324970200548194,0.0710880628432053,0.00343873131647422,0.152060731253949,0.439533084318072
7945,2043,1.47267967094312e-08,0.00018683197724081,0.422889472411898,0.0858845117379806,0.000545343695888743,0.460121029942942,0.0303727955072532
4980,8155,0.000745330710557087,0.00565712534091436,0.237279763500443,0.283955350399693,0.0018550509555572,0.141335114884495,0.329172264208341
3672,4678,0.000121999449111984,0.0672455152008582,0.0883600093243022,0.0360050647279974,0.0609255148309087,0.619011320149846,0.128330576316976
8080,7797,9.72552365963825e-06,0.152560422373213,0.401703737156741,0.0710693265242577,0.0164208728014395,0.0999029596139748,0.258332956006715
7667,7077,4.35475258720903e-06,0.00280711788944949,0.289575851294314,0.000187366472183075,0.000145982231652931,0.00565855326048716,0.701620774099326
3947,6596,2.24736504886833e-06,0.00162897180759444,0.651105014811453,0.0953586627840449,0.0206805465697199,0.218033695839493,0.013190860822646
9596,8277,2.31022034738605e-09,0.0548300305115561,0.428555625971064,0.00416128869555438,0.00315531218218018,0.0169988091013113,0.492298931228113
6082,7676,1.06663948264549e-05,0.00943480259090458,0.409455325763687,0.0533462723624595,0.0198195148456195,0.287025767126732,0.220907650915772
6636,2641,2.77968692564136e-07,0.00320386936176608,0.421504427817773,0.341192953773768,0.00164765313749068,0.171155078065992,0.0612957398745175
5531,7916,1.19793558801176e-05,0.0196946672996515,0.200098520267323,0.18009343974093,0.00143424630119815,0.295334087642124,0.303333059392893
4500,2520,5.12535455786697e-05,6.86517533676216e-05,0.296789953992332,0.19830282324868,0.00433459572163104,0.281376816851917,0.219075904886494
8837,9835,2.1964099586337e-07,0.00497464714471292,0.609708849811204,0.242937616044153,0.000758044521205907,0.0335256361937971,0.108094986643931
4084,8275,0.00312599102497124,0.0659826563020105,0.120335232299156,0.120878964656372,0.0181375595061842,0.480139224702633,0.191400371508674
8772,2043,2.54781437346044e-07,0.0155033938953453,0.249692232483885,0.00908952961949999,0.00595482723872888,0.0550293045094756,0.664730457471628
9665,8157,8.86613376515035e-09,0.021682130807108,0.669034681791126,0.0450483047731264,0.000474983280069861,0.0252363975060519,0.238523492976384
6979,4679,2.13562471702397e-07,0.00166124632400009,0.33386812983373,0.247635005560281,0.00248333282288224,0.185937380665517,0.228414691231118
4429,6956,0.000425333513001316,0.0208432296947226,0.212296249906789,0.258177297313593,0.00938027192249775,0.215263089053096,0.2836145285963
9184,4920,3.8555935089724e-07,0.00118682699949282,0.0303216628195303,0.0764034100985274,0.000269077588887427,0.515380119695013,0.376438517239199
9114,6718,9.34374992047799e-08,0.0638043792174246,0.350889968838567,0.0297095622525545,0.00926358476133317,0.40643980451641,0.139892606976211
6083,5518,2.2125212551313e-05,0.0407369912060609,0.556871784696088,0.06697836924147,0.0202002019304208,0.0305062882860275,0.284684239427381
9871,9236,2.43043546890232e-06,0.0243590923324999,0.405830227599886,0.0111927535219488,0.00102649757017761,0.348499764062965,0.209089234477054
5120,3600,3.20894507743267e-05,0.00664594128024739,0.278195770058496,0.301709589791768,0.0117257475879895,0.332760919575801,0.0689299422549246
6773,4080,1.21231843675468e-06,0.0040608182969706,0.382978081760268,0.169202723937422,0.0112085322368091,0.231816217198464,0.200732414251629
8837,9116,0.00459650718191493,0.072988875280205,0.324174844140553,0.120865737151604,0.0087752518666734,0.143410331896223,0.325188452482826
3396,6356,7.00603273894803e-05,0.0132706255595151,0.29023349054403,0.0472216091419572,0.0442717568861866,0.459560765476986,0.145371692063935
8493,9955,4.66346270018002e-07,0.0418281422628463,0.679869765548117,0.0111264372771067,0.00133988071656101,0.00562215550697589,0.260213152342123
8356,7318,4.13769961780521e-05,0.109830161983685,0.394484386990136,0.0877248778119449,0.0269385301559148,0.0957171138398041,0.285263552222337
8769,8756,4.02119308759463e-06,0.0435772196576603,0.50001899581739,0.00966187235432463,0.00248924012054426,0.188510154503547,0.255738496353446
7873,7917,8.37378165683132e-07,0.0903527635470961,0.33547223306259,0.0305791463126533,0.0158558233756866,0.228164851977043,0.299574344346765
8840,2882,4.35320024354395e-05,0.0242211587949677,0.119370329210891,0.0126926710206314,0.000645697704436535,0.780696662970232,0.0623299482964067
10148,6839,3.270657774499e-07,0.0731123492415653,0.430814887455963,0.217536521043248,0.000469662521782301,0.0915877155311271,0.186478537140537
10078,7678,1.61805306678547e-06,0.0592830848841813,0.503826945750932,0.0369054670708167,0.00302892821129916,0.0792550215519252,0.317698934477779
3949,3000,1.26418806738142e-09,0.00148261054046161,0.0129610453660697,0.00382465139956681,5.94077627627369e-05,0.943163317269895,0.0385089663970564
5946,3840,5.15020701806113e-05,0.0308879950133526,0.626629965382555,0.00153995713300203,0.11924064242903,0.136312862164351,0.0853370758075293
5324,9234,1.86431550626712e-06,0.0159529873288313,0.116792182693922,0.337834783499787,0.00147320636043852,0.317982122488211,0.209962853313303
4913,3959,5.8371768645225e-06,0.0365553851709777,0.42394632464571,0.0223610976539534,0.0332792088127696,0.33456568655041,0.149286459989315
8907,7078,4.75620281055661e-06,0.110175941207183,0.356411861444211,0.124225192060228,0.0160107530340125,0.264127347663736,0.129044148387819
8149,8157,2.61398520949843e-06,0.0879129066673126,0.18178407507266,0.0113817110003128,0.00291252299130458,0.516177388365496,0.199828781917704
8839,5520,8.16003262752724e-10,0.00192232215614577,0.000164220449347856,0.0115755192554294,5.22358040811084e-05,0.902915591916685,0.0833701096023079
3329,2160,2.25016302006569e-09,0.00440361257105015,0.166828046009251,0.0747448302000728,0.00015669949845061,0.666705292020275,0.087161517450737
10078,7918,3.20040624646165e-06,0.0181311723257284,0.490511837469329,0.411634883480742,0.00123175038245865,0.0120364358753475,0.0664507200601487
8080,7557,2.94077521333791e-06,0.0892095580632373,0.264291942665748,0.0573255475341711,0.0104127683350363,0.37601684874549,0.202740393881104
9182,8756,2.73617502873947e-06,0.0388252559902477,0.71634168628529,0.00630859872626226,0.00434385354343474,0.0794533318258015,0.154724537453935
7805,6358,3.34553038845164e-08,0.0165542356432722,0.00642731705875712,0.00366372702584729,6.05873601066192e-05,0.834130326184186,0.139163773272527
3949,3239,3.79052367954111e-12,1.19200353125874e-05,0.280590770900726,0.00334084928313367,1.59311964943142e-06,0.71581164229962,0.000243224357767249
9114,6239,1.01887747982236e-10,0.00150316331901427,0.000342828584849943,0.000794384539080005,1.4352414292272e-05,0.848510372967495,0.148834898073381
4843,6237,4.54597077789966e-06,0.00905291606402205,0.271626412879782,0.291969733482643,0.00294881540423097,0.291316625715479,0.133080950483066
7875,5279,5.68155686918403e-09,0.00329181947082177,0.00971971807782277,0.00159093169552568,2.58049512675056e-05,0.730492660382574,0.254879059740431
5603,1802,4.73258296227967e-08,0.00286248798965121,0.271722505413634,0.0955938365085904,0.000549522435467575,0.619503212701166,0.00976838762566127
4773,7556,6.76948699355324e-05,0.00348471020629662,0.420796996873059,0.223068756245758,0.0218167592749607,0.21571858581482,0.11504649671517
8633,3961,1.45890105979176e-09,0.00222018709477579,0.00451909209404867,0.00548775471936479,0.000145831173020614,0.551947441827549,0.43567969163234
4361,4438,2.83954373379491e-09,0.00609738876061071,0.404046891778956,0.116560742962479,0.000308938524198662,0.391060469817445,0.0819255653167669
8770,6838,1.0308790329415e-06,0.0630060340925516,0.280210750923849,0.0268442537305134,0.018659069460429,0.226305612601637,0.384973248311987
9803,6239,1.90786547835595e-09,0.00138643141247934,8.14874491904236e-05,0.00443079948507224,0.000106193930072505,0.879897538269848,0.114097547545472
9183,6599,6.92231883746183e-10,0.0342555709829027,0.122934762660848,0.0114415170203638,0.00066909322489516,0.641162994432905,0.189536060985854
8977,5280,4.38037869670791e-06,0.00325016966738694,0.0043756277863144,0.02066427899511,0.000399181902361783,0.618402490560799,0.352903870709331
7254,6118,5.397783094259e-11,0.000471289810571234,9.25074800226531e-06,0.000611675149005431,3.23596510035172e-06,0.975076013781599,0.0238285344917443
6910,5279,4.48620028698668e-09,0.0147718984797943,0.17195258729795,0.0212500027859589,0.000112051391305141,0.701675696303578,0.0902377592552136
9734,6839,7.82942677549996e-08,0.0484652510457917,0.453738463167499,0.154725847356595,0.0026635718152665,0.0605693032664129,0.279837485054168
7048,5279,1.40216260104401e-08,0.023168479446338,0.0800523354578421,0.0748985170537735,0.000861927903127216,0.780334637536962,0.0406840885803309
6977,9235,2.30967252875018e-06,0.040304464132738,0.0817140604760369,0.0265512293199555,0.00634198057768345,0.782406749057538,0.0626792067635197
6842,3960,3.33590629922015e-08,0.00109132683856407,0.187876186998819,0.239339451739255,0.00117101845881437,0.133184024007755,0.437337958597729
9115,5520,1.53165743298666e-09,0.000482379874800008,0.000552754083658802,0.000981639127022907,1.39387631235643e-05,0.842341868209836,0.155627418409902
7807,2282,6.16661113072213e-09,0.000208557123209464,0.490448094936442,0.0423105714135965,0.00673244727570828,0.450830773204355,0.00946954988007735
7394,2762,2.17417720807655e-07,0.00467552862729069,0.365599693711986,0.297629519124784,0.000996877371201522,0.271445280887091,0.0596528828599252
8081,5639,9.19182975937996e-10,0.00136771840855671,0.0113855524157928,0.000173389438727789,9.37352200761392e-06,0.855289393778487,0.131774571517245
4841,9354,0.00297714226005349,0.0161888050760314,0.318516363018201,0.181455683166876,0.0305310978484445,0.260874062287984,0.18945684634241
3122,3719,4.51058926769062e-07,0.00414482499408316,0.160023811335174,0.00331436393861443,0.00168749648846162,0.562346059446608,0.268482992738133
8011,9355,1.38135717308335e-08,0.00549513314419723,0.565327209719429,0.00330722220748614,0.0009890637672079,0.392446110280772,0.0324352470673362
10218,3362,5.8570109856462e-07,0.0259277108175279,0.0877497380724371,0.00188882856307081,7.40393879655033e-05,0.814587148075086,0.0697719493828141
5806,9354,4.991031852179e-08,0.00128046697465089,7.50289724414411e-06,0.00476863303073466,5.01363245976862e-05,0.893402176430337,0.100491034432117
9872,7078,2.95405533574436e-07,0.0469074525359194,0.484944783590695,0.0514863360192894,0.00828255509098889,0.240134685483769,0.168243891873805
9391,3362,2.59987113890004e-06,0.0239221980257085,0.0488781366349812,0.0115993315925348,0.00647141422496592,0.773162214030772,0.135964105619899
9321,5640,2.64239117336502e-09,0.00143256181136863,0.000247597085633894,0.000484566036603823,2.87873214890423e-05,0.769972766027795,0.227833719074719
6701,9714,0.000342586318851056,0.0678896378950321,0.254156904091646,0.247507578077545,0.0341420161949646,0.337979498462934,0.0579817789590272
6633,9355,8.14842831406599e-10,0.000889318555640391,3.19005406907297e-05,0.0222214626123069,2.00035354413547e-05,0.94408385479976,0.0327534591413176
9047,2283,1.09981638351533e-08,0.00493506645475863,0.302836661903655,0.000307531222649156,0.119474529060641,0.239701003412158,0.332745196947975
5601,5398,3.1835408359689e-07,0.015396377212288,0.655678781450043,0.105665185434056,0.00159721015010721,0.0860587294404143,0.135603397959008
9599,1804,0.000136992641642627,0.0333939696253331,0.335177318544919,0.249156193886911,0.00403450257092428,0.0956354826350213,0.282465540095248
3878,6716,8.77609355521374e-06,0.00968111545353873,0.367169637186026,0.382228645697186,0.00513211082561772,0.0828902737572389,0.152889440986837
8908,5879,5.14768202903712e-13,4.71042866645874e-05,1.13755722459697e-06,0.000185544112455682,1.43108314657469e-06,0.737376356506086,0.262388426453908
3464,8874,0.0168589770241223,0.0383892737466614,0.0431689748510566,0.151584063386646,0.011044869087719,0.51702722002215,0.221926621881645
6084,3600,6.15062570309049e-08,0.0144765291817499,0.770307364091232,0.00952900332840112,0.0714255319845054,0.0505624316182093,0.0836990782896453
8632,6359,1.28894073318989e-07,0.0360908145130532,0.116493202408682,0.0612109024482465,0.00512988931859948,0.495062220620961,0.286012841796385
6705,2282,3.55563927693624e-06,0.00269964812487077,0.312195223109688,0.181768894679125,0.0160524221082055,0.273497404309797,0.213782852029037
8840,3362,5.22685333026954e-09,0.0202787631146874,0.0214351352490256,0.0195965235138647,0.000136538153046817,0.853604143690179,0.0849488910523429
4980,6477,7.09127141086174e-05,0.0145203478475107,0.304521641889863,0.100151827901672,0.00488668512430921,0.349422795146837,0.2264257893757
8220,3721,1.69554422947702e-05,0.007301007790087,0.000702054383197087,0.00132521902913465,0.0010595463457535,0.839887602845121,0.149707614164412
6358,8395,8.43347371744178e-08,0.00267325478288221,1.26640548147134e-05,0.00455962477119806,0.000171558385719525,0.944905677485262,0.0476771361853866
5943,9834,8.21351280377542e-09,0.00300277025334448,0.000137256856701777,0.00302643630929423,5.44725027816998e-05,0.970733598419251,0.0230454574451135
6289,7077,6.23306213219628e-05,0.0276087252284659,0.196817266507054,0.210411358733137,0.0168600987471726,0.468111698482173,0.0801285216806762
5187,6836,6.01356079047648e-08,0.00716063462233626,0.282634372336083,0.105741675646574,0.00415584623695928,0.431354670824741,0.168952740197698
8150,5040,2.16534390535536e-07,0.00636362520256972,0.0417020637738164,0.011358465472208,0.00256812889378232,0.680264676112193,0.25774282401104
9595,10195,1.25295366581982e-08,0.0132749946789274,0.0128897074740901,0.00108568927885557,0.000260174398156665,0.89837232520943,0.0741170964310034
10079,7198,9.59830464750757e-08,0.0543019281086656,0.504066717419975,0.100218515658321,0.00305411207722836,0.0808388981546359,0.257519732598128
5324,8035,0.000206698212643514,0.0105225517788658,0.251096310719438,0.135519197304086,0.0097564585554959,0.11992575162981,0.472973031799661
5875,9714,2.3311496313134e-07,0.00648241951956541,0.0316784372094151,0.0795783350052088,0.000536736813942734,0.797552334022906,0.0841715043139988
4016,6476,2.28544923572562e-05,0.001495733744994,0.274032956467859,0.265643361228116,0.00348427982853953,0.181676065739151,0.273644748498984
9735,4681,1.72560895665678e-07,3.48144684175344e-05,0.000185099375723914,0.00430040281187298,1.48065667600287e-05,0.918883274819838,0.076581429396492
6084,4799,6.7414259681007e-09,0.00293138588849986,0.528796865735399,0.00131709955317231,0.0447657511506643,0.276640500480422,0.145548390450417
9254,3362,8.19736751590862e-07,0.0113318186762042,0.115464366930015,0.0176263082253279,0.00168457779255421,0.598962502278601,0.254929606360546
8699,10075,1.6136423385514e-05,0.0203315281821494,0.474950770187165,0.039421078719358,0.00886651225509633,0.0510775829833775,0.405336391249468
5808,4799,1.16459706198674e-07,0.0102240644309667,0.667923587203483,0.0294581956889119,0.0137658562394413,0.195116434461748,0.0835117455157422
10217,5041,1.13187136010573e-10,0.00366700944846764,0.0358996044742706,0.000601052098808206,2.80856343143949e-05,0.836665403705971,0.123138844524981
9458,8517,5.13910047675467e-05,0.0582815907074647,0.54236772189687,0.00412435005049147,0.0360060169961307,0.155082889635444,0.204086039708831
10012,3003,0.0524115377982231,0.0562876343777628,0.388899717478567,0.0352306091476454,0.0317368001615775,0.0418525854493572,0.393581115586867
5806,9115,1.74295364752675e-08,0.00817208303803808,0.038052600918815,0.0556733827683687,0.000194305456673394,0.592172289546836,0.305735320841733
5188,5158,1.66338349206867e-06,0.0161619344535878,0.448320507077143,0.00791460657613488,0.104871324971302,0.193745437950058,0.228984525588282
5394,7196,0.000289450771595024,0.0218296530187067,0.348573546636604,0.128372016931753,0.0147584171885331,0.297692337854935,0.188484577597873
4705,5997,2.12812173574898e-06,0.0195915909323997,0.192457177324001,0.171395188906104,0.00364065720986686,0.537618625141635,0.0752946323642582
5736,10673,2.847945643855e-05,0.0220957186566357,0.117959495656765,0.252945998314443,0.005040187271694,0.543703538554489,0.0582265820895349
6426,9954,0.000990824424235334,0.0564630437305568,0.342080684249887,0.111850658224771,0.0489040367895087,0.318244607054786,0.121466145526256
8562,8636,0.00150192351873121,0.0681330459731504,0.339074109020554,0.101389841878805,0.0231516073867222,0.248779658339754,0.217969813882284
8630,9715,2.21008272841084e-10,0.00251597601055498,0.276735751263259,0.122051515511254,6.30786619656284e-06,0.511764632788417,0.0869258163393109
6497,5039,1.65781003958267e-06,0.00464224794412056,0.435048432317968,0.0739034045919993,0.0533090557355476,0.308813310323286,0.124281891277039
8562,8876,0.000471364021497884,0.0573046783958176,0.360544016998897,0.0727376086246951,0.00833847331698534,0.23903829373577,0.261565564906337
9529,3122,8.67964537953591e-06,0.0117944304401426,0.388540346828494,0.026734686679616,0.00955141944311465,0.475743854829053,0.087626582134201
9254,2882,6.3954264142724e-06,0.0695961673688613,0.429897861271318,0.146078855077952,0.0334122435004816,0.114937240792262,0.206071236562711
6912,2162,1.04644542722811e-08,0.000159744401535093,0.622074637733489,0.0663444272143928,0.0228795624580393,0.20280171060745,0.0857399071206395
3259,3479,5.9302307505606e-09,0.00199073077293338,0.100237417615546,0.136161302682104,0.00031470875856276,0.605509696121825,0.155786138118798
3878,6476,1.6977843317084e-05,0.00292481545311516,0.314633612041079,0.175821023129105,0.0110236578132208,0.192008093615427,0.303571820104736
5532,5997,4.73612923025119e-07,0.0163058675794332,0.0378260944850119,0.0767113109996503,0.0012576072966516,0.760790294988447,0.107108351037883
3603,6476,0.000458047677258244,0.0300298568117466,0.163019152762835,0.352134192761026,0.0285631661787294,0.0902476718127154,0.335547911995689
3465,6476,7.06205697233361e-07,0.000924274394932313,0.503982564180214,0.219377874107205,0.00122781944939222,0.0236803744880983,0.250806387174461
8563,6239,2.95348500381264e-07,0.0173325696822699,0.0480039077224669,0.00356464986970885,0.00432808752710385,0.591205388159597,0.335565101690353
8219,5639,1.42193418788115e-06,0.00480803468509378,0.115604637221167,0.00628779135193925,0.000766322293148365,0.574650852820202,0.297880939694262
6980,3720,2.82144825306407e-07,0.0026665080971796,0.266107494928984,0.0492680571221092,0.0505842855882661,0.27026098026553,0.361112391853106
4979,9594,9.37365308553458e-07,0.00420539869028464,0.221301604547425,0.181836566554632,0.00113754448701396,0.2323805734712,0.359137374884136
7944,4920,0.000140997744723992,0.0153579519877182,0.0976970519230952,0.00191584991610982,0.0100217696902335,0.58217206290732,0.292694315830799
3671,6596,3.44247620398901e-07,0.00252698898114297,0.412041464337511,0.0761712599279698,0.00162709408735206,0.212758664984053,0.294874183434351
5944,7916,3.79236309286688e-05,0.0180385347682941,0.257638357026387,0.183352310520092,0.00522405582620806,0.225507800987145,0.310201017240945
7254,7557,5.07707277440366e-08,0.0139446508304412,0.00779561771657545,0.022378733371212,0.000829914088949398,0.808647059406457,0.146403973815637
8979,1923,4.81226763168968e-06,0.0406915170896187,0.479704575316929,0.0532570641543129,0.00664169549325656,0.124287910602492,0.29541242507576
8358,3961,3.73857697922316e-08,0.0060156108747683,0.104180135629011,0.00127090890101791,0.000268131923773679,0.762586278437306,0.125678896848353
7735,10074,2.02738275252675e-08,0.00433820786657177,0.6751517798819,0.00625229441707555,0.000309922187413095,0.123616847793388,0.190330927579824
7530,6838,2.00894286070706e-07,0.00982829958358842,0.000460625326017569,0.00490190750839376,0.000250620899236835,0.784427245991354,0.200131099797123
4704,8874,0.000192525665930945,0.0196918835084839,0.271634328619636,0.184265680169602,0.00722937093391431,0.296411397144003,0.22057481395843
6702,8276,3.51618175308208e-08,0.0355030194934163,0.103186409797402,0.0711068860700345,0.00103274539087733,0.64052557213626,0.148645331950193
6977,9954,1.24691168089904e-07,0.0139829602915093,0.0522307017740809,0.0872614560324974,0.000427706283272019,0.819338647518186,0.0267584034092865
9596,8037,2.32364273782994e-05,0.103203945374818,0.491348464451325,0.0790780288865757,0.00791714892271983,0.0548378450355839,0.2635913309016
3742,3359,1.71360201096918e-10,0.00206748054717444,0.0164012466602229,0.0033978728414639,2.16536156599562e-05,0.972502092459849,0.00560965370426929
7186,3840,7.61120082873689e-07,0.00160263454816923,0.375520752247098,0.0409103387107975,0.0102090536685851,0.338563925586333,0.233192534118935
8011,7677,1.07078590558621e-06,0.105564028789084,0.394363707581504,0.0638687663451862,0.00913123564376251,0.165308104127717,0.261763086726841
5531,6957,5.07644530008312e-06,0.0127443422122785,0.333977768518788,0.162116535912542,0.00511069185996495,0.289576924703077,0.19646866034805
4566,8634,2.3626477482167e-05,0.0318249758272491,0.0467630359312592,0.0814047709101507,0.000689045067168923,0.623860784743502,0.215433761043187
5118,7436,5.60223172391267e-06,0.0113916523596355,0.292272095317651,0.141764377011202,0.00806126743202075,0.2210672957585,0.325437709889267
9392,2882,6.18796598789939e-07,0.105422912767986,0.299581047337557,0.0275559795541831,0.0238590561045954,0.259799991440767,0.283780393998313
3121,3958,5.34937705438037e-09,0.00066976339235668,0.485993326828054,0.011324390067228,0.00207400535962616,0.418415881951982,0.081522627051376
6979,5159,1.2972338289605e-10,0.00336982162264757,0.00357679885375624,0.0131678549116039,3.16049807808984e-05,0.919815666321521,0.0600382531799666
5188,4679,1.12411036620572e-06,0.00295080112592924,0.429425519872731,0.0527991070995172,0.123511256970525,0.187296781269239,0.204015409551693
7597,9595,1.70626846819744e-06,0.0123786763710617,0.469499428492953,0.11972434697863,0.00308269003450685,0.133783523582279,0.261529628272101
7186,4080,1.46833855192029e-07,0.00102407791461436,0.218530303628761,0.0839691787879028,0.00201478759755823,0.170407664197151,0.524053841040157
6085,2881,1.84423500205808e-08,0.0125835611547647,0.56045194563219,0.0777811953039306,0.0553874321607964,0.159161700219921,0.134634147086047
7256,1563,4.94887780153817e-07,9.60760269246019e-05,0.24451864530369,0.0758059064993686,0.000451290404698041,0.677224493118164,0.00190309375937531
6911,2881,2.19960459147278e-07,0.00125969817769538,0.441478180738713,0.192516893844047,0.00268783551243726,0.262473411277297,0.0995837604893515
5325,6597,0.000658230281287411,0.0405995500879319,0.198371249801515,0.105148111790083,0.0414621418948528,0.46944440139823,0.1443163147461
9320,9476,3.81131641745244e-06,0.0348981897161212,0.287430415243301,0.00309685650212658,0.0043416005012459,0.24417009262835,0.426059034092438
3809,7795,5.14294426112998e-06,0.012979878550462,0.29889889503693,0.159315179880133,0.00271535537398171,0.239394366422834,0.286691181791398
3535,2760,6.07532137197207e-10,4.94791892096463e-05,0.05621658997401,0.00212220555035224,0.000220361797783003,0.941221464384781,0.000169898496332146
7599,6478,2.48847412413936e-06,0.0490812533933698,0.0905411322336389,0.0194986645343462,0.00142659909430138,0.649340866955941,0.190108995314279
8563,7677,0.000539155416094009,0.163338634027802,0.282821245565575,0.183075992726869,0.0639192364531308,0.109508825888373,0.196796909922157
4152,9833,6.46732270032736e-07,0.00889125815328808,0.0950006039586276,0.109331123542963,0.00199075375508852,0.553458586549794,0.231327027307969
9806,1684,1.78286387401034e-05,0.133063263571962,0.440810260678896,0.122599669065499,0.0210207894961312,0.00749550408621782,0.274992684462554
8907,6838,2.3551852680273e-08,0.0626341413760296,0.342520460932276,0.00314279959402271,0.00177898733922472,0.417332902815437,0.172590684391157
6564,8276,2.13071545596904e-09,0.00105940997677687,3.66507623355926e-06,0.000920006467899744,1.50251383820967e-05,0.982548596100738,0.0154532951092539
7322,9355,6.65853668049744e-09,0.0010838432227395,0.438537104746029,0.0245541813025604,0.0135156297100316,0.484479503604688,0.0378297307554147
7184,9115,1.84450551562778e-06,0.0511523921360286,0.266431967110565,0.0629298285853421,0.00778552850503941,0.524159696711224,0.0875387424462853
6910,5998,1.29591237990221e-07,0.0192946157003085,0.0493594723264679,0.0268900059411176,0.000260523267630175,0.777134204730671,0.127061048442566
4153,8874,0.000230419156231741,0.0373398541287683,0.30530429802228,0.161899858299384,0.00187599720248191,0.339606876861383,0.153742696329472
6908,8875,2.94888859604326e-09,0.012477945401968,0.0110911114588775,0.0275804810541841,5.24151015838219e-05,0.930515887784116,0.0182821562503821
3536,2520,4.72387134661275e-07,0.0013574743085599,0.0890689489449187,0.0855731465593901,0.000277493083201515,0.209274130612575,0.61444833410422
3467,2160,2.50085912698719e-08,0.000422679872052193,6.70357656092479e-05,0.0254504151722249,3.59976952641552e-05,0.944336477422521,0.0296873690637375
4774,6117,1.26454950832633e-06,0.0119556343231692,0.374710076315497,0.227635229842598,0.00286068418948359,0.242072446481889,0.140764664297856
7049,3840,2.40957849657144e-07,0.00183779837877075,0.3742944514031,0.159234698829316,0.00349869125564033,0.287224704604359,0.173909414570964
3603,4558,1.16535608734654e-09,0.0113799256089489,0.0261267368117806,0.0367917059815037,5.3679881703617e-05,0.885753857405877,0.0398940931448305
3053,3838,9.35686180726452e-06,0.000135596656557073,0.208221465990204,0.00653181729101634,0.00854466099525676,0.39200834124085,0.384548760964309
7873,8876,8.37093697972551e-08,0.0437604383950576,0.239980322024007,0.068033278041407,0.000961824993973949,0.189649326963277,0.457614725872908
3673,2280,4.07416580577564e-10,0.000796731459751135,0.000598238821508259,0.00298012525726828,3.99092667034574e-06,0.964655632469705,0.0309652806576807
3739,8394,8.89062959110846e-08,0.00442365712328595,0.00220517719347899,0.028105962553106,6.04090649872288e-05,0.883774622941923,0.0814300822169227
7392,5878,1.62861066837217e-06,0.0215118934819351,0.182207626761922,0.0302212678668628,0.00116971316464134,0.651945124749165,0.112942745364805
5392,10073,0.000524238181626605,0.0233132798790416,0.346350860841437,0.236269714307043,0.0110931328570989,0.202742307333447,0.179706466600306
7049,2162,8.2014992774825e-08,0.000219103184820386,0.423417180434705,0.180190588742511,0.000989357376719394,0.355112931686831,0.0400707565594204
5188,4918,1.21834812274412e-12,5.3152699709453e-06,0.0931206670604059,0.00101244976944293,0.00145936585490008,0.904177624994575,0.000224577049486437
3329,2640,8.92514090480415e-09,0.00171657945270009,0.146403917309105,0.285406745108296,0.00313637064701598,0.443918106333987,0.119418272223754
5599,10673,1.69178515933334e-06,0.00494038879046334,0.147734133451439,0.292855257889915,0.00309424837934843,0.295034641484173,0.256339638219501
7736,7437,2.14494824610865e-06,0.0451680956629407,0.283069288408468,0.0675492278340244,0.00554061259489264,0.295713385625626,0.302957244925802
8289,4081,3.73362229512222e-05,0.0113471293226157,0.129781901000301,0.00727403443558765,0.0027479777328256,0.661340405015082,0.187471216270637
6219,9354,0.000179023347314861,0.0321317504330242,0.199666236552432,0.223959595398189,0.00725718911809989,0.392930824462688,0.143875380688252
9665,7918,9.85131538373206e-07,0.0678988321129396,0.537336063451925,0.151458721952032,0.0032979767983508,0.0924481115219237,0.14755930903129
9185,2043,0.000127219979275309,0.0210867926720741,0.379593268904737,0.0755171954022082,0.018745666813302,0.121217301042409,0.383712555185995
7599,4800,4.07305166790233e-05,0.00136704120563703,0.111493120646512,0.00165496429410043,0.0305410527644046,0.43431778207211,0.420585308500557
4981,4559,0.000101386136820827,0.0250827584491602,0.115062611400359,0.229588201132938,0.016198893154851,0.50178494528966,0.112181204436212
5600,8035,0.000169322881543638,0.019225772158527,0.392349664149372,0.143267500320382,0.00667927933778504,0.119568275304074,0.318740185848316
6151,7556,0.000271689352972149,0.0110809051264536,0.330184268753647,0.104407711989163,0.0639798434532777,0.230773753971417,0.25930182735307
9251,9116,7.78143787506025e-05,0.0119276607192353,0.467742566364607,0.0300676410711706,0.0023489735623092,0.0293405505169838,0.458494793386944
8011,8636,2.54527970154023e-08,0.0346578628481002,0.27101788295575,0.108338099614424,0.000324137359134396,0.39923263320576,0.186429358564035
3189,6476,1.9131962339333e-06,0.0025189664311368,0.605932083736041,0.123634757306522,0.0467757831844053,0.178113981282493,0.0430225148631683
5877,3720,1.49705331351682e-08,0.0135155401638666,0.78902546088941,0.0420068903546526,0.023643222782279,0.0301739819233716,0.101634888915887
4224,4199,1.98083681702334e-09,0.00260233349944675,0.332073333505141,0.0772712803998965,0.000251234013057377,0.0964418088081628,0.491360007793459
9116,2882,4.54571223082021e-08,0.0248436066942314,0.431735031554927,0.0192292704503536,0.00740463775143885,0.0718919512419198,0.444895456850007
9803,6959,3.46996687755905e-07,0.0965453789669624,0.374209518916695,0.137257520227707,0.00583852408795024,0.197071499602072,0.189077211201926
5534,2401,5.06146489904942e-09,0.00178212566843455,0.458353418244878,0.0401103213784365,0.00389156147785043,0.449084854622124,0.0467777135468124
7393,3241,6.71298603560041e-09,0.000215417237653994,0.464093133128141,0.000561151840954449,0.0344989013638796,0.31454232794454,0.186089061771846
7324,3601,4.95595233104489e-07,0.00202384710652723,0.363895753801778,0.0405080581344705,0.0327441704643269,0.431829096876855,0.12899857802081
8494,7078,1.37772146749533e-06,0.0851797532109972,0.404426770380066,0.0294370994366583,0.0358280027361245,0.154995112066562,0.290131884448124
6633,9594,0.00049381101577143,0.0614744245343442,0.15182120377546,0.21990777817458,0.0371017444274573,0.386165270878325,0.143035767194062
8217,9715,9.9912854868189e-06,0.049826219384372,0.460440199175567,0.00669830201221433,0.00751294762963151,0.0419637532184196,0.433548587294309
10081,2643,0.0320188865639224,0.0949618145221402,0.115906732538004,0.101031014074661,0.0547586805494534,0.247505498834586,0.353817372917233
9388,9596,2.06025756628787e-07,0.0434645697692129,0.614187615795142,0.00223093178903998,0.00193679648910627,0.0294274834747199,0.308752396657022
7046,10074,2.044641622218e-06,0.00688042191767005,0.262643619250054,0.143379766552937,0.00185584873985231,0.501258490163374,0.0839798087344905
4083,9953,2.86256246457296e-07,0.00427020250037436,0.264211603039438,0.0876883448762046,0.000309718127006785,0.40514206310849,0.23837778209224
3120,6356,5.63471441386107e-06,0.00148498019738896,0.459168652286789,0.300834376300794,0.00855882689539078,0.0579624814725646,0.171985048132659
9252,7198,6.4749860251888e-06,0.0993753649315158,0.345641191825459,0.104423021043023,0.0149021257554967,0.21699611674758,0.2186557047109
7049,2402,7.29132901808702e-07,0.00248730802443152,0.334895720511035,0.254719636365136,0.0022627047953445,0.325395216963117,0.0802386842080339
6429,2282,6.17243632609456e-08,0.000129648505301521,0.590165719909364,0.0173493833941,0.011513538900659,0.375854913759762,0.00498673380645016
7460,7677,2.10422609801829e-07,0.0500861335935555,0.0722659584712339,0.0537688153756814,0.00115879732318218,0.627300463681757,0.19541962113198
4910,10193,2.09495408838357e-05,0.00640061870547566,0.414169755981689,0.365545833275741,0.000572270925436225,0.141888146996458,0.0714024245743164
9668,1684,0.000159404580998374,0.0862237140285725,0.287776732207265,0.0444353462174347,0.0248523129177442,0.0208745165190728,0.535677973528912
4361,5877,7.61855355775043e-06,0.00678340459859975,0.300080968223021,0.3500554197847,0.00587449774263976,0.215180807084385,0.122017284013097
3466,4558,2.07615554914356e-08,0.00819068291890744,0.0254654117209781,0.0409538749130975,0.000481800715033447,0.895699581628839,0.0292086273415887
5943,10313,7.37010619443108e-06,0.0396658171445183,0.104975260370346,0.157386791324707,0.00500824186193256,0.662803926527066,0.0301525926652358
10218,4561,1.46744401758081e-09,0.00115359150112361,0.0131889628675392,0.000863331485222862,0.000154407208666571,0.756544328825306,0.228095376644698
7460,7437,1.44033873383576e-13,0.000939395025572224,3.32434582647737e-06,0.000164734097169628,5.27467153313602e-07,0.982659269089314,0.0162327499748201
6153,4200,1.76911124249986e-08,0.00547419840677167,0.642655742567374,0.016582578863575,0.00729890635976481,0.0767730717967229,0.251215484314679
8634,2762,1.54731650285982e-09,0.00196911219149242,0.0231776035503444,0.00400169915716288,0.000119233036180459,0.764986302047109,0.205746048470394
10080,4321,0.00019514820785602,0.00577876475490691,0.132757610889227,0.000562624343033922,2.81648524467885e-05,0.762168101996905,0.098509584955625
4500,1801,0.00069482440851986,0.00991775320558577,0.250515644906641,0.00869365987448274,0.00244911482459038,0.596298021243013,0.131430981537167
3327,5757,3.83384171234278e-08,0.00109019014608591,0.318388392886773,0.108239389558586,0.00697433621421066,0.379992173289752,0.185315479566176
9737,1804,0.00793837677067025,0.188900587638255,0.31664614526802,0.0123277842497273,0.0389239455040989,0.131035441657663,0.304227718911566
8631,8516,1.8264560324674e-06,0.069750636729482,0.387230447051085,0.0551089737455391,0.00203816516116019,0.256636446433389,0.229233504423312
6359,5998,4.57706901108056e-08,0.006531764287868,0.373679846672256,0.027626024060207,0.0152696669668333,0.33349854993604,0.243394102306105
10215,9836,4.25394620747058e-07,0.0176703522053818,0.169253852993032,0.020723364966217,0.00213432887040082,0.470693743221745,0.319523932348603
10078,8877,3.94513714456025e-06,0.00175841062961389,0.447672792783629,0.0529358356349596,0.00387389724658264,0.349171692312338,0.144583426255732
8288,5519,1.5465544400911e-10,0.000361968461746947,0.000107010167795155,3.70722809895756e-05,4.4009342299358e-06,0.965955001554338,0.033534546446245
4636,5637,5.60388173974138e-08,0.0177983374969328,0.11359434837231,0.0445815479601099,0.000863293646629549,0.738269566997512,0.0848928494876887
7806,4920,0.0024227588876109,0.0273993493627353,0.132078550319931,0.0228313495959855,0.0976984156184726,0.350260071474842,0.367309504740423
9943,2643,0.00747042942046385,0.0946875348095079,0.36929981272836,0.0178829656548701,0.0520256617966846,0.0867460606341743,0.371887534955939
8770,6598,2.51608789671549e-07,0.0711440908479272,0.304714804408731,0.0174093756092635,0.00230269109484893,0.382327946438715,0.222100839991724
9392,2643,2.58765171885018e-07,0.0652832577736672,0.424260450193396,0.059212884547789,0.00155219323176821,0.0462513460276451,0.403439609460563
9873,3962,1.56894432427114e-06,0.00633003511857391,0.052912655304857,0.00382712115977282,0.00192134357363461,0.892984799872068,0.0420224760267697
9320,9236,1.81567395600004e-05,0.0606440416787616,0.350693359438321,0.0252317028629363,0.00344331484773847,0.254189448042479,0.305779976390203
6291,2761,7.29719662788365e-05,0.0015687717240892,0.474541965185108,0.0451034784448823,0.0658732773602602,0.379906564698222,0.0329329706211591
5874,10193,4.28861119966392e-07,0.014440148250803,0.0896153334724794,0.325004664623323,0.000556829541133986,0.541356783427452,0.0290258118236891
3603,5037,3.58536263467332e-10,6.08811479041818e-05,0.318762480816867,0.00342425569471188,0.00398803200179471,0.670880490103068,0.00288385987711819
4430,5517,5.18598122814907e-06,0.0129415154817699,0.456002793832439,0.319681344774083,0.0126551768452099,0.13493838627567,0.0637755968096004
3949,2520,4.27787898281634e-10,0.00152119242394475,0.024464588991218,0.0238451654444765,2.33563957020518e-05,0.916172940581042,0.0339727557358285
6977,10434,7.54529776181661e-09,0.0132440599526791,0.0503254019977836,0.0372336029324114,0.00214321252941151,0.821051683981256,0.0760020310611602
7393,3960,0.000215191360479005,0.00682305503165962,0.145420662959227,0.0133499196310718,0.0540652327834255,0.606873114086565,0.173252824147572
9940,9596,3.30797705488103e-09,1.77995573000161e-06,1.87621017753454e-06,1.2534944964557e-05,5.67788966574556e-06,0.999188202689433,0.000789925002052045
6702,8516,3.4718873183507e-06,0.0426854738502454,0.158358941286786,0.160824384553887,0.00328441796528959,0.5096593565233,0.125183953933174
9045,7797,2.08973782237613e-05,0.101185771190672,0.342964249344022,0.18099845491328,0.0110629988880881,0.14954917936681,0.214218448918905
3603,5757,2.26687076123368e-10,0.00084866698492878,0.404930459326096,0.0998776938059298,0.000419757262047592,0.291562689743452,0.202360732650859
6223,1682,5.57366602058171e-08,3.46823803774984e-05,0.341961536556176,0.0709576493331757,0.00488935034549392,0.562612063665334,0.019544661982783
8357,4920,2.53372640077848e-05,0.0199661133936855,0.0246791179520006,0.00259428854284312,0.00921332817588555,0.657261083069447,0.28626073160213
6426,9235,1.17167103297849e-09,0.00234581250474258,0.00147705386112681,0.00324988218335426,1.56808812252775e-06,0.979524357251826,0.0134013249391573
5737,9234,3.49449046673618e-07,0.017162093360911,0.0143143362416864,0.0341734374825281,0.000109478348216916,0.853589030676548,0.0806512744410623
4844,4319,1.91172892832582e-10,0.00481339401455101,0.327257141181295,0.35290448767722,8.83858829572507e-05,0.296785640018227,0.0181509510345765
3810,5157,1.12229946899352e-06,0.00186424927660897,0.426804675824815,0.0226326334579067,0.0401687491003314,0.494464572577948,0.0140639974629206
5394,5758,8.74366447432157e-07,0.0280675307691878,0.115101002925914,0.138573411534172,0.00315742715612842,0.465733675639097,0.249366077609053
6908,9834,7.71849006496463e-09,0.00194307226857313,0.217148917108627,0.0852863821760071,0.000681412068734537,0.679344902158425,0.0155953065011429
5325,5398,1.13615507826094e-08,0.00510444226189185,0.484927037534736,0.179988879392198,0.00201391865063027,0.200889489122854,0.127076221676138
8013,4320,1.94140999138281e-10,0.000105344113034937,1.00804291056875e-05,0.000416184330315509,3.80327262076778e-05,0.776831590352802,0.222598767854393
7669,2522,8.97309580689314e-08,0.0021217435825625,0.349317849621686,0.192909567851184,0.000867652587927862,0.326077619789426,0.128705476836255
6222,3600,5.10776843566103e-08,0.00549214750815286,0.710490351201319,0.00441570262056796,0.00817748735366584,0.0957906486432837,0.175633611595326
4225,2520,0.00375899864324969,0.0231403583730906,0.315533464720325,0.00301662473974774,0.0306781390776596,0.530236964929535,0.0936354495163922
5947,2401,1.06507412200665e-05,0.000581678209675727,0.413034550534781,0.0422237353631225,0.00183733286545604,0.433313998131776,0.108998054153969
8908,5160,2.00256126481952e-06,0.0126400311973119,0.0228485348584132,0.00851872970061485,0.000534645147622103,0.796036500053833,0.15941955648094
5737,10193,0.000118504403771981,0.0277156875107054,0.351450491078937,0.281040449702066,0.0147534251645175,0.147698043959585,0.177223398180417
9595,9716,5.05044738209469e-08,0.00705868665994231,0.28227256554449,0.00143022877948778,0.00101403003012532,0.602925594904112,0.105298843577369
3879,4318,4.84510171038557e-10,0.00151801680536359,0.000855413679588789,0.00473452284394136,3.80287529829974e-05,0.954353624559331,0.0385003928742817
6153,3720,1.10210314582721e-06,0.0152247193174221,0.507017316595013,0.012023953330998,0.0653525389269983,0.185934293841716,0.214446075884707
3328,4318,9.56080100494407e-10,0.00400497567046774,0.000172734717523332,0.0159476077756008,5.44281983110847e-05,0.973239507888893,0.00658074479312352
4153,6956,4.88082598900283e-08,0.000807817793059021,0.407900714811185,0.169274944152527,0.00102077216852948,0.300672469365853,0.120323232900587
8979,2163,1.24995146608985e-06,0.00602110391354473,0.272086744340087,0.00231880120362792,0.0514989698624557,0.396527389688597,0.271545741040222
9321,6599,1.70817983371872e-06,0.0673241539944864,0.338533007953322,0.125325519888115,0.0148667994636796,0.263504569515476,0.190444241005088
5395,5038,2.88589589408982e-07,0.0226981616620212,0.686651769316529,0.0153186376205425,0.021766899358294,0.0968686579310317,0.156695585521992
4084,8514,7.51934593521156e-07,0.0250679965053568,0.00741118649635543,0.0283908453268747,0.000522572256306939,0.632964506144431,0.305642141336082
8562,9116,0.0193998807007576,0.0725215242584585,0.321653926646703,0.258685288095806,0.00607468561569768,0.212801918230177,0.108862776452401
7600,3601,0.000117853875031694,0.0123240507121651,0.158214901165331,0.0129019525607778,0.0079648176781051,0.616716275247507,0.191760148761083
7187,1922,5.24761538675949e-08,0.000219337965481768,0.550095039826893,0.0264509066516679,0.0158526465537905,0.371034499445276,0.0363475170807369
7048,5039,3.19208914537666e-11,0.00113856746266531,0.000239480454090465,0.000692827321300511,3.68939460013117e-06,0.987237336562095,0.0106880987733273
7597,8876,0.00719657075656465,0.0224450650813918,0.294273675665825,0.0334400262687514,0.00471669547862565,0.385907669939958,0.252020296808883
7118,3481,1.43873645930053e-07,0.00045809642905312,0.191111901655884,0.0157365278242637,0.0125707863116871,0.677315335672863,0.102807208232603
5946,4319,8.90716501264185e-08,0.00402631045630618,0.539877186807838,0.145675697369053,0.0719762303328986,0.192119190380502,0.0463252955817514
9940,8877,1.67341625849394e-06,0.0263598469899994,0.557946304073651,0.00122479782660359,0.00829182151525251,0.0124218587369755,0.393753697441259
4844,3839,2.47413813871657e-07,0.00543570367483927,0.342221367992041,0.000587762597360856,0.00183326023605598,0.530111523209136,0.119810134876753
4292,5517,8.174317648485e-06,0.0083533023900224,0.452921197548639,0.11033961798672,0.0178267933238539,0.0814643644013919,0.329086550031724
8220,3481,3.6207808150671e-07,0.00477867499119298,0.113684106791245,0.0207402365590812,0.00229997645427995,0.433668295842167,0.424828347283952
4017,4318,4.18864907896551e-08,0.0102992706032168,0.00948659041936165,0.128351483095407,0.00069576902218049,0.81680382169447,0.0343630232788736
6357,8635,7.37682979061083e-06,0.0197983561205358,0.178974990604203,0.165249381805553,0.00214435653580176,0.555920266767249,0.0779052713368665
3811,2760,2.9798514029686e-10,5.73139265489725e-05,9.99040750688945e-05,0.00118458647646286,5.25201253087709e-05,0.872494424881554,0.126111250217072
8770,5400,9.861316562118e-08,0.000376106569231802,0.000124356156792567,0.000420589012552361,8.26825383541074e-06,0.643674040279268,0.355396541115154
4914,2041,7.88896238071301e-09,8.62691071444229e-05,0.383889724176626,0.120092847696457,0.0002891393815088,0.481437345522404,0.014204666226898
9254,1684,9.74282268718649e-07,0.0857382841190119,0.465089129225191,0.104256540350194,0.00296371357292309,0.035880372654606,0.306070985795805
7736,7197,9.33546001645378e-08,0.0636415617753824,0.31965275931224,0.00416023440739666,0.0064276018109645,0.286441618182544,0.319676131156872
3465,5517,2.95635681897874e-10,0.000268445064459346,0.370555180191689,0.0213220495087937,0.00086544451561456,0.396419323696065,0.210569556727742
7737,5519,5.70585762714148e-08,0.0025605357938926,0.0248884016132018,0.00317880054675758,5.31560641654765e-05,0.722082013803972,0.247237035119434
4498,6596,8.17025971205711e-09,0.00323222549338372,0.496057424555614,0.165032142682121,0.00109372435121084,0.114677244447118,0.219907230300292
6083,6717,6.82209698368389e-06,0.0259289495787163,0.142677270287734,0.145751385073406,0.00462791704100128,0.566799858634309,0.114207797287849
10287,3722,3.42605571898207e-10,0.00109019718991789,0.00289663351472346,0.00284107244701733,0.000133436990105378,0.690692098288065,0.302346561227565
7050,1682,1.53611905326994e-09,1.96829553425124e-05,0.0703766984270202,0.0217655688641632,8.7603759644706e-05,0.907686920520986,6.35239367240964e-05
6771,7676,4.44081733882129e-06,0.0417218242788611,0.252818860504966,0.16620693215092,0.0365034785882847,0.339153711968641,0.163590751690988
5462,8755,2.78629621679547e-07,0.00064971590003292,0.136994844235954,0.175419021753169,0.00035510515975649,0.290248585861778,0.396332448459687
8289,3361,6.63082642525842e-06,0.0354519590995266,0.288308813901488,0.0420665290451523,0.00967992804339411,0.174423629178839,0.450062509905175
7874,7197,9.60503264521976e-08,0.0426520421177292,0.263962596996097,0.00562615312890864,0.00867059582660857,0.239430566353159,0.439657949527171
8287,6958,1.27449979030572e-06,0.0746472075045672,0.387971253121766,0.0485137042955125,0.00802524546479995,0.240210568703866,0.240630746409698
3811,3000,7.7140125531466e-07,0.000991795419027619,0.0860597635661722,0.00174625195544136,0.000518160441332899,0.901345188548915,0.00933806866785574
4293,3839,4.62161232118433e-07,0.000578326749526504,0.724980030703201,0.24590061338037,0.00704001016006959,0.0136169465653579,0.00788361028024365
3396,5157,3.88812963578854e-11,0.000126829168614524,0.5031565208856,0.0125670637183003,0.000588149542391654,0.47203314965517,0.0115282869910424
4980,8395,0.0140569427666693,0.0158507757451575,0.193528955237683,0.205988449240876,0.00417717693277895,0.193828835437722,0.372568864639113
8838,8876,8.84921295341589e-07,0.0318307837902267,0.400374211423768,0.00747731650479123,0.000739572252406918,0.113169080420501,0.446408150687011
4154,5517,1.0811115031825e-09,0.000812216759514197,0.505280049851392,0.114613731664405,0.00102711361359736,0.340370464695193,0.0378964223347869
8632,7078,8.97801027125342e-05,0.0815204635129017,0.324800592803642,0.103249858926673,0.0126813360846654,0.365810476726722,0.111847491842683
7391,8756,1.4591705459678e-08,0.00709459408351462,0.000264257397700811,0.00737167615192002,7.56674517444868e-05,0.885808661199674,0.0993851291237407
9737,2043,2.0438645592859e-07,0.00770137604274529,0.200196422608148,0.0354895746355102,0.00963259720954281,0.351727892245084,0.395251932872514
7461,5998,3.89696959001953e-11,0.00106189780511543,0.00684726532952987,7.78863149454687e-05,8.28822533612482e-07,0.964196294014038,0.0278158276748676
6773,4559,1.91776227867128e-07,0.0014293958471125,0.483864514193619,0.0729502544262217,0.0335415457145775,0.142596233009164,0.265617865033077
8356,7557,1.23902015472712e-06,0.0991234964755374,0.34619571564073,0.1732113035571,0.00882843575793632,0.120317011631345,0.252322797917196
3602,7675,1.75263988475405e-06,0.0137897806915431,0.28004301908859,0.183950077599634,0.00361714947685458,0.187716611533814,0.330881608969679
3535,4678,6.52227418293473e-07,0.0034079248987968,0.134649821690638,0.13450668692615,0.000270821221480131,0.716004974796341,0.0111591182391762
6497,4080,2.31246329668186e-08,0.00235435742993086,0.260866010453339,0.0612496248461921,0.00142898111844744,0.16800931935043,0.506091683677027
5465,2281,2.77627947550127e-07,0.00338883928140522,0.230968964080991,0.0440593661283948,0.0259490881011386,0.406106895348148,0.289526569431975
3741,4558,3.02291018041314e-08,0.0177569414022276,0.00236189729999684,0.0374152087621181,0.000129831841847876,0.876687905796938,0.06564818466777
6429,3241,8.48706967084386e-14,1.06762045933783e-08,0.000587473498776588,2.00304439156288e-07,1.14737253199665e-06,0.99940971190147,1.45624649327613e-06
7530,5639,1.43814972947545e-05,0.00385542020948416,0.0785185935928118,0.00708112545889444,0.000152390101534355,0.676505608986557,0.233872480153424
5671,3840,3.23813845844552e-07,0.000104467223922829,0.722987743381188,0.0394720840047167,0.000332935387926213,0.223639847031377,0.0134625991570231
7531,3001,8.67982005987622e-06,0.0052173112774973,0.481628598877884,0.208424128380728,0.0193669864849208,0.179588167544443,0.105766127614468
8288,5999,1.7387422639091e-09,0.00104377231081356,8.62067956871831e-05,6.22730263840816e-05,5.67527109516799e-06,0.967161066424516,0.0316410044327612
7670,2282,1.39894874970106e-07,0.000944242913474202,0.519029056512291,0.355775972273127,0.000738466997878369,0.0841334469052032,0.0393786745031519
6083,5998,7.46383635795311e-09,0.00260366263700751,0.100994792679315,0.0686569909049992,0.000937299810282963,0.69433935156336,0.1324678949412
4221,9953,8.525254261791e-06,0.00923200427556263,0.347310743433493,0.242954445594519,0.00694047207842017,0.246623363059365,0.146930446304378
7116,8036,2.85025290728626e-05,0.0390691226958467,0.00818335287702624,0.0352494849263991,0.00364222566683992,0.809093608737874,0.104733702566942
5875,9474,1.95501640657488e-07,0.0112691679636573,0.0035211727430839,0.0496941033193723,0.00048304768960722,0.761878220580206,0.173154092202433
3880,2160,4.47526426828322e-07,0.0102138951852723,0.00444120748041271,0.000765276002130543,0.00116113110526973,0.774754819890405,0.208663222810083
8218,7078,1.67754766161243e-09,0.0695140062317174,0.408174839338807,0.0443159042449125,0.0112334636324071,0.186333176158333,0.280428608716275
8907,8037,2.38375962400967e-06,0.0858540243105658,0.436130488506073,0.0429940196483015,0.00155647427526507,0.186932129846101,0.246530479654069
3465,6236,7.17068740375761e-10,0.00158434201281284,0.470200332319243,0.117660460132847,0.0022185855993383,0.322310813035287,0.0860254661834023
4979,10073,6.05034336891809e-05,0.0067732308239288,0.380523046989762,0.234984753538312,0.0019954358892514,0.0971335600221319,0.278529469302925
3398,2280,1.25463693308442e-08,0.0069014748411805,0.0225052104319866,0.0516089452584535,9.0310358054595e-05,0.858384039065805,0.0605100074981505
7531,3721,1.07504372158448e-05,0.00419402815332534,0.132260145611934,0.0422402432549943,0.00568779915368963,0.583516968896132,0.23209006449271
5531,7196,0.00054601555953097,0.012671263814378,0.378655138801816,0.400597166634544,0.0102926103237273,0.107150244363135,0.0900875605028695
5531,7436,0.00679540624069108,0.0299659580687231,0.359238564579647,0.127009410835162,0.038721835914391,0.277885894746398,0.160382929614988
7670,1563,2.15417137902751e-07,0.00603285207484799,0.450672393891575,0.457981223204542,0.000143532731908833,0.0758546977663326,0.009315084913655
10010,6119,4.98091870268364e-11,2.64973270316694e-05,1.30607578683577e-07,0.000720895193518558,7.76230668988719e-06,0.804428045762548,0.194816668752823
5599,10433,2.35376177377541e-07,0.00576669046898554,0.200163740403687,0.18865637238784,0.00111159326933648,0.323943553834925,0.280357814259049
9185,3002,0.000683634480095153,0.0789908350002218,0.408046226983444,0.113181931401644,0.0164337141370943,0.214992210071839,0.167671447925662
9733,8757,3.77612176400953e-07,0.0262523958047631,0.589912557186051,0.078038918812047,0.000720151426690203,0.108373209285034,0.196702389873238
9322,3961,1.88782199553903e-09,0.00293142066083123,0.00012467640215686,0.0224488675100056,0.000509877039769556,0.90450077076286,0.0694843857365548
6772,6957,1.72589496220639e-09,0.0241888040759461,0.0244889454814465,0.0147953373629402,0.000236187846368036,0.845439873410634,0.0908508500967708
5393,7915,7.27668322808945e-06,0.00317566683726841,0.215948844832338,0.194015597190111,0.000874811059172123,0.126854494717924,0.459123308679958
9943,2883,0.00280241941182072,0.0589595774865229,0.177125209795148,0.0256989562000417,0.0350446332089623,0.151376739761419,0.548992464136086
8356,6838,3.2327803303695e-05,0.0785241814421927,0.271201139089501,0.0389360610978359,0.0239575404914656,0.369408357535843,0.217940392539858
5740,3960,2.9582016083801e-08,0.00206287413219024,0.514308671101583,0.00131156875649076,0.0721435785281757,0.240245893117698,0.169927384781847
8287,7437,2.3754671322957e-07,0.0489983878063007,0.511993914318955,0.0356469289174909,0.00349992066920732,0.169122657505102,0.230737953236231
3396,5637,3.71562801955667e-11,0.000305500813297808,0.422496746055414,0.113744689075729,0.000360597364162372,0.438180574836376,0.0249118918178641
5254,10313,0.00204907722243294,0.0327548754784657,0.304322525018557,0.322155293493125,0.0382820344420683,0.155521210935364,0.144914983409987
7047,7677,2.57576414601525e-08,0.0313566424935136,0.135971174574537,0.197880562571613,0.000265474689356099,0.26170232541809,0.372823794495248
5395,4319,1.20955421860885e-07,0.0146455773314183,0.35947897219158,0.00888542376137641,0.0108568641829876,0.565918224746316,0.0402148168308998
5464,4439,1.21373780831081e-08,0.0304586704171928,0.743565683337615,0.00585720505885432,0.0780281443987079,0.0248798229416438,0.117210461708608
6426,8755,0.000685379858379395,0.0653258477153523,0.13309440079223,0.131573821964189,0.00784525869404186,0.578144803272767,0.0833304877030404
3673,2760,2.02727881139255e-09,0.000623553613019292,0.000800065392760635,0.0182600518962892,6.23439152351645e-05,0.936681051256338,0.0435729318990786
5600,8515,8.21269676779349e-06,0.0116589043325699,0.204073832086811,0.172321767663641,0.00259058809010121,0.221869044063037,0.387477651067072
9253,3841,3.17148838718215e-08,0.0236731625495507,0.229207993271682,5.28328980332136e-05,0.000360422376254749,0.666817807640909,0.0798877495486864
9185,2283,5.06152242472364e-07,0.00925269701944969,0.46933058015123,0.00369101575357005,0.0306997737475474,0.254811555086967,0.232213872088994
8427,3361,3.77897491101643e-05,0.0587092546032701,0.144179800483525,0.100126761707351,0.0242311473230079,0.332056327625723,0.340658918508013
4017,3599,2.60636112333506e-06,0.00585914158886871,0.251940392468248,0.021467407465318,0.0172003291682999,0.16140004850985,0.542130074438293
7323,5759,0.00262597260574789,0.00822082752606745,0.156027358514269,0.0372209175179236,0.000162995269234328,0.589661462973968,0.20608046559279
4911,8035,0.00144634529600776,0.00283283129442095,0.144367283718973,0.285030227775413,0.0107371327356167,0.142178234179455,0.413407945000114
6701,9475,1.78947149632511e-08,0.0194249552677438,0.0888869033552247,0.0175979538964306,0.000304095291713488,0.800908897589023,0.0728771767051493
8289,2882,4.90285120423837e-05,0.0435576065650279,0.291210640667503,0.0498307951421127,0.0278410015712371,0.300783366266247,0.28672756127583
4361,4918,3.10032109610297e-07,0.0259688668352711,0.303803283502688,0.0505380872764899,0.0773099862374093,0.241362114126313,0.30101735198972
8152,2163,4.58500417635033e-08,0.000250936843587549,0.388818510434677,0.00883556983295377,0.00906824842891821,0.584439030449446,0.00858765816037478
5531,8635,6.93077201174293e-05,0.0128802711587639,0.134198882920593,0.284594257921585,0.00490831660040849,0.218274510063045,0.345074453615486
6150,9474,0.00012942389120089,0.0336844730593464,0.20322303429947,0.0719617122841696,0.0224418415186654,0.505795325539555,0.162764189407593
8149,7677,6.72452355798255e-05,0.13303767784698,0.351458023948509,0.0469954523822694,0.0192208622120873,0.184641702808065,0.264579035566509
3534,5397,1.21604659844318e-09,0.00619109691748314,0.687037590797677,0.108682368717709,0.00100066559763649,0.010130018450487,0.186958258302961
9666,4801,4.07118258834873e-11,7.5440667801104e-05,0.00162118590381193,0.0267893419761831,9.30582997179439e-05,0.42269915020193,0.548721822909844
3190,3838,1.19545405575629e-08,0.00169302910069539,0.19529879060643,0.0980644242450037,0.000156705974061175,0.581141619701408,0.123645418417861
4706,3599,4.73104373438149e-09,0.00816135500243989,0.104794370590612,0.18115142757337,0.0015576183625736,0.639039414625821,0.0652958091141393
6567,3480,2.03561089936472e-06,0.00111087911598747,0.504706006226925,0.183846004197165,0.00500633743274105,0.124015894266874,0.181312843149408
9321,7318,3.48261284866468e-09,0.0971711066925508,0.348877959694026,0.0506182389276851,0.00186072294762505,0.334558672290399,0.166913295965101
7188,1683,8.77366902549045e-08,0.00539365307338128,0.301344177251618,0.27943277299542,0.000977848844197917,0.391450150072166,0.0214013100265266
5187,7076,1.00024054258326e-06,0.0055825296663781,0.221439759395963,0.140906508111455,0.000237659830566786,0.552700510611493,0.0791320321436014
9941,6239,1.13909102308881e-07,0.00315335340737996,0.00435411021280911,0.00886237211853533,0.00197772923590433,0.512168334355445,0.469483986760824
4567,7675,0.02015277167633,0.0213450861224079,0.281485912621359,0.169253550572872,0.0189324722862775,0.159319353305674,0.32951085341508
7806,3961,1.39626762822641e-06,0.000359783185108267,0.000502091168122526,0.000842099887094668,0.000561503694061994,0.647524146009567,0.350208979788418
4775,4199,8.43130202460078e-11,0.00194542992779,0.64751281927987,0.0180295385061578,0.261571998848835,0.0575896711230536,0.013350542229981
9460,3002,1.23262850922117e-05,0.109223122984738,0.356981356352927,0.0294549321993069,0.0550268457842411,0.253019563203381,0.196281853190314
3811,3719,1.04771643166939e-09,0.000708660321096679,0.000192880916584846,0.00276241596606003,1.75245184201514e-05,0.991056205126802,0.00526231210331973
8424,8636,6.63772807372387e-07,0.00589270052923866,0.411319773288323,0.0073518169341554,0.0043783033463786,0.505526527479904,0.0655302146491926
5808,5278,2.41288022417016e-07,0.0279460646661615,0.629958760560509,0.0574825627531902,0.00877342355451168,0.0509721805080372,0.224866766669568
9046,6119,1.99312576296791e-09,0.000298100643295253,1.32831567531196e-05,0.000746817062918079,3.43875260104553e-05,0.780488374914059,0.218419034703838
9183,7078,3.19146915898886e-05,0.119035277672604,0.309485945122543,0.163421569304546,0.00832107599846971,0.224574830190985,0.175129387019262
4567,6716,3.02787538121319e-05,0.0205909439175881,0.315751583167998,0.238610377376453,0.00749967497824493,0.227308856120047,0.190208285685856
7873,9116,1.65939080607465e-05,0.0406111942827568,0.120510361555796,0.3576913452249,0.00254917913526398,0.366951377425586,0.111669948467637
7737,4320,0.00193224980909208,0.00317283208056097,0.0455886276853732,0.00243698402374874,0.0276079128221644,0.573839555049732,0.345421838529328
4704,7436,1.33494010115158e-07,0.00114909411684993,0.442512409493756,0.0855525750158474,0.000265629468150162,0.372836736096949,0.0976834223144369
5878,2521,4.15252927217626e-06,0.0154987684445311,0.295059378669969,0.072742166961815,0.0233928046841502,0.360700953843778,0.232601774866485
9321,6359,8.97439543753029e-09,0.0135167644258945,0.0205994050884666,0.00266077009394911,0.000752845478645662,0.423690922250927,0.538779283687721
5187,6597,9.10954286252524e-05,0.0138353694539855,0.244124455956319,0.107645263953925,0.042446295923794,0.405024741509775,0.186832777773576
9527,6958,1.2783101123874e-11,1.42759893160981e-06,0.000551072507790591,9.7103098797437e-06,2.11086888433145e-06,0.999434572465953,1.1062357778962e-06
8356,8037,1.37102481447741e-06,0.0588401345095136,0.385737900418741,0.0386750923692642,0.001810372721338,0.275404660065939,0.23953046889039
4980,6716,8.93520363238828e-07,0.0172263152112922,0.128522236786802,0.10708714841489,0.002186795041069,0.645630847359424,0.099345763666159
8634,2283,3.51094631785972e-06,0.0237970881637474,0.283215683571383,0.0970789277699039,0.0157214666684902,0.291887699285335,0.288295623594822
5601,4919,7.54747957186077e-05,0.0161660584040344,0.656355367013379,0.0775618946987497,0.0186527265194718,0.151016594595239,0.0801718839734069
4703,9833,1.92805897625177e-07,0.00758724731692938,0.198449310636151,0.101856141481306,0.0108814678608027,0.426961430543429,0.254264209355485
8564,4321,0.000112459634175637,0.00894686714375944,0.0298109820309835,0.0088858441209371,0.00258238869125064,0.662393283315201,0.287268175063693
4705,7196,5.04571570690325e-05,0.00674171929192649,0.41964114730813,0.0642824646301685,0.0109240266400887,0.224153385729575,0.274206799243042
7046,9834,6.20657906722021e-07,0.0214141230468367,0.139327478603411,0.052753009746027,0.000858492045221964,0.732309283039901,0.0533369928606949
6289,6597,1.68378379999067e-05,0.00361346960182086,0.0452792540411409,0.00208715700735942,0.0256782406215363,0.7509621252346,0.172362915655543
6429,3960,7.36187184125473e-08,0.00454306266070848,0.420419964201267,0.119611536844175,0.0504633373267202,0.195006448276497,0.209955577071914
4774,6357,4.94145881731083e-07,0.00528134524448906,0.37889595838597,0.248347620553535,0.0044847334528262,0.139376345424984,0.223613502792315
4015,7915,0.0127827600593863,0.0030702271020584,0.167703084927723,0.270564465527513,0.00451011835779393,0.272784553155747,0.268584790869779
4705,5757,6.75877743172962e-10,0.00469375627850791,0.00652561045851857,0.0106697783517081,6.94533391481498e-05,0.92754238439647,0.0504990164997697
7735,8876,4.67346116721062e-05,0.0566168599348659,0.26355013823841,0.168680259051999,0.00283593866350855,0.164707004312401,0.343563065187144
9047,2762,2.24328504341695e-06,0.0260521645865473,0.217413191158279,0.0013739587407748,0.0105610741344999,0.387333153230393,0.357264214864462
9526,9596,7.11443898816964e-11,0.00294860514490062,0.123850933471534,0.00686988475888662,2.89981634020088e-05,0.678423711086715,0.187877867303417
9319,9716,4.91020040627035e-08,0.00219756796409113,0.259680637393468,0.00494700260794697,6.41570889196327e-05,0.642790417917389,0.0903201679261812
5254,10553,1.00429154922876e-06,0.000865371294478382,0.222391240664986,0.180977174881128,0.00294333045468406,0.536203920404127,0.0566179580090474
5462,7796,0.000717407948417958,0.0219378133029478,0.36010630144004,0.172684698112427,0.0324316552497043,0.140079306009599,0.272042817936863
6912,1682,2.89332430647914e-09,0.0026154935750648,0.250476821157519,0.150878552450632,0.000140646116360571,0.538325892379356,0.0575625914277437
3672,4438,9.17151755568737e-08,0.00512815734311956,0.000787094957393206,0.0536920960029426,0.000306979009125126,0.924071931140873,0.0160136498313712
5187,7556,0.00397661006570792,0.0092746473066258,0.365295799017225,0.173706576870694,0.0374528469922973,0.243813597738119,0.166479922009331
8978,3122,8.36259335878966e-05,0.0184462739921496,0.141275143368361,0.0229265268610837,0.044772240576892,0.444190078353851,0.328306110914075
8079,9715,3.205482513602e-10,0.0117101079520727,0.452756813383963,0.0041665130012175,0.000115242503098046,0.00177246208022294,0.529478860758878
9733,9476,7.74025862750348e-08,0.0310220141713058,0.158772904818707,0.0006754660706839,0.00166921624314904,0.641414135204682,0.166446186088886
7324,4080,3.35445073409218e-05,0.0102578308709967,0.10327008123381,0.0195582607919051,0.0145911167793898,0.648766451953056,0.203522713863502
6291,3720,1.01978740980028e-09,0.00223529269002544,0.566278710073401,0.000252933355673704,0.11949988507967,0.256879439175252,0.0548537386061905
6290,5398,4.22204493452555e-05,0.0404978686458762,0.459216119855787,0.106404064651718,0.0495358366029891,0.130783858884147,0.213520030910137
3741,4078,3.81432864385757e-10,0.000198672433931084,1.66405139662916e-07,0.00140919100708672,6.08062460786049e-06,0.990331255371646,0.00805463377615581
7738,2402,4.1772151814331e-08,0.00127553380316197,0.468059561431782,0.103803640363532,0.00343785558351631,0.131017014295039,0.292406352750817
4015,7435,1.09221495231132e-05,0.00242362543455775,0.263643681770914,0.242283594381972,0.00604448219289721,0.064709789349193,0.420883904720943
4360,6357,8.51443184502307e-08,0.00746498626281464,0.352001246422762,0.183700724241137,0.00606467227948341,0.267752145191604,0.18301614045788
9596,7558,2.26702367966819e-06,0.0829670723712332,0.367383133782644,0.15240744194413,0.00331674816561219,0.203964076885677,0.189959259827023
8287,8157,3.08544376450765e-06,0.0803960299268277,0.289321649693964,0.0498432317773463,0.00328947689098679,0.380738512048309,0.196408014218802
5945,7196,8.95805928638471e-06,0.0231425820927805,0.259323938181643,0.178388632202532,0.0225161071704785,0.316866004960285,0.199753777332994
6498,2641,5.99777433531243e-08,0.00637527172279114,0.667111819954097,0.0769124878961027,0.0830554318851043,0.0526019521458397,0.113942976418322
6153,3480,1.23646799248889e-07,0.0126561219751729,0.668331282260915,0.00119223953060785,0.124515179725987,0.0983595272788632,0.0949455255816557
8286,10315,1.43280630575646e-11,0.0105911085041205,0.442656286783712,0.000656001935496348,3.25758983777597e-05,0.284341923866885,0.26172210299708
3811,3479,0.000257743726727838,0.0981602646584419,0.155768889876025,0.0337899213368644,0.0277239946206064,0.422964046240589,0.261335139540745
8013,3361,0.00214227598451162,0.00954433958410526,0.44114963942719,0.022487253160586,0.0234768949868543,0.281864703831376,0.219334893025376
10146,9236,6.28385550109163e-07,0.0417800494729859,0.424970576510301,0.0266144064458637,0.00821967895017347,0.126899059625681,0.371515600609445
4913,4199,5.21239342597627e-10,0.00110227089158879,0.332253800760833,0.0581266674432972,0.0019032790635755,0.319350547540267,0.287263433779199
6770,9595,8.33509795579039e-05,0.0422772824133562,0.142183701100298,0.158249075884799,0.00415284556290047,0.438428308518486,0.214625435540602
7186,4799,4.02831808176239e-06,0.00443033737087008,0.188693163928231,0.0246420105977498,0.00325136624189898,0.571642989450595,0.207336104092574
9872,7558,8.65574623948169e-06,0.0981114026492158,0.482836914003172,0.0765966706659881,0.0262073583405914,0.22483294967596,0.0914060489188336
5669,7196,0.00202123361577936,0.0103149069465081,0.318713528060617,0.169997522724218,0.00416883882439369,0.178136098025441,0.316647871803043
3946,7795,1.77985620299318e-06,0.00856926480959086,0.151687492831058,0.0778879409580491,0.00937329414376656,0.225981676487491,0.526498550913841
4567,6956,7.68053710446361e-08,0.00201580716564254,0.27187800651847,0.135513743628132,0.000676800197751829,0.390470392492247,0.199445173192385
7944,4680,4.13016573885864e-05,0.0228610066860563,0.00612005006517452,0.0160915400951773,0.0158318431818677,0.735603484463447,0.203450773850888
6152,5638,1.85809418905017e-06,0.0203804886523637,0.554520371528376,0.0181452175475131,0.00437226131431179,0.242228450478492,0.160351352384754
7463,2881,7.67885208823826e-07,0.00992727916025383,0.313413434373032,0.248984910388834,0.00208411702940927,0.355059063543418,0.0705304276198433
6360,4080,1.31165563113692e-09,0.00257180227535277,0.440805801745998,0.102348038400975,0.000319325020570688,0.150165294504079,0.303789736741369
5185,10433,7.43206794836344e-05,0.00636904547835967,0.345046784238935,0.139151139095502,0.0206993879048362,0.467263602246288,0.0213957203565966
8562,8157,0.000122969334128672,0.0901175739423293,0.160960522882453,0.0452608136514429,0.0214336970245397,0.585746089397657,0.0963583337674497
10008,9716,1.40599163041203e-05,0.0265866902276183,0.0761644943967668,0.011692144649315,0.00809562776683223,0.776863353588045,0.100583629455118
7460,8636,5.0760239386035e-07,0.0222172979466902,0.00972380889570444,0.0491829795739385,0.0011424921157828,0.737170190923866,0.180562722941624
6498,3600,1.65060073628231e-09,0.000600530588466524,0.298992167815522,0.20239069061614,0.00257101746181622,0.285260903941566,0.210184687925889
4291,7435,0.000149842482058589,0.0265633248541324,0.401792529981351,0.203460176139724,0.00618413099104888,0.072039653870094,0.28981034168159
8906,8996,1.53772366276371e-06,0.045164487524708,0.421642559524482,0.0297941724978183,0.00307304652404782,0.163464990092103,0.336859206113178
6495,8156,4.15887711695055e-06,0.00499858729878293,0.00013635776913824,0.00723381284024993,0.000137775739905213,0.865490006180493,0.121999301294314
6427,7556,1.94343134765287e-08,0.00241746815905191,4.9003963875688e-05,0.00279495370703271,2.18608456061739e-05,0.977746780339288,0.0169699135508322
5257,4079,0.000585810775465256,0.00899902853136933,0.302455040212537,0.00342232892003475,0.200660535632026,0.4281863645517,0.055690891376868
6773,4320,3.29094300703958e-06,0.00239174329958167,0.416144447644531,0.197639029017925,0.0101335059123439,0.208068874197527,0.165619108985084
7668,5159,1.44438144187245e-05,0.00364392357930336,0.0154489968357968,0.00189844437942664,0.00354146285896961,0.701308769526584,0.274143959005501
5255,8395,8.53168688275926e-05,0.00725426423081826,0.218152996887084,0.262999455579786,0.011228590488533,0.142286496275803,0.357992879669148
4428,8634,3.49357438441909e-07,0.00515789067527243,0.265356050463433,0.149660497584821,0.000603218723429519,0.528827659441684,0.0503943337539214
4222,6836,9.82158414536091e-06,0.020573907307746,0.386917556840618,0.217598987084976,0.0038824205815007,0.160929981041329,0.210087325559685
5185,10193,0.0181793247131398,0.0203640083485779,0.267965578863634,0.131877896492881,0.0505502972409371,0.154179004811902,0.356883889528928
