"x","y","Neurons","Cytokines","Epithelial cells","OPCs","Endothelial cells","Proliferation","Mural cells","Macrophages/Microglia cells"
9389,7438,0.00128647302178291,0.00653526012370998,8.71449970353905e-05,0.406371249017918,0.111533115532215,1.73447936593702e-05,0.151481157886005,0.322688254627674
5327,1802,0.00337744687444511,0.0193344836807805,0.000505114855352443,0.147488364786653,0.102883338978132,6.57430613919387e-05,0.456706721098661,0.269638786664585
3670,8514,0.000514420013658172,0.00262884767953139,4.99158027654346e-06,0.33239768612516,0.26937384610889,6.09009282053087e-06,0.0776384152841568,0.317435703115506
8840,3122,0.0043062136780996,0.0199781738596228,0.00125932809006914,0.0611505471370091,0.234572686621886,0.00065586979132751,0.164570866351561,0.513506314470425
5323,10193,0.000652413240631483,0.00115345439271372,2.43269936618126e-06,0.452387272755129,0.13621890085855,3.88324962654557e-05,0.104297026452399,0.305249667104946
9044,8756,0.00142518496374263,0.0129923482139156,0.000623187103612734,0.00957230024863037,0.0227706420535531,0.0008516994245875,0.887050889558798,0.0647137484331601
4292,6476,0.00316912455638244,0.00787404087031495,2.15444739661359e-05,0.199754044018694,0.167391750706776,0.000152688268767008,0.0861853509569978,0.535451456148102
5255,7676,0.00206623098494728,0.00496815502675728,6.60771339261749e-05,0.138952958368739,0.168749400128179,0.00170423975448525,0.13621898902129,0.547273949581675
8080,9235,0.00201593811230337,0.0170073413372791,0.000976289576314724,0.307359841425371,0.106943057318721,0.000534069691795983,0.262445625126665,0.30271783741155
3672,5877,0.00138178786371846,0.00679699735741573,6.61493088847247e-05,0.288550962245493,0.102070601233925,0.000247884971143743,0.196377692178989,0.40450792484043
6774,2162,0.00176267609007701,0.0220674516609228,0.000232894470537941,0.16517274548942,0.0738925044524919,0.000110966543049332,0.437271087329156,0.299489673964346
7806,5639,0.00117360900852799,0.00437922808908694,6.14634493532116e-05,0.183780767722067,0.306492576636624,3.40578075946331e-05,0.0799794607594462,0.4240988365273
9805,1924,0.00405934513278205,0.0156686100996428,0.000423781862071833,0.274362349538758,0.171618778489285,0.000119747917235303,0.25384816446317,0.279899222497055
8631,9236,0.00275895284394061,0.0124883418450415,0.000254608607482119,0.41974160438137,0.117586189061569,0.00480637629967135,0.18297479390608,0.259389133054846
6426,9474,0.000208050433550813,0.00150676876779457,1.80942011953409e-06,0.489364478252768,0.155468437276206,7.97522294828764e-06,0.10613768176114,0.247304798865473
9943,2403,0.000995852177797658,0.0124555949738992,0.000746690633044265,0.179558466170495,0.140900066621882,0.000315495223907263,0.341664534336216,0.323363299862758
7184,9355,0.00016178511016074,0.00306714644659934,8.71874762262763e-06,0.3836910307867,0.0522495348400855,2.6503802721648e-05,0.363988633046034,0.196806647220076
3671,6836,0.00122302200098175,0.00378425925264159,1.17507323942487e-05,0.223971222021915,0.164225800354793,8.07481676022834e-06,0.134694210278806,0.472081660541708
2499,9113,0.0022398675823659,0.024769159286379,0.000214111361078498,0.155048248039762,0.178125798006855,0.000436263427282746,0.0884560055879897,0.550710546708287
9595,9956,0.0019554760167219,0.00741003263218472,0.00139984366043333,0.172101637723015,0.131777154448304,0.000739431545780201,0.0403385336216709,0.644277890351891
3397,4917,0.00185153592453441,0.0172589542308166,0.000778878700963301,0.141949325875494,0.0563864818497617,0.00025226858832554,0.490344358856935,0.291178195973169
6082,8875,0.000156935084582401,0.000667028991490402,3.54766020916829e-07,0.575513277706317,0.147763261606938,1.57666210251813e-06,0.111208821473103,0.164688743709445
6151,8036,0.00107145101925466,0.00512266674766508,5.89744607142273e-06,0.317079730117097,0.195122626056417,2.23738489632694e-05,0.0859238781995623,0.395651376564969
6635,4320,0.00123714325224928,0.00584382580118952,9.15077250448874e-05,0.062298663936263,0.093758094377182,4.1803208126191e-05,0.393072864544804,0.443656097155141
4155,4318,0.00117523656004869,0.00595102439182784,3.30831365743503e-05,0.241526742748666,0.161120466401726,0.00103817449420144,0.208696999213916,0.380458273053039
9667,2643,0.00392024369190115,0.0362343650098498,0.00436611611645149,0.196660447545184,0.139370768490739,6.31699015973063e-05,0.286084865193679,0.333300024050598
4222,7555,0.00217857143073768,0.00616291620219307,6.05742184302603e-05,0.169779498961282,0.169015176738212,0.00063741202864687,0.0495847459448542,0.602581104475644
5947,2641,0.000710646615721144,0.00766355153517057,0.000451465547920769,0.16175780592306,0.0574520907317573,1.52141445087429e-05,0.475073279601508,0.296875945900354
3396,5877,0.00287722736819729,0.0116661580190412,0.000201351439294729,0.0936359245999881,0.145286262012968,0.000259140754821048,0.292768588428495,0.453305347377195
8839,6718,0.00135093382660118,0.0058464508228453,0.000139518108376966,0.337970181306214,0.164464251975879,5.95169960385339e-05,0.046767311039189,0.443401835924856
8977,6479,0.00306843360865426,0.00830110947829803,0.000259145794632937,0.197778141292158,0.195482637803369,0.000255399101271221,0.146486583083353,0.448368549838264
8427,3122,0.00680412755149399,0.0223820759599425,0.000792779892085675,0.131796981833554,0.196316148646245,0.000459606728620071,0.331852256037391,0.309596023350667
10286,5161,0.00327175774145911,0.00335924953660999,2.51506736209253e-05,0.0226841093931712,0.42206717864493,6.79555145435246e-06,0.0848696816394206,0.463716076819334
7116,7077,0.00117210479193172,0.00355884622813522,4.10486994305018e-05,0.24267504926941,0.175169120666074,2.84225240356846e-05,0.116710423727663,0.46064498409332
9666,5760,0.00280529602369521,0.00352913446143599,7.62701085377766e-05,0.0149102767318808,0.3643118128014,5.14341996114964e-05,0.0394348385171338,0.574880937156305
7805,7797,0.00107998042903781,0.00839033723117253,0.000136731143037208,0.40656017514491,0.112608352289077,7.23110439103535e-05,0.151371776177969,0.319780336540886
8355,9236,0.00572641669735256,0.0214305826527027,0.00132240545344852,0.340012672006086,0.132850280057593,0.00344306549446543,0.172775112416523,0.322439465221829
9320,7798,0.00127278343782884,0.0113702070288599,0.000497279581284298,0.464144537142007,0.0633878122233873,4.5670407426135e-05,0.120839576164809,0.338442134014398
10011,3962,0.00265706598846929,0.00200470455357704,1.67914201485014e-05,0.126519881810356,0.34451399484434,5.92699313965453e-05,0.0372463993055703,0.486981892146142
4017,3359,0.000456182288318422,0.00136798090349927,2.55931076924794e-06,0.183809711264991,0.191852832634354,2.81347342531455e-05,0.270808950119909,0.351673648743905
7118,3001,0.00475696273017829,0.0134342100889475,4.54949938419306e-05,0.245003409810227,0.137240836456546,5.5055731966441e-05,0.254226559092749,0.345237471095544
5877,5398,0.000408564233825135,0.00316063066812075,4.08909942253058e-05,0.442007913321232,0.0925104852940776,1.25538750664059e-05,0.153669835763335,0.308189125850118
6359,5518,0.000713292518559991,0.00373640317422573,4.45988796084591e-05,0.26868816489257,0.115631799094785,1.51768181212081e-05,0.316005899332494,0.295164665289636
8289,3122,0.00513404590936153,0.0238079641318874,0.00212796358858973,0.225397062070061,0.145333708049221,0.000104655365502407,0.22458197537777,0.373512625507606
4497,8035,0.00232341748987947,0.00262990699528569,1.92083229673733e-05,0.248989166797109,0.152327683155649,0.00104195400035082,0.125962621496799,0.466706041741959
3674,2040,0.00260189334253545,0.0026214918716362,5.31649971922528e-05,0.0572924395187746,0.257113169590437,1.4890933266562e-05,0.147841373717406,0.532461576028752
8565,2163,0.00199011194740356,0.0263121672588085,0.00330208343245884,0.0892947394320613,0.0679859622663054,0.00010758129832561,0.534163714770448,0.276843639594188
4636,7076,0.00138843263393072,0.00422471979628482,1.46688058459053e-05,0.27647549315702,0.162827928383972,0.000186763682705726,0.11433016701471,0.440551826525531
5257,4799,0.00104018147200027,0.00498076828640126,6.22964707412092e-05,0.231480018025001,0.0673777635002169,3.13597286284851e-05,0.448421577878581,0.246606034638431
4910,8754,0.00162902959925285,0.0053272173306763,9.39121585487242e-06,0.387420577239357,0.158268851539315,0.00107246055332088,0.152528629873259,0.293743842648963
4086,4918,0.000332682394816546,0.00305494063471654,1.44400070018925e-05,0.223272222164515,0.111562202976787,1.22028971479805e-05,0.320366054746127,0.341385254178887
8769,7557,0.000664195722418444,0.00612777424254334,0.0001575890320876,0.516123986684494,0.0983267362145919,1.58842971694457e-05,0.0910308596154583,0.287552974191237
6843,2522,0.00165538402523266,0.0103358206962975,5.40984789510336e-05,0.244486077994211,0.111638518323125,6.01073654466344e-05,0.242705537386023,0.389064455730713
3809,6836,0.00131230921642768,0.00651516836699867,3.19159942962257e-05,0.214998945576897,0.124045127621522,0.000433915689248926,0.290237338255059,0.362425279279549
4707,2161,0.000754361592392667,0.00115039586927476,5.49272817467752e-05,0.0388800401516009,0.146550863196651,0.000281834912468105,0.207678219131062,0.604649357864804
4497,8514,0.000278722641754451,0.00122461941852746,2.5415636012359e-06,0.511216238618743,0.101547380466727,2.64785843526474e-05,0.136189788124577,0.249514230581717
4499,4918,0.00126891014516667,0.00649657218797459,0.000194731617908067,0.13558782155208,0.0604061353336581,0.00169443017348733,0.556330580430768,0.238020818558958
10147,7318,0.00219057532630373,0.00717347623672761,9.0805913581202e-05,0.372101835140595,0.103410015162072,0.00013127373057835,0.147239946402889,0.367662072087253
10149,3482,0.00131988247453529,0.000799577906801993,2.933048202901e-05,0.0221003881819623,0.19199266721105,0.000570995544357988,0.0200847849567482,0.763102373242515
5944,9115,0.000633011822327653,0.00191752768465278,5.37632851793614e-06,0.480206347245553,0.12888942239123,3.23951468296187e-05,0.138103678793563,0.250212240587326
4016,5757,0.00154912445963509,0.00954151195761237,9.2843722490675e-05,0.157839699105405,0.10178753276016,0.00014777711186918,0.38098639940056,0.348055111482267
8703,2163,0.0066395558118493,0.0317873846191854,0.00160651879849311,0.141763812524652,0.190584897904656,0.000528585954774715,0.181084430721462,0.446004813664928
4431,3120,0.000759612007754829,0.00287516658930154,2.71788066480141e-05,0.186331041615951,0.10489676053173,1.56845805966035e-05,0.420991871164712,0.284102684703305
5051,3240,0.000425032190620506,0.00331474115080288,0.000186579495037439,0.0804405827231918,0.0446236150548467,5.79668877862332e-06,0.569011974797934,0.301991677898788
5324,9474,0.00198679427988105,0.00332770768459271,4.22802523126732e-06,0.374423384598234,0.172267326912117,0.00027671084877483,0.120963998512901,0.326749849138269
10147,8277,0.00273887145945593,0.0408084041492603,0.00447538412537915,0.323745171461517,0.0443421955709712,0.000241389172373611,0.249729166072928,0.333919417988115
6425,10434,0.000436610063140434,0.00484562500450773,2.07735700404931e-05,0.233505072376184,0.0606228381157741,1.56138165024399e-05,0.423116554658015,0.277436912395837
8977,6239,0.000608236246643597,0.00238792539958917,4.13417872578179e-05,0.0551742653173181,0.369135833909933,3.09457981905679e-05,0.0436658298211288,0.528955621719938
7187,2402,0.000598283844600684,0.00608980567954554,7.91410396624404e-06,0.335206678891657,0.094544928685984,1.41888561845871e-05,0.22025682942799,0.343281370510072
7186,4320,0.00325706417232642,0.0165256268299033,0.000255472802759949,0.0487515048222739,0.190436084077938,0.000342701427370809,0.271309049472403,0.469122496395025
8701,6958,0.000391603829982854,0.00566301603434638,9.59917651902493e-05,0.394210460957331,0.117021050686671,9.33055717508901e-06,0.0851097280623745,0.397498818106929
6774,2881,0.00322943145560538,0.0153334264878418,0.000149539728915886,0.112732513416804,0.111180005490913,0.000132134913853483,0.407635936684652,0.349607011821414
8011,8876,0.00120879222291877,0.0127507005981123,0.000603130121654008,0.377530984138662,0.129183751544287,0.000199621774033084,0.138911051422623,0.33961196817771
7047,7916,0.00115629550271642,0.00456696190883874,0.000179348302384769,0.198520495015369,0.185381980933556,6.0888417354976e-05,0.087649531021821,0.52248449889796
8702,3362,0.00165301472800198,0.00621482791559958,0.000146279106304975,0.0694140752444237,0.272546646877744,0.000114904019770303,0.16064514249236,0.489265109615795
7391,7797,0.00245520384486825,0.00877842283741431,0.000137252068628829,0.187297995863417,0.216983575059312,0.000209096402605918,0.114282849929825,0.469855603993928
6016,3240,0.000152691701866992,0.00274262267988297,1.11161416770761e-05,0.0786742850693239,0.0336686304968027,2.78271413906917e-07,0.679317277391852,0.20543309824718
7600,4320,0.00455018553539928,0.00821613768253538,0.000381846359928981,0.0247202532620093,0.258426315595457,0.00193776123899572,0.23062810025322,0.471139400072454
9529,3842,0.00538844310161038,0.00664730251921187,0.000252922246168432,0.164541236104786,0.235903807371174,0.00193490940390812,0.0944231439879949,0.490908235265146
3880,2400,0.000381390058656209,0.00114462343667264,3.683789892395e-06,0.309440087516733,0.348518956466866,1.08621221603251e-05,0.0875228348648204,0.252977561744199
6012,9474,0.00150453486289999,0.00226372693614715,1.33902886745206e-06,0.438552237214922,0.174433318365127,5.36094770623579e-05,0.142916539879287,0.240274694235686
6842,4200,0.00245923907658537,0.00952358279807825,0.000111575345348502,0.0835955640900987,0.124855580198486,0.000102881163506774,0.328971936159257,0.450379641168639
8838,7917,0.000291709005702985,0.00769629100193024,0.00040904643088486,0.50883869355898,0.0539311595206596,9.22240004512308e-06,0.0688728465694873,0.35995103151231
8700,7438,0.000869069028175623,0.0135697502928742,0.000754190979399394,0.558298096344274,0.075305918482672,3.01167418502182e-05,0.0850990570816284,0.266073801049126
5049,7076,0.00164183807886989,0.00413703086341572,2.01819055733811e-05,0.205055535035283,0.170701553665291,0.000588881485934377,0.14281148917976,0.475043489785872
5256,7196,0.0013888674660022,0.00539066063829723,3.01076096805311e-05,0.268978273459422,0.172750061283681,5.51535321307971e-05,0.0934125769558762,0.45799429905491
5119,4319,0.000644733742347711,0.00361338823138023,1.81482602071975e-05,0.224674401265919,0.0795435637397169,1.47474404598823e-05,0.291880106477172,0.399610910842797
9870,10195,0.00206897863376628,0.0061350033807867,0.000194037420881401,0.0811496135995521,0.204663629394859,8.85626678014467e-05,0.135890126841167,0.569810048061186
8083,2522,0.00296193262900528,0.0328810214605638,0.000956181440471464,0.0486047773096667,0.102295673670142,0.000160268348219331,0.512141896639301,0.29999824850263
7461,5759,0.000668182032037531,0.00554512480837395,4.13616777021772e-05,0.201785533077264,0.246142592609277,7.79442038463691e-05,0.10423124053963,0.44150802105187
10147,7079,0.000826226916826326,0.00654886567966337,0.000198275416926507,0.196294647430348,0.0496720627217494,3.87448581260399e-05,0.553667810908606,0.192753366067755
5672,1922,0.00132917633212328,0.00631678226741683,5.81664618124913e-05,0.100429713672723,0.0996848189675496,1.36301440286772e-05,0.530118814446361,0.262048897707985
6564,8036,0.000703612488912033,0.00183365471006853,5.84021174064157e-06,0.319990026971029,0.175487958337892,1.9729613184702e-05,0.137519041183635,0.364440136483538
5394,5997,0.000392685893476077,0.0025634631606927,1.11551384259412e-05,0.298724819719595,0.246342982662417,7.31017623851472e-05,0.138748287701218,0.31314350396179
8700,8636,0.00345528809362726,0.0165032384099659,0.000411889323316779,0.314836022372131,0.115405635851348,0.00153303630687209,0.239159854526209,0.308695035116531
8703,2882,0.00670503698898537,0.0224581342958494,0.00186796652625816,0.137610920379046,0.206054108966413,0.00118870881344269,0.269502725582827,0.354612398447178
8770,5639,0.000662173434719235,0.00151857395916056,3.50198661627903e-05,0.0830561344725898,0.281160619151913,2.42159244570567e-05,0.0209627508150195,0.612580512375978
5187,7796,0.00148174390450174,0.00600780995237284,3.49339643578924e-05,0.182196346226551,0.161327979447892,0.000328785587381232,0.16506090087743,0.483561500039513
10012,2523,0.0053619534798822,0.0337305732217782,0.00171799247382193,0.183173547698409,0.147277756826117,0.00724443409128217,0.322403575925121,0.299090166283588
6911,3361,0.00439204493495911,0.0266341591260384,0.000130405627976606,0.0888283419515492,0.148246862594055,0.000160651021994315,0.24406641696693,0.487541117776497
6911,3840,0.00368043635381092,0.0236775024194255,0.000318711823831197,0.0794120493844044,0.154389384452327,0.000108629970746144,0.23063251193886,0.507780773656596
8497,1803,0.00237224876884639,0.0161828205597663,0.000297796891308188,0.0610282407937226,0.107994571283351,0.000163916000490155,0.403681657325685,0.40827874837683
3604,3599,3.12836221105015e-05,0.00126741292965224,4.51491712167631e-07,0.570102356218451,0.194561432924334,3.55501185395407e-06,0.0809841207021085,0.153049387099778
4223,4918,0.000180287542231653,0.0025969075612581,1.73815775810571e-05,0.132370049125509,0.0690960136572637,1.20904549321528e-05,0.587155492613534,0.208571777467691
3742,3119,0.000243237179757721,0.00209764209394479,1.54895377562628e-05,0.0841843282112907,0.0727120538336687,5.15662497938533e-05,0.689939022795822,0.150756660097966
10215,9596,0.00810774083157311,0.0237504961826183,0.0035251932828876,0.107397084807864,0.136557003393389,0.000391228394055138,0.0379438596746159,0.682327393432996
6082,8635,0.000369536464282298,0.00256498023110586,5.20397704180916e-06,0.400005988289613,0.0855477590928367,6.33507268330338e-06,0.322306653760974,0.189193543111463
7048,5758,0.00105553635809935,0.00464799898220519,3.42806198566982e-05,0.323096374442853,0.234332395400219,9.22317710737796e-06,0.124503366731076,0.312320824288584
4223,4678,0.000591363743350547,0.0134865096972841,0.000185061488396489,0.390427720682863,0.0931270294267022,3.71043292509532e-05,0.160361885943056,0.341783324689097
7668,5639,0.00606131935980935,0.00821302102237569,0.000135427370326575,0.194921977790367,0.307812407336925,0.000319825529201785,0.156446412053377,0.326089609537619
4361,6117,0.000291335300822553,0.00187756778393049,5.8393987132264e-06,0.126041667027676,0.0474613167816304,1.06855859057628e-05,0.493255888752001,0.331055699369321
7875,5759,0.000434068280721122,0.0115830651284662,0.000236584915756808,0.216776274678622,0.239125684095813,1.49533620584825e-06,0.0616566595211063,0.470186168043309
9871,8517,0.00191269492080976,0.0215879935068999,0.0015201710936294,0.0456571216258528,0.0326993413546559,0.00152927475442037,0.714181431722109,0.180911971021623
5048,8515,0.00120074291842722,0.00537655497948721,1.95627882013077e-05,0.292236027712351,0.15262681897395,0.000255115669915046,0.144124329017874,0.404160847939793
8564,4560,0.00184258816724612,0.00292736256125713,0.000623001786477866,0.0120809343794589,0.299931303436327,0.00893172349195602,0.197524989221677,0.4761380969556
7391,8516,0.000431312537772372,0.00292124093038087,4.97650980211233e-05,0.243313584068227,0.174215705971417,2.62729354532872e-05,0.0456497137412619,0.533392404717467
7116,7796,0.00119061919446734,0.0124786124512397,0.000299356945562604,0.176292011684571,0.179325200068564,2.47184830424215e-05,0.0732104602951786,0.557179020877375
4427,10313,0.00295166765619258,0.00515967075633999,1.29502244350868e-05,0.342399737948949,0.178476482578317,6.44070878792729e-05,0.145758903040203,0.325176180707684
9734,7318,0.00134154371596582,0.00877840307921231,0.000554654732748402,0.394094972692957,0.0767725203880615,0.000200434183052182,0.0988996391810104,0.419357832026993
7390,9475,0.000582783515618732,0.00558344248463817,7.55500830044701e-06,0.294077823166799,0.0963018586527809,1.3842663964132e-05,0.283062052402527,0.320370642105371
9047,2523,0.00219377083028551,0.0209997124177423,0.00128538371695747,0.0573618807209586,0.15647728119253,5.22263256197234e-05,0.29997765549606,0.461652089299847
4773,8275,0.00307598323051266,0.00625714740177024,8.1619697101118e-06,0.293495269056835,0.166493107132156,0.000143717388782108,0.123333401627983,0.40719321219225
7392,5639,0.00208554793539932,0.00548862604311933,5.0344470171946e-05,0.234855805999516,0.250655909331287,4.65705052994148e-05,0.170201140236429,0.336616055478778
7942,8276,0.000274438225829569,0.00773187723621175,0.000224414378825221,0.433662445046703,0.115221641105434,7.41788356741956e-05,0.0688729923793832,0.37393801279194
5670,4799,0.000279896086785217,0.00267058555120478,2.53649557837898e-05,0.234711327215484,0.0457580267276437,8.13512458810271e-06,0.539377527679892,0.177169136658618
9872,6119,0.00172183229380467,0.00176191693219737,5.98134860374605e-05,0.0194075033324708,0.336612053774519,3.05885343104693e-05,0.0234662932557102,0.616939998390951
8357,4680,0.000855838953382629,0.00629910727600674,9.82212048453626e-05,0.0710216501425984,0.363176121152446,0.000388915596730262,0.186276707368982,0.371883438305009
4982,4319,0.000226610472423397,0.00911634780447411,0.000305793264297297,0.344487674346405,0.0651530128104465,2.8950142377087e-06,0.363535219442573,0.217172446845143
5532,5038,0.000370373521001772,0.00259322718786362,1.85740096399267e-05,0.357254386707519,0.0527928019314847,1.36290850955856e-05,0.252630698600786,0.334326308956609
3808,8994,0.0015229222226556,0.00297930894768787,3.20740334249883e-06,0.464707761095493,0.113242827145437,9.34026438029143e-05,0.196519547352265,0.220931023189316
8702,4560,0.00486065760977725,0.00755610762188501,0.000212468353139,0.0276483030551286,0.294219808828416,0.00274872516079617,0.138438749201558,0.524315180169299
4153,8634,0.000209578122812913,0.000623536370332217,6.55030874524955e-07,0.570354714389723,0.127533400914635,5.39026963262096e-06,0.0675500404719903,0.233722684429999
7944,4440,0.00418326494960734,0.00416842637497882,0.000216570812454269,0.00826580212451338,0.264289189337193,0.000539101341855451,0.180167202616079,0.538170442443319
8701,6718,0.00197507672444997,0.0119472046028687,0.000351359465098861,0.33515833629537,0.141259085394133,4.03428336622328e-05,0.10135749580693,0.407911098877486
5602,3720,0.000582132481754372,0.00204058696674903,2.26238050092842e-05,0.145006232135234,0.105170070215334,7.05896157651553e-06,0.34452856391962,0.402642731514723
4499,5398,0.0029596324222512,0.00893936134291769,6.30215964536512e-05,0.145677349004093,0.146107286319175,0.000442030854810091,0.283362501953141,0.412448816507157
9321,6838,0.0023926149915459,0.0148394947262757,0.000408285113200206,0.394379830416491,0.118368089682305,9.71834625896087e-05,0.179487044621748,0.290027456985844
4085,6356,0.000716837493111298,0.00155914129808034,6.61674230387202e-06,0.206652494961886,0.102926677953966,6.08639367224836e-05,0.256408434199793,0.431668933414136
5668,8875,0.0012038434166726,0.00542571107072568,1.57784182478949e-05,0.338446265543529,0.138362927754231,0.000109618333785551,0.143604124352786,0.372831731110023
9528,6719,0.00358801467871637,0.012880942574317,0.00084878924419825,0.313295722640196,0.164002800184786,7.11679574734654e-05,0.146624692911544,0.358687869808769
4222,7316,0.0035932881339928,0.00495839163503807,2.11155477904405e-05,0.182593984862527,0.201709292444893,0.000169922221527351,0.0555777121359386,0.551376293018293
4910,9713,0.00150723592952518,0.00318064835145944,5.75710580033785e-06,0.357318819465322,0.177597909832364,5.47092921362649e-05,0.0971337962991772,0.363201123724215
7874,7677,0.00157754218018485,0.00900890334177806,0.000162378877105646,0.385530468021524,0.10674193799821,6.93948759209396e-05,0.134772329614875,0.362137045090402
8218,8277,0.000564361648733361,0.00540198289543739,0.000145526987307604,0.491416192092335,0.107075230668937,3.38672264092023e-05,0.0613423560472683,0.334020482433573
9529,3602,0.000681103598080319,0.00234560139007575,0.000474647679512476,0.012752540674706,0.117839376009603,0.000362462070149702,0.0195046504149806,0.846039618162892
4705,6956,0.00131942161711222,0.00169057979006333,3.38480866756049e-06,0.305209803001215,0.174015519146524,2.65038971690462e-05,0.120123535818172,0.397611251921076
9664,9356,0.000191867359305558,0.00105167202495679,1.03547735753129e-05,0.031920546916055,0.0948550048392042,6.08330666095454e-06,0.00585326410296242,0.86611120667728
6567,2042,0.00039201098122792,0.0070407520518623,4.144110816259e-05,0.0452380305372081,0.0473043003655347,1.66235080575359e-05,0.669766781904252,0.230200059543695
7184,9595,0.000352322440479723,0.00376096242063012,2.05033046402663e-05,0.430441688034434,0.0921100361416835,2.67609170600541e-05,0.165339745909964,0.307947980831108
4430,5757,0.00112038049922795,0.00397997862667084,7.43241440578865e-06,0.232014309368489,0.158199417327615,5.20172806335493e-05,0.148736761732889,0.455889702750069
4980,7676,0.00208142407716456,0.0056931776341471,2.78014566039616e-05,0.161243838275535,0.131911962044988,0.000864879884407483,0.370389987389751,0.327786929237402
7256,2042,0.000364854170219529,0.00518210282718093,2.92756252568024e-05,0.188920323983406,0.0450190238529717,3.63474488465882e-05,0.550884251923357,0.209563820168761
3673,4198,4.57383792091937e-05,0.00133733470427112,4.72186377912383e-07,0.483643957709478,0.258288247587341,2.05995867079278e-06,0.0443197533602135,0.212362436114438
4910,9474,0.00351879177255258,0.00343389010819012,3.16242720176762e-05,0.30348719519903,0.152694906305814,0.00568179979346664,0.166504442514802,0.364647350034127
5531,7676,0.000754123536389152,0.0047188740475938,3.59395793767326e-05,0.0730018517021633,0.043779262533388,0.000214796039278324,0.69333363192139,0.184161520640421
8287,7198,0.00204991752702118,0.00799054902160696,0.000123433964372128,0.308597562424283,0.134852138474467,4.00899987649362e-05,0.206687555741836,0.339658752847649
10012,2283,0.00546766085126776,0.0199403156418096,0.000738483676849668,0.321588331958615,0.138725209065426,0.00384005999806582,0.297617043271588,0.212082895536377
10011,3722,0.00329862811171955,0.00345848505745556,5.0260896577959e-05,0.02915168127731,0.272990278171901,8.30409296943875e-05,0.0819712077273351,0.608996417828007
6289,8276,0.000233646096513093,0.00191526221545809,9.01778481428795e-06,0.352107270794544,0.253297162843829,5.49271209393464e-05,0.0882302247301137,0.304152488413789
5258,2401,0.000706454103554463,0.00915601510522717,3.40435556494115e-05,0.166117910252785,0.103471469703331,9.6720830175821e-06,0.533441520227617,0.187062914968819
9872,7318,0.00342829367195971,0.0139596886534629,0.000400804521571694,0.337569959448274,0.152249004219927,6.84499564988935e-05,0.165578526235735,0.326745273292571
3878,5757,0.000969331185408899,0.0044304095072984,1.7796128350107e-05,0.168993301901923,0.102572515359856,5.73949827297521e-05,0.252013392171672,0.470945858762761
3949,2041,0.000160897680996469,0.00116908789142454,7.47487418319604e-06,0.174612122671505,0.332039848506809,6.34996401401099e-06,0.0935515007784233,0.398452717632645
4634,9713,0.00197102172296176,0.00157327109075885,6.24711105759599e-06,0.335878156076756,0.132394914955414,6.07924921171692e-05,0.226606242376858,0.301509354174076
9114,7917,0.00264913584529692,0.0226184487985018,0.00130048990990733,0.374045411332249,0.0981686583899772,0.000181334459020218,0.167432929835291,0.333603591429757
4156,2400,0.00143041814449678,0.00343588722007859,3.44691752929691e-05,0.201063080232119,0.141973239680176,1.62689745293879e-05,0.354019190541869,0.298027446031439
6219,10553,0.00098970852858138,0.00330419960886814,5.2748757659555e-06,0.389219952782253,0.146557441529667,0.000170274289318383,0.107907278662442,0.351845869723104
7872,10554,0.0185299242829032,0.0290448689741604,0.00167011539262045,0.134899929064383,0.110997806929605,0.00302330051237166,0.389934335185993,0.311899719657963
8079,9475,0.00261362973253269,0.0301114307540539,0.00573412902708833,0.260696470069754,0.0607013359081544,0.00103159471320674,0.39202153985337,0.247089869941839
9942,4561,0.0047567690786107,0.00863768950379982,0.000261978860495721,0.136315949356923,0.30238223231204,0.00040867814070015,0.111975319403758,0.435261383343673
8702,5280,0.000910844783196028,0.00200751512963766,3.20703630872868e-05,0.0438915303038622,0.265685866366904,0.00010822319326172,0.0150804443021336,0.672283505557918
8841,1923,0.00590022806928731,0.0170630213386402,0.0014462533058663,0.0957273949893822,0.192454463451151,0.000223974926276027,0.162337307317333,0.524847356602064
4429,7196,0.00330000383069185,0.0070631658369998,9.8587970275021e-05,0.223797514995412,0.176013177365437,0.00123106557975728,0.0849883324671707,0.503508151954256
7736,6718,0.00216509338088683,0.004392315665896,4.33514658157449e-05,0.351552950295425,0.209206644388362,4.5336114825582e-05,0.144040352651439,0.28855395603735
5602,4199,0.000199713548037138,0.00255514246801144,1.78943126908973e-05,0.212607683827015,0.0340781034834558,4.87761143912905e-06,0.527786105263217,0.222750479486134
3811,3239,0.00048706920926948,0.00498912105998051,7.12262915637652e-05,0.0852564213011248,0.13117338011297,0.000608474553088796,0.582026016850682,0.195388290621321
6428,4439,0.0033999932448514,0.00645692281520667,0.000198497378191966,0.104637140260395,0.158259122405153,0.000501226575613748,0.185228546593599,0.54131855072699
9047,3721,0.00594294933135326,0.0104795435632113,0.000138350448317368,0.119405582356607,0.218109692520049,0.00196681942351376,0.243962486813012,0.399994575543936
3465,5037,0.00164333236705815,0.0116286871622537,0.000155271436863848,0.115149623362168,0.0613290194069612,8.24146317412946e-05,0.560297097427596,0.249714554205358
4775,3719,0.00345598224454092,0.0168040135342987,0.000607366549448532,0.108686832684621,0.09674595367543,0.000232195238579598,0.517258425637402,0.25620923043568
4222,8035,0.000885186899615524,0.00387252329912942,6.95618865847735e-06,0.419588251865039,0.100847235066947,7.50030489975987e-05,0.186056908129198,0.288667935502415
4566,9354,0.000578283998458605,0.0018806772891335,4.31633736521446e-06,0.457849976776959,0.121605370519343,2.33873996799184e-05,0.118739081530133,0.299318906148928
9802,9596,0.000270112195368628,0.00265980033032738,9.21986319185893e-05,0.14126331061694,0.159566974259662,0.000287082155932749,0.0315447475512171,0.664315774258633
5807,6237,0.000910452584629905,0.0057516164420634,0.000106423944862981,0.0625366223982787,0.0670206423161505,0.000393221638274252,0.544719192113677,0.318561828562063
6909,8396,0.000184865553409142,0.0026977968567301,1.94587546961052e-05,0.308947233350839,0.134722248755445,7.74440428762711e-05,0.103337072626827,0.450013880059177
6702,7556,0.000374625655586283,0.0024321740195081,3.53706814274743e-05,0.0966255818374145,0.126879698063209,8.83673827840727e-06,0.383376322260674,0.390267390743902
8633,4201,0.00228880946816293,0.0184302192460042,0.00177398162579591,0.0932994677590307,0.264292230222582,0.00062645021035175,0.179576030243529,0.439712811224543
6357,9355,0.000265908730315842,0.000997060887875595,1.22745953067537e-06,0.501954701639955,0.14578377917478,5.26869414632642e-06,0.137285728069742,0.213706325343654
7597,9355,0.000331003928080899,0.00303010837816009,3.08431019692063e-05,0.0176739794569986,0.0307259885606259,1.6351765535031e-05,0.819193770509912,0.128997954298718
6703,7317,0.000277638988339112,0.00422884608139571,3.55527449307883e-05,0.252292707273889,0.0867036442195172,3.60856493350291e-05,0.354723631777556,0.301701893265037
8081,6838,0.00083121306726727,0.00463589605950806,0.000277076081491965,0.294102166034418,0.166078382739859,0.000111488918182894,0.137743211457752,0.396220565641521
9389,9116,0.00142365367789819,0.0199784406521935,0.0026518085704939,0.294094874361768,0.0563938922918835,0.000488023308246127,0.257474368681491,0.367494938456026
8634,3002,0.00810290079557297,0.0297477802912214,0.0011640097733259,0.09037576171169,0.242730307917434,0.00065424723366832,0.164856313557912,0.462368678719175
6980,2761,0.00115126192534662,0.0107060037562699,5.79545953179081e-05,0.142939094440907,0.0877648766777955,7.62688998209422e-05,0.395344896313525,0.361959643391016
9044,8996,0.00398485913668582,0.025145521523026,0.00131218442509066,0.147214887509688,0.0780441794244545,0.0004286246613767,0.538081268174427,0.205788475145251
8012,7437,0.000699948164189326,0.00602865715782488,8.05281416479917e-05,0.42528657292943,0.12042814250844,1.29193437291933e-05,0.120319370622935,0.327143861131804
8150,6718,0.00217657611702422,0.01255093063901,0.000355705908616658,0.344173846060342,0.160312158562797,0.00022324337978316,0.189346390912237,0.29086114842019
9461,2283,0.00464340449655842,0.0398363980123487,0.00393665931882218,0.199451031179545,0.18782281008862,0.000283326522312449,0.267073170149267,0.296953200232527
7324,5279,0.00206338270184265,0.00554145089273807,3.80207940046735e-05,0.219671123211262,0.289982985656424,0.000340233936895202,0.13413406736452,0.348228735442313
4154,5038,0.000749538868793501,0.00156807197342345,7.65145679333607e-06,0.0644656972634891,0.0725441005742348,3.47617045567249e-06,0.654911222473611,0.205750241219199
7529,7317,0.00114930658494945,0.00953045503443969,0.000205858785314783,0.392368251925404,0.174426153226757,2.7908758346435e-06,0.11758221633436,0.30473496723294
4912,4918,5.31480427987496e-05,0.000999201850274853,2.64881242987705e-06,0.00173320145228666,0.00527209425140045,3.07494465201765e-06,0.943884128097942,0.0480525025482154
8355,8756,0.00531433160262713,0.0176366467483172,0.000413535783616786,0.294892048330555,0.123258564699227,0.00206577382639328,0.174533642504421,0.381885456504843
9668,1923,0.00514330459931926,0.0433949486178615,0.000471047110470537,0.123839883582776,0.119752370023472,0.000775390156418296,0.359524532643588,0.347098523266094
7598,6718,0.00127962906999392,0.00342397205917181,3.77414914573734e-05,0.299477673880407,0.211775553830302,3.82638900036018e-06,0.161038395336314,0.322963207943354
3740,6476,0.00100746868298897,0.00845920728009517,0.000169337962867619,0.170062692840491,0.110789704431288,6.157733132514e-05,0.313953870007199,0.395496141463745
4567,5757,0.000314183709976277,0.00230706095582878,4.22069141969261e-06,0.421446680273662,0.128838403082583,2.70417837820759e-05,0.133869256028612,0.313193153474136
6636,1682,0.000718141585281342,0.00564645759552131,2.21429063768956e-05,0.275064116370085,0.0734379396732185,5.16382945180935e-05,0.362493007632811,0.282566555942188
4497,8275,0.000935212358830363,0.00305640531407029,4.9308392071346e-06,0.360251198717037,0.14868737559204,0.000116845826021585,0.128182788050054,0.358765243302739
10081,2403,0.00172535503699396,0.0117390299360187,0.00157796944537509,0.357248123146169,0.130760130145141,0.000202152225891615,0.182339475106233,0.314407764958177
9045,7558,0.000657811831657966,0.00801035476857816,0.000302483633607381,0.505133928476072,0.0745140773891153,8.4048179368936e-06,0.0887364584575961,0.322636480625437
8013,4800,0.00602508259704314,0.0199135164084889,0.00132267607773866,0.107330997343737,0.251770312637137,0.000919433604753616,0.172268647207844,0.440449334123257
6222,4319,0.00214266536391408,0.0114483723208356,0.000283785314919129,0.136247986483244,0.109296376923038,7.00229996010992e-05,0.296610096084646,0.443900694509801
8563,6718,0.00241132539864791,0.03161183004147,0.00283086123617558,0.353532652970731,0.118221467123169,0.00011473662363269,0.162800540791161,0.328476585815013
6773,3121,0.00679071838576038,0.0200233875139474,0.000107598790063425,0.086557433590224,0.163706166209203,9.94240630983801e-05,0.313221331615726,0.409493939831977
2916,2400,0.00137660389310819,0.0122051422739558,0.000119255218871822,0.164259670175914,0.152617344635795,0.000174515953864282,0.380964769567752,0.288282698280738
6977,10194,0.000524868197836224,0.00302215811787502,3.8075746119147e-06,0.445663329970339,0.140976228003104,2.77359183353658e-05,0.153919310997914,0.255862561219984
5808,4319,0.000291341649346577,0.00363441216214829,2.06446192091144e-05,0.162695294033642,0.0396659857283719,1.45868378517015e-05,0.459037148892299,0.334640586077132
5326,4439,0.00143944708599525,0.0049422580905392,3.27299929874272e-05,0.158646323448233,0.0950390206870309,2.38919340684879e-05,0.450467952745811,0.289408376015335
10010,6359,0.00292603613349328,0.00548171209429621,0.000211037297216185,0.0490246108782301,0.248638089377478,9.94347491325007e-05,0.0354595262525567,0.658159553217597
7255,5159,0.00125582413824004,0.001635728274505,5.65801737124302e-06,0.309578003714312,0.242796378964538,2.47562448393624e-05,0.103704695842721,0.340998954803472
7256,2282,0.000852009821474828,0.00839563466492825,4.27029932241007e-05,0.278215127346479,0.0916556576563341,5.75883769649781e-05,0.325996314999034,0.294784964141561
7255,4680,0.001447886967493,0.00707027964665868,0.000145356913499349,0.141976581877233,0.198225732035529,0.00125412974862474,0.246041836405336,0.403838196405627
9940,8397,0.00727040123935523,0.03857875041963,0.00575516140311313,0.265443549864924,0.053401054494168,0.00178947117493374,0.383767317834089,0.243994293569787
3535,3479,0.000176644430549289,0.00156008684743217,3.259090940443e-06,0.525599844579431,0.187128329598116,4.28284661085787e-06,0.0638343806418378,0.221693171965083
5669,7676,0.000705672388016734,0.00556537863035774,3.42072186002639e-05,0.1227784280891,0.0762714585937684,0.000177092579672544,0.546066369987341,0.248401392513143
4015,7675,0.00207419580137083,0.00463528195087078,2.16786517558157e-05,0.245418798021024,0.159843888365297,0.000372676003851455,0.133234744481585,0.454398736724246
6360,2641,0.000228084511362299,0.00414424100651095,7.23327124871376e-05,0.164107622320801,0.0465692470576008,2.23431948158793e-05,0.521174038986001,0.26368209021042
9182,8517,0.00394854198084569,0.0232633860454468,0.00199835915270433,0.33835486397585,0.0838808924697661,0.000129379278855493,0.21313297101531,0.335291606081222
7876,2642,0.00292747446583991,0.0125123113595978,0.000151287865232666,0.124587984944568,0.139954396368804,0.000103827880300905,0.350016644319522,0.369746072796135
8906,9715,0.000911720712900888,0.00879409296203248,0.000675682219936013,0.0608095495206977,0.0399984822907293,5.77629578908764e-05,0.688177395834461,0.200575313501352
8356,7797,0.000301664610970627,0.00779093353095349,8.49223511692146e-05,0.52646051294433,0.0854145178603938,2.18262183932612e-05,0.0974221416648294,0.28250348081896
5049,7556,0.00475543124556372,0.00967864211344809,5.54091605672874e-05,0.170481194538855,0.172403508908882,0.00146438691413239,0.143283876584344,0.497877550534207
6704,3960,0.00202694220399825,0.0136818021680409,0.000105465181595558,0.106155353267866,0.14820077558866,0.000146130818910621,0.1945272009606,0.535156329810329
6289,8036,0.00059744302221923,0.00313257610755205,7.62194706527027e-06,0.230471048259236,0.285238572410343,2.03965393287915e-05,0.131268327780239,0.349264013934016
6634,6478,0.00159837264195551,0.00816462321747414,0.000184551805041301,0.17087510839943,0.260493070953788,5.49689498954289e-05,0.248217544520756,0.31041175951166
4912,6357,0.00142652033220142,0.00549928686677428,4.7938217501636e-06,0.356908029669285,0.114503670950465,0.000276120024417137,0.180052626243781,0.341328952091326
7943,6838,0.00115839240686928,0.00723478714282886,8.00037548761795e-05,0.382743329804267,0.14967842450963,5.6487631097863e-05,0.149681119420379,0.309367455330052
7532,2522,0.000442437200959725,0.00719311467217326,2.16185723726755e-05,0.308698477867464,0.0932241064194608,5.031013597187e-06,0.237321765716601,0.353093448537371
7463,1922,0.00278361016464161,0.0222264404022307,7.60437924442836e-05,0.254796678350416,0.120471537097849,6.3046329814435e-05,0.277593421613936,0.321989222248668
6565,7556,0.00158469691599758,0.00804874570602979,7.84289510858886e-05,0.20995458035255,0.170423916298075,8.31011948242601e-05,0.305825943021426,0.304000587560012
4221,10193,0.00120949645639863,0.00421026668074023,1.14780409999457e-05,0.36806302532262,0.147412896814887,0.000109924732274247,0.166926958814527,0.312055953137553
9181,10195,0.000130356489971945,0.0044289424099155,5.83926025455503e-05,0.110104242593696,0.101245552991243,0.00016368529575658,0.0239753229895229,0.759893504627349
10287,3482,0.00227698130629586,0.003140650127207,2.78263458952524e-05,0.0785394045803374,0.314849131414283,6.9360280584308e-05,0.0651109596461754,0.535985686299222
9942,3842,0.00138958523358049,0.00619147514033491,5.43153837866113e-05,0.0882796000023063,0.249394666914307,6.39102221944716e-05,0.0930385350584829,0.561587912045008
9044,9236,0.0045982465129183,0.0418875618834727,0.005938934935024,0.197414788911803,0.0583809426646309,0.00162482321581478,0.352434473917248,0.337720227959089
5738,7796,0.00114922416642226,0.00601553245826328,2.56527490252682e-05,0.144559019112079,0.129202510036526,0.000104559894067513,0.331553172801476,0.38739032878214
5740,3480,0.000198114656505704,0.00153713871777807,2.21061117234129e-05,0.0354154268829394,0.0287137040485397,4.47719761390357e-07,0.74589785133615,0.188215210526602
9664,9836,0.000643583155912916,0.00486340911098853,0.000144153240807763,0.215009074228735,0.0886761509192714,0.000153853770422296,0.137186532485647,0.553323243088216
7736,8156,0.000960070781457482,0.00491714008465301,9.82407338990233e-05,0.17512591674,0.178264900248172,8.31716520627334e-05,0.0808979893324089,0.559652570427347
7945,2282,0.000384270595617183,0.00313854390904654,1.72903623577732e-05,0.0170109892774057,0.0491009952263138,1.12838141284784e-05,0.702668908460018,0.227667718355113
6084,5039,0.00103434768852788,0.00509671325547789,5.27472103028735e-05,0.313731318039577,0.0738844840797352,1.84300991769561e-05,0.379597455452571,0.226584504174631
7803,10434,0.000771998776708898,0.0350324956992762,0.00502314509057121,0.384927437099106,0.0351241939847407,6.53750167813494e-05,0.195513430167803,0.343541924165012
9734,6359,0.00404731128366423,0.0121104272665522,0.000492211486796899,0.211799254617982,0.188933775011344,0.000459547117055218,0.0668926374013499,0.515264835815256
7598,7197,0.00137580486368164,0.0139402773595919,0.000367848842216555,0.339122112281649,0.152268459451494,4.22105281990597e-05,0.109395188160452,0.383488098512716
7325,1922,0.000900004838266853,0.0084678513456507,3.79644930647627e-05,0.354959605140563,0.0753823868778388,5.20476325529355e-05,0.249415409332532,0.310784730339531
6154,1802,0.000251527664233083,0.00469483333142172,2.65665768803978e-05,0.0560193993884613,0.0358382618565329,6.80647640812942e-06,0.70656916467956,0.196593440026503
9461,2523,0.00252230467163032,0.0354072352443588,0.00276631201579623,0.306209315439022,0.124290039857858,0.000248493059546683,0.229933497298711,0.298622802413077
8838,7198,0.00124108892347649,0.00567504590494541,0.000141591957796059,0.530955882613688,0.0957574205935234,0.000146153486941634,0.100228549733632,0.265854266785997
6221,5998,0.00023115062780146,0.00134246790417383,1.84308365322512e-05,0.0601514157435746,0.126552496413362,3.81061615132632e-06,0.345316598606827,0.466383629251577
5256,6477,0.00101935088661603,0.00385225086534579,1.05006017101862e-05,0.203845301494817,0.104659840634074,0.000245941419473798,0.426633728953812,0.259733085144151
8288,5040,0.00299184672512623,0.00704851185360213,0.000110871968061815,0.134584281925813,0.284208355127849,4.85364141963615e-05,0.121398471527554,0.449609124457797
4086,4438,0.000844306035815844,0.00382530519635604,1.29759152487882e-05,0.479549613636532,0.116837237447543,2.69175541100009e-05,0.129374825242845,0.26952881897155
4912,5877,0.000589582099042962,0.00261194439547177,1.47833361815762e-05,0.432007352070089,0.13994458378466,9.88988084484365e-05,0.113891210540706,0.310841644965399
9251,8637,0.0183840797294895,0.0570014604649242,0.0161346918111085,0.337743802426034,0.0671438498480638,0.000330621454234481,0.191769591407706,0.31149190285844
4359,8754,0.000472408775863481,0.00229325031302196,3.10352149671935e-06,0.469241049886269,0.124689578621646,3.17366691568764e-05,0.136911767510264,0.266357104702282
4772,9713,0.0017302874159601,0.0021768417168941,1.6740457004099e-06,0.392235444424973,0.133804406138317,1.95421226989267e-05,0.157412956175091,0.312618847960365
6840,8276,0.000229772069398076,0.00212442154687736,9.47274240219226e-06,0.423678910603672,0.130126044452724,8.34972004082635e-06,0.0966908853172523,0.347132143547633
9252,5999,0.00576283918330809,0.0082772638414814,0.000392282057056575,0.0376184546098873,0.304323741326558,0.000217034059994887,0.0949553315110434,0.54845305341067
5669,6477,0.000731740654528447,0.00366918661328872,1.77541928950046e-05,0.22475962654283,0.339210066222511,4.60970492385163e-05,0.0718321310303282,0.35973339769438
6082,8395,0.00132347618113647,0.00788424706822891,1.21345260771601e-05,0.351235087575467,0.131728932921871,0.000752010382791581,0.259292936349812,0.247771174994616
3742,2880,0.00020933843233938,0.00153898939433414,5.43666977621185e-06,0.323762631657143,0.21609793353536,6.57172718052913e-06,0.233910879092968,0.2244682194909
5117,8155,0.00269438337075332,0.0136370394617472,4.93673279180092e-05,0.177824396477822,0.151776047876563,0.00033393457809603,0.159712499231858,0.493972331675243
9182,9716,0.00796429881012724,0.024921049812202,0.00404165273224099,0.18896084159738,0.140739897022565,0.00140375365387039,0.310027476361603,0.321941030010011
8149,7198,0.000971678840934101,0.0160764450834454,0.000807981036416303,0.350373593731629,0.114045487960363,2.42554728553798e-05,0.115602719743885,0.402097838130471
6842,3001,0.00533765990209756,0.0303864359658259,0.0002269876646727,0.0720881528498493,0.127459616529793,0.000338149851102862,0.34910398215933,0.415059015077329
7876,2162,0.000891818177580777,0.0111918963066685,0.00013319843177487,0.0221637324853745,0.0350943039531152,0.000129765690059223,0.772115235043433,0.158280049911994
6016,2521,0.00056400365304254,0.00255882012919278,3.24424872042848e-05,0.134211191614224,0.0655719319831806,2.36032161432762e-05,0.517439419190787,0.279598587726226
6977,8755,0.000139902077073033,0.000753380926686728,1.58886668518804e-06,0.557629887966767,0.134440432158733,2.95830121034587e-06,0.105830025981974,0.201201823720871
6910,4799,0.00236004219774135,0.00675456558464588,0.000116734073964574,0.0959181707572672,0.160825103633876,0.00130726129174508,0.231185193117117,0.501532929343642
7804,9955,0.00226311376918915,0.025148405296984,0.00220235049804794,0.253667871230107,0.118326689484068,8.40817658901642e-05,0.115806897205733,0.48250059074998
8701,5759,0.00145593641082908,0.0038307666037052,0.000114495505947664,0.0984853476251431,0.295569552834099,1.91357365684776e-05,0.0635005844030816,0.537024180880626
7805,7557,0.00159345693826047,0.00807181995037992,8.1783601028063e-05,0.315075252927452,0.147747441680915,4.02216489755837e-05,0.154297195853038,0.373092827399951
9665,6719,0.00493139098507129,0.0224728058467956,0.00125110915830551,0.382383173152144,0.129553766973878,0.000244058680099012,0.165388943541215,0.293774751662492
9114,6958,0.000696309254061466,0.0075860471956874,0.000176064327212434,0.477910487571136,0.115115021950742,3.58040499332131e-05,0.0954586053508039,0.303021660300423
9254,1923,0.0033697652185752,0.0548731262673527,0.0052802108060926,0.276218427048999,0.0987272467010191,0.000608866161813871,0.270808067823709,0.290114289972438
5048,8755,0.00142344972562425,0.00595656201457849,1.80066968031262e-05,0.34774429299767,0.147453817835822,0.000310783565516293,0.107567502182729,0.389525584981256
6843,2042,0.00011524194417634,0.00115048988974252,7.78942840100623e-06,0.00451397000961588,0.0156896275757292,5.84109978717358e-06,0.876282950399573,0.102234089652975
4429,7436,0.00212737732937051,0.00633951985615629,4.30494964605087e-05,0.167921129965836,0.180162137728515,0.000636741465420125,0.100464461124971,0.542305583033271
4430,5278,0.00079639161877313,0.00317370954044793,2.58961821993474e-05,0.28352029309575,0.0721308907636195,2.92497503385178e-05,0.319528081673371,0.3207954873755
10148,6359,0.00513395847898452,0.00377468272108162,0.000143060561037567,0.0702088723375508,0.263614512149823,0.000123482247558076,0.0948006341448493,0.562200797359115
6357,9594,0.000126801850180913,0.00123814350391226,1.39549355474063e-06,0.547849924178829,0.121194411501312,3.95224433465865e-06,0.0945236179692155,0.235061753258661
9734,8037,0.00407786960391106,0.0136512774360583,0.000386981680265054,0.33959590970221,0.119377525814482,0.00014516454672276,0.219912152001778,0.302853119214572
10079,5520,0.00327840011190174,0.00489025809939335,1.30827273943948e-05,0.0321037272450846,0.433380575735791,3.2477981692061e-05,0.0514541973087611,0.474847280789982
3602,6956,0.00131373551345078,0.00683491508207999,1.06888439155563e-05,0.236939783358533,0.166512005044298,8.46595780104947e-05,0.133476356720643,0.45482785585907
4016,5277,0.000911095783187659,0.00261209157251317,2.74238516759492e-05,0.26698296308826,0.0785587744241171,3.57470146550688e-05,0.314381921920889,0.336489982344702
8768,9955,0.000499094915394722,0.00213751184949449,8.53363954834744e-05,0.00744858915245777,0.0198185018982345,8.27763442165391e-05,0.850298613229045,0.119629576215674
4704,9114,0.00158765864175019,0.00580220036432555,1.89698554571042e-05,0.304352137744324,0.179129278478481,0.000259646083506627,0.0912642123640726,0.417585896468083
7945,2522,0.00329665388440646,0.0227762710966981,0.000154813392366558,0.108823757781286,0.121199537181676,5.42138896756598e-05,0.351351948698779,0.392342804075112
3257,8274,0.00109684569330575,0.000480160288168395,5.97418498150457e-07,0.366478243009703,0.253155830813152,1.16539289759058e-05,0.0948218911950796,0.283954777653117
9529,4801,0.000403885960503144,0.00312407243618541,0.000168051912806363,0.0567181423235349,0.248665630964153,0.00200339445582111,0.0934918559606916,0.595424965986304
7875,4080,0.0027986072717962,0.0156843233497682,0.000618400898046573,0.0411768761534594,0.409753341936547,0.000358951631937647,0.126345260891298,0.403264237867147
6704,4440,0.00159386646430612,0.00893026368822652,0.00012958300805797,0.0508581727599364,0.0789441285826818,3.76144034073433e-05,0.505253319744089,0.354253051349295
9390,5760,0.00250971893014966,0.00451154502002351,0.000175085480513882,0.026798155708442,0.359527650930699,0.000105612442778392,0.0611642450321141,0.545207986455279
5325,5877,0.001671878589876,0.0031626061280104,1.67595966481014e-05,0.231415622285345,0.191648809030749,6.91480886990219e-05,0.0814025494136568,0.490612626867017
7187,2642,0.00101229069239686,0.0116856473849522,5.88576648140623e-05,0.300041197293497,0.109160206407082,9.71557726357728e-05,0.244423388242742,0.333521256541881
5599,8995,0.000790541821223064,0.00349509654817845,2.36982337846763e-05,0.183373305901846,0.093246687626309,0.000103573467646544,0.394766049302227,0.324201047098785
9389,8157,0.00244506071288496,0.0100030050103675,0.000266095870992027,0.340809096687818,0.104782851205977,0.000496255510868668,0.189534442885769,0.351663192115323
6566,5399,0.00187285226794887,0.00580492177545078,5.72755598429883e-05,0.14165416372526,0.162115537455939,0.000211796347200881,0.106290892835962,0.581992560032396
7252,10434,0.00084939739377806,0.00239613583990841,5.87642576302385e-06,0.483871915591852,0.141412623011997,7.68935728325457e-05,0.111980279382821,0.259406878781049
7393,3481,0.000657413936245528,0.00520227749079827,5.39389121043906e-05,0.00651216748164438,0.0526630445382471,6.1351771211549e-05,0.679933991027849,0.2549158148419
9388,10075,0.00063383813115189,0.0042902528305788,6.12096951163481e-05,0.187718398775991,0.113368337082899,0.000947107758304532,0.0362674831390386,0.65671337258692
7256,1802,0.00167135877965624,0.00644574717603276,2.80185169277585e-05,0.34152825454468,0.0694089954170989,3.92522316183514e-05,0.23424722583178,0.346631147502206
7254,6598,0.000868877364033194,0.00660798456482803,0.000124353186448546,0.19591123052977,0.189761796345295,2.74165092057096e-05,0.149198807000497,0.457499534499922
6427,7317,0.000309285818975773,0.00329816647611338,9.39971865288351e-06,0.0393932016752744,0.038504173935458,8.85764899017651e-06,0.75037147273452,0.168105441992015
4498,6357,0.00420112920573828,0.00503496399636959,1.01768571087859e-05,0.307732234147833,0.148413944726581,0.000176225823408466,0.168063464695579,0.366367860547382
6634,5518,0.00145336125117967,0.00779264929358205,0.00022836993986012,0.159529689793727,0.154716985081959,0.000607819649621516,0.148146461058977,0.527524663931094
9253,4800,0.00376188312911866,0.00655069325168704,0.000204249502063089,0.182628836583977,0.247528138021727,0.000197169420779276,0.108122873410189,0.451006156680459
3258,6116,0.000944357848914347,0.00700493965712933,0.000290582985778392,0.225283752934859,0.129670993191294,1.22561835016112e-05,0.25392536138736,0.382867755811164
7945,1803,0.000511869878623132,0.00864321396127425,1.86789352283994e-05,0.0894380046451509,0.0631014664696928,1.03710442744875e-05,0.550062426667319,0.288213968398437
9319,10195,0.000955184633228511,0.00756211114680297,0.000317076630119811,0.158999949856499,0.138812238953715,0.000110294153615295,0.0351609652234056,0.658082179402614
7529,8756,0.000675730691924295,0.00252116465518143,1.46090655585491e-05,0.22247520494627,0.117367593192219,1.8203561843853e-05,0.0829247559291777,0.574002737957826
9805,3602,0.00588548759977016,0.0103202980400411,0.000414541884228617,0.113275595872589,0.228870150984503,9.7657354781287e-05,0.195735405684532,0.445400862579554
7804,8276,0.00181477526480224,0.00363519676703142,9.26742726684867e-05,0.2043857149545,0.171461943951517,0.000106133350260216,0.114238776494049,0.504264784945172
6496,7676,0.000833353015431648,0.00589033599708492,2.2260498193672e-05,0.273572937343147,0.197203081699741,4.41869709362776e-05,0.194956342808766,0.3274775016667
6151,7796,0.000204254227949539,0.00225053688318439,9.76697734188278e-06,0.0974564676921753,0.0556517727857551,7.23402079359664e-06,0.628912277576856,0.215507689835944
7667,7317,0.001718290747144,0.0105443912583596,0.000109918179696905,0.274605835447625,0.177425974188268,5.60858058959744e-05,0.148593687431652,0.386945816941358
4500,2041,0.000437194385067526,0.0014398616903057,4.8080043211754e-06,0.195261663056246,0.206659739166845,1.96389277810305e-06,0.344345320409123,0.251849449395314
4085,7076,0.00186815390832459,0.0104965173964807,3.41106368204088e-05,0.170392001719938,0.112834058308386,4.05073970581103e-05,0.294907949369483,0.409426701263509
2984,3239,0.00179665280666245,0.0135807769548758,0.000266419096302266,0.133280367494612,0.266475264289987,8.08506589689496e-05,0.214676716334693,0.369842952363899
9044,9955,0.00345966532891611,0.015064295287555,0.00184880445996862,0.174923657818475,0.134394413296429,0.00035497258187769,0.27296363886164,0.396990552365138
6911,2641,0.000967401073836218,0.0111833618429096,4.65055161008454e-05,0.222783772042943,0.0641345621188296,0.000100614384550197,0.407510428347979,0.293273354672851
4565,9833,0.000637674374858243,0.00189546075787219,4.5966727654191e-06,0.343616961049891,0.104844437250164,2.14767149031876e-05,0.179669539574366,0.369309853605181
6979,5399,0.00113578413685809,0.0040331304917533,2.86052573412972e-05,0.434645114256119,0.142531044280869,0.000513644891796777,0.166965284879722,0.25014739180554
7321,9835,0.000417715427589606,0.00317907380213538,3.11502808683524e-05,0.400942464117307,0.0809390295021071,1.870537309959e-05,0.233171331146608,0.281300530350285
9045,6359,0.00673448358594777,0.0103518457581664,0.00114038711120773,0.0894673593032609,0.27283944909222,0.000116220280648101,0.0691667848136763,0.550183470054873
6636,1442,0.000521664549978384,0.00626999201503429,3.2604656670992e-05,0.313518445441184,0.0840782226786001,6.98554228251129e-06,0.308000141173666,0.287571943942583
6704,3481,0.00179088194260232,0.012474843134811,6.92963621628629e-05,0.0871393512955802,0.0985150601337214,3.51298435449773e-05,0.393072586181683,0.406902851105895
7739,1683,0.000854614980056271,0.00826565390585685,2.87283546202123e-05,0.384977183066094,0.0952210459601734,1.89394715378252e-05,0.208367754055654,0.302266080206007
5050,6117,0.000367039257605184,0.00274760616998257,4.80656158881238e-06,0.386022537332648,0.148066771581269,2.18910900396532e-05,0.175875134751723,0.286894213255144
3259,3719,0.000725224496011867,0.00279509899029547,5.02590190740131e-06,0.29545245019374,0.208612623947679,3.08775925353038e-05,0.117408521091037,0.374970177786794
4979,10313,0.000755851820442439,0.0043461085581134,7.22079786013292e-06,0.263320687893856,0.0835801911879133,7.77837871560337e-05,0.370191428311228,0.277720727643431
10148,5400,0.00377952377433817,0.0036690347360212,5.30566719124365e-05,0.0208605311374422,0.417628288929211,4.83166612457941e-05,0.0454196645284497,0.50854158356138
5393,8635,0.00188726679991485,0.00496824165287323,2.35772766912772e-05,0.213006294019186,0.130512822283144,0.00123216775360075,0.18047494850135,0.467894681713239
8906,9236,0.00554618871324765,0.0170943330444239,0.000293451398859707,0.339988007067439,0.134815336370848,0.00129683627562316,0.242864607726486,0.258101239403072
4496,10433,0.00168166250716243,0.0029412456852863,1.49699954597761e-05,0.41700652421011,0.149915735020852,0.000231692155495198,0.0937239442556774,0.334484226169957
7049,3121,0.00411449631722971,0.0198346811960352,7.07578552505394e-05,0.140642425120593,0.176017804598596,0.000226141479485992,0.190413520643695,0.468680172789115
9116,2403,0.00609587953877985,0.0251001807851398,0.00150230419890312,0.0526510026409476,0.223675199629481,0.000122655487492983,0.23392037457287,0.456932403146385
5737,9954,0.00100115741848513,0.00234120268516283,2.70704037559782e-06,0.426429824359369,0.148927261885915,0.000113797533008132,0.123625006275731,0.297559042801954
5188,4439,0.000574955926146236,0.00425835282808271,7.27016581351784e-05,0.121350551963038,0.0608140496205347,3.87521257080928e-06,0.587530625282183,0.225394887509309
6220,8635,0.000332932250607385,0.00253986725564032,9.34663194801209e-06,0.234342736932291,0.0929258675880485,3.40017887062432e-05,0.331795917021112,0.338019330531646
9527,7438,0.000529739534855063,0.00721497496231855,0.000114414875719149,0.493682333655598,0.0607080339188183,2.2252996439761e-05,0.129943825881076,0.307784424175175
9598,3002,0.00710313944752213,0.0388368026948986,0.00158095511804016,0.272439119188519,0.196699179649838,0.00140828055573575,0.131239062283954,0.350693461061493
9804,6000,0.0019227277336544,0.00185543272961741,2.09270800297457e-05,0.0070228349691222,0.370277122821073,1.81971756463186e-05,0.0202483199831826,0.598634437507675
10147,7798,0.0044287896417519,0.0243891521799589,0.00133965457657859,0.37799218593357,0.117318450120634,0.000666461659439509,0.1619350383737,0.311930267514367
7462,3121,0.00186550939277302,0.0148053120721959,0.000202205781433132,0.0599681153161423,0.110605399030606,0.000125271562022481,0.387192388990079,0.425235797854749
5186,8515,0.00153264493627291,0.00438686821956718,1.30509221647203e-05,0.179682125410007,0.0936733794346353,0.000383808201551796,0.4367419103428,0.283586212533001
8287,8636,0.000733504998776438,0.00733216199739167,0.000106983767198671,0.354299807260505,0.0904195587008151,3.11839772759356e-05,0.112912239883509,0.434164559414528
7117,4440,0.00203077403536831,0.0120481849000351,0.000144430188313023,0.0331744587694963,0.0926929765014362,0.000420817571831162,0.584373974189885,0.275114383843635
4359,8994,0.000539966224492873,0.0018477744397332,2.59525357989344e-06,0.496176882819626,0.139718381087438,4.77421521537081e-05,0.123493608832159,0.238173049190817
3533,7075,0.00290550814848985,0.00528898177131924,2.1097496424373e-05,0.230975824713178,0.164541916952811,0.00021252624937506,0.102411558208205,0.493642586460198
9528,5280,0.000226158562205273,0.000431782530971589,1.2508898685546e-06,0.0282988230868338,0.2049276715682,6.68046405973523e-06,0.00468460280809022,0.761423030089771
7115,8276,0.000477756935772437,0.00276608862406309,6.10656766907949e-05,0.143461034808335,0.154523914624581,0.000307145807488768,0.019714102979854,0.678688890543214
8562,9835,0.00383016975709814,0.0103786241488919,0.000359580484430766,0.195260643641549,0.119926305990965,0.000820018764823153,0.247940462785874,0.421484194426368
3053,3599,0.000219764252932717,0.00225836855783336,4.58230917510545e-06,0.357515123942154,0.130990425835583,7.46494038304203e-05,0.229862240526484,0.279074845172008
10009,9476,0.000859747815401867,0.00383465840244343,0.000188055585373548,0.117432092728171,0.0843477463547709,0.000432180557104072,0.0596149575224684,0.733290561034267
3947,7315,0.00468490231767009,0.0106571900172,6.94508097454898e-05,0.220885182781552,0.154631413878919,0.000620564125445371,0.172063022316579,0.43638827375289
7737,5759,0.00144390903329804,0.00433144338669746,0.000118557779762546,0.234509210665431,0.263986985104318,1.94954589642024e-05,0.0941934416169456,0.401396956954583
7736,6478,0.00358197475270103,0.00919101475103469,0.00029913062123716,0.253064152869825,0.176037572679218,5.84080268708254e-05,0.160963621919763,0.39680412437935
8152,2402,0.000622865185418859,0.00874059241959174,0.000223891953432699,0.00646408787449807,0.0319518439885251,1.59582849917928e-05,0.814926357421655,0.137054402871887
9044,9715,0.00413576316511958,0.0437066565634113,0.0066309314804034,0.317190300855199,0.0962258403304815,8.12815111248379e-05,0.241692786427154,0.290336439667106
8769,8277,0.000621891737941617,0.00903829242379665,0.000247668923255646,0.342009619862855,0.0707917537231827,8.1300576221433e-06,0.1478388957034,0.429443747567946
8081,7078,0.00264030873879239,0.0099235819007053,0.000291116748175375,0.319524885811093,0.132212557158238,3.17893991628338e-05,0.183351771364805,0.352023988879028
7876,1923,0.00358077352194919,0.0153280166440928,9.82765758311855e-05,0.1247306767174,0.184000373604486,9.04220638788747e-05,0.213995142095123,0.458176318777239
4428,9593,0.000823392940260403,0.0026525059686734,1.97283694442109e-06,0.393804943901224,0.099011377804204,0.000126860421025402,0.118185019390275,0.385393926737393
7187,3361,0.00110599407114602,0.0110594399676003,0.00013204479200004,0.0205838547467868,0.113816360116004,6.82478144892142e-05,0.547807672029812,0.305426386462161
6012,10194,0.000208000415270186,0.000619575645694079,4.11507724446139e-07,0.596398637974756,0.0991733962899954,1.30534983525841e-06,0.0923087359471057,0.211289936869619
7737,5039,0.00579096844095104,0.00661379635426362,0.00080972257492476,0.0269827996671785,0.25741083014525,0.00108369183051892,0.10731664297234,0.593991548014572
5050,4679,0.000377640916064224,0.00211902674376964,6.24119331786853e-05,0.118288879785451,0.0362997407438708,4.49406078750119e-05,0.539913439598661,0.30289391967113
4845,2640,0.00015193386179762,0.00130196208957067,7.97148124479186e-06,0.133089177337895,0.0444155302249082,2.82021491790161e-05,0.385742605736173,0.435262617119231
6152,5398,0.000366196580389367,0.00304100678868141,1.51614805324902e-05,0.475657277322477,0.108970388842478,1.16550792227933e-05,0.180317467374551,0.231620846531668
6773,5039,0.00159730023843487,0.00710645832009836,0.000141001399668466,0.126849010613593,0.123189454412788,7.17219097363827e-05,0.335286405336779,0.405758647768902
4500,3000,1.66748941851786e-05,0.000485257227979456,1.01637190104202e-06,0.239090009689771,0.0244118924363593,1.46159285442156e-06,0.380195005566028,0.355798682220921
8909,2762,0.00423731256521087,0.0245817354201308,0.00233478264461561,0.190921723997368,0.216377157030804,0.00144702972812039,0.216659112926564,0.343441145687186
7735,8396,0.000747039263531914,0.00294192151068539,0.000117084842474065,0.177774631747617,0.191298687574745,7.44137510269988e-06,0.0434287980231477,0.583684395662696
8563,5759,0.00211422759755018,0.0063593401211057,6.28692015617174e-05,0.130261449031075,0.383480197327367,0.000110414608525664,0.0871459262019758,0.390465575910838
5945,5998,0.000660967448698377,0.00164253568388628,8.61261182820094e-06,0.314008385872822,0.142578477114393,4.52835879801247e-05,0.166162133675733,0.374893604004659
8563,6958,0.0011714541736747,0.00843047759488391,8.8869965884989e-05,0.351952919132289,0.127479542430956,0.000458509383203998,0.123675997889871,0.386742229429237
7943,7557,0.001263681849686,0.0107374968011922,0.000189922564675429,0.431576836955958,0.123089125035501,1.26619206533973e-05,0.12828633935826,0.304843935514073
8218,8756,0.0014060506128476,0.00873900313122715,0.000254401018341045,0.391973509259936,0.108985814516554,2.57849907757829e-05,0.137453209969884,0.351162226500434
7531,4680,0.00265165613810771,0.00941491529465849,0.00127919032788732,0.0102992113902041,0.178687414109545,0.00850835198171461,0.40647827401271,0.382680986745173
7323,6478,0.000932912628482279,0.00632908385531011,5.54790498336716e-05,0.247071843821023,0.172689438746959,1.72204688209916e-05,0.214717403279431,0.358186618150139
6223,1922,0.00211418240803861,0.00654234401716338,0.000166762693680771,0.0769163974341929,0.0528675651473271,3.0681033266433e-05,0.666972720166097,0.194389347100234
5739,4919,0.00122741742165175,0.00329062670206809,2.73833826504454e-05,0.261052150844584,0.0749573224911216,2.52470467717885e-05,0.372252441918355,0.287167410192798
9803,7678,0.00216358220645729,0.0253702390808399,0.000708033818197508,0.355292951197136,0.098643977644281,7.65304478586497e-05,0.209376769637242,0.308367915967987
6288,10433,0.000846924364425164,0.0017014074687343,3.20485982749197e-06,0.335792062166003,0.0967616171363432,1.37359990092378e-05,0.316830234603401,0.248050813402257
9666,5280,0.000692506867180967,0.00370701402382175,8.30625955090727e-05,0.0644003714796357,0.356859502769785,2.56994058472199e-05,0.0311942126770304,0.54303763018119
6635,4799,0.000467780415008274,0.0024507605938324,1.99209834515855e-05,0.102044645219873,0.131476701401126,5.68575023684903e-05,0.396105670076335,0.367377663808005
7393,4680,0.00263389995774402,0.00791597158288976,0.000708668956655781,0.0295019043255822,0.208171700136645,0.0103197155188604,0.288059621744611,0.452688517777012
8975,10315,0.00325823121708822,0.00706667612492295,0.000130928509894525,0.144145407898568,0.119288698850225,0.0001867220739155,0.385604518376906,0.34031881694848
5394,6477,0.00266332803369769,0.00628761772392715,2.75200709839981e-05,0.281900680319904,0.15413291095245,6.4766731942659e-05,0.139704168616921,0.415219007550174
7735,9115,0.000219284804874477,0.00825629368350295,4.30283473813848e-05,0.146791765502072,0.0449819562991151,6.8984958420133e-05,0.58511413388201,0.214524552522624
4291,7196,0.00411205367691641,0.00710890153895152,9.20201023996199e-05,0.202256389168784,0.173667384576307,0.000947416907902151,0.0755403609920753,0.536275473036665
3121,5876,0.000892980895715983,0.00523670412245525,1.61790916583055e-05,0.160163713999934,0.0749204385403874,2.61141864661763e-05,0.427227053373717,0.331516815789665
9805,2883,0.00122308540273731,0.0163322978524465,0.000820322014460814,0.233345819649929,0.146584755534119,9.4447491672882e-05,0.221628281701657,0.379970990352978
9115,5280,0.00207926592167071,0.00292924138861225,0.00014834948559633,0.0633649110948768,0.384406334744086,3.45481157160711e-05,0.0749477068177134,0.472089642431728
3948,3479,0.00104459638747625,0.00215040900490527,5.24441395962196e-06,0.187465730603291,0.156707274735365,5.35458805730914e-06,0.270592194216587,0.382029196050358
3190,4078,0.000305522051691921,0.00218041321092655,7.9308470921904e-06,0.391068993115802,0.136844821001389,4.43111353880613e-06,0.168793552679731,0.300794335979829
4293,4079,0.00323148543357697,0.0209566772947115,0.00053708278882546,0.217698912863629,0.08272010137794,1.97828716571782e-05,0.406789824449339,0.268046132920321
6222,4559,0.00267387100988191,0.00640399058634594,0.000113467931925118,0.125303003278756,0.136799910040668,0.000119560621516896,0.264527458315089,0.464058738215818
10009,7558,0.000906752588073597,0.0106664162133489,0.000613401969133059,0.344426254226892,0.0930251105325313,2.97369165328873e-05,0.106515524681332,0.443816802872157
3534,6356,0.000483909865342842,0.00327737042216536,5.96831343640367e-06,0.185718072478912,0.0925418680265349,5.35392518758514e-05,0.347091741249184,0.370827530392548
9045,7318,0.000723927735672658,0.00619703824653613,0.000173262673076468,0.545507209869663,0.0670281996109589,5.31107177197202e-05,0.116204069087919,0.264113182058454
4635,7795,0.00672405805294407,0.0123594565690562,5.97177328476889e-05,0.218219754032544,0.160699336031483,0.00445086353107656,0.125250070093273,0.472236743956776
7808,1563,0.000521451474589493,0.00795769617961533,1.30143186194735e-05,0.2909345940622,0.0773663857151274,3.27645518182653e-06,0.29217340351645,0.331030178278217
9392,2403,0.00366003995184607,0.0256208133966636,0.000882671702642042,0.299320944480584,0.136850391204603,4.56521867773111e-05,0.21313407479519,0.320485412281694
5532,4799,0.000790660473729164,0.00390611553599591,7.08938758323129e-05,0.249228542694165,0.0535105634186343,3.51838306477184e-05,0.46696226702847,0.225495773142525
5462,8994,0.000760818917564573,0.00306079526731257,3.03221889072767e-06,0.360084944886021,0.170701032550764,0.000198243845969753,0.107913191151522,0.357277941161955
4703,9594,0.000965737422407458,0.00206603838306144,5.40389370886607e-06,0.216332321279245,0.0596989424497277,3.49261364106807e-05,0.484747571344855,0.236149059090583
8426,4560,0.00204474585767964,0.00919467726253088,0.000743647614988459,0.100764814602657,0.320941735700766,0.00182674156692337,0.152910262952928,0.411573374441526
4704,8395,0.00115239800450802,0.00416284282870055,6.86219778364904e-06,0.377593935809037,0.140713571956744,0.000115646865002313,0.108587606232029,0.367667136106196
3603,6236,0.00149422767415106,0.00461875132647968,1.42246745854782e-05,0.209311575432828,0.147347858880936,2.07501892312797e-05,0.307231830162347,0.329960781659442
3672,4918,0.00325002809650021,0.0111390936603712,0.000232711134243868,0.0551935743525031,0.0487296445981079,0.000443822530186687,0.607562156351252,0.273448969276835
10078,8397,0.00742159191079666,0.0465316332349883,0.00566876025971762,0.254265705813113,0.0782140434199005,0.00070346869673682,0.263387981693699,0.343806814971048
6773,3361,0.00336733714453261,0.0327201436476512,0.000250721045991837,0.0902035392860509,0.126647214521724,0.000200700992208668,0.304989861430826,0.441620481931015
4293,4319,0.00010251576389507,0.00132087730781543,8.81003543745291e-07,0.424162813269927,0.0633705696914397,8.88589062671858e-06,0.340548294892985,0.170485162179767
3467,2640,0.000922285968079741,0.0104683045683171,5.83952831297991e-05,0.0685033528515018,0.122040269663343,4.42718411078634e-05,0.486094630061986,0.311868489762534
9320,7558,0.0010481556697596,0.0071867265057842,0.000134706118086575,0.470987610714422,0.0812613784132243,4.46257166558516e-05,0.133803505362235,0.305533291499833
5878,1802,0.000654301615567077,0.00296580986823295,8.30795979394589e-06,0.131289566989264,0.107791878278752,4.98250447784238e-06,0.485225758273291,0.272059394510621
9665,7198,0.00150477302396784,0.00585080379140774,0.000318338961134979,0.416009636943274,0.104150703985448,2.59605829331125e-05,0.100737561708445,0.37140222100339
9116,2163,0.00533930726196982,0.00988350120273437,0.000768779420325064,0.0940509066039024,0.187871097149411,0.000126295087006908,0.29801586668366,0.40394424659099
5394,5278,0.000527821057515847,0.00337526225020987,2.36852415347426e-05,0.322577729014913,0.0717465534549499,2.25403062840897e-05,0.300513312089926,0.301213096584667
9940,9117,0.00142843926938289,0.0115085875954783,0.000322745445427396,0.128608104506122,0.0742982504289559,0.000228534637431394,0.373595997122245,0.410009340994956
4981,6237,0.000869862034162687,0.00458001909122524,7.31724765320206e-06,0.369991475455595,0.14042558446855,3.08197425916127e-05,0.134842689970672,0.349252231989549
8012,6958,0.0012854613780877,0.00691474613759245,8.88087907098313e-05,0.311831019081081,0.163988485417328,7.80037111932552e-05,0.13142740478653,0.384386070697477
7322,9115,0.00145075568956165,0.00713891098072312,5.59855340390205e-05,0.392736757849796,0.107638583245166,0.00035317308992,0.15624932721905,0.334376506391744
6153,3960,0.00276995917550516,0.0203768265190881,0.00084899526011691,0.135813187045088,0.100500495918548,3.83935831308474e-05,0.384988314748317,0.354663827750205
9116,3122,0.00723037337905986,0.0194105503349569,0.00206514638212113,0.133928829431346,0.208577048771262,4.95942315900902e-05,0.226964645861031,0.401773811608633
9666,5520,0.00384810078290229,0.00546372810675495,3.75638436452378e-05,0.0765291362316512,0.338112792219945,5.18319687217188e-05,0.0806796725524448,0.495277174293934
4015,8394,8.82531221062376e-05,0.000458063156026803,1.42979669261312e-07,0.511231518764793,0.149525780917792,3.91570216060486e-07,0.087944894624985,0.250750954864412
6083,5758,0.000933700910648081,0.00392044312198756,1.43516061650322e-05,0.297505103107469,0.100405809577212,1.43050909698684e-05,0.194791548805642,0.402414737779906
7322,8636,0.00200013869195009,0.00776699841519905,0.000182356631421127,0.240035281230121,0.208745037467426,0.000324273567316298,0.146296796726564,0.394649117270002
8770,6359,0.000784762489648238,0.0109024506134261,0.000843152805300274,0.204765869476297,0.197710753251414,4.69265454801153e-05,0.064421888942032,0.520524195876403
3740,8154,0.000719961643422415,0.00270213951268848,7.77188545068115e-06,0.333688535678532,0.224781903901924,2.67141844453948e-05,0.101907559892574,0.336165413300963
4152,9593,0.00147508249019902,0.0034223299480178,1.32124911569152e-05,0.336417678436231,0.123447039724442,0.000195583992832001,0.12119336508227,0.413835707834852
6842,4679,0.00182808897142104,0.00569015056707495,0.000116510511462009,0.0747016034237601,0.175752489336277,0.000135216551025952,0.111587685860932,0.630188254778047
3741,5517,0.00181863126258417,0.00410840638996777,7.66510128735462e-05,0.268386724777953,0.11130629641882,0.000655402160634639,0.346539049385608,0.26710883859156
7942,7797,0.000358585251536022,0.00743713799365469,0.000127702863571908,0.494082378543164,0.0857071572935658,6.82590283450605e-06,0.108745029851571,0.303535182300102
4774,5158,0.000179460864237431,0.00213280309752481,1.20088099914433e-05,0.0397900905703765,0.0312343972323071,1.86345775232677e-05,0.720753288345734,0.205879316502305
7046,9115,0.000127898069938243,0.00101613103856224,1.23869366019473e-06,0.581417802058021,0.109457169390415,2.84295556763379e-06,0.101448230684904,0.206528687108932
6358,8156,0.000460881811706512,0.00211427639527507,2.341753900151e-06,0.283108993148356,0.362398329613538,5.61358253574207e-06,0.0737641990644986,0.27814536463019
8148,10314,0.00332660532035011,0.00335878398581492,8.00391348404488e-05,0.169861660530505,0.147281445677065,0.000998322852605024,0.10611926808757,0.56897387441125
8907,7558,0.00164604315098058,0.00481818497561257,4.70807742231557e-05,0.434449557535091,0.084721049568321,1.89562185375474e-05,0.139765395179159,0.334533732598075
3671,7795,0.000714141168893856,0.00196323456496629,4.861159557525e-06,0.483441097940986,0.116632733266213,0.00015364807564311,0.117121352324592,0.279968931499148
5946,4080,0.0025628114043636,0.0118551156515236,0.000251892530317943,0.136385830331713,0.0963381626620698,0.00027223610320192,0.428358688710564,0.323975262606246
9595,9476,0.000553338002278153,0.00487515361270816,0.000146022297557093,0.106797408243353,0.0587144840755358,0.000921819469231581,0.423007423725438,0.404984350573898
6357,9115,0.000124264538285771,0.00129768842910375,1.92626275874451e-06,0.566029699008608,0.166412343421761,4.10760671370837e-06,0.0742748862996786,0.19185508443309
8493,8996,0.00373561139479477,0.0112017120033172,0.00022851606028008,0.320744855269784,0.114553820721394,0.0315437663725517,0.228158119906512,0.289833598271366
7944,4200,0.00582135729083432,0.0136502594892141,0.0005324218959456,0.0186912578352772,0.31069522348969,0.000896181252441661,0.214255214567594,0.435458084179004
6839,9954,0.000243167815306852,0.0021932695749216,5.6137023593673e-06,0.37658241834762,0.172590127375984,1.41267849101258e-05,0.0705692039724079,0.377802072426491
4154,6476,0.000645184716602408,0.00578203302302723,2.41866442113806e-05,0.14966289051123,0.067190921736801,8.918625151473e-05,0.483646761809181,0.292958835307433
6081,9594,0.000522855499292123,0.00129508108294615,1.63130443608754e-06,0.441055809768098,0.17088704643075,1.45527247619775e-05,0.105814585480243,0.280408437709472
10008,10195,0.00522276142273805,0.00934379281824806,0.000768679866631195,0.115263182013699,0.218199749572172,0.000235110738243591,0.220213109955373,0.430753613612895
4152,9114,0.000356777848891376,0.00185254788425616,2.51793664693753e-06,0.500795136162608,0.114883681499704,7.51204923892102e-05,0.110659003509689,0.271375214665815
5737,8755,0.000979468651048854,0.00344946191556526,3.86409030005672e-06,0.426365265269533,0.126657602445791,4.23414317979618e-05,0.14442749114145,0.298074505054515
6842,3241,0.00392947119240076,0.0235774541897332,0.000172176976095092,0.108102772668543,0.145690711475681,9.15687526624356e-05,0.308737530979662,0.409698313765222
4359,9473,0.00140276032069634,0.00322380741563321,5.32733879754797e-06,0.382024164131115,0.139229624368476,3.23738213470317e-05,0.123804375276902,0.350277567327032
9460,3482,0.00261266666222717,0.004980917486724,0.000211945966549921,0.143547409092162,0.19039680241554,0.000523446659388378,0.172072258316996,0.485654553400412
3878,7435,0.000981570181960378,0.00315218755502433,8.55519529950044e-06,0.271703977023793,0.142562607417936,0.000148230925097769,0.13667564567532,0.444767226025569
3397,3958,0.000678355414417523,0.00332886305443634,8.00708422470727e-06,0.418662000197075,0.238738980859024,3.34300977832373e-05,0.122174959868883,0.216375403424157
4911,7556,0.00308761164073364,0.00634375524604352,7.52904468761045e-05,0.183992019479483,0.164673648200619,0.000482908571205576,0.0783921990164554,0.562952567398584
6429,3480,0.00049513408301217,0.00640912631783681,3.36254461499299e-05,0.12872045019629,0.0697734566840653,4.77456568695311e-05,0.458450880575979,0.336069581039797
6153,4439,0.000665232899936306,0.00387559420874293,2.76199121537581e-05,0.157969396012587,0.0841751397388166,8.70483001204707e-05,0.365062094572888,0.388137874354755
5461,10673,0.00130768756200703,0.00212316113752964,2.79056575073496e-06,0.383207509203379,0.10786567160668,5.50928362682295e-05,0.0883194646190068,0.417118622469378
9802,9116,0.00105857036448619,0.0156622875952216,0.00187849964855448,0.216289668250782,0.0499165126600157,0.000497816976658091,0.38762513250911,0.327071511995171
6151,8276,0.00154219946477603,0.00714388535976872,1.58175071368967e-05,0.305526335287217,0.14314860612149,0.000203854883112795,0.168074677597729,0.374344623778769
8702,4321,0.00625476666901316,0.0143890933513029,0.000466671465812099,0.0471980525399486,0.296452393148236,0.00435758774256952,0.192130007030254,0.438751428052863
8978,2403,0.00114891311328471,0.00713700350065869,0.000201005856868168,0.00751662106334781,0.0980391613379649,2.51752704847941e-05,0.582133433085428,0.303798686771963
6633,8875,0.000136785192986,0.00174288079030055,4.40085369370054e-06,0.576005302818155,0.110768759542677,7.35183018123374e-06,0.0824075536933129,0.228926965278694
4913,3000,0.00324176964462372,0.00795056392993576,0.000355170208377778,0.0978572659712445,0.0795180511184999,0.000279781373848751,0.494278196286563,0.316519201466907
6908,9355,6.82835644110027e-05,0.00100073345121509,1.44746242558895e-06,0.643629217685886,0.10482153088671,5.69784629269413e-06,0.0687399038377374,0.181733185265322
4018,2400,0.000607263491845978,0.00188521523790757,2.7368890037444e-05,0.225823030670683,0.191596430389259,0.00012249863981686,0.282921393386068,0.297016799294382
4845,2161,0.00156789985628848,0.00590675738793251,7.47791401681569e-05,0.0959495963753641,0.0862289508535246,3.86958615565609e-05,0.517652933886609,0.292580386638556
7254,6837,0.00192337425074632,0.00548644018939922,9.97410927995505e-05,0.205366311378936,0.177798700400961,9.96394960960491e-05,0.139174756012931,0.470051037178131
8703,1683,0.00169203168368156,0.0276782579731895,0.00101756510209499,0.108693690691105,0.102896288339486,0.000703811242467351,0.440211780363439,0.317106574604537
4635,8754,0.00105975514612395,0.00281191481727993,2.79930682741883e-06,0.472310485342185,0.15658252178643,2.14168799912332e-05,0.117940857796677,0.249270248924486
8286,9116,0.000979355706819379,0.0168039878043762,0.000390677324145577,0.352527132537101,0.0853542410510404,0.000352345586091158,0.176296238429446,0.36729602156098
9184,3961,0.00205628867908541,0.00500397656193642,0.000242142009501841,0.120641633909238,0.239286748773515,0.00145183229683486,0.107442318471866,0.523875059298023
7462,3361,3.26247093076761e-07,5.91556408757775e-06,1.58571682999466e-08,1.14998937288123e-06,0.000960513615895454,5.03316065518402e-09,0.967328034655251,0.0317040390379711
9871,8277,0.00138161691275335,0.0167110564231694,0.000603264401524485,0.245659410106871,0.066042602687442,3.14902539201693e-05,0.34897237285469,0.320598186359629
8287,7677,0.000254684932749794,0.00705928414844439,0.000182015466492726,0.484577668086305,0.0865787599493568,6.76972277854514e-05,0.107793690022952,0.313486200165913
7599,5998,0.00128392873040538,0.0109176527368214,0.000126605537989574,0.22859152578132,0.214006444318649,3.42373345404895e-05,0.21701279968143,0.328026805878844
8427,3601,0.0097554131523114,0.0398925094187372,0.00187325275176666,0.138359066977005,0.22188401509601,0.000218100402842666,0.225066219958765,0.362951422242562
9735,6119,0.00422219867690071,0.0030784848885025,6.5795448070371e-05,0.0248756767098944,0.293005696208961,6.55105843889281e-05,0.0323225112700838,0.642364126213198
5463,6357,0.000978703732789774,0.00440697370718543,1.67303671719666e-05,0.343693915300641,0.136630065404765,9.16922190082216e-05,0.14318279015496,0.370999129113478
8151,3841,0.00130285581545964,0.0117857042754812,0.000261535231244451,0.0554374143282011,0.335767888318075,0.000305757674435013,0.207031864256835,0.388106980100269
9737,1564,0.00333242371532163,0.0203123241288216,0.000678190154020275,0.267997454961286,0.123034131487512,0.000107656894447228,0.216361076011113,0.368176742647478
4291,7915,0.00150298760141639,0.00600441417962043,2.11512671325215e-05,0.274005994565356,0.151671676996096,0.000285100798898196,0.191819925514065,0.374688749077415
9251,9596,0.00705190845720594,0.0417124695173977,0.00634656314193456,0.281363888498283,0.0920059919418355,0.00290107975297048,0.237569281816125,0.331048816874248
3947,6356,0.00183738425594038,0.00322109072220285,2.96324320746253e-05,0.18841281390925,0.149167301027589,0.000151320193640624,0.26640128173767,0.390779175721632
6840,8755,7.6877146244495e-05,0.000543767514800144,9.19016735265983e-07,0.610639048985154,0.121094255963289,7.82995067526042e-06,0.0768461082251174,0.190791193197985
8219,6598,0.00451541760594895,0.0114544315196095,0.0001017386647878,0.208302925426317,0.190524756628046,0.000125317160155003,0.165995144997444,0.418980267997691
4982,3360,0.00235723510744296,0.00581596303009134,0.000233193129917096,0.104476824591174,0.0678241263831419,0.00017036466574141,0.48834162769133,0.330780665401161
5463,6597,0.00164428219601058,0.00294649198858346,9.98055316696676e-06,0.287896475289491,0.1790637969503,0.000139371349948611,0.0824734090789484,0.445826192593551
9116,3602,0.00158084181761248,0.00647350995926524,5.80372404807372e-05,0.14588213012793,0.189898154197455,2.64421524246774e-05,0.160866805305819,0.495214079199014
9114,7678,0.000685049372487968,0.00421262804988578,4.80870212950463e-05,0.333246396011666,0.0731337897416032,5.84610987081767e-05,0.12125991827258,0.467355670431774
8976,6958,0.000666477214916479,0.00870065922754925,0.000399171460055356,0.502365604451844,0.115343423700887,6.12286775345158e-05,0.0815311803055693,0.290932254961644
8906,9955,4.79579102445985e-05,0.000508052456951967,2.87476327069663e-06,0.00154986256091581,0.0043264882765411,1.82133117556452e-06,0.924867183472207,0.0686957592286929
3464,7195,0.00083895260665236,0.00375947763018277,4.3155069883044e-06,0.309777642172026,0.115891121778048,2.22037004615871e-05,0.26912013077762,0.30058615582802
10285,8277,0.00660633855608234,0.0448414251160068,0.00513121182715685,0.386755496657291,0.0641485495716582,0.000407308758866075,0.139108053505197,0.353001616007742
8288,4560,0.0029116464829182,0.0049375369399607,0.000336230910993186,0.12270265580236,0.32712127291524,0.0001830743246079,0.183908974687211,0.357898607936709
5737,8515,0.000354836833089641,0.00227896605713707,3.04304030631086e-06,0.256525317542073,0.0759850798009378,5.13831596828485e-05,0.378069392931809,0.286731980634964
9183,7318,0.000645568135571401,0.00364855625519534,0.000115228453410616,0.442618037490628,0.0995765850596201,0.000133266884115267,0.117768371030872,0.335494386690588
4981,4798,0.000135473313963022,0.000735959075914075,2.15567681677572e-05,0.00412703629520132,0.00603474396581902,3.08064740447929e-05,0.92077124879572,0.0681431753111699
6153,3240,0.000241438850307951,0.00310800015835475,2.58161431140412e-05,0.128077566169618,0.0331450478521155,1.15293036956267e-06,0.605289215577946,0.230111762318174
4085,6836,0.00107100615418335,0.00246980216973063,1.37262615694078e-05,0.269459895956321,0.139548958807129,0.000121773545448816,0.17627102583526,0.411043811270357
5943,10074,5.51940654667565e-05,0.000976001080384012,1.08172933545813e-06,0.596466353680904,0.133442170081254,6.62709972035674e-06,0.0670681000660559,0.201984472196879
8424,8876,0.00220092816702785,0.0110394148594385,0.00013165934657636,0.261509950136471,0.12072105366027,0.000826810458373943,0.216169961908247,0.387400221463595
10080,3362,0.000378086222974615,0.00494272384938412,0.000316348378105684,0.231275173253931,0.0753017095401778,0.00367429882816709,0.0356994925383516,0.648412167388908
4430,4558,0.00010150497335336,0.00230935752134192,9.31707791369067e-06,0.590547951549639,0.0543701002038728,4.39443018376136e-06,0.100056529027605,0.25260084521609
5256,7436,0.000883398615307213,0.00620295466719814,4.01618089833733e-05,0.076882129765141,0.0733492913373643,0.000452140662725198,0.554500469642775,0.287689453500505
3604,4318,0.000241443385881377,0.00125555678642672,3.1059329218923e-06,0.51582275126023,0.223851898647156,7.78578632056589e-06,0.107967734449071,0.150849723751993
8496,3002,0.00731010731675555,0.0202785229655114,0.000452657314594935,0.105112132994385,0.251329162081868,0.000433433249274372,0.287874289968478,0.327209694109132
5534,1921,0.000598640645062548,0.00548454367933989,7.1939902834125e-05,0.109733861636601,0.0869544523387401,4.79075057458731e-05,0.433453986518351,0.363654667773326
9941,5760,0.00376672741748077,0.00743653066228937,4.22515229129702e-05,0.0143415261901797,0.432326985771557,6.50189366755724e-05,0.0440649007821586,0.497956058716746
6013,8036,0.000827423592118461,0.00331155818609262,5.04052517092249e-06,0.38130401828377,0.149467011015462,6.89029950103559e-05,0.076212524057341,0.388803521345034
10149,4921,0.00544647713560764,0.00303262577776432,1.02559795256797e-05,0.0252713604875639,0.368818074685574,6.73074249598273e-06,0.0803143554408473,0.517100119750621
7463,2402,0.00112369486114611,0.00705297781495992,3.85173722960459e-05,0.185194485359724,0.0855155839909409,3.70354140274672e-05,0.387978884608987,0.333058820577919
3740,6716,0.00151699091876601,0.0066800169763353,4.8081075793721e-05,0.23107441500494,0.117691155441465,0.000523269358208482,0.248632976989718,0.393833094234773
6841,5638,0.0004942169587431,0.00394865425454046,3.11693714033841e-05,0.381719444907486,0.136419526287313,6.48255014180341e-05,0.176663751654281,0.300658411064815
5117,9594,0.00112697870849826,0.0015285372136768,4.21756847068429e-06,0.36910168647446,0.149714524253543,0.000116359642083433,0.0597303999411977,0.41867729619807
4635,9234,0.000946213344410002,0.00235330505752486,2.13087428977876e-06,0.366376375613483,0.159113536084625,5.4971151126444e-05,0.135565470083439,0.335587997791102
8701,5519,0.00366339756716222,0.00827518461889323,0.000154719118230785,0.0673342509494751,0.363321014286157,5.19293573757706e-05,0.10567259676368,0.451526907339026
5461,9714,0.0010341594819191,0.00261932951659332,6.8172120578516e-06,0.423398513417798,0.149834450159674,0.000174442963813878,0.10298315163093,0.319949135617213
8426,5040,0.00153562276130612,0.00194882570558538,7.22087013398977e-06,0.182046638212731,0.342887273751396,1.13882257861613e-05,0.0809873754740196,0.390575654999041
6703,5399,0.00124550435378234,0.00492408722436458,2.48598843127702e-05,0.274384801449725,0.148422861770852,0.000130096149946071,0.230372675726742,0.340495113440275
5189,3000,0.000971275582504689,0.0036920482924394,6.04908801457457e-05,0.130433009972318,0.0840110661217117,4.90273222513402e-05,0.511035711970086,0.269747369858544
7600,2882,0.0017956903581712,0.0177644196311218,0.000171405406931495,0.217737985060593,0.119396672417747,8.00857897673354e-05,0.246625413931347,0.396428327404321
4773,8994,0.00119884662895196,0.00611970950872166,2.69703690807487e-05,0.281267178423096,0.147384600285781,0.000140650032075176,0.121928901660426,0.441933143091868
4499,5637,0.00104081723152529,0.00447999165967899,9.72531971418209e-06,0.273195495982878,0.146587034161198,5.15007492607364e-05,0.216706533001497,0.357928901894248
9873,5640,0.00724374085279693,0.0050505736518788,0.000192058920392818,0.0565780155214524,0.38425457714661,0.000155573325300874,0.0734804264147694,0.473045034166799
3740,6956,0.00150392330497562,0.00679304873299017,2.20898929525014e-05,0.188423729885887,0.117405879889282,0.000148552494780644,0.411832869238462,0.27386990656067
4225,1801,0.000750521923665186,0.012678788243848,9.81636369160953e-05,0.113097740805145,0.156665725184779,0.000138081449843086,0.299249791918895,0.417321186836909
6219,9115,0.000288393896924854,0.00106555847888558,8.73124112042745e-07,0.492928863855213,0.148798387346485,4.40244463883526e-06,0.147136485556235,0.209777035297506
3534,5877,0.000529569255956049,0.00453609119420054,3.19282855016623e-05,0.0726076328660299,0.0529147408573636,4.50991140566659e-05,0.494269697962958,0.375065240463934
8634,2043,0.00185587493587649,0.0215184675698983,0.000738074533494577,0.117726963860548,0.0933598970454968,0.000287377004531042,0.469608813170036,0.294904531880118
9733,9956,0.000748042671811893,0.00260603940251123,2.34619872053358e-05,0.0816325314042312,0.181992601791568,0.000133643694347421,0.00506574381197084,0.727797935236354
8424,10315,0.00398313643350252,0.0367190945900114,0.00386110935676922,0.323952540419022,0.157957128125388,0.000253867730141319,0.101361344123299,0.371911779221867
6498,3361,0.00104471406818116,0.013288732246702,0.000312678493718105,0.0419379744568468,0.0530449229895871,2.8841776521682e-05,0.634049563532622,0.256292572435821
7666,9955,0.00186923037299139,0.0119640699557662,0.000272877426260703,0.294830182321144,0.0894359766914595,0.000302171187498608,0.334237604108568,0.267087887936311
9873,4921,0.00110002464337131,0.00635528885892771,0.000419156894070111,0.0155191181209935,0.312991657220782,5.3638723684796e-05,0.0232886035642175,0.640272511973953
9805,2643,0.0110576439936214,0.0304733855189354,0.00351336086780272,0.18009456786535,0.0778238262579125,0.000958220055525455,0.475417175443017,0.220661819997835
7806,4440,0.00232185938538005,0.00405189125940843,0.000350620647128537,0.00723332989317262,0.155876222461417,0.00178429520011226,0.42166691066238,0.406714870491001
8427,2163,0.00114507607605403,0.0113192890699524,0.000341592616822864,0.019927884944724,0.0260475375916569,6.82344819605125e-05,0.77287886699349,0.168271518225339
8425,8157,0.000401757792248887,0.00312899984883855,3.64440629051773e-05,0.503464779411127,0.125507055551893,6.42764889476971e-06,0.1223925731955,0.245061962488593
6632,9834,0.000558936662026216,0.00703218300662081,1.45476005011039e-05,0.482817437856727,0.114206065197253,1.12091146137144e-05,0.109100417247951,0.286259203314307
7325,1683,0.00240854134463905,0.0194360583525871,4.25617770093946e-05,0.209938793145418,0.104652047344883,4.15113116636898e-05,0.308575911434818,0.354904575288982
9392,1923,0.00161318849091315,0.0217990855616878,0.000248587174043711,0.298656581817678,0.115694263737203,2.91244386192457e-06,0.225192647510829,0.336792733263784
5878,3001,0.000434682676683236,0.00484641899782164,2.94848699297028e-05,0.0785125420963823,0.0496662357241527,1.39323533018474e-05,0.518903203391015,0.347593499890714
4637,4439,0.000236806094122733,0.00282298065533302,3.82420521548095e-05,0.553870387098621,0.0611972979861363,8.57831678965504e-06,0.141327259216683,0.24049844858016
5668,9114,0.00138097186376428,0.00415745353676763,3.99177473759654e-06,0.330589099752922,0.179308254491968,4.06130650510147e-05,0.093829179802801,0.390690435711989
4018,1921,0.000829904825354646,0.00333613405250379,1.61558846665895e-05,0.288149795049841,0.278378363851202,1.08829317737412e-06,0.105586669591342,0.323701888451913
4153,8394,0.000175452826434959,0.000590857997269065,2.51173457790935e-07,0.569101798341782,0.123139187246851,5.17563275323821e-06,0.066814498737274,0.240172778044178
5944,8395,0.00225192883283842,0.00937896338600891,3.97320665082649e-05,0.337492274297114,0.127670855097951,0.00111345999390697,0.248745908841183,0.273306877484489
4772,9474,0.000993337322668298,0.0041920788709884,3.93391519572193e-05,0.209002501238251,0.109083445137197,0.000527423552562866,0.307786684910942,0.368375189815433
5601,6357,0.000540950827889292,0.00308610223002792,1.47910808823148e-05,0.348707980061398,0.212048035742353,4.43063573475687e-05,0.112080415149239,0.323477418550862
8563,7198,0.00224561748816716,0.0126712564991216,0.000172919287149518,0.306941871719639,0.104803108846214,8.26599714993577e-05,0.341932294503801,0.231150271684408
9182,8037,0.000817276473602432,0.006355714845796,0.000235318867072186,0.33456813232152,0.0844727475651961,3.64687581168684e-05,0.127791856415984,0.445722484752712
4431,2161,0.0028213781772947,0.0167313790787532,7.12119425025843e-05,0.167324589190956,0.159740267369007,2.6047473373168e-05,0.381407627697416,0.271877499070696
4293,3359,0.000234316713007693,0.000296281187501399,1.33227629521476e-06,0.191724517061704,0.118348040060178,1.69918052002383e-05,0.299800879310018,0.389577641586095
3743,1921,0.000791284412546313,0.00258042465613409,1.44554835719332e-05,0.274115544635528,0.183457547053788,7.69792758298017e-06,0.137825837986488,0.401207207844361
9252,6479,0.00269442698055934,0.0157236006980129,0.0017334167900697,0.256799532299499,0.192902697043331,0.000116562050747102,0.0901707694856468,0.439858994652134
8771,3482,0.00137798430662543,0.00420809933513711,6.07836739954975e-05,0.0790298075504313,0.208152778352291,4.57592241605239e-05,0.104925166561379,0.60219962099598
8563,5999,0.000710907669170128,0.00897491495695236,0.000442401519625515,0.0935524870788944,0.303693174722107,0.000131609650000589,0.0520094552468247,0.540485049156425
5050,4439,0.000499176568610106,0.0136245980463765,0.000143273601685241,0.368669776038445,0.0643786817088323,1.17060104295286e-05,0.268068885029675,0.284603902995946
3947,7076,0.000156794677105466,0.00282126264300317,2.31652871195988e-05,0.0260679081151963,0.0176916770722314,5.42673652511191e-05,0.815773262606706,0.137411662233387
10079,6239,0.00621900451581752,0.00166347704048696,2.98420837865252e-05,0.00743864601690593,0.306071915985122,1.22518673616991e-05,0.122370736711403,0.556194125779117
7942,9235,0.000340616013626546,0.00763047383713811,0.000124141495793536,0.297356444640602,0.0963049005466607,8.09069922888368e-05,0.308659240042503,0.289503276431388
8631,8277,0.000513908326969247,0.00428640021975727,6.01704160631243e-05,0.382634945170264,0.109659570641577,1.28785049723531e-05,0.0688149922247491,0.434017134495647
4360,7555,0.000967138702904286,0.00588474225522621,4.31773784926111e-05,0.236210724416188,0.162585369589046,0.000814272435261205,0.182520159965122,0.410974415257759
10011,4921,0.000920098057207596,0.00117553205377794,1.1704810602025e-05,0.0163119125845009,0.290725646830997,1.93082706358564e-06,0.0337072891162165,0.657145885719635
4429,7915,0.000238857882014813,0.00362518684010147,2.38790654190187e-05,0.0221223387526485,0.0317725722065789,7.59477988110851e-05,0.789468486230313,0.152672731224114
3742,3599,4.75874033112655e-05,0.000863089675618556,8.7422352384578e-07,0.431450921024503,0.172219986360478,2.5397417171813e-06,0.124368185855698,0.271046815715149
6911,4320,0.00200446415945725,0.0131624320984184,8.16103011149713e-05,0.0478656331240554,0.117082370210962,0.000124650513620901,0.362923197757682,0.45675564183469
7666,9475,0.00208028543489941,0.0127636264558994,0.00060662307066342,0.240983836141521,0.117862713820297,0.000285717208721319,0.198697017072735,0.426720180795264
9390,6719,0.00251115228276401,0.0139941584088257,0.000727184423280639,0.387539039715287,0.179901414029592,0.000749385784395661,0.103121544681616,0.311456120674238
5945,6717,0.00110370804877682,0.00529985676200427,2.38021364686205e-05,0.307949865530463,0.175177325307941,0.000154473198582847,0.0951222611893557,0.415168707826407
4290,9354,8.44836830735291e-05,0.00210055849848231,2.74670677446132e-06,0.539385949905023,0.0833440142712578,4.73842327690674e-06,0.0884994091880395,0.286578099324072
8357,5639,0.00738430601649248,0.0109599168711622,8.9594317764143e-05,0.141481523820854,0.401698877782441,2.37750098504525e-05,0.0805149295680197,0.357847076613416
9460,4920,0.000874133964447165,0.00106882653929234,8.02660065941251e-06,0.0582522754896641,0.245025811284486,0.000159411278003864,0.103759336184904,0.590852178658543
8427,2402,0.00388348240229507,0.0349582090871485,0.0025964232418136,0.19127461997052,0.117133518051416,4.99005586518987e-05,0.32491299414861,0.325190852539545
9871,9476,0.000474374032279589,0.00139798352142749,0.000203352192650861,0.0476856995251558,0.0741528160243606,0.000114053754792888,0.0243663045395321,0.851605416409801
8493,8516,0.000964200901977073,0.0096160996394486,0.000326097484115587,0.256057386792556,0.0867584985359844,3.20883538037011e-05,0.235463537242956,0.410782091049159
5738,6837,0.00117784850425004,0.00202805837545365,9.33325144284283e-06,0.304997134739566,0.144833433817577,6.58129237545553e-05,0.111994728336821,0.434893650051135
8357,5399,0.00278458774351647,0.0121691169590908,0.000331840728957053,0.0978467205900543,0.278613486021066,5.33397939079839e-05,0.115370178655733,0.492830729507675
8976,7677,0.00103057678431251,0.00759982371647894,0.000184460326377597,0.476927978976799,0.0900460756538601,5.93761855276488e-05,0.146631716918678,0.277519991437966
5256,6956,0.000924610934249497,0.00429971699586187,1.62960389209797e-05,0.281242919221848,0.151925658951968,3.49200740791643e-05,0.155851657800821,0.405704219982251
8631,8756,0.00279732288274911,0.0118818146630252,9.91329830400243e-05,0.337186950938652,0.144433357878118,0.000862071975760119,0.16097145883989,0.341767889838766
8494,6359,0.00456628731932375,0.00734975137675953,0.000329112034080391,0.126645559630022,0.228771401909886,4.114336915298e-05,0.139778276471988,0.492518467888787
8906,10195,0.00140885319793105,0.0330745052236849,0.0192879707295609,0.207327384326394,0.0569006557953455,4.27412342706515e-05,0.291898584153806,0.390059305339007
8286,8876,0.00244025583936117,0.0327077019288504,0.003214318355177,0.34688128272214,0.124985489222265,7.16206600762414e-05,0.132130354725,0.35756897654713
8909,3482,0.00479023143115399,0.0135094007682016,0.00246028108440163,0.134844373429225,0.26962099921259,0.00286437007808514,0.0777161147382917,0.494194229258051
3053,3119,0.00249939354981181,0.00369332407064012,4.92968741510146e-05,0.148582025313334,0.226464382210532,0.000100977481956965,0.188066100743542,0.430544499756032
3948,3959,0.000870185904948607,0.00130818367880738,2.30214666980372e-06,0.320810857696653,0.0983681824805937,3.39787640928645e-05,0.257893799200428,0.320712510127807
5394,6237,0.00170953603706546,0.00642332525793534,1.6703021114081e-05,0.355731871960785,0.170626008239814,0.000248074480898766,0.112612921575719,0.35263155942667
7876,3361,0.00486133070598226,0.013583840141039,0.000865154840435929,0.0380127083884251,0.144549122576084,0.00848029415682654,0.359598677019144,0.430048872172063
4084,7555,0.00171182996096556,0.00714106946312829,2.61247959809312e-05,0.253624154747713,0.167314428751258,0.000219088544669286,0.149975819959303,0.419987483776982
3328,4558,0.000960188134668347,0.00289369157353703,1.66110133145255e-05,0.384595008795688,0.157803761174603,0.000150292079948206,0.153650947832107,0.299929499396134
8496,3242,0.00876793112297631,0.0278654058247766,0.00154168137614511,0.176845000532562,0.190621615958479,0.000275190567040067,0.286524372555209,0.307558802062812
7463,1683,0.00109219460877749,0.0128102595583035,1.90819710126188e-05,0.177019460267649,0.143273223209328,1.94250301478593e-05,0.250712842993219,0.415053512361562
5808,5039,0.000221676489423198,0.00247232455729408,3.13433740926084e-05,0.286025445349129,0.0690498325591967,2.39522666556588e-05,0.388558015363408,0.253617410040801
3673,3000,0.000262677841341962,0.00140462855974237,2.40567165322444e-06,0.344236880046502,0.231271145163576,8.32554556268407e-06,0.105362872580714,0.317451064590908
6702,9235,3.56371162614619e-05,0.000681481779929342,3.41834063731299e-07,0.575279810345353,0.176749660122134,1.23068458648681e-06,0.0725199319739819,0.174731906143691
3604,3359,0.000289364641923923,0.00178913045449107,1.2890131723923e-06,0.435133098542676,0.290307378948738,4.9032985856727e-06,0.0820353814299609,0.190439453670452
9664,9596,0.000395865884571507,0.00522506780018261,0.00016357095883935,0.17179940600942,0.0912838668791114,1.79595669260931e-05,0.0819123955752226,0.649201867325727
6636,2881,0.00364037115224423,0.0166662794129278,0.000163728390474076,0.148685204044277,0.108544272796614,0.000136080253479471,0.334757028288759,0.387407035661224
9390,7198,0.00101842501656029,0.0061730614347745,8.05091614212411e-05,0.348059831395879,0.0976136954764784,2.39832284328854e-05,0.163620612935429,0.383409881351024
4498,7076,0.00225909946612667,0.00446737257856081,8.022119947944e-06,0.297001021139604,0.162244725156206,0.000231874813408327,0.114208557772967,0.41957932695318
5808,5518,0.000725314925393903,0.00267493260967596,5.65712529329639e-05,0.456041750758059,0.0989180396280396,3.79127186232748e-05,0.133335611327251,0.308209866780024
8221,2043,0.00256099248358686,0.0134994924161781,0.000126033011497122,0.122272249557763,0.131221539708742,0.000206852587044881,0.330710197110958,0.39940264312423
4292,5997,0.002224705687576,0.00508806122862869,2.59902679036309e-05,0.135757946885493,0.177270294791069,0.000131094903310491,0.0995163800005921,0.579985526235427
7943,5639,0.0018815367824102,0.00686819328193529,0.000136207111267611,0.142360565859371,0.364288363944238,7.45060585537262e-05,0.0821811688769077,0.402209458085317
10219,2643,0.00255431043813521,0.0148762294131071,0.000327952070260858,0.307322614768683,0.157374552210129,0.000449905632731024,0.230652052654432,0.286442382812521
7323,7437,0.00150351971303634,0.0117443206231827,0.00011967559138015,0.286152830234574,0.158212860610734,3.43350589466105e-05,0.124135496850293,0.418096961317853
10150,2523,0.00256035544991177,0.0276813074366471,0.00102649501884574,0.340840908728772,0.115256364090485,0.000529798389767303,0.276341067633729,0.235763703251842
9804,5760,0.00394383134939252,0.0046998427681187,0.000114166107178564,0.0199107757062811,0.418605727047959,2.89841127928804e-05,0.0741090733017706,0.478587599606507
5945,6957,0.00162020066876254,0.00541987959531642,1.94008638132913e-05,0.397442989666706,0.146078909548086,0.00039897777389196,0.130396422628495,0.318623219254929
3466,3359,0.000333162135689745,0.00492555819135468,7.72023854055563e-05,0.480220446804571,0.16290039695948,2.24132221532925e-05,0.0794703480751595,0.272050472226187
4431,3599,0.000711166715446304,0.00346018149629734,2.32093217343109e-05,0.10634792194042,0.117176025852034,1.45928991284557e-06,0.428686619448243,0.343593415935913
7666,8756,0.00174795085930124,0.00539392212354567,5.05962881133028e-05,0.169669410555746,0.193484408242038,0.0101836489465439,0.133892245832522,0.48557781715219
6771,9115,2.07750967516971e-05,0.000450778710270764,4.37536751419133e-07,0.647478097288973,0.15577467923889,6.23904911368778e-07,0.058926476359659,0.137348131863793
7322,8156,0.000369339561378729,0.00166202344645231,3.57820494302374e-05,0.169828363929841,0.173689818409525,5.00667989462962e-06,0.0560806945013176,0.598328971422161
4361,5637,0.00087838451477641,0.00432366597567587,1.95337108859636e-05,0.182892512286523,0.160700769616936,6.97089927137128e-05,0.153640421267145,0.497475003635344
6498,1922,0.000472890543425978,0.0070181244890439,0.000101136172296392,0.0460530936697713,0.0348942044880175,4.03344449546484e-05,0.695978001988038,0.215442214204452
6154,2521,0.000686099091877819,0.00747328768581343,6.62127873191693e-05,0.0918591651690902,0.0534614164969551,5.44165409559386e-06,0.61288314012479,0.233565236990059
6771,8396,0.000693692190602107,0.00425691153996285,3.25184338659437e-05,0.448730527144088,0.162602109355653,2.68125966667261e-05,0.0930663679326374,0.290591060806524
5736,10433,0.000603812377249666,0.00481902381264866,7.10191849098988e-06,0.481798888534239,0.128029368423494,1.96446642389866e-05,0.126916294405243,0.257805865864396
7736,6238,0.00264739738092177,0.0152223121872736,0.000215704794627442,0.245271123857042,0.253841923463393,0.000102487175413345,0.115640380262828,0.367058670878501
3877,8155,0.000289670126861123,0.00132878505360171,2.17999162301923e-06,0.406465579696763,0.122508865527823,3.59611342083442e-05,0.163490033964171,0.305878924504948
8013,4081,0.00506311285598969,0.0165805988270989,0.000547632964990152,0.0385615963561268,0.349950558673656,0.00067217800727868,0.169728261204862,0.418896061109997
7667,8036,0.0019179089132342,0.0048706626498986,9.43240884531663e-05,0.0922879327318194,0.171381984074683,3.22660226731627e-05,0.061779498090643,0.667635423428595
8770,7078,0.000377638928485133,0.00767733079699605,0.00015931993793856,0.492111363531567,0.102914925647484,2.29435245132594e-05,0.0907697609924945,0.305966716640521
6702,8995,4.0887871224053e-05,0.000882487015625677,1.29874861298418e-06,0.664942911415315,0.096229815403459,2.02425078713328e-06,0.0924861864832294,0.145414388811747
9596,8517,0.000563157328181278,0.014598545456646,0.00165993793558153,0.0400779920811657,0.01950390052123,7.12939723311351e-05,0.779837195342932,0.143687977361932
6566,3960,0.000876694736127437,0.00814021344258146,6.10346954178587e-05,0.169192642583948,0.100845299299319,6.50303127494e-05,0.238727944249707,0.48209114068015
8149,8396,0.000373879279278112,0.00329622934770624,4.76964225091172e-05,0.41947395527652,0.115901648970246,1.23176874987283e-05,0.103564939320973,0.357329333695269
8702,4800,0.00124875467851389,0.00577952815438816,0.000207863655143479,0.0187982636102084,0.319991904242039,0.000129191072184702,0.037562683317495,0.616281811270027
5463,5398,0.000468516843696177,0.00555548439781588,2.78492748319941e-05,0.346120991410376,0.0873398668251362,7.05240811751993e-05,0.246288176053507,0.314128591113463
5670,4559,0.00144262091261626,0.00378008298506095,5.60078801654592e-05,0.231646882446284,0.0645198796620266,8.08389143727097e-06,0.476387443929432,0.222158998292977
8771,4680,0.00447946342309878,0.00870025885353623,0.000557696900961161,0.0479215066627137,0.311376940890192,0.00153780104449868,0.138791854237416,0.486634477987583
6981,1563,0.0013325420261258,0.00850811815959428,3.36092837405584e-05,0.303256895350327,0.0901270342830942,1.45890639502988e-05,0.275069024598002,0.321658187235167
9113,8876,0.00316159953708465,0.0520863177355892,0.0243988794674945,0.296337936197712,0.0441699344423607,0.000243809782929206,0.330280394632304,0.249321128204525
3328,3599,0.00283021859101072,0.00233043372364872,5.06726563260736e-06,0.326142789038838,0.273135773871044,0.000784304112470526,0.125651968752174,0.269119444645182
3053,3359,0.000878203750540287,0.00480484294840397,8.11980989039821e-05,0.274961646532959,0.208420516807439,0.000321603765451667,0.133642786435977,0.376889201660325
9461,2043,0.00462591971409076,0.0400106673574477,0.0031010993047098,0.186941295129804,0.144722796491579,0.000320323170744043,0.145256351853714,0.47502154697791
4636,6596,0.00129344870315633,0.00439088048537973,5.50783151243934e-06,0.371755031628873,0.171267036936815,3.97849812330062e-05,0.10576782752173,0.3454804819113
7255,3960,0.00114159926205201,0.00719566119948059,0.000149415766856975,0.050793043124146,0.11786922690073,0.000574936559634973,0.498859198505947,0.323416918681153
6773,4799,0.00204316245794298,0.00581715644001613,3.57098957810678e-05,0.142647871228709,0.152693786629141,9.90598109759443e-05,0.195406657287435,0.501256596249999
6981,2282,0.000817293499042997,0.00823066696017559,5.69949980031428e-05,0.0499459351772193,0.0645751246201743,0.000184797004437572,0.688274037722287,0.18791515001866
6290,6357,0.00074703129263266,0.00507921071757034,5.27609695097203e-05,0.181153242574383,0.184713118091709,0.00015167135287821,0.340586500918124,0.287516464083193
9390,5999,0.0078066516962666,0.013669205929185,0.000740770450825983,0.0234329631490898,0.291282699906901,8.90405464477703e-05,0.0758548576771404,0.587123810644144
7046,8396,0.000842021584748692,0.00410437242444475,6.75524883867004e-05,0.320283942523901,0.206137712314344,0.0001252918215902,0.112959050195172,0.355480056647413
8837,9356,0.00539144616413779,0.0163393035773623,0.000533969255451632,0.293725142196352,0.122588483756615,0.00261042825279343,0.240988372442265,0.317822854355022
9802,8877,0.00511567752367276,0.0205786985287655,0.00130336426684426,0.134132278925777,0.108514101075127,0.000531282942391548,0.270931935907304,0.458892660830118
9597,5880,0.00481446554349213,0.00654043950376763,0.000121331768718221,0.0141156122109528,0.409559266134322,5.64030885588785e-05,0.028042887478484,0.536749594271704
9941,6000,0.00471554939119625,0.00313359325859153,2.57525170208625e-05,0.0102937437623259,0.365635936770471,7.99079495687299e-05,0.0178836310469618,0.598231885303864
7808,1803,0.000621867050285392,0.00809532715033478,1.29209234497553e-05,0.292797549533326,0.106975392487501,1.54722245406084e-05,0.286676872847338,0.304804597783224
8700,8397,0.00137934085183905,0.0130217637303544,0.00140333169779643,0.276964108127278,0.0913117552543792,1.65383896985787e-05,0.232356367512452,0.383546794436202
8358,3721,0.00306051444332263,0.00836718075425752,6.84499894314475e-05,0.0673823583739161,0.311627737852339,0.000315760300336461,0.0953784261819639,0.513799572104433
6566,5638,0.00197857155667642,0.0157593742918571,0.000208677848898258,0.190390818710006,0.162125851593681,0.000213550714337939,0.166440438030529,0.462882717254015
6150,9954,0.000294926675132855,0.00167020833062374,6.72320755470712e-07,0.533769399528348,0.113291491463681,1.94672865849422e-05,0.0878109878378107,0.263142846557063
7046,10314,0.000535073140718532,0.00417926791501845,1.71053559934865e-05,0.422492388321378,0.115298385671739,7.36283131837293e-05,0.231921011325383,0.225483139956585
9046,5640,0.00122623097304182,0.00736615877209446,0.000111814609377387,0.0761276621826683,0.381884410017546,2.41414459942389e-05,0.0489215072944606,0.484338074704817
5118,6717,0.00207738394999962,0.00829789851312654,1.50927621191737e-05,0.288507182507163,0.166860592123718,0.00033547197557231,0.235189512715527,0.298716865452773
7667,7557,0.000881620425613304,0.0141170426353735,0.000303307297235468,0.136462277413037,0.0850011723130212,2.92515373437847e-05,0.487082199004053,0.276123129374323
6429,2761,0.000385288846529793,0.00467836580698894,9.4715031966383e-05,0.0614347144345465,0.0239481698357491,1.16281219188732e-06,0.648398898844367,0.26105868438766
6152,5159,0.000594605338377903,0.00383593815344563,8.71101400628651e-05,0.438091391055881,0.0850593354128577,1.35729327498868e-05,0.233973216141082,0.238344830825544
9734,7078,0.00144353349336841,0.014439154017429,0.000405073069175727,0.352188912004373,0.0774104992615475,4.73543350829874e-05,0.23311164600524,0.320953827813783
4636,7316,0.00616894956158488,0.0110822651803412,7.93475049362366e-05,0.222696047925143,0.164277431338126,0.00681650875926473,0.162765483760664,0.426113965969938
6357,10074,0.00105855726651268,0.00601827447735653,1.95740272938051e-05,0.355573378506164,0.131175232954352,3.18106884149225e-05,0.186784628834395,0.319338543245511
6841,5399,0.00107933473310828,0.00606244577601543,4.4897502517566e-05,0.378247725474841,0.149453804060257,4.38051770985093e-05,0.166537911531938,0.298530075744223
8013,3841,0.00400705971953569,0.0147114969514988,0.000542777277268853,0.0588575241560091,0.361501079514554,0.000350559429572393,0.169115318818902,0.39091418413266
4842,6956,0.00167803477402232,0.00629470396397656,3.19406913812947e-05,0.190556798384137,0.139397435370868,0.000255759976923909,0.283465359954725,0.378319966883966
6980,3960,0.00277134509593845,0.0163556382297245,0.000108852097914924,0.149230608887348,0.160791537011177,0.000130198742388796,0.235214986360924,0.435396833574584
5256,6717,0.00159015062823663,0.00477972968811591,1.65358549354061e-05,0.241400279230217,0.163686195884504,0.000186244256289766,0.16497414964428,0.423366714813421
8356,8277,0.00024286827625093,0.00410631941763931,3.33358718240683e-05,0.469874889153034,0.122358189885595,8.47547481973622e-06,0.0901993882923938,0.313176533628443
8841,2403,0.00530537583194321,0.00905165984254092,0.000423205142556358,0.016771350890801,0.241079540234618,0.000133604624980316,0.123443113112346,0.603792150320214
5392,10313,0.00125542380025596,0.00202002193556628,2.92742978118675e-06,0.41086005000676,0.125297878400812,2.30326053781722e-05,0.129427842394998,0.331112823426449
9664,8877,0.00348809969048305,0.0204486047693638,0.00284840411491704,0.1992076004,0.0954488525744918,0.0016061377336046,0.243329416179587,0.433622884537552
6428,6118,0.00143726150232822,0.00379479511715859,3.00916962250464e-05,0.171300687467032,0.223952313773479,4.43974910671171e-05,0.235411206310158,0.364029246642552
8152,1683,0.00121444014459098,0.0143911176289236,5.83162849493861e-05,0.013280177435776,0.0479443129132568,3.45737111503823e-05,0.738439165539274,0.184637896342079
2430,8993,0.000993634051944717,0.0023670554262942,3.35599459036077e-05,0.118319107052693,0.177032067520317,3.77517478211759e-05,0.0332475506033908,0.667969273651636
4913,4439,0.000621607825851169,0.00873871408802429,0.000207542267898687,0.359957710162394,0.0538989530600623,2.51730403563997e-05,0.249688236021343,0.32686206353407
4223,6596,0.00135879465396747,0.00531870095388081,2.09836335887169e-05,0.249516141297143,0.152731317335598,0.000132124931806114,0.167007649454471,0.423914287739544
7322,8875,0.000136911930959794,0.00458419882749104,5.02292176225437e-05,0.458622518772439,0.129277191375618,7.5189374018651e-06,0.104077088394798,0.303244342543671
8083,2043,0.000752456618010571,0.0121082828009132,3.50419340663873e-05,0.225589518258567,0.0944840288482561,6.546937245483e-05,0.392499901401705,0.274465300766027
5945,7436,0.000506121120188304,0.00366804746207972,3.29103753143815e-06,0.419761846269857,0.132713650284465,4.91293692114853e-05,0.115310204614331,0.327987709842337
5532,6237,0.00191640662762182,0.00269876583010677,1.14537575946624e-05,0.359077143420256,0.175661581842754,0.000103094217358815,0.135012211708058,0.32551934259625
6288,9954,0.000298455060731862,0.00229218452688123,3.76007886225702e-06,0.554263537887501,0.115167091316705,3.79019699598991e-05,0.113758336521349,0.21417873263801
5669,6717,0.00180204969993705,0.00564128202553688,1.77623370906258e-05,0.263660136025454,0.203022489390391,5.23355434365967e-05,0.175912266476556,0.349891678501598
4154,5997,0.000736250456726369,0.00313797541348102,1.34751409282938e-05,0.221110130219424,0.160460993134308,7.57090792927197e-05,0.0538194724918018,0.560645994064037
5600,6837,0.00355362194267657,0.0106078644276048,6.88094376632538e-05,0.257309943291711,0.156073806026116,0.00102354661040857,0.133261495223906,0.438100913039913
5396,2161,0.000622435577084037,0.00989293359733489,9.73003079400118e-05,0.111869687210063,0.106603667580394,1.97032127926767e-05,0.56262083894514,0.208273433569251
6566,4200,0.00236097229283045,0.0113917299693639,0.000355079422187611,0.124956021771558,0.131039398732991,0.000296043510467778,0.243613096737933,0.485987657562669
3536,2280,0.000880285540830292,0.00419256197106641,1.11814847672718e-05,0.21430792345969,0.285796080373377,1.88887439258582e-05,0.086806039193854,0.407987039232488
6291,4439,0.00292443533310758,0.0085682649199783,0.000144495139743662,0.118690691646921,0.114590550127709,0.0002497351200675,0.225759634254993,0.52907219345748
9596,6839,0.0014693857307747,0.0139947130270209,0.000524822589383034,0.369511704990239,0.109469439314197,7.95560311945078e-05,0.13510459142314,0.369845786894051
7598,7677,0.00111522386023198,0.0094705689240667,7.46935429839477e-05,0.294960173586126,0.117383485978637,1.53242147039655e-05,0.211378243236704,0.365602286656547
8978,3841,0.00346007511619035,0.00678836320054677,0.000496972523345596,0.147409915313559,0.219691277807567,0.000404954857771089,0.0808495265948069,0.540898914586214
9113,8397,0.000704216100331471,0.0116502929390864,0.000293326837456737,0.342955772480038,0.0974528177039491,3.7638208061561e-05,0.161887923080361,0.385018012650716
8841,2642,0.00310808456361038,0.00518720579690284,0.000200829653328624,0.06345337712245,0.270711941135287,0.000538729377279634,0.10047824336547,0.556321588985671
6978,8036,0.00126685448243214,0.00312932540159456,1.20197809221945e-05,0.269082122712729,0.245240680542461,8.5868390321534e-05,0.13743977197444,0.343743356715099
8424,9835,0.00614731202993425,0.0252353742730782,0.00228784914749731,0.257545252712775,0.0774175383551478,0.000413190333556862,0.298983089684306,0.331970393463705
6839,9475,0.000401474034858715,0.00264068936084135,7.50233473298269e-06,0.519919700938432,0.139075756629283,0.000156057470450584,0.131687492526737,0.206111326704664
9802,8637,0.00917845906726018,0.0293615266165754,0.00646819619153753,0.143537778268203,0.0946747845232569,0.00212463057973163,0.404334400868146,0.31032022388529
7324,3361,8.56018005745145e-07,2.04486896298716e-05,3.12675259146784e-08,1.34949467041377e-05,0.00355935412154437,7.71613927226399e-09,0.908688136313976,0.0877176709264749
5186,8994,0.00124878070965055,0.00506176727341381,2.45277934367434e-05,0.197351013550499,0.122676998108654,0.000201292447193894,0.289261676073017,0.384173944044135
3191,3359,0.000934822135564802,0.00419090405549808,4.42334614422326e-05,0.273349556980118,0.288698537718244,9.67989314570698e-05,0.119605934716694,0.313079212000982
9322,4920,0.0004651228843876,0.00149071943524798,5.54105820122618e-06,0.104398022135852,0.2815007904665,3.22766582489061e-05,0.0512699406316029,0.560837586729959
6288,9474,0.0007141385547358,0.00219564119945064,4.03134809981502e-06,0.448244069075299,0.159540536019392,9.38778537010459e-06,0.102892161224241,0.286400034793412
7115,8755,0.000243233098300003,0.00274318699098458,1.1181646536814e-05,0.566813427427505,0.109986899061172,4.77260943638601e-05,0.10615272962772,0.214001616053418
7600,4560,0.00295055859108502,0.0104436517690485,0.0017684060506855,0.0149640128234958,0.206301622230238,0.00667327213586595,0.257405874697236,0.499492601702345
6291,3241,0.000232211719460835,0.00289904660371382,0.000101449644820076,0.176001952290179,0.0318816685719356,1.50044270520511e-05,0.514385768242036,0.274482898500803
9526,9116,0.00068630085773644,0.0158186896465136,0.00120560292203539,0.231343753394411,0.133963128418124,5.18847028645709e-05,0.24897090812095,0.367959731937365
5395,4559,0.000489453117496192,0.00164374162594226,1.86388917224804e-05,0.266306258150138,0.0466685653400001,2.07845020438324e-05,0.426208805352939,0.258643753019718
9804,5040,0.00096686707631466,0.00125861561772786,2.62331502300771e-05,0.0330938177523959,0.244144570939722,1.56641302795359e-05,0.0249314724227819,0.695562758910549
5533,4079,0.00101539536926627,0.00588621484500073,0.00012614088111435,0.170199704644247,0.0439515801024598,6.09379986813106e-05,0.491544810292167,0.287215215867064
6360,3360,0.000781031687559518,0.00916053479138098,0.000163543293864092,0.119161694169001,0.0738585102269732,1.38542764713512e-05,0.464444328462384,0.332416503092367
4429,7675,0.00156890222350224,0.0031586523345327,1.99668111891019e-05,0.123416775989554,0.125212893865253,0.00028893475504465,0.338103615877093,0.408230258143831
5324,8994,0.00261057768221263,0.00375224689354187,1.32578306168154e-05,0.219619310888445,0.164108115599799,0.000282579137852712,0.0764821382985228,0.533131773669008
8425,7198,0.00121338677928643,0.018895234749347,0.00041949952057636,0.138508287805441,0.0578649685100655,0.000303398759503469,0.609346692928185,0.173448530947595
4775,4439,0.000987510314455584,0.0212818425553343,0.0010390355833718,0.26917230447717,0.0675003540156437,0.000201487400835568,0.392017859640949,0.24779960601224
6084,3360,0.00070380265935257,0.0064173668252181,0.000186131889868241,0.182098199438061,0.0471622820465594,9.0999849708422e-06,0.516682813175985,0.246740303979985
5807,6717,0.00171409432244354,0.00527914789164145,2.02113513148179e-05,0.27284216013592,0.196727732885511,0.000669250492331098,0.094833011804471,0.427914391116367
5464,4679,0.00105596855794869,0.00502151677348186,4.49775494684337e-05,0.227125468109528,0.0783906892074234,3.69734873093626e-05,0.463961383692985,0.224363022621855
6842,4440,0.0012698524048646,0.00353185014177069,0.000214654282220575,0.00699629440381881,0.0571522892855407,0.000403428025925589,0.593572782473504,0.336858848982355
8632,6598,0.00376324535089926,0.0179376717914249,0.00107688768062273,0.248663985925034,0.187627523415939,0.000212304191534623,0.158236811631491,0.382481570013055
7530,5159,0.00326912738756432,0.0102326121736605,0.000348964103939036,0.0818069949950923,0.250890684534702,0.000403651141059945,0.155422652357168,0.497625313306813
8082,3721,0.00364034186008007,0.0145447077639229,0.000301779391774274,0.0932756938656455,0.259012826867401,0.000847060205228864,0.189761621260406,0.438615968785541
9874,3003,0.00316543181929782,0.0138619699576974,0.000645314804913572,0.145482907060066,0.219984187374467,0.000169740540003415,0.157879013209673,0.458811435233882
7255,5639,0.000662325687622282,0.00213665069845324,7.29315010794498e-06,0.212020420783104,0.267671327909553,2.89621318069466e-05,0.154936333965926,0.362536685673426
9527,7198,0.000480412736825111,0.00488684123609113,5.0487174573109e-05,0.336876945748556,0.108297964073886,1.0604584285394e-05,0.105237891264528,0.444158853181256
7598,8636,0.00251784509127519,0.00488397305695135,3.4625763497763e-05,0.275755157380651,0.158946624781067,0.000171465417509312,0.0848816425395839,0.472808665969464
5047,10433,0.000896118333707828,0.00251129474509324,4.40887644183306e-06,0.368932743882308,0.163937421745948,1.61655671334516e-05,0.113492524109518,0.35020932273985
6910,5758,0.000877613520677749,0.00712776812683238,0.000113585915903707,0.362688959568466,0.152743409536413,6.71439037989752e-05,0.122201627659808,0.354179891768101
6566,4679,0.00219607618945983,0.00437147896569206,3.50842469575519e-05,0.162742588185679,0.151208402238549,3.64062245017328e-05,0.101769868141113,0.577640095808048
8772,2522,0.00307446746651222,0.00928736545137552,0.000160571619127332,0.0154897438405796,0.280799202033072,3.62269625597144e-05,0.157456023658685,0.533696398968089
8428,1923,0.0013652431280689,0.00955806644512681,0.000222200614634422,0.0621563480144781,0.0427558475811226,6.25107792527441e-05,0.635837901286583,0.248041882150733
4497,8754,0.00067099478171102,0.00264561115940434,3.35303168735161e-06,0.424146702935519,0.160256547089439,1.18304277601122e-05,0.142801505405573,0.269463455168906
8632,6838,0.00326377851110442,0.0141258573814513,0.000453096836426878,0.233488659751187,0.12884329045385,6.19374741954152e-05,0.185294771655213,0.434468607936572
4015,9114,0.00107704338217218,0.00313337642302239,6.23674536465794e-06,0.45920934576475,0.126391851503855,0.000344357816770519,0.135099525826196,0.27473826253787
6563,10194,0.0030481129924825,0.00935810862762043,6.39796761573874e-05,0.392295494413359,0.117348339874928,0.000144784524259429,0.182234287234173,0.295506892657021
8218,6838,0.00184646251003403,0.0121823632112307,0.000534588257888594,0.387110235835269,0.140952222793618,0.000128764326999562,0.130690830414393,0.326554532650568
6292,1562,4.91689224694202e-05,0.00142341688188832,1.95587864673868e-05,0.0149712073150118,0.0143977189813821,2.4178044446965e-06,0.780722252219004,0.188414259089332
10079,5280,0.00249586554298626,0.00248495181333774,1.07243538642467e-05,0.023681829633933,0.386869699966463,1.0288727041864e-05,0.0395598602468158,0.544886779715558
10078,9117,0.00121457578171444,0.0286736830280471,0.00893992824110376,0.234118529568958,0.0813087137853282,0.000212844391684014,0.243556044691129,0.401975680512035
6770,9355,0.000121284197581873,0.00101157099764085,4.44226111704002e-07,0.536128266721624,0.212736148632943,2.45865651601738e-06,0.0911912050691094,0.158808621498473
7321,9595,0.00126957539794085,0.00873394846033184,2.45076669759337e-05,0.247286674710248,0.167291072569155,1.50617838444255e-05,0.160399453689584,0.414979705721919
3878,6956,0.00139800395419138,0.00334321156857703,4.72219842426844e-06,0.200072738436923,0.107829712612746,3.8655367267353e-05,0.335544437587607,0.351768518274265
6291,4200,0.0026360513051985,0.0201489209051011,0.000462027595973774,0.0866840260951337,0.13754286609808,0.000169195680189202,0.285097994361345,0.467258917958979
7254,7077,0.001190837363957,0.00898714748886142,0.000194335668584938,0.29871583259253,0.156129191647428,0.000112195573682873,0.159848178880172,0.374822280784783
6429,2042,0.00061143318716516,0.00416526732257425,3.13182970623011e-05,0.0982203771268869,0.0785124898857609,7.87282313086971e-06,0.560244977542725,0.258206263814695
4362,3240,0.000373307299601494,0.00283442238666318,8.27946746020064e-06,0.171009218649422,0.128970347909117,9.27268779135543e-06,0.404749916656637,0.292045234943309
2915,3359,0.000624660173673518,0.00654570899144629,0.000206612808269728,0.248173169149345,0.192419196998962,4.27824251498458e-05,0.252359458978898,0.299628410474256
3327,5517,0.00270120892455561,0.0116805535762489,9.4502813996856e-05,0.263895012210434,0.11427327464895,0.00136020411378701,0.38396480218751,0.222030441524517
8699,9595,0.00604686079025258,0.0175152417754539,0.000364588661060926,0.397312898280778,0.115269720295435,0.00111064526359165,0.25490328524711,0.207476759686318
5599,9234,0.0012662239832521,0.00212385019355022,3.01809751652228e-06,0.421687712063446,0.176211706888147,5.65466071856759e-05,0.132946405943178,0.265704536223724
9530,1684,0.00168757464022985,0.0230617219013133,0.00547653079170189,0.260933748838643,0.0880184650214281,0.000133802608783526,0.283108542149024,0.337579614048877
6427,6597,0.00119024388633813,0.00248655845421786,0.000129703539929865,0.0299320352176778,0.164566152616247,0.000101469581421462,0.318258968726933,0.483334867977235
6911,4080,0.00638521854585003,0.0252546351911579,9.75187685301801e-05,0.12010541821125,0.158164360919512,0.000214175945514444,0.206651573581939,0.483127098836245
6911,3121,0.00629840159794529,0.0303018924052272,0.000267890379565302,0.106238505926451,0.160842707448524,0.000447627986978211,0.267420365243681,0.428182609011628
8358,2762,0.00439782168466746,0.0511705779087494,0.00536555756625419,0.279046990756362,0.142435995334122,4.67919672275125e-05,0.161817751201465,0.355718513581153
9803,7438,0.00188229489831715,0.0149056788234535,0.000507537264335553,0.369539920643295,0.111851710443819,5.65647117091382e-05,0.144412405802001,0.356843887413069
4429,6237,0.00128538115374286,0.00824873967089813,9.13687263091908e-06,0.249492972743225,0.141849610173351,0.000140817900259028,0.138729501260316,0.460243840225577
5740,3720,0.000445808362469172,0.00293122449781446,4.95833457739478e-05,0.175598751432235,0.0570813659592392,3.11444653220821e-05,0.48676125348561,0.277100868451536
7254,5878,0.00592595230203993,0.0033642033124942,3.06668803300883e-05,0.0927867075866019,0.375253646039549,1.75869442346194e-05,0.170170335339485,0.352450901595265
6288,9714,0.000536673602861917,0.00179375806916751,1.51331313061554e-06,0.487496183834645,0.139654901624917,6.62054215041273e-06,0.147394979778192,0.223115369234936
6567,2282,0.000805231932870888,0.00786873871607731,0.000218764072635328,0.058278422874646,0.0619568717161506,3.62160470442036e-05,0.705373462491413,0.165462292149162
6015,3960,0.000847415200577282,0.00895216947626511,0.000216586836263616,0.142666153975957,0.0569541694158388,1.04210071964724e-05,0.473385684918879,0.316967399169023
4911,8515,0.00179443247097234,0.00563205231957185,2.95721480519255e-05,0.434144063051747,0.13147630005671,0.000359764207525237,0.118040922652733,0.308522893092689
9044,9476,0.0045268156895337,0.0370676349633196,0.00533407070860098,0.287928374753172,0.114608925823009,0.000155531993469377,0.187404765196978,0.362973880871917
9251,8397,0.00230634164392389,0.0197416606285415,0.0024244774054229,0.296426574357901,0.0681834119044188,0.000346918218042346,0.359714999687474,0.250855616154275
7047,8156,0.000662108153472343,0.00287952987461465,2.28448005720624e-05,0.303641942562984,0.160862508466373,5.59737389122084e-05,0.100694553234505,0.431180539168567
9116,3841,0.00231157519364543,0.00256921908245066,2.09500621671215e-05,0.134030949858394,0.199352716832392,0.000384193118054654,0.172535139137817,0.488795256715079
4086,4678,0.00136127975491943,0.0147645065432934,0.000314020765749802,0.239889367352456,0.114309940216463,3.09400783030317e-05,0.215367472205428,0.413962473083388
8493,8756,0.00771104952396796,0.0153922746273027,0.000230465059172297,0.237457107042483,0.146133494262263,0.00655712728107964,0.209511133091122,0.37700734911261
4017,4558,0.00121406524603592,0.00881890211278669,8.69196193227645e-05,0.286783939384918,0.113370381368821,0.000176425993358824,0.338402371249836,0.25114699502492
9736,3242,0.0102950560399063,0.0143283991814036,0.000685504413482107,0.108545405179992,0.180928245501449,0.00518180230126006,0.163896308981827,0.516139278400679
4154,5757,0.00140154044908726,0.004151449514694,2.04153488232056e-05,0.183287525961359,0.151890612394413,0.000133428267921787,0.101003700261594,0.558111327802108
9733,9236,0.00159609656981325,0.00612513843362312,0.000194412643035618,0.239150568297302,0.0773891788959094,7.42328199450701e-05,0.161722554790708,0.513747817549663
9941,6479,0.0023209578158901,0.0058323113070649,0.000327816090438605,0.118927493883091,0.194945050956422,0.000102075746219105,0.0578085032351258,0.619735790965749
5878,2761,0.00131007377102822,0.0044425347546804,1.6560584024485e-05,0.189262162166074,0.0900969237114726,2.53307845548019e-05,0.38348847238422,0.331357941843946
8290,2163,0.00242644108554753,0.0220011658496952,0.0001382022733007,0.145504059008198,0.145258048988764,5.59330221283724e-05,0.291694745896096,0.392921403876271
8358,2522,0.00146073895891541,0.0311634544404552,0.00423861056597562,0.121856987725252,0.0963617245399473,0.000460575295749077,0.396883973690336,0.347573934783369
5739,5158,0.00181130208924939,0.00487220795201003,4.3399719635099e-05,0.329640839058309,0.0996951460898371,9.60396406879696e-05,0.274716709648469,0.289124355801802
7325,2402,0.00140498262734991,0.00652161551656242,1.66125387141406e-05,0.355506168173568,0.10778173265834,7.3539268953386e-05,0.244579617718684,0.284115731497829
3880,2880,0.00172434848083003,0.00171733587365009,4.16080478581083e-06,0.155846469590047,0.244781119456836,2.72150485272469e-05,0.287630778057049,0.308268572688274
4083,9473,0.000703162982301889,0.0023571664954838,1.51559552742792e-05,0.422070421906404,0.104617332443086,0.000117431028173827,0.17353184090979,0.296587488279486
8148,9116,0.0120812304330663,0.0211512621914431,0.00111159923485459,0.267736403640927,0.135981411053074,0.00178142417053726,0.283041262713964,0.277115406562134
9183,7558,0.00206997010214234,0.00666774573877074,7.93580759055474e-05,0.362957313787824,0.0825288251240347,0.000135085984933744,0.199865771385711,0.345695929800678
5325,5638,0.00167016736668863,0.00732561959884,7.20708062665795e-05,0.311377176693971,0.166341947145861,0.000137710049046194,0.123847191628195,0.389228116711132
9389,7917,0.000671323730307658,0.0076063015313287,0.0001762394006583,0.391149447728895,0.0857323707676559,0.000137709146730044,0.109676251394341,0.404850356300084
9664,10075,0.00115831141965932,0.00718441829496232,0.000895627812947477,0.129873516980155,0.191323111243603,0.000301672234770406,0.0307405044173063,0.638522837596596
9459,5640,0.00331391886048808,0.00222142903443625,3.25379579102932e-05,0.0379621385595602,0.349780360525652,4.65843582959869e-05,0.0510852410498553,0.555557789653802
8220,3241,0.00552722244666839,0.0301361003246459,0.00146662559519715,0.206138399428054,0.158941451683684,0.000275640810878525,0.26273202464619,0.334782535064682
6012,9954,0.000274955629407027,0.00257508728057,5.63505307949308e-06,0.496083620047094,0.170154254369233,5.1285770191794e-06,0.0841889868075216,0.246712332236076
9874,2763,0.00563622579241207,0.0106681083341075,0.0014312049714166,0.225722803249551,0.15680914771364,0.000897074295407823,0.214551223638523,0.384284212004941
4981,5038,0.000136151783180772,0.00153145631510452,6.40847971851078e-06,0.0417517882229726,0.0198343330997985,8.52430902395666e-07,0.785628702697527,0.151110306970795
10011,5160,0.0055289767735542,0.00470689327584222,0.000148624025184615,0.0885860623291916,0.334249183752131,8.68435584662864e-05,0.134245248188572,0.432448168097058
7528,10434,0.000833642553435003,0.00847109956097237,0.000268496820250805,0.323834827993279,0.101274283876253,7.4459750268014e-05,0.322880592820401,0.242362596625141
7738,3121,0.000169453963702304,0.00205761867772939,1.30743488125733e-05,0.000579095254967235,0.0116103781789009,7.99219544826175e-06,0.909703480756704,0.0758589066237349
4773,8035,0.00267154640784553,0.00338069386869518,7.58584841729064e-06,0.264101943724655,0.148571079367622,0.000220242629600773,0.0823703951951417,0.498676512958022
6567,1562,0.000537243778587419,0.00511218284526474,1.83361435995819e-05,0.415886039236377,0.0710574270254485,3.89862733166572e-05,0.250090294794822,0.257259489902585
4498,7795,0.00270680152382134,0.00575614535793677,5.29711193866407e-05,0.132234388516424,0.125636761092491,0.000614838464396071,0.306109202776029,0.426888891149515
7255,3721,0.000970875169795123,0.00391515745838151,6.7884169430478e-05,0.011851267510377,0.0731152072582101,0.000249170924814698,0.670105651075299,0.239724786433692
7184,9834,0.000680846323262511,0.00472908333480272,1.2460099045048e-05,0.467775979514772,0.115005559454276,1.91508502870654e-05,0.194964005409591,0.216812915013963
5119,5038,0.000241038369835297,0.00491811837841507,2.65612854150454e-05,0.160059414891864,0.055419240494726,0.000107780880365645,0.521867927410077,0.257359918289302
7739,1923,0.000820499550608889,0.00830791561362598,4.70549585161592e-05,0.367178523008458,0.0921955142004794,2.08440925218665e-05,0.217014447284005,0.314415201291785
8151,2882,0.00491180726393811,0.0324355770618579,0.0024216705128627,0.206041876274711,0.117582622051288,5.99139600330869e-05,0.260490974490103,0.376055558385206
7531,2762,0.000336501229993702,0.00451476791264278,2.35489046204364e-05,0.333347222921022,0.0801153832784328,1.6941046928538e-05,0.278142633502945,0.303503001203415
10010,6839,0.00162582097573119,0.0170825501772225,0.000830627262192343,0.318877543307057,0.087122457665348,9.93477525881988e-05,0.16108773222442,0.413273920635441
4428,8155,0.000525069565742534,0.00181971367438866,4.224826777102e-06,0.418744431432201,0.152404911346455,1.26286124384134e-05,0.1138459590067,0.312643061535297
10288,2044,0.00152126613559409,0.0170858433882928,0.000947043119790011,0.397930623019706,0.0962481220709081,8.89436623640948e-05,0.153354850954611,0.332823307648734
4016,6716,0.00288578781513792,0.00806586822092325,4.67349080331122e-05,0.223323741439137,0.124173483680787,0.000258613752630666,0.246674846005788,0.394570924177563
6361,1442,0.000693576876577837,0.00723954252157789,0.000174361700824059,0.175246152765124,0.0648711620385624,8.33680217432981e-05,0.506693270312524,0.244998565763067
6014,6837,0.000664269719571264,0.00469137612423952,1.08736159458859e-05,0.367273622556576,0.122450266899689,0.00026594183559392,0.116326729001686,0.388316920246699
6980,3001,0.00489371942944928,0.0333161422890055,0.000141218350717439,0.104040299359422,0.15202773071756,9.5390868433848e-05,0.270715270289337,0.434770228696075
9458,8757,0.00560034478807801,0.0566697757547147,0.0233515377496485,0.272566546911951,0.0468417359862149,0.000240646689234794,0.41449110785857,0.180238304261589
5809,3840,0.000605517785530255,0.00416145722544703,6.9921023501761e-05,0.229808525782777,0.0650630017472626,0.000140670021635424,0.497475010355944,0.202675896057901
4841,10313,0.00178881193114141,0.00191285167000273,2.50362688769455e-06,0.390985260417637,0.0932675651876012,0.000118568305536809,0.184555476595663,0.327368962265531
4982,3600,0.00018607206887823,0.0042652813404831,9.86911823333863e-06,0.174025803359143,0.109158396122087,1.20631300816257e-05,0.349537625203774,0.36280488965732
7807,3241,0.00193544024347321,0.0116843567410929,0.000956479662047759,0.0303100579122387,0.087798910609373,0.00236903039696907,0.572700762779823,0.292244961654982
8290,1923,0.00172020622425063,0.0164407233987372,0.00027766555908,0.121527876609089,0.0738261494247042,0.00018330506250218,0.500104517715592,0.285919556006045
6151,8515,0.000270621932737545,0.00159928723752594,4.88221707165383e-06,0.109187507276751,0.0364864330077355,5.14590260351923e-06,0.715559880952451,0.136886241473124
7461,6957,0.0013843520803478,0.00295338073175104,1.30674152087174e-05,0.296431765815493,0.228564973243263,1.26692571933087e-05,0.123708470723862,0.346931320732881
8494,6838,0.00168459674855978,0.0107155690173315,0.000239256067071944,0.263587545448168,0.142439147526205,8.45995324496634e-05,0.104444347752029,0.476804937908185
4981,5278,0.000274206178393695,0.00120951701161843,8.47338898258953e-06,0.0177610391903546,0.0510511229874984,2.57596463893706e-06,0.722682027165845,0.207011038112668
6911,3600,0.00240996938205368,0.0134319689783414,5.8434631358035e-05,0.132758327619818,0.164556066525854,0.000193515736693824,0.21943400853003,0.46715770859585
7322,7916,0.00105538971127041,0.00365255112785312,9.32383527274494e-05,0.160451003162875,0.16811527202154,0.00018110432477104,0.100920151171653,0.56553129012731
9251,9356,0.00671395561811916,0.0357279388397211,0.00301140445857763,0.260114710469819,0.0971416219067776,0.000932926687484089,0.321163530529037,0.275193911490464
9942,5520,0.00276315719945234,0.00705311978003142,9.89568027021392e-05,0.048410264514457,0.374467489175678,1.81575178290861e-05,0.054806772980769,0.512382082029081
6012,9714,0.000277261661503756,0.00129713647769294,3.50921865084571e-06,0.499280014997507,0.175017722405153,1.07600881528683e-05,0.0814027728654822,0.242710822285857
5667,10553,0.000347805669241393,0.00288007287425898,2.65223823587209e-06,0.453028513166687,0.111701316013731,1.41841718495048e-05,0.0642508456081865,0.36777461025781
8839,6239,0.00364450545179888,0.00771871000450528,0.000893418458694706,0.0849841878908921,0.282390833850945,7.15791339908614e-05,0.0696267944369779,0.550669970772195
3051,6236,0.000708629595501883,0.00712458158331102,4.77535718489066e-05,0.110548900792097,0.113561348937901,1.1542647001557e-05,0.32215054516353,0.445846697708809
9599,2043,0.00124958261069964,0.0274322816568098,0.000648402717324738,0.260298307174764,0.109825251591224,3.25308172165128e-05,0.212926418289176,0.387587225142784
5118,7915,0.00517877056670671,0.00818390009104195,8.58444914433213e-05,0.159731657008272,0.157408138234593,0.00148353190587948,0.199315150367926,0.468613007334138
3604,2400,0.000843625569132488,0.0027209554828433,6.59994413163286e-06,0.292294273609866,0.261692119265777,8.25282728003551e-05,0.146380332959659,0.29597956489579
8427,2882,0.00652936435323479,0.0163123813940306,0.00117944384929031,0.171314917973225,0.184442461899722,0.000469681075780917,0.220586592987233,0.399165156467483
4018,3120,0.000569892908377595,0.000794410209570382,2.56826931341171e-06,0.214282004414737,0.090515052626415,4.99483168393588e-06,0.420005844126963,0.27382523261294
6288,10194,0.000799219451080833,0.00417055903625643,1.28527068401033e-05,0.258349222532477,0.0941313022855638,3.16236792810417e-05,0.323569212939949,0.318936007368552
8011,7917,0.000361431590859072,0.00675194780457883,0.00021213779811177,0.562084677199732,0.0929188856130038,1.15035049346158e-05,0.0853993746225519,0.252260041866228
8634,2522,0.00390279961538227,0.0348506583045346,0.00180374655191705,0.0652996053036445,0.224201024563608,0.000595149663333055,0.249568618746014,0.419778397251566
8288,4800,0.00314498352076256,0.00842182202185738,0.00055031142991229,0.0666763508545436,0.37150587911507,0.000145262434738658,0.121029438037798,0.428525952585318
6841,4919,0.00256061693763823,0.0108863497139126,0.00011803115355327,0.100931271961382,0.157323337434039,0.000278769506660451,0.285045017965455,0.442856605327359
6703,5878,0.00163936789143132,0.00550313759512116,4.73686084581592e-05,0.138422895693021,0.319955759952763,3.80091343655518e-05,0.183779180086056,0.350614281038783
3260,2280,0.000803121351019006,0.00382267437426091,1.76759707974592e-05,0.378777885011509,0.16542710628751,1.75180962360421e-05,0.141068228236409,0.310065790672259
10081,3122,0.00157766432595139,0.00637410550270198,0.000242711723751924,0.120206299306622,0.178655431144353,0.000700817357426259,0.0340011383529975,0.658241832286196
5807,6477,0.000175291144444939,0.000955241371441038,3.93235473368938e-06,0.299980350860958,0.306981960161694,8.43490852517444e-06,0.0878526644526629,0.304042124745541
9458,8037,0.000925153446766654,0.00832071628614664,0.000169477275827814,0.309546674232028,0.111528176073256,0.000322736794650344,0.175532443388064,0.393654622503261
4224,4438,0.000213861335219245,0.00626459423080522,1.53174360108133e-05,0.371193143062607,0.0829163175953079,1.30850284452635e-05,0.23598469512052,0.303398986191085
8495,5399,0.00301721110334901,0.00149015147941575,7.22135763542289e-06,0.0627375150239875,0.324543999289811,2.88705468808873e-05,0.123942398664212,0.484232632534709
8496,2043,0.00413175168042752,0.0370161920157922,0.00148314085679703,0.186583881217761,0.0871678253812102,0.000443004055969028,0.392819640903009,0.290354563889034
6428,5159,0.00204858542576539,0.00587296633590558,2.41752702034954e-05,0.211655709681966,0.115517597727481,9.22571730727315e-05,0.307256401198844,0.357532307186763
6497,3840,0.00173059036368972,0.0136277692192708,8.77761483555246e-05,0.088193331573134,0.0971163028426536,0.000180342436138652,0.397953813011256,0.401110074405502
9045,8277,0.000451907297616188,0.00664373682045755,0.00022011671481953,0.482632057780385,0.0718879289369905,7.2942286670104e-06,0.113176470954571,0.324980487266494
6495,8875,0.000396354651079312,0.00296455620124972,3.59856754131708e-06,0.515941817092379,0.102538650743827,7.78334666087572e-05,0.121230954150201,0.256846235127115
10078,8637,0.000163886018715581,0.00200170624663697,0.000102203967829722,0.00283500312825479,0.00795745580733763,0.000158736339303303,0.881606626319997,0.105174382171925
10216,7918,0.00520305760325291,0.0149269673688815,0.000287667521264627,0.2968891234414,0.128794913031386,0.000199899563381343,0.204526413771317,0.349171957699116
7392,7077,0.000621420109037629,0.00678912097362318,7.85642062816848e-05,0.36821937080413,0.209756545528784,1.76041761266577e-05,0.0892720021722659,0.325245372029751
4979,8635,0.000963937438054648,0.00449549227110579,1.22769786585933e-05,0.416611713465704,0.132493577496614,0.000205225169897636,0.12489054461801,0.320327232561955
7529,8276,0.00103469154991335,0.00423782262753556,0.000178391639037875,0.197474729261747,0.198385005962134,0.000166890964140738,0.0493882367553269,0.549134231240165
6772,5998,0.00273068107780943,0.00448097799174928,7.45875243540825e-05,0.153486048183117,0.261742559635153,0.000290802565465084,0.117666988722742,0.45952735429961
3604,2640,0.00191871778187224,0.00838144117049511,1.03622879548089e-05,0.252838137934898,0.214495436114105,0.000111217018809664,0.196606243354941,0.325638444336923
8565,3601,0.00269846211614521,0.0134250697873039,0.00039232043486486,0.0979072792259003,0.218115605030049,4.67311815386356e-05,0.107827599440648,0.559586932783549
9803,6719,0.0068070358147459,0.0248982672017201,0.0011261728029966,0.261697402211673,0.162063559661565,8.73585534369171e-05,0.150383891125755,0.392936312628109
3877,8634,0.000657296172782736,0.0021771455357036,5.01922374520529e-06,0.487318060443779,0.123578035469833,1.82613171717599e-05,0.0866101484331618,0.299636033403824
6567,2761,0.000548384782382209,0.0088365463055926,1.89973816339396e-05,0.352295640901106,0.079103575291542,3.18831135573541e-05,0.247370140015902,0.311794832208283
10218,2883,0.000654603649070683,0.0219685196823369,0.00031924128027492,0.421870214665495,0.122238035917568,8.55083976418862e-05,0.131253813009826,0.301610063397786
9597,5640,0.00285680745587567,0.00458612598959033,3.99905565144871e-05,0.0524140785491017,0.397034250017446,4.58315854479552e-05,0.0825150838285269,0.460507832017497
8289,3841,0.00360935208413645,0.0144325802665343,0.000746865477878283,0.0321657816511261,0.242692088102322,0.000524621993143499,0.201658321707488,0.504170388717371
5049,7795,0.00314844784365024,0.00609677549289749,1.78142253720323e-05,0.218236974579299,0.145322357333697,0.000372072342535593,0.15146660918527,0.475338948997279
7873,8156,0.000947580006613354,0.0034436834981947,3.44541233337405e-05,0.38759943040047,0.132985553626057,9.44683519695679e-06,0.11444536815196,0.360534483358174
5120,2401,0.000346380262945622,0.00219651636636164,4.92748537650416e-05,0.0835186286301465,0.0907319685704159,1.34400470677658e-06,0.457793254271345,0.365362633040313
8152,2642,0.00334411078893133,0.0324115116099444,0.00434167432420327,0.136726771070121,0.119478780202061,7.98205239354699e-05,0.362888357793121,0.340728973687682
6428,4679,0.00114925972067895,0.00957791731001235,0.000128456331522013,0.1533731850869,0.148971461199052,0.000456522664045709,0.237746484274267,0.448596713413522
6980,2522,0.000750378825064042,0.0121621114809326,5.82032628574465e-05,0.276547320880899,0.117134540934792,3.42013882439806e-05,0.206442700525814,0.386870542701397
8772,2283,0.0123656890165967,0.024125717326052,0.00100780663579949,0.0463431414583274,0.24578695444645,0.000367752968889819,0.144991070882951,0.525011867264933
8837,10075,0.000571779627628562,0.0111784186334023,0.00109656401600346,0.0461778241979459,0.0191909688132755,1.97695651448766e-05,0.783327614789324,0.138437060357275
9527,7678,0.00175084054494299,0.0121287635535671,0.000535744385105684,0.388867929030731,0.0849796695315263,3.45994044371887e-05,0.166619785827832,0.345082667721858
4911,7795,0.00197133533462029,0.00456496404414112,1.60524122516394e-05,0.298815593604115,0.13190657888268,0.00149327059586127,0.192904331271658,0.368327873854673
4360,7076,0.0046666840256813,0.0070736111915397,2.89033443306734e-05,0.206501196724638,0.178370999523481,0.00241655134937057,0.136841796878723,0.464100256962237
7324,3840,0.0025301193794794,0.0139038869396582,0.000156238949411023,0.0784359377457895,0.148280784947634,0.000140448669159112,0.422871764637195,0.333680818731674
7187,3601,0.00176477672014606,0.0142274483664981,9.30823419572281e-05,0.045335178154407,0.126879761205127,0.000221334166458326,0.354125633617732,0.457352785427675
8151,4320,0.00489121868922094,0.01220391336056,0.000308996254436869,0.0397349221779532,0.358563641010462,0.000683066850069306,0.225014387143775,0.358599854513523
4361,5397,0.000789338434352644,0.00347124286454149,2.2024036062686e-05,0.247726332894809,0.0765202400578869,2.37099865887018e-05,0.343351654839661,0.328095456886097
9668,2163,0.00251760177454988,0.0227304448518141,0.0017067242985317,0.299130186041417,0.128271082810699,0.000125719137493907,0.204980264370007,0.340537976715488
5741,1802,0.00152288347416486,0.0195503443762985,9.69256017904295e-05,0.130234142632156,0.0815036553665802,5.09610323203528e-05,0.400862289331934,0.366178798184756
5810,1442,0.00295471294279669,0.00830356879127537,7.12851007262877e-05,0.133258905142367,0.0877032668495263,3.18646343779151e-05,0.48175104591735,0.285925350621581
5326,5158,0.000153099339898034,0.00148548795998426,9.17428706180211e-06,0.367666299361085,0.0515552539573582,9.23772454926177e-06,0.302915442123836,0.276206005246228
9114,6479,0.012775477335069,0.0135453496149736,0.000309680331176079,0.191339835092307,0.213307266072311,0.000292249160844811,0.201985196860339,0.36644494553298
9460,3242,0.00184937634531184,0.0122182969783047,0.000645005542562391,0.0643824029550419,0.187710769308334,9.50249945089442e-05,0.0865288767395477,0.646570247136388
4911,7316,0.00135788626920305,0.00325959011256788,2.71522579099456e-05,0.199973028486206,0.155660025999729,0.00117673418157624,0.107525396207093,0.531020186485715
8910,2283,0.00420571033998962,0.00794401955159285,0.000919312666939645,0.0239342298673606,0.244637502429921,0.000305228575180695,0.034383808610056,0.68367018795896
7943,5879,0.0022786891909782,0.00800862075970658,0.000286382908008488,0.183438243764194,0.279076588308341,5.02036377004105e-05,0.144535048511062,0.38232622292001
8631,8037,0.000674319127726066,0.00464975414061914,8.30870217416757e-05,0.534147468591042,0.087858751042394,2.17349964696545e-05,0.118054068861962,0.254510816218046
5877,5638,0.000619782769864325,0.00329347651700066,9.89183146270205e-06,0.298740030209693,0.116490144565661,2.31502607161658e-05,0.220730714690243,0.360092809155359
9733,8517,0.00204639405948767,0.0271852813006747,0.00167799624391309,0.260789156889323,0.0652949609178711,0.000166537709707126,0.402785211732045,0.240054461146978
7532,2042,0.000945458613039226,0.00761020543205022,1.33323875957455e-05,0.361049361640323,0.13394285235488,6.19604046334148e-05,0.191660964686338,0.30471586448114
6290,6118,0.000601600911736401,0.00405373189495072,5.07733276029184e-05,0.167919398659804,0.179064370958999,5.1746536588238e-05,0.135077297087678,0.513181080622641
7256,2761,0.000619568496596314,0.0110385332710936,7.22035245307935e-05,0.265226985428708,0.0952916199258643,3.61315570502095e-05,0.235868660998088,0.391846296798068
4842,8155,0.00652080473114431,0.00728595755904295,4.7616143820772e-05,0.204863281254343,0.158475952622112,0.00235800705314826,0.0956393178510448,0.524809062785344
8358,3242,0.00358195058864894,0.0228965153418382,0.00053535183142983,0.20495286709878,0.178842924367303,0.000187642621166757,0.196686361298286,0.392316386852546
7460,7197,0.000755149688677194,0.00755112878132471,8.77703946738981e-05,0.381893824085179,0.194706532739752,2.67845219121954e-05,0.102630416431284,0.312348393357197
3258,5637,0.00415648340925674,0.00400144591707795,0.000162441655181307,0.169339373981258,0.0917690393530047,0.000496508681748906,0.389726498437525,0.340348208564948
5599,9714,0.000888354874482093,0.00295576036499816,3.1432538995547e-06,0.404006708249024,0.144297195954526,4.66664623851162e-05,0.0546409563942842,0.393161214446401
9320,8517,0.00566242422891938,0.0290732037364365,0.00243071870429737,0.206989006190787,0.0676044492415279,0.00101426872091384,0.443888119081311,0.243337810095807
5875,9234,0.000265662182752958,0.00275335275967582,3.37270156117334e-06,0.392680095751979,0.151784326392331,4.14328787262688e-06,0.090384865362882,0.362124181560946
5670,5518,0.000786570677679312,0.00317175116667973,3.32421872771197e-05,0.40432143932069,0.086537644053969,1.54433173971873e-05,0.186993864266417,0.318140045009891
4499,3959,0.00291223682472123,0.0182375390233758,0.00429703168649162,0.265233830556945,0.0618325231658326,0.000229385889855941,0.272387839232341,0.374869613620437
3329,3119,0.000727901776243823,0.00524884638540468,1.69486684039354e-05,0.36917041799023,0.208671489776173,8.55818250647189e-06,0.100071941713724,0.316083895507314
8218,7797,0.000383933805561122,0.00613189357276918,0.000120007006358197,0.51841756290509,0.0737959415439997,5.50862437164616e-06,0.0857423136071055,0.315402838934745
10009,8038,0.00342518807905948,0.0209049644826148,0.00149825229275552,0.385146809598009,0.1233302756965,0.000280737956691795,0.130689713924413,0.334724057969957
5876,7796,0.00109366732447329,0.00415035091424465,2.47228190292034e-05,0.163762631759144,0.0877792576394104,0.000739715225349612,0.453807738808967,0.288641915509382
9184,5160,0.000256627308400284,0.000753669872102267,1.33745581709525e-05,0.0174660714540272,0.217310723730993,0.000107363599795441,0.00299666841055401,0.761095501065957
5807,7436,0.000968115165263283,0.00299542357571512,6.02262016305898e-06,0.37706709473023,0.126592862585204,0.000125498159808686,0.148613610002064,0.343631373161552
6289,7556,0.00352433448067358,0.00925494403356013,5.94554083390448e-05,0.248744890807423,0.178350800004796,0.000858372502647696,0.15412066591431,0.405086536848251
7186,4560,0.00154857689751474,0.0064291631319712,0.000114210909363186,0.0926252535207156,0.192173653704069,0.00142721780284099,0.342697832263434,0.362984091770092
5669,7916,0.000632075056683859,0.00151874995558415,7.33224197972232e-06,0.191241547290986,0.149658465691425,0.000128683539134315,0.0355303744813942,0.621282771742812
7118,2522,0.000481052300720398,0.00598274185588844,3.40302905482211e-05,0.411746270582456,0.0831898959504249,1.55172137190415e-05,0.198265380308475,0.300285111497768
9389,9356,0.00288962737648547,0.020098447192297,0.00124971601673341,0.214168126765777,0.0738308745573241,1.75284264111831e-05,0.291168859824551,0.396576819840421
5533,4559,0.00029644176304412,0.00248880922543092,3.40619489144796e-05,0.379405393864475,0.0460327806275993,6.77149873630159e-06,0.356048471708877,0.215687269362923
3533,8034,0.000219580399898309,0.0011404603521115,2.02399658707513e-06,0.269070872147609,0.281942687667915,2.26693341280682e-05,0.021252507949084,0.426349198152667
7737,4800,0.00292729061489707,0.00682279428504308,0.00135227939189599,0.0294792396657346,0.228796040553042,0.00101232394499818,0.108758351270782,0.620851680273607
9252,7438,0.000901078691813992,0.00760609013776279,9.14375254349188e-05,0.3626697850034,0.099979315498345,8.16380648652802e-05,0.0887296814597049,0.439940973618673
7460,8876,0.00046940932583493,0.0026296444591842,1.35048109331646e-05,0.381303688656518,0.156102466222128,4.05758327009954e-05,0.129779599043757,0.329661111648944
6705,1802,0.00154439805215147,0.0088859339016313,8.62424641372434e-05,0.197444711554419,0.0777076575900819,3.26072746184343e-05,0.41092590310386,0.303372546059101
8220,2762,0.00497300714525296,0.0343900065521806,0.00470721307123235,0.160254395668376,0.129830668859745,0.00178366222953387,0.331195469396952,0.332865577076727
8909,3242,0.00162550605142461,0.004075405352431,2.90612204717652e-05,0.0990511050006854,0.232393297616553,3.44600191646434e-05,0.0952393961120521,0.567551768627217
5324,7796,0.00183098373947747,0.00630610366862997,4.02549535264329e-05,0.179105884447283,0.176473191057321,0.000568201813769377,0.07101478966405,0.564660590655943
6428,5398,0.0017635106568565,0.00856691402305146,5.46393514447362e-05,0.195031545849308,0.138402065157121,0.00030548216480159,0.235032505014114,0.420843337783303
8564,4800,0.00202661349206874,0.00427490069461808,0.000108041727863025,0.00549949038161099,0.306855305080562,9.67658971130396e-05,0.0620534959938428,0.619085386732321
4772,10193,0.00160395766459684,0.00425910374593602,4.7342578855237e-06,0.371988614701273,0.141878320227649,8.70665603041337e-05,0.120118710828408,0.360059492013947
3878,7195,0.00120071185969754,0.00479106939577703,2.92089685398234e-05,0.0680305043508644,0.0765322644505055,0.000144296718731593,0.524743334436175,0.32452860981971
4292,5278,0.000296110962058838,0.00364798967359098,2.88990019384762e-05,0.382417464757814,0.0705256918282016,1.69572072052677e-05,0.262718348497937,0.280348538071254
8220,3002,0.00264554562278438,0.0154743189302709,0.00243515887100233,0.1459505244223,0.154450841999996,0.000438088173364775,0.35995703256074,0.318648489419542
5741,1562,0.00114046099511801,0.00999314586472928,0.000331642656014644,0.163248146357543,0.074945346053903,0.000193105496514722,0.469768481111235,0.280379671464942
8217,9236,0.00434799074090487,0.0256378366183182,0.00172919575536965,0.230087715142916,0.101357737805428,0.00125910088127232,0.338072058355418,0.297508364700372
5325,6117,0.000250384011413886,0.002131720606997,2.62314860440001e-06,0.404197114433427,0.209738401572288,4.58330072205801e-05,0.124325510579873,0.259308412640175
4291,8155,0.000375968770017006,0.00227943442585955,4.29949345587056e-06,0.509272516875177,0.110685973262056,6.14368720985943e-05,0.143145206147319,0.234175164154017
7391,7317,0.000854604653793777,0.0126601434190471,0.000217842471532383,0.382693126562982,0.204435594954164,2.71620496212247e-05,0.082021151299789,0.317090374589071
9322,3722,0.00138505349944643,0.00847789548320754,0.000308490043820143,0.0727307310850567,0.186276754895941,0.000357790256798701,0.0792603439594938,0.651202940776236
9391,3841,0.00256665012506838,0.00939227902247944,0.000147386990263081,0.0930388048476604,0.252332397825381,0.00314719428947265,0.117739855024393,0.521635431875282
3602,7195,0.00322095128465169,0.0104995657506183,3.55931873150045e-05,0.28134897919491,0.142526496373232,0.000453248304792054,0.157709293187393,0.404205872717088
8633,4440,0.00505191035773189,0.00540125062900889,0.000376895280510432,0.0577405317186846,0.288425463306518,0.00347618768064335,0.153097131933079,0.486430629093824
8082,4440,0.00435662461427607,0.0138554029002688,0.000183556312562459,0.0536924596818723,0.394742888950822,0.000386361273194249,0.18320881554582,0.349573890721184
3880,3359,6.87701914610224e-05,0.00117674366546658,2.80855264437097e-06,0.282413017970329,0.192162752250827,1.03378420474445e-05,0.295488874626986,0.228676694900239
4913,3240,0.00319150797609161,0.0142269745403403,0.000444551229797786,0.076315760864586,0.0604200994139996,0.000141428316331105,0.572480917812954,0.2727787598459
8700,7677,0.000470805939645675,0.0070342904181764,0.000210410851442881,0.534990237377335,0.0899257675601111,5.6809630824515e-05,0.0988216017368538,0.268490076485611
5877,4919,0.000656192831530206,0.00540229585245943,2.61430306359835e-05,0.132892600438158,0.04708179386428,3.71472892141104e-05,0.587561693956292,0.22634213273743
4155,4558,0.000606339410437905,0.00547488464221765,2.19276085656714e-05,0.349161342785965,0.1177288444896,2.38749618341367e-05,0.27866607931811,0.248316706783269
5737,9714,0.00117328654852593,0.000971260881223806,1.32256678044956e-06,0.411872820347343,0.17741278683646,2.12019513887642e-05,0.0851281053830116,0.323419215485267
8839,5759,0.00299989536038849,0.00824455832258502,0.000110351535090596,0.065948239808424,0.2984987560132,0.000482004633722896,0.0890465298812296,0.534669664445359
7322,8396,0.00139443511528855,0.00461321560423442,3.94327186727303e-05,0.225109333512111,0.220112206910585,1.98631847756609e-05,0.115124896133513,0.43358661682082
3327,6476,0.000336516272397212,0.00182943916432697,1.0641614347973e-05,0.210008195770118,0.124613459101683,1.70194250231161e-05,0.10156112361656,0.561623605035544
4775,3000,0.00168208489975766,0.0184690209851935,0.000646676500574027,0.0828311865729642,0.0686809732996685,3.50580461240764e-05,0.512821147240145,0.314833852455574
6151,8755,0.000149592262371624,0.00155923590110074,1.66692780008202e-06,0.586046774677112,0.107465728566182,4.09240247245355e-06,0.132556823410209,0.172216085852752
4498,5877,0.000813198826604791,0.00284576674504806,4.23088223303252e-06,0.277809181170185,0.165226657464799,4.30361285656247e-05,0.101352823236744,0.451905105545821
4497,9234,0.000311366434240966,0.00134888581947887,2.34623195634036e-06,0.530995696749403,0.0986043182203557,2.21451878650254e-05,0.121483569884949,0.247231671471751
6703,6118,0.00473275161671301,0.0140746891240413,0.000445292826904529,0.105860359114318,0.194192494847995,0.000381031428689913,0.22338651960734,0.456926861433998
3536,2040,0.000391286121237747,0.0022160493542271,1.19092162870084e-05,0.298798073816659,0.167079108760695,6.24831708432886e-05,0.102313820231695,0.429127269328355
5670,5758,0.000947379343388247,0.00827558790570332,7.25550794306712e-05,0.249136792206848,0.217803602320911,0.000122903643490391,0.157147270346295,0.366493909153933
10148,5880,0.00189411023500537,0.00167746800259241,2.5801504266959e-06,0.00509077916808758,0.297070080473823,1.25343967898784e-05,0.0041560358641424,0.690096411709133
5944,9594,0.000240172065984734,0.00122320433590656,2.05391117912951e-06,0.44699233885033,0.17826338027934,4.46471887936932e-06,0.0935223381696766,0.279752047668703
8355,9715,0.00488631532514491,0.0242225080680995,0.00293556725211242,0.285685622140255,0.110273338844272,0.000990946006972691,0.213379858715964,0.357625843647179
3879,4558,0.000584330649558877,0.00584871464230616,6.12445101813242e-05,0.424369258568866,0.145616114248756,9.90852282123674e-05,0.100828533162287,0.322592718989833
5255,7915,0.00147365756559527,0.00770194084029935,9.97423280299396e-05,0.139942983108179,0.097570641665058,0.000921595855825634,0.379871968568372,0.372417470068641
7669,3241,0.000934523964302567,0.0076436626406595,8.48294382456839e-05,0.0160102299904352,0.0710889009537766,0.000173707635498625,0.651370641882517,0.252693503494565
5464,3720,0.000265087539944235,0.00422054587547926,4.13030982840769e-05,0.190296695156042,0.0444188709305299,2.50768264916608e-05,0.446634754172221,0.314097666401008
8769,9236,0.00312972104189287,0.0145615023984605,0.000609708315480599,0.297815225130082,0.132175461222902,0.00104430911736168,0.21240007124266,0.33826400153116
4498,6836,0.00275325751367774,0.00377036876463111,1.29232597448975e-05,0.300470036762504,0.184321041668028,0.000119926953549255,0.118163848935162,0.390388596142703
9391,3602,0.00346957162695152,0.00775987588568812,0.000858493177341861,0.073948177244648,0.217630364013479,0.000106029995649819,0.084006840668238,0.612220647388004
6152,6597,0.00215068641723101,0.0121090101010568,0.000211541474668579,0.231656717815072,0.225929287767116,0.00129351389012918,0.174199982282927,0.3524492602518
4016,7196,0.00119188532947659,0.0017848324231653,2.23260670158274e-05,0.095084494014246,0.0788152336536395,0.000822457656271908,0.534371461794077,0.287907309062108
7807,2522,0.00259529277754492,0.0188001588693849,7.73944409156531e-05,0.0541793242630816,0.121327425753688,6.46139251770856e-05,0.3985155759449,0.404440214025308
2846,3239,8.41030182856706e-06,8.08971609249208e-05,6.04144131011448e-07,0.000180130662350377,0.00491102139081641,1.27768811428806e-07,0.957742144625995,0.037076663945142
7118,2761,0.00172602980219635,0.0260737733564677,0.000203745116218872,0.201860286443553,0.133848384943455,0.000157826138588729,0.186000118042241,0.450129836157279
8838,7677,0.0011590785747311,0.00843681760913312,0.000236056413555226,0.474157182542331,0.0717499880515059,2.20232404899462e-05,0.120004313873403,0.324234539694851
3397,3239,0.000449287263772385,0.00266300577851748,1.06237224746458e-05,0.40826771986443,0.183379470681314,1.36764653621054e-05,0.120299561873676,0.284916654350454
8700,7917,0.000500293694765067,0.00395325365002848,1.74823340131886e-05,0.555816285102007,0.0687557739188688,5.25492129950272e-05,0.131733354559547,0.239171007527776
3674,1801,7.93699329622389e-05,0.000901269918166661,2.15744668177033e-06,0.267437570443088,0.310681010810772,3.13313426534701e-06,0.0395464119267114,0.381349076387352
5395,3120,0.000753676032340952,0.00276889742395009,4.02020182353412e-05,0.13740874388041,0.0754125273031669,1.22726060272211e-05,0.477599251345909,0.306004429389961
6358,6477,3.99996264433058e-05,0.000364826234244185,4.25036389795243e-06,0.000398688281219323,0.012698699082217,2.0809110453173e-06,0.868360162034561,0.118131293466372
3121,4198,0.000855659587080938,0.00483999544957938,3.45807832117507e-05,0.182285255473614,0.103198277022097,2.69569703954134e-05,0.39781951908719,0.310939755626831
10081,2163,0.0019247536117431,0.024888816025829,0.00231809330281561,0.44837800600358,0.104377172397091,0.000224450333108941,0.14020460415464,0.277684104171192
9254,3602,0.00358862468414816,0.00530191672020159,0.000102546611366977,0.0626000767533775,0.241010043737527,0.00022870495589807,0.134091239238721,0.55307684729876
9184,5879,0.0106828577158614,0.0153049081043267,0.000401651474476217,0.0526036879717525,0.270475967907131,0.000104348534022665,0.136754749775775,0.513671828516655
7118,2042,0.000611196825714141,0.0121637824316628,0.000171276450571184,0.0961616315745593,0.0382553037533514,5.63870093889883e-05,0.630861315271519,0.221719106683233
7804,8516,0.000731718984507329,0.00477909533669478,6.78872778838454e-05,0.330439401026996,0.145154845615364,0.000138740585169898,0.0605834197480882,0.458104891425296
7118,3960,0.00205374499028325,0.020489976477269,0.000211721107164351,0.0813762896281823,0.117084078553744,0.000226610682943942,0.376220808137935,0.402336770422478
9459,6839,0.00324514296053082,0.0179822825752197,0.000996616001504586,0.348515379676112,0.0903642632606379,0.000254738555065049,0.225585285149525,0.313056291821405
8634,1803,0.00504254736878707,0.0519422925768393,0.00107796149962559,0.0883758170705118,0.0918175179538752,4.99657420910159e-05,0.395861402377189,0.365832495411081
7187,2162,0.00066827932307922,0.00552455324906944,3.71275015416869e-05,0.264433573055323,0.072573551155526,2.71260243355212e-05,0.348173348484674,0.308562441206451
3809,6596,0.00169747536206101,0.00302555194755483,7.3804798297604e-06,0.245299481940304,0.136586191508445,0.000188014502549967,0.282198779354287,0.330997124904969
6704,3241,0.00144831321325102,0.0125485542523092,7.25427141113608e-05,0.0401310655394473,0.0668820520787269,2.67073263105288e-05,0.563661853099359,0.315228911776484
5530,10073,0.000255959573170916,0.00175515556965727,2.94543120328852e-06,0.496512096999367,0.111967680990356,2.5047972363667e-05,0.114396989228313,0.275084124235569
6498,2881,0.00143174064748382,0.0295804497875288,0.000937915686139235,0.188446577419073,0.0713825401937293,0.000339096495653219,0.406215834407545,0.301665845362848
9530,2163,0.000520630671771109,0.00945856792297887,0.000116841805371962,0.039623870418323,0.029787236780456,2.22367807470006e-05,0.765645400889428,0.154825214730924
9320,8037,0.00340184062016939,0.00907355230060465,0.000349686417901071,0.313490597203623,0.108885663076387,5.23352116115776e-05,0.16330959976967,0.401436725400033
6291,3480,0.00154030392319798,0.014281198818991,0.000504295831022751,0.122164422692352,0.0725322961895606,8.46278130534779e-05,0.495671022221198,0.293221832510625
8011,8157,0.000483973516556447,0.00581520582378606,5.99481792015826e-05,0.514970525137912,0.0892395422104074,2.46515974772764e-05,0.0931694165735382,0.296236736961121
8220,3961,0.00313531110026622,0.00870733032724759,0.000176219653053409,0.114301806600353,0.332675961570593,0.000428313121507017,0.199179776778289,0.341395280848691
7392,6838,0.00100585048602103,0.00460035436970458,2.83756302302737e-05,0.2196509533237,0.230292587216674,1.05009278564959e-05,0.0899080253480462,0.454503352697768
6911,4560,0.00476949614228215,0.0147421506690386,0.000238017274718512,0.0436241861946971,0.147830920327587,0.000265358191049245,0.191182671131049,0.597347200069578
9457,9716,0.00298531135194045,0.0087360341806771,0.000276934104298818,0.19132851710485,0.191422863708033,0.000177584945494872,0.158089968267902,0.446982786336804
8562,7917,0.000188010834525565,0.00470566629487308,8.95937194111542e-05,0.543588103717993,0.0703582835054533,1.02060281648092e-05,0.0732956507986885,0.30776448510089
10012,3242,0.00469551173180731,0.0196621530241611,0.00140440592646313,0.0847718556617368,0.167959842836257,0.0101939586042627,0.113336336186972,0.59797593602834
8218,7317,0.00134579536156527,0.0115892710913408,0.000152814096327217,0.375172398132134,0.11942979541957,0.000610415160307112,0.139866782437263,0.351832728301493
9319,9955,0.000599106514668577,0.00346318532998079,7.46560022313613e-05,0.195089949766042,0.108851466761709,0.000423324698134463,0.0563063007521474,0.635192010175087
6842,3720,0.00216177222471162,0.010601192433659,2.99851763820506e-05,0.134099006483206,0.150887178104849,4.40968152129658e-05,0.274697364798945,0.427479403963034
6843,1562,0.00116340138283283,0.00890279230378619,0.000124243490000589,0.340308958284173,0.095803458041557,7.54884076301956e-05,0.2506859614334,0.30293569665662
4497,9474,0.000360514111890241,0.0026211381048149,5.5078294688742e-06,0.526767490662704,0.080443060599161,5.88875617843502e-05,0.0930612172935444,0.296682183836632
5946,4559,0.00152137109761702,0.0129686020162731,0.000828170739839477,0.117345213110332,0.056247918420202,0.000368512627124548,0.450812311910426,0.359907900078186
6981,2042,0.000171142796639445,0.00511237567439153,5.77070477384507e-05,0.0272519948304505,0.0277025885737402,1.35531996869976e-05,0.778664101011153,0.1610265368662
3811,2041,0.000167663778014094,0.00259078677900875,8.70529531545341e-06,0.182803170560111,0.209297013986902,2.46140429298446e-05,0.174530334019299,0.43057771153842
3604,2880,0.0012060702174216,0.00294582809646871,6.70462002311171e-06,0.309967252940609,0.255375859148919,1.04987257416994e-05,0.166423659295614,0.264064126955203
8083,1563,0.00145533711388506,0.0105908391593811,6.54403951799575e-05,0.0993203805211602,0.0940656639360653,7.07020559744607e-05,0.554694613601573,0.239737023216781
3189,5757,0.0013916967457292,0.00504307108735993,0.000157743698242411,0.195156412928009,0.0769336282701245,0.000126947918467055,0.366718223053893,0.354472276298175
3398,2999,0.000379603129633786,0.00791704936226525,4.26853253591687e-05,0.460775965911001,0.12500245855978,1.41981338966698e-05,0.0945447069147231,0.311323332663342
8220,4440,0.00194558794877825,0.0132244046699726,0.000634477958000621,0.0601683326386788,0.322780179578933,0.000199050073687788,0.15442770540491,0.446620261727039
7670,2042,0.000581578208920687,0.0114375777431834,6.57580902556572e-05,0.319592150449175,0.113164236693285,7.91797010557616e-06,0.224874217981077,0.330276562863997
5669,7436,0.00263706564050101,0.00673860146332923,1.757868914844e-05,0.319209286804765,0.139037902023898,0.000425107111736066,0.124472900462133,0.407461557804489
5671,4079,0.00160074179470085,0.00259207100863319,1.37489895084053e-05,0.15213544699934,0.0743698993031766,3.49437023398494e-05,0.605958279143626,0.163294869058675
10147,7558,0.00188277433880069,0.00561645736726156,0.000105798857087678,0.44872463679998,0.112206052221312,3.91263173099713e-05,0.14464966756811,0.286775486530139
5186,9474,0.000993347603854495,0.00145154567270007,4.43148351303087e-06,0.323532096194961,0.170879986102477,5.2041892132736e-05,0.100940335708002,0.402146215342359
4912,5158,1.47548732980465e-05,0.000517468762779084,7.04593755868772e-06,0.00557377850748504,0.0100568988496335,1.54416908563538e-06,0.829844238605744,0.153984270294416
9254,2643,0.00268281305866224,0.0238148680619672,0.00180378643857251,0.232933439248763,0.180670102820797,3.56744867237229e-05,0.162667656717114,0.395391659167401
5944,7676,0.00133606248954667,0.0083322716345106,3.19822053926022e-05,0.147925764184419,0.113463042830025,0.000227657715749088,0.396154725653126,0.332528493287232
6635,3840,0.00138778718385366,0.012626265588103,9.34321207254295e-05,0.0764832333823431,0.14067450428097,1.10594745959623e-05,0.255402667729104,0.513321050240304
7255,5399,0.000321516357674841,0.00254891550572851,5.38707172165139e-06,0.363731623591988,0.228124466815508,1.16043747798685e-05,0.133976851201463,0.271279635081135
9871,9716,0.0012827037715962,0.00562439994847985,0.000905852044944174,0.074084568013733,0.154853079400182,0.000798060754731997,0.0320407971672559,0.730410538899077
2915,3119,0.0001818057207079,0.00167306679700316,2.07069753179515e-06,0.08077540602071,0.075367786602912,2.24126625884684e-06,0.594760030368528,0.247237592526349
5257,5518,0.000748716908800865,0.00691885913200302,0.000104748007049854,0.259404795484033,0.116039929116813,1.05174735467786e-05,0.262990881122768,0.353781552754986
8151,3122,0.00158065928561574,0.0255138711546229,0.000862727725530792,0.173947329900852,0.161722979716863,0.000195928157310719,0.29321424833177,0.342962255727435
5739,5878,0.00160054151570652,0.009721226509097,6.29877470434938e-05,0.362390573417108,0.176862381154512,0.000139967183558952,0.141347461167738,0.307874861305235
8771,3721,0.00518369321816835,0.00719226954587457,0.000119976818528919,0.050450033904226,0.243084515276674,0.000753824889079335,0.111345756705158,0.581869929642291
5533,3840,0.00176836243628707,0.00506087242663365,0.000211724248633888,0.122807797670386,0.103325628862454,8.15277017699633e-05,0.387142469880007,0.379601616773828
8219,4920,0.0018848145264939,0.00852534608492087,0.00018088069097439,0.0885086147034339,0.319463384468986,8.58410924870453e-05,0.108451179566496,0.472899938866208
5739,6117,0.00185130045164165,0.00626716207370933,2.6710210310826e-05,0.302474190023413,0.175724241856801,0.000345201333126073,0.122728403831115,0.390582790219883
4293,2400,0.000904327830493149,0.0137872584136346,0.000381756230304554,0.137155541402407,0.167005147186032,0.000543732285868008,0.381457521255261,0.298764715396
8701,7198,0.000926014545959348,0.0108750941317368,0.000483856890437917,0.443649038632463,0.101406756209114,9.66276272186834e-05,0.0802420720891002,0.36232053987397
5118,7676,0.00221727514303691,0.00990381011524568,6.17254897654331e-05,0.181716396563122,0.131865017677993,0.00101159563688267,0.281625736530646,0.391598442843308
7530,5879,0.00192250255124954,0.00325003947476542,6.98735242145247e-05,0.194503018912481,0.269980263292005,0.000743334081874572,0.154671899643527,0.374859068519882
9872,6359,0.00475741867347188,0.0101391689569692,0.00054044650149288,0.119558006645517,0.224761454872364,0.000336240452293967,0.0482508597545409,0.59165640414335
4222,7076,0.0023408422799979,0.00704181814130827,3.29437381742629e-05,0.206848971596155,0.17012074675831,0.000276829938167721,0.105398967273815,0.507938880274072
4497,9953,0.00149151983633904,0.00438527139098196,4.39986317045855e-06,0.315365614596595,0.130408548244575,2.46481134564226e-05,0.153069487123565,0.395250510831318
9735,5640,0.00457924480741739,0.00376338982530899,6.76920524125598e-05,0.0351005221847736,0.340000007219401,2.83947878752542e-05,0.0989598231642284,0.517500925958583
7872,10075,0.000934394862462725,0.076186988682724,0.0317804399863638,0.406548089810767,0.0304913187137115,1.9363380918393e-06,0.0671741360463313,0.386882695559548
3809,6117,0.0010556969683492,0.00551535078068781,2.98432432416072e-05,0.225091801021586,0.0967194848074771,1.74251505106024e-05,0.369022974579362,0.302547423448786
4842,7675,0.00259241494821404,0.00706153708228498,4.7731822253565e-05,0.253027030361667,0.13347716402509,0.000282290908425782,0.208199791889719,0.395312038962345
3810,4198,8.87741413682482e-05,0.0013587994832953,1.40851143445411e-06,0.516547121762301,0.222144257837045,3.6099584141757e-06,0.0590732719926668,0.200782756313475
8151,4800,0.000613020838510632,0.00760756687953236,0.000151641209219031,0.126015234065568,0.32186975739928,0.000251911646120502,0.172011149881482,0.371479718080287
6841,5878,0.00342600420280907,0.0114433215118206,0.000103113522943607,0.242757741553837,0.18899831643021,0.000140165493834814,0.219773530567063,0.333357806717482
4776,2521,0.00439185476866713,0.00283634467508119,1.01241707449013e-05,0.26004986864538,0.157567211731671,5.8270761902665e-05,0.362448101797168,0.212638223449385
6839,8995,4.61869770202563e-05,0.000789835778724742,1.38974649949782e-06,0.651657361340545,0.130563846712031,1.97607806356081e-06,0.0576674099746074,0.159271993392508
3810,5877,0.00224869206191143,0.00548538302128513,6.67256304161683e-05,0.183189002810272,0.137881720291319,0.000370743337734642,0.146587534641682,0.524170198205379
3534,4918,0.00142466394233653,0.00626719745169718,3.41054766886772e-05,0.132399631464034,0.0815039007380642,0.000289243929747869,0.518225739306575,0.259855517690857
6015,4679,0.000742198823615548,0.00618254964912913,0.000154794175482149,0.105245262434729,0.0697877536955167,5.95803526704238e-05,0.531198452203864,0.286629408664993
8633,4680,0.00528635530004164,0.0046489501991436,0.000653125479219275,0.00996499365770105,0.353364954083474,0.0016127012039012,0.087787798725673,0.536681121350846
3880,2640,0.000724009004499769,0.00259860852330985,1.4303904892042e-06,0.292240246327161,0.256025690475464,3.84198298741856e-06,0.180656548758612,0.267749624537476
8289,4320,0.00258605707427338,0.0116396755313117,0.000354757333880174,0.0476985774312217,0.303670503450419,0.00126590474931217,0.216819379868491,0.415965144561091
6426,8515,0.000130347085153206,0.000740492459317297,8.54806359959556e-07,0.498914247051089,0.221190554464093,1.80634277059041e-06,0.0851132307535412,0.193908467037675
8492,10195,0.00575180443117067,0.158089940240039,0.0759388970051293,0.36483099299696,0.0253121961200772,4.54006536244737e-05,0.0557407120939544,0.314290056459044
7600,3121,0.000801948432680722,0.0136331923373523,0.000133835924419191,0.009618597697166,0.0452934055143518,4.76860966175341e-05,0.634947147130492,0.29552418686692
9391,5040,0.00175420307722807,0.00330815955504224,5.14164022350091e-05,0.0976827749589746,0.258208171719572,0.000915122927970052,0.0413879823657794,0.596692168993199
6635,3600,0.00390443519216809,0.0298880049186874,0.000254983983740573,0.0549164687459481,0.137503903902485,7.19298806190806e-05,0.320634587559152,0.4528256858172
3535,3239,0.000394633217839896,0.00318290825558071,8.06525120127831e-06,0.359161062902582,0.234389501843534,2.961588181373e-05,0.105070529847245,0.297763682800204
9458,7798,0.00111087244257994,0.00963936825629439,0.000239986624306987,0.397482770223055,0.0950448762435621,0.000174691441569422,0.143043926330826,0.353263508437806
3122,2759,0.00275178384492061,0.00923552263290325,1.24691608294041e-05,0.134555260021493,0.295735713653435,4.70255240445031e-05,0.17855069654731,0.379111528615064
6634,7437,0.00118575787180133,0.00361785592111839,1.44486696278949e-05,0.209466537730316,0.188685691416639,0.000214070771352195,0.177526500668609,0.419289136950536
9115,5999,0.00352825933973357,0.00366687714559957,0.000130909067911384,0.0364368101561559,0.292828751632417,6.62608055602138e-05,0.166653762130499,0.496688369722123
5189,2281,0.000873712661859557,0.00435245216728653,9.65019691122375e-05,0.11138754205579,0.108266784177449,0.0001121896249323,0.36217472843403,0.412736088909541
9114,8157,0.00126878906756823,0.0122966336855163,0.000610856604621192,0.368466379162931,0.0925632983525737,7.18797292387672e-05,0.187536515516941,0.33718564788061
6014,5638,0.000899385599658384,0.00479685189514143,3.16652128755554e-05,0.335796362465042,0.099932514962367,0.00010003185246102,0.218391167638626,0.340052020373829
5326,3959,0.000991313626981054,0.00234531280111659,1.4621252478378e-05,0.165300309142722,0.0510827241274899,9.90521508414223e-06,0.414552184294469,0.365703629539659
5116,10313,0.000688836141086774,0.003602354761165,5.75553278409688e-05,0.0915722032671945,0.0335115272238843,0.000107823751083133,0.676217319295054,0.194242380232691
3879,5277,0.000397343575303559,0.0034813604542599,2.34515612184509e-05,0.301829236408746,0.106166558119573,3.74920374250622e-05,0.274711422063149,0.313353135780325
4290,9593,0.00133404217582663,0.00323174856362704,1.52213841005154e-05,0.274011776759391,0.150858165566356,1.78788807191533e-05,0.112469760189224,0.458061406480755
5257,5278,0.000671214820623124,0.00285036661538175,4.75006552115494e-06,0.297868660215276,0.061145938686136,5.26757737916316e-06,0.402468664323252,0.234985137696431
5050,5398,0.000343510129907372,0.00356514368453017,1.21272216575298e-05,0.12704803512167,0.0607501685801837,1.89276197410702e-05,0.510204680355185,0.298057407287125
7253,8036,0.000708705917781239,0.00158110697365015,1.94926265955184e-05,0.189359956731113,0.15764775354032,5.0619204288334e-05,0.0681003803440165,0.582531984662235
8426,5519,0.00171301540868099,0.00726406722824731,5.54189587698596e-05,0.0781175191906604,0.32115964397174,7.37538679994029e-05,0.104571338619797,0.487045242754105
4774,6597,0.00129136083055005,0.00470315644548034,6.13388187887172e-06,0.329379131641491,0.175616441138478,3.72027466034066e-05,0.181794739535378,0.30717183378014
6912,2402,0.00146717445886545,0.00987952756623559,6.02236790851629e-05,0.288382372358846,0.111883864062255,7.69968639788755e-05,0.241880134708646,0.346369706302087
8428,1683,0.00347302904769192,0.0299334440782898,0.00107785167284019,0.106672322897488,0.13915158088087,0.000513587124348899,0.354697756742667,0.364480427555803
5809,1922,0.00133324273592766,0.0218591817390945,7.22647409450223e-05,0.104418892614395,0.0912534244078175,4.0413299497081e-05,0.525177008906177,0.255845571556146
8975,9596,0.00156018953675108,0.0191317587885449,0.000514533829094159,0.255571194845543,0.117146931497184,0.00117386514189769,0.252672973605572,0.352228552755413
5117,8635,0.00147862755160207,0.00502584644255347,1.33672362308716e-05,0.33042498706263,0.129454012342829,0.00036097113550294,0.139845389399209,0.393396798829443
4636,6117,0.000542759769983309,0.00203530463637437,1.50513047975398e-06,0.441687103571641,0.149083157677173,9.82904551818394e-06,0.114209516267169,0.292430823901661
9598,3961,0.00330616491466234,0.019840698035743,0.00264420535007049,0.117364616966405,0.154884910349277,0.00967652714247871,0.200982832235288,0.491300045006075
6908,10314,0.000351952733153249,0.00172218685406431,2.37946404202735e-06,0.475575234455324,0.175529096506085,6.72036112211209e-05,0.100926802861797,0.245825143514314
10009,7798,0.00339148173130107,0.0153435752975468,0.000111938637148848,0.380176581180066,0.109725626113189,7.80193847887935e-05,0.154384559082358,0.336788218573601
8012,6478,0.00128286684275005,0.00840300548975651,0.000120957485085045,0.208633193471187,0.234548884321491,1.05332081080967e-05,0.145946146764871,0.401054412416751
7462,3841,0.00317690873876867,0.0141204372494816,0.00055171700836295,0.0829704457212231,0.152522766370894,0.00270158977901117,0.408963839978745,0.334992295153513
9803,7198,0.00112361606963206,0.0111813163326895,0.000287933628148574,0.391783654595656,0.0923942667223946,0.000220611253531307,0.128947900146319,0.374060701251629
6978,7317,0.000446935879029668,0.00664215255567999,7.1103804670148e-05,0.211967116214781,0.213325144767871,5.23150229961913e-06,0.0552105782310433,0.512331737044625
7807,2762,0.00501883740127124,0.0191419457618475,0.000255664316044052,0.204060833343761,0.150153463895394,0.000404862177045588,0.263092184599792,0.357872208504844
3948,3719,0.000362575570734728,0.00127019004541757,2.11105612883993e-06,0.268063888522218,0.250342626920199,0.00053372795851619,0.163706011712115,0.315718868214671
6288,9235,0.000610433308091413,0.00285957489556622,3.04603364782591e-06,0.495486322490338,0.175223424134266,8.70387067756468e-06,0.101571566913354,0.224236928354059
3810,4438,0.000110916995322396,0.00185272356304591,1.90613709303153e-06,0.518827725963487,0.160173359233877,2.4066735964067e-06,0.0817964349775463,0.237234526456032
4292,6237,0.000948536776775073,0.00505113515651704,4.58019906920931e-05,0.0868368466293312,0.0638177350447214,6.17816534097303e-05,0.618793159595193,0.224445003153361
5049,8275,0.000926014720385407,0.00529373753871609,1.78194726544642e-05,0.329662408360327,0.151850528159331,0.00016256571296385,0.118523824463312,0.393563101572311
5877,4199,0.00141213850885297,0.00483128259257754,3.64509481422914e-05,0.153499136719873,0.072292436435016,4.03833996749473e-05,0.475515217434833,0.29237295396103
9665,7678,0.00195747138356776,0.0107811561415047,0.0002265219750944,0.414089802864732,0.0872150375435351,6.26878413064742e-05,0.137860112619305,0.347807209630954
8561,10315,0.00369777017709971,0.0600352725843891,0.00789236380789486,0.28581775466784,0.0549867850374097,0.000441878975526433,0.225259593246742,0.361868581503098
8286,9835,0.00167772664414702,0.0435374582300256,0.00566169496627198,0.319646197031227,0.081749694480166,1.7784335670202e-05,0.229239715092522,0.31846972921997
3742,2640,0.00108398296915559,0.00298856732876666,4.23933456907294e-06,0.321130570028603,0.324832874536603,1.44346791447652e-05,0.0867640026029769,0.263181328520181
4015,8634,0.000165956050777919,0.000447756619931252,1.34405958045275e-06,0.593851325177612,0.11659774194387,1.70806984852863e-05,0.0762637824029765,0.212655013046767
4152,10073,0.00145162834150161,0.00954801408413975,2.09618760027141e-05,0.316440765333612,0.141566628632756,0.000353572266947526,0.190126381126267,0.340492048338773
9665,7438,0.000587695447754409,0.00576435216784714,0.00012583519756961,0.415145739712718,0.0887461336823903,1.02370766067898e-05,0.100592287561394,0.38902771915372
4359,9713,0.00214304572484081,0.00604623836073175,3.19403578255827e-05,0.314306627738713,0.153432125183004,0.000111136147032307,0.123092919565607,0.400835966922246
5050,5158,0.00012499251067141,0.00369344612751414,6.29152929439284e-05,0.0713358091346128,0.0195739231621136,1.76491677007192e-05,0.722391966185294,0.18279929841915
3189,5996,0.000697685511942717,0.00988741491383678,0.000296320622610048,0.173691344728824,0.110628816628338,0.000101852506145839,0.276090232037832,0.428606333050471
3466,3119,0.000487227732880569,0.00221411963275116,5.2837177093119e-06,0.418091460967275,0.215636520573115,1.58796717652137e-05,0.0939738581241523,0.269575649580352
3671,6356,0.00186152709841646,0.00611942878302357,5.08109322640001e-05,0.162263874135302,0.121117126555999,0.000115984270888008,0.273032959327241,0.435438288896866
4016,5517,0.000740851692374564,0.00344873019853907,4.0853006362439e-05,0.155781851370184,0.0896899249624917,2.08271677377279e-05,0.491091349305368,0.259185612296942
7325,2162,0.000225307252414487,0.0066170118702923,1.62691849090992e-05,0.42810933118722,0.0910633394325148,1.93029459853e-05,0.1908822076977,0.283067230428964
3053,2879,0.00333568324238676,0.00517654932912137,1.66168088212044e-05,0.160075231447432,0.243383237757838,0.000125165656873616,0.193719868310579,0.394167647446947
4845,1681,0.00321541752334837,0.010764730704899,2.23908572946812e-05,0.152768984678327,0.143043364807023,0.0003452627790821,0.283244769499943,0.406595079150082
9871,8997,0.00219185063982748,0.0179658635404775,0.00168188707038397,0.168134692343578,0.0804913973286315,0.000766880688394215,0.21925586092514,0.509511567463567
6220,7436,0.00214607424105875,0.0112604644490829,5.45424750085163e-05,0.211924360342002,0.172811526961105,0.000183828375642494,0.124757878621843,0.476861324534258
4224,3479,0.000294448291361164,0.000991540884242902,7.16447603246085e-06,0.206604611679509,0.162542805965248,2.67300532931881e-06,0.297795208363968,0.33176154733431
3602,6716,0.000685013664657472,0.00210878108936223,9.09019137490994e-06,0.194573416803645,0.115369654229303,7.75946202053001e-05,0.276414055522584,0.410762393878868
7254,7317,0.000319491646553217,0.00767362654735635,0.000151754724158818,0.251157896061444,0.129704065201777,2.09725047989514e-05,0.083145426083855,0.527826767230057
3879,4079,0.000368367117116213,0.00356533859194723,1.24741860824677e-05,0.417910663025976,0.180300898079959,0.000138279073515435,0.134895551971908,0.262808427953496
3328,3359,0.00108527337462884,0.00325714536743805,2.41225629848024e-05,0.322411170445314,0.277826150854331,2.49512130074226e-05,0.088057273958962,0.307313912223334
3810,5397,0.00268607513163479,0.00300918204848627,1.62196929462713e-05,0.24766436080224,0.103089816529818,1.6727817029509e-05,0.354604010927981,0.288913607049864
10009,8277,0.00644796315312366,0.0444094270081567,0.00285237985737602,0.267170422996551,0.0786162526472413,0.00358129625337773,0.282081706352731,0.314840551731443
4153,7915,0.00209916391613758,0.0068991129340286,3.92501623907786e-05,0.298028823012986,0.137872187054255,0.00100309430840601,0.165845391052979,0.388212977558817
9047,3002,0.00268968666283372,0.0269497282964127,0.00332452379675879,0.179607344281455,0.197847581814725,0.000145256164650191,0.187091250242563,0.4023446287406
7601,1922,0.00185680026628402,0.00566005512070343,1.27736782430168e-05,0.334310126034083,0.104822416565028,3.07286718473288e-05,0.244244894739543,0.309062204924269
10079,6959,0.00112736309038104,0.0100304599390111,0.000328526506746657,0.377792977346093,0.0818753690906241,4.71369831249431e-05,0.257777528974167,0.271020638069853
10080,3602,0.00122580742958044,0.00355397594525728,6.69442439759774e-05,0.0656473759966553,0.235114926776866,4.716691099238e-05,0.0757527013865828,0.61859110131009
6636,2162,0.00140974360136904,0.0124186472976223,9.35717035279155e-05,0.112338865256997,0.108551266661391,7.69032564202879e-05,0.427567163075749,0.337543839146923
9321,5879,0.00282111840717766,0.00419279911905534,0.000149776763393261,0.0242580701401425,0.260074677034701,0.000133307577201672,0.0493021504718008,0.659068100486527
3741,5997,0.00302800192922742,0.00747112560606621,2.83104082585403e-05,0.226554076910095,0.130784930064361,0.00028132586196272,0.197324802886207,0.434527426333822
9117,1683,0.00272757468452463,0.0193745195274606,0.000142100858615524,0.11996007095958,0.187555213548156,0.000348858300245698,0.108273748230523,0.561617913890895
7599,5759,0.00287364118294133,0.00683817456346747,8.33522572212436e-05,0.215803241439292,0.293654379061053,7.3558133567927e-05,0.160806861587035,0.319866791775423
4155,4798,0.000689481547793215,0.00571896413964582,5.29349202242287e-05,0.123355688168644,0.0922330138713183,6.94438564461954e-05,0.54376032473827,0.234120148757658
9733,9716,0.000368868284167239,0.00552213090592673,2.85955339145043e-05,0.201891208508558,0.0832898535619305,6.39698214872265e-06,0.222974759986556,0.485918186236798
6909,8156,0.00240954743365223,0.00820571957112247,3.78036062482816e-05,0.318730908200761,0.187722750241359,4.72513047310544e-05,0.115589117706349,0.367256901935778
6912,1922,0.00153605904755112,0.0157274430737481,7.33631702628104e-05,0.18368003846346,0.0932275460332132,4.26898154736304e-05,0.367088867373415,0.338623993022876
6153,3001,0.000285698852357888,0.00278210079967901,2.28237069588569e-05,0.301024873714975,0.0388516664522158,5.71293063057375e-06,0.447471760303457,0.209555363239726
2568,8993,0.0027990165259834,0.0360187983578506,0.000145204930250632,0.314537899967301,0.164537090868072,9.39200025358496e-05,0.162384030749768,0.319484038598239
5462,7556,0.000576150767427361,0.00404054860024091,3.06123496355316e-05,0.0736831116211172,0.0649846720614554,0.000106550023467226,0.621563007242836,0.23501534733382
4154,5278,0.000596025247060696,0.00243305787001333,1.63491681472574e-05,0.372428411939499,0.0793237504847139,1.38229370587452e-05,0.249473480975927,0.29571510137758
3879,5038,0.000146653949365861,0.00280971917372314,4.13986104293633e-05,0.115394873803328,0.0456709061143994,5.82901295261028e-05,0.523901802294707,0.311976355924521
7115,9954,0.00107087662008468,0.00371523332425238,7.12680119316347e-06,0.390651069940707,0.117643037056714,4.08312206984451e-05,0.199664932208023,0.287206892828327
9182,8996,0.00339623158055482,0.0242057635631262,0.00178678883577064,0.236574163865557,0.0960955606000317,8.36828598627472e-05,0.310234042904009,0.327623765791087
7463,2162,0.000989358194047558,0.00883332599704608,2.53663470250155e-05,0.303330103848012,0.119989124655057,4.7512352267484e-05,0.221076468915986,0.345708739690558
4774,7076,0.00346323272783804,0.00312937040241637,1.82669611248042e-05,0.140547606303332,0.195861435129426,0.000199772886876038,0.113331317083645,0.543448998505342
4983,1681,0.00926222707361458,0.00902826139164507,7.93021137303542e-05,0.114836762080962,0.191782291555216,0.000359935721023937,0.408765516137628,0.26588570392618
10149,4681,0.00573167847062671,0.0065026255740045,0.000100034470917192,0.0219232192847101,0.38036031927422,2.32909117076127e-05,0.0797967974827592,0.505562034531055
4568,4319,0.000784330998438046,0.00369144724247697,3.36707735608171e-05,0.279154215960987,0.128177444347271,2.04593361352827e-05,0.164583297387882,0.42355513395325
6220,8395,0.000194769611167898,0.00134541738281725,2.32674500242203e-06,0.447694187435193,0.106739798267687,3.08521100578778e-06,0.242505381466796,0.201515033880331
10010,5640,0.00308671219474852,0.00698561596220041,7.06190995882429e-05,0.02257387320047,0.411055946852353,5.29463374121559e-06,0.0562934241254607,0.499928513931438
6222,3121,0.000212220097275924,0.00229259245467815,2.5939758953081e-05,0.303145002972734,0.0464666834171162,8.01863151827034e-06,0.377070693339325,0.2707788493284
5947,3360,1.47514215365913e-05,0.000203262609792488,1.85583050822806e-06,0.000343091154476229,0.00214390349900425,6.01999527726626e-08,0.928849600195588,0.0684434750891417
7599,5279,0.00346038843126175,0.0131448424061012,0.000271441106349465,0.178188281880998,0.291707745148724,0.000738163080294348,0.189762156797345,0.322726981148927
8288,5759,0.00409239352965717,0.00489527079694116,8.30032000086811e-05,0.0830292120204423,0.282637104497207,2.16354906726644e-05,0.0571681721412717,0.568073208323799
4567,5997,0.000217965094254592,0.000954048293594347,8.63297351509053e-07,0.472400617550411,0.154752635294192,5.88128847576562e-06,0.101180438162436,0.270487551019284
2847,2280,0.00136586861363333,0.0092557916356419,4.82686027661578e-05,0.111387075115322,0.154130027297494,0.000341775356732443,0.264012889308247,0.459458304070163
5255,8155,0.00294037491464443,0.00764540030043215,4.92387399136028e-05,0.211494983006707,0.167132431699272,0.000691046722859978,0.216677552329302,0.393368972286869
7668,5399,0.00262280199419532,0.00725533169185414,0.000110134573129586,0.125200408875622,0.304467856272139,7.64673210192959e-05,0.138916584468341,0.4213504148037
8975,8637,0.0020905921181878,0.0167089987608786,0.000614004612978958,0.118684117986611,0.0533348990550917,0.000432264679078849,0.591578165145293,0.21655695764188
9527,8637,0.000363651447776515,0.026834660521047,0.00150218128060333,0.0701391381294107,0.0278824592413242,9.04299228425531e-05,0.728652413730307,0.144535065726689
4222,7795,0.00125637166084549,0.00573987304815198,3.31330755958464e-05,0.255223203671308,0.112593946365838,0.000855032660218654,0.287596315387638,0.336702124130404
10011,3482,0.00409193735475797,0.00601607346046239,3.61291350292236e-05,0.105752277084824,0.190714139921543,0.000238288166602707,0.203902728577001,0.48924842629978
4842,7196,0.00443759661640313,0.00740639244715401,4.65784707120505e-05,0.197296349887957,0.18002363606233,0.000747485056823021,0.149174162130174,0.460867799328446
8427,3841,0.00268274650737172,0.00735404786472447,0.000190117001789922,0.0723155177131681,0.272330938103156,3.21728624187018e-05,0.181401545256617,0.463692914690754
3878,6236,0.00191229310417922,0.00167866473943094,8.68280749963311e-06,0.18823815502906,0.154023978066799,2.84736845001273e-05,0.209148125741038,0.444961626827493
5530,10553,0.00043566263096048,0.00199585399491587,1.44551647588083e-06,0.492545868246265,0.103362483001623,5.01033091839578e-06,0.089843958402656,0.311809717876185
8494,7318,0.00169748936119149,0.00909723947627076,0.000640535916397346,0.412120223985338,0.10653327126424,6.21372408209642e-05,0.152415210773834,0.317433891981907
8771,3961,0.00498257544811926,0.00772916652347347,0.000126535120065647,0.0720069680576057,0.331945490979051,0.000152884691938935,0.138045035959483,0.445011343220262
9599,2523,0.00292460586332715,0.0212239633690813,0.000256189609848029,0.158689633851275,0.119143713296579,2.31701867407609e-05,0.449924133245079,0.24781459057807
4635,7555,0.00159440954668023,0.00423929713371967,1.5446731087304e-05,0.184503766847733,0.167118755951139,0.00020498145089681,0.123623501039972,0.518699841298772
8772,1803,0.00401071488759403,0.0240789813832131,0.000455967068175086,0.159991034450832,0.110155707565997,0.000378133285593838,0.422988215345977,0.277941246012618
4569,3360,0.000402003335401537,0.00900228976916029,1.29177987408838e-05,0.160721426866044,0.103495843027287,9.88748561547548e-07,0.367817751517195,0.35854677893761
5739,4679,0.000234406586956819,0.00303842944348496,3.53553201501764e-05,0.15864625391944,0.0551859064521524,3.82428857684243e-06,0.567312162455631,0.215543661533608
8426,5759,0.00192182384568098,0.00730341886583607,0.000129117907913869,0.126896403929845,0.373870858964609,4.75448205875849e-05,0.0352681565373316,0.454562675128195
7325,2881,0.000850683203583525,0.0124127081518743,0.000104146741716298,0.258986244367715,0.108857301178936,6.11785915959972e-05,0.260350378019438,0.358377359745141
7942,8037,0.00102031926619387,0.00711598595810031,0.000176478813831449,0.492148927489201,0.105024782933826,3.99045966171892e-05,0.0817833184364413,0.31269028250579
5462,8035,0.00302881982517364,0.0107667836758101,4.17434371945406e-05,0.227825135190714,0.149230481340265,0.00101364995778535,0.13664246482254,0.471450921750518
5944,8875,0.000433531252490086,0.00145608743719126,1.34620392535093e-06,0.462231756579653,0.162943742783148,2.04621684109972e-05,0.151375695003994,0.221537378571188
10010,5880,0.0051425095950317,0.00331460568428189,3.90596769605878e-05,0.01247132128003,0.324304130629112,3.15163895545629e-05,0.0291677858232419,0.625529070921787
4015,8874,0.000259510383927625,0.00179150069171727,4.3472848050075e-06,0.60598292698972,0.0809327514522409,7.65880370227247e-05,0.0881191633680993,0.222833211792467
7117,4919,0.000941470689365225,0.00232776122107612,4.40610716052922e-05,0.279405389734603,0.216266997318603,0.000163276226698738,0.107689403785013,0.393161639953036
7046,9595,4.41110453632837e-05,0.00090234234560582,2.62790648327449e-06,0.631432512267687,0.0904086440342723,2.69887609105528e-06,0.0679171424423731,0.209289921082124
8700,8876,0.00184362740679625,0.00852543572974584,5.51571964253866e-05,0.389850215207677,0.117979523556546,0.000246684423011774,0.181232158933439,0.300267197546359
4775,3480,0.000410420723793535,0.00355929275131192,0.000123781237834302,0.117203459149907,0.0809603289777224,4.57132793722924e-06,0.484096015884209,0.313642129947285
4431,2640,0.00199131324459253,0.0104204383968429,0.000173148111216735,0.139370661717949,0.110061648404597,0.00056246208184894,0.465960543400578,0.271459784642375
6705,2521,0.00109838851936809,0.00900419409950667,3.63873661169202e-05,0.270798278100862,0.106217713799041,4.88942800620263e-05,0.333643822687905,0.279152321147138
4637,5398,0.000884582203545135,0.00409770100792654,3.39212017059473e-05,0.200409938116634,0.111298456528735,6.26372056969107e-05,0.279995524242806,0.403217239492951
8975,8876,0.00101012533050737,0.0328877441034187,0.00529974236609688,0.285803592280644,0.0796022019795276,0.000585277883027597,0.298438751482805,0.296372564573974
7256,3241,0.00105321750588841,0.00775968070640853,2.21297215358687e-05,0.101556822917891,0.12256923075784,4.50983259322664e-05,0.393149196394685,0.373844623669819
7394,1803,0.00138165927760879,0.0143239430427952,4.12960328298049e-05,0.277649353990694,0.124075205279906,1.82747621387724e-05,0.217066973503498,0.365443294110529
7462,3601,0.00140180702658646,0.00739050385546792,0.00011366637932147,0.0184863185577773,0.0901874804193464,0.000689827000444214,0.541149058978422,0.340581337782635
8909,3961,0.00196122821186506,0.00174287488408386,1.91856218362033e-05,0.132031711797122,0.259994485382582,5.11458175966213e-05,0.0491470952831243,0.55505227300179
6426,8276,0.000342440742559369,0.00110275582900869,2.13810392614548e-06,0.359308582341752,0.28743313667405,5.88322589981273e-05,0.0527998850160136,0.298952229033693
8219,6358,0.00293607995574839,0.0129428755629001,0.000300096840609821,0.235725292396729,0.240619552289338,2.21826495033586e-05,0.0931483170526332,0.414305603252539
4979,9833,0.000420661598780687,0.00221686746639503,4.45499403072812e-06,0.316657164904361,0.160309458938324,2.4023912645845e-05,0.0406715408031968,0.479695827382266
9874,2043,0.00170428205097326,0.00746751406472633,0.000178847530870314,0.310241924574216,0.140816557684651,2.19305312458725e-05,0.182381278514114,0.357187665049204
7393,4200,0.00263123714089782,0.0129923643893738,0.00075321558109859,0.0182312362728781,0.212531905636923,0.00133476146560057,0.261083599990239,0.490441679522989
4221,9473,0.00145084100080918,0.00843979908187619,7.14488858038723e-06,0.359778660370506,0.142238406721332,5.64152573220511e-05,0.129985404193657,0.358043328485916
4153,7675,0.00204234903072457,0.00862661964361454,3.03531010000997e-05,0.142232993125567,0.182598454099782,0.000343017758449138,0.173294331302995,0.490831881937868
4843,5518,0.000796288360740492,0.00671634717507696,3.64526993967175e-05,0.346259044464203,0.124683596272799,5.47269874092305e-05,0.194279521045173,0.327174022995202
7531,3241,5.67745982498058e-06,0.000103447462680401,1.20238618594588e-06,2.49590430377968e-05,0.00324616293377293,1.24453723356791e-06,0.953391717331831,0.0432255888454337
6564,7796,0.00191223406527261,0.00643875255683076,3.29308682329224e-05,0.262028549342858,0.141128241007343,0.00022857948543803,0.177858745688905,0.410371966985121
7255,4200,0.00186255387550805,0.0110047974085139,0.000255692904794788,0.124481537831297,0.188771659251836,0.000627149919787827,0.303489306230334,0.369507302577928
8359,1803,9.18963136110369e-05,0.00087277470171844,7.60805544513501e-06,0.00112968416811813,0.0151882815337181,2.49244139516156e-06,0.823764260782286,0.158943002003708
4634,9953,0.000791120433675823,0.00392288140544484,5.5312310111446e-06,0.347325110482325,0.131039847542451,8.28053746344018e-05,0.118854814883342,0.397977888647116
8768,10435,0.00387481693563573,0.0151905141135853,0.000745373891185179,0.252397639317528,0.136920087282041,0.00762679925622128,0.247461438982879,0.335783330220925
3742,2400,0.000183418163528172,0.000978020547798364,1.55073978735436e-06,0.372700730025289,0.309088126700445,4.97161384025462e-06,0.0367782597734126,0.280264922435899
3328,5277,0.00102853854670004,0.00314627240450793,1.42128486049969e-05,0.165527411156307,0.141491086667823,5.54104365696361e-05,0.524771870920031,0.163965197019457
5808,4559,0.000962169910448423,0.00472979521075098,9.033151435832e-05,0.194391708282921,0.0572636780633398,2.64795954959877e-05,0.416872250214769,0.325663587207917
10148,6120,0.0035402145689829,0.00442531449374334,0.00012929568068767,0.0160798432653414,0.364939936498214,4.78688854283605e-05,0.064626714998019,0.546210811609584
5326,4918,0.000694700130461859,0.00323917869655724,6.97896353889609e-05,0.298813518080524,0.0508755642594791,1.46911802231121e-05,0.366181720811412,0.280110837205953
7115,8516,0.000635074992107543,0.00142557689573303,5.70444343051628e-06,0.336586494728771,0.213579033049922,5.63633389858764e-05,0.0430053102698676,0.404706442281183
5187,5877,0.00059483561052715,0.00193157221378275,1.65230941356177e-05,0.287075902664883,0.201042372604848,7.70419392960205e-05,0.0834140441988669,0.42584770767366
4016,6236,0.000938793212779599,0.0039513637902004,2.1645365265024e-05,0.164954576526153,0.121368605155396,0.000202202116852371,0.36376318885548,0.344799624977874
6979,4919,0.00125750235467071,0.00419624500391384,6.00728292006694e-05,0.267878896438093,0.187985732039681,0.000275498263009241,0.22899189288504,0.309354160186392
6634,5758,0.00125471620786603,0.0102155438930819,4.40204508916963e-05,0.255271295391724,0.165753346360417,3.95558799222527e-05,0.181029546307692,0.386391975508405
9185,1803,0.00353191595785748,0.0603601456376381,0.00938855581510639,0.153787393498213,0.0969379596848513,0.000177509434014045,0.231433007437165,0.444383512535155
5874,9954,0.00022740330488195,0.00151180625938698,1.46232943968102e-06,0.486475320298625,0.104245710025571,4.11527472193237e-06,0.0811718920469961,0.326362290460377
8838,8397,0.00215715879167512,0.016275166195313,0.00143805500534299,0.27880692976271,0.120401154592934,0.000131680239045834,0.224575780889405,0.356214074523574
9044,10435,0.00223272859790405,0.0120816565370139,0.000432323117332698,0.233715238151466,0.139694753533073,0.000496058352250592,0.295778677518522,0.315568564192438
5599,8755,0.00407589576127707,0.0102196682336534,3.42909017628073e-05,0.300667560490034,0.167191189609307,0.000890820491950011,0.126908247692163,0.390012326819852
6564,9714,0.00120681434737426,0.00478999223938131,1.81223069416469e-05,0.48341090684894,0.104778410839496,0.000114200170062014,0.186736185154254,0.21894536809355
3396,6596,0.00206403959525207,0.00585187890734294,3.90597675566917e-05,0.253811219261879,0.138247512688925,2.31550645200132e-05,0.251814877274923,0.348148257439601
7393,3721,0.000804916982450567,0.00808025513395014,0.000114899252559353,0.0201853563008394,0.100731153213428,4.8066418981649e-05,0.506982016170895,0.363053336526896
9871,8038,0.00172231242144699,0.0196713837485786,0.00165625758726252,0.383731310789398,0.0780962335519694,2.03535285634906e-05,0.128514999891299,0.386587148481483
5668,10073,0.00112456496508217,0.00276864155773578,1.99137405448978e-06,0.436684130209809,0.147521449613337,2.43740868421235e-05,0.0715417622590313,0.340333085934108
5806,8395,0.00185672964486232,0.00329771929483101,1.61075541224035e-05,0.376994898137745,0.133925199268746,0.000738485131824742,0.183568868756713,0.299601992211155
7669,2762,0.00287462152281045,0.0150785458011671,0.000127192726310167,0.252358916066461,0.137428490110772,7.48607153071487e-05,0.224571766959693,0.367485606097478
4636,6357,0.00119377940121778,0.00588640527929046,1.51052388867595e-05,0.353977917286607,0.146208720028687,0.000180238626584814,0.142793427648075,0.349744406490652
8976,7438,0.000576064846762549,0.00728712939789811,0.000260133841119688,0.528760279991834,0.084535415334195,2.19076067406336e-05,0.115462925548046,0.263096143433404
5738,7316,0.000271599394023026,0.00113205354297437,1.57532535173831e-06,0.486177023670409,0.112701147159172,2.12793692584879e-05,0.0860078190549159,0.313687502483895
7187,3121,0.00430892090518079,0.0116033541051,2.56269888441644e-05,0.211076774916928,0.165591927658024,7.62611479738808e-05,0.253447440972884,0.353869693305065
3396,7075,0.00237262079377088,0.00445066765440926,2.18278015626931e-05,0.210055389431273,0.150313007909086,0.000216160290878209,0.106444590698412,0.526125735420608
7183,10314,0.000905542675645453,0.00606529344278779,1.65335999789869e-05,0.483435718810373,0.116816078757512,0.000153952686216956,0.144940877633177,0.247666002394309
9598,3722,0.0049642071039583,0.00770838505231723,0.000419344690605058,0.105282596072213,0.199649463183651,0.00144564903113115,0.231110633237681,0.449419721628444
4774,5398,0.00131782618857983,0.00888898108489704,0.000159656578465404,0.253576889029955,0.141287812045274,5.69960492927424e-05,0.317850148188187,0.276861690835349
6288,8995,0.000116119630139449,0.000577348816107908,2.18713661952125e-07,0.54998796784643,0.12922371696362,3.07739256175537e-06,0.0919216085596994,0.228169942077779
4359,10193,0.000808509111440326,0.00508114185171082,6.23346844965714e-06,0.443470361463471,0.145101854906138,3.29518798219872e-05,0.076562404516953,0.328936542802016
8841,1683,0.0012103069296343,0.0245959125264543,0.00138221565806091,0.0782114566316896,0.079728609125701,0.000104631121298847,0.518238312437136,0.296528555570025
8908,6598,0.00314736386112126,0.0135096868280056,0.00032178429509722,0.271114624031743,0.210966648791741,9.18975165633904e-05,0.183220118038291,0.317627876637438
8839,6958,0.00152204147304444,0.00429995161664752,0.000182556639956458,0.409843796024725,0.127555393414778,0.000118693618179478,0.0818303529211327,0.374647214291537
5256,5758,0.00174865858580587,0.00503779107404846,1.11744599327918e-05,0.297673936605926,0.167995239597445,8.87799238579514e-05,0.116021029686262,0.411423390066721
6774,2402,0.00162331070617863,0.0209920987007901,8.0325215184495e-05,0.226364614589257,0.133774531312917,4.93564220979167e-05,0.245613685048668,0.371502078004907
8495,4201,0.0037355739541114,0.00981167816306864,0.000269945840146187,0.0590342640062435,0.299969279776131,5.05765172868324e-05,0.142229440773899,0.484899240969114
9873,5400,0.00306207068246686,0.00310341946761437,5.5289505911946e-05,0.0876892607958699,0.370679611937474,8.38171470239804e-06,0.0583538385234134,0.477048127372547
6565,6597,0.00174066358182462,0.00623283551149552,9.50370809800603e-05,0.149831309661908,0.192125844477044,5.92925797172374e-05,0.309273015001567,0.340642002105463
9113,10075,0.0023376170970277,0.0158243359945163,0.000464520071393874,0.212435024738102,0.114914471028689,0.000401948675047462,0.225136639544691,0.428485442850533
7393,4919,0.00219348395215815,0.00800815146839934,0.000200536934267578,0.0625003235581479,0.258459788963461,0.00216705683938987,0.217586435694179,0.448884222589997
8424,9116,0.0040030539461135,0.0321012157412567,0.00255825280245682,0.376633395713899,0.115929786663644,0.000341179938514743,0.190974928969796,0.277458186224319
9527,8157,0.00172722238146757,0.0288263112305981,0.00179565905265627,0.277352837454508,0.0838481115572984,0.000116932482837759,0.1656506546608,0.440682271179834
4569,1681,0.00243534930538723,0.00426131565452422,4.41961470184607e-05,0.115663115883182,0.167970446540073,3.83856669403069e-06,0.362264273903633,0.347357463999488
4086,4199,0.000135175247026962,0.00311819067396208,1.18353313745726e-05,0.373064244850219,0.119076171847113,2.30781388003924e-06,0.341279073008866,0.163313001227558
6980,3481,0.00246061595442762,0.0132494930638191,7.92517999216614e-05,0.121459084928819,0.147569906134333,0.000155920754017512,0.33496324648073,0.380062480883932
3880,3120,0.000310684270705233,0.005284052222676,7.43235340171051e-05,0.0490035646948514,0.0498221894560736,0.000220449605879403,0.759175993724939,0.136108742490858
7255,4919,0.000316449213922495,0.00261511793630574,1.52788830150318e-05,0.231660999044285,0.249025653807423,0.000182297204940226,0.129917551887582,0.386266652022527
7737,5999,0.00111237530469478,0.00993985521965275,0.000170021558261354,0.296128599681894,0.251919147013423,3.73579005671793e-05,0.0917184048415017,0.348974238480005
6495,9115,6.75064713164827e-05,0.000592826584982623,1.90399596876151e-07,0.545741259532712,0.230627894663117,8.3972672662057e-07,0.0731978984946536,0.149771584126895
4774,6836,0.000592389740286232,0.00289977598361715,5.70711471337986e-06,0.353724899802427,0.138629440885668,2.7579381754287e-05,0.14101012303671,0.363110084054824
4360,8035,0.000945659280313765,0.00324919818978799,6.91342021810438e-06,0.332951059932961,0.121725322605805,4.6492117059276e-05,0.117537452753491,0.423537901700363
8220,4680,0.00380118741323739,0.0132182395590207,0.00106987898564932,0.0954653619570131,0.269671037677104,0.00216971544252795,0.271282825035575,0.343321753929873
8770,5879,0.00304305480207795,0.00645615665161595,7.80846995643898e-05,0.156055104017474,0.312665133295255,0.000242627308810949,0.103147915797444,0.418311923427758
5670,6237,0.00140888988561395,0.0059398133646113,3.04715234121472e-05,0.328558660308417,0.190035527052861,2.77236852385244e-05,0.112854220375912,0.361144693803935
8424,9356,0.00694126794688965,0.0182372775341682,0.000551407739721044,0.315851392306518,0.185180277617191,0.00209775644145593,0.158716775796247,0.312423844617809
6081,10074,0.000309984698620556,0.00253683940490089,4.81397755316572e-06,0.554333583387742,0.115284673267406,6.72880824402044e-05,0.103092302993092,0.224370514188246
5807,5998,0.000668058167712148,0.004632623020018,1.66786770680331e-05,0.349857467694109,0.194119994280969,4.78326545675549e-05,0.119179905859466,0.33147743964609
5117,9354,0.00112925416280559,0.00479261531931769,1.19954750083401e-05,0.286037406154537,0.169021862849104,0.000274397509020706,0.105599884766634,0.433132583763572
6770,10314,0.00039734076992143,0.00164298773284931,1.56024829742124e-06,0.462251195107151,0.198544498206279,1.31994095685426e-05,0.112241592838228,0.224907625687705
4016,6956,0.0020775749838076,0.00483848476327116,3.69210314854491e-05,0.153139039415434,0.101445913355334,0.00103262029687514,0.484247439622814,0.253182006530979
6633,8156,0.000534646972643113,0.00161348110332699,8.49939935147904e-06,0.437295447142841,0.194170340650194,3.04852296317784e-05,0.0676353201466036,0.298711779355407
7391,8276,0.000987333967585377,0.00304054483696656,0.00036840754667957,0.170135530235742,0.155503416020337,0.000195480585598904,0.179409636823713,0.490359649983377
4912,4678,0.000194269194971192,0.00546965705402094,7.10167597474797e-05,0.192058890632707,0.0368241584254215,6.95309967138139e-05,0.507458882118869,0.257853594817549
4637,4199,0.000622539956803751,0.00476226151860854,0.000128411653137032,0.16468443408642,0.179721508108507,8.74206734832186e-05,0.381643314773683,0.268350109229357
5395,4799,0.000502269896305055,0.00377561657675816,5.53458668058655e-05,0.150586402852008,0.0265510359077174,2.1589793355918e-05,0.601439389884956,0.217068349222094
4292,4558,0.00028159019620668,0.0046963588416578,5.54767711419168e-05,0.504963768146797,0.0700063212760327,3.27322356324491e-05,0.182826424039838,0.237137328492693
8357,6119,0.00035766658021097,0.00484366008690159,0.000202596019438361,0.0143129598404735,0.0671054635349644,2.40402353997619e-06,0.64872962873257,0.264445621181902
4566,9593,0.000411623970085893,0.00400966441002983,2.40149407620075e-05,0.157348947693079,0.0468424638121163,5.21409522288303e-05,0.626049518511382,0.165261625710316
9183,6119,0.00379351999993511,0.00707023239732512,0.000159930277586071,0.114518161992303,0.308885376834306,0.000693708487780916,0.0831350149047698,0.481744055105994
6360,2401,0.000539022852780635,0.00514031857779253,9.05556329588526e-05,0.157143971428396,0.0346608263313714,2.92183204921879e-05,0.598599196296406,0.203796890559802
10149,4441,0.00254323594730841,0.00819491261162362,0.000181625129446202,0.0943499088352285,0.344871723928161,7.93219380663724e-05,0.0715056997307685,0.478273571879398
9389,7678,0.000739339486144183,0.00595444160428834,0.000184568808668478,0.452714006629647,0.0840935649859563,5.13095815688039e-05,0.0753184657547973,0.380944303148929
8221,2522,0.00378642954918495,0.0243969479499344,0.00232995847690953,0.0520900691915266,0.092573877572518,0.00366264346424471,0.527919668316615,0.293240405479067
8493,9475,0.00239726245444407,0.00657390307922745,0.000207697989234224,0.285474042431556,0.140418138869037,8.54480023753757e-05,0.0743336854421085,0.490509821732018
6290,4679,0.00232155668797806,0.00761320827919271,0.000174027784267613,0.137662456177823,0.1395419449379,3.40089287493742e-05,0.246372617781448,0.466280179422641
3534,6116,0.00225187073354992,0.00821883361630935,5.30381061171999e-05,0.168552621652893,0.084316800778639,0.000111458660601736,0.374866068218102,0.361629308233788
3605,2160,0.00056415029403621,0.00266941908445068,8.68249854938739e-06,0.246382043011757,0.283298992000246,1.40467815530982e-05,0.0840728817587143,0.382989784570694
7875,4320,0.00378402065390935,0.0111643782451492,0.000256972859057458,0.0122362966842674,0.248787059945348,0.000422175802971309,0.280301778212504,0.443047317596793
5875,8515,0.000310330689400678,0.00483903698983955,7.74905759530135e-06,0.192465701192085,0.0438252286737067,3.75081952823894e-05,0.554880860159358,0.203633585042733
8493,9236,0.00317217148069137,0.010156604412086,0.000125908401759144,0.292372659194994,0.116748091206307,0.00155661511136523,0.256858353286272,0.319009596906526
7876,3601,0.00645021544339184,0.0178713468738064,0.000881332316456282,0.0191159804613633,0.170881607644814,0.00609105282368506,0.288589090600155,0.490119373836328
3741,4318,0.00011488010653656,0.00164403062541337,2.37743681510097e-06,0.543794456478116,0.200202039321478,6.901067769984e-06,0.0825180982454202,0.171717216718451
5461,10193,0.000136864195641793,0.00104154566182017,1.96154712049027e-06,0.484512225614212,0.105405886864045,1.89286580321434e-05,0.0714805630994937,0.337402024359634
9527,8397,0.000653930072672699,0.00667345936545509,0.000158765085189515,0.0141590427413308,0.0168274700786358,8.15122664578823e-05,0.863408851759045,0.0980369686312129
7392,6598,0.000585564943172755,0.00463693462388542,4.9111285120527e-05,0.130729764926345,0.125360025765727,1.78959404705217e-05,0.356236599715331,0.382384102799949
4223,6356,0.000498194948554876,0.00383609613884382,6.38572732225432e-06,0.230935271946948,0.140515131027717,3.20264385117071e-05,0.151559792383378,0.472617101388725
8975,9116,0.0123073587761421,0.0343517834701837,0.00391880763545472,0.228087667485974,0.111509775575709,0.00345670624817139,0.290719061628432,0.315648839179933
3190,4318,0.000679413331771197,0.00237243992654007,4.44767000415184e-06,0.408858114632199,0.128847556044084,2.85205062725736e-05,0.160426436796761,0.298783071092369
7942,8516,0.000923062399875308,0.0123434677036377,0.000672943086710088,0.356691738600516,0.134376176984797,1.18741603724024e-05,0.0511727694374809,0.443807967626611
9805,3362,0.0026132581110835,0.0128929137200638,0.00168578796199943,0.142190099031428,0.153913221599901,0.000345578723019489,0.086903617394333,0.599455523458172
3740,7675,0.00137820086179253,0.00486081797751488,1.40557831592599e-05,0.343206149904949,0.13755778268778,0.00010068174030689,0.210597571907042,0.302284739137457
4015,8155,0.00108658774016612,0.00328027089040895,3.54404852335812e-06,0.441291393094716,0.143707801305606,0.000368132147154686,0.125028470374103,0.285233800399322
6082,7436,0.000594490071187903,0.00316458277136602,7.22283210889954e-06,0.332053147940712,0.153691918981823,0.000107151386435459,0.106642578777289,0.403738907239078
3466,2880,0.00058868784933069,0.00578880955695441,1.36051751992731e-05,0.235208478827745,0.115821143678953,6.88866183520204e-06,0.315109318342416,0.327463067907567
9045,6599,0.00270423319118297,0.0144849718122384,0.000170737767884255,0.186977583862328,0.198186719425338,0.000100126865135948,0.192056263220852,0.405319363855041
7875,4800,0.0166738193923738,0.0227493933563222,0.00302083313494609,0.0924047630970668,0.227687117947231,0.00255339492686195,0.220837743952149,0.41407293419305
8148,10075,0.0120091972274212,0.0183192345895941,0.000621368705341775,0.173545226410532,0.159780658431697,0.000833278541799647,0.308123885463218,0.326767150630396
9667,3602,0.00286199099879407,0.0190399318043654,0.00109591060896657,0.0952829552100796,0.183672462472456,0.00159966034029786,0.110884302561093,0.585562786003948
6774,1682,0.00105218711279013,0.00838649990451697,0.000163534523957105,0.353867441737029,0.0697693254319692,2.98152708641082e-05,0.257466733207993,0.30926446281088
5877,4679,0.000278935337642452,0.00431765217475841,7.775629312311e-05,0.104318951821056,0.0412219109926009,1.03698875158808e-06,0.56451334545965,0.285270410932417
5258,1682,0.000673372479823758,0.00327263505763988,7.26917040483486e-05,0.261969770596408,0.136605383216186,0.00117109622725576,0.272974804957625,0.323260245761012
5670,5998,0.00110748249127314,0.00652552723466137,8.42677046831268e-05,0.382028553039193,0.166369974959224,4.95145643989813e-05,0.129152009843876,0.31468267016269
9321,6119,0.00359362710339297,0.00424380966993413,0.000191206481220611,0.0799473912874313,0.2797136558187,1.955920077245e-05,0.0692650613079413,0.563025689130607
4844,3120,0.00276810920620557,0.0159545989961227,0.000620443422160466,0.0946253443202781,0.0868732155184925,3.85274611971631e-05,0.416421923212693,0.38269783786285
6496,5998,0.00100385342399566,0.00464457397925672,1.75749324322451e-05,0.129996498820042,0.233249406611129,7.33075553468772e-06,0.277932364868062,0.353148396609548
5464,3959,0.00766035320936636,0.0119822608680858,0.000699791692015426,0.099371925125976,0.12067332673396,0.000132408466885212,0.503327182588958,0.256152751314754
4912,5398,0.000585202316381973,0.00600484803691949,1.82509830774495e-05,0.139640878122436,0.0871447276093426,8.58555377905726e-05,0.508297807924764,0.258222429469287
9114,7198,0.000988948882407292,0.00390007433637883,4.78913794450245e-05,0.552131191131332,0.0951078270676949,2.57969799304237e-05,0.0744088131715565,0.273389457051255
5602,4439,0.000190388437126337,0.0034097759404643,2.80350255058711e-05,0.274599608981921,0.0515495537156351,4.42435875515698e-06,0.45313091649152,0.217087297049073
5324,8515,0.00220041577165275,0.00691740145493549,6.24817730681392e-05,0.209791957204937,0.147401197852106,0.00163560866839854,0.237105147723272,0.39488578955163
5944,9354,0.00119831751916654,0.0029103512028057,3.57842501416065e-06,0.43411589933747,0.167201171965327,8.4140820101475e-05,0.107046583737541,0.287439956992574
4429,6476,0.00383662143445911,0.00839720797945028,2.42386676978184e-05,0.266429082048537,0.16572369242978,0.000298331803969241,0.136151079407891,0.419139746228216
5257,3600,0.00103053002932111,0.00740291367044005,5.86811195290365e-05,0.135080283774795,0.0665811283100646,1.99449985803914e-05,0.489576876948468,0.300249641148802
9526,9356,0.00174087918152245,0.00740040418535298,0.000307903397209824,0.262595892684093,0.083037531238259,4.06449503987479e-05,0.175177159531637,0.469699584831528
5809,3120,0.000706055190591231,0.00488492432887953,6.16647561901497e-05,0.115727094599309,0.0687262295558531,5.10227151387344e-06,0.567343919820823,0.24254500947684
7666,10194,0.00988942092847928,0.0383335202569956,0.00374510320879027,0.247780810436146,0.129775805595289,0.000712690465123486,0.202919860685642,0.366842788423535
8219,5160,0.0025774619500779,0.00320557641347796,2.03702039903059e-05,0.146242786992796,0.301250582274983,9.90720432536286e-05,0.100802624599164,0.445801525522257
5669,8395,0.00214998097185299,0.00449008542280999,9.83898420980546e-06,0.302928911762209,0.128762580292161,0.00053331882278551,0.233666771005055,0.327458512738917
8014,1923,0.00112814693453026,0.0192736039288416,5.23057890986125e-05,0.0751325490338317,0.06735747382093,4.47362177772138e-05,0.598833177186693,0.238178007088298
5462,7076,0.00131709674257991,0.00711724135235959,2.76974801063984e-05,0.2298090869657,0.163179971738217,0.000288800455007988,0.165567867879146,0.432692237386884
5943,10553,3.87948856760073e-05,0.00071470914361501,1.34624090250173e-06,0.576268086329504,0.0710228868714387,9.87087908442891e-07,0.0418394519248303,0.310113737516125
7252,9954,0.00121733069644223,0.0131500067548031,6.23959837079878e-05,0.304164663189729,0.0926312568547664,0.000138175013680092,0.350094509740818,0.238541661766053
6496,7916,0.00145053289017889,0.00528866763418645,1.38105813247869e-05,0.255516679031948,0.205259955365462,3.67341846081511e-05,0.147960327001556,0.384473293310736
6979,6118,0.00147811888698399,0.00871677157157024,0.000333712102252025,0.287556895732939,0.181899585362419,5.8252966532634e-05,0.125327013481732,0.394629649895572
8289,2642,0.00406116014214588,0.0382407260021287,0.00706025131533871,0.167000981934602,0.12491745183746,0.000137179618506568,0.283327387414076,0.375254861735742
4706,5038,0.00104727710432329,0.00523248956764318,2.92654544793184e-05,0.158129809154138,0.0718620194881126,1.64128216824343e-05,0.508228412257669,0.255454314151952
3535,3719,0.000571341979990723,0.00330359817594191,1.58608145082071e-05,0.40324651396871,0.188590099109633,0.000129473798062838,0.117887581909491,0.286255530243662
7873,8636,0.000807846155467259,0.00687361691056446,0.000221428834871881,0.378802994737641,0.126186024028811,8.80444119318095e-05,0.103409203890863,0.38361084102985
6909,7676,0.00148714236907479,0.00648187452379975,0.000250395115465843,0.15247052061971,0.170739159812878,5.61711268433341e-05,0.0320876262125058,0.636427110219723
9803,7918,0.00199716029550934,0.00653036400381528,0.000265990988890852,0.354134266702363,0.103535438916099,1.90272691952452e-05,0.152428376334546,0.381089375489582
8496,2762,0.00174744114763262,0.0123656900907377,0.00232712991744918,0.208499046931523,0.142877881108231,7.20755553888222e-05,0.245278220620123,0.386832514628915
8839,5280,0.00309605499617463,0.00204808559807852,4.83002935820705e-06,0.0743731921767079,0.426992489397827,3.55524030480343e-06,0.0588142058899838,0.434667586671565
6428,5638,0.000742528141921504,0.00493546125135885,8.29967390824311e-05,0.337259712594137,0.119357841056266,2.10467674997902e-05,0.227573527014394,0.31002688643534
5737,9474,0.000126620070654658,0.00107298130944184,5.29465537057605e-07,0.461551929434415,0.168009912819687,6.07138879319115e-06,0.0805256319720831,0.288706323539388
10080,4801,0.00514798819491718,0.00525436118032885,0.000148555316108387,0.0316471292721309,0.329611599866685,0.000102132813819924,0.156248356369955,0.471839876986055
9597,6599,0.00411388895037686,0.0130983358824959,0.000688542058626082,0.310986898989638,0.157174560062758,0.000340691766511772,0.209041477476573,0.30455560481302
8769,8517,0.00271699114576478,0.020511812509475,0.00109677348233092,0.290370782715356,0.099369504319969,0.000204958810029792,0.195032432938194,0.39069674407888
9941,6959,0.00105069030291753,0.00832230079039527,0.000381457165785615,0.152326704413223,0.0652687179061199,7.68919586985826e-05,0.483615338726049,0.288957898736812
8290,2402,0.00362317384546139,0.041057752392301,0.00578134683418302,0.0958273984780325,0.101059832887529,0.000823903010593324,0.477286112540245,0.274540480011655
7050,1922,0.00252406032808861,0.0195618559835987,8.77133229061465e-05,0.0832482745555099,0.11075477295455,2.52472759748122e-05,0.464125997199906,0.319672078379466
9596,7078,0.00395497993743151,0.0192576455087631,0.000282276874295975,0.296000629500067,0.128649540809726,0.000195335913297216,0.213631715721634,0.338027875734786
8632,7318,0.000610619423014663,0.00536601891243474,7.58168806278987e-05,0.501923837360676,0.0716061800861205,2.02703129786103e-05,0.129264903257285,0.291132353766862
3397,3719,0.000601350699744141,0.00414763186612072,7.06758767809713e-06,0.360564398622001,0.198708247799983,6.04123610797129e-05,0.146852417715174,0.28905847334822
6428,4200,0.00123486382971294,0.00908765177248009,0.000459642250851294,0.092875718828543,0.164737126467732,0.000444907527113051,0.200805689748877,0.530354399574691
6221,5279,0.000355987541083762,0.00406705293794876,6.12763969948257e-05,0.501026425332771,0.058291004466425,9.68627272412083e-06,0.196572700943734,0.239615866108318
3604,3119,0.000291106494273331,0.0020446186822871,4.08712123362717e-06,0.31962442776268,0.296105331811775,9.1605511357821e-06,0.107441823201567,0.274479444375049
6152,6357,0.000771884061097838,0.00318654890365978,1.22800464395405e-05,0.335940771091837,0.246186642462273,1.30198740039784e-05,0.0717727939148087,0.342116059645881
7528,9715,0.00321096799426797,0.010148097819581,0.000416328403922279,0.184919853442033,0.122912765710525,0.000680492273026753,0.223650814549184,0.454060679807461
8288,5279,0.00223882437884153,0.00759437031274537,0.000114281132217728,0.122674042314628,0.293917240543914,0.000173879339860872,0.130454986347244,0.442832375630549
9736,2283,0.00325869945517044,0.043046464251558,0.0053689078738887,0.222371152066528,0.128558907640978,1.9093626490037e-05,0.176952633616057,0.42042414146933
10216,8158,0.00258561717458311,0.0193608614346185,0.00128225665899491,0.323525512041033,0.124483788862776,7.10885800957281e-05,0.199459551134788,0.329231324113111
8081,6598,0.000809687497551918,0.00440337700742851,5.70717634753273e-05,0.18764654476102,0.131356585883434,3.19238002808163e-05,0.0275993179272298,0.648095491359579
8702,4081,0.00169231114755532,0.00743750681015321,0.000150398783798723,0.0825579461880014,0.306901066288741,8.75192849951999e-05,0.155334278704881,0.445838972791874
9185,2762,0.0070090343560835,0.0215723146239387,0.000679208872997361,0.201851734630265,0.179463412596264,0.000151624875637397,0.180508815728911,0.408763854315903
7666,10434,0.00964464478356284,0.0401991426148371,0.0103440571746577,0.23761817106454,0.114426159860183,0.000788576072888632,0.174044954858778,0.412934293570553
7875,4560,0.00168335682865924,0.00669058964181678,0.00034199503530054,0.0354231223466949,0.239951122210367,0.000281189106528881,0.189953669416045,0.525674955414587
5875,8995,0.000534537678522305,0.00215261193576398,2.12275133662371e-06,0.502304159005379,0.135813554063511,3.97228243559088e-05,0.120129868251598,0.239023423489533
8013,3601,0.00531492414280447,0.0182921623381519,0.000797862073891014,0.0286894392665652,0.126348910248021,0.00303722280288371,0.505340127130117,0.312179351997566
3947,5637,0.00100580366750185,0.00602748251579745,8.32840798691958e-05,0.186446890826004,0.0823907811056692,1.53916178031641e-05,0.359039847788443,0.364990518398912
4843,6477,0.00151493692605665,0.00567704835241692,2.6375854346682e-05,0.393351284523817,0.150029952940178,0.000112081036542545,0.116157165152527,0.333131155214115
5049,7316,0.00235326397813122,0.00803488860743867,6.38463985015209e-05,0.0921308946567494,0.0966418886176008,0.000580432703742259,0.465996037282877,0.334198747754959
9115,5040,0.000190812561474322,0.000194736930450863,1.84090747088899e-05,0.0220054274689821,0.151647074041071,1.11277340341138e-05,0.00111411264400723,0.824818299545271
4362,2520,0.000119785451919322,0.0036888282254141,0.000247236827648867,0.213919055388602,0.15722975172579,3.59092983553829e-06,0.379393987227625,0.245397764223166
4085,6117,0.00162608169419746,0.00865742873671421,9.46784653556407e-05,0.178659792012883,0.137901748375868,0.000283179988781293,0.141873277305785,0.530903813420415
4428,9354,0.000450938389391238,0.00377148532352112,7.19441480824593e-06,0.568826580986054,0.107531171003924,0.000144230472393087,0.108539719017699,0.21072868039221
7528,10194,0.00475319894154388,0.00943688333870178,0.00023104683306633,0.278024310403699,0.133992540065697,0.00151812253472247,0.319109173888701,0.252934723993869
9254,2403,0.00487874886447139,0.0311362894887181,0.00136727618414995,0.199676262375413,0.161937231347814,0.000124227919820082,0.193100736148495,0.407779227671118
9530,2643,0.00245108582320949,0.0434311197301883,0.00202876026006247,0.193742809233705,0.133919239322863,2.89237465829132e-05,0.297873515036853,0.326524546846536
4290,9833,0.00136261589654153,0.00747297612547172,1.9919430269175e-05,0.35465714572605,0.160985038023752,0.000275012910853625,0.0698339046768109,0.405393387210252
6150,10433,0.00137716823985512,0.00167567690144291,5.86221576893289e-06,0.477110466150003,0.10967802771282,3.43550007094979e-05,0.135978798176487,0.274139645602914
5806,9594,0.000127809189399393,0.000491232552760943,3.80050105101533e-07,0.527623088593036,0.160978257517041,6.13963324238555e-06,0.0347860402384369,0.275987052225978
7049,4080,0.00254170141129024,0.0094649202826201,8.88970394479898e-05,0.100738987802809,0.174847896415475,0.000239945474669388,0.215797546207542,0.496280105366145
8355,9475,0.00350944698529094,0.0172036958564977,0.00130587945619926,0.318591649357703,0.0652482896931455,0.000304755207056868,0.172732330337101,0.421103953107007
7256,3001,0.00160374347242176,0.0144313292933233,8.76160679074042e-05,0.187718044882968,0.139493918778402,3.59957475600333e-05,0.261341719110991,0.395287632646427
6083,5278,0.000724635539437172,0.00257846778204,1.58326890953314e-05,0.405320440787143,0.0960440413686875,4.57669550595046e-06,0.200807395483644,0.294504609654447
3328,5037,0.000858405526568215,0.00367853737817343,5.66030859166882e-05,0.0669716751566537,0.0555332422889263,1.85534816824472e-05,0.475697474266626,0.397185508815453
5876,7077,0.000732181067908535,0.00371184055707464,1.24365143105662e-05,0.231277018917106,0.102326761219571,3.22858826694272e-05,0.264499678956077,0.397407796885283
3122,3479,0.00232314243453379,0.00714647242566267,1.24272518935917e-05,0.245397627385927,0.220909050448762,3.58170377059367e-05,0.191948833598937,0.332226629416579
3742,3839,7.36114747686814e-05,0.00141395897667137,2.05572492320401e-06,0.418115241398416,0.312422615444903,6.86530637387214e-06,0.0487900285496634,0.21917562312428
10008,9956,0.000528474548549327,0.00429226480000543,0.000175542467983229,0.104057768046294,0.170670178665976,5.73334330823571e-05,0.200894769026413,0.519323669011696
7666,9235,0.00119110692393436,0.00717942958889652,7.82305965178165e-05,0.232245895024583,0.132286270039382,0.000123014553481869,0.30874077233219,0.318155280941014
3329,2879,0.000381804043990892,0.00315481142180728,5.58176800375044e-06,0.211400797444606,0.145348427042637,6.37444889049771e-06,0.278648585402378,0.361053618427687
4084,8994,0.000175875041019339,0.00126178669237083,1.14230293633977e-06,0.51384403522325,0.111661487195705,5.88336560853678e-06,0.0869569815840347,0.286092808595075
8977,5520,0.00383700565833099,0.00499851412509789,6.29218872934285e-05,0.0688637108749482,0.311672009521831,5.82873076600205e-05,0.132617472235156,0.477890078389682
3877,7915,0.000490320291329312,0.00389315835365883,6.66332040390738e-06,0.353068577738927,0.115685286781239,8.36212967621175e-05,0.0910126405484994,0.435759731669181
7598,8156,0.00136563890118241,0.00578536608250412,0.000136287774218601,0.205187420345634,0.189927538034328,6.37095451442976e-05,0.106699481834542,0.490834557482446
6636,3361,0.00194796994359273,0.015145037484007,7.4560712296018e-05,0.0974894662741658,0.109327187183117,4.51460971371002e-05,0.380941332419409,0.395029299886275
6221,6238,0.000590224473362278,0.00364722675321097,4.64237895496149e-06,0.264378314216798,0.265467414667204,9.19108668379977e-05,0.10710746292017,0.358712803723462
8082,3241,0.00467848897501878,0.0323892380905095,0.00168923336880802,0.162893982195103,0.153499779184047,0.00120600674786682,0.322293215757135,0.321350055681511
6151,8995,5.69830550167429e-05,0.000682178053388589,7.40164268525689e-07,0.567655187713441,0.125709490968632,4.37705021277766e-06,0.115879932231698,0.190011110763343
8561,10075,0.00246432438283081,0.0807232750412138,0.023242929282802,0.329262110109386,0.0976044746237629,3.70370134277044e-05,0.130656855956679,0.336008993589898
7461,6238,0.000924153428811961,0.00697364021304518,0.000138968178706695,0.287776795144896,0.171381403835508,5.68381273441755e-05,0.193943778675289,0.3388044223964
4498,6117,0.000802589314358826,0.00386287597229838,6.09748967639198e-06,0.374764574781449,0.133092380789467,6.23397209051446e-05,0.175327871082899,0.312081270848946
7667,6598,0.000962000655824425,0.00566208852268985,8.76667983112776e-05,0.321426876607627,0.193779707179071,2.84914501074184e-05,0.132695510774495,0.345357658011874
3673,2520,0.00210926234716612,0.00983770872659781,1.35242015772451e-05,0.358833969021312,0.213324682787901,4.97612918067255e-05,0.137086948852862,0.278744142770777
4290,8874,0.000437932643968621,0.00258389620373892,9.5167413235485e-06,0.419647976316371,0.10698003184147,9.13253378091103e-05,0.101694949552596,0.368554371362724
9321,7078,0.00088936475108738,0.0105294157626908,0.000386819247024454,0.40324546468233,0.0968438091899144,3.55136225763352e-05,0.127090796621722,0.360978816122655
5255,9354,0.000539761182099412,0.00201763506430072,2.74374400857119e-06,0.293792297289441,0.168151497489865,0.000108771514653056,0.0667674031664079,0.468619890549225
5119,4798,0.000298306350273889,0.00404851157145641,5.42540641736671e-05,0.0489688530638163,0.0269419332564007,1.44147943331231e-05,0.731606571783801,0.188067155115745
4704,8634,0.000422429363821603,0.00187977449111243,8.09161709422089e-07,0.53378237057053,0.129210425739386,1.53537142471899e-05,0.126588263247394,0.2081005737118
8355,8516,0.000769919920539594,0.00768321560372407,0.000234633241105341,0.303849958897915,0.086618185959352,3.29319680678072e-05,0.172464900524789,0.428346253884507
8565,3122,0.00798324397231115,0.0272683466545473,0.000820608272650801,0.128069364269365,0.208794889460991,0.00039944206947258,0.234753851411028,0.391910253889634
5530,9834,0.00104394432342128,0.00187948259635827,2.74615852503447e-06,0.468263270028389,0.11981732599233,2.16924310940676e-05,0.0780067307017626,0.33096480776812
6564,9235,0.000137041269282693,0.000914208711172788,7.25893311948319e-07,0.448182001825518,0.298533119163729,2.69115013852778e-06,0.046916060529566,0.205314151457281
3740,7195,0.00165670993291879,0.00591675911979579,2.50882414227828e-05,0.232935901738654,0.153945766955697,6.21688256600853e-05,0.116740357322625,0.488717247863227
9874,3722,0.00347552941389844,0.00138022182955427,9.95175334319963e-06,0.0811053046386641,0.227271540219964,2.05206192257944e-05,0.0444941704055615,0.642242761119789
7667,8276,0.000410378237087605,0.000960649294965887,1.80684114266762e-05,0.155120972480175,0.166276236492509,9.39206752949201e-06,0.0179222356948067,0.6592820673215
7461,6718,0.00105299491197459,0.0051114647427434,6.33515094719911e-05,0.144983577954552,0.151898674976153,4.53081250833295e-06,0.402366422240429,0.294518982852168
9323,2762,0.00319442025993901,0.0284214345540051,0.00143820801539737,0.298863124067576,0.12253236636423,0.000146876321913975,0.139008927193169,0.406394643223769
5461,9234,0.00048006341402132,0.00102179322021146,1.01621795133514e-06,0.372400910251121,0.14468468759953,1.65295851506219e-05,0.0614690895701832,0.419925910141831
3259,3958,0.0004299762288126,0.00234392974996729,2.88784064542047e-06,0.464808600497378,0.160664787686641,2.91311309405631e-05,0.126810253387755,0.244910433477861
6908,9115,5.83622943107363e-05,0.000720256613443483,5.66428176431585e-07,0.649599904235923,0.164003510623495,1.66935034738861e-06,0.0587035031008079,0.126912227353496
5119,5518,0.00167397543482177,0.00681987631094089,6.64709138734713e-05,0.0842607549216428,0.122719108950424,0.000535768368301583,0.38249505518836,0.401428989911635
6429,3001,0.00147949091267224,0.00769595602481418,0.000108899000181603,0.1301978816928,0.0682799682973502,9.89336047261977e-05,0.489615013742508,0.302523856724948
8702,3601,0.0115943922437514,0.0240645411994849,0.0013094781254851,0.0920186721622992,0.254317867577057,0.00176302331700267,0.218995241546842,0.395936783828078
5739,5638,0.000452384631529457,0.0047128506197087,5.77879068222027e-05,0.316361530786523,0.0914642383355068,3.47456997496207e-05,0.242045171423443,0.344871290596717
5186,8035,0.00171921267327806,0.00636245177980466,2.35358488878733e-05,0.198364372402779,0.160925934952576,0.000433631700484808,0.0923116585207465,0.539859202121442
4843,5757,0.00037816336301994,0.00207505148260993,3.46351781583887e-06,0.416377006157967,0.133111685424605,9.4758756220941e-06,0.103377280355718,0.344667873822642
3880,1921,0.000394345391839705,0.00257183159656614,1.12016423317325e-05,0.212555506040222,0.322119808588575,5.15096397467743e-05,0.109262967605679,0.35303282949504
4773,8754,0.000629377673663735,0.00199963753911902,2.0937350480257e-06,0.478508937819571,0.153309035538237,1.54916663820081e-05,0.110084549604956,0.255450876423023
8151,4560,0.00346804868438838,0.0159909177311896,0.000981422339736419,0.0620900626214778,0.327032400726567,0.000170243614070284,0.182409261143369,0.407857643139201
4774,5877,0.000908406235731391,0.00226662326714882,4.91283575946717e-06,0.412541583876627,0.158221920221425,5.25294542024223e-05,0.12422455165362,0.301779472455486
8839,5040,0.000200122821422209,0.000245111696783936,4.7252744210788e-06,0.0110829113015139,0.224476159504382,6.86275197458677e-06,0.00491783015368133,0.759066276495821
9389,8397,0.00073201820183532,0.00676525385091316,0.000148685550790119,0.0443970190706018,0.0373050542864939,6.35834161239589e-05,0.814341150639687,0.0962472349835552
4842,7436,0.00378260131389161,0.00810784114073118,1.85169357797689e-05,0.181917652413528,0.19496486964521,0.000775270186918163,0.0809255460639209,0.52950770230002
7323,6718,0.000400422455640611,0.00470377393947991,8.5646421258916e-05,0.120861418718524,0.150508817188466,5.27691754411553e-06,0.312352102141679,0.411082542217408
9392,2163,0.00419991626394271,0.0315229291495459,0.00413808386064843,0.184217298102275,0.137486745168976,0.00351889648895653,0.265335475730674,0.369580655234981
4224,3959,0.000290801708831316,0.0108653696851396,0.000105942569643247,0.229552258442015,0.105418004010437,6.60984395861757e-05,0.362284977992362,0.291416547151986
5117,8395,0.00287831798793644,0.00640552763848637,5.22946717361502e-05,0.267638379973404,0.16699499332261,0.000489243278839874,0.191111700898741,0.364429542228246
4983,1921,0.000292490455886797,0.00158981519872402,1.39903352921547e-05,0.147290373130872,0.10256446748793,1.61123521653413e-05,0.318949341352181,0.429283409686948
9320,8277,0.00210324948275116,0.015785617924105,0.000476555940479957,0.223750891028802,0.0770591879777224,0.000154960037202093,0.3452389427064,0.335430594902538
8633,5160,0.00113819315196111,0.00227621185537408,3.97932747111719e-05,0.0986802771842094,0.296150904964071,0.000233021764968012,0.0544582935267726,0.547023304277933
7394,2042,0.00176656046368112,0.0112485822055626,4.82807806328478e-05,0.230166766091314,0.127464655303265,7.65499685223588e-05,0.257985352097615,0.371243253089407
4016,5997,0.00293727755426071,0.00580922717028927,3.45862977279033e-05,0.182729606811665,0.14955908476242,0.000236336121851286,0.0665140008303546,0.592179880451431
6290,5638,0.00103263953618477,0.0071578576291582,5.24166323722297e-05,0.12318729815147,0.0692753853558292,2.92586597736311e-05,0.566275610736329,0.232989533298883
7876,2882,0.00240047199359431,0.0220315958675837,0.000381260253619739,0.100321605787541,0.142450186286369,8.9110308208808e-05,0.363902710771227,0.368423058731856
4018,2161,0.000925463685602207,0.00481665779048462,2.20387058338039e-05,0.177978700911232,0.195890818610456,2.10263689650393e-05,0.225355791416694,0.394989502510733
4084,7795,0.00123625077945728,0.00433802458541752,3.03069759799239e-05,0.233767101169612,0.156677793623002,0.000591977203753554,0.115923468112057,0.487435077550721
8771,4920,0.000837594308977888,0.00203575708602027,0.000290958753367358,0.0116043399277346,0.339839543299775,6.2086483217342e-05,0.0325745313776698,0.612755188763238
5255,8635,0.0011459027007013,0.00361929600122964,3.04079792598991e-05,0.245110232478226,0.117942818918032,0.000904613026315514,0.260160387958498,0.371086340937737
4085,5158,0.000289044849318793,0.00327750674743806,4.29573055879705e-05,0.331255343859034,0.0448629470020378,5.2029430291496e-05,0.30736112730485,0.312859043501442
6704,4679,0.000992307795352563,0.0046476515278899,1.9154991449983e-05,0.0398622597614602,0.0856373695557525,1.7858534598838e-05,0.510211515924917,0.358611881908579
9805,2403,0.00438111935537646,0.0459849483172703,0.00154840877670882,0.196576860952577,0.166513474951286,0.000107205245863509,0.273704260150729,0.311183722250189
8978,2642,0.00539313081321759,0.00985837566067212,0.000577687184367036,0.0550669122891469,0.239297735110523,0.000575744463533932,0.101471410172632,0.587759004305907
4087,2280,0.000249523608990343,0.00272465981031418,1.9332022745986e-05,0.128321031419156,0.116561740684136,0.000172760930399158,0.31738543690807,0.434565514616188
9459,5400,0.000910231185274615,0.0016300443590194,3.56776824657433e-05,0.0215669616944179,0.217755762852145,3.87143318528277e-05,0.0192544810724429,0.738808126822381
7461,6478,0.00321429385902539,0.00585165863338074,0.000118384359184914,0.229483604961333,0.194159401836406,0.000159675996821428,0.216343196356407,0.350669783997442
6910,5519,0.000421143052734315,0.00613457523764566,8.42040183645053e-05,0.450645064358037,0.132037971017352,5.84511949604823e-05,0.119711131656388,0.290907459464518
8632,7557,0.00119321592171795,0.00964636234104726,0.000585542726873216,0.509362009011488,0.103639084382797,5.01221180704576e-05,0.108520313648471,0.267003349849534
4569,1921,0.00047471438401416,0.00490880216102665,4.58496529985195e-05,0.164416228367241,0.101758562453944,0.000224673769861898,0.474556548043754,0.25361462116716
5323,9953,0.000693579300863996,0.00279193441521909,8.19967198326839e-06,0.412558173548469,0.131835276902901,5.37929062868516e-05,0.0798619608512135,0.372197082403063
9528,5760,0.00184114074548671,0.00575347152622817,6.84112084303702e-05,0.0261949864061463,0.424443204426146,0.000180968643646675,0.079759651313312,0.461758165730603
7184,8396,0.000513188944062706,0.00433645662053969,2.63940735539916e-05,0.3161748498789,0.19082825282743,9.08970598107217e-06,0.0815195876123812,0.406592180337152
7942,8996,0.000824939604186144,0.00727927295714552,8.97965782769917e-05,0.455894276404487,0.102656616086235,4.8456265527195e-05,0.0698580393772867,0.363348602726856
7876,3121,0.000841946734390283,0.00586590401168007,0.000229372235639203,0.0101674372990155,0.0329379700699066,0.000215330862077078,0.820939587881039,0.128802450906252
7117,5878,0.00263590808079062,0.00898611043071909,6.1380793664947e-05,0.263339756332672,0.187458923865903,3.58945193638426e-05,0.102440128108231,0.435041897868655
4981,5518,0.000962792732936498,0.00358682335089504,2.70796325471559e-05,0.162274259830604,0.168208540130932,5.00518149885675e-05,0.151476547022759,0.513413905484338
6978,7796,0.000649999722694835,0.00513587347392301,0.00014225950708525,0.139793426738254,0.165209499032961,6.22543991873661e-05,0.0524828455562523,0.636523841569642
7048,4560,0.00112378758614984,0.0116846023928875,7.33071591076294e-05,0.120845651023695,0.151486940241709,4.69650544940916e-05,0.328040085084376,0.386698661457581
4979,8874,0.00161882873498146,0.00520981059565309,3.23288906820345e-05,0.253973961584993,0.140876596267771,0.000871881675798131,0.21662442372386,0.38079216852626
4497,9713,0.00110056433563365,0.00561992324233622,1.79772531891473e-05,0.309137651780528,0.114307952538086,7.84423363985249e-05,0.183653025453193,0.386084463060636
7735,10314,0.00367842733922285,0.012183495516837,0.000656630907130971,0.264450209176773,0.117375199209325,0.00013516244791986,0.206948786788709,0.394572088614083
8769,7797,0.000570830695099075,0.00887253975262553,0.000349008159636465,0.522269767529267,0.0722806549652001,4.86176459221049e-05,0.110473517474319,0.285135063777931
7117,5639,0.00112584806989112,0.00395197500379089,3.33224915401023e-05,0.260893023641566,0.259497350362748,3.01094787138187e-05,0.114161493232751,0.360306877718999
4290,10073,0.00133376601987435,0.00226319767029727,5.7714986729218e-06,0.36926125412699,0.164079400991634,5.11369642317636e-05,0.0824302721656232,0.380575200562677
6426,8995,0.000103386805875581,0.00104547635605325,7.0063578242772e-07,0.575906664157149,0.127306442535786,1.5659758996829e-06,0.101034714695383,0.194601048838071
9527,7917,0.00230079764517727,0.00846497147480223,0.000251893703418778,0.387818251025093,0.0897487500132096,0.000116454308645031,0.136495462800544,0.37480341902911
6910,5039,0.00089928718260666,0.00435479218063879,2.63737114700883e-05,0.289331559360059,0.198155113615699,3.57947820761528e-05,0.147992012820317,0.359205066347134
6154,2761,0.000207701796097369,0.00160525001651916,1.08175737511609e-05,0.316932289776638,0.0302738000446378,2.77911811364019e-06,0.43271994448094,0.218247417193304
3533,6836,0.00353520697153308,0.0138150027114831,6.3076735781605e-05,0.182482278256287,0.151009748029479,0.000173786981305359,0.159380284089275,0.489540616224856
9323,3002,0.00235961882844249,0.0190309357842841,0.000902269194708081,0.321144997782372,0.192772008675565,4.18985935768331e-05,0.140691088239692,0.323057182901359
6770,9834,0.000430806590564659,0.00322765676581472,2.55609528275913e-06,0.46074053264998,0.157456595808962,1.5456643591655e-05,0.133519697949624,0.244606697496181
8012,5759,0.00183352485725752,0.00408023993427366,2.56043995549541e-05,0.157905772594021,0.318803969993491,4.34898838712193e-05,0.117366780107941,0.399940618229591
5117,9114,0.0016303095594883,0.00596592537028895,3.69993824588038e-05,0.115406578493013,0.0857615911584031,0.000606779338259994,0.473439996949129,0.31715181974896
8217,8996,0.0038056041027208,0.0248301449634861,0.00228676429981373,0.307443353531844,0.109039142859992,0.000430395104921126,0.149752639073642,0.40241195606358
9392,3122,0.00311391726396722,0.020341617487183,0.00236512691756766,0.238927481569345,0.136308835403007,0.000262350028690103,0.314233781203498,0.284446890126741
7046,8875,0.000159984308518231,0.00119458369202417,6.01744213570426e-06,0.607038879294352,0.131849658757762,7.42280482423184e-06,0.0736761562900979,0.186067297410286
7528,8995,0.000588964042929974,0.0101739560916181,0.000121336949707601,0.377555037348659,0.124079521664551,0.000105455519820518,0.197281092163333,0.29009463621938
4154,6237,0.00254904647084145,0.0045308935313049,2.69558042495096e-05,0.190553905236816,0.122386068590708,0.000260722207250718,0.3048887087387,0.374803699420129
6426,10194,0.000513639178019749,0.00307907091501773,8.65778997645711e-06,0.309598059160831,0.0618176923235261,3.8255424737901e-05,0.387767059000068,0.237177566207823
4431,3360,0.000153211064876331,0.000699516893054979,3.45926026017405e-06,0.113036593757969,0.140462617941427,2.831205601632e-06,0.398719353331429,0.346922416545382
6705,3001,0.00449482905202696,0.0383354374073322,0.000190222358582902,0.0561643569309977,0.140025266195523,0.000178990380819955,0.292689604468107,0.46792129320661
4153,7435,0.00232110770207571,0.0041653262245555,1.35109678635917e-05,0.163563912728648,0.178334786346661,0.00040657140045817,0.0544775297531623,0.596717254876576
7735,8636,0.00073224783032143,0.00287982695245541,1.34974155481008e-05,0.231931213937773,0.159702745755216,4.26221279699551e-05,0.0735787047970887,0.531119141183627
6635,4080,0.00263244242488336,0.0148680056985848,0.0002604556100122,0.0786463429013516,0.135645999914377,0.000306151910978644,0.259240058138146,0.508400543401667
3947,7555,0.00220450278723795,0.00731510014949339,8.06471844961428e-06,0.245927705737059,0.166172560552272,3.29473349378697e-05,0.117671528306427,0.460667590414123
5049,6597,0.000634878734381744,0.00458610266396604,7.03412602306672e-06,0.240947239017317,0.121174586351935,9.81210587954775e-05,0.314218774374429,0.318333263673153
6429,3720,0.000727314480148326,0.00408216704226092,4.5359169612259e-05,0.0377507517847882,0.0531215946998105,7.92450077677951e-06,0.620279156001864,0.283985732320739
3673,3239,0.000711720314453203,0.00204625131039036,5.27971099858625e-06,0.303655332360014,0.255488387799772,9.49592668656636e-05,0.264926610804019,0.173071458433486
4431,2880,0.000191681409970661,0.00131466588766507,7.48422732179139e-06,0.116481795768586,0.0819161673044148,5.43914987841394e-05,0.379370332686772,0.420663481216485
5806,8875,0.00145125462174227,0.00374277957817965,7.94559016145828e-06,0.389063015287408,0.145296068555712,0.000105810273598312,0.164836380387871,0.295496745705327
9254,2163,0.00419072337230193,0.01866753942317,0.00087512126676007,0.167907545239141,0.181265783392179,0.000479098181036548,0.208211839958021,0.418402349167391
3260,2760,0.00105343840294683,0.00644928205463706,2.53505616747183e-05,0.189600992895914,0.18443914911712,2.7931099620127e-05,0.315562297865887,0.3028415580022
4565,10073,0.0011256316378714,0.00346861708647423,1.09130022504787e-05,0.371373115261724,0.113359305072029,7.43993441151473e-05,0.174631567593018,0.335956451002518
6428,4919,0.00120792316566655,0.00677099640673285,4.58269680921507e-05,0.210823075288553,0.138605236419623,0.000130730413707631,0.237173121717426,0.405243089620199
7048,4320,0.00369143859918145,0.0165343252747474,0.000141795407605687,0.0849736493240764,0.180512884642374,0.000453999072278422,0.200341563685453,0.513350343994283
6771,8635,5.20548541754234e-05,0.0003638159700334,6.44320227231481e-07,0.601790081678763,0.123723386144506,2.49810640987696e-06,0.0639673745994294,0.210100144326456
4222,8754,7.47869778238783e-05,0.00151683244970993,2.58644744222142e-06,0.583310785754205,0.0785156241282334,1.44371412437279e-06,0.0841070379860302,0.25247090254243
7943,6358,0.00211669956498961,0.0162724901979167,0.00124930420664642,0.313724115803652,0.179402936797054,0.000132385419581978,0.1008195679403,0.386282500069859
5809,3600,0.000219660730496673,0.00248440875389737,3.46746752658022e-05,0.0794065255009175,0.0188610964615668,7.02664989307917e-06,0.673637567608647,0.225349039619316
4153,8155,0.00117419832625537,0.00622191340978797,3.77371551054914e-05,0.347534516322129,0.092158519670347,0.000795656047005341,0.36874748144817,0.183329977621199
8010,9835,0.00619321429206308,0.0481272379771796,0.00462153316655576,0.295738695850245,0.115525017478052,0.000456610172045595,0.176148344057905,0.353189347005955
5117,9833,0.00206914989908262,0.00320265076286036,1.172660166847e-05,0.320531417875622,0.170435338248368,0.00067687441708392,0.075432879530622,0.427639962664692
9529,4081,0.000235173479603862,0.00173217256644574,5.01729392065325e-05,0.0978167095068919,0.133402551482102,0.000705959701986938,0.113680511491288,0.652376748832475
3534,6596,0.00125867315126342,0.00311814142918045,1.07978204410739e-05,0.158543218010095,0.111289977751068,6.02862515094388e-05,0.350645456507231,0.375073449079211
6908,10074,0.00019258810932451,0.00105409931105269,5.61237742088374e-07,0.531945835254213,0.138502224875696,1.06915390219613e-05,0.102892989102813,0.225401010570137
8562,9356,0.00169706510563234,0.00696582095347008,0.000107234426815743,0.291880449199531,0.110690788628499,0.000117584596579502,0.170840523058081,0.417700534031392
7186,5279,0.000791698562001607,0.00229147267753502,1.22229413602396e-05,0.374764351643498,0.229132647331176,3.13348981079932e-05,0.120408716548314,0.272567555398008
6636,1922,0.000651360666725239,0.00458935689322407,5.53923718060497e-05,0.0090096093434046,0.0163789054498286,3.01569967048117e-05,0.759533307921543,0.209751910356763
3808,8274,0.000654631660985233,0.000997383751615253,2.26985788737013e-06,0.343183843089112,0.204403913730241,2.67306822221269e-05,0.0712079961472348,0.379523231080702
6635,5279,0.000528141674859084,0.00473037119879589,2.53486678716923e-05,0.104568310734906,0.125279208408065,4.08882334621058e-05,0.354447794647647,0.410379936434393
5672,1682,0.00303890555055467,0.0152862268038958,6.60903974925817e-05,0.204572009154101,0.116024233409008,0.000180853128205263,0.39824670640758,0.262584975149163
7325,3121,0.00272616710886194,0.00941358448413622,5.35755760213127e-05,0.124440156897149,0.128453018498338,0.000115463586556497,0.365758547371991,0.369039486476946
9252,6958,0.000875073512751775,0.00702156428967917,0.00025586140700778,0.451459794502135,0.103570315233663,5.65283937546353e-05,0.162384556819144,0.274376305841865
5117,8874,0.00124383246848686,0.0020066689613925,1.21023698080068e-05,0.160953790337176,0.100782316459216,0.000723072819695232,0.456934574995641,0.277343641588585
6358,7916,0.0016719101995639,0.00449969505396798,9.7869178886672e-06,0.218506277594281,0.249976888522296,3.89765846909527e-05,0.156467673938319,0.368828791188992
7118,3720,0.00155438580544501,0.0113338769287764,0.000107758768461281,0.00938576090579837,0.0650562920483458,8.61681263319925e-05,0.644976043942789,0.267499713474052
6014,7077,0.00132714429359339,0.00530754228407814,1.43617892713322e-05,0.377696107286489,0.137797314466276,0.000197859520257437,0.137369705556846,0.340289964803189
9322,5160,0.00116570642504736,0.000759947570059991,4.70617742676024e-06,0.0345943893716054,0.239452647485452,1.40874242959607e-05,0.0313339436993065,0.692674571846806
4086,3239,0.000227623886055495,0.00554560442442061,2.62799655240017e-05,0.254193329972679,0.0998805099422956,8.72617917185043e-05,0.421722805474798,0.218316584542509
3465,5277,0.00408545187447947,0.0139539282013941,0.000528566312856909,0.123232970832231,0.0980313154486642,0.000539344194694133,0.470120361033646,0.289508062102034
4359,9953,0.000750062716002232,0.00475165319289851,1.2775478352518e-05,0.38122651340357,0.118910490925849,9.45475513534369e-06,0.0675797211170714,0.42675932841112
6774,1443,0.00143682383768174,0.0127730939298968,2.45810042944901e-05,0.303298606986203,0.102803470848153,2.05259498194392e-05,0.277834434718357,0.301808462725595
10009,8757,0.000132354884410406,0.00266840572797275,5.68884237542945e-05,0.00225718546745749,0.00600285621118605,4.25578435579907e-05,0.891888553451082,0.0969511979905789
7598,7437,0.00224939092800085,0.011342405962406,0.000368651092249151,0.299145548352276,0.157204202971988,0.000222058029484546,0.153049504676489,0.376418237987106
5740,3240,0.000583241092322864,0.00270217209120676,1.98270685771881e-05,0.0463311580569242,0.0397703733101113,1.15617972790605e-05,0.676137914838023,0.234443751745556
9320,8757,0.00382246598807318,0.0449616592557739,0.0149986197258754,0.362902729156289,0.0646234886109708,7.31623764786843e-05,0.20603741681416,0.302580458072379
6634,6238,0.00340167985642979,0.0193338538437029,0.00030506837455851,0.11832046534914,0.198748096274217,0.000130379928193322,0.230675248657557,0.429085207716202
7876,2402,0.00100303226008497,0.0152956918783671,3.35242101183073e-05,0.0666744459513322,0.0801054862608771,2.06382941917253e-05,0.550275002690649,0.28659217845438
4290,9114,0.000250998936006811,0.0010490731846717,5.01788265360153e-07,0.547196598405125,0.118228491056719,3.1797757017373e-06,0.0270926921308538,0.306178464722656
8769,8996,0.00440240165463346,0.014370358100671,0.000150946242617801,0.278215837583623,0.146230817270119,0.00202827219102395,0.189973243702384,0.364628123254929
7390,9954,0.000939130533744494,0.00865659791598956,3.55653091097273e-05,0.316459595196832,0.087073660618076,0.000119689535579631,0.304072264902527,0.282643495988142
6494,10074,0.00115840193336643,0.00229983968414244,8.41189511321032e-06,0.409054266198696,0.146939879944932,3.25954555213697e-05,0.130026692815245,0.310479912072983
3948,5158,0.000460223265525945,0.00303590947577887,3.18047272789693e-05,0.15244665129475,0.0550413124563486,2.85366686930458e-05,0.634876420324903,0.154079141786722
8703,2642,0.00874000564171775,0.0141646378352023,0.000226684948160285,0.112059921526239,0.264725916851233,0.00069797497734771,0.199643287220517,0.399741570999582
8565,3362,0.00506093313767881,0.0233580173119041,0.00255622526400414,0.127408778467765,0.222070219639505,0.000371465632852608,0.151113107786006,0.468061252760285
6839,10434,2.32494378340026e-05,0.000500690756873477,2.52707999960313e-07,0.560451282537576,0.141733564169364,2.03042242299379e-06,0.0717885631808513,0.225500366787078
4773,7316,0.00200824017801895,0.00363457655479544,2.23905172930853e-05,0.20097858582281,0.175471752872189,0.000598577106812417,0.0994940588306428,0.517791818117438
7529,7797,0.0013491105417516,0.00730371703962463,0.000178487606002147,0.203016872294725,0.210368102168184,2.80689324749238e-05,0.0936517841723188,0.484103857244919
10080,3842,0.00644902578676077,0.00369175791168807,3.43260088173657e-05,0.0964504940840418,0.303799500670425,6.98186529782041e-06,0.105534898244104,0.484033015428865
6015,4919,0.000820700473787891,0.0044316670782057,9.9889375392938e-05,0.107322989170856,0.0631029481817743,3.92647547845471e-06,0.581414040437067,0.242803838807437
8425,7437,0.000332268192480024,0.00764241099854361,0.000103313990361823,0.43011413238388,0.108841488324075,2.38860343254217e-05,0.11630410863291,0.336638391443425
6151,7316,0.00190796148808852,0.00520257528279818,2.4951972424674e-05,0.270325645391129,0.16451846663277,0.00026188841162057,0.13643988350799,0.42131862731318
4153,7196,0.00248111057241686,0.0110966720322001,4.13979984300493e-05,0.21167500175638,0.171556242189159,0.000322875610486867,0.133012719279886,0.469813980561041
7945,3481,0.00526632854865254,0.031175465945174,0.00392505966836702,0.085087803509965,0.167252926315914,0.0021998348270477,0.331757655795134,0.373334925389746
9733,10195,0.000155387001573001,0.00138616501602909,3.17352235052543e-05,0.188861032958354,0.136607393840099,0.000342297723126066,0.00802597528991422,0.6645900129474
8495,5879,0.00451048208508967,0.0124562138362064,0.00022845869301805,0.100287100940877,0.322956896887726,3.41703402424519e-05,0.111511257359472,0.448015419857368
3879,3839,1.20013486618352e-05,0.000146544472644754,1.64580043237315e-07,0.576332924771275,0.127392724181576,1.31120732953021e-07,0.162518153434639,0.133597356090428
8976,6718,0.000946910264618704,0.0101649860982588,0.000416800351518191,0.361657751232199,0.157391246589552,3.14482718521411e-05,0.105826819193361,0.363564037998641
6220,7916,0.00219595107837268,0.00775497365148838,3.47785810655059e-05,0.133669360061977,0.155044944532924,0.000324199543287568,0.346823280651944,0.35415251189894
6705,1562,0.000449720039834906,0.00452392232718204,2.40594979956115e-05,0.367331296840587,0.0889373202573976,4.08107257135057e-05,0.251150259736882,0.287542610574408
4429,6716,0.00212642576271161,0.00320432752999306,3.14069479237539e-05,0.215021565919373,0.162237596952445,0.000254450996879085,0.0753739517297361,0.541750274160938
7394,1563,0.000414962943122323,0.00810986947577473,2.91586830357965e-05,0.182866837448404,0.0402117333542853,1.7373918040922e-05,0.578523800335942,0.189826263841394
7805,6598,0.000475601601686432,0.00860463472645554,0.000117045875450987,0.139712600986834,0.0985457620252726,0.000156675835459951,0.481624465377077,0.270763213571762
9182,9955,0.00205216879387319,0.0115091850260861,0.000332298905259027,0.153202305815152,0.123256327947868,0.000274473265911762,0.221110892548615,0.488262347697234
10216,8637,0.00147127207727227,0.0201773941697449,0.00117398286268321,0.0542490449457485,0.04963626654934,0.000500030489479658,0.631258386440494,0.241533622465238
8425,6478,0.00362481306533157,0.00991702549464948,0.000522254908290374,0.18141241771256,0.235537675800322,0.000112721883706793,0.121000280565244,0.447872810569896
9046,4920,0.00013884290235491,0.000570144373888871,1.51107795418589e-05,0.0575837964256801,0.158929442571908,5.66470876011919e-05,0.00526669059798169,0.777439325261043
3397,4198,0.000439956853654383,0.00142128737357884,1.95815862929192e-06,0.437897873689352,0.159120262153766,5.16351391500726e-06,0.155427000259156,0.245686497997948
6843,2282,0.000414497198015363,0.00427430576993815,1.23181820159055e-05,0.0470436629056609,0.0521015674478613,4.09143861836423e-06,0.683415897304684,0.212733659753206
8425,6958,0.00139450484172396,0.0100110241673404,0.000150551972049588,0.327700150789239,0.158059515327561,0.000138987307542851,0.13417179582545,0.368373469769092
5876,6118,0.000923097185667662,0.00690433183824387,6.16815283168591e-05,0.24134455107195,0.125489466349874,5.93838575676924e-05,0.172032826681011,0.453184661487369
5531,8155,0.00148951531237841,0.00544025740176068,1.72910051752431e-05,0.256077377240815,0.162880949424327,0.000149429727035484,0.0824802033725579,0.491464976515951
5323,9714,0.00105256694690775,0.00284909939624579,3.45807218592526e-06,0.351647167026686,0.168490894962183,2.04895128725275e-05,0.0644672269329711,0.411469097149948
4568,3839,0.00129346160367292,0.00468231113206037,2.1885436906838e-05,0.163638514538492,0.0949612002241842,5.60142468490453e-07,0.269325713331989,0.466076353590226
8082,4200,0.00524726521819705,0.0156184270363603,0.000249770676797849,0.0386118949168803,0.362076056758176,0.000475696932940544,0.152167807426192,0.425553081034455
9116,2643,0.00289574403318141,0.0214966786567736,0.000273937054910568,0.200654129316199,0.154364648601811,0.000261979517633478,0.235844547250742,0.38420833556875
7185,6478,0.000704922429150659,0.00585672865714498,7.4460856254572e-05,0.258007345776301,0.22113481497915,8.21818561503822e-06,0.131978750837771,0.382234758278613
8493,8037,0.000218108993982995,0.00398598502288706,6.5756420420702e-05,0.545317327714405,0.0723902309534955,1.29028222756554e-05,0.0776456364862614,0.300364051586271
6358,7197,0.00065924713979578,0.00429918260322155,1.95449190011784e-05,0.229593001376197,0.119738028564697,5.63824000145021e-05,0.270588131486254,0.375046481510818
6222,4080,0.00122241070582451,0.0164526181216386,0.000484065134627762,0.164459584724515,0.106438723716633,1.80727125473895e-05,0.292961961366573,0.417962563517641
4706,4079,0.0004520407599282,0.00481285344091528,0.000131062289255585,0.272379679933401,0.0602468995946142,1.36568841440662e-07,0.444294644545813,0.217682682867231
10077,9836,0.00116620580721765,0.00599538274165201,9.86027822503423e-05,0.0862824123079729,0.141798427926699,0.000227554363375223,0.141612134708653,0.62281927936218
6705,2761,0.00358028237652221,0.0274527790998202,0.000199613882207641,0.210529167505114,0.143368844061162,0.000116760035811229,0.243016086041948,0.371736466997415
6770,10554,1.84616443314837e-05,0.000364844329830898,4.65321259568437e-07,0.664907917967164,0.0900972931480418,1.96985331209221e-06,0.0654981612199343,0.179110886516126
5463,5158,0.000648652501090946,0.00278434156599858,7.97452175534262e-06,0.371394087901583,0.0882917339775725,2.75039392293412e-05,0.269131348782994,0.267714356809776
5671,3360,0.000680613142659352,0.00460540336608976,1.51526209462491e-05,0.0874762135012906,0.0479742780997841,2.25396703715203e-05,0.655165021606566,0.204060777992292
8010,10314,0.00295808311586988,0.0260525933994263,0.00342406208908981,0.371563315046907,0.0385226301875472,0.000481218148330362,0.285817521146643,0.271180576866186
7321,10314,0.000537137616945205,0.00555939638984925,3.33485742572008e-05,0.369982144478225,0.0882953077143381,7.7074539146796e-05,0.198469619013604,0.337045971673635
7738,4080,0.00200098969894699,0.00770404541103738,0.000257785797166945,0.0234028764082762,0.300574860002866,0.00258716428530891,0.228763078688673,0.434709199707725
9390,5280,0.000173438407989965,0.000145131958853075,3.34228632806908e-06,0.00333546346382539,0.162807606274928,1.35379270112136e-05,0.0032991553296872,0.830222324351377
8080,8756,0.00278864281158682,0.0100090107788335,0.000186211933201383,0.341802817019929,0.142559896103518,0.000541521020462693,0.153519038545973,0.348592861786496
4635,9474,0.000435707641631365,0.00502601419727357,1.43233074239448e-05,0.421343235471833,0.0998479327092566,8.53909649062203e-05,0.168910103613565,0.30433729209411
3602,7915,0.00074289811098884,0.00209558587554082,9.33216813361346e-06,0.354472655096162,0.195849909804101,8.71698322749823e-05,0.098287253878147,0.348455195234652
8630,10195,0.00475385869168617,0.0961252374546128,0.0311390189612937,0.329461906909096,0.0656648775186307,0.000205143443101414,0.112803590709636,0.359846366311944
4913,3719,0.00040418542759785,0.00227327738387804,1.596879359609e-05,0.154009561710549,0.0584835422863392,9.56868164375505e-06,0.517855852971709,0.266948042744687
6497,5758,0.00221319465498185,0.0125731130366349,0.000123885710390279,0.222850851878856,0.17565206205148,5.91231580843497e-05,0.231500178983932,0.35502759052564
5806,8155,0.00171484357127714,0.00747684925726633,2.52657372888436e-05,0.282106612486723,0.134306754154556,0.000156582483958756,0.221045276844361,0.35316781546457
9530,1923,0.00189313234745529,0.0231237035837426,0.000850939705093725,0.233383217137462,0.138411760397729,0.000141192710512521,0.194870226918909,0.407325827199095
8424,9595,0.00296698079504765,0.0125221618711552,0.000235001349983196,0.354241499409148,0.143601250786518,0.000141840979993357,0.18293098111664,0.303360283691514
9941,7438,0.00243430148106596,0.0107288964032975,0.000127768660761342,0.18687811902042,0.124860948403347,0.000268548804943683,0.0874439223186666,0.587257494907498
5463,6117,0.000491347163172012,0.0023502658974921,7.07968107443215e-06,0.282645291235066,0.170421077362347,8.94147225369513e-05,0.0385024117133345,0.505493112224978
4291,6956,0.00294158001441893,0.00787025523961823,3.79086883232011e-05,0.227366304380411,0.13353927288428,0.00126903235971108,0.203269243458322,0.423706402974915
5600,7556,0.00106305089158602,0.0076225186992344,2.19431441904386e-05,0.120340286715977,0.0709787387167278,0.000259551804511975,0.528252235656676,0.271461674371095
4704,9354,0.00181980150548486,0.00247059012331339,1.10493937331616e-05,0.333246599280463,0.155291898721079,0.000119404381804149,0.0519648506692424,0.455075805924881
6291,2521,0.000755580834354638,0.00357904613267793,4.98507570602692e-05,0.121816763760181,0.0402142664409035,4.84691632657353e-06,0.591600517060549,0.241979128097947
8770,6119,0.00249570548212768,0.0088681037621417,0.000177039647543661,0.0563681899969804,0.311367724512137,9.93376687854731e-05,0.0492008743779952,0.571423024552289
9113,9835,0.00755058312596155,0.0101584698447951,0.000568559514364911,0.340348359238166,0.105134914089613,0.00185623679034761,0.30279936313542,0.231583514261332
4085,6596,0.00320619389423162,0.00660090185028968,3.94217238262077e-05,0.203050962637024,0.155954361147537,0.000617767127810653,0.171952757827447,0.458577633791833
9251,9835,0.00976698092556141,0.0321733455031271,0.00121221235865354,0.213767209938823,0.0944413766717926,0.000148510208592514,0.271595779364182,0.376894585029268
6152,6837,0.00160048537036473,0.0096613276219203,3.19218081829728e-05,0.344762509644046,0.156254477647803,0.000420806863823066,0.112051157572596,0.375217313471263
6288,8755,0.00014104971217207,0.00163328162394841,2.99313532715175e-06,0.567932501497464,0.074340398455749,1.99202958814947e-05,0.116655611692267,0.239274243587191
5877,3960,0.00141974788867162,0.00575344087472358,0.000292618742574852,0.198304432184282,0.0770178353841904,4.7276579280133e-05,0.444117450831217,0.273047197515061
6909,7437,0.00166958779888719,0.00393444235862855,3.04462775979568e-05,0.146013155144622,0.167037407247166,2.66312494034621e-05,0.0670990208721658,0.614189309051529
4707,1681,0.00359544035866724,0.00645729057074128,2.63162495473225e-05,0.158950978513253,0.0918067602702094,0.000404276309599392,0.428524348642823,0.31023458908516
4707,2640,0.00394153388897807,0.00653980018876011,2.63644213610907e-05,0.145416860744195,0.15774631576388,0.000176541180508293,0.385797311519421,0.300355272292896
4293,3599,0.00355283098019265,0.0179780621647312,0.000108759407441121,0.109477867819835,0.0848966809262565,0.000641221021779022,0.527021103322695,0.25632347435707
6980,4200,0.00206851290028921,0.0126511784938005,8.3800078711017e-05,0.0409383034831544,0.103690791569611,4.60837880836253e-05,0.443137469331829,0.397383860354522
7391,7557,0.00109506828060284,0.00440787786669548,6.92895033320942e-05,0.336277764408126,0.186011012342401,5.41196525064456e-05,0.10116901782324,0.370915850123095
8149,7437,0.00258530120533846,0.0108144649671393,0.000464814807577654,0.384676806136195,0.108111629657305,5.88554735472201e-05,0.10907009230291,0.384218035449987
8357,6358,0.00296226857518361,0.0125868974195973,0.000496378853853534,0.294852638717622,0.167731235413303,3.49259400883812e-05,0.123761776178288,0.397573878902064
8838,8636,0.00230630019774676,0.0328337946522029,0.000731214738302137,0.0892425011825163,0.121002895599458,0.000171536177758496,0.479685347386493,0.274026410065523
10150,2044,0.00309251314365505,0.0204437536608716,0.000254820356146221,0.320420095496786,0.148952845025741,0.00101283577266105,0.204709082841886,0.301114053702252
3603,5277,0.00210034990198951,0.00751163776117794,0.000137316653077149,0.0812806570932901,0.0755870042854972,0.000844582527937525,0.512688405957538,0.319850045819493
5119,5278,0.000143426123176524,0.00131456999998707,1.27708118513873e-05,0.0223110496218609,0.0265506456689306,2.57349858732486e-06,0.710426999137118,0.239237965138488
5393,8875,0.00319334021662425,0.00427318083115828,6.36511410676793e-06,0.265245918458,0.184013509267447,0.000177018278494254,0.113896843977265,0.429193823856905
6567,3001,0.002043282222819,0.0158084251735666,0.000298379172129697,0.122791190463961,0.0878393938007944,0.000216649660920722,0.41114328329871,0.359859396207098
3739,8634,0.000520919302503416,0.00167639868360039,2.5488414277935e-06,0.495174192217552,0.142186535533182,4.60434705431002e-05,0.127346620743194,0.233046741207997
9873,4681,0.00187404537233488,0.00221663224965492,4.71993736043843e-05,0.0479188592251018,0.318184922635809,0.000404630131807202,0.106181235642227,0.523172475369461
5876,6837,0.000986538974013952,0.00283443545624347,9.77457619757567e-06,0.305378794699716,0.128115204363891,0.00024236207218049,0.084316672185732,0.478116217672026
5944,8635,0.000386444393142986,0.00128227952003907,2.39132651408537e-06,0.489096600822199,0.129210272239176,4.76458281491706e-05,0.183799101326813,0.196175264543966
4017,4798,0.00355456213335679,0.0235096085709876,0.000303913524124962,0.145496829461384,0.147111259542995,0.000144597413350616,0.252807278833647,0.427071950520153
9459,5879,0.00287554163822759,0.00344845765377619,0.000181454254471725,0.0168254951352399,0.313279788736943,2.49830722479411e-05,0.0730380584539605,0.590326221055133
6082,8156,0.000221032453298573,0.00253764290292435,5.51119592471249e-06,0.42470002784768,0.135009480830382,1.5899720159097e-05,0.114022176396346,0.323488228653286
3810,5637,0.000578526121963993,0.00226783681619093,3.39573985600222e-05,0.240539059940902,0.107393738209013,3.18659347896053e-05,0.302386739050483,0.346768276528098
4499,4439,0.000285063723973386,0.00307406672752785,2.46049877011402e-05,0.446671076176612,0.068108732231055,1.31039580130719e-05,0.203367739801981,0.278455612393137
8221,2282,0.00419607902509256,0.0275566714841276,0.000408889463651042,0.0935817824202138,0.108608191723598,0.000428126461138637,0.461995686070121,0.303224573352058
3880,3599,0.000644827119843891,0.00222598645051621,2.55959547559099e-06,0.223226305262036,0.224840557540795,2.61227864118287e-06,0.293878880980178,0.255178270772514
3948,5397,0.000412666173221331,0.00342696199981667,2.42456716978794e-05,0.273577645046029,0.0503672642142512,5.90196685943048e-06,0.421774836718717,0.250410478209407
9943,3362,0.00569770564967608,0.00468778273212326,6.4394381441128e-05,0.108467521049211,0.208798405484342,6.52306877309763e-05,0.127228125605946,0.54499083440953
7049,3601,0.00188044315828094,0.024623967240038,0.000117110804056719,0.108940536870867,0.113141745549996,6.50948520506608e-05,0.384907262404251,0.366323839120459
5946,5039,0.000384328354583273,0.00296724958566636,3.53627115834426e-05,0.131164956029645,0.049179731394187,5.84671002303148e-06,0.617456193278978,0.198806331935333
3535,2999,0.000183393477311904,0.00204245225460201,6.86240607966742e-06,0.392090339042232,0.219745784869681,3.15668913381581e-06,0.112269490250231,0.27365852101073
8978,3601,0.00547586498584984,0.00628540720388563,0.000341803477227214,0.14973330758194,0.167251293123925,0.000751902540339213,0.219542502423051,0.450617918663782
6014,6597,0.00121897266360445,0.00372235444163624,1.78004821051565e-05,0.296008143205045,0.249321163289235,0.000136344301670349,0.0995244854369552,0.350050736179748
8217,9475,0.0111772150050743,0.0128121688343814,0.000304308592448585,0.220014079638684,0.117618869423576,0.000292042225638122,0.287741693517201,0.350039622762997
5808,4079,0.00162209806997573,0.00630897844018269,7.51385584777883e-05,0.160017643047313,0.0758904990624711,0.000138155269087031,0.507586823633336,0.248360663919157
7253,8276,0.000380280425514992,0.00121612614449699,1.03319003241249e-05,0.144714442927183,0.178841513726786,0.000120079905606511,0.0363932900072144,0.638323934962875
6978,8516,0.000529554855561705,0.00457776918667567,3.52990725525556e-05,0.442392548247617,0.186349956280158,3.63936479720342e-05,0.108821164502593,0.25725731420687
7804,8996,0.000347511833343895,0.00590730354575162,3.05258969255403e-05,0.317891198606101,0.128196885169156,6.83179878054452e-05,0.170708860900623,0.376849396060293
6704,3720,0.00176096665553076,0.0142992449495654,0.000229459725934451,0.0877056171608772,0.123273707220529,6.57722198284474e-05,0.348234531465649,0.424430700602085
9943,1924,0.00171911376090289,0.011347183696291,0.000116704817960008,0.345681768251311,0.128776752116154,4.64576983088475e-05,0.170613811826472,0.341698207832601
8357,5160,0.00414876373600467,0.00492728768870207,5.3724800274613e-05,0.122834622852758,0.299299883735042,4.46202962086158e-05,0.103839357887242,0.464851739003769
3396,5397,0.00321461346539723,0.00613711200777059,4.36238177103535e-05,0.252880989237914,0.078486153272364,0.000930015052735557,0.457204435098752,0.201103058047357
6908,9595,0.000210422068846888,0.00186458670883771,8.24332451201725e-06,0.538189937091611,0.0854387775118219,1.27703402935566e-05,0.142130411858136,0.232144851095941
9323,2043,0.00589280463503239,0.0436731180027879,0.00291127657254602,0.194514779030341,0.138001837667614,0.00060197214762651,0.241102783258481,0.373301428685571
4359,8514,0.000486703506495994,0.0018572559923362,1.88250270320087e-06,0.497528887098085,0.123573684855603,4.128014768732e-05,0.142566508043119,0.233943797853971
6843,1802,0.000481395587900755,0.007373989471065,9.08224892216625e-05,0.296624075868748,0.107562300352416,2.74485467847238e-05,0.228742546529023,0.359097421154841
5327,1562,0.00177970246967563,0.00669793825898015,2.34899283261011e-05,0.189489204733474,0.151304552861141,1.98696016727798e-05,0.315247051299546,0.335438190847185
7115,9235,7.85324710080882e-05,0.00202809737667696,5.86111267634458e-06,0.628844963385305,0.0611670646167724,4.09181708343784e-06,0.0986784288411945,0.209192960379283
6564,8755,0.000149382220470997,0.00147972496821429,3.1713403573402e-06,0.558646882133293,0.139962503241001,8.52515702199669e-06,0.0825071232349342,0.217242687704708
6497,5518,0.00243414617332798,0.0105341369784453,0.000262829198560916,0.146200936974112,0.174932233336416,0.000502080921995159,0.112885331612837,0.552248304804306
3808,8035,0.000367824963567926,0.00177976350627452,2.55202110190457e-06,0.440781575397993,0.178576554656627,2.05365471974278e-05,0.108165764299468,0.27030542860777
4775,4918,0.00271059676335216,0.00810797767777882,4.95463593935401e-05,0.107020124416671,0.053531766449049,2.48061818849271e-05,0.618015657203622,0.210539524948249
6495,9355,0.000163311059591523,0.00132295939996961,1.35022776336593e-06,0.512563790014343,0.159851751439796,2.17521244714132e-06,0.0747981166471014,0.251296545998988
3122,2280,0.00169690297194691,0.0057074035452048,2.27972458163925e-05,0.317396114046555,0.181706930945253,2.9936261072329e-05,0.205312456345839,0.288127458638313
6358,7676,0.00112346222604924,0.00659174993595926,3.03009514254641e-05,0.257980591248485,0.162178531486428,0.00010391236571632,0.178673490291309,0.393317961494628
8632,5879,0.000475337911584244,0.00367751749278283,4.99626088639668e-05,0.0945675513689689,0.32122382488417,2.4100225956713e-06,0.0354173070762867,0.544586088634747
5601,6117,0.000681126217591817,0.00220539506923068,3.44418864098177e-06,0.361666263916714,0.206390020096626,3.31542435070244e-05,0.0925396745240362,0.336480921743653
6567,3241,0.00283779494982117,0.0163085679262683,0.000199771272239716,0.0960064784779607,0.108484947821141,0.000196114745656828,0.473987080544575,0.301979244262338
5532,5758,0.000863886119632315,0.00427153612116742,8.78149591018907e-06,0.346760804546786,0.175160944817308,1.7787516026422e-05,0.135637274175238,0.337278985207931
8701,6479,0.00545024405829952,0.0135349041707949,0.000422728316874104,0.166479732542253,0.228762132384285,0.00010339779737214,0.170426978151103,0.414819882579019
9942,3602,0.00226827607280607,0.00637962152556557,6.65489954732422e-05,0.0767920948890445,0.238734113561777,0.000273148122941217,0.132226701700434,0.543259495131958
4842,8635,0.000196027258387048,0.00212136803143983,1.70269441794648e-06,0.505970345420162,0.111726654928886,1.3003928985539e-05,0.0911025711959087,0.288868326541813
8083,3002,0.00186821297699418,0.0207976332770645,0.00030219363482212,0.109927756046662,0.130778523268207,0.000296871551806528,0.409072599979802,0.326956209264642
5257,4559,0.000937353687299014,0.00512886200722731,5.58214626443094e-05,0.127855697752296,0.0612228911529419,6.16741895872208e-06,0.538245841455875,0.266547365062757
7601,1683,0.00188640306361243,0.00955949836411506,1.61031948014182e-05,0.260013808829488,0.157975898634818,3.51213355838021e-05,0.21014402621142,0.360369140366162
6772,6478,0.00322742680556784,0.00694248484170864,0.000200587553468006,0.210017212173517,0.210521599228985,0.000425704159933646,0.230773512989826,0.337891472246993
3535,3959,0.000328604526344029,0.00128186536003523,5.26045155142484e-06,0.474735008552778,0.182051757205218,8.96392216510495e-06,0.111001907967386,0.230586632014523
7115,8995,0.000331420849108149,0.00235969270523236,8.15511060748093e-06,0.511606389352713,0.108316852767145,1.47283315996792e-05,0.134194993879652,0.243167767003943
8634,3242,0.0102476567336698,0.0209145638963246,0.000891106133231144,0.0660882894329621,0.185325418830868,0.000151417118272139,0.299900118912932,0.416481428941741
7943,6598,0.00128961472545013,0.0103531270752618,0.000232331738985746,0.340572352797269,0.148561948161732,0.000168811331454179,0.1898834677124,0.308938346457447
7117,4200,0.0035614034054663,0.0213358189806565,0.000278614425338682,0.0635787741322613,0.154051422044881,0.000271149797613871,0.310580585048531,0.446342232165252
7048,5519,0.000459975180074739,0.00291493372428986,1.60638219637018e-05,0.487045292032684,0.16148441170768,3.41192112866533e-05,0.113874732220246,0.234170472101775
4430,4798,0.000284829106278588,0.0111475791175294,0.000589402252257919,0.275273787240126,0.0559460421490242,9.4821874311336e-06,0.390804120340524,0.265944757606829
9252,6719,0.000800388795151415,0.00716259186827461,0.000199424939673478,0.368989568222525,0.131717782995713,8.96940587751812e-05,0.13213296467264,0.358907584447248
6084,3840,0.0012204286502252,0.0072947044135871,0.000272308405533901,0.16631733986524,0.067932727909333,3.19521725581408e-05,0.394130497213984,0.362800041369538
10354,8158,0.00283828095021267,0.0077785215329793,0.000265976271802471,0.402548226292472,0.0965727917021355,0.000599363769807437,0.194560962107961,0.29483587737263
7324,5039,0.00316302670701219,0.00949434149394199,0.000417767195044778,0.118060496549915,0.220672135672362,0.00122683452274006,0.250778906300496,0.396186491558487
9250,10075,0.00333654860732322,0.0138957887150219,0.000704799062535645,0.242906895361714,0.107281816422034,0.000488891269104582,0.166592297268184,0.464792963294082
4910,10433,0.00159824379577686,0.0038188391705841,3.69741803850854e-06,0.397138804961323,0.143718335001524,9.54933729497459e-05,0.11770015545992,0.335926430819884
4086,3719,0.000505599075125911,0.00109454333443894,5.92945419421226e-07,0.287930496336441,0.127217681771864,2.49094543498802e-07,0.27433914761209,0.308911689830077
5532,6717,0.00220466051207017,0.00511518764256467,2.29941474621576e-05,0.273725288359068,0.167299402788484,0.000157809055435562,0.13149325507159,0.419981402423326
9941,7678,0.000696740349081232,0.0130347708386494,0.000479658783127005,0.264784046926735,0.0774050542256009,0.000344350086104668,0.409821928785744,0.233433450004958
8975,9835,0.00917233368271579,0.0771010771739722,0.0172787709534132,0.198709130743585,0.0588770017861871,0.000848638718198286,0.351632768912288,0.286380278029641
8288,6478,0.00267869622162263,0.00738818342907979,0.000291720115238036,0.259296125947659,0.194153456152311,2.84438954961378e-05,0.105718137798858,0.430445236439736
3878,5997,0.0014863452404085,0.00782514038599951,0.000152644766048159,0.134307116063419,0.0969766510814855,0.000624557505447549,0.351684939071574,0.406942605885618
2984,3958,3.93953069599983e-07,9.54734347958745e-06,4.14017057279244e-09,2.61308041114661e-07,0.000473000392798513,1.68884445903455e-09,0.998499926850322,0.00101686432327467
7253,9235,0.00113555900435158,0.00471260702543841,1.71083352168243e-05,0.273150279467448,0.0959124026463109,2.24012844243153e-05,0.338043281649566,0.287006360587244
5807,7676,0.00183906618550727,0.00792403397610084,2.79963950953387e-05,0.152404614579955,0.110567174692164,0.000773681001195567,0.364043242718685,0.362420190451297
9802,8397,0.00134491462091721,0.0240178099487732,0.000705340139046955,0.0718710142960059,0.0398185274129948,0.0011065970443223,0.694829918888021,0.166305877649918
7873,9835,0.00397755420403593,0.00817088810721648,0.000255605174249059,0.272826124990482,0.112920156223658,0.000772875010420828,0.267764518726009,0.333312277563929
5601,5158,0.000584336573528414,0.00301280172722656,1.80534244124005e-05,0.341348009184093,0.0756589310752819,2.10168047068888e-05,0.264480399931797,0.314876451278954
7119,1802,0.00124089175855308,0.00914762895911262,3.34923201970453e-05,0.293660145856426,0.109768228367008,1.71305689883202e-05,0.253355115329764,0.332777366839951
3740,7915,0.00117689365071177,0.00686724519738214,2.26886977993518e-05,0.399668719330479,0.165142504131775,0.000182705137082056,0.134621689013765,0.292317554841005
6429,2521,0.000344456007334716,0.00383778428398456,7.46301301751432e-05,0.113642378001193,0.0257412638377992,2.71467623780486e-06,0.665873671810731,0.190483101252545
10079,6000,0.00223671803862705,0.00279953896576552,7.08987318133688e-05,0.00372725077078254,0.31836852740802,9.6470849590753e-05,0.00701680511109663,0.665683790124304
3879,5517,0.00103495764120098,0.0029772415363366,1.55880125972905e-05,0.177792201334443,0.0769120630014044,5.5335192483745e-05,0.389396271463091,0.351816341818443
10078,7438,0.00181374948903564,0.00879719081013451,0.000169103457702313,0.379772422703732,0.0902773681958787,7.5610859212227e-05,0.156839986757508,0.362254567726796
7945,3002,0.00179209701036131,0.0132087282361008,0.000527408243096038,0.0354218138304447,0.0824527270525721,0.000576774154473547,0.643750472786441,0.22226997868651
5945,6237,0.000157417518451549,0.00183109968425743,1.27854962986434e-05,0.00751907481710682,0.0487513503275486,1.53212084156118e-05,0.687210307359323,0.254502643588598
7459,9355,0.00043725929849217,0.00534936455450715,1.44547486055742e-05,0.362373006426745,0.0856626665007356,1.88140233375806e-05,0.276264955577889,0.269879478869688
7185,7677,0.000884124960034047,0.00720295329822585,0.000283771831096153,0.185885025698771,0.183117264372294,1.90765950502138e-05,0.0927916291033108,0.529816154141217
9251,8157,0.00328833568076343,0.0162585518128357,0.000628500615709136,0.269497576749033,0.112020663122504,0.000311279879411007,0.264267399993749,0.333727692145995
4703,10073,0.00178139976625252,0.00656851488709728,1.42464569815281e-05,0.404022308548039,0.151169238301978,0.000231540161926809,0.133342140811726,0.302870611065999
6082,7916,0.0016046872401811,0.00544309687594194,1.36689116030169e-05,0.239250524108372,0.144481428977253,7.5933185590062e-05,0.176769623387976,0.432361037313083
4500,2760,0.00408621386859944,0.00780833405518719,0.000269861574783282,0.0505808136901553,0.142001134562296,4.95470080537459e-06,0.428005766285601,0.367242921262573
4843,5997,0.00172677835066221,0.00585587678968742,2.96470161846136e-05,0.350740732799278,0.149563809140955,0.000283192888874432,0.158866431424363,0.332933531589995
5875,8755,0.000143711328432335,0.000651745121932851,2.4862039477368e-07,0.553009022720495,0.153164010649185,1.84976842638506e-06,0.117490189243172,0.175539222547961
9253,5040,0.000458033330593312,0.000832238509326817,1.38566257443777e-05,0.102777127939694,0.199067429285061,3.17701889620219e-05,0.0133106894585979,0.683508854662021
4568,4798,0.000815984145729966,0.00213278266247154,3.91869500969914e-05,0.10755655463403,0.114399658077179,9.29306492626538e-06,0.424054501575744,0.350992038889823
4496,10193,0.000617999791202333,0.00268296023012682,5.25418061249753e-06,0.431065518699899,0.122995351042442,6.66869583324795e-05,0.085493139530815,0.357073089566569
8565,2402,0.00569173815725366,0.0336995045089815,0.00212301948003371,0.122343836688041,0.147851460757075,0.000217442123563942,0.289562067805639,0.398510930479412
6015,4199,0.00154926838934499,0.0117199929904744,0.000491412799998669,0.119710207285175,0.0967694839039596,3.71116342820915e-05,0.447411756453475,0.32231076654329
5326,4679,0.000833301040951355,0.00689036868628832,5.19512680082753e-05,0.0473008650936239,0.027116740345175,2.90713343876175e-06,0.776933286225263,0.140870580207251
3809,7315,0.00183260217936062,0.00374514316179398,6.53153924707804e-06,0.224811155010714,0.172885736360028,2.70828340304335e-05,0.145611611022276,0.451080137892549
8014,2402,0.00254678756472007,0.026397650178035,0.000138261779692328,0.118047314068716,0.118743883529773,3.50585313978133e-05,0.417747770339643,0.316343274008023
7735,9355,0.000953190662843927,0.0292858556056729,0.000629033620867375,0.284879179371712,0.117289631760832,4.41148828058294e-05,0.306898077695142,0.260020916400124
9666,5999,0.00208543902775719,0.00478442041484642,6.53505473354932e-05,0.00951973713248656,0.320829801214529,6.78893213465007e-05,0.0762045501932257,0.586442812148473
10011,4681,0.00174928438815582,0.00357570525903218,5.68140371709431e-05,0.0250109584056123,0.352919971246031,0.000330839369155016,0.0470259301413968,0.569330497153446
9736,2523,0.00113307673470369,0.0224034514127714,0.000641162392309567,0.152486048865074,0.0760313528898299,0.000160740924896152,0.452900102853886,0.294244063926529
6219,10314,0.00149661151356888,0.00893825622605202,3.47582886060299e-05,0.435266990924852,0.128356482577181,7.01708299797643e-05,0.156331904316606,0.269504825323154
9323,2523,0.00402246724276171,0.0259014493639307,0.00112283319039322,0.25079381325974,0.141736524585525,8.59428810861993e-05,0.217285549353884,0.359051420122679
7529,8516,0.00131421956313273,0.00474355844249542,2.54096457933603e-05,0.254728015357085,0.18132390915389,3.32281732859724e-05,0.0997477119842325,0.458083947680086
7874,6958,0.00169478256746385,0.0101297256069943,0.000202841333595429,0.379046717111731,0.158788833761751,4.93733443882148e-05,0.158575417862032,0.291512308412044
3397,4678,0.00176574568186667,0.00615013223848594,9.37182821380968e-05,0.319102276321523,0.145018246079288,0.000307944235960553,0.243099444694405,0.284462492466332
8841,2163,0.00620228379006158,0.0122428703908839,0.000723957185103953,0.0538596923877239,0.209266347144437,0.0099769110866176,0.097545794818836,0.610182143196336
8837,10315,0.00471737556908434,0.014431433932516,0.000705891913841619,0.23791268637657,0.174283396083152,0.000765874558247645,0.256083998723414,0.311099342843174
9457,9476,0.00305305747774441,0.0120928975466902,0.000112515445365916,0.178727820927089,0.108217184251232,0.000345703987670298,0.358648598373407,0.338802221990801
10012,2763,0.00278918291274809,0.0137621686314129,0.000477362302266443,0.211145753800768,0.205421543165844,0.00327596596808845,0.232831715985078,0.330296307233795
6221,4799,0.00141381586691548,0.0075167546739644,0.000109055341183401,0.220231748083048,0.129327349189084,0.000193952400954193,0.247003177123065,0.394204147321785
6289,7796,0.000325090464820325,0.0031323799886494,1.26973880897865e-05,0.138353848880459,0.128987652812293,1.16877393200222e-05,0.336286067601648,0.39289057512472
5119,5997,0.000319988431377166,0.00168688918223801,5.98056205802526e-06,0.311931599196468,0.263263527355674,4.22330579088831e-05,0.0996100332813662,0.32313974893291
4291,6716,0.00229782482440521,0.00645251839457974,2.50460590879181e-05,0.239903099288234,0.181393091801748,0.000388788926467099,0.110991930552391,0.458547700153086
5117,10073,0.000628493176157425,0.00129916025427506,3.03401594478501e-06,0.331019837578161,0.135340213765301,9.72996661900164e-05,0.0382569510891899,0.49335501045478
5394,5518,0.00268580755142247,0.00560834474751462,1.74558902049541e-05,0.261904654135064,0.139986472668941,8.42094527244051e-05,0.209311132046131,0.380401923507998
7461,5039,0.00256679865057622,0.00665462039576194,0.000277137146506758,0.0555308007767598,0.314126469926917,0.000309579057752421,0.120115008823228,0.500419585222498
7667,6838,0.000726085705250068,0.00606832549229266,6.60650082089873e-05,0.377710046255089,0.170849586736155,5.27961278361513e-06,0.078972728038747,0.365601883151473
7597,9835,0.00500023953010988,0.0224792517488203,0.00123671893211602,0.268513979543261,0.0826807543835048,0.000775961710741547,0.273006844850643,0.346306249300804
7322,7677,0.00188675689451657,0.00319573710685055,2.9580610521857e-05,0.247290469475339,0.173284056114362,3.24097192629763e-05,0.120570537405769,0.453710452673379
7873,8396,0.00186836399666164,0.00901399916209943,7.61441300851161e-05,0.283141842559201,0.145440382393136,1.14545698382888e-05,0.103458014362941,0.456989798826037
4428,9114,0.000854396800107609,0.00158308069939003,2.95878684243571e-06,0.531158177071902,0.126355364125605,8.51121958544893e-05,0.126059657995234,0.213901252325065
5120,2880,0.000279799302582801,0.00502009156388109,4.80849141808242e-05,0.163466962648265,0.0570199711361005,1.80374620684126e-06,0.492781985034687,0.281381301654097
5602,2521,0.000547519462041421,0.0117674189000069,0.000147712611110848,0.151084719741535,0.0808252761071299,2.70918016723086e-05,0.383065388231056,0.372534873145448
8494,7797,0.00099793364885628,0.00354919199295381,4.52277935577939e-05,0.504012663715092,0.0968685496140999,2.39695170247584e-05,0.147284461585225,0.247218002133191
9736,3002,0.0017259645722609,0.0172630207580337,0.000745868269110667,0.257587512353571,0.158009557810284,1.63721411768661e-05,0.111399507843513,0.45325219625205
6360,3121,0.000612680843746404,0.0027638574115803,3.9455563982877e-05,0.0824978077624047,0.064754775421627,1.57596627386216e-05,0.526553161889899,0.322762501444022
9734,7558,0.00174974410137815,0.013956627110817,0.000378666454623915,0.429687088285436,0.0725476263434632,0.000264452528422509,0.165608407565283,0.315807387610577
8769,7318,0.000853205363989026,0.00570454017108733,9.92219681496714e-05,0.411961155880338,0.085519295978693,2.44053002860097e-05,0.197402271086616,0.29843590425084
3946,8754,0.000165440677003235,0.00191004892329988,1.14168152786922e-06,0.604800793699568,0.0855462372866419,2.64834977488044e-06,0.0693723815631809,0.238201307819003
5668,9594,0.000383895290754562,0.0011973892945062,2.20018773090899e-06,0.51535039047361,0.159473777576362,3.73920801085886e-05,0.0769566331778347,0.246598321919093
8082,4920,0.00109498663372035,0.00535580044124771,0.000121500074198129,0.0838480527024558,0.40636593933549,8.06783456723537e-05,0.172823623133761,0.330309419333454
7115,10194,0.00132309381468312,0.00585190551674506,1.71459692424244e-05,0.442209727661027,0.130418090977876,1.61887393508291e-05,0.14054029372564,0.279623553595436
9805,3842,0.000879621409982167,0.00593413501144963,0.000108643429799999,0.0459840066716893,0.195707202088813,0.000268838062733114,0.168056365711325,0.583061187614208
5461,9954,0.00048294874460299,0.00186431697172683,4.29034077093565e-06,0.508381169791694,0.128761185414399,0.000226508891114304,0.084043253819514,0.276236326026178
4499,4678,0.000239185008549588,0.010011377294569,0.00037345383597851,0.395314293352146,0.0589697796527527,3.67122210334776e-05,0.23901261340322,0.296042585231751
2915,2879,0.000468921808107907,0.00205498369903737,6.66558689368335e-06,0.0879127315542276,0.134217643861301,2.40827686399863e-06,0.535003992487409,0.240332652726159
5810,1682,0.000189897112084004,0.00311492192393805,1.39410943764427e-05,0.0940202394142736,0.0309014636205873,2.48295974951784e-05,0.593172755774788,0.278561951462458
3946,8035,0.000341732493970607,0.0029967885000266,3.77992324967901e-06,0.461555523473277,0.0921661647763838,3.84986140476404e-05,0.191585380614447,0.251312131604598
9733,8997,0.0012112245702669,0.0136559897327437,0.000366188710852197,0.206840518918485,0.0814026479466893,0.000603788478320397,0.284279911356092,0.41163973028655
4223,5637,0.0021727921872345,0.0067559345913525,5.35471623203956e-05,0.154759715799243,0.129259515442048,0.000101088466393188,0.231270497739735,0.475626908611673
5186,9234,0.00239188491963361,0.00617295239107228,3.73891005175298e-05,0.259084685402736,0.156316946677503,0.00180625356354547,0.156749064361041,0.417440823583951
8495,4680,0.00392629628413321,0.00665556527744198,0.000703471349548621,0.0535841988046146,0.264868021291579,0.00147295413218164,0.102766643201482,0.566022849659019
4497,8994,0.00062204109393372,0.00150519221606553,3.45730062940632e-06,0.415563202374927,0.141889904683464,3.01138343635096e-05,0.101134059882661,0.339252028613955
7049,2881,0.000570499925378035,0.00778861955605554,2.62800264082329e-05,0.0504221655654763,0.045838035741781,9.46431592184908e-06,0.677731789617657,0.217613145251322
6977,9475,9.37374858777143e-05,0.0016329675449038,1.45451519920441e-05,0.559886713368067,0.0786399433893702,5.60268711747861e-06,0.186447730237549,0.173278760135123
8910,1803,0.0029856519453495,0.0161055814909054,0.00062083087605549,0.073036145477748,0.206458016781065,0.000223664666888545,0.260312522275266,0.440257586486722
3327,7195,0.00126921846924668,0.0030433983322435,1.01929423174399e-05,0.230822061867322,0.142558496598599,8.28992783177832e-05,0.307692990993082,0.314520741518872
5327,3240,0.00229127876085126,0.00648117261444718,7.49740069036213e-05,0.00982132465878303,0.0362984348566164,3.419956194389e-06,0.819798802172407,0.125230592973797
6771,8875,0.000156929752451113,0.000920941601272161,5.75714812602313e-07,0.587607381416292,0.148506966568297,2.1429360831715e-06,0.0959577225602649,0.166847339450527
4428,9833,0.0030207640237738,0.00608476595998652,2.13553863664384e-05,0.271016141860054,0.150300435833349,0.000156941829729602,0.125764615664832,0.443634979441909
5325,7316,0.00337812905332018,0.00629017604041978,1.97484566498319e-05,0.209117358673032,0.163519278743371,0.000446505709020712,0.141183074230665,0.476045729093522
7253,8995,0.000639274068056271,0.0066913467489461,2.9387726110521e-05,0.455786314381648,0.0982510968657642,3.67874775697742e-05,0.14801406320517,0.290551729526735
5669,8155,0.00201623040523597,0.00487797212215772,2.28885432639885e-05,0.275282481143863,0.149686008540741,0.000559263290367011,0.13787361248962,0.429681543464752
8080,8996,0.00175817929566735,0.0127026468926214,0.000320279435993594,0.349777149474867,0.120397151808775,8.23454262900994e-05,0.149240853679049,0.365721393986736
8425,6718,0.00140344383212228,0.0189683068921117,0.00331535029406916,0.379958106917258,0.129596057393594,7.40493351348224e-05,0.0969547830587298,0.369729902276981
3671,7555,0.000749804046762894,0.0034372911430312,1.07150786283223e-05,0.440200038158345,0.159373085253711,7.72228142912749e-05,0.0790968427393526,0.317055000765878
8494,6119,0.0023832826249108,0.00252231417357485,3.13904901022678e-05,0.0597493443012614,0.27265742664695,1.69622616717646e-05,0.0714489781909162,0.591190301310613
4293,2640,0.000893170492188851,0.00436057380416541,0.000123180891400296,0.270817092562062,0.106734512487856,0.000108127944214655,0.268094375365475,0.348868966452637
5463,6837,0.0021036178579999,0.00638388969676258,1.94227151138194e-05,0.279014674692888,0.139355981626135,0.000183812256137536,0.150084244117246,0.422854357037717
6219,9834,0.000343744634986894,0.00104578540496651,1.46422855241405e-06,0.567233186684052,0.117604501837036,1.04930557283804e-05,0.0813136343502451,0.232447189804433
9044,10195,0.000533984862653973,0.0020781529928957,6.84115320994811e-05,0.103827092926795,0.0892176902663705,0.000178048363365934,0.27028563236346,0.533810986692359
6496,7197,0.000222318161801884,0.00435694659903988,1.02618169892018e-05,0.0929019291124508,0.0474123695168653,1.52669272805159e-05,0.615130852047215,0.239950055818357
5392,9594,0.000620081068015077,0.00188049186541815,3.60807059677439e-06,0.43768200238235,0.1356342742976,0.000193473358501986,0.0870813537219773,0.336904715235541
6360,2881,0.00149935181162387,0.00549336298133497,8.65512567293355e-05,0.180657122748118,0.072186728641752,6.08511019849418e-05,0.469084850045197,0.27093118141326
7943,6119,0.00141642681621765,0.00587301958490598,3.80568138841913e-05,0.175578149037352,0.242350811365839,0.000105692406051475,0.159608433681242,0.415029410294508
8633,3721,0.00454148473704354,0.014277288515829,0.000625471681962745,0.086330989596014,0.264191966339687,4.32930432192544e-05,0.131791135662245,0.498198370423999
3603,4798,0.000256417219359903,0.00181726099829301,1.12599825263448e-05,0.237472367802503,0.105080108246676,5.96607348941684e-06,0.378775463528585,0.276581156148568
9253,5520,0.0010287996649051,0.00143283484640482,6.32232367985097e-05,0.0382211693348201,0.260960171166187,0.000128412550058071,0.0225060650965655,0.675659324104261
8496,3481,0.00341167262092451,0.022851059659552,0.00139874368958873,0.110845958955737,0.244085571074494,0.000887531071612973,0.070365616147356,0.546153846780735
4842,8874,0.0017256667531508,0.00236084110131267,8.24102161343891e-06,0.363206226173037,0.157914865234592,0.000171026058638418,0.113043420399419,0.361569713258236
6221,5039,0.00076495092691209,0.00411112224503257,2.64486215737959e-05,0.414088947097021,0.0856566149656241,1.10448309779604e-05,0.241308055739812,0.254032815573047
6497,4799,0.00160185032534719,0.00584621389752856,7.17560959119391e-05,0.146546960008939,0.16419070949157,0.000113295358464593,0.143572751910915,0.538056462911324
7392,6118,0.00330386313141273,0.0112203967073734,0.000549846568923307,0.245274493137663,0.207348645036362,9.62982014263556e-05,0.116687815194372,0.415518642022468
4567,7436,0.00136461985827164,0.00425445313401898,2.58328249332823e-05,0.201806651946975,0.165150567551926,0.000441398303425243,0.153880730762183,0.473075745618267
8083,2282,0.000610639391460637,0.0129501550074496,6.02928982205328e-05,0.0106087971502604,0.0484238059165983,4.59776026072555e-05,0.73243935822687,0.194860973806534
5601,4679,0.000102867456458488,0.00241100214519202,1.22174915340453e-05,0.262633159577191,0.0262966650994058,1.06238528873949e-06,0.529290114406192,0.179252911438738
5945,5758,0.00140080183306492,0.00427726136167337,1.28039159862632e-05,0.316222489948004,0.162280876348638,0.000182995987130671,0.195200934428531,0.320421836176972
9114,7438,0.000774544098803469,0.00828304659017861,9.1250990570194e-05,0.270282329370635,0.0928626216217881,0.000103092336574013,0.275741407219015,0.351861707772436
4084,8754,0.000265811250898868,0.00157002845155893,8.36345882672543e-07,0.487754049794189,0.13493862346893,4.37966469789514e-06,0.149620474924595,0.225845796099248
3258,6356,0.00167795328522324,0.00587525784999268,5.69251824438055e-06,0.197933069215626,0.12572737028555,1.26283485386297e-05,0.364296245407504,0.304471783089321
3328,3839,0.000516074992678857,0.00548093407067959,1.03154541883256e-05,0.373253885671564,0.140681553993931,4.60097061667384e-05,0.200428625634862,0.27958260047593
7048,4799,0.00126739368657253,0.00486262629464053,5.960172067778e-05,0.26206284141002,0.151891698123037,0.000320022701855613,0.178330100771556,0.401205715291641
7323,5998,0.00306118625172189,0.00919382559139483,8.51767531399896e-05,0.198888811883695,0.309592569248351,0.000165953705655156,0.170482155138029,0.308530321428013
6219,8875,0.000120828704860741,0.000561284104060948,7.35493610870516e-07,0.607919651479085,0.154799193202704,6.97545234242441e-06,0.0932827394656106,0.143308592097726
7185,6718,0.00119148219399086,0.00471353557892745,8.78837379491378e-05,0.252336509883893,0.23723324309835,3.11945290976423e-05,0.147283584730013,0.357122566247779
4981,5757,0.00047209272482807,0.0011115101926166,4.30304130417158e-06,0.398493730008301,0.132577536862951,4.01492156988778e-06,0.137926892577695,0.329409919670734
4635,8275,0.000542253379691786,0.0021701951887364,4.91291730944326e-06,0.405922868444543,0.117674393364731,3.24554458023436e-05,0.105146162388515,0.368506758870671
10149,3722,0.00120876827049653,0.001370606338689,7.04092847033758e-06,0.182864511555606,0.268556276954917,0.00013624422794117,0.0687958621200409,0.477060689603839
7942,9475,0.000351219593078149,0.00623842321818581,5.76752955507146e-05,0.00983570098962118,0.0218664943874305,4.65421710429128e-05,0.867243687049698,0.0943602572953922
3535,4198,0.000339068618906213,0.00229243823799651,6.67908272467737e-06,0.491514080772449,0.123227377171459,9.44736973836086e-06,0.136388763990939,0.246222144755786
6290,5878,0.00194922712951992,0.00406796553826883,0.000116743193949725,0.343894268085647,0.111844553244978,0.000163579216324139,0.217072965503894,0.320890698087418
5878,3480,3.08925029739115e-05,0.000259217310669415,2.9764773243958e-06,0.000822722878410175,0.00474491601443978,1.15075857292944e-07,0.894790280906278,0.0993488788340465
6357,9834,0.000587110073446295,0.00133126387983849,2.98262442503245e-06,0.562861981426397,0.132441530987525,1.83167870779715e-05,0.0995773539629108,0.20317946025838
7530,6598,0.00168097414041749,0.015647324394328,0.00111277357809623,0.264621025715648,0.197694008718363,2.26712676859712e-05,0.177073272461314,0.342147949724147
4362,3719,4.23386689601237e-05,0.00168216241034376,3.17330718106655e-05,0.213131352979737,0.045228916917705,4.71853952628976e-07,0.262626304247467,0.477256719850024
7738,2642,0.00246873422420632,0.0142836172031617,9.51392858845282e-05,0.220175897351709,0.131793700142239,9.93446534519301e-05,0.265173980331063,0.365909586808284
3809,7555,0.00399525014706313,0.00804687622349364,3.11733701167553e-05,0.253257589152452,0.164204520915496,0.000159776463546096,0.111367511432407,0.458937302295426
7394,2522,0.000964393327025093,0.00986289481467121,6.91790086647043e-05,0.120540683149082,0.0544561400419966,0.00011004970811751,0.590698496962872,0.223298162987571
7738,2162,0.00106014018869324,0.0153374572946436,8.67451370832841e-05,0.0820377627336808,0.0734415661602288,2.67791835195324e-05,0.540101342640042,0.287908206662108
5325,6357,0.00100394711430912,0.00756150374176903,2.13449715584312e-05,0.277752324972525,0.131025305611975,0.000216377680983921,0.201907517682172,0.380511678224707
8769,8037,0.00353618558553995,0.00903870863631469,0.000354688439991071,0.401894397766107,0.0700229793339214,0.000325967542333973,0.12658948563593,0.388237587059862
5049,6357,0.00133966112956369,0.00566835241847179,8.04546330658993e-06,0.352922320680305,0.135262849739269,0.000508415289241901,0.174051871479096,0.330238483800746
5461,10433,0.00153773662713848,0.00180642748564205,5.74329789674142e-06,0.472275194726423,0.13437648478703,6.79519284235445e-05,0.130771251762222,0.259159209385225
6979,4440,0.00328054918522392,0.0122713956761404,0.000125784237632267,0.0637492315867088,0.127468451997758,0.000470434459778367,0.327576604294531,0.465057548562228
7600,3361,0.000983261514422556,0.0088723096747116,7.77292244536819e-05,0.00773083686004505,0.0810087037896544,4.00733847060658e-05,0.617670500846209,0.283616584705798
3948,4438,0.000459066855182237,0.00589565364087662,2.17281552452869e-05,0.475859870403562,0.11001875864833,6.55055403685202e-05,0.162826618177083,0.244852798579353
7254,6358,0.0013845152058188,0.00925228094652407,0.000113430079092527,0.283366514945018,0.189791657417049,2.29564692668235e-05,0.202508970613166,0.313559674324064
6632,10314,0.000938425346608005,0.00310340629351778,1.35214822121484e-05,0.534075034466979,0.100751623612637,5.086153004445e-05,0.117975489661875,0.243091637606127
6705,2042,0.000336460985246254,0.00470582385697447,4.35579976616441e-05,0.0020691010367195,0.0107159569668602,6.24539803910684e-05,0.876804766154502,0.105261879021645
4221,8994,0.000154565747358807,0.00171223961172909,1.57720894974705e-06,0.588131829119106,0.0967772525134338,2.4233031124342e-05,0.0812101565742928,0.231988146194006
7873,9355,0.00397133428801782,0.0215040122533099,0.000466402255883965,0.0189722081968976,0.0617711194232782,0.000639696545573629,0.737673008625713,0.155002218411326
5874,10433,0.000142357113244445,0.0010855466022146,1.29482105842735e-06,0.56046848967569,0.0955322177907256,5.0330544870064e-06,0.0914191983095469,0.251345862633033
8012,7197,0.00121210394325579,0.0132232187632268,0.000254541730596051,0.339943893350985,0.134015558416736,2.05425177338971e-05,0.149524462623289,0.361805678654177
6978,8276,0.000464951822117648,0.00335776634909814,6.16835167243329e-05,0.260095310200522,0.191035714921667,0.000121054669432704,0.106080933437622,0.438782585082816
5188,5638,0.00143286360803214,0.0110736664541593,5.89902862455126e-05,0.203628883159146,0.147979623088674,4.75458499881766e-05,0.189879592735836,0.445898834817918
3465,6956,0.00117441788457854,0.0071135252910359,5.62127167044485e-05,0.283510075043336,0.160079624497903,3.99885933963723e-05,0.112023488614801,0.436002667358244
9665,6959,0.00200889715707956,0.0152782690503365,0.000501569984831843,0.363731716740501,0.106845126682112,0.000139824484262431,0.211299433195926,0.300195162704951
8703,3122,0.00579641925058467,0.0128539541794163,0.000167391062053161,0.0692229363057549,0.27725164962245,0.000214741771583671,0.179630505179029,0.454862402629129
4360,6596,0.00180199908588403,0.00674535538617662,3.38994775422916e-05,0.259634060432485,0.143013891016804,0.000126952316202081,0.161226204306961,0.427417637977946
10148,6599,0.00409289938695706,0.00792919318975512,0.000330890177401245,0.193190740793482,0.180620339249373,0.000221666545276198,0.19826701798104,0.415347252676716
4843,6716,0.000609356328011514,0.00262391992731311,6.38165835039989e-06,0.374634451467513,0.182627825651562,4.74756236586832e-06,0.10793042761437,0.331562889790514
9598,2763,0.00135510990646158,0.043039725458551,0.000955621041211852,0.194731008561012,0.110047079551302,8.71366511186613e-05,0.316523277320362,0.333261041509981
5257,4319,0.000723337452554797,0.00899653835363826,0.000926543481116712,0.104351298034623,0.0580388012927857,1.94311831211363e-05,0.523331745097666,0.303612305104494
5461,9474,0.000407017280350613,0.00138217110412322,4.51530879924825e-07,0.401187551078816,0.172620459594827,2.12787411731342e-05,0.0685088407937072,0.355872229876123
2777,3359,9.47846612279389e-05,0.00120008680402617,6.76994887299408e-06,0.0614410162161695,0.0360427952570977,1.33621871284903e-06,0.708430550543603,0.192782660350289
6774,2641,0.000540871846239645,0.0126415495933533,4.10970803735775e-05,0.347464135913952,0.0783454169393782,9.56406405365705e-06,0.278866359542384,0.282091005020265
8838,8157,0.000422909563841917,0.00670918618142672,0.000217364868695862,0.410732762021901,0.09127341382567,1.64769327751362e-05,0.113404926483746,0.377222960121944
7183,10074,0.000833131862716859,0.00775520109554409,0.000177744045049971,0.0701567317403784,0.0559747689101405,7.50082545215822e-05,0.551311314322102,0.313716099769546
5254,10073,0.00215126285455708,0.00435206483456633,2.20121129885915e-05,0.318356694739422,0.172046594572897,0.000271384153821635,0.0616626262403773,0.44113736049137
9457,10195,0.00156796753026327,0.00466096991671891,0.000507684514326907,0.16953686088586,0.115639084744108,0.00062003043667854,0.0373375135774566,0.670129888394588
7597,10074,0.0033793050676082,0.0231143608079097,0.000850987217777894,0.255909730286328,0.113505437922553,0.000459938275152248,0.34600498276067,0.256775257662001
5049,8035,0.000345173680821041,0.00432819930098721,3.29537030352012e-05,0.127601486879893,0.0656261462456979,5.81164057254508e-05,0.528819974432354,0.273187949351485
9664,9116,0.0029574654778372,0.00524938433291059,0.000134249114899846,0.14780093520088,0.111813827437171,0.000142667139480988,0.161890893358479,0.570010577938342
7046,9355,0.000100262812496031,0.000919417070680411,3.80982622817752e-06,0.621511021521352,0.080971585569862,2.75984831750542e-06,0.0870688016940746,0.209422341656989
4638,2520,0.00036369668521072,0.00168874863143784,2.43937483809575e-05,0.12588875157166,0.128628263220474,1.11543888004371e-05,0.340383416780504,0.403011574973532
8218,7557,0.000461951142252939,0.00874309781906965,0.000278208679092648,0.486137276179935,0.0971002436235964,9.54779444612099e-06,0.100562780982296,0.306706893779312
3259,4198,0.000568175249139201,0.00416686094698503,5.46436656857394e-06,0.547590081736515,0.153291480408002,3.88842147544301e-06,0.235957622701324,0.0584164261699915
6565,5878,0.00105873693618243,0.0149793222879031,0.000205922099939842,0.352536214905542,0.15407683885984,3.09688144157891e-05,0.126356406615652,0.350755589480526
5256,5997,0.000410017368849268,0.00240415037955732,1.17206375269901e-05,0.30783929614252,0.250578224362543,2.10185656814145e-05,0.0895872651286082,0.349148307414714
10148,5640,0.00328066366045737,0.00358569412509909,2.12124502129423e-05,0.0346094863090828,0.443247996759589,8.39108121920963e-06,0.0282789793881884,0.486967576226151
10149,3003,0.00359064215385477,0.0183629520085577,0.000510386232380039,0.238772422337958,0.165325689207628,0.000416756171317081,0.23717272296504,0.335848428923264
8355,9955,0.00264978956468876,0.014063237066504,0.000159852964958562,0.245764205691435,0.0982993118103949,0.00017175105810097,0.271979862321148,0.36691198952277
4912,5638,0.000889177655593679,0.00195522852463001,6.58420467138359e-06,0.272825599478529,0.170903012149619,1.72160862708063e-05,0.120847344602496,0.43255583729819
8840,3601,0.00597809601555229,0.0189343692210932,0.0006342685844571,0.123931214972479,0.227580586309516,0.000150534645790837,0.22254569827104,0.400245231980072
8080,8516,0.000454179713107404,0.0015863492000718,8.10052205823061e-05,0.266143083408331,0.105589349076441,2.35036184149332e-05,0.0501208065573153,0.576001723205737
3327,5996,0.000865036114888563,0.00500240321556521,0.000131121332664788,0.074141798624078,0.0654008819957275,0.00011142537889181,0.523819847343128,0.330527485995056
6428,5878,0.000897195895437405,0.00377415030699836,4.49047638581474e-05,0.301536332634416,0.126969225395104,0.000194263904475175,0.219944393141859,0.346639533957852
5258,3360,6.85373923867359e-05,0.000460575940896051,2.38461945640493e-06,8.33484576896409e-05,0.00736929324785583,1.32965486598428e-07,0.869952751306359,0.12206297606987
9458,7318,0.00158243884938348,0.00711700820445535,0.000144705034933201,0.375336841750247,0.121477043518728,0.00113897364456017,0.187827746322046,0.305375242675647
8564,5040,0.00266840195531853,0.0111507072641906,7.31615752345913e-05,0.0720817457234003,0.284043838225196,0.000132876848164524,0.139118921284693,0.490730347123802
8906,9476,0.00599041798292842,0.0196876685918174,0.000832867732535764,0.298418091751941,0.0998123192282319,0.00210176100352337,0.209463635368878,0.363693238340144
9804,4801,0.000315505204543993,0.00115375312292716,8.61342991598409e-06,0.0108505053613531,0.271553117911987,4.97637236287686e-05,0.0233347661643958,0.692733975081248
3328,4798,0.000683462931792098,0.00466026186114632,3.97083575264674e-05,0.235299845868928,0.10115079041216,0.000149405916761022,0.366517327352988,0.291499197298699
3809,6356,0.00520302509757315,0.0153546183923348,6.22821842050076e-05,0.141410883693986,0.130956001863607,0.000261789673349913,0.267845329176522,0.438906069918422
10011,5400,0.00175138911094881,0.00187269783599127,1.61237670971108e-05,0.00712013259091681,0.390017776375433,2.7401656847583e-06,0.0325868063765768,0.566632333777352
5049,6836,0.00114399753862057,0.00476929272336003,1.83364881717967e-05,0.278186321004574,0.183255900071991,6.83919132488391e-05,0.14227481173358,0.390282948526454
8907,8517,0.00223533639597801,0.0162077629127387,0.000337751157650163,0.244755035404779,0.0838744347082024,0.000101226734410525,0.347346664545054,0.305141788141187
4772,9953,0.00100738654108954,0.00240229082084821,2.56012933848758e-06,0.409692417246061,0.130228525127721,5.42966668623805e-05,0.102715221256946,0.353897302211133
8495,3961,0.0053932975497952,0.00501466585446133,0.000216100096804614,0.0554617832543518,0.272585844810826,0.000187966517130316,0.167578594714545,0.493561747202086
8496,2522,0.00551397592254371,0.0419655194524464,0.00586612233002634,0.264979838018478,0.13641361597883,0.000357136040569647,0.196031765250069,0.348872027007037
8564,4081,0.00749268066432417,0.0153825625602256,0.000416555848083604,0.0389916226162107,0.278469121808372,0.00014692606558663,0.214992091671609,0.444108438765589
5600,7796,0.00151820876467504,0.00658119970563851,3.62334738536654e-05,0.0811095720585451,0.061909604467717,0.000864050279438844,0.606124282549018,0.241856848701114
9942,5280,0.00218877704893233,0.00358569933595601,2.56362018474813e-05,0.0330946979902043,0.429608646435449,5.99493323145044e-06,0.0625107331036451,0.468979814950735
4982,2880,0.000679992833479987,0.00502643954176508,6.02720026633383e-05,0.161017703460521,0.0532801275270458,0.000148290953812704,0.439138149395545,0.340649024285167
4982,4079,0.000776480720242398,0.00631561848563634,0.000320646988812334,0.0924335274450753,0.0885624335908325,0.000886667884720461,0.42259806675753,0.388106558127151
4084,7315,0.00332640794383234,0.00405578046752002,1.68073809094478e-05,0.201370103194398,0.199917979128339,0.000270768241895098,0.0820784850442665,0.508963668598839
6702,7796,0.00313167393738198,0.00939926411754549,6.7093856581785e-05,0.308680735211416,0.162907822197662,0.000562546354273051,0.111064300679047,0.404186563646093
5187,7316,0.00305110339385806,0.0118618418172634,9.07556962844232e-05,0.181581623133999,0.178602641520863,0.00394274106634106,0.17701357485666,0.443855718514731
7806,4680,0.0060497895159421,0.0144906584767091,0.000943968493591675,0.0526491939609113,0.236239858817233,0.000218263524238136,0.11783329251067,0.571574974700704
7459,9595,0.00307816903258711,0.0112682877600733,7.95590529029576e-05,0.283503273873165,0.153191438762383,0.000238606182071701,0.200941154436677,0.34769951090014
5463,5638,0.00166937688897716,0.00541455038919119,3.4325447780265e-05,0.333778959105338,0.138764272416999,7.72266951789085e-05,0.141166288457922,0.379095000598613
4428,8874,0.00173571876129006,0.00317886107664777,6.62577644358005e-06,0.352876448226093,0.166606003872693,0.0001968588759033,0.164995083522794,0.310404399888135
3534,5637,0.00283816951855527,0.012778074456174,6.12143059693826e-05,0.202539483355497,0.159379105504395,0.000170184246855568,0.383311298364649,0.238922470247904
8979,1683,0.00124770070637965,0.0358305302231649,0.00186023978253842,0.118750432786521,0.131142170817548,0.000323865472133572,0.296873105812176,0.413971954399538
5119,5757,0.00117012118945643,0.00205208321379957,1.60771829153411e-05,0.267912056090644,0.170608359351379,4.29463939313548e-05,0.068932168070687,0.489266188507187
6081,9834,0.000255065807501208,0.00136504888011896,2.83821478862718e-06,0.543852738234652,0.13406592903038,7.88757547108191e-06,0.0993971594772867,0.221053332779801
4432,1681,0.000655047642132561,0.00219335850907915,1.09164443024919e-05,0.224188167948357,0.139567772057916,8.50818887236713e-05,0.267465583268734,0.365834072240755
5185,9953,0.00289322311690619,0.00462834710925259,2.78217571687454e-05,0.315373393784259,0.147266501668668,0.00131099426679665,0.0670003230488996,0.461499395248049
8010,9595,0.00248606761140242,0.0141229139387762,0.00120402327056478,0.191860170165846,0.111570522616972,0.000227930626641714,0.342403815274094,0.336124556495703
8633,4920,0.00217917292714369,0.00913389637112669,0.000437995913960158,0.0463343297203167,0.372058265211715,9.35902583304159e-05,0.0863155902567577,0.48344715934065
10218,3602,0.00235552164882836,0.00273956382604743,5.5511215310485e-05,0.119073159801363,0.257319426755367,2.23399466106632e-05,0.0485202567595733,0.5699142200469
4430,4319,0.000268510591305295,0.00284378034133883,1.00747581183732e-05,0.299767656153382,0.0821719287439965,5.14690414387202e-06,0.313730698967449,0.301202203540266
5809,2401,0.00561755593415892,0.0286943346982925,0.000918571247990738,0.0732216804603861,0.0905362604205377,0.000367979172483889,0.43382230222321,0.36682131584294
8908,6359,0.00334763160591157,0.00566027769540206,0.000202772097489623,0.0934474225758282,0.273140364835283,3.22772917080646e-05,0.114128274959081,0.510040978939296
9113,8637,0.00740518209188803,0.0170808615157139,0.00125050514186438,0.232802969559977,0.0849639630511018,0.00144818597422271,0.369362579883668,0.285685752781565
7529,8036,0.000500638908016111,0.00318963269533557,6.8865730797258e-05,0.163930410578554,0.148284564924181,0.000203474691365154,0.0367168439554259,0.647105568516326
9667,2403,0.00578613063647273,0.0263683725397934,0.00243725772165598,0.175435262715787,0.141555144197919,0.000798567430335835,0.29338529114943,0.354233973608605
6701,10194,0.000698116609683081,0.00217660262825395,2.79652585076977e-06,0.470969397751834,0.118208070227289,4.72500184505455e-05,0.132547028436316,0.275350737802322
5809,3360,0.000333609881058562,0.00408500082748292,0.000174740755279779,0.0541394704203099,0.0285665052412278,9.60659355230355e-06,0.718754448241468,0.193936618039621
3397,3479,0.000274680527076068,0.00179685024740625,5.19868385278237e-06,0.353631058195613,0.28500485755656,1.90867104150875e-05,0.0554570834947944,0.303811184584283
9251,7917,0.00295345993521985,0.010902314436941,0.00023896739294779,0.34897566473971,0.157160104548245,3.01547880589113e-05,0.125146165173594,0.354593168985283
8012,6718,0.00117475425805488,0.0181841752322998,0.00129860232964688,0.350596048815988,0.150669784015318,8.52628450361e-05,0.140282581583002,0.337708790920654
8148,9355,0.00271794821069497,0.00749537808930717,0.000347705760260078,0.296826146601831,0.128371768945981,0.000264617135809049,0.204051162804895,0.359925272451222
6566,5159,0.00114358758061659,0.00517858745052605,2.46872287081255e-05,0.140723784581612,0.107973852646765,4.52343014236908e-05,0.40160857289102,0.343301693319328
7390,10434,0.00217124195084891,0.00690035311772292,8.91642677021381e-05,0.222525057215798,0.0958482888766367,0.000313553072309788,0.314298082041158,0.357854259457824
9735,5880,0.00245624629662167,0.00354434584430452,0.000129010013448071,0.0189586583571961,0.377785231719053,1.20175095763896e-05,0.0481348040436923,0.548979686216108
4635,8515,0.000354953457861408,0.00130122469975534,4.20528705849787e-06,0.563903394768685,0.118133435855843,1.02141940169666e-05,0.0894524197665003,0.226840151970279
6082,7197,0.00121343235405057,0.00333797814943924,9.57286274475185e-06,0.344737561983463,0.144280243885972,0.000148208770502708,0.108661011570018,0.39761199042381
7252,10194,0.00074327689060838,0.00436502411191124,1.72486141642361e-05,0.409131344777051,0.104608949662443,5.98573891091921e-05,0.126647944573966,0.354426353980746
3260,2999,0.000605834717906008,0.00229551558518346,2.87268346997151e-06,0.257400526758552,0.20111313712918,1.52476929370943e-05,0.0700659887724579,0.468500876660314
9735,5400,0.00189154390335751,0.00533690961388974,0.000103083597584378,0.0870339093147363,0.327325661921995,5.14769325425227e-05,0.0843235477144639,0.493933867001431
9872,5880,0.00215591118614198,0.00320511779791754,9.0849786205459e-05,0.013349576788595,0.407512306246834,1.427897111806e-05,0.0471208250137918,0.526551134209396
5601,5878,0.00093771721827364,0.00412706562868742,3.13479547750104e-05,0.34756191918962,0.192049371207604,5.96402062419541e-05,0.0908995041279409,0.364333434466857
6703,5638,0.00151243246207247,0.0189155662379895,0.000582927490750587,0.259492537177404,0.115172816053242,2.41896376420545e-05,0.184303430339078,0.419996100601821
7463,2642,0.000688460538929962,0.0088917533735313,3.94505764089666e-05,0.288196467820014,0.0855121945927483,2.24417957840088e-05,0.326154588147224,0.290494643155359
7668,5879,0.000683949918699031,0.00315200513037143,1.37406004506125e-05,0.238316687418283,0.248309765417805,1.42450477735948e-05,0.122003953080619,0.387505653385999
4291,8394,0.000183325483678658,0.00204824173809774,1.7987764931041e-06,0.543928135398268,0.118828928698661,1.51243205904331e-05,0.109080749109551,0.22591369647466
9252,6239,0.0135419937959299,0.0151128841235913,0.000723535814183573,0.164084767523045,0.229406658499446,0.0010797951979571,0.127447239609149,0.448603125436698
8908,4920,0.000272297006088122,0.000178116067679653,7.07906154763623e-06,0.00143249708050201,0.123235180157893,0.000144712590677306,0.00645844857940547,0.868271669456207
9941,7198,0.00334680909535186,0.0130783088766386,0.000320764378871101,0.340787492696714,0.127985492245653,0.000515818316316137,0.197631942563836,0.316333371826619
6495,9594,0.000487133663726359,0.00223780413547148,7.30941292424957e-06,0.516303717559572,0.123567150935482,3.00199325635158e-05,0.0880778140775403,0.26928905028272
8080,8276,0.000312138536824093,0.00546285040223015,0.000230429618025729,0.444985091409041,0.0902697929174081,7.33585937453527e-06,0.0775416422420817,0.381190719015015
8290,1683,0.00257592426132827,0.01996602625805,0.000131538726976197,0.021569392270689,0.159141174041493,3.87142684603547e-05,0.322267217182357,0.474310012990647
7186,5519,0.000538957771040858,0.00105386216743595,3.74832074209888e-06,0.380232608410247,0.228822014405818,1.35121153310308e-05,0.0984655301997122,0.290869766609674
5601,6597,0.000800347871819225,0.00363598974995191,1.02736560032074e-05,0.292950794602838,0.229349220394298,4.34967072034852e-05,0.106408269770678,0.366801607247207
8358,3481,0.00865006396159587,0.0228782232217342,0.000924654352868831,0.129150191257666,0.232082434665911,0.00011167349898586,0.239288137142792,0.366914621898446
8840,4800,0.00414101249536398,0.00724615385076992,0.000228035204313624,0.0995026369870762,0.308519056232078,0.000128707813338801,0.171347826711628,0.408886570705431
8493,8277,0.000234613579944984,0.00401500667098412,6.93817057071343e-05,0.38440813358996,0.0960765875192051,1.02620990949198e-05,0.0621156004982841,0.45307041433682
5324,7556,7.62330524727353e-05,0.000618298191346043,2.13541534956404e-06,0.00303086318603892,0.010326431626049,1.0065309443672e-05,0.905515148374307,0.0804208248449932
4635,8035,0.00115995640797747,0.00362163810203042,1.44091937694148e-05,0.26580964385049,0.162581701503672,0.000953435362993507,0.0733967274335607,0.492462488145506
7736,6958,0.000744174967480482,0.00661991931895098,0.000267104770513353,0.411581066721035,0.128803087814328,2.58273199341706e-05,0.124936054154895,0.327022764932863
4222,8514,0.00018569511476463,0.000440379398895771,9.24214375186673e-07,0.537871711899089,0.133464592285161,1.27162707530868e-05,0.0974502778274682,0.230573702989493
4981,5997,0.000544168739155364,0.00349952904632226,8.14791620683865e-06,0.34890440517175,0.152117231129481,1.81889425853859e-05,0.146898883622891,0.348009445431608
7735,9835,0.00439644428912904,0.021287771513666,0.00106881051836908,0.10470752466708,0.0492312268839082,0.00664741972861821,0.66918921841574,0.14347158398349
5671,3600,0.000349972536633833,0.00163772762617024,1.13581402849265e-05,0.079980720802683,0.04035234898644,2.97814030145898e-06,0.568961432343353,0.308703461424134
7114,10434,0.00031599144927648,0.00274917522237392,1.38963637228792e-05,0.542755274817121,0.0962720845920771,3.1839219264164e-05,0.130804669988214,0.227057068347951
5875,8036,0.00218718961571378,0.00520053084176953,7.80384202805168e-06,0.35773823591906,0.139148134162102,0.000213554262808607,0.13576056779932,0.359743983557198
3949,2280,0.0027606229114436,0.00459317613230621,2.00935593567806e-05,0.26273687603455,0.251558658564131,2.46509390456525e-05,0.138087213445053,0.340218708414114
5464,3000,0.00127991444656353,0.00703694937095886,8.37028823247082e-05,0.0898082152900442,0.0978464282171307,3.98439542535414e-05,0.580471812629081,0.223433133209643
8010,10075,0.00605733311187517,0.0177002622853306,0.000533146122512165,0.276091650106664,0.102955295674738,0.000562392542723692,0.21494441049468,0.381155509661476
8840,3841,0.0083276378296334,0.00641780458590313,0.000126327330673142,0.107466587572899,0.231999046655055,0.000473410125674705,0.22757476401416,0.417614421886001
5738,7076,0.000713222272322014,0.00297775123617285,1.25505935867608e-05,0.266067975096109,0.12990686598603,0.000317883717704523,0.199510625466998,0.400493125631077
9390,5520,0.00217009095350006,0.00348009224742862,4.51497587510122e-05,0.0084852280545185,0.303972540955425,2.76868697839463e-05,0.0594480358760259,0.622371175284567
4776,1801,0.000136088710253461,0.00219819033084037,6.27732613905134e-06,0.155919581987568,0.121704939914959,6.4232666932486e-06,0.377517912197265,0.342510586266282
5255,9114,0.00147570991380253,0.00428666710353733,7.41194840563552e-06,0.278393480485518,0.149401521611362,0.000260951972212602,0.170770301691615,0.395403955273548
6842,3481,0.00282406440532253,0.0190656011961752,8.22653757639191e-05,0.16665090916264,0.148047208243166,0.000110082032942314,0.234574800003013,0.428645069580978
6633,7916,0.00131717685959984,0.00707964658641347,2.39935430157574e-05,0.353477852681732,0.171784111941109,0.00013233867337722,0.119293104432377,0.346891775282376
7597,10314,0.00566850402315066,0.0353194679351764,0.0013487202651915,0.340382491402953,0.0982443685515795,0.000916611825596675,0.258368383472881,0.25975145252347
5187,6117,8.91890788428337e-05,0.00181932768880081,1.83321246590301e-06,0.448662932230529,0.172777143656383,6.36469647746163e-06,0.0679142084748185,0.308729000961683
8908,5639,0.00107472628081317,0.00277621947238512,2.12622148818961e-05,0.048834019301599,0.352290133935008,1.52418867229782e-05,0.0405955501449758,0.554392846763614
6567,1802,0.00195269372175371,0.0109799088526147,0.000186618225044206,0.0611841642721458,0.0416989218244959,0.000106912920722525,0.637230858850832,0.246659921332391
3259,5157,0.0016545212150486,0.00713506380687633,6.13188609002977e-05,0.147218679920968,0.0435268578092024,0.000415682824849439,0.505705065352959,0.294282810209196
9460,3722,0.000267386021867582,0.00194455446894994,0.000137745949502754,0.0349871053087316,0.15526645277635,7.98662544091189e-05,0.00734253571275333,0.799974353507436
3948,4198,0.000185687737480713,0.00260714361158737,1.84717102876589e-06,0.472209810723131,0.19580511859062,3.4556030693902e-06,0.080884324873847,0.248302611689236
8424,8396,0.000866063940115249,0.00616025809046235,0.000220287630238294,0.352697163512326,0.0950974673794771,4.69644173002218e-05,0.0681343313664817,0.476777463663599
7875,5519,0.00637556655317656,0.00622979419731435,7.74437389991106e-06,0.197717121850238,0.348128074563459,2.10288004704047e-05,0.136686803828484,0.304833865832958
5602,3960,0.000403566956526692,0.00348206862666353,2.12855710946986e-05,0.0983392525073582,0.0272005401114398,3.83942561821728e-05,0.546024312915735,0.324490579055
9527,8877,0.0120713531574482,0.0146723428011195,0.000402756701027447,0.248806485294886,0.0552565647627263,0.00113126967495172,0.277307562694253,0.390351664913588
3327,6236,0.000829472677898874,0.00165688719720082,7.8488454785586e-06,0.108992105811075,0.0687535724287985,6.34513117683695e-06,0.501587448828823,0.318166319079549
7116,6598,0.000499706112315583,0.00462504510920425,5.45854296604977e-05,0.253950967421178,0.159652837747292,1.09558975857072e-05,0.0980029205772133,0.483202981705551
8838,7438,0.0017803476034837,0.00894420606762393,0.000370550065588782,0.420309294478126,0.122979374094205,0.000147901748628268,0.141202133530137,0.304266192412208
8976,8157,0.000998908586743162,0.00647611456095347,0.000154511635934005,0.376602563328942,0.0717205566960414,0.000104361386132878,0.103481641735791,0.440461342069462
9323,3242,0.00493008693772995,0.0139772833416462,0.000232516548051597,0.100855261683281,0.202787357887397,0.000546145761988444,0.232816485776082,0.443854862063824
4015,9353,0.000922307039962866,0.00406421596347029,8.80705878931998e-06,0.425864479388834,0.125608148238164,9.98447127963745e-05,0.195891740765575,0.247540456832409
5393,7676,0.00149961435284155,0.00696314579165394,5.05585269780333e-05,0.145449454785549,0.109187461415724,0.000276297642559202,0.347721975086649,0.388851492398046
8149,7917,0.000681825624546795,0.00606592788819918,7.39376318287469e-05,0.517580892866826,0.0950368648641795,2.85685543397939e-05,0.0716457173327376,0.308886265237342
6841,6118,0.00144828703616603,0.00310062645113047,3.33490937002489e-05,0.180143494525927,0.201839605880467,0.000261915540968197,0.18454126290445,0.428631458567191
8425,7677,0.000498451692756268,0.006151315906283,0.000101128155181068,0.430453962894967,0.0943679651711607,3.5021196409729e-05,0.169192138167746,0.299200016815497
7736,7917,0.00263446805921915,0.00768234119296855,0.000103422387086739,0.182243480525105,0.166024798415697,0.00015989016150714,0.1431597693954,0.497991829863016
2984,3479,0.000363260366402903,0.00230880366752236,3.99394212105183e-06,0.267107514362153,0.16364328138481,2.65956458041047e-05,0.279044447594834,0.287502103036353
4773,7795,0.000693367417190243,0.00233287189731717,5.90019666790119e-06,0.271185122548765,0.138323925315985,0.00019545888292377,0.102878076089161,0.484385277651989
6357,8875,9.30198850128167e-05,0.00146121425198817,2.84275071625256e-06,0.628011488632956,0.0966927316979864,2.79792803527235e-06,0.0959338526007374,0.177802052252567
8772,3002,0.00776197374469712,0.010434526563664,0.000272027378886942,0.0310975227647816,0.262520100276144,0.000255958748212528,0.094178161476195,0.593479729047419
5668,10313,0.000322219475786222,0.00279447814045939,2.52212078418633e-06,0.487269041951346,0.0976795843608019,1.77819705874596e-05,0.0789327884930338,0.332981583487201
6150,9714,0.000392744055110422,0.00180463265691309,1.89525652001971e-06,0.541727382425275,0.143100728285605,8.75759418642791e-06,0.0860127468823543,0.226951112844036
9872,6599,0.0060448341513094,0.0212173140431415,0.000587642063562138,0.295993542514831,0.154522926983835,0.000199234527175768,0.0915371526121408,0.429897353104005
10079,6479,0.00517043625670479,0.00860781031292047,0.000441210001195105,0.103635659742535,0.210129998423483,0.000664832550373745,0.0489114833228052,0.622438569389982
9461,1803,0.00239801297978417,0.0461120424482916,0.00239567469746195,0.323597504207606,0.102154889780334,0.00041118028950058,0.237009265495819,0.285921430101203
4566,8155,0.000848321926266173,0.00366731452579566,5.32805275311431e-06,0.346479839601136,0.141009924841231,0.000222634205177869,0.124885581044802,0.382881055802838
3259,4438,0.00119786536326972,0.00365785999942138,3.21131277063798e-05,0.381941967813453,0.153555592185253,0.000106359604112071,0.252826987020595,0.206681254886189
9183,6359,0.0102974717154291,0.0111405651287185,0.000587497359998511,0.159118519500519,0.225988195140652,0.000661983814884403,0.143267472174781,0.448938295165018
8151,4081,0.00315640108424577,0.00729020085709203,9.64853879853126e-05,0.00942710183233436,0.362732624924969,4.16719260560542e-05,0.158808272806266,0.458447241181052
6359,4320,0.00270002981681933,0.0115530573504996,0.000241489013517558,0.154750497131154,0.123982597665306,0.000269453612868686,0.217378078337607,0.489124797072228
5119,4559,0.000792818568954497,0.0133886958990634,0.000593628865868371,0.288701562583572,0.0692590907332027,5.07381950383549e-05,0.455521243374475,0.171692221779825
6359,4559,0.00177566370355079,0.00833139110826486,0.000116485545174618,0.156184596175306,0.135445858527317,0.000360094040358204,0.121735217498069,0.576050693401959
6082,9115,0.000258544248173219,0.0019108020049763,1.2061434686259e-06,0.566692783869719,0.110943437384535,1.13486223717252e-05,0.0906850204622567,0.229496857264499
3946,8514,0.000162357311120376,0.000491777645236051,3.00739980746623e-07,0.564571940846418,0.150441460215931,1.4951688045283e-06,0.0592335291054658,0.225097138967043
7392,6358,0.00153930748094588,0.00872248322405523,9.55308992914308e-05,0.227731535810442,0.159500065685699,0.000105816850304475,0.20272479739038,0.399580462658882
5530,10313,0.000441950861915945,0.00245284467448304,2.56348952831264e-06,0.428986021592586,0.150904850575546,6.23463694710627e-05,0.0971708443434271,0.319978578093043
6220,8156,0.000419205604491066,0.0018788279372767,2.7983701296688e-06,0.320467014070474,0.243337455530024,1.20254701105816e-05,0.0784924345388303,0.355390238478663
7529,7557,0.0018166606594592,0.0182946744164817,0.00059752512354473,0.279198965330146,0.124324047338286,0.000101649929535225,0.179058535540893,0.396607941661654
6704,5159,0.00141867770034275,0.00890335961526236,0.000123172543141729,0.119787902113375,0.151372367526847,8.4112453398736e-05,0.322509779829611,0.395800628218021
9667,3122,0.00480906018619893,0.0269959400147546,0.00325375872377606,0.324653410134614,0.150221214108889,0.00069220264889596,0.172894898175306,0.316479516007565
4499,5158,0.000534256990357328,0.00267191454011973,5.40511142444831e-05,0.311078980452806,0.055136432665923,1.86399557535431e-05,0.361209705129791,0.269296019151006
6771,7916,0.000544007675682625,0.00415984569791083,2.26676838401589e-05,0.174675102178604,0.148429102131928,0.000169198577748317,0.295846493958413,0.376153582095872
4634,10193,0.00148852493877327,0.00191093081440363,5.95339943848052e-06,0.412740813081652,0.148139562404151,7.56584252295537e-05,0.0886858110609321,0.34695274587542
4980,6956,0.00211884599341421,0.00721969034525391,1.19777664460201e-05,0.290149960972552,0.167626231590275,5.55752609443041e-05,0.134024337944745,0.398793380126369
8908,6119,0.00317491437545302,0.00372164418888438,8.07592020123724e-05,0.0635976729829929,0.327716907446769,2.49829468058762e-05,0.0990753968964358,0.502607721960647
8150,6478,0.00170371750699625,0.00983007295879992,0.000664187950253637,0.255858627258331,0.202211708736198,4.87731673391338e-05,0.109832570558694,0.419850341863388
10079,5760,0.00447101123924039,0.00678677667570832,4.49354724732431e-05,0.0405752520567501,0.36944368220233,9.16801520566401e-06,0.068776269022541,0.509892905315751
8495,5639,0.00108969494528648,0.0146530388755645,0.000486987277823244,0.116872746050393,0.35815722342406,3.98055201771972e-05,0.0288090887051452,0.47989141520155
10150,2283,0.00178832710317586,0.0235682481571947,0.00197868953960328,0.276545321459058,0.111973499408673,0.00020905954390041,0.21767624968955,0.366260605098844
3467,2400,0.00129494619468416,0.0063786961114439,1.66093206563894e-05,0.228666158374346,0.261386541513426,7.76715332160293e-06,0.0844588418535049,0.417790439478617
8906,10435,0.00663486151924585,0.0154626394492136,0.000231322482368988,0.214195196865348,0.217355899161169,0.00472373990903649,0.14887728468893,0.392519055924688
10146,10196,0.000923638523273341,0.00385452762937414,0.000255820668163129,0.0373702230212635,0.268717352702499,0.00196907625283571,0.0409854011120486,0.645923960090542
4844,4079,0.000453572700114585,0.00121143748006533,4.16929411802357e-06,0.213199852314577,0.0462581489027969,1.16317892681687e-05,0.390273785029293,0.348587402489767
8908,5400,0.00164009647340263,0.00125420003688988,3.12364128488403e-06,0.0861080582638994,0.367468687064387,1.04003308754174e-05,0.100480880685449,0.443034553503812
9667,3842,0.00911738663854067,0.0199898005136469,0.00055451941372157,0.152916976998341,0.235639190297089,0.00355149441197978,0.0924284636491567,0.485802168077525
9389,8637,0.00592301356602248,0.0424762546121156,0.00654397140329358,0.161629354726537,0.0965228456695063,0.000674524056374585,0.436274777657353,0.249955258308797
7390,10194,0.00119766419042909,0.00532802321235734,3.17166803750404e-05,0.312837728919077,0.095526034964253,0.000161755494500859,0.257569234230336,0.327347842308672
5323,10433,0.0020142410456179,0.00284742893299749,8.82489616608197e-06,0.417177084002364,0.144440092648887,0.000129624124085835,0.151322285863134,0.282060418486747
8564,3841,0.00421911322348745,0.0112975330471253,0.000201172842503196,0.111775145917366,0.253065293849964,7.80238677379794e-05,0.162981516310169,0.456382200941647
2984,4198,0.000853531721703206,0.0158098387648256,0.000136048757275389,0.110672375819725,0.0382360791617241,0.000211819401216901,0.668909876584989,0.165170429788541
5600,7316,0.000458459736034674,0.00327125986432805,6.46317812595416e-06,0.372548674133465,0.133419859374595,0.00018388319247293,0.0783494630310346,0.411761937489944
3808,8514,0.000426865054697881,0.000614497612395588,4.09553915323189e-07,0.48232647136512,0.195059634910938,1.16601726527453e-05,0.0797672402000862,0.241793221130194
3397,4438,0.000502380120487987,0.000740470231762521,6.16784460797688e-07,0.460820986295025,0.196147959874589,4.04989370162359e-06,0.165698763263316,0.176084773536658
9940,8637,0.00100111354797134,0.0138565490422882,0.000657480732263684,0.0605830188657783,0.0327875630788334,0.000161583745958368,0.614902548748843,0.276050142238064
8083,2762,0.0047920865317167,0.0296215381690744,0.00362639804309918,0.111414688602238,0.120212830592341,0.000635433026147456,0.377622728050964,0.352074296984419
8079,10195,0.00174186046733941,0.0318043448333193,0.00392954997279344,0.331589889248647,0.123188704412713,0.000175442610852507,0.143404203011625,0.364166005442709
6498,2162,0.00109936110588308,0.00726927020210531,8.67205967795929e-05,0.0168971719992265,0.0189591832011047,2.0044807020961e-05,0.839009886046953,0.116658362040927
8013,5279,0.00181340006473767,0.00254539572388425,5.14741093631451e-05,0.167928600542861,0.396157575718209,0.000146020839583942,0.0831238300688178,0.348233702932543
10010,7079,0.00178641774855575,0.0146274755200522,0.000369603219071622,0.323521212313229,0.0736048656617498,4.2566408475425e-05,0.313132217998844,0.272915641130022
6701,10434,9.51762361506027e-05,0.0010411169080751,1.62050194274055e-06,0.656121459375861,0.0823409405054855,3.98335416741645e-06,0.107354092362397,0.153041610755921
6978,7557,0.0011551005224242,0.0134642144741894,0.000313143880232163,0.131967930411869,0.148215678343119,5.14975410027387e-05,0.0890688516941624,0.615763583133001
9874,3482,0.00129905096754458,0.0111328576302348,0.000189439755532761,0.195310372824923,0.179751345405798,0.000133532629354093,0.0835713480558954,0.528612052730717
4428,8395,0.000429619132704564,0.00185620564570363,1.40109367598875e-06,0.486399169698188,0.133550882631683,1.89243337415473e-05,0.128053358294189,0.249690439170114
9323,2283,0.00276530618401994,0.0212703878349148,0.000406519830902471,0.237012405302568,0.141077235655191,0.000164395242679531,0.225369727772472,0.371934022177252
5530,9594,0.000461336755097149,0.0016124764043125,8.96335888650033e-07,0.467785673813126,0.127425825524638,4.69611017441354e-05,0.0716812683009804,0.330985561764213
4979,9114,0.000480473498159485,0.00606094590612671,3.9234212257552e-05,0.109364625946382,0.0489100953136556,0.000324190452098114,0.626095147562625,0.208725287108695
8079,9955,0.0067310538070362,0.0217872035204298,0.000373534905554464,0.211646418300514,0.0821603768232198,0.00706569361959249,0.404406627933013,0.265829091090639
5188,4199,0.00049376134975511,0.0057345855103606,0.000173747480888102,0.188934691025349,0.0584778437010057,1.72664352963922e-06,0.439472149766882,0.30671149452223
9458,8277,0.00380355744910012,0.0177606724973859,0.00049278599434907,0.250275522343325,0.129697596855841,0.000521237796538909,0.235520585106456,0.361928041957004
8013,4560,0.002489545902335,0.00970094983928582,0.000178896615427705,0.0428832072610088,0.357723529010392,0.000191516634423254,0.143597017026748,0.44323533771038
7115,9475,0.000118950462504203,0.00143563516212515,2.3830343254936e-06,0.586756851130494,0.0743371335077736,5.967966910115e-06,0.128364082173398,0.20897899656247
7394,2282,0.00131931236463311,0.0102404962695544,5.66008456455374e-05,0.221280828139474,0.133468413789108,4.29823520121746e-05,0.228339898799466,0.405251467440107
9323,1803,0.00313884297512111,0.0321904104225082,0.0013864739496197,0.269865770048849,0.114836429627608,4.33589962460245e-05,0.22046861222274,0.358070101757308
7737,5279,0.0025776034496779,0.00705504915571974,6.71705357723389e-05,0.0984936310946057,0.321975630224225,2.65377873162886e-05,0.122233868609065,0.447570509143618
10216,8877,0.00066286320455449,0.0157366496418897,0.00085958938051866,0.0572510498049396,0.0255680874866808,9.07928395437561e-05,0.670710464393235,0.229120503248638
6015,3720,0.000382928252342254,0.00440300376724113,2.34420446486871e-05,0.255619333582554,0.0425524530250722,6.48108422543852e-06,0.476093148595377,0.220919209648539
10077,9596,0.00120172579617333,0.0253716838800957,0.000984937585508419,0.192886032182297,0.102160329183375,0.00018642276273551,0.194326597355229,0.482882271254586
9322,3482,0.00113889166345367,0.00230077717067214,2.95421408885557e-05,0.0993676870604408,0.212069263269431,0.000185607345535583,0.0287659039892997,0.656142327360279
3191,2400,0.0015363227655187,0.00206948252514005,1.8828563215638e-05,0.334583240333644,0.185040347137754,3.01683480208248e-05,0.1437718164186,0.332949793908107
8012,5519,0.0028382747499228,0.00797881188362695,6.69850620199602e-05,0.131691204706293,0.464104839331457,0.000227342155985895,0.0715823837469087,0.321510158363786
4772,9234,0.00153501242082816,0.00288273145483678,1.51116416959281e-05,0.290607437708878,0.139371611106337,0.000207049468360753,0.0915871903536896,0.473793855845373
8839,6479,0.00199634879671358,0.00767963292438587,0.000144714441103247,0.214851071419015,0.238978882301283,2.57883274131602e-05,0.0855860914979722,0.450737470292115
5463,5878,0.000645755504521519,0.00535695129458741,4.16970061350737e-05,0.348657520535439,0.169617181490126,1.28694427029619e-05,0.12091111719035,0.354756907536139
3672,6116,0.00388083236940024,0.0122392009530922,0.000129187244646854,0.179262366954798,0.128932010420256,0.000188053641274438,0.309845081497407,0.365523266919126
9113,9596,0.00457246051955727,0.0118167878197188,0.000548709525869655,0.273680594405132,0.139368708163253,0.000519771097333816,0.163253070376502,0.406239898092634
8358,2282,0.00374896312965397,0.0302860773976868,0.00360826872953838,0.128156968417653,0.115835653180922,0.000497133715576795,0.390171265699685,0.327695669729285
7528,9955,0.00100788823827672,0.00945639030384881,0.000248631916406333,0.0513945013555568,0.0313847575127677,0.000175237670357763,0.799300964354012,0.107031628648773
7944,3721,0.00943545744848282,0.0182668878829029,0.000550947536482288,0.0428654688890516,0.224394281724856,0.00216508121878283,0.186940556705172,0.515381318594269
8149,8636,0.00255800060494203,0.0114088463427722,0.00028664006043813,0.357001685464087,0.137580184651729,0.000128327652528079,0.129612553806578,0.361423761416925
8082,5160,0.00119558770459672,0.00630703575605652,0.000110823265733162,0.143182265651244,0.299994038411216,8.49157102968056e-05,0.132979867386242,0.416145466114615
4704,7915,0.00132321583707118,0.00335442912460237,1.66954196861612e-05,0.272984066332495,0.153863817747181,0.000671871996793764,0.0784727128008883,0.489313190741282
6014,6357,0.000976755091714589,0.00279270042844061,1.54614068643048e-05,0.237400006437447,0.166613480625684,6.24231428068567e-05,0.213078995832462,0.379060177034581
6564,9475,0.000289531793619085,0.00211322595215221,2.48468605117785e-06,0.488632812166897,0.162751051073886,1.27427623745399e-05,0.113634043796676,0.232564107768344
7186,5039,0.000690264713740537,0.00230084607299695,1.31099469448393e-05,0.227634830970464,0.216640719703042,2.75849632998479e-05,0.229816547818275,0.322876095811236
10077,10076,0.00171280939703016,0.00587064616999255,0.000164809629719191,0.203902193595686,0.188777708192565,0.00023930206983426,0.215096105622178,0.384236425322995
5532,5518,0.00204377454645889,0.00784020955353559,0.000145597301344609,0.325660239749824,0.104977739649672,9.24223827938176e-05,0.192727846208929,0.366512170607442
9939,9836,0.00213829468131262,0.00468563908197083,3.72673065543755e-05,0.154375314790043,0.197661433084037,7.31024994673166e-05,0.0486564983296646,0.59237245022695
9458,7558,0.00164415757977786,0.00627072017232449,0.000142065540959586,0.372900305744025,0.0835472137706736,0.000121376420739505,0.101487003177527,0.433887157593973
9254,3122,0.00327659015052163,0.0204643553743095,0.00020868745372786,0.182326449305242,0.240163024801964,0.000101077764452067,0.250310419268595,0.303149395881188
4568,5517,0.00149508860037762,0.00829466512337601,4.95133685262278e-05,0.201146795838453,0.162536126273788,3.57876901855135e-05,0.163361465775362,0.463080557329932
8082,3481,0.00487642677550893,0.0196822909313746,0.000836042886643525,0.130211442051718,0.204139870002295,0.000723995301818618,0.242664326944271,0.396865605106371
6357,10314,0.000275226061256888,0.00300653675948785,1.1466459437207e-05,0.146352505678473,0.0457912177289082,9.88375146577082e-06,0.615135758204218,0.189417405356753
9112,10315,0.000592590940344073,0.00321093755181091,7.96337929543681e-05,0.209749336378291,0.10149509022116,0.000112254143867654,0.0517205169957359,0.633039639975836
5396,1921,0.00309044414802865,0.00635227771363342,0.000263323406528879,0.171235224923003,0.106858316693249,0.000390227633773295,0.416120849350643,0.295689336131141
7459,9835,0.00118599828373154,0.00797311755839594,0.000136368172648148,0.0629591270228454,0.0256156981209902,0.000583223626679351,0.758911534366278,0.142634932848432
3947,5877,0.00116959608653341,0.0074804569856656,4.79141448750838e-05,0.172205224823495,0.124279878202126,0.000152565249081677,0.218958050537362,0.475706313970861
4566,8874,0.000948557552539122,0.00274779527383631,7.06131622011031e-06,0.352216287267236,0.153688009266726,7.19018582664645e-05,0.0836822103971267,0.406638177068049
5462,8515,0.00242862414878858,0.00758666438150259,4.0454508048015e-05,0.2053568764112,0.170780427113663,0.00129665752772142,0.0977675658930678,0.514742730016009
6770,10074,0.000766569260555779,0.00304667599945026,6.78716233161252e-06,0.360627648422072,0.171984384240912,5.1974440237122e-05,0.11900629072949,0.344509669744951
10147,8517,0.00205238749293685,0.0211698347747508,0.00156329179111205,0.085037339618611,0.0348382188065033,0.00100375667094812,0.688103461204692,0.166231709640446
8356,6598,0.00197202417173929,0.0176427437608471,0.00194508937986138,0.323264755090166,0.157150218303232,0.000282764347106351,0.132783056988218,0.364959347958829
4223,5877,0.00172362746303496,0.00473019900390979,1.72369345939824e-05,0.218249580087197,0.158601497752049,0.000166457513993415,0.112415885252565,0.504095515992656
6083,6477,0.000612255942650797,0.00276213832458751,1.32028756527546e-05,0.221552659953108,0.314875058860323,5.19751427587828e-05,0.105815513043201,0.354317195857719
8287,8396,0.000638580568524053,0.00745825737191706,0.00012284475246859,0.394200531264586,0.136266967188473,2.22805041513827e-05,0.102043676192683,0.359246862157196
6427,7077,0.000710546056134836,0.0111367778287853,0.000154963837663142,0.0571869609615764,0.0761381294226814,0.000139973008246465,0.606657073162369,0.247875575722543
3673,3479,0.000111526223396756,0.00146033380389604,2.98595506702844e-06,0.355927099984157,0.231903990474688,5.27303561020557e-05,0.0324598975127064,0.378081435689986
7253,9475,0.000373799942866898,0.00396393826491395,2.37258647638756e-05,0.125285084259304,0.0506379555690986,3.91985579200415e-05,0.605096639078424,0.214579658462709
5532,5278,0.00066561781353172,0.00206294162818215,2.9335785742893e-05,0.429081758101509,0.0784499420163382,2.48018832079282e-05,0.208876261327984,0.280809341443504
7117,5159,0.00047183284435777,0.00107774660133695,1.41604677419807e-06,0.424868893148442,0.235150479490934,2.1945704156759e-05,0.144217353938521,0.194190332225478
3122,3239,0.00101234931281434,0.00439943115053751,9.31943174269035e-06,0.197607026462182,0.298876313136,3.42030243834436e-05,0.0531109257555179,0.444950431726822
8011,9116,0.00132925980352693,0.00733342606838019,0.00013715342976595,0.380001003907931,0.0995316959444473,3.97791199667347e-05,0.201947737847077,0.309679943878905
4637,5158,0.00035034815721679,0.00253796091545901,1.71222262055292e-05,0.13816091562439,0.0336510189072042,1.06961742124934e-05,0.572324389097352,0.25294754889796
9185,3721,0.0020514888449942,0.00443039656067889,0.000360573987820732,0.0295444166636216,0.23197413237687,0.000270314155688358,0.0640149047100442,0.667353772700282
10150,2763,0.00124316491460124,0.0172409865159387,0.00106570264141569,0.359664536794275,0.10662501664062,0.00095888652752717,0.161236581969193,0.35196512399643
5393,9114,0.00121234707935698,0.00185710906117346,1.98502936047591e-06,0.289559088427731,0.185663299218181,9.07170834845574e-05,0.0822174668472415,0.439397987253471
5188,5398,0.000321075614255696,0.0028060794976136,9.09751901740767e-06,0.121924595883315,0.0631405893759037,1.30641408334661e-05,0.545949676532016,0.265835821437045
4773,8515,0.000694517095210834,0.00383083551641697,8.55362134345515e-06,0.429382612036513,0.103407175767305,3.4068971752662e-05,0.137244040012438,0.325398196979021
8770,5160,0.00186943344462518,0.00146465545263892,1.96601371513153e-05,0.0731948334565484,0.268776550663025,0.000311800653990697,0.0357174282643988,0.618645637927622
4982,3839,0.000394796347114779,0.00213856007023933,8.24583921575168e-06,0.179218125402499,0.0723244965509764,1.96799064970366e-05,0.497353042628272,0.248543053255186
7805,7317,0.00137745819225705,0.0090353227352624,0.000239846876907285,0.332990773641775,0.131595636795081,0.000118183546367273,0.143936887864633,0.380705890347717
9185,2523,0.00440631643654222,0.0317399589703882,0.00148420735337422,0.152457610026793,0.178594968771798,0.000264234769561456,0.152115906461975,0.478936797209568
5805,10553,0.000381641947715291,0.0031589143320328,6.09131788592805e-06,0.480198470651231,0.143712471431192,1.17223391966053e-05,0.0991228647460774,0.273407823234668
6633,8635,0.000228932993321375,0.000921064731120097,1.90073303040741e-06,0.539577004939155,0.123710371203122,4.59702623335697e-06,0.0948652621794838,0.240690866194534
9802,9836,0.000355503053262116,0.00615931795786947,0.000117011086986993,0.185274705385799,0.200139599875469,4.64810957061421e-05,0.0817068078234399,0.526200573721467
4776,1561,0.0014030642391823,0.00786861403847359,0.000120424042692778,0.0585067357067113,0.0850674049695635,0.000304956450438519,0.611715392339713,0.235013408213225
4912,6117,0.000487981060260288,0.00395179967283203,2.36118060053942e-05,0.123765145274545,0.0636312521567808,2.58421312727839e-05,0.619168673608642,0.188945694289662
4566,9114,0.000668219566169754,0.00290034907607168,5.08127103859246e-06,0.356332919916078,0.162728447194559,9.34484938531596e-05,0.122801480876765,0.354470053605465
7597,9115,0.00140370179687016,0.00608848859759642,3.59734596719238e-05,0.289906569074184,0.1068928589642,0.000390574883520509,0.32049372308452,0.274788110139437
8355,8996,0.0051232833388795,0.0146396202617025,0.000500551259529094,0.276196869127006,0.115148004078941,0.000508205547905922,0.147818917114995,0.44006454927104
9736,3722,0.00122035603113651,0.0140033527175037,0.00116492355492665,0.107138968066101,0.173832785492975,0.000563820574821651,0.0560217695868586,0.646054023975677
3671,8274,0.000189459000130948,0.000682463016187981,1.55569819110125e-06,0.434458603376257,0.174315365347728,1.49529426170174e-05,0.0712158496784521,0.319121750940436
6013,8275,0.0019273478725304,0.00555286626280647,1.54207507309925e-05,0.400144020879298,0.119725933890893,0.000147244623136671,0.155562639690284,0.316924526030321
6497,5279,0.00135849666434118,0.00648996307502458,9.21264440699695e-05,0.157679347502498,0.124754431781498,0.000161409440681335,0.351035661147752,0.358428563944134
6772,5279,0.000991325267060047,0.00616272344968029,0.000139452671020986,0.320904589564187,0.139566842028454,8.9623330157853e-05,0.169405051616441,0.362740392072999
8286,9595,0.00409521562454594,0.0196683991786548,0.000901451408932728,0.334392184329869,0.113836913031264,0.00109327844262801,0.207956262938544,0.318056295045562
5876,5878,0.00265100387558754,0.0107138517225207,7.4809261726207e-05,0.32799415002461,0.207879689118228,0.000145655858624779,0.158878995617087,0.291661844521617
7530,5399,0.00244349444991174,0.00431751223718023,2.98049911743037e-05,0.100512953194119,0.310053583596791,1.81315942997619e-05,0.048800860811566,0.533823659124958
2846,3958,1.22244767128395e-06,1.98976785043437e-05,1.06712874547784e-07,6.87627013735169e-06,0.000601306197418555,1.09426087123232e-08,0.950334768879861,0.0490358108709242
5325,7076,0.00360323940515159,0.00775139244756257,9.68818429336206e-06,0.265393295792806,0.197548927296976,0.000290503887739036,0.156597901362882,0.368805051622589
8563,6478,0.00420214570810106,0.0187891067924642,0.000539675821786596,0.224106709348165,0.181430703344922,0.000108544656556747,0.152928607993089,0.417894506334915
3671,8035,0.00067776025158204,0.00101663172447671,3.16593364005983e-06,0.302670272624013,0.287473724841906,1.54982152497012e-05,0.114084692427177,0.294058253981957
5668,9834,0.000553347171460094,0.00164840313274575,3.15211110385933e-06,0.4331574735246,0.144552125589087,7.66916416343586e-06,0.0972902547003925,0.322787574606447
6495,8396,0.000154635587627526,0.00106850922817954,1.25208713687814e-06,0.438454171193746,0.249320526955958,1.96609521136113e-05,0.0522806198255877,0.258700624169651
7804,9715,0.00238974397246707,0.01258575923934,0.000302787744456031,0.296240513602128,0.0637204788536421,3.84582971975542e-05,0.228015166896542,0.396707091394227
6150,10194,0.000678824196346341,0.0028674029862021,4.53416154976145e-06,0.536345090245631,0.105589755922997,2.78886606598345e-05,0.1294456331007,0.225040870725913
5945,6477,0.000517679278503143,0.00478871364742523,1.74979512732032e-05,0.363425083683137,0.223253090035965,1.93019447405195e-05,0.107879065395344,0.300099568063611
3465,5996,0.00179325764206975,0.00678941941860829,5.24367669825288e-05,0.16411921610749,0.111531864483193,0.000123510128201466,0.312130674759771,0.403459620693683
8150,5759,0.00109031384054917,0.00458144429532373,0.000101318183885622,0.114767458663465,0.3720516966389,5.21050299837357e-05,0.0622421948903869,0.445113468457506
6359,4799,0.00132340250614246,0.00597426939707648,4.4573190295035e-05,0.203572515532491,0.148683084087954,0.000121323241733116,0.165838131222925,0.474442700821383
5462,7316,0.00126929680533013,0.00990021555163167,0.000125149136132387,0.251476889252736,0.132111121576245,0.000743428874323317,0.20233626674961,0.402037632053991
4912,6597,0.000921377072596562,0.00531961682903789,1.11226073878157e-05,0.326907872023144,0.144418315649109,0.000191965018579762,0.114480891367911,0.407748839432234
6084,4319,0.0013793843025501,0.00928668860851649,0.000483003051034789,0.192999923847042,0.0729623561607666,6.25170288750058e-05,0.311934986005454,0.410891140995762
5807,7196,0.000639089629018833,0.0028883372971804,6.33331527876574e-06,0.421563639857514,0.128959078864713,5.19379027785461e-05,0.138998240795077,0.306893342338439
8151,3361,0.00609318365468412,0.0223043936500991,0.00194291524152035,0.170852097324709,0.195354997911496,0.000317614199659171,0.225263401312242,0.37787139670559
7942,8756,0.00148232269953096,0.00574443245162356,0.000135103053754503,0.401549150751425,0.135826060627208,0.000893713251270246,0.0980684304575708,0.356300786707616
4152,9353,0.000730304240213078,0.00314311823726613,2.13907677469254e-05,0.586740498721111,0.108422036466461,1.59184566462974e-05,0.111856920508742,0.189069812601813
5875,8275,0.00099267839845833,0.00529359259484947,5.52532854397186e-06,0.406711167906616,0.123177807373373,5.02561257856817e-05,0.114158521195778,0.349610451076596
8495,4440,0.00588285405901107,0.0216217130150892,0.00190364296524888,0.109714964519801,0.275425376266449,0.00555579893874672,0.260442292099821,0.319453358135834
7117,5399,0.000708119770603064,0.00216821438230982,7.21981010772733e-06,0.480475048286633,0.174570397317747,1.49463503810294e-05,0.111515449479653,0.230540604602566
5877,5158,0.000286268633316729,0.00163486139456187,1.68829122047304e-05,0.176744746102281,0.0380355352707635,5.25489628629148e-06,0.626390275027636,0.15688617576295
3811,2520,0.000608941174097872,0.00447635228571993,4.1192811007408e-06,0.385769693494225,0.242072159713386,2.80488636029123e-05,0.0608048574423415,0.306235827745526
5050,5877,0.000559670067606218,0.00327559322961452,2.77522829874297e-05,0.370464156893445,0.160434859360993,1.90024366867471e-05,0.0988296035138034,0.366389362214863
4292,4798,0.00186399169769065,0.00727894050091265,6.01336660525771e-05,0.161370862119277,0.129231007401755,3.21876515742644e-05,0.419612502128536,0.280550374834202
3395,8034,0.00041950493151955,0.00294838841187197,4.03645933857006e-06,0.357215585026704,0.230421681334871,3.1467977764583e-05,0.0735274763255721,0.335431859532359
5601,5638,0.000902028436332328,0.0019315749538314,1.05616889287971e-05,0.382002711966584,0.12195084226591,5.66882139682092e-05,0.148207407754644,0.344938184719802
9392,1684,0.00214061645938628,0.0110750997104617,0.00030366337247004,0.148543083440812,0.104779147290431,9.00729744988999e-05,0.371645442686115,0.361422874065825
6150,9235,0.000309537625906054,0.00217084147712795,4.692162163252e-06,0.4382082942265,0.103353364638073,2.33821452332198e-05,0.18295845077846,0.272971436946536
3328,4078,0.000422496526794214,0.00407915974888211,1.26199703164179e-05,0.451539491406838,0.12241713124827,7.10194912386091e-06,0.155887894032519,0.265634105117256
10147,8997,0.00140490961026745,0.0212948760208914,0.000713093808503874,0.124508405277326,0.0348765886286392,0.00122827122367637,0.522586143446059,0.293387711984637
6220,6957,0.00120121649424255,0.00344125198790683,3.90391222351813e-05,0.358802487450031,0.129933358180961,0.000461485950402364,0.176982168933037,0.329138991881185
10080,5041,0.00324754254222844,0.00374552616268263,0.000106894343684312,0.0196910876177131,0.371386869678522,2.03454383327946e-05,0.0526448684148397,0.549156865801998
7118,2282,0.000708567620536207,0.00837247470500653,3.96738822454148e-05,0.0593247638483544,0.0508400471105186,5.61935860795845e-05,0.687297450998227,0.193360828249033
7049,3361,0.00134938455807401,0.0148853059821811,0.000173614913278582,0.02656934664654,0.0490401029148459,0.000104615750126534,0.636657910682644,0.27121971855231
5807,7916,0.00170169925641937,0.00595103971157316,2.1223407264476e-05,0.253239748979863,0.141160802466923,0.000157319683578906,0.0899984850228155,0.507769681471563
3673,3719,2.08743791839402e-05,0.000400390106120213,5.11967980631967e-07,0.445650424780842,0.291860585124259,3.01790087130287e-06,0.035921077310738,0.226143118430004
9734,6599,0.00119253624883896,0.0185207392663358,0.00140202075534386,0.376301557021878,0.112645069226689,0.00030458859953898,0.0467849203574343,0.442848568523941
10215,9356,5.64028430212507e-05,0.000164489901198455,3.78696304026155e-06,0.017893503562364,0.0548526340441382,0.000199311735455492,0.00433529397482313,0.922494576975959
7945,2762,0.0036638363503769,0.0197490828925606,0.000202902006695035,0.175612414062413,0.167378732866797,0.000144734564289041,0.221172858282369,0.412075438974499
4222,8275,7.70288036335998e-05,0.000773573338452511,6.40276659363825e-07,0.639576862718447,0.0835288599464527,1.78802094362429e-06,0.0878336066317062,0.188207640263705
5396,2880,0.00221577280500694,0.00875579952900466,0.000192200854733877,0.117781155720431,0.0370756863841704,0.000115515487836427,0.545172206216067,0.288691663002751
6083,6237,0.000736341671101404,0.00504996579663842,2.69150033894591e-05,0.263143675646591,0.183758186976577,1.13210418774907e-05,0.153320618712058,0.393952975151767
3603,5997,0.00109930917601278,0.00580959300069191,5.90596929468054e-05,0.15178300093557,0.0879208820184436,8.84064533411857e-05,0.476662524623837,0.276577224099157
9597,4920,0.00200557962795058,0.00172853328358084,1.284013120798e-05,0.0727604244230499,0.301134643267186,2.58816418099187e-05,0.0507095210946257,0.571622576530589
10078,9356,0.00104919850966236,0.00405197746256608,9.81150243160348e-05,0.140430678348776,0.0712071128686948,0.000499469749435832,0.27773202722345,0.504931420813099
6013,7796,0.00108532798620501,0.00407726991559848,2.28603212914873e-05,0.0938368730137848,0.0688105563528573,0.000845472002597909,0.579548755084861,0.251772885322804
6081,10313,0.000482885241613438,0.000825692189280144,9.72075583820566e-07,0.555608427472922,0.104798830109362,5.61276596860591e-06,0.121671997516639,0.216605582628631
7323,5519,0.00221764685924308,0.00357121939999546,1.47051930826452e-05,0.300766000180644,0.254044162504158,0.000162106037388759,0.177486257045473,0.261737902780015
6014,5398,0.000217013735369509,0.00183101973855375,1.02003660950762e-05,0.471141941864873,0.0787181527721462,3.62235074824256e-06,0.176792098535723,0.271285950636491
9596,7798,0.00331792023076271,0.01246824718334,0.000558636323278099,0.33650713030755,0.111818307897777,0.000324001620886552,0.182285632838639,0.352720123597767
4083,10193,0.000177868431622805,0.00160686517976442,1.93829000567539e-06,0.417176784979922,0.125380547396344,9.46731837157518e-06,0.08339292159524,0.37225360680873
2984,2999,0.000123304440949251,0.00199111370746157,9.91953733484941e-06,0.0318815780297759,0.0426245362456608,2.64073024062772e-06,0.785843871243362,0.137523036065215
8150,5279,0.00357188068293729,0.0074614006902577,0.000119516210121701,0.0904522769845065,0.452564461399665,2.81801421161852e-05,0.0964593730398713,0.349342910850524
4844,2880,0.00286786345778754,0.0234715532222293,0.00248574974344865,0.112140773719965,0.0739773416571094,1.50180258520109e-05,0.44225845921964,0.342783240953968
5944,8156,0.000730685586831298,0.00311588001422187,4.34585990717581e-06,0.452834264511576,0.134694724622853,5.45480790282632e-05,0.119853738749387,0.288711812576196
3671,7315,0.00127252394033453,0.00317441855347697,3.47665254776747e-06,0.275730670902481,0.182449329295568,1.62985264337019e-05,0.0754625338932649,0.461890748235893
9320,8996,0.00563878111860028,0.0487020201895871,0.00998313401659608,0.310439086676898,0.049434058139863,0.000424663970547025,0.223901187519081,0.351477068368828
4704,7675,0.00314219817314476,0.0059504508190201,2.98869819508493e-05,0.247540778597917,0.159315237391983,0.00289745673286455,0.162524335159957,0.418599656143163
7875,5040,0.00274971835336763,0.0131585512203206,0.00174923631576644,0.0875087110918272,0.26015940520246,0.00201591313379015,0.175741895007793,0.456916569674675
6839,9235,8.91660485997077e-05,0.000513948836797729,2.68456751050732e-07,0.622407939022051,0.191362146111708,1.41149161682159e-06,0.0619693973045713,0.123655722727904
4911,7076,0.0023483723271463,0.00809725687800728,3.86541654934804e-05,0.190812793148758,0.170569565127466,0.00034277206505674,0.155846163036205,0.471944423251866
4844,3360,0.000451867960339734,0.010434483907903,2.50135833027767e-05,0.15061252014064,0.0687296202070527,1.56407918039433e-05,0.465197001400251,0.304533852008707
7806,5879,0.00181921993070119,0.00978297850164685,0.00038541629398198,0.292756497226697,0.23349746008798,8.22092616335593e-06,0.100711734509858,0.361038472522971
5051,2521,0.000298343482670595,0.00331997506184682,4.06566112964819e-06,0.189121728906501,0.0902090073298732,1.06850512492408e-05,0.486828760057795,0.230207434448934
9529,2882,0.00165915766018092,0.0358049931410872,0.00581098878019148,0.249526111981048,0.118161134441831,7.95956241859775e-05,0.23488062294148,0.354077395429996
5599,9474,0.000219745102853712,0.00149724696277435,1.53878012628254e-06,0.38651358493874,0.189061570223406,1.39547793164253e-05,0.0747660118980504,0.347926347314733
3810,4678,0.000250888131950278,0.00132069752373943,4.28587282530254e-06,0.405909012799331,0.146264372508036,3.23552183996079e-05,0.161381029095505,0.284837358850214
5532,6477,0.000329065276353506,0.0031899192996012,1.39820273353957e-05,0.135278198265241,0.0949556322983273,2.54721770247644e-05,0.518588446881409,0.247619283774708
9599,2283,0.00396738548713821,0.0435735259637172,0.00241158881648125,0.130794553777741,0.109127699630595,7.58848333183059e-05,0.311905226195888,0.398144135295121
8218,8037,0.000472690394982896,0.00562468530636665,8.86281251021687e-05,0.522556653520454,0.10265548175328,3.8938121169305e-05,0.0646937322835023,0.303869190495142
6839,9714,0.000203525315494954,0.00233688741512007,9.0433585209635e-06,0.508919949395191,0.0898863735909543,2.3811297015254e-05,0.136897894394195,0.261722515233508
5806,9834,0.000270501834968351,0.00165328844694384,1.83326938790669e-06,0.492546591165961,0.168785396918525,2.81056471994411e-05,0.0929087448577949,0.24380553785922
8565,1923,0.00335998362084809,0.0462219718609231,0.00223115446684838,0.174059768335992,0.139423759555154,5.7049296586507e-05,0.267565092758425,0.367081220105222
4636,6836,0.000945554297579707,0.00541236366691272,8.79042575022769e-06,0.373853381756939,0.160781376978849,4.87330380945288e-05,0.100448332050376,0.358501467785498
5392,10553,0.000438076279021236,0.00128025856096995,9.2027126321925e-07,0.426810058950133,0.0914716224661068,2.03883364849838e-05,0.193945409683285,0.286033265452736
8356,7078,0.000443790561806321,0.00871990085194618,0.000111714528894739,0.316020293735462,0.117183947321039,4.10394682687744e-06,0.233947926037819,0.323568323016206
4843,4798,0.000150044022468536,0.00205667931432271,4.79480930990604e-05,0.0459027003174711,0.0173787572414568,4.69151721200326e-06,0.787305595362221,0.147153584131749
3948,4678,0.000112275910310909,0.00205836651253862,1.72925252256904e-06,0.372728242225724,0.102794307032291,3.35836353460434e-07,0.246013285420792,0.276291457809467
8565,1683,0.00348102483569579,0.018148680773099,0.000201319403116014,0.0962837805901804,0.164745831318055,0.000125317902629215,0.363212980625055,0.35380106455217
9597,6119,0.0103002636742479,0.00960537491137393,0.000275455683878193,0.0898062825096431,0.347719783176933,0.000243477355458862,0.0688818637106215,0.473167498977844
3259,5397,0.00131120480569563,0.00218111075161294,3.73221758165937e-05,0.264722546610355,0.0687482390605684,0.000276282842201588,0.450152436783454,0.212570856970296
5048,8994,0.000190337480906781,0.00225760071079913,3.14725435657104e-05,0.035338535746656,0.0173049286079381,7.6776012528161e-05,0.821499508380315,0.123300840517292
9390,6958,0.000675309694028828,0.00832098174734114,0.00020351761263672,0.42585912237156,0.0989572769997883,5.47140848052655e-06,0.140575742184002,0.325402577982163
10081,2883,0.00471037678971619,0.0296445997496214,0.00105902553096722,0.228742632599802,0.165627066503387,0.00285840684282748,0.193237002277206,0.374120889706473
5258,2880,0.00121097304503463,0.00534082709351529,9.16002429431251e-05,0.0969541947173307,0.0994896907326093,7.21517963639335e-05,0.511118173454874,0.285722388917329
9596,8757,0.00356938081633967,0.0162365627033937,0.000887665551227913,0.19744081320335,0.0978051884081131,0.000447716307533564,0.290299928822873,0.393312744187169
6081,10553,0.00138801056176523,0.00500682156680914,1.42754660622312e-05,0.431267430755543,0.138618604491753,6.0352871073008e-05,0.136507270054019,0.287137234232975
5530,9354,0.000524101439879035,0.000802083610199301,7.41884177035273e-07,0.397488877904077,0.167622600273876,3.9032668115352e-05,0.0819192286902587,0.351603333529418
6704,4200,0.00306874528110787,0.00857128520128111,0.000219376567145302,0.0821521665715013,0.113530213361487,9.548427714294e-05,0.341596776520249,0.450765952220086
7049,2642,0.00248229068876201,0.0166412158577409,8.16040477516643e-05,0.196261052539508,0.102467099831168,8.34131074200861e-05,0.262823774405628,0.419159549522021
8012,6238,0.00474134053196682,0.00602836766486832,7.38397417632912e-05,0.224267315446722,0.224935666446552,3.1446234151665e-05,0.0927027691307042,0.447219254803272
4844,4559,0.00201093901666784,0.0145967087265023,0.000127259273777868,0.277089334181744,0.112469424061637,0.000337785241140232,0.284782978341068,0.308585571157463
9459,5160,0.000236272327760416,0.000241009314229997,1.00944610873657e-05,0.00594097663904323,0.155325006656601,0.000554578372268387,0.00138499316635045,0.83630706906266
5393,7436,0.000707136193806131,0.00579468136689936,7.72052686749822e-05,0.0885525289499596,0.0524640233664416,0.000451302818276259,0.626885091475026,0.225068030560916
6772,5758,0.00116275497801283,0.00450837405721174,2.63013145017987e-05,0.287128601100304,0.208266980629643,0.000227445698632749,0.176927090535867,0.321752451685826
8081,5879,0.00334588365702084,0.00610372287061572,8.35113565566819e-05,0.0929155887619082,0.259044476431409,3.53752353655627e-05,0.0952909861584063,0.543180455528718
6291,3960,0.00136761406755234,0.0158610817178812,0.000425868140223822,0.102824919059083,0.0929510616036827,4.70467645596981e-05,0.351841507760882,0.434680900886135
7323,6957,0.000939176689620795,0.00777817364248571,0.000160410022923494,0.308478971075382,0.18747816575371,1.19385752566175e-05,0.136198649835759,0.358954514404862
9736,2763,0.005712277556411,0.052575460854954,0.00233667096723417,0.195878396482356,0.151866469145343,0.000330056264136428,0.262866964360841,0.328433704368724
6153,4679,0.000876076236609347,0.00719206862921619,2.56699870870107e-05,0.185988274349817,0.0948047249397017,6.00219569428477e-05,0.372827230314386,0.338225933586239
4292,5757,0.000570002203853483,0.0035306300880007,4.08192978127385e-05,0.078578324960667,0.0596550149030719,0.000852323397199332,0.604994217810074,0.251778667339321
7944,5399,0.00351479315778798,0.00863020414883198,5.16488169572473e-05,0.157358745507326,0.320864382509868,0.000138065224407867,0.117725821110873,0.391716339523948
4637,3480,0.00178554081159745,0.00845786860639558,6.8587946420539e-05,0.109574679138196,0.118762517729692,0.000213868122341959,0.531318868984293,0.229818068661063
3466,4318,0.000155606968430324,0.000841334362408388,5.66966854451804e-07,0.512972006798571,0.193455902733199,2.20507680489744e-06,0.096064615563038,0.196507761530694
6977,8995,2.98933462067627e-05,0.000592283619152479,7.88245272827592e-07,0.59056433494181,0.11451052999102,1.74948508259929e-06,0.0692132252476628,0.225087195123792
4498,7555,0.00322209371004441,0.00804989954575019,4.53616326149492e-05,0.201537270565431,0.184221212998762,0.000850836863000147,0.108656919345073,0.493416405339325
7116,6118,0.00464960211568828,0.00707199114860929,3.65858976954959e-05,0.13034380400029,0.332082844252594,7.46470497357034e-05,0.133970650581381,0.391769874954006
7876,1683,0.000377582800315538,0.00856778937625418,3.10276964453167e-05,0.352165653128415,0.0886506866888614,1.23806714773465e-05,0.292634944134102,0.257559935504129
4910,9234,0.00107591121819741,0.00361070736475092,1.06111093830276e-05,0.128301240184316,0.0597921380626293,7.44676646691422e-05,0.551786355157415,0.255348569238639
8495,5160,0.000847840712375541,0.00305511447560033,5.83092112047318e-05,0.104265992247805,0.288490589566647,7.31699007815828e-06,0.0716557953991369,0.531619041397153
7807,3481,0.00232650270698728,0.00843312747018694,0.000201842781319897,0.00421494716610799,0.0768191376681176,0.00158860939335758,0.667270254851711,0.239145577962212
7943,7317,0.000494645049642224,0.00641278920180318,7.70540779063291e-05,0.313327508037722,0.0694198255492281,5.13313179518207e-06,0.336698275682997,0.273564769268906
7666,8996,2.1584488861268e-05,0.0014840235015375,1.06262991477225e-05,0.00144952365505009,0.00614385868119227,8.77376678572372e-07,0.939760052618754,0.0511294533787783
10146,9716,0.000468448016385411,0.00224393050526895,0.000126922399940098,0.109076460046213,0.108574812817884,2.02812405898692e-05,0.0088890620856943,0.770600082888024
5048,9234,0.0017273650274742,0.00776980618660273,6.15368432266903e-05,0.137982871179949,0.116211944742334,0.00051526411364159,0.412454488943004,0.323276722963768
3191,3119,0.00170063753318438,0.00615532334624997,3.80663438524614e-05,0.23018543409822,0.24798117137803,0.000135035143651548,0.173133956839731,0.340670375317081
6360,3840,0.00271760891714088,0.0133272833735794,0.000241861177092122,0.0751087508627637,0.125532078891521,0.000140745340637989,0.297561561349939,0.485370110087326
8703,1923,0.00224094022575766,0.00887221603869084,0.000176740331475928,0.0684414026890429,0.117997323958407,1.04860505221371e-05,0.338132433340701,0.464128457365402
3742,2160,0.000265786522882105,0.00288386701457637,6.75340691274372e-06,0.280964696767371,0.232284341452846,2.97524787265012e-05,0.0819519043435675,0.401612898013118
9045,8037,0.00137455282172304,0.00771047930684716,0.000283633533829486,0.351264233568724,0.0812648739224763,7.69740588213663e-05,0.125547520414216,0.432477732373363
7321,10074,0.00425134614020803,0.0124287688930159,8.52464017028812e-05,0.31826090712851,0.124111378665583,0.00233877914425522,0.314578576157038,0.223944997469687
8700,9116,0.00223095210286649,0.00948771692416005,8.15529912783336e-05,0.200448487780607,0.113585810587425,0.000430864135198253,0.373325955450095,0.300408660028369
3877,8394,0.000848535490346117,0.000780862193621598,7.74143844663636e-07,0.42050538215815,0.189681062676669,8.7202109571557e-06,0.139071801494951,0.249102861631461
6499,1442,9.57681554362188e-05,0.00384770180266056,5.38699075622809e-05,0.518023779967105,0.0501583916410457,2.04275026852763e-06,0.173727534440825,0.254090911335096
3878,7675,0.00113335253184002,0.00698071460665603,1.87242331363277e-05,0.289323701339118,0.151123763098083,0.000134891288503485,0.0737848935947833,0.47749995930788
4362,2281,0.00091473936325964,0.00153993367572509,3.18228479924389e-05,0.0933178499086011,0.186938424232917,1.20555036361024e-05,0.382515712858059,0.33472946160981
4155,3839,0.000198945234136452,0.00153628568701227,1.09363668459495e-05,0.257697473277161,0.094240507904675,2.54643210262197e-05,0.473735620454194,0.172554766754949
4980,7196,0.00090683551610224,0.0045030367446184,4.83508642434901e-05,0.0422605554258189,0.0632623748588664,0.00040832728857547,0.580740708980222,0.307869810321553
3811,2280,0.000381109367705916,0.00215327493697864,1.07015200879214e-05,0.341320990815456,0.276980436956686,1.81156793293184e-05,0.169468851105157,0.2096665196186
3602,8154,0.000354930992399883,0.0036592275993588,1.056269653986e-05,0.280099661125208,0.215777180652639,3.87418225948541e-05,0.154804691329217,0.345255003782043
4362,3000,0.000296288676046321,0.00210337874449855,1.92825568433609e-05,0.144209880038994,0.0789114071969711,5.3983520101643e-07,0.39976783118052,0.374691391770926
9457,9236,0.00159213261946171,0.0103138813649163,0.00135810331774737,0.17201412905405,0.0908259630188239,0.00122676001844349,0.0364116369016288,0.686257393704928
7668,6118,0.00115017457677172,0.0102801791436813,0.000275201616386528,0.262171800818521,0.21660234950165,5.4172394302911e-05,0.153955531323054,0.355510590625633
6567,2521,0.000418253095719203,0.00776192077715434,5.86259295465323e-05,0.0818208218546385,0.0306933960318288,1.97733690531691e-06,0.688161437603601,0.191083567370606
9048,1803,0.00195343661281117,0.021779058917905,0.00104682763795304,0.152325360293423,0.136149668248898,0.000807613147470225,0.181769368927933,0.504168666213607
4499,4199,0.000183403417913117,0.00128373375450539,4.0853530737427e-06,0.373879200524637,0.0445767540836489,6.68765867588723e-07,0.244238010306135,0.335834143794219
4568,5038,0.000346255798863404,0.00169206179164924,9.67218295959903e-06,0.230459709076545,0.0528532298458816,3.4979429305798e-06,0.458766238611435,0.255869334749736
7256,2522,0.000427533911765136,0.00524904596055721,1.42623362608717e-05,0.357264158217551,0.122938548004958,2.05881799409198e-05,0.186269954426403,0.327815908962564
3191,2879,0.00100866537582181,0.00530475129432844,1.52971453190876e-05,0.193396730458466,0.244838443334898,2.65360510014288e-05,0.150104371358873,0.405305204981292
6566,4919,0.00147190375712352,0.016221526337525,0.000390360445041981,0.157641564685961,0.122387767911748,0.000190966254378436,0.326877879760917,0.374818030847304
9113,9116,0.00734238251958399,0.0517076287226127,0.0264917859914357,0.297253965051947,0.0532357348774333,0.00327437119463412,0.305875798689459,0.254818332952895
6635,4559,0.00119736971114828,0.00647682384981269,0.000155149620001585,0.110250528103876,0.100215538789548,0.000626985608468881,0.321199863018635,0.45987774129851
6979,5878,0.00217127800436865,0.00765111322649055,0.000223552854210667,0.254614148295208,0.170774157077311,3.20490713016754e-05,0.134559079126603,0.429974622344506
3534,5157,0.00247399926918431,0.00892350864466935,1.95743621255413e-05,0.107892632364745,0.0754660763601152,3.59447125026313e-05,0.59390821786065,0.211280046426009
6013,9234,0.00114624452719605,0.00332407908933985,3.66779035897473e-06,0.39479810962764,0.151735064807083,9.00425991481673e-05,0.101343599831666,0.347559191727568
5392,9834,0.000469606587267816,0.00398725066672273,8.87854678217906e-06,0.408806029656114,0.141682940382793,0.000131240947168226,0.115998619201323,0.328915434011829
9666,6479,0.00234690272526645,0.0128880768500227,0.000521478887057508,0.23207008003016,0.169417332710863,0.000230015940946728,0.072294872044145,0.510231240811538
7392,5399,0.00117486959153747,0.00546315578169777,5.77648750017059e-05,0.255717942636697,0.24011083778795,8.77595700523098e-05,0.144726323385335,0.35266134637173
8011,8396,0.000379698119246038,0.0071922433148938,0.000374516696614704,0.412808394657916,0.110447668041712,2.28345863653432e-05,0.0517862363815648,0.416988408201688
8425,7917,0.000678101743650197,0.00583620498909199,9.91876501674505e-05,0.462830421925018,0.0789900072097947,0.000156120928081197,0.166424998775978,0.284984956778219
5946,4799,0.00026908645260338,0.00340579652366045,6.82054882775974e-05,0.0179881814661633,0.0364169549712669,6.83535233176723e-06,0.730933038051857,0.210911901693839
7253,9715,0.0012172805191967,0.00672784994364136,2.33252122635444e-05,0.354594573004126,0.116983423981327,2.78477575419961e-05,0.150422326986081,0.370003372595823
7734,10554,0.0020152803382049,0.0206708363731674,0.00203473516484517,0.33848906931289,0.0763277043340349,0.000122846156050479,0.136388241532442,0.423951286788365
3466,3599,8.93401658253947e-05,0.00289495820589749,2.16969117664728e-05,0.535832259913209,0.163246934279907,4.74992531041688e-06,0.0510419133189406,0.246868147279144
8631,7797,0.000613197670905866,0.00586654984770761,0.00011274941045494,0.471769462253622,0.0768180090747447,6.72506684691029e-05,0.12657460565709,0.318178175417005
8014,2642,0.00226905204683272,0.0118591093959794,0.000246483678190104,0.0860829884364798,0.122475340500454,0.000147812747850343,0.435609224558754,0.34130998863546
9530,2403,0.002551535498827,0.0218652254848511,0.000408177703370128,0.0785845228468233,0.0790560257175841,3.41877568322169e-05,0.555332457553709,0.262167867438004
5324,8275,0.000967754897493619,0.0060576834992596,2.4566598084856e-05,0.13062902497592,0.105257468756264,0.000199975517069414,0.327569881254033,0.429293644501875
7530,6118,0.000878213325271832,0.00572751459778493,0.000244552006758097,0.248894565075451,0.20674515476222,7.07076758672505e-05,0.0920352411543393,0.445404051402308
4843,5278,0.000342806972933175,0.00391387355933818,1.71262619763935e-05,0.0496556683664984,0.0160419529199777,5.73307937877424e-06,0.688792715263231,0.241230123576666
7669,3481,0.00260567028308941,0.0103319484827787,0.000725086062759088,0.0117687568041484,0.118609294819884,0.0139775577752353,0.474988552573803,0.366993133198302
6840,8516,0.000434488666252521,0.00292684229472255,1.09388313218509e-05,0.462041621367994,0.141371014228969,1.29394720029967e-05,0.0731318302519367,0.320070324886801
6634,6957,0.000678493888074425,0.00816111396811543,0.000215782534887922,0.220334549459925,0.119771265794666,4.38552145497106e-05,0.152250903643783,0.498544035495999
8909,3721,0.00288749544055531,0.0050369252556344,5.41728352866067e-05,0.177852236490186,0.289926395759862,0.000488440753818002,0.134908240346658,0.388846093118
5465,2761,0.00057599141000007,0.00537489026954528,1.79684542161033e-05,0.120013895467001,0.0567788848448579,1.36700038714337e-05,0.552104188186362,0.265120511364146
9942,4801,0.00676843018369275,0.0120047162096103,0.000327156909485388,0.00393999399415385,0.350101101962701,7.8368718249896e-05,0.118577129806445,0.508203102215662
7598,6958,0.00311893851376571,0.00994602072773876,0.000166856543653136,0.34823088667478,0.205488748678972,0.000108277515004394,0.0885061005401839,0.344434170805903
3258,5876,0.000948849296627841,0.00343751680273893,4.06612169634581e-05,0.100327104354421,0.0580845207667395,0.000427513124714723,0.44855722231613,0.388176612121665
8700,9356,0.00329426898501909,0.01022361027307,0.000106782683805677,0.323845815747385,0.139719344054496,0.000527760236743918,0.191864624385238,0.330417793634243
5805,10313,0.000197530105109435,0.0023776124648912,1.818223787961e-06,0.59481706294796,0.0851901024484026,6.22361343851786e-06,0.0789934003590519,0.238416249837359
5256,6237,0.000442821417621797,0.00432043050316892,1.13989857229306e-05,0.378179842328768,0.126861948960624,6.22421144191468e-05,0.188524650675473,0.301596665014201
9595,9236,0.000473831615256985,0.0055814415518053,8.54781668193252e-05,0.281004590689202,0.0761044262859883,7.38327994446138e-05,0.182054036559902,0.454622362331582
8563,7437,0.0011027576421292,0.00475678418626167,8.47989326708887e-05,0.377976563970746,0.135517569702192,4.04010542618734e-05,0.0929438942203231,0.387577230291415
6909,8636,0.000271162269408884,0.00136882976153837,2.01724057761051e-06,0.477792593940545,0.141900172986909,5.06919544035419e-06,0.11632603849458,0.262334116111
9939,10076,0.00279797215060607,0.00785306712448964,0.000146448783415681,0.217187391135036,0.190558992348606,0.000890615546289465,0.133260405602097,0.44730510730946
6563,9954,0.000870502089199792,0.00791460920991049,3.66685969871282e-05,0.393149513840352,0.148904026845957,3.71834513595546e-05,0.0981412445942118,0.350946251372021
10011,4441,0.0037247913274534,0.0104708464212271,9.45091722435281e-05,0.0858056925703521,0.326449969049242,0.00239095791564346,0.0784723001298007,0.492590933414038
7875,3841,0.00299563470640108,0.00857840831915402,0.000762352940808765,0.0518882146238032,0.282024660805584,0.000304111992772315,0.143044309245391,0.510402307366085
8355,10195,0.00619243326893888,0.0346162611406124,0.0105658802575751,0.216045800297001,0.102631280992435,5.64924295455902e-05,0.204379677391482,0.425512174222411
5394,6956,0.00249109860158004,0.00601533761958606,3.91009779962251e-05,0.191912009361137,0.17833019088862,0.000162259328195925,0.167327641969005,0.45372236125388
5048,10193,0.00241677644392974,0.00655949143600304,1.96423243742928e-05,0.263176448066525,0.116323071226618,0.000355477198798568,0.260137746552831,0.35101134675092
7738,2882,0.00142170894420882,0.021504863674135,0.000158620387788723,0.164408683178303,0.127990678965744,0.000115639123067952,0.320382440090642,0.36401736563611
10079,6719,0.00344322324245248,0.0292527004514282,0.00202653709961157,0.298503853867482,0.165418530783259,4.77200091067671e-05,0.147070314694488,0.354237119852171
4913,2760,0.00134144976682604,0.0129363726694351,8.70222553994041e-05,0.0524375378367804,0.112037930406632,0.000369349231339131,0.532680395662496,0.288109942171092
9528,5040,0.000224473114107595,0.00065524253644769,5.07231037844556e-06,0.0379154107182077,0.254008964583292,5.01420942459012e-06,0.0184315962685958,0.688754226259546
9460,3961,0.000164181219277899,0.0033071611462884,4.61732715634895e-05,0.207334444569863,0.170186839613849,5.43686453246053e-05,0.00927134579556534,0.609635485738268
9736,3961,0.00481727382452738,0.00860815957448329,0.000343867928362218,0.0842707466414748,0.314164715636497,0.000649361612505945,0.0531390237877527,0.534006850994397
7460,9115,0.00218702750450742,0.0068674816047495,4.274736852385e-05,0.309295332148373,0.129678486330677,0.000258791396803217,0.250512613655477,0.301157519990889
8632,6119,0.00124595031767431,0.0026964776620401,0.000288542745351538,0.0143139760231646,0.233944104194916,1.39184883551608e-05,0.0492634334245285,0.698233597143969
10217,5280,0.00395261300891297,0.00766944610878638,5.81965230939742e-05,0.023377850157368,0.414997569173537,3.70141019429097e-05,0.0676955807747376,0.482211730151621
7528,9235,0.000696878396009641,0.0108047430378792,0.00011178650750315,0.264473683240926,0.119855006817458,5.43458199971501e-05,0.293687530539167,0.310316025641059
5807,6957,0.00138890885432646,0.00686969326747319,3.95442728971222e-05,0.321172001992517,0.141321935539244,0.000306409947067963,0.157880754579726,0.371020751546749
5186,9714,0.00195114153632023,0.00338745347023176,1.52628747236536e-05,0.278619008094158,0.166363875692324,0.000632791228324454,0.0703890125205974,0.478641454583321
4085,5397,0.000747475121774729,0.00553300756783847,6.0588467289081e-05,0.173730243213664,0.0671086207466409,4.4007229059342e-05,0.460795703989973,0.29198035366376
7668,6358,0.00266553615588908,0.0120791660743947,0.000249810723943009,0.159112933624456,0.234134599674262,0.000233941149795598,0.171178446759881,0.420345565837378
8358,3002,0.00346689753058907,0.0173986416602256,0.000849368196308069,0.154031499342478,0.199541039422351,7.32798623411418e-05,0.23317978844294,0.391459485542767
10146,9956,0.00144842138225932,0.00560547575865957,0.000130627480185844,0.245644752919086,0.18621009023582,3.94794999072468e-05,0.106736453370209,0.454184699353874
6220,7676,0.000588998558804179,0.00377148931966724,2.13672790165963e-05,0.162147525893401,0.0912178311577642,6.14398198295246e-05,0.45707511939872,0.285116228572797
4221,9234,0.000394805571653825,0.00227948408533369,3.51480944966544e-06,0.464167930677946,0.143551360483687,6.95196461367896e-06,0.114943113074773,0.274652839332543
9045,7078,0.00058317419414035,0.00481610921138583,0.000249020966317182,0.454650004801079,0.12050359305528,1.3295518779557e-05,0.10274939279545,0.316435409457567
8149,8876,0.00111001228288977,0.0160197185028563,0.000785370612476473,0.370361171098526,0.0889935894327739,9.74184749624901e-05,0.103553036586623,0.419079683008892
8978,2882,0.0067982650920634,0.0263486776449622,0.000519818696783859,0.148682144034348,0.215901968803714,6.86326015670584e-05,0.196298958190819,0.405381534935742
5118,7196,0.00204966046082698,0.00708644288221877,1.80759903716096e-05,0.183162387035481,0.169624113181468,0.000315144664080651,0.153196013795734,0.48454816198982
6636,3121,0.00202667067600679,0.018576359505884,0.000300684169821425,0.119724410252287,0.125161460934273,0.00014710094144699,0.36447417792053,0.369589135599751
6081,9354,0.00213632039795806,0.00524280040510746,1.19175344124609e-05,0.254833363371301,0.145744103885526,0.000148903149483703,0.292493141767491,0.299389449488721
7256,3481,0.000927655602921231,0.00956192647674597,5.20693123139504e-05,0.00722766764924826,0.0681674641040448,4.51957059701059e-05,0.617866577630663,0.296151443518093
4705,6477,0.00145265368426206,0.0064978725848529,1.75150701059846e-05,0.325034627852321,0.128762820145469,8.45793121279748e-05,0.123485075863408,0.414664855487453
5394,6717,0.00179061302214142,0.00734174920722765,6.45159896105426e-05,0.280122896594111,0.151846536986278,0.000431567252822626,0.153376260939263,0.405025860008546
3122,2999,0.00140376412042475,0.00661090168733677,2.8199817526286e-05,0.118577720388213,0.258688916528033,0.000143921403977791,0.188649699010372,0.425896877044116
8772,2762,0.00656046598238172,0.0213380864045319,0.00116461159542482,0.0787242056226597,0.301307816935104,0.000850748137275043,0.192890394008488,0.397163671314135
8493,9715,0.00108456433566508,0.0104159422735601,0.000611988240161377,0.238715328728565,0.100818841532872,0.00077046309550009,0.0457134878620811,0.601869383931596
5325,6837,0.00218716805815424,0.00439331558487651,2.73083669095373e-05,0.28651948830185,0.175952040783266,0.000444389797857196,0.168907015288684,0.361569273818402
5534,1442,0.0013302217395874,0.00989394095938859,3.42537278546895e-05,0.133858154959087,0.106489255056533,0.000162551456350816,0.444675973778359,0.303555648322839
6222,3840,0.00153890367106059,0.0123881722463742,0.000475481421514469,0.0908610127283502,0.0752404033296253,0.000132793198963982,0.46474237145637,0.354620861947742
8081,6358,0.002472475863129,0.00947262379129547,0.000398675734541124,0.293340019537018,0.197349929362054,0.000107389719248284,0.0789126602415147,0.417946225751199
6908,10554,0.000164165848420538,0.000964200522551779,4.21233108295016e-07,0.51411878376672,0.128494203934024,1.55896792006985e-06,0.142916700624786,0.213339965102469
5946,5518,0.0004167259673753,0.00184184246975892,1.78929106111958e-05,0.429454146475584,0.0592298766547957,3.12957721685914e-05,0.195011910777234,0.313996308972472
7945,3241,0.00270696502644864,0.022937961550832,0.00282647759384721,0.0655745218101426,0.149624264579924,0.00279595353573789,0.384589600104822,0.368944255798245
4360,6836,0.00239458448266468,0.0047168321739202,3.00907184738731e-05,0.256147454879626,0.160471950985063,8.9385091507914e-05,0.0879803096938391,0.488169391974906
6771,8156,0.00068784029265329,0.00275565908004814,7.44052362562946e-05,0.297810952986584,0.214341320123329,3.38627233802565e-05,0.0841829165750701,0.400113042982679
5051,3480,0.00059800295855508,0.00526530084700816,0.000143458046516213,0.0941640958216582,0.0880588188652184,3.10536950827335e-05,0.539384130506149,0.272355139259812
3464,8394,0.000275931472832895,0.00145186464183454,3.48050734755231e-06,0.24902012013246,0.244206754608474,7.88960416516563e-06,0.0932665118134621,0.411767447219424
4980,7915,0.000503185806214539,0.00335001752110904,1.80502416219315e-05,0.0819532834969364,0.0434040360910581,8.57975154794424e-05,0.717144705543185,0.153540923784395
3740,7435,0.00243172589222735,0.00400512371408094,1.20286071544229e-05,0.307762174149842,0.163586619604521,4.28507253760515e-05,0.0864632749171005,0.435696202389698
7119,1563,0.000788986185616881,0.00572473438441496,1.04167608277319e-05,0.344865922817447,0.115352344884239,2.6062395626686e-05,0.23818833231995,0.295043200251878
3740,6236,0.000434070405165965,0.00370986308529598,6.03754475495325e-06,0.322284558415584,0.0789069847972305,7.66643913897416e-06,0.200201026997946,0.394449792314884
8699,9835,0.001135107422441,0.0106272208500979,0.000734881532709548,0.116949976508148,0.0561499725030038,0.000581013769133598,0.526412319289153,0.287409508125313
5599,9954,0.000606833729847844,0.00178885514893746,2.11099750881887e-06,0.400445451665678,0.143393285660544,5.61660923428898e-05,0.0856119491685873,0.368095347536554
5050,4918,0.000132603997237234,0.00332335034730655,2.16274194584125e-05,0.0567159948995149,0.028200965879092,3.83509414403275e-07,0.733147081814577,0.178457992133399
5186,8275,0.00159639106385408,0.00576150369299213,3.11436114603741e-05,0.231022918732291,0.166132151862677,0.00035549763845981,0.0915316983988097,0.503568694999456
8703,2403,0.00771687625408668,0.0227481152807234,0.000995041623474693,0.0786196446824118,0.200132099303945,0.000355661352925761,0.174053168670215,0.515379392832218
7805,6838,0.00219194564988546,0.0136279878382811,0.000404550328446527,0.428980832889969,0.148872452769748,3.26060257517128e-05,0.113804806335255,0.292084818162663
9597,5160,0.000242122015132514,0.000340677286156223,1.74204196868638e-05,0.0500369626702454,0.150487926711302,0.000146171112493068,0.00165847066421255,0.797070249120772
4567,6477,0.000739766645445981,0.00650341721382295,5.56826386517642e-05,0.284287448925548,0.162318745758352,0.000266167052329831,0.126377962522722,0.419450809243127
7598,8396,0.000248863351742343,0.00207287812813515,1.38987220012721e-05,0.133422917555689,0.165864179638038,1.27646112814862e-05,0.0555473468615782,0.642817151131534
5255,9594,0.000992774144362677,0.00204249053554836,1.99865518028391e-06,0.3889407769528,0.161937093470997,5.26734102636659e-05,0.0930065758217101,0.353025617009138
9117,1923,0.0011300118512542,0.0117158529767763,0.00132411770609732,0.148490284789749,0.187912405900475,0.000367566637077585,0.225261353910436,0.423798406228135
7598,7917,0.00114863082733723,0.0139963584080738,0.000464788928703075,0.174797292291922,0.171563993519774,1.83761400491783e-05,0.105019534381022,0.532991025503119
8081,5399,0.000538579117992755,0.0022192091514652,3.89199291389248e-05,0.0951542399048447,0.252208451983697,7.29628422798463e-05,0.0463635420521399,0.603404095018442
7530,6358,0.00152080875209054,0.00681875708248316,0.000124041920861205,0.244500916969377,0.180267533021745,9.07645511317661e-06,0.181981266003422,0.384777599794908
8080,7317,0.000999774758361865,0.0105576539360543,0.000180124246465627,0.357075457960206,0.109333212536893,3.31354775851136e-05,0.149743913526523,0.37207672755791
10010,6599,0.00157061331547905,0.0150445124378695,0.00033663656435347,0.222858987484589,0.149987141830889,0.000138289950084077,0.0628842642536886,0.547179554163047
7253,8756,0.000645544433089869,0.00586885571002473,2.98140213525826e-05,0.340415460939084,0.120917540182947,1.75692274924292e-05,0.147723589294757,0.384381626191252
4636,5877,0.00026097075483717,0.00158872752298585,1.63339356682211e-06,0.431217993658289,0.1310475053941,1.77123162611026e-05,0.125491322905983,0.310374134053977
4638,1801,0.00150818509866243,0.00645880399686348,5.1175193370986e-05,0.154516838237486,0.0973396245244126,4.90761331132146e-05,0.42148015067459,0.318596146141501
5876,6597,0.000395642549937496,0.00268877404149731,6.55266859415539e-06,0.336195621074795,0.23718753875786,5.1482548458293e-05,0.142560913654191,0.280913474704667
7532,2282,0.000686496123582079,0.00505952614799471,1.38082273408159e-05,0.347741851066376,0.0888758835982319,5.83035942949219e-06,0.216847486276573,0.340769118200471
7528,9475,0.0050849851901612,0.0146263430851955,0.000321072678136348,0.193423306785415,0.0973620274371342,0.000598323183700517,0.320497378619975,0.368086563020283
9942,5041,0.00424000640641319,0.0110739831983106,0.00034241514113281,0.118079941231278,0.329519888713315,0.0003052403468396,0.0692346132761721,0.467203911686538
9734,7798,0.00274651905506883,0.0104322602825069,0.000201850892315178,0.43343197382142,0.100959693026832,2.02695648095996e-05,0.132362095909111,0.319845337447936
6220,7197,0.00186584136517605,0.00720317100202837,2.81479717637241e-05,0.321108955790465,0.141807105103364,0.000182345886378847,0.237358918585307,0.290445514295518
9457,9955,0.000531864205475571,0.00210201888730816,6.44486435487152e-05,0.232250295382108,0.142446310090653,2.63823790348287e-05,0.0631761347394243,0.559402545672448
8221,1803,0.00225337536357566,0.0132294988004868,0.000138173754679902,0.0345916414323748,0.0922321810790389,6.22554179247372e-05,0.563276461866581,0.294216412285338
3604,4078,5.85414213644378e-05,0.00110779345063961,1.74871886728505e-06,0.515598612073966,0.132444325586911,9.43366982288456e-06,0.0743056497293194,0.27647389534911
8152,1923,0.00175166700958553,0.0182527617254491,5.1663102938877e-05,0.206220812500285,0.124833480059362,9.37488820447182e-05,0.360504212659509,0.288291654060826
4705,5278,0.000268957082972889,0.00340954881548233,3.28472008227081e-05,0.103974763218714,0.0452287305837727,2.99733108612044e-06,0.652247578425053,0.194834577342096
6495,9834,0.00146160720202746,0.00320108278727854,4.8316105067889e-06,0.47582311118949,0.0992042854654156,8.50421236044447e-05,0.155880299218495,0.264339740403182
9597,5400,0.00112329561820227,0.00453226182765719,0.000105618818118944,0.062733001821504,0.403918615885051,6.44322728831595e-05,0.0598181781358542,0.467704595620729
4156,1921,0.000671317821805478,0.00268668756970692,5.86111263426625e-06,0.151791257269145,0.193742342527144,2.04482794114461e-05,0.305060107760027,0.346021977660125
6015,3480,0.000274606652930713,0.00471030234185788,9.7529639290103e-05,0.0795265073828931,0.0243969000127884,1.03504671549437e-05,0.72438518498309,0.166598618519995
5254,9834,0.000968162926468615,0.00300134681598966,7.64869928769787e-06,0.323197528422258,0.145693973044631,0.000200916017431049,0.127268162860257,0.399662261213677
4221,9713,0.00311385438446746,0.00823220807107973,2.9041664372677e-05,0.282906884484367,0.149964828110388,0.000172283949001245,0.114682949921,0.440897949415324
6014,5878,0.000381541918322933,0.00270121212954677,9.31393548523257e-06,0.391509567152199,0.173077259835679,4.53538625268195e-05,0.10044631357402,0.33182943759222
9872,7798,0.0012093501821881,0.0116805351795664,0.000156985450916535,0.26073048695825,0.0906412036333975,0.000281137860960051,0.333709789010209,0.301590511724512
10215,9117,0.00223757683805392,0.00401846917824166,8.9960574152278e-05,0.0774473594839767,0.0584113133476807,0.000325737512120396,0.353431735089958,0.504037847975816
9941,6719,0.0037820891071183,0.0270152856366169,0.00128702793545388,0.25840460732098,0.138326780319612,0.000306991242115613,0.149904001413412,0.420973217024692
9804,5280,0.00268851396556748,0.00188281056496041,2.67413448979163e-05,0.0420880338268753,0.323928474111628,2.42142544067991e-05,0.102561994536844,0.526799217394819
8494,7557,0.00118716620789871,0.0050656547307793,0.000133088637035376,0.463887984958866,0.0896228360195183,5.12887767053454e-05,0.13942240207854,0.300629578590656
6563,10434,9.61458239232178e-05,0.00196814564479863,4.71076026744062e-06,0.536569000109657,0.0638317959844664,7.46998713772774e-06,0.132653361678136,0.264869370011614
5118,6477,0.00182639252692073,0.00452549673674965,9.23841051973916e-06,0.242903717928498,0.118723426370831,7.64844944661582e-05,0.301235162353221,0.330700081178792
7736,7677,0.00098218113147855,0.0100930637119816,0.000107657813118164,0.301448289313812,0.0910722252468808,4.56249785657523e-05,0.227636402220486,0.368614555583677
5670,4319,0.000177781884586485,0.00377692606316534,7.248396820913e-05,0.190239363272065,0.0465835046336537,3.35482797171209e-06,0.542242040461451,0.216904544888898
8978,3362,0.00431260170567412,0.00913257027865839,0.000271799452707445,0.120132759228456,0.205972001796093,0.00049533327516024,0.139516072185159,0.520166862078092
8426,5280,0.00109267845739474,0.00444892823026815,0.000163197336433279,0.0517100849019807,0.337075372182536,0.000229666123751098,0.158097700122315,0.447182372645321
5808,5758,0.00199724131372015,0.00717428940640174,6.37081533563734e-05,0.33443568805863,0.203144765957522,0.00017716045842678,0.187798125246193,0.265209021405749
6701,9954,0.00202423690727343,0.00613917368696452,1.27647136384244e-05,0.410545978781676,0.151876023645925,9.13228038423274e-05,0.105433021582031,0.323877477878649
2915,4078,2.18168472931055e-06,3.40251727082333e-05,1.21701355108965e-07,5.91800354606096e-05,0.00103471796153688,1.27318550986942e-07,0.982313925662017,0.0165557204636419
9871,8757,0.00754032285573489,0.0747992348627045,0.017534241627912,0.239357799196542,0.0984160926727401,0.00125519788259194,0.227374017009561,0.333723093892213
4223,6117,0.00217534432829389,0.00415356922882203,2.86104363776285e-05,0.113494695188545,0.0991771984209028,0.000153538795524192,0.398664532399403,0.382152511202132
5739,4439,0.000327142877748428,0.00232917805207699,2.8196334510548e-05,0.132963731932163,0.0463800553527231,1.79460250746232e-05,0.536723645079634,0.281230104346069
8768,9715,0.00133038668756666,0.0168648885016029,0.000324722644534876,0.248340791378765,0.0745393639894779,0.0020995621769556,0.309730332811534,0.346769951809564
7323,6238,0.00197978259080689,0.0104318590422708,0.000244280031778613,0.271223486182214,0.195033676413323,9.28929551879014e-05,0.150575567218676,0.370418455565742
6359,5039,0.00115340947702955,0.00625264238645785,6.05387379977685e-05,0.207835614874145,0.127984636330449,2.34285774842495e-05,0.297704432847227,0.358985296769209
5258,1442,0.00147728800060248,0.0168950797360042,6.01500808383854e-05,0.184492110245969,0.138145212801443,0.000314015752636079,0.354883772646684,0.303732370735823
7874,6478,0.00180518635885487,0.00624330793205951,0.000109639646276048,0.289596587420129,0.198810535991119,4.8057712217739e-05,0.114472270524125,0.38891441441522
4569,2880,0.00116998902594749,0.0102453711712059,0.000238049906037397,0.154529312269148,0.0677958815743476,0.000461118415771131,0.533048011342558,0.232512266294984
8631,8996,0.00222250712973452,0.01320885304306,0.000125650404793257,0.326884588273031,0.129148530786648,0.000712701207344383,0.227825037093342,0.299872132062047
6427,7796,0.00108068645201643,0.0063244339694391,7.59282225187617e-05,0.196268226585688,0.178374441559315,0.0001181565579623,0.209117381337248,0.408640745315812
4979,9354,0.00345075829056098,0.00376947484161558,2.30305401678632e-05,0.24272773590278,0.129182268347639,0.00153642779368227,0.155598691091376,0.463711613192178
4842,7915,0.00127703722621249,0.00219256313795209,3.05312777514563e-06,0.286376720306543,0.146768333684045,0.000257042292528217,0.0850546841313079,0.478070566093636
3191,3599,0.000449597982058982,0.00261016296804254,1.9182734822262e-06,0.341928053866032,0.195657543583122,1.13458589579627e-05,0.140946371778538,0.318395005689766
5534,2641,0.00127249827965562,0.0181307814560961,0.00026119305307991,0.0613360691572726,0.09644237070109,1.04215081769004e-05,0.512001188587045,0.310545477257584
5737,8995,0.00145618201587863,0.00324560393816453,5.8475565832905e-06,0.371840923354226,0.115829295268226,0.000252774159939135,0.148025326700011,0.359344047006972
8426,4800,0.00331754142650969,0.00294851176415348,0.000122058195380602,0.0565337350943585,0.350643769689211,2.09114794388121e-05,0.0951202383939804,0.491293233956967
9047,3482,0.00654179911877227,0.0139850268361752,0.00025433132832441,0.112018831618878,0.246084169506337,0.00144625793454871,0.203465345775012,0.416204237881953
5806,10074,0.000146610797242258,0.0017106876482678,2.36634158940515e-06,0.602166709006108,0.0964136845213872,6.33798993548412e-06,0.0638864141963006,0.235667189499169
9461,2763,0.00603868881647001,0.0554263491733241,0.00429207595271798,0.181690604907667,0.157485763002938,9.88585391809031e-05,0.223463573803913,0.371504085803789
7459,10314,0.00139987088947262,0.0111507034876787,0.000332222117416049,0.142716030214349,0.0516454448306387,6.43984498425726e-05,0.620747326199017,0.171944003811585
5048,9953,0.00130719876116485,0.00282593753120056,8.26913319692837e-06,0.289976030934355,0.169352668687173,7.93612392438407e-05,0.0611807045248068,0.475269829188859
3466,4798,0.000243211477892621,0.00273576801708959,1.2297202251971e-05,0.359570360513773,0.0994329120569529,4.77205950524587e-06,0.182881530462609,0.355119148209926
4910,8994,0.000431697547137297,0.00294280451382705,1.02571197282762e-05,0.230556175990906,0.102827903740222,0.000100641875127704,0.306406602211652,0.356723917001401
6494,10314,0.000323166510680903,0.00196492520818717,4.10963078979764e-06,0.432297919747596,0.114497337010855,1.68145668766291e-05,0.132148379696668,0.318747347628347
7185,5998,0.00385726698413233,0.00473151724056848,9.29079151588784e-06,0.251427244609681,0.304031479205688,1.85099773137571e-05,0.108268118397029,0.327656572794072
4084,8035,0.000612034688503711,0.00386124808950785,3.96735543262771e-06,0.390585576017285,0.107045845560919,0.00011102348172232,0.268309153368752,0.229471151437879
9322,5400,0.00076502760095588,0.00100912697209154,3.21225287554722e-05,0.010505858213457,0.261083933638972,2.0622325089988e-05,0.00611933209151178,0.720463976629166
9664,8637,0.00816140863141328,0.0584442517162769,0.0124817078304853,0.211663050276253,0.0667330639382017,0.000260658531882644,0.300063882057442,0.342191977018045
4361,4678,0.00118948526113873,0.0107122502472542,0.000166645838753059,0.330658014993615,0.0875962628998606,2.61107205902581e-05,0.322563699776541,0.247087530262247
4706,4319,0.000137498299413871,0.00171840802581048,1.31047176335076e-05,0.387426543945534,0.0436359224934569,3.0609074882006e-06,0.219072295626705,0.347993165983958
9735,4921,0.000944509117736083,0.00222656573100141,3.84940710190619e-05,0.0723721118508375,0.268643001462091,0.000128553257409,0.028514397667043,0.627132366842863
5738,6597,0.000248902155912009,0.00169911152386412,7.44551046523435e-06,0.323403367207382,0.288279306328327,9.3842038559333e-06,0.0457971583612251,0.340555324708969
4845,1921,0.000402658695502648,0.00315793254509691,7.57824272086864e-05,0.162695693592051,0.132823275810252,1.43711165258162e-05,0.254528182974956,0.446302102838407
3672,5637,0.00232334986805419,0.012781410132517,0.000128847782359424,0.309760060961707,0.113932637489069,8.07562302612404e-05,0.302759080678828,0.258233856857204
10218,3123,0.000772821201573717,0.000429163085030674,5.71534520436125e-06,0.0384963692992276,0.171836355728812,5.21884238672816e-05,0.0157752328980232,0.772632154018261
4083,9234,0.000386748595424368,0.00246639502924955,9.66274641806742e-06,0.428649245747042,0.140864569886474,8.4904578878761e-05,0.0618013097084325,0.36573716370808
5737,8275,0.00205953721341422,0.00623590955208938,1.1795991612771e-05,0.363233112030013,0.139557138492833,0.00118946172215703,0.166096631299585,0.321616413698296
7184,8875,7.90429910644341e-05,0.0019379598676729,1.15579636642862e-05,0.54374928994705,0.0878445458485133,3.82469159948624e-06,0.058164583155915,0.30820919553452
9045,6838,0.00268509902757799,0.0146515843932306,0.000263081942651612,0.471841994753415,0.0919236941782143,6.4479661965313e-05,0.119430165024238,0.299139901018708
8907,8277,0.00129983413060151,0.00290758646459333,3.4133033452729e-05,0.333518939228165,0.11184057699594,4.85441210764319e-05,0.105170211718676,0.445180174307495
3603,5517,0.000298023154516599,0.00435647407666301,3.0458074593395e-05,0.182663096809557,0.0865801916063773,9.19030306951053e-05,0.337682811141692,0.388297042105905
9048,2043,0.0111968065769487,0.0461026258556148,0.00362873688672851,0.0698016739410298,0.178006459776866,0.000384063741964203,0.193675382901852,0.497204250318996
5118,6956,0.0016758992313224,0.00543336409568393,2.00410686773431e-05,0.289128758810183,0.203192322283256,4.04881332920669e-05,0.15414435095167,0.346364775425915
4566,7915,0.00336229479627875,0.00788016171938276,5.84264543881466e-05,0.227799567259172,0.167049506283181,0.00115035235913197,0.107790586335266,0.484909104793199
4014,10073,0.00141900697470658,0.00278273793696143,3.24533442758697e-06,0.305843035040672,0.155416395144092,5.51490054929527e-05,0.143949323234821,0.390531107328827
8907,7797,0.000609350457248863,0.00633398645440994,0.000162216061695927,0.472184822951084,0.069191922857176,5.70903166362705e-05,0.110745787460838,0.340714823440911
8633,3481,0.00491162762618397,0.0143017175847722,0.000718034525182834,0.0715895699388814,0.270920156732244,0.000488440787472002,0.142146308309081,0.494924144496183
6773,3840,0.00249254603378831,0.0136960293010649,0.000118278712733541,0.102118270032575,0.159748095245194,5.11567241801714e-05,0.207155644657609,0.514619979292854
7666,9715,0.00315184452947085,0.0106924478667683,0.000100575753485215,0.147855205111282,0.0741172376980972,0.000639326890948047,0.608288829140924,0.155154533009025
4980,7436,0.00337276698483271,0.0068716259564347,2.80890603996348e-05,0.15055569181677,0.169061529693108,0.000360649791070406,0.18040167328909,0.489347973408295
8082,4680,0.0070077937281969,0.0201930912906506,0.00223610691518633,0.137387074448361,0.259014559311748,0.000810529427195818,0.118170819003048,0.455180025875613
5602,3480,0.000177080647840379,0.00123422701999427,1.52977474451035e-05,0.00276266744645788,0.0125250445275423,1.78788079033084e-06,0.818272083641598,0.165011811088332
3535,4438,0.000206095173713618,0.00191133195706346,5.93724901173896e-06,0.509817120474021,0.146547044798113,1.74603223758959e-05,0.139798821644387,0.201696188381314
9389,8876,0.00165646828164769,0.0306742283267531,0.00646961331422644,0.3233118690907,0.109296703779689,1.23874880579019e-05,0.179051280538951,0.349527449179975
4569,2640,2.15950379317896e-05,0.000636041389010817,4.55875818964392e-06,0.264123385133101,0.0686173502463924,1.27671139567766e-05,0.289267770104864,0.377316532216554
9803,6479,0.00343756712065987,0.0227679649936798,0.00134431308023373,0.175878530606462,0.205635169933507,0.000505745804338186,0.11213672254716,0.478293985913959
9598,3482,0.00663578891604319,0.015215904031125,0.000965574399246086,0.113113772330404,0.176811366315904,0.000595497280792886,0.075318622216915,0.611343474509569
7945,1563,0.00157904719771964,0.0168785090464305,2.72740774040445e-05,0.241466174364473,0.12177750929248,1.35797410069386e-05,0.249894354281585,0.368363551998901
5738,6357,0.000662725007696583,0.00528961253904193,5.06560757248025e-05,0.262969031257812,0.251998563782592,7.40860236941417e-05,0.104100883044663,0.374854442268776
8837,9595,0.00473357906537868,0.0166062172950626,0.000987935787173304,0.358757283310976,0.101676901978145,0.00156003136399883,0.155623370623811,0.360054680575454
4223,5158,0.000417425747881515,0.00297186634928089,3.33447558648156e-05,0.191999573339552,0.0328519581798034,5.09948808243351e-05,0.483110828760007,0.288564007986786
7459,10074,0.000889016301699684,0.00623305459157971,8.94427820258815e-05,0.242309598394003,0.0896953768070173,0.000202283477860572,0.354671938827773,0.305909288818041
8630,9955,0.000688120915251728,0.00885482546127636,0.000260523831801786,0.188095200836641,0.0811093444189557,3.77129497570142e-05,0.345130389493656,0.375823882092661
8218,8516,0.000675204617612813,0.00527472890601443,0.000125637920495751,0.300949238615673,0.103250406912664,6.5723072709589e-05,0.0447625364766763,0.544896523478154
6496,6238,0.00177761085606629,0.0048346232794347,2.90014983251899e-05,0.0968834912564819,0.167323262928404,0.000128247333150829,0.342750361188599,0.386273401659538
6152,6118,4.84784600794551e-05,0.000986399820536241,9.91487639518044e-06,0.0232803569028045,0.0565681685877689,8.85094736362642e-06,0.579415792781097,0.339682037623956
6564,8515,6.91091986156776e-05,0.00109772142380159,1.24769119343069e-06,0.51959484861494,0.156572796722908,6.20715929632458e-06,0.0417234743641856,0.280934594825059
8080,8037,0.000823481625400927,0.00993994187409799,0.000531159021958375,0.506009137049857,0.0780577120279066,2.32516195603852e-05,0.0486003372171128,0.356014979564106
5876,7316,0.000692697587865503,0.00254995817529083,4.82518550685527e-06,0.446818896826617,0.125008387175839,2.75181126842564e-05,0.0924745773253263,0.33242313961087
6843,2761,0.00256664256404783,0.0222772154842487,9.15904875160793e-05,0.229521930838935,0.11214428304247,8.451742910547e-05,0.301720345521207,0.331593474632469
4841,9594,0.000821163154664494,0.0026206216355155,3.96333276634641e-06,0.266367120906765,0.159730746285209,0.00011838425600064,0.118005603076436,0.452332397352643
8768,9476,0.00133068152853848,0.0120818329165833,0.000169334609328833,0.361556626728707,0.140068253377564,0.000229802247831846,0.111741745067928,0.372821723523518
9046,5400,0.00225707253015797,0.00467627640380323,1.42247692626441e-05,0.0571061103792204,0.347788633963755,3.36932557670788e-05,0.0943933381784981,0.493730650519536
4705,6716,0.00088080936437147,0.00287854102576835,3.20715122418639e-06,0.427719611392363,0.149553646551706,8.20147375101374e-05,0.109792420836372,0.309089748940685
6289,8515,0.000236234702848727,0.00194812275973159,3.40816473467305e-06,0.469683998327767,0.100437310013901,9.28730268497375e-06,0.157076890891948,0.270604747836384
7116,7557,0.000472922407357739,0.00412629358185433,4.91859612754089e-05,0.203540055614389,0.209048409065707,3.65764810800178e-05,0.0506502085834802,0.532076348304857
6633,8396,0.00021088632102733,0.00269776779733888,6.93310490608025e-06,0.484675618526829,0.136243857420683,9.42486966681016e-06,0.0771861104669155,0.298969401492634
6222,3360,0.000436394475670593,0.00382058725950948,8.22195824984886e-05,0.235824064038242,0.04973556965786,1.76575331141853e-05,0.442921683277528,0.267161824175577
5806,8635,0.00114626145693449,0.00245438442556356,7.41071990752459e-06,0.440526813906688,0.131075589034394,0.000573186631218659,0.229250990209721,0.194965363615573
4359,9234,0.000378725360929386,0.00225511623369862,7.80902507339348e-06,0.566745130864534,0.07885020240315,5.93430057648395e-05,0.107142691500372,0.244560981606477
3879,4798,0.000423705869171564,0.0127217672058295,0.000421708876387073,0.266185762789882,0.0633136964035669,2.32803859357151e-06,0.327782109961155,0.329148920855415
4360,7316,0.00333208362356967,0.00964317320051208,3.81021508044882e-05,0.23734499039145,0.160760336185656,0.000391470425182001,0.0750442654891515,0.513445578533674
6015,5159,0.00126596739303943,0.00562359581217821,9.05716716030593e-05,0.419651928827946,0.0815184109398006,0.000130007022476164,0.229302919629936,0.262416598703021
6083,6957,0.0010087387746855,0.00470026601940837,9.91487706696771e-06,0.425014589271954,0.137488485835136,0.000202535660302859,0.0906414871475837,0.340933982413862
5050,5638,0.00233200156240779,0.00527740037089915,2.65953999361357e-05,0.158274613145389,0.19386974408205,5.99525329048215e-05,0.149802527047774,0.490357165858639
4774,5637,0.000201511076694177,0.00276846726150147,1.60307269766718e-05,0.454896510652817,0.0902597839429468,2.17017585018691e-05,0.162468103597404,0.289367890983158
5876,6357,0.000855280084247664,0.00550055082168502,3.40227396559656e-05,0.286072247590264,0.158508961538123,0.000146902366465364,0.229306933937393,0.319575100922166
6359,6238,0.000929647231453426,0.00468110895498572,7.35627903691116e-05,0.204881233585576,0.149376257887717,7.50978026022724e-05,0.322568039861217,0.31741505188608
4704,8155,0.000999227031799709,0.00237428307691382,4.32636969437833e-06,0.294881715681557,0.158673299710958,0.000166628315457957,0.0816894827719481,0.461211037041672
6427,8036,0.000822386540712031,0.00367163672678024,1.00435746493779e-05,0.217013241888088,0.256494018638701,8.00085284138211e-05,0.10820988221632,0.413698781886336
9528,5520,0.00112056924757284,0.00240324955962131,1.10360306732021e-05,0.0166588258299798,0.370279291634707,2.01955686030109e-05,0.0251759367790348,0.584330895349808
5599,10193,0.000916661847678882,0.00250244269601246,1.5049389077405e-05,0.387217621676446,0.158288626553761,0.000100610397292101,0.0665734584209813,0.384385529018751
10147,8757,0.000187027924938442,0.00282288563163934,0.000141800278332081,0.00154475166927382,0.00502168855404406,3.29945851387483e-05,0.87622110561711,0.114027745739523
7390,9715,0.00163699868706865,0.00650499347676779,5.28906840202339e-05,0.338857994899944,0.108149988541197,0.000133663824566478,0.237803533130018,0.306859936756418
8082,3961,0.00680068918259798,0.0149860665752327,0.000391494668382937,0.0354949396966324,0.387591548751447,0.000405770422194299,0.204392202469536,0.349937288233977
8424,10075,0.0065523176811986,0.032005668213528,0.00310277335902967,0.220537784363387,0.085053533026152,0.0025844845331115,0.391042053862188,0.259121384961405
9458,8996,0.00407927222219053,0.0133205226112419,0.000190921986133368,0.235293039871224,0.126724186517475,0.000110189446679973,0.138028671262777,0.482253196082278
5255,8874,0.00245549474206444,0.00530062007666937,2.84010449285897e-05,0.175680286745355,0.102594567079375,0.00119167182911302,0.352396927806394,0.360352030676099
7942,9715,0.00451023572181658,0.0266277013112146,0.000916513788556772,0.229639398191771,0.152803473052733,0.000939698479604425,0.2751627586924,0.309400220761904
4567,6237,0.00184771618417587,0.00391907924779346,6.85536595048234e-06,0.36998807490187,0.152098037119006,3.60177367437315e-05,0.110112901258434,0.361991318186027
5600,8275,0.00178725638776015,0.00591089829246013,1.75145979319464e-05,0.302281712802293,0.146096231907114,0.000332061658153535,0.0959376745203864,0.447636649833901
4841,9114,0.00185504717261502,0.00346075924372224,1.30091533038908e-05,0.293376915129494,0.139062411314831,0.00038740943628956,0.166825639447469,0.395018809102275
3465,5757,0.0022853248039643,0.00505780297429525,0.000127697095682907,0.14042922198552,0.111444410366357,6.8782736452021e-05,0.326345925450012,0.414240834587716
8286,10075,0.00134712562426729,0.0123959153597458,0.00133709560301706,0.321423982831007,0.106923932912632,0.000110206616845201,0.0830262875130733,0.473435453539412
7944,3961,0.0037138990948292,0.0129393038136467,0.000261364628470817,0.0385331720242171,0.431779206697175,5.51886300057782e-05,0.113395644802212,0.399322220309443
5531,8395,0.00162567099244104,0.00455962876782466,2.20785470157943e-05,0.26007030754143,0.146345282716605,0.000380918135743191,0.094242330060542,0.492753783238398
5393,8155,0.00352630414868098,0.0090608119449481,6.83258509228699e-05,0.165637636376873,0.122209523912914,0.000443083200081922,0.309605021728849,0.38944929283673
5874,10673,0.000342718206621166,0.00117638255978462,1.26644756053174e-06,0.449252390114879,0.145289827050771,1.80928198835181e-05,0.0796790530108622,0.324240269789638
4085,5637,0.000606368576788293,0.00509320453508346,1.5956662494468e-05,0.100766276153348,0.0609563892867599,6.28816828526526e-06,0.57374185829403,0.258813658323211
9802,9356,0.000667004077442387,0.000615341163623238,5.59335445196214e-06,0.0874009544153441,0.12039757349172,1.9243822394401e-05,0.00382522741914482,0.787069062255879
8357,5879,0.00247648305849045,0.00678536969786927,0.000196045332029884,0.0906416382076532,0.290312700387005,0.00144654809596237,0.0755911647816727,0.532550050439317
8977,5040,0.000441831824938271,0.000347147148056241,6.3886730494479e-06,0.00484894624504484,0.15595116067728,1.87648169092229e-05,0.00257631704897531,0.835809443565747
3671,7075,0.00235469791655126,0.00644293044553433,1.31550250188325e-05,0.218429353577781,0.168020450457001,0.000347180282899446,0.210899566264696,0.393492666030518
7807,2042,0.00296416403853151,0.00997826341712279,7.17244813168098e-05,0.207976696719003,0.144758574953052,0.00014232791521012,0.284009027041434,0.350099221434329
7944,5159,0.00828104415448786,0.0124764524775352,8.75267103809079e-05,0.0674389354500268,0.327646152184751,9.51171111585906e-05,0.149723943273878,0.434250828637782
9251,8876,0.000982714109621476,0.0203768486720436,0.00313897272658944,0.128314893485896,0.0404913312044046,0.000308104881223294,0.640628279661037,0.165758855259185
7600,2642,0.000984524061401946,0.00923733578014712,3.03434279945526e-05,0.336698425085358,0.118371675677088,3.38193147343601e-05,0.257855337717943,0.276788538935333
7391,8995,0.000556513049312857,0.00544299954038925,1.55377406970952e-05,0.382254249804877,0.123689408137243,2.86473150771066e-05,0.160705901777531,0.327306742634872
8564,5280,0.00115791541039234,0.00249916649294554,2.14490775903366e-05,0.0606656597640114,0.358294660799771,4.30669801897114e-05,0.0490946074940276,0.528223473981072
9528,5999,0.00279956621296952,0.00369505230622868,0.000372117137152383,0.0241548051138145,0.296964567009556,6.70284945131448e-05,0.0519247243039329,0.620022139421833
4154,6716,0.00275486303455164,0.00750747817053858,5.19680913123719e-05,0.180825662140118,0.161113297991512,7.74082766139218e-05,0.217408312752363,0.430261009542991
6839,10194,0.000528464457351529,0.00171369531449826,1.81218295767284e-06,0.41920002506704,0.165673691880409,1.4723578261631e-05,0.0694570282752856,0.343410559244196
8976,7917,0.00097802195633818,0.0068825188174991,0.000167131066700505,0.470925402797092,0.0861243966186922,5.68249513348109e-05,0.134739430032246,0.300126273760097
6152,4919,0.00135221552187524,0.00526724713675823,7.51585053639883e-05,0.240516645072742,0.0946999735645768,7.08856395300548e-05,0.321865733283423,0.336152141275731
6014,7316,0.000703743783197006,0.00267818405882327,5.47986313865198e-06,0.393886631110854,0.12276589015932,7.78157094427187e-05,0.104544387640252,0.375337867674972
7325,2642,0.000970861782361151,0.00872718774225026,4.56205097640556e-05,0.145666436511705,0.0596513971509798,5.00290794544697e-05,0.528937475137856,0.255950992085629
9044,8517,0.00445959349744615,0.0216187326523388,0.00159334698017158,0.223197066197649,0.131255263827056,0.000112377456837668,0.256249415071134,0.361514204317367
5048,9714,0.00239507173935193,0.00635389247636258,5.70501143763966e-06,0.359814480874413,0.151393106012663,0.000125807093440649,0.100945251487939,0.378966685304392
3741,5277,0.000352353728728679,0.0124598762423062,0.000457008541098913,0.214195164147226,0.113270473602362,3.11907550997304e-06,0.303696783391635,0.355565221271133
4155,4079,0.000244685197382578,0.00274528594110509,8.64314886414636e-06,0.250841750908532,0.136860437083444,2.40833015053537e-05,0.268716478836223,0.340558635582944
8768,10195,0.0248076191938117,0.0269880974489886,0.00766910570937878,0.168260277392675,0.080405127918951,0.0024160934818159,0.460164548724932,0.229289130129447
9113,9356,0.00443603631454348,0.0182097073505745,0.00144493805415872,0.282498225566431,0.120739586354574,0.000447856174805217,0.174555397166226,0.397668253018687
8494,6598,0.0034938275974797,0.021110095978065,0.000669227078414167,0.25010698014052,0.158938372145846,9.06602678879148e-05,0.230456214396105,0.335134622395681
8219,5399,0.000575864940000348,0.00374374219008715,9.74352574581112e-05,0.269807364859181,0.266026720135559,2.3776321072236e-05,0.0751086699075566,0.384616426389086
9872,6839,0.00204887727590915,0.0190830047375281,0.00138455077659951,0.356322431056147,0.130664955193475,0.000105993981152427,0.172147320232885,0.318242866746304
7667,7797,0.00105169951136764,0.0103139992957012,0.00020209432748198,0.206434896059251,0.158482630538494,4.05110778049974e-05,0.182319454818143,0.441154714371755
7048,5998,0.00263622659377201,0.00730174700247297,4.93195698894377e-05,0.190103419717747,0.282845285496423,5.7345627431298e-06,0.111379346707327,0.405678920349625
6290,4919,0.000828706349440125,0.00410823051824086,1.77513633004865e-05,0.287167048663578,0.105263782723051,2.50582816359111e-05,0.197036954200438,0.405552467900315
5876,7556,0.0014575520025018,0.00496901205549425,1.49713096997204e-05,0.290344819944168,0.156886991621063,0.000351946134190366,0.0890008973925797,0.456973809540303
5668,8635,0.000908796744770367,0.00344691093698568,5.08139440531474e-06,0.397578125707977,0.131684242444822,5.89918482040909e-05,0.118603487315629,0.347714363607207
6358,7436,0.00166710558726119,0.00267193459000209,1.26192251798924e-05,0.224973782959923,0.198447221062748,0.000105480507904731,0.223956235795286,0.348165620271694
8359,2043,0.00144670652446087,0.0213803684864958,0.000108741581036201,0.167684133195998,0.113402104468616,0.000104066744517931,0.42290969405237,0.272964184946505
7183,10554,0.000126986160119689,0.00101798574965179,2.08839592414991e-06,0.481762298330367,0.115048616298404,2.29322561564309e-06,0.105984876538628,0.29605485530129
8220,4201,0.0020271898932897,0.00576273226926319,9.59733215502544e-05,0.0882178743984466,0.29966617458676,0.000115127393503882,0.104324532954184,0.499790395183002
9940,9356,0.00061075052049589,0.00395318435765517,2.16120679632657e-05,0.150873538873923,0.109868045525546,8.56585427421311e-05,0.169225638971542,0.565361571140133
9182,9236,0.00831469680937984,0.054696536766785,0.0137151757710191,0.272406743156079,0.0722261016534099,0.000450610072212925,0.158443657276234,0.41974647849488
8977,5759,0.0028741986541949,0.0064117252469233,9.38353261961516e-05,0.113453596247986,0.337892365430771,0.000155606398454453,0.0557737667706255,0.483344905924849
6084,4080,0.00315076356631173,0.0167972128254062,0.000747613609372878,0.172296422703674,0.0989442458330772,5.49256230462648e-05,0.363173370157826,0.344835445681286
3948,4918,0.000397892268030903,0.00554716338385699,6.44346978052508e-05,0.229019024581774,0.101670636269525,0.000101122996232702,0.357431369453567,0.305768356349208
9253,5280,0.000429902672066158,0.000638184121990346,3.97776796100924e-06,0.00791060300106095,0.276572238143252,1.69949923437497e-05,0.00391811829703939,0.710509981004286
7804,8756,0.00164621294313525,0.00371912698485456,1.37777260016524e-05,0.342296552217336,0.125434493028677,0.000132778975620017,0.13128442641566,0.395472631708716
4637,4918,0.000204907504434557,0.00387708864171179,1.29868981791333e-05,0.0921736615800929,0.0255551803585503,8.29433095224145e-06,0.76062000527899,0.117547875407089
8288,6239,0.00118085595159681,0.0145478325436903,0.00172331120594532,0.24377271514477,0.195071373938857,4.26933039293039e-05,0.036807532948998,0.506853684962213
6495,8635,6.93315598532853e-05,0.000279357092406634,1.13695250694251e-07,0.52417218735956,0.193554385684305,7.21559167467387e-07,0.0440372935137156,0.237886609535741
6979,5639,0.00112170550973769,0.00528145120123661,1.14367587501287e-05,0.434675805313146,0.160945758095424,3.71601566472139e-05,0.152934337349474,0.244992345615584
6632,10074,0.000670839189566187,0.00253421784249908,9.20320991722933e-06,0.415147240424597,0.120440966939566,3.45536453910575e-05,0.134852062053265,0.326310916695198
3810,3959,1.22238490687227e-05,0.000419276724262167,8.02275841254164e-07,0.298209538530138,0.314683544058233,6.38158283364775e-06,0.0642257763546662,0.322442456624957
5324,8755,0.00241237020767437,0.00337483851347365,1.37433518980658e-05,0.191261380247117,0.135048195076342,0.000278895075987364,0.284603666690808,0.3830069108367
5668,9354,0.000224545210844762,0.00102741473766674,1.93283598683672e-06,0.499532250707606,0.201156315084832,4.84756204814406e-06,0.0804894978123993,0.217563196048616
6014,6118,0.0007488670943831,0.00614717525631718,1.24827924484358e-05,0.243309871179296,0.203442011774421,3.49160731529231e-05,0.197911324212856,0.348393351617126
3260,3239,0.00164882928336825,0.00864504165498379,2.01384244892077e-05,0.230051609458387,0.276578800777613,5.47511283700369e-05,0.164583367307318,0.318417461965471
4083,9713,0.00123465638230374,0.0014939666297203,3.06416723004098e-06,0.300249201664375,0.164307371166524,0.000108810650112155,0.08254048134782,0.450062447991915
8976,7198,0.000415834093335891,0.00721446626464564,0.00033559238986949,0.526209667408762,0.0691787610993387,3.14169447235037e-05,0.0872850406060846,0.30932922119324
4705,6237,0.000558570472951437,0.00345638969950475,4.80838031751058e-06,0.412627167564018,0.138544229506025,9.02923420578275e-05,0.117668534821205,0.32705000721392
4841,10073,0.00148570259046451,0.00209470044227917,4.4361816246425e-06,0.36990571590148,0.146828049147842,9.22179004559128e-05,0.0722198875681351,0.407369290267719
5946,5278,0.000321592525396605,0.00202084595492707,1.20966770237113e-05,0.46592951759335,0.0672142681530385,2.60495548885927e-05,0.189886571043884,0.274589058497491
8083,1803,0.00049403051006393,0.00951137920317088,9.40001673692724e-05,0.0360338062832424,0.0525724160907023,1.28562637237403e-05,0.613841547646824,0.287439963834904
3673,3959,6.80785995980143e-05,0.000578892386448768,4.6990872358357e-07,0.403346296109382,0.297430343737913,2.21945967999835e-06,0.0478523847191218,0.250721315079133
8014,2882,0.00310454814892842,0.022261358163213,0.00109382492459547,0.1163359960552,0.113556972334914,0.00109064266227269,0.400925254855733,0.341631402855144
6291,3001,0.000188322494073797,0.00209001988804859,2.43280824835216e-05,0.312281687785148,0.0504646074754762,8.79108911315907e-06,0.383248113088768,0.251694130096889
7046,8636,0.000338153294950813,0.00259543691633794,1.24662233148063e-05,0.441165682114607,0.140518093292469,1.05743439281532e-05,0.051113413717423,0.36424618009697
3604,3839,0.000148893818131062,0.00173081165885407,4.27330146073593e-06,0.371023181682391,0.254910012770674,8.8025483094788e-06,0.124004541406609,0.24816948281357
5530,9114,0.000831438621719793,0.00249527281731339,7.22636208716556e-06,0.334029558408051,0.166217652506438,0.000157759458794822,0.0957938943668011,0.400467197458795
9390,6239,0.00235260959760481,0.0123763220078744,0.00121947185636265,0.193505906919512,0.188615718032162,0.000910202474857294,0.0681354615111771,0.532884307600449
3741,5757,0.00133247904754225,0.00474132891693318,3.28283715919202e-05,0.226453313247265,0.130151659757587,5.94470021970785e-05,0.25723357198676,0.379995371670123
4635,8994,0.000329065416521053,0.00187801983037048,6.43914138528762e-06,0.419845739408401,0.131620833233223,0.000148348130110932,0.0488545111174961,0.397317043722492
4290,8634,0.000319551613929878,0.000788475979223154,7.45713027893946e-07,0.546370673180166,0.124311431146859,1.57066797453347e-05,0.122176287394975,0.206017128292073
4910,9953,0.00123531645998404,0.00265397357641033,4.77754027569619e-06,0.274977413974667,0.159576004746857,7.18825273072913e-05,0.05187501266662,0.509605618507879
2846,4198,8.40840706908997e-05,0.0018372729678942,1.50629646843984e-05,0.017127174830456,0.0122483742273814,2.59433691413746e-06,0.852247669081655,0.116437767520324
9736,3482,0.00355459221682214,0.0126669189138692,0.000388478741175308,0.0517784641721037,0.218247431923603,0.00037384340332286,0.0926111461471287,0.620379124481975
6636,2402,0.00144762787632834,0.0125475443274648,9.9084900574042e-05,0.105510467174009,0.0621705893043326,7.03152837865828e-05,0.582057306337206,0.236097064796298
6774,1922,0.00169528762344947,0.0108725540794253,0.000104722898499944,0.163287730439766,0.0688712331176705,6.06412296533676e-05,0.45570194029545,0.299405890316086
8910,2523,0.00493918032974748,0.0173970292881503,0.000932555338016046,0.0451519498291314,0.235006234204299,0.000794892061036078,0.256163053600867,0.439615105348753
9253,4321,0.00438282170692799,0.00785018318971134,9.45570261897476e-05,0.171675179301754,0.245637578179117,0.000919486081270771,0.207142227495354,0.362297967019675
7805,8037,0.00189212352839831,0.00619229504458185,0.000201262608263141,0.299691595848287,0.146212663695614,5.8206575766359e-05,0.105952472703647,0.439799379995442
5946,3600,0.000380804224488272,0.00552383511497052,4.7384707636854e-05,0.179436654416093,0.0305011737169675,4.22253015934224e-06,0.590164999986949,0.193940925302736
6013,8515,0.0016455299360472,0.00572662093446483,2.03524763227503e-05,0.249530068475082,0.105883393238591,0.000617628363567772,0.392394451291674,0.244181955284251
6426,9714,0.00172346220016545,0.00559443872941399,6.93046279853549e-06,0.422050833091958,0.146670448524067,5.60193674914455e-05,0.0980568406792588,0.325841026944847
6084,3121,0.000151606281954007,0.00438574974523993,2.9450313899679e-05,0.236008177496173,0.0327809416988243,7.46917568772782e-06,0.475630304718305,0.251006300569917
8427,4081,0.00599435235305107,0.0126282250149174,0.000385307493720229,0.0654271872527998,0.326601322003772,0.000509139144874664,0.181105011022619,0.407349455714246
5739,4199,0.000277452530830342,0.00203984080718084,1.77114085233182e-05,0.211335547524775,0.0576538208314863,4.04708232334991e-06,0.462713316133869,0.265958263681011
4017,5038,0.000325333500317352,0.00206534511532655,2.17476106413889e-05,0.201917791838322,0.0795696154253536,1.52486896774279e-05,0.492025878382371,0.224059039437991
6496,6477,0.00152622831377304,0.00811089924664236,0.000111203135759292,0.131976869580811,0.110977030951226,0.000678890850635113,0.465888002485474,0.280730875435679
3464,8154,0.00083038727783438,0.00314197687392786,2.12181462140232e-05,0.284383999893498,0.275780432562202,0.000414217187421223,0.152934373000817,0.282493395058085
9182,9476,0.00785123401088766,0.0212903805534528,0.00110204409237524,0.173314405873123,0.14126061171137,0.000794173852070841,0.279541940057597,0.374845209849123
3810,4918,0.000550304514748787,0.00868013688621362,0.00022399318846302,0.0375290018827207,0.0418909896570533,1.30013366812122e-05,0.68095478599155,0.230157786542569
8014,2162,0.00364179115814131,0.0231850333332828,8.95168140027859e-05,0.156349329391554,0.150924847405697,0.000176269211675927,0.266775404220922,0.398857808464725
10080,4561,0.00136602277461857,0.0028115189971883,2.75706910934871e-05,0.0264581776335827,0.418396945334626,8.60652787366506e-05,0.0973427897416754,0.453510909548479
8562,8397,0.00105728702552118,0.00993546449653349,0.000709781823443233,0.283656386696927,0.100815945149041,9.27242987704517e-05,0.0686940845230005,0.535038325986764
4776,2041,0.00152557015845076,0.00924340023024269,0.000132596152306961,0.0592634378636074,0.176021191724619,1.52177993165186e-05,0.368059566758432,0.385739019313026
6566,4439,0.00253178006366621,0.0126483593559826,0.000255342044452264,0.165604892590814,0.127186708086459,0.000346994868741742,0.214259571423367,0.477166351566518
4569,2161,0.00260943076403494,0.0116904457584255,0.000317833567368246,0.138748182591241,0.105667012815837,5.9277574386224e-05,0.328138343531084,0.412769473397623
6084,4559,0.000578076398876138,0.00944866718894578,0.000452118412976886,0.125374930739411,0.0719440897084547,7.62312557528057e-05,0.470974896315819,0.321150989979763
4430,5038,0.00136671331629801,0.0128754643630238,0.000106105709944529,0.175764581227589,0.0665832497837805,0.000275599075268384,0.545726553671025,0.19730173285307
6221,5758,0.000972187555240042,0.0031643624846824,1.85231349442983e-05,0.308425486655132,0.11680119133127,4.41737403942367e-05,0.248957835613198,0.321616239485139
6359,5279,0.00056461479995752,0.00457087498665294,4.31722604406927e-05,0.360066147173172,0.094154744699986,3.5160675431916e-05,0.294022023541917,0.246543261862441
6359,5758,0.00136970680162407,0.00800834050452132,8.25481747547155e-05,0.318430364394507,0.12620658473275,8.38946187006367e-05,0.264751743749519,0.281066817023623
9597,6359,0.00284934120231475,0.00478689848530863,0.000126688465218959,0.144065901522694,0.200029749371345,7.48722740451295e-05,0.0394510655102768,0.608615483168796
5392,9354,0.00173056481501593,0.00399581947530705,1.41706470006184e-05,0.325022595584218,0.174876348681926,0.000591963338893612,0.136386892038278,0.357381645419361
8702,3841,0.00316975954247724,0.00985925445817664,0.00019490128930636,0.082773070298226,0.195564162181392,0.00145019294697234,0.178792118812428,0.528196540471021
8013,5040,0.00353624520282996,0.00913413070009299,0.000174462103923406,0.113388604924996,0.319234055443634,0.000361057901315226,0.131350372902101,0.422821070821107
5462,8275,0.00160197730010564,0.00756203217565396,2.16925279784925e-05,0.14997309031781,0.12743488368777,0.000356349530667613,0.380189010698394,0.33286096376162
8977,5999,0.00148901424561375,0.00567860364685395,0.000516582400751864,0.0421408546880779,0.277291360182475,0.000105290719135596,0.0313488705040238,0.641429423613068
3533,8274,0.000164282237187539,0.00175003320205135,2.01251161209959e-06,0.379850699166461,0.374057381066115,2.94374952040939e-05,0.0560619868869415,0.188084167434428
7461,5519,0.00241011732312452,0.00352401950811231,0.000106504835973564,0.229078779070869,0.288755464908805,5.4444958347025e-05,0.0554807263531362,0.420589943041632
6289,7317,0.000683873299039116,0.00715848394503621,4.60506990270204e-05,0.268354668600121,0.131244390490266,0.000136945362737517,0.217078627380158,0.375296960223614
8287,7917,0.000349317281527358,0.00774812608212494,0.000292624351197443,0.510216616909674,0.0837293338418561,7.68408487656993e-05,0.103930306798632,0.293656833886223
6292,2042,0.000480258039130773,0.00204846825442571,2.6965007989005e-05,0.0223824120590637,0.0616112160931895,3.61602132269447e-06,0.651405242276759,0.262041822248119
4567,7196,0.00373620897136124,0.0065678071169857,8.47886195564069e-06,0.227437159827096,0.197514815723575,0.000634196070073253,0.0968158069772727,0.46728552645168
6772,5519,0.00153815692193704,0.0116257837642359,0.00022447682281983,0.279878081935783,0.138261537545769,0.000158296880195025,0.233469584112151,0.334844082017109
10146,9476,0.000570173557277477,0.000427562764326082,9.34700303428554e-06,0.0080254892073764,0.137354722226891,0.000112435679118072,0.0279995285284168,0.82550074103356
6360,3600,0.00107764855112837,0.0123427623487074,0.00018084638879149,0.0489924450597557,0.0872196729495986,1.17374460066352e-05,0.521213504749525,0.328961382506487
7738,3361,0.00450969987621607,0.0163878699051433,0.00112227801222083,0.0404777514010442,0.106337584596123,0.00807655091922228,0.578870186369228,0.244218078920803
5533,4319,0.00142443812692079,0.00454038498786697,6.89389418189604e-05,0.25289147343163,0.0608375841517578,2.10444279716397e-05,0.484850985880795,0.195365150051239
6497,4320,0.00283421818312262,0.0108028651219383,0.000132019436875768,0.0986848848636045,0.152847640811808,0.000144884570611244,0.233797879716411,0.500755607295629
6841,5159,0.00103888257542467,0.00465464992834922,5.47413245750713e-05,0.309397948232868,0.144561925460953,7.35260193866556e-05,0.191659719110906,0.348558607347538
4014,9833,0.00183236934861588,0.00915418602510459,1.82093129804723e-05,0.370188149145426,0.14556822023646,0.000398028179301915,0.147025556259783,0.325815281492329
7735,9595,0.00176724571745226,0.00736427268988018,0.000123274277554117,0.261917011339013,0.0779821923101944,0.000146904651676015,0.400577459898907,0.250121639115323
7184,8636,0.00146464256900077,0.00596807051070761,5.61852826637134e-05,0.293185741937249,0.203440605406868,0.000130531985347808,0.14482494848063,0.350929273827534
4360,7795,0.000631829326045748,0.00444087611890731,4.48658759375935e-05,0.0811163206378431,0.0524313341973066,0.000525676663532607,0.696633571107111,0.164175526073316
5393,8395,0.00250356706175968,0.0061728870099613,2.96113268689312e-05,0.217375440743426,0.152292934646365,0.00260257990239456,0.0977708168571019,0.521252162452122
3465,6716,0.000896795981180142,0.00771400077619532,3.26630766757106e-05,0.221784687255093,0.118809282924107,0.000258115760519085,0.305227526107797,0.345276928118433
5877,4439,0.000600068344504388,0.00359251546737458,2.26288172420132e-05,0.179007875784426,0.0609943609511135,4.1828475445839e-05,0.49547768227107,0.260263039888824
6221,6477,0.00231914242592201,0.00584142110330998,0.000227313060265657,0.14842906658684,0.21261463518913,0.00148264592080149,0.268520136141959,0.360565639571771
4498,7316,0.00310638300505376,0.010552743637862,9.05881050201606e-05,0.163306379541787,0.204551245164825,0.00164743156811232,0.107858081417968,0.508887147559371
3947,6117,0.00166271233288907,0.00730143442674886,8.70706585378405e-05,0.127075665054837,0.1184226219832,0.0011252937521197,0.366927100806144,0.377398100985524
3672,5157,0.000816034601753535,0.0123012272834479,0.000272444905400664,0.0548389309107504,0.0496586834163908,0.000700239115728148,0.650579338088808,0.230833101677721
9802,8157,0.0023997951989706,0.0124053058891463,0.000782634679090585,0.373141571605693,0.119898984539591,0.00011867886480476,0.150418470401214,0.34083455882149
9804,5520,0.00541049664227745,0.00556398843615621,7.21345726534884e-05,0.0622892979718123,0.339902468481228,0.0001048707351038,0.0903313275918503,0.496325415568919
10216,8397,0.00561334763410905,0.0309716122925727,0.00621810869804201,0.328586589551861,0.102125530618769,0.000376888528264781,0.235163050211564,0.290944872464819
9459,7078,0.000979784180625735,0.00902162322815632,0.00015810157330666,0.402741922724386,0.0952422020691397,4.31227416925173e-05,0.128449203538878,0.363364039943815
6564,8995,5.15413645057136e-05,0.000916569860135728,2.42466870189125e-06,0.642105415074747,0.10152490338479,1.86082577675235e-06,0.0519262176037751,0.203471067217568
8907,8756,0.00245252752071941,0.0242897288272949,0.00259624169248985,0.216686483050826,0.0919153269567641,0.000573053235312474,0.423435397425586,0.238051241291007
3398,2760,0.00135094279563011,0.00665119494273524,0.000119617456636017,0.0167259468161004,0.0435686656287132,0.000144170027013643,0.752039416403651,0.17940004592952
5738,7556,0.00159332368860641,0.00526270135076705,1.22670912614495e-05,0.340139800572843,0.132845323427376,0.000505491345996844,0.164174285565484,0.355466806957666
5738,8036,0.000927642528158284,0.00242120571337525,6.50538037083489e-06,0.317442476273976,0.140505839040482,0.000113649813739565,0.105890876463358,0.43269180478654
7805,7077,0.00146706400520586,0.00886752626882473,0.000326465469463114,0.36892564620741,0.120611890407248,1.80671322047617e-05,0.101271968502831,0.398511372006812
5670,5278,0.000886274106751327,0.00302334635775645,4.53163121710417e-05,0.408198630544786,0.0787457376973689,3.25354250777352e-05,0.184866451471221,0.324201708084867
8702,5040,0.00213977686618437,0.00434232348113888,3.27415989709228e-05,0.0145341551089009,0.360679838680402,2.52331694619105e-05,0.0644342995602363,0.553811631534705
4291,7675,0.00204758501735095,0.0088082011304857,0.000165483467198107,0.121935731252998,0.14569195425098,0.00130611567852677,0.381486297787838,0.338558631414623
5739,5398,0.00119621309515492,0.00522456261758424,8.37808393220963e-05,0.430000236937098,0.0862866080823898,8.89842555512556e-05,0.1875583072063,0.2895613069666
5464,4199,0.000626961612198493,0.00941372224285118,0.000160636811522311,0.180157530466176,0.0530090899472644,1.1216787914257e-05,0.461404609105127,0.295216233026946
6634,5998,0.00221696162484781,0.00493073871639566,5.13892579111263e-05,0.17260531322054,0.205305483409041,2.31506478260926e-05,0.18610011503109,0.428766848092349
8909,3002,0.00368384854855887,0.0216025677487965,0.000958856273176584,0.0730621247854386,0.21534865541153,0.000199929813877664,0.2752147757191,0.409929241699522
9526,10075,0.00250858466458126,0.00325233536678937,4.6631641963528e-05,0.139003475442679,0.179754021331504,0.000520487653119827,0.166657297068827,0.508257166830536
4707,1921,0.00146709925206964,0.0098363918497209,2.6987486316474e-05,0.0687749097051763,0.150911688156434,7.5226701622336e-06,0.403941355922261,0.36503404495786
8771,3242,0.0126684254696584,0.00798656507498894,7.28729080938913e-05,0.0679994624676321,0.28899756178564,0.000228800547440103,0.27875102043763,0.343295291308917
7803,10194,0.00314841873746982,0.0404554473711087,0.00235631828091787,0.26511508373367,0.0551755964137363,0.000228818241217221,0.415621241043202,0.217899076178677
7323,7197,0.00111871860221276,0.00616900688715229,9.21256600164845e-05,0.341335505695159,0.21081080659826,2.01945338309474e-05,0.0975862092518513,0.342867432771517
7393,5159,0.00163954656617014,0.00643497868936488,6.93525296959579e-05,0.151584891600093,0.242536777517293,0.000148516932732001,0.164942211451523,0.432643724713128
5186,8755,0.00198710426544466,0.00598751780116651,2.02856204272735e-05,0.17881431375798,0.0828274387756783,0.000803414540999496,0.369004037621152,0.360555887617152
9595,8996,0.0021488771185854,0.00686169963894698,0.000498246019049569,0.183971409525215,0.0974833326115367,9.61201164588069e-05,0.167599884037165,0.541340430933042
7872,10314,0.0148252883594973,0.0479284638486412,0.00586548737551551,0.420925454805628,0.084975042184166,0.000725139249647118,0.107729771769383,0.317025352407522
3466,4078,0.000151436117992761,0.00198007504157183,7.6358870472839e-06,0.491712076456333,0.133900145851951,1.37353590920851e-05,0.101190755201212,0.2710441400848
8496,2283,0.00318496865394998,0.0376516236515348,0.00239734808616489,0.162355835793879,0.12261238000339,0.000190027412341418,0.295363577632531,0.376244238766209
7324,4800,0.00120007965884524,0.00623335189388283,0.000218134890763973,0.0577278965284624,0.227558718567901,0.00127524175903704,0.185496282821694,0.520290293879414
5257,5038,0.000539400593590095,0.00197663892147564,1.91853469428577e-05,0.304145804634547,0.0793647530538999,2.45921688116861e-05,0.272835289144199,0.341094336136534
4706,4558,0.000638755191368326,0.0093992382737329,8.76063150295495e-05,0.372679646447327,0.0810595528090007,1.45470620125329e-05,0.262408291031317,0.273712362870212
5669,6957,0.00365852262853864,0.00798361856205987,4.24893473649892e-05,0.266416347126838,0.167196573048748,0.000367388188885311,0.132864623606936,0.421470437490629
4842,8395,0.00528245172821449,0.0125792017185083,4.2558315239971e-05,0.255201025039522,0.185809147904888,0.000339974446701935,0.154244075448594,0.386501565398331
7532,1803,0.001799449623618,0.0127694213521212,8.18346490447585e-05,0.264242365048234,0.0952069529887162,4.76820324927641e-05,0.225802769144156,0.400049525161617
4017,4079,6.5293269409436e-05,0.00178008369185513,6.59492939725589e-06,0.466694127776558,0.15617276881108,4.45000669466632e-08,0.159603565020731,0.215677522000902
6633,9115,0.000187854872560635,0.00105335650780515,1.36221670240269e-06,0.548433858902157,0.174503580545937,2.82356809914086e-06,0.0850975869753436,0.190719576411395
4362,3479,0.000567112490795524,0.000834293057787369,8.47707157989703e-06,0.159347771521352,0.0719165737774773,2.86748604271903e-06,0.37788392050056,0.389438984094406
7187,2881,0.0014605940306259,0.0154879278615673,3.12026528459972e-05,0.225581123359539,0.133917658345865,3.14834276895527e-05,0.210197074823253,0.413292935498614
8562,9595,0.000639921301013501,0.00504790159534297,6.44489646549949e-05,0.326134999550084,0.066862294951372,3.64851190033262e-05,0.21447078443672,0.386743164081809
8148,9835,0.00514594040720499,0.0325113769917581,0.00131179189293629,0.294040841434835,0.0611875519168072,0.00351815108199651,0.387233589054181,0.215050757220281
4360,8275,0.000569312799401291,0.0029697580573285,5.53774592861661e-06,0.486929603017046,0.117755923386242,3.20137468371104e-05,0.146790042283413,0.244947808963804
8151,3601,0.00664704293171271,0.0219396239427524,0.000674151838245691,0.0603210936480401,0.201588496780816,5.18738524392598e-05,0.282680128580747,0.426097588425246
9943,2163,0.00239079554672213,0.0314978835648222,0.00189393677610065,0.349853482536876,0.131970815294851,0.00165931325608985,0.207447290342352,0.273286482682187
9184,5640,0.0013437163389587,0.00436412970311151,0.000105375226517314,0.054592765312515,0.353929292077468,0.000257769192516186,0.0484181371263361,0.536988815022577
9940,7918,0.00280634300923896,0.0203559606384872,0.00117097878582117,0.357533416615183,0.0917442594020247,0.000289976687142008,0.22181562758859,0.304283437273513
8631,9476,0.000542163005116837,0.0134095187470284,0.000848086273851946,0.416803834711497,0.088041460609001,3.96808575782681e-05,0.118847236928254,0.361468018867673
5118,6237,0.000445992490427657,0.00139317197064558,1.62167314451815e-06,0.439628921385842,0.147596458313771,5.96219700025164e-06,0.120134125832595,0.290793746136574
7804,9475,0.000394700378156859,0.00791459469310015,0.00018507563990935,0.0825816656058969,0.0329300077312164,4.05889336164914e-05,0.719084855711945,0.156868511306159
6013,8995,0.000188822152042759,0.00102398727217396,5.82604034428433e-07,0.518794029758845,0.130575880653087,2.06037629154586e-06,0.0958287603065168,0.253585876877008
4843,5038,0.000398253160064945,0.00401140394631429,5.80218244388619e-05,0.148411341535909,0.0562072133428579,1.83738560530747e-05,0.576717171976929,0.214178220357432
6977,9714,3.61808054161849e-05,0.000978863158839308,7.02399387000102e-07,0.54876602541081,0.115205008444514,1.86930623908379e-06,0.0847315955959765,0.250279754878818
9802,10075,0.000699644287729308,0.00852386651471049,5.1546521523691e-05,0.218718727636932,0.207160588848471,1.79362177596362e-05,0.180751306280643,0.384076383692232
6013,8755,0.000265098906206835,0.00104102063021931,6.77610009873306e-07,0.517040469383602,0.148968914602399,1.8050381592376e-06,0.146551771895575,0.186130241933828
7806,5159,0.00253220364301885,0.00273095934968082,2.27749323135903e-05,0.128673672411868,0.299879139285543,7.58157530466925e-05,0.153293254250868,0.412792180373661
7185,6238,0.000497653897110831,0.0101942246190853,0.000665970029556238,0.329465401307672,0.168609436737928,7.14810447608875e-05,0.0802069387696951,0.410288893594191
10218,4321,0.0035680910398968,0.00226768374864278,9.23463903476296e-06,0.0498044762097237,0.331822390410788,3.569781018069e-05,0.134547340187163,0.47794508595457
6219,10074,0.000700888759411704,0.00307549087751732,1.11540800980908e-05,0.540474010505414,0.120940339674263,2.34043312293223e-05,0.110292379079349,0.224482332692719
6290,5159,0.00149617010994915,0.00529002390650992,0.00013366307210057,0.469864327954859,0.0884103401854967,0.000122584421630665,0.185119281948202,0.249563608401252
6702,8755,8.84296654630999e-05,0.00123052542156006,1.30846897257609e-06,0.543546984241934,0.124898237222332,9.08146944100454e-06,0.0715295883449211,0.258695845165377
7601,2402,0.00112239684642055,0.0151785887486203,7.380233836329e-05,0.284490086952322,0.110288468146692,1.4038522732751e-05,0.203663234973862,0.385169383470987
4772,10433,0.00120080454989183,0.00267794772698689,6.19176301966832e-06,0.378615982787542,0.169213135589586,4.68018223802016e-05,0.0942345863079476,0.354004549452645
6497,4559,0.00119558929139004,0.00598884583059135,8.62695048584144e-05,0.158455941424039,0.134085645523686,0.000160822248592668,0.148131158341254,0.551895727835588
7532,1563,0.00240126999311015,0.00815796564937912,2.85931574282639e-05,0.357291670580043,0.105377155528264,6.23353267771833e-05,0.217230492310015,0.309450517454983
9735,5160,0.0023132763599702,0.0013974099459794,6.30785437724772e-06,0.0640113579941459,0.361633319800538,0.000106617386542206,0.0511680319533049,0.519363678705143
6221,5518,0.000278533134297275,0.000694970581085021,7.18902474459926e-06,0.334679311054146,0.0816074802256763,7.27818499287628e-06,0.332183960956187,0.250541276838871
5670,5038,0.000563809690297784,0.00167034113488458,6.80766049453133e-06,0.456911783825786,0.0739933206650662,3.84366195442857e-06,0.227495518217649,0.239354575143867
7117,4680,0.00236295625429033,0.00321043217551579,5.88052130284877e-05,0.299860144521205,0.150333816414855,0.000299883942388528,0.233655368718504,0.310218592760214
4705,5518,0.00119421805690195,0.00642226790400759,2.6034422530284e-05,0.303841824176267,0.158159962728642,1.67144659935892e-05,0.155794248301584,0.374544729944074
4845,2401,0.000998557079827186,0.00135267672883496,1.10878178001484e-05,0.123875660809634,0.109770539444957,0.000258520412562378,0.546157698429417,0.217575259276967
7874,6718,0.000535309735137411,0.0112722427520287,0.000271007063873147,0.402250610588457,0.122497596429126,1.23501989590327e-05,0.130294582075174,0.332866301157245
10217,4801,0.0061666134672072,0.007162971390661,0.000676723739858903,0.0909970671404047,0.281770951213246,2.25162277559907e-05,0.0743812996810321,0.538821857139834
4156,1681,0.000603637145870675,0.00392646415897859,2.42291668487786e-05,0.139544896902163,0.148061600563527,4.0002883463932e-05,0.372388112265271,0.335411056913878
3602,8394,8.43446497302401e-05,0.00118596557367636,1.69606253955092e-06,0.391742910630951,0.267737379191665,2.39873915029255e-05,0.0621871496273235,0.277036566872612
4223,5397,0.00159166990364587,0.00594604663832697,3.70815357900311e-05,0.307629017663978,0.102312359626889,0.000362722811807129,0.25150222781517,0.330618874004392
8289,3601,0.00365631607441071,0.0217868716750564,0.000372045180935994,0.082695406845875,0.231416550576993,0.000101749080047916,0.137604150638235,0.522366909928446
3672,5397,0.00140120677336473,0.00509543237157833,3.66024920994112e-05,0.292514889712494,0.0808185614376826,0.000723556114511095,0.362339409499152,0.257070341599119
9943,3122,0.003349250632297,0.015646924645787,0.000148773423538543,0.158786054689889,0.187887535485963,0.00295274186570666,0.195614664100557,0.435614055156262
10148,5161,0.00118524689422144,0.0044954437192367,6.49456546679168e-05,0.0288122403964356,0.430680087245738,2.03352317834029e-05,0.12292221430568,0.411819486552237
4841,9833,0.000619982408540521,0.000731496294405124,1.26088585873813e-06,0.427591255482328,0.15012397832014,5.24350537651171e-05,0.103687383708978,0.317192207845984
6773,3600,0.0030422410313242,0.0149939664435211,0.000120316228121731,0.0763242163908912,0.129064995756153,4.99905622558912e-05,0.318117425009405,0.458286848578327
6015,4439,0.000673803027419852,0.00572145613100992,3.52993192636131e-05,0.0982607957580788,0.0669723040893169,1.21297678601558e-05,0.470987795935737,0.357336415971313
4568,5278,0.00073235044065209,0.00296587823263361,7.31344078983462e-05,0.20178518757786,0.087159678632168,5.15579419769002e-05,0.378241223154359,0.328990989612452
2846,2999,0.00010732292370172,0.001068497309549,1.34071650116577e-05,0.0203050917876304,0.0695062403791454,3.12662117344155e-06,0.728081821595652,0.180914492218137
7460,8156,0.000842020779261415,0.00212661696562729,2.05033599035217e-05,0.203883215093805,0.170130714896831,0.000111708366939769,0.092425074638186,0.530460145899447
8150,5519,0.000825551552696782,0.00265476841729082,4.74811535900296e-05,0.192900312560521,0.277758853778622,6.55161930040253e-05,0.126786976036983,0.398960540307292
9183,7797,0.00119687386508804,0.00528612803332449,0.000149518202535833,0.373013813915328,0.0813734776701062,4.65942047506993e-05,0.191211060498317,0.34772253361055
7943,7078,0.00151172537065554,0.0095807429056933,0.000263245498642404,0.377788747424123,0.143486539032864,2.5851225186111e-05,0.151749856126532,0.315593292416303
6771,7437,0.00213287133437941,0.00517051184264787,8.25737139019726e-05,0.139108336445088,0.208911198981999,0.00036044001762944,0.153562911414157,0.490671156250197
9805,3122,0.00219895475093757,0.0186943246453472,0.00145232609226145,0.131749729964108,0.181633010104691,0.000661461910449327,0.203659173161315,0.45995101937089
9115,4800,0.00404725701755806,0.00360897887424343,9.01561654785432e-05,0.131987309216304,0.207369289315212,0.0014161950698214,0.0847423694135717,0.566738444927811
8014,1683,0.00108887726950601,0.0250694083426227,9.45235994640972e-05,0.102635258125001,0.0985656249179915,5.27024783388699e-05,0.462433835521597,0.310059769745479
8975,9356,0.00468217096076713,0.0231776398452592,0.00250408708207978,0.315798407886202,0.121413347326702,0.00400253722306915,0.266424073215368,0.261997736460552
6013,7556,0.0022392950938879,0.00482509237349807,2.83626278473872e-05,0.26356983738564,0.145736546835583,0.000236567143878296,0.104144753880145,0.47921954465952
3466,3839,0.000529588773253016,0.00196760799321645,6.12034708850817e-06,0.459949006115897,0.174468721607363,2.88499302990649e-05,0.0904297263948014,0.272620378838082
9252,7678,0.000593443340219015,0.00688821562089891,0.000104028886862429,0.388633969697457,0.0828925667533487,2.18967438502434e-05,0.171765399170949,0.349100479786414
8495,4920,0.00134110863702408,0.00676366754495901,0.000112540723949321,0.0779861310040065,0.295116101162381,0.000234639568579265,0.149246064610156,0.469199746748945
8148,9595,0.0151473131001507,0.0249942028071533,0.00304050373157713,0.23686997596594,0.153333162830518,0.00290002061781299,0.191617497351722,0.372097323595125
7184,8156,0.000681611819850406,0.00337217745328337,2.31792358427875e-05,0.237914183137308,0.166982786628202,3.47706870826048e-05,0.0581631796110376,0.532828111427394
5531,8875,0.00306276423904796,0.00774092382257037,4.11087784802671e-05,0.253750702245699,0.147665068229049,0.00100593943770458,0.162194731030903,0.424538762216545
8150,6958,0.00148261441624919,0.0123797038165879,0.000104112989714121,0.309683426417106,0.138415347125346,5.27486163823173e-05,0.186322579918477,0.351559466700138
5187,6357,0.000504384005737254,0.00434411434776109,3.49493711385696e-05,0.0589627138721875,0.0381918866543946,0.000141753827394402,0.740367505899725,0.157452692021662
3809,7076,0.00194307565302265,0.00381351882712094,2.33469480908022e-05,0.138495511773742,0.184932139364532,0.000213140417378344,0.138227776686522,0.532351490329592
4568,4558,0.000314359357296421,0.0039772445483904,3.58893507766989e-05,0.513361177656379,0.101241001331887,3.67205346486166e-05,0.132789775031045,0.248243832189577
3741,5038,0.00165222793714975,0.00574960211073741,6.9257457939676e-05,0.0387000075530807,0.0743007066891936,7.12321164263672e-05,0.66091092189398,0.218546044241493
8427,2642,0.00275949083765656,0.0474110796945294,0.00839967168913987,0.24436036501254,0.106057705684501,5.20358086598195e-05,0.227767075803712,0.363192575469262
8565,2882,0.00633830210664642,0.0196201178379064,0.00095622968064226,0.131198736229646,0.243548356451801,7.59224199891171e-05,0.215664641057062,0.382597694216306
4430,5997,0.000759958952005308,0.00444152755970311,8.86692096806967e-06,0.278331103908895,0.14356082869136,5.439758551189e-05,0.162954535039872,0.409888781341684
9667,2883,0.00420687470977787,0.0329718169425119,0.00292728802524075,0.230776979619305,0.115537086549222,0.000133567321010761,0.292576247376232,0.3208701394567
8907,7318,0.00038583742087824,0.00409395147919738,6.00991377615175e-05,0.404095399604766,0.0775039273306555,8.83643918420971e-06,0.228994023352717,0.284857925234839
7118,3241,0.00207459718438649,0.00769498764062686,2.02966130100103e-05,0.17910534871942,0.158233086688791,3.66682341425747e-05,0.170429962133544,0.482405052786079
7115,9715,6.21418972061847e-05,0.00146632629918378,5.23789793304213e-07,0.594468102687113,0.107366781819726,1.47598858311114e-06,0.0764838950992753,0.22015075241912
8700,8157,0.000530446066525148,0.00769629132233471,0.000308804884200468,0.357596095577442,0.0818527374709286,1.56858471105424e-05,0.158934526993987,0.393065411837471
6635,5039,0.000923738653048627,0.00827614732183246,5.6959155776597e-05,0.0795954114047773,0.0897949969302027,0.000156090950459505,0.434081439444175,0.387115216139728
5464,4918,0.000584189760564383,0.00349043514571653,4.44710155499113e-05,0.262842695683986,0.0516285975453777,7.21047183418523e-05,0.46710623342295,0.214231272707514
9183,6838,0.000812275115928966,0.0101404171649168,0.000553946625420709,0.411190688587023,0.110670607597705,5.89558276154097e-05,0.153932971305842,0.312640137775548
4566,8395,0.000301201867420987,0.00226306175144614,1.72332182302963e-06,0.444193586412268,0.116483761712579,6.67069827757589e-06,0.0896298759700281,0.347120118266157
6012,10433,0.000456989542649433,0.00111329557249053,1.66606984775683e-06,0.530869680065422,0.102265492921613,5.42899683014055e-06,0.127506454550867,0.237780992280279
4428,10073,0.00129181641576144,0.0047208171479788,9.36710486300758e-06,0.408699657460401,0.137672837690319,8.94354795361768e-05,0.103765711202011,0.34375035749913
6152,5878,0.000653600783145422,0.00575577457172963,4.00849693727409e-05,0.272791969125526,0.147306614794463,8.47443173862556e-05,0.160895899403382,0.412471312034994
4911,8275,0.0030995490651814,0.00506157329291903,3.76053496543646e-05,0.207099462720011,0.181849284304367,0.00148995085711755,0.128264238179491,0.473098336231259
5671,2401,0.000860879119610345,0.0043966610839567,4.20826688364249e-05,0.155195068475844,0.0955482333521386,1.4499803510132e-05,0.378870627322707,0.365071948173397
7045,10554,0.000137571265310451,0.00125431772377756,1.37785211619645e-06,0.523289810069571,0.169286804592501,2.35575940080662e-06,0.10388262456638,0.202145138170943
7529,7077,0.000600914718799277,0.0106277092789585,0.000232727011529837,0.379284454099471,0.174361007954931,2.02289128090279e-05,0.087462627375182,0.347410330648319
7874,7437,0.00109831476418824,0.00488911364790042,5.00800003390423e-05,0.411523222949726,0.0707845450533955,3.39871827380207e-05,0.101112696595099,0.410508039806614
10009,8997,0.00613350117662529,0.0141608514539718,0.00163397013460493,0.100100788649731,0.0688429957810203,0.00154284476542688,0.421768803018454,0.385816245020166
4500,3240,0.000904349200213912,0.00400941402054244,0.000139605272833808,0.0423443809079844,0.0747214222274462,1.56344113650112e-05,0.719247624029289,0.158617569930325
4913,2521,0.00275034798851021,0.00630637906004261,1.57945708993552e-05,0.146039780632078,0.139810083474313,1.78649656573908e-06,0.398343024338761,0.306732803438831
9874,2523,0.00660006004971045,0.0159908994584514,0.000667559169621043,0.249846470988715,0.160905182726094,0.00778123930265655,0.238206152250664,0.320002436054088
4911,6836,0.0007818874343851,0.00308138584285477,2.60347292924305e-06,0.291497176610931,0.165317596822078,3.88008571238925e-05,0.132184143876271,0.407096405083427
8286,9355,0.00334639080911885,0.00766985646430146,0.000278786951977057,0.306646052883683,0.108722775157281,9.68588480178811e-05,0.112491075519383,0.460748203366238
6566,3720,0.0023381185285169,0.0131974796561374,9.79195200194919e-05,0.0299120646809324,0.0988946917126555,0.00014156152293566,0.45187047533164,0.403547689047162
8699,10315,0.00439627865483352,0.0341611667380066,0.00183321065318109,0.288912187267313,0.0751400145505998,0.00238521599728544,0.347400062639557,0.245771863499224
4361,5158,0.000614870978024794,0.00400116419472297,5.33008044629254e-05,0.284921470851079,0.063204290117499,1.01369909051958e-05,0.331432518215195,0.315762247848111
8496,3721,0.00557399512220461,0.014359459067699,0.000325059202705674,0.0662450492670092,0.211056479890414,0.000185077882088621,0.201743304223307,0.500511575344572
7391,9235,0.000247342387502388,0.00499039088542281,3.72006902835097e-05,0.10125335110427,0.024222739104461,2.12814216245345e-05,0.719342857933486,0.149884836472949
6704,4919,0.00114951425262848,0.00585055358762984,4.95592639772919e-05,0.117921961873758,0.12054936175852,0.000105896215929881,0.33280342544963,0.421569727597927
7873,9595,0.00191185325363527,0.0126436744346998,0.000535589510186489,0.082365489536675,0.0617951713592576,0.000142058531101806,0.652930654326812,0.187675509047632
7462,4800,0.00239240592424321,0.0138088425721601,0.000933081708384754,0.0169542582540271,0.24397638145001,0.00799239819247825,0.221517836969225,0.492424794929472
5189,3480,6.42937139179032e-05,0.000722688827635211,5.44377920973811e-06,0.0108877071222924,0.017687677874614,1.15705033413467e-07,0.724880836164894,0.245751236812404
8357,4440,0.00134296496316119,0.0078787152974245,0.000143693903805925,0.113473250770622,0.397970663067687,0.000344307088232487,0.0978003784306158,0.381046026478451
7601,2162,0.000467572720596541,0.00403659074534719,3.1818636984073e-05,0.398527807963641,0.0849292493026858,1.30824433496521e-05,0.196792713532003,0.315201164655393
4292,5038,0.000397216555038614,0.00240395389948076,4.4248416918051e-06,0.171600699640419,0.0515334276894219,6.92827950642321e-06,0.501579955567097,0.272473393527345
7806,5399,0.00361957567540448,0.00629203911562201,5.08513949093147e-05,0.0811759617961086,0.365367792550857,1.14156070008494e-05,0.20093854450073,0.342543819359368
3947,6836,0.00275599437143073,0.00872924515788039,6.21925257304763e-05,0.166152147255281,0.138723784222653,0.000771022722109384,0.307706533212695,0.375099080532221
7461,5279,0.00349796756157211,0.00681388718350871,8.36723028704548e-05,0.160054071576853,0.321315245718006,0.000104229127007446,0.192672033564549,0.315458892965634
9596,7318,0.000764733943048136,0.00631657468725678,0.000345772648517813,0.424881104149582,0.0866779857323037,4.07646617545986e-05,0.0965678483540902,0.384405215823446
7670,1803,0.00100144065092372,0.00607987808139758,3.19220624789559e-05,0.367863905213555,0.0959079120799058,2.96038994685075e-05,0.201542111524669,0.327543226487601
8976,8397,0.00205305288434212,0.0089095265906829,0.000211228391961062,0.32053327150978,0.13557152976203,4.23043912352392e-05,0.0817576467030889,0.45092143976688
9873,5160,0.000753687221744441,0.00233486308919035,7.56594027080735e-05,0.0820658715746442,0.297111398119638,7.5980390672244e-07,0.0522182881571613,0.565439472631007
7253,8516,0.00078643909507715,0.00523517177145131,5.15490267971128e-05,0.352204807198425,0.159228999773569,3.11485110044648e-05,0.119176703843786,0.36328518077989
3396,6116,0.000671651823730741,0.00885212833724489,0.000130904645621199,0.170540709719566,0.102587403838706,0.000324835022238278,0.365110969466283,0.35178139714661
6222,2641,0.0010314360338363,0.00467004543425712,0.000119442750676165,0.244638343929261,0.0410962051741739,3.34199121772786e-05,0.441888786790826,0.266522319974792
3946,8274,0.000245176100716041,0.000725782472032653,1.12421530982523e-06,0.435690979950345,0.14508601812485,3.58774790562931e-06,0.121647976699033,0.296599354689808
8565,2642,0.0038388499333003,0.0222762738713168,0.00160858220772591,0.104137315403661,0.175844436986384,0.000181274732127993,0.158512942974321,0.533600323891163
9874,3242,0.00381288929509661,0.0238468778500032,0.00293064213558504,0.142211651899972,0.210843344189327,0.00430613122278374,0.0953180406528963,0.516730422754336
8910,2043,0.00902675090299079,0.0140055672943299,0.000825203434464124,0.0439357103092913,0.23871440721199,0.000250984510570836,0.127036199298794,0.566205177037569
9667,3362,0.00328274562028701,0.013788688912358,0.000349670029036873,0.123723364081647,0.208450092487069,0.000353864375312646,0.160513344401984,0.489538230092305
6219,9594,0.000404197895514715,0.00189475050066641,2.39634598702851e-06,0.517099580677009,0.11795735911649,3.70680075764686e-05,0.120761233285729,0.241843414171027
6222,2881,2.20121330038387e-05,0.000763995727907892,1.72197607551897e-06,0.358940771528223,0.0249628625937217,3.46705686959911e-07,0.358296522824962,0.257011766510419
4085,5877,0.00118975188419147,0.00587220065343741,1.59087845402454e-05,0.173927673751443,0.163883327328403,9.7804946470604e-05,0.0650339144536354,0.589979418197879
7945,2043,0.00192196609852138,0.0101387533631472,0.000157972946922382,0.0778679220092432,0.0888759288910828,0.000128870080608243,0.542145489994196,0.278763096616279
4980,8155,0.000827478589759827,0.00449792139541269,1.31404481964432e-05,0.320460865432844,0.145961273679558,9.74669488776309e-05,0.132618102583912,0.39552375092144
3672,4678,0.000689278919462638,0.0041388725955815,6.85499456188163e-06,0.298442515797717,0.245242566575189,2.76664678560092e-05,0.229990583445944,0.221461661203688
8080,7797,0.000354948525820338,0.00367884266596568,2.81843878311412e-05,0.59654091932009,0.080990519458673,1.52722691832662e-05,0.0715154224810898,0.246875890891346
7667,7077,0.00470504442695757,0.011779252568862,0.00104584162511269,0.193753890037243,0.196715244778156,0.00755710330694653,0.236693578223151,0.347750045033572
3947,6596,0.00627247666926874,0.00615838918251798,7.24098338952041e-05,0.179546957323004,0.186940055631592,0.00100626595876445,0.241908171365561,0.378095274035397
9596,8277,0.00517339814561863,0.0124420347919919,0.000618891202778835,0.308249129687517,0.108845804945463,6.50209435065894e-05,0.153599555656965,0.411006164626159
6082,7676,0.000666444018536751,0.00497856073571838,2.54228973109978e-05,0.13896742511983,0.0664322552637208,0.000150680960659838,0.528291707886909,0.260487503117314
6636,2641,0.000570719796111633,0.0169078934312144,0.000248419467576206,0.36661086813669,0.0660387057551162,1.31729782326851e-05,0.254389459613324,0.295220760821735
5531,7916,0.000802183577946617,0.00349569273896238,3.69860083687723e-06,0.206570550304013,0.15058910467608,0.000196136208674469,0.0512273268010006,0.587115307092485
4500,2520,0.0038378165643419,0.0270660219017563,0.000505793998476314,0.0270248492000996,0.113566268356283,0.000431374577580031,0.591648582134579,0.235919293266884
8837,9835,0.00189663706106096,0.0118846084924455,0.00049684365224141,0.0935302292352523,0.0962611578062145,0.00107193549956559,0.363876240830382,0.430982347422838
4084,8275,0.000640879221612642,0.00233358138740599,4.21993439772025e-06,0.437004888240934,0.161292755878626,8.19158223596834e-05,0.103718631820376,0.294923127694288
8772,2043,0.00937985320792152,0.0353393950702804,0.00101296567008583,0.0826506769364484,0.194999391549501,0.000227734504408726,0.1526615484655,0.523728434595855
9665,8157,0.00280177532060412,0.00972210078054846,0.000218476152129076,0.392836343258176,0.102721153224437,4.86404168173252e-05,0.157703891018768,0.333947619828521
6979,4679,0.00385878693753377,0.0106098261297492,0.000220442510545833,0.0599319870046857,0.186694699179116,0.000312629517063726,0.177346771408089,0.561024857313217
4429,6956,0.00218714643396364,0.00544084225190985,2.28087949747471e-05,0.239674916649099,0.186727781205552,0.000278402169730851,0.0758213508658601,0.48984675162891
9184,4920,0.000763434051413251,0.000299312755168677,4.66711513187784e-06,0.0916008834076004,0.245257504451761,1.64642907761608e-05,0.114047824744265,0.548009909183884
9114,6718,0.00209326080331493,0.01140999729182,0.00024152893396742,0.262593699541631,0.156831650430362,4.16151564974548e-05,0.252283411772559,0.314504836069849
6083,5518,0.00094743771927197,0.00393169412820443,6.50588138833617e-05,0.379178519135647,0.10058540411821,5.29799188756164e-05,0.22982233503528,0.285416571130627
9871,9236,0.00451692322799007,0.0112024525345926,0.000307380665094356,0.18789864289367,0.125729493259149,0.00203474147618521,0.218666956359619,0.4496434095837
5120,3600,0.00121950836937257,0.00451778192817924,8.75194208141641e-05,0.117472901236355,0.0930515513206444,0.000273630346471426,0.516574764700945,0.266802342677219
6773,4080,0.00223942872349493,0.00996418275589899,5.7524833851198e-05,0.139872998657636,0.150378568100265,9.2791426459559e-05,0.16987548471916,0.527519020783235
8837,9116,0.00441757892453209,0.0165807000562205,0.000200704258050286,0.296958318095791,0.148933625016453,0.00594784188301221,0.181523503211896,0.345437728554045
3396,6356,0.00010642105479313,0.00127053725352328,8.41563971183069e-06,0.0469870387470682,0.0383919929004693,9.66631453065079e-06,0.767600707038726,0.145625221051178
8493,9955,0.00818848510083299,0.016085418787878,0.00151446331290454,0.229216276395573,0.127413344571385,0.000975928603766856,0.309363097983393,0.307242985244267
8356,7318,0.000776443288595975,0.0120731313522998,0.000378916199813875,0.479809259094783,0.123322095870994,4.73339759863846e-05,0.108104214974405,0.275488605243122
8769,8756,0.00227569078823327,0.0243641007950869,0.00143847405534276,0.387407770639288,0.104591036225499,0.000366680956648845,0.187362924812376,0.292193321727525
7873,7917,0.000308053556452079,0.00806155593505589,0.00013305915128617,0.388935337558527,0.111713326026306,9.49016059963642e-06,0.101797385528443,0.389041792083329
8840,2882,0.00298228213355678,0.0126438906083645,0.000447121474902054,0.120818548464379,0.205776476334658,0.000599653973778524,0.235336224759021,0.42139580225134
10148,6839,0.00248596173193511,0.0130275763542723,7.94716539449024e-05,0.418873325761233,0.103458873735581,0.000236524832408717,0.217208513528147,0.244629752402478
10078,7678,0.00130923632181031,0.0171994498655321,0.000796410921745604,0.414873493562388,0.0857140971351296,6.03036662418746e-05,0.131781392700839,0.348265615826314
3949,3000,0.000325416368174418,0.00274329005254058,1.65459027470092e-05,0.218638981755339,0.139068451777722,2.44873153934732e-06,0.461096193623659,0.178108671788279
5946,3840,0.000468095072202189,0.00274536106898161,2.99582198998467e-05,0.185684635666782,0.0520925969977858,1.16822352145346e-05,0.453954008200103,0.305013662539031
5324,9234,0.000782859265008749,0.00219563782649832,4.16419834870775e-06,0.398486687948015,0.169520537646338,5.306285681617e-05,0.0904342820326336,0.338522768226341
4913,3959,0.00151518216065484,0.0184006190213635,0.000270730713117604,0.221279969340079,0.0770594159982292,4.17803446779932e-05,0.373144169994795,0.308288132427083
8907,7078,0.00116797702130981,0.00548848599608396,0.000129862794077236,0.463576965693204,0.116987566852875,5.28284413086331e-05,0.0794907301314677,0.333105583069673
8149,8157,0.000117465526138178,0.00342752396394376,8.73515895780682e-05,0.542877038721458,0.101025669465767,9.55534305109598e-06,0.0559197194942547,0.29653567589581
8839,5520,0.00427758532297482,0.00577094523398435,0.000220164318783227,0.0752304549499958,0.343317352644325,1.85413298168192e-05,0.106725009348446,0.464439946851675
3329,2160,0.000880562854755799,0.00434193955599662,4.38957020477993e-05,0.353163687908319,0.199908916933045,8.17280946251009e-05,0.154220971801855,0.287358297149356
10078,7918,0.000992124955927479,0.00632314091109319,0.000226785936881829,0.352407858532443,0.109592206894786,0.000133508085678689,0.10031167698483,0.43001269769836
8080,7557,0.00101534590299271,0.00895723096463108,0.000155268330202899,0.420662393919584,0.105156993734814,2.07795731149729e-05,0.121346300193414,0.342685687381246
9182,8756,0.00417275292005136,0.0432189881232775,0.00894771615676347,0.316502988038093,0.0794657155737321,0.00126243631315896,0.25047577240332,0.295953630471604
7805,6358,0.000633729417851993,0.0023055650526795,3.06495905087563e-05,0.125288750953206,0.245304685489102,2.23910853818579e-05,0.0511336399020731,0.575280588509197
3949,3239,2.9229096889486e-05,0.000974342340034064,8.03592799357664e-07,0.134520912371215,0.0837296067184886,7.92089343947223e-07,0.440004654404844,0.340739659386386
9114,6239,0.0050142688753066,0.00554525878170974,0.000196468903907892,0.0463281019964295,0.297061763186391,0.000313881228625315,0.0673886296925479,0.578151627335082
4843,6237,0.00175769806882702,0.00658151694070406,1.20762114814137e-05,0.31532712933848,0.143200934257036,0.000178734782813078,0.195460871071818,0.337481039328841
7875,5279,0.00390700861462472,0.0053330727277143,2.96234783350964e-05,0.0449135632599342,0.347628814120025,2.64170078728005e-05,0.167810446843112,0.430351053948382
5603,1802,0.00117510422567756,0.00560212701623366,5.95251315939083e-05,0.152791212163,0.0892866381627021,0.000224243524777992,0.464413934644755,0.28644721513126
4773,7556,0.00253921186910463,0.00433579752300975,6.0790405889615e-05,0.124134446688861,0.18355458542663,0.000297782566667731,0.119333258881693,0.565744126638144
8633,3961,0.00736070867949622,0.015899702917203,0.000300399389921456,0.121378517616112,0.294986105010359,3.7691217866781e-05,0.1452906332792,0.414746241889841
4361,4438,0.000100472968708289,0.00165548088464258,2.6267505648928e-05,0.494986881175079,0.0628403973676644,2.17221109581207e-06,0.218730591416498,0.221657736470662
8770,6838,0.000730272753712429,0.00494599145967919,0.00013022148117938,0.381170134990341,0.143306744682731,7.03006098944909e-05,0.0953138334310163,0.374332500591446
9803,6239,0.00811148777083112,0.0152434565222731,0.00105396048618848,0.0464016577712923,0.251496344386894,0.000333677404462287,0.0878340435379767,0.589525372120082
9183,6599,0.000937578945180853,0.0153063428802943,0.00188595738437994,0.302084433534795,0.110570092641483,5.1387021588694e-05,0.0630489561820851,0.506115251410193
8977,5280,0.00559177159715657,0.00478389685183636,0.000111986555165957,0.089270337270071,0.349014711593196,0.000482922520678634,0.102855109123999,0.447889264487896
7254,6118,0.00393400476536012,0.0103309921774884,0.000284921780267568,0.196222720124819,0.302860741932163,1.34944695249056e-05,0.151344256290429,0.335008868459948
6910,5279,0.000272281233780877,0.00287467799567885,2.40879590774303e-05,0.451674740824113,0.0982713655837415,7.79625200370554e-06,0.112824662015068,0.334050388136537
9734,6839,0.00122897002561306,0.0108843153988908,0.000229585194963217,0.323931148600359,0.084289372080448,8.73992037613476e-05,0.222682601997542,0.356666607498423
7048,5279,0.000220868685902666,0.00222639303744249,9.33053430104771e-06,0.477702524596947,0.121561176613786,1.0073346317922e-05,0.0864255899090876,0.311844043276215
6977,9235,5.03398869042314e-05,0.00048864963357168,5.8852457140377e-07,0.629822138634267,0.129213299495241,1.25706045164209e-06,0.107720059162685,0.132703667602308
6842,3960,0.00132570129896477,0.0110140315883428,4.58026328164581e-05,0.147918294037258,0.164702157306224,5.57115171493594e-05,0.119502695114198,0.555435606505047
9115,5520,0.00307213795162989,0.00318814735397171,1.53126099482798e-05,0.0687171756633803,0.353452820632864,2.59806024854499e-05,0.0452233809298671,0.526305044255853
7807,2282,0.000734678280152845,0.0110004889937507,0.000102436536700586,0.0593207351675301,0.055955842265648,2.0668487160154e-05,0.601774977389993,0.271090172879065
7394,2762,0.000856355836773831,0.00675368035087015,4.34869420703519e-05,0.32692612443394,0.10611152490384,6.75876018981846e-05,0.240954530772454,0.318286709158154
8081,5639,0.00316727769007047,0.011309853966571,0.000403056445008783,0.273931898115154,0.317220101147599,0.000114616284171706,0.0804491035807982,0.313404092770627
4841,9354,0.0029694664730104,0.00718798436528719,3.45303407324617e-05,0.27002888881112,0.146002620561061,0.00134394296720399,0.13324137747309,0.439191189008494
3122,3719,0.000325995882560896,0.00221006424272543,1.56720248757749e-05,0.308433087228003,0.124783468315212,5.32639266016658e-05,0.269319386205618,0.294859062174404
8011,9355,0.00308106729209116,0.0229211560976564,0.000332802876992213,0.132664654438025,0.0917299702388711,0.000347178247512169,0.45048969593844,0.298433474870411
10218,3362,0.000475047303397375,0.000910078828985192,2.31879012182638e-05,0.0371570904011844,0.231017524108772,8.20894684339077e-05,0.0268561241393552,0.703478857848653
5806,9354,9.02827746166624e-05,0.000516366694213431,3.35467462575574e-07,0.464790827129717,0.179459581505203,5.6428149754369e-06,0.080919846630723,0.274217116983088
9872,7078,0.000851962305642164,0.0207299629633641,0.000767562405556416,0.284385743959172,0.0976456628175493,0.000145414677368076,0.322905583256602,0.272568107614746
9391,3362,0.00238740076892512,0.011494860736191,0.00153217569366428,0.165433711325749,0.213431299055939,0.00024910817056859,0.0733004287091129,0.53217101553985
9321,5640,0.00313649986554504,0.00368231659300415,0.000137045482253632,0.0233836050736797,0.303279607148106,4.17713472573782e-05,0.0423177369789104,0.624021417511243
6701,9714,0.000340922917486317,0.00368086636952074,6.75424300791525e-06,0.528879840994001,0.103263938753121,6.37730575394041e-05,0.118878646460136,0.244885257205187
6633,9355,0.000191972478108589,0.000839587108120316,1.2542717531848e-06,0.48978859581471,0.193643813720856,4.98943933908751e-06,0.102321457508401,0.213208329658712
9047,2283,0.00186509162981329,0.00956209540210124,0.000721067110975619,0.052814991922178,0.167580574442521,4.38858122999833e-05,0.165406457312698,0.602005836367413
5601,5398,0.00195251749186735,0.00458902367062999,2.58042404341995e-05,0.361969048996858,0.0912477276937272,6.64567981447153e-05,0.199084787198723,0.341064633909616
9599,1804,0.00327424106409535,0.0225018800570477,0.000916396285300656,0.335460447788264,0.112286907438562,0.000425456175143928,0.0821473481141337,0.442987323077453
3878,6716,0.00179356723966746,0.00533770832885398,1.66398647245102e-05,0.240207481429568,0.113497041950005,5.17091817264111e-05,0.246370066547758,0.392725785457696
8908,5879,0.00113216651997639,0.00319646855290132,8.65146802701066e-05,0.161412075351525,0.322136642944197,2.64538713240726e-05,0.0382302172776225,0.473779460802184
3464,8874,0.000245335275614378,0.00135462160024701,1.03541220722177e-06,0.438576936658814,0.171150611313219,1.55368427109818e-05,0.121419944025398,0.267235978871789
6084,3600,0.000474194587265911,0.00357253984485523,0.000130953148940217,0.204648607807484,0.0384156262210116,7.24484774378771e-06,0.513621043371129,0.23912979017157
8632,6359,0.00194191014407789,0.00887920196315757,0.000195438448068135,0.187505134103543,0.238107706771944,6.07473578363155e-06,0.0835196124232376,0.479844921410188
6705,2282,0.00367846551474713,0.0217027242879939,0.000234245580018675,0.139140263764843,0.140019910082294,5.57416946281785e-05,0.362672744585117,0.332495904490358
8840,3362,0.00481256477984567,0.0116601233510282,0.000293210460675418,0.122166786768441,0.226067620088244,0.000446824065441135,0.233775407633296,0.400777462853028
4980,6477,0.000838994953760034,0.00350048537557353,1.36278830853963e-05,0.32330278213337,0.132116963207332,6.6746907486345e-05,0.179234762297932,0.360925637241461
8220,3721,0.00716780760610373,0.00914947880243426,0.000242105206555378,0.0695703058976736,0.299063530920061,0.00119984577078477,0.177057067770116,0.436549858026271
6358,8395,0.000299838441141571,0.00103350795800064,1.11143483577894e-06,0.451337638193182,0.195611346868588,2.74718538318853e-05,0.106906301052915,0.244782784197506
5943,9834,0.000255749997813749,0.00109830644541125,1.45802897149031e-06,0.444282931282506,0.190341640402524,2.33654656438064e-05,0.0952737776719315,0.268722770705198
6289,7077,0.00126174993652016,0.00642982653607596,7.03168393881769e-05,0.364531020671994,0.129223409985473,0.000203301862025808,0.196764548848307,0.301515825320216
5187,6836,0.000617084699750044,0.00459637774071033,1.52325864416547e-05,0.318697940177674,0.140472891532467,3.75600191714476e-05,0.128940004671215,0.406622908572571
8150,5040,0.00413264882238494,0.00805469995526917,0.000238154196134039,0.116970741170105,0.330385381793216,0.000343934314403173,0.206539636986601,0.333334802761887
9595,10195,0.00278098732815523,0.0038973066579012,5.91658894919964e-05,0.266618216523488,0.199571783017705,0.000377396664466411,0.155823809108276,0.370871334810517
10079,7198,0.000698337950766958,0.00539428547590043,5.27887499918475e-05,0.438349532640115,0.083217412816165,2.52115382782198e-05,0.126750066873477,0.345512363955305
5324,8035,0.00376955083932512,0.00662470642597735,3.42072536846988e-05,0.180300826634129,0.173149415929823,0.00105246410402518,0.078924054241215,0.55614477457182
5875,9714,0.000273752490022028,0.00134826798107122,8.4411469442397e-07,0.490905876455842,0.14177140008481,6.19257030076759e-06,0.0447392145484343,0.320954451754826
4016,6476,0.00268503249971713,0.00659018027907736,3.06077045059312e-05,0.185409746221054,0.116361936212522,9.50701261849683e-05,0.275830273431902,0.412997153525037
9735,4681,0.00118269629040571,0.00252040128969151,3.7660759156735e-05,0.0679618314399591,0.318250387238144,0.000195788492866431,0.10191702213384,0.507934212355936
6084,4799,0.00127688962602464,0.00630867589725216,8.55971107492823e-05,0.076680332336306,0.0677333918707542,8.93363361627231e-05,0.598359150281568,0.249466626541183
9254,3362,0.00356056117897295,0.0102252875593773,0.000324523132634072,0.0429083078528227,0.247751841058474,0.000600121014781188,0.112369533143323,0.582259825059615
8699,10075,0.00530330070363649,0.0418271669573098,0.00848148858035928,0.225262582955511,0.0696508736331352,9.59033278460667e-05,0.371499445497816,0.277879238344386
5808,4799,0.000212100858550973,0.00199567869442316,1.36109797180909e-05,0.258771033859359,0.0539951826317128,5.21493858755054e-06,0.424192705186601,0.260814472851047
10217,5041,0.00288106627579371,0.00199676960158784,3.69027320049854e-05,0.0333306138109766,0.368605202748433,2.92174485058905e-06,0.109714917666371,0.483431605419982
9458,8517,0.00565116312066472,0.029426845227483,0.00205869406299403,0.216425045827375,0.0671133070073196,0.00238084853269878,0.449087925802045,0.22785617041942
10012,3003,0.00330002230836611,0.00892307006872342,0.000492686380999944,0.154798074965004,0.163914451268286,0.0138020026891758,0.19117775200447,0.463591940314975
5806,9115,0.00105486908957052,0.0025315341615491,2.75419081699564e-06,0.336077600984185,0.160601526547403,2.82729103593603e-05,0.160741106066034,0.338962336050081
5188,5158,0.000564455432701433,0.00410984247942966,2.89700808342759e-05,0.209469039052988,0.0599765842788921,2.87949364895556e-05,0.453376615820636,0.272445697918028
5394,7196,0.00257771665162549,0.00857880200678702,3.87120874489889e-05,0.199412628042622,0.183304529626882,0.00067154651540187,0.110259782714148,0.495156282355084
4705,5997,0.00176020051070084,0.00344773789667215,5.21252306390944e-06,0.415734883831254,0.139638915039831,0.000104892150943012,0.158541759175104,0.280766398872431
5736,10673,0.000605717691987986,0.00448917064520327,1.64297016778279e-05,0.465987174459306,0.114575954998469,3.74038712326321e-05,0.0667019476766427,0.34758620095548
6426,9954,0.00114367705315348,0.00415936422961015,1.69846159267088e-05,0.47823519715851,0.11019518891994,0.000100082543148147,0.134041414412732,0.272108091066979
8562,8636,0.00521903415923784,0.0227702318513375,0.000504486623025716,0.229000841901745,0.144900596085652,0.00208335211885705,0.27206596121422,0.323455496045925
8630,9715,0.000795073526184887,0.00707289348747343,0.000183568555636556,0.327108741823233,0.117991098648119,5.80175139916745e-05,0.160122839144843,0.386667767300519
6497,5039,0.00105037461165547,0.00408810002808357,3.04137667540424e-05,0.182079777529395,0.108909122938245,3.46917768080952e-05,0.378366083719828,0.325441435629231
8562,8876,0.00436742681281251,0.0139477615873624,0.000258570370081798,0.262560319053068,0.12763297073138,0.00189748778634732,0.245709266460443,0.343626197198504
9529,3122,0.00235915991484283,0.014282126713791,0.000212928748228087,0.250527465376358,0.131767512438177,0.000319259259409817,0.251576344750578,0.348955202798614
9254,2882,0.00188902161468749,0.025752454407145,0.000892086067389844,0.246368969395789,0.145668897972661,6.22929468417325e-05,0.202131456809619,0.377234820785867
6912,2162,0.000984915707166214,0.0143496211214774,7.29683970417023e-05,0.0636296815509743,0.053297680868683,2.70095246446475e-05,0.584936543093278,0.282701579736734
3259,3479,0.000814935352821404,0.00255548357834975,2.03665397595571e-06,0.309736330941614,0.235541952081698,1.41205217983231e-05,0.0971938103087544,0.354141330560988
3878,6476,0.000846817459372529,0.00389717557197423,2.07690499666528e-05,0.197331365947093,0.13043088255898,0.000315683705759445,0.198340354686656,0.468816951020199
5532,5997,0.000805607876434057,0.00618860528811217,5.21418144577191e-05,0.329285082695238,0.203338559216071,0.000113134699705529,0.117829646144491,0.342387222265491
3603,6476,0.00113003178478876,0.0146267140788356,0.000102318594951366,0.279035206890353,0.0575674646231041,0.000102686484557624,0.321335176983253,0.326100400560157
3465,6476,0.00305157261756974,0.00587225401038079,1.21258729443841e-05,0.172900722164714,0.15447254390176,3.61010852391183e-05,0.28198700454596,0.381667675801432
8563,6239,0.00284073180163177,0.00888486743831824,0.000842244397573526,0.0865814120934454,0.278208041611867,3.19599343863951e-05,0.078105382074007,0.544505360648771
8219,5639,0.000699824196135802,0.00335755973085551,7.96075982905595e-05,0.116064770710693,0.311352540533173,0.000180216939654259,0.071498394039206,0.496767086251992
6980,3720,0.00251435002617206,0.016874910184927,8.1655524638966e-05,0.0760828173065371,0.10505720336295,4.73950737789882e-05,0.416551979215401,0.382789689305594
4979,9594,0.00101515737938478,0.00309689972761071,4.42382717803795e-06,0.328989673376362,0.157399493760139,7.75653591215212e-05,0.0887264705355035,0.420690316034701
7944,4920,0.00469688085513562,0.0109659897868556,0.000166393219296373,0.13187060598523,0.266076279197045,0.000770340524141968,0.256734194119305,0.328719316312991
3671,6596,0.00359053585199763,0.0056887003498285,2.5193007592275e-05,0.203146082155808,0.177768042438441,0.00025846311107748,0.193071514043643,0.416451469041613
5944,7916,0.00115611253553608,0.00496889973152887,1.60835603949299e-05,0.249384363492465,0.14207093798319,0.000261387236897969,0.0904901277295197,0.511652087730467
7254,7557,0.00103694804950806,0.00603584992048903,0.000158514859912795,0.302976405185505,0.13799554649975,8.5168097362179e-05,0.186930086072837,0.364781481314635
8979,1923,0.00259892264462808,0.0247764394635793,0.000759050854508172,0.0898604811023998,0.180975639042339,1.37242597674804e-05,0.181273806118445,0.519741936514333
8358,3961,0.00255238833384066,0.00792111095091608,0.000154002613873301,0.0489470596479334,0.291310104160267,0.000378784541291596,0.271247447479852,0.377489102272025
7735,10074,0.00579503531417883,0.0283252953372657,0.000348640516727985,0.234180646998121,0.131152839253797,0.000289248985523158,0.257896997656504,0.342011295937883
7530,6838,0.0020415113950567,0.00746956382394131,0.000131672646107297,0.282689278057459,0.249013084658937,3.92660515013604e-05,0.095003504917726,0.363612118449272
4704,8874,0.00065359389915595,0.00274421723040723,2.91984021873401e-06,0.437171588947236,0.133802751772155,4.33867317600545e-05,0.117426784681882,0.308154756897186
6702,8276,0.000711571829437528,0.00440824332100758,4.01243198863129e-05,0.376078609520249,0.16838673153176,6.67408134954642e-05,0.0979896927953909,0.352318285868773
6977,9954,8.75854152934632e-05,0.000630132595049505,3.06766015346973e-07,0.594624856379965,0.154180892724577,1.48325859157868e-06,0.0817432532717672,0.168731489588742
9596,8037,0.0015691924079173,0.006797962414947,0.000229379959360578,0.370021977544619,0.083703197143792,5.08101575272493e-05,0.139219715745368,0.398407764626469
3742,3359,6.17692888977138e-05,0.00442868293171259,1.99944167244365e-05,0.321862594030378,0.188828196613199,1.92751632368147e-05,0.145286237035092,0.339493250520759
7186,3840,0.000938101098975411,0.00622958015781614,6.7354480178539e-05,0.0136174268537957,0.075057140314068,2.39515228812153e-05,0.622942686004597,0.281123759567688
8011,7677,0.000574272125138529,0.00772315087993689,0.000161013174128012,0.449630104174115,0.0922577772311058,2.38704935442263e-05,0.105362832894082,0.34426697902795
5531,6957,0.00160560769336837,0.00668125927930059,1.51948926602819e-05,0.250664560117903,0.169869345536101,0.000179600694114627,0.13964822745559,0.431336204330963
4566,8634,0.000305188470412738,0.0020962241818562,3.64555989287726e-06,0.553329634936496,0.10578764493531,2.11653983976912e-05,0.120199797835316,0.218256698682319
5118,7436,0.00393268438062967,0.00637626777751206,5.44432526343458e-05,0.0993502907344173,0.184775411265336,0.000631981289829932,0.0920958742001048,0.612783047099536
9392,2882,0.00279865949566578,0.0227534647316228,0.000951907612242883,0.321805577753086,0.109732993515523,0.000113495610608184,0.123399547202129,0.418444354079122
3121,3958,0.000167724368626202,0.00410461003700079,1.45659403374582e-05,0.110349443218043,0.0272889035433537,2.42746612745193e-06,0.72792753130787,0.130144794118641
6979,5159,0.000493473660986268,0.00212922827678787,5.70723625135771e-06,0.423831564362085,0.158061762935027,3.33095305577659e-05,0.148042705015621,0.267402248982683
5188,4679,0.000965676268043967,0.00987524145932737,0.00053498444841615,0.182005449724017,0.0936875940883051,6.12738602038768e-05,0.448484828016189,0.264384952135498
7597,9595,0.00418856117323817,0.0348053505479114,0.00297962397115034,0.198582501137141,0.0743867105101948,0.00124867273921691,0.351462183728111,0.332346396193036
7186,4080,0.00176938322556873,0.0154269520658677,8.52355858163168e-05,0.0711762627288103,0.165874215430153,0.000110934882341506,0.265977248061978,0.479579768019464
6085,2881,0.000164503210909165,0.00195774405665731,3.34486935237861e-05,0.28717356996534,0.0254178936991895,2.30174489851813e-06,0.45976856016464,0.225481978464842
7256,1563,0.000942067682779672,0.0106106503050186,7.31341346050087e-05,0.322761083211491,0.0689152775149847,9.00137061873719e-05,0.283513667382948,0.313094106061985
6911,2881,0.00253596738555058,0.0256302695919178,0.000223296832812465,0.100314434313641,0.135568336351953,8.61937523001649e-05,0.284037171651798,0.451604330120026
5325,6597,0.00260863555002862,0.0116069753287485,3.46015303073527e-05,0.246646565057497,0.151695480187716,0.000378540289299097,0.243004652047473,0.344024550008931
9320,9476,0.00478404218590165,0.0213680696178486,0.00190714131297015,0.289016671034301,0.113472314957554,0.000345681295247918,0.222236989916971,0.346869089679205
3809,7795,0.00113513707208171,0.00345719683631412,1.09302388787701e-05,0.361987972258153,0.161454237008988,0.000129591041907953,0.141698408853498,0.330126526690179
3535,2760,0.00187870620319524,0.0161910200952687,0.00015048728504336,0.0429659053169208,0.101700349259486,9.3995294248648e-05,0.621542056945364,0.215477479600473
7599,6478,0.000773509647810476,0.00656019346404559,0.000147943629138043,0.277722121329895,0.186467821116182,3.01466860826924e-05,0.203046373440222,0.325251890686624
8563,7677,0.000283888255556941,0.00547845722104751,0.000122286707737782,0.558790389112966,0.0517971092708794,5.78065165953507e-05,0.114508158854591,0.268961904060626
4152,9833,0.00171339196155082,0.0034122929728142,1.04363459849302e-05,0.356946238955976,0.120479080711409,0.000334923781130852,0.220639209498349,0.296464425772785
9806,1684,0.00353068453499133,0.0280924423959988,0.000777022027231917,0.306169830341953,0.120795980220227,0.00016660673941633,0.172867630711782,0.367599803028399
8907,6838,0.00312436632645094,0.00684139370685923,6.72154791692605e-05,0.335429307187389,0.198791088652937,3.64380996541821e-05,0.152877338173081,0.30283285237446
6564,8276,0.000212731227831483,0.00211329447065499,6.06281445741446e-06,0.370376357032861,0.318042987405075,1.74339302556235e-05,0.0831790813985758,0.226052051720289
7322,9355,0.000282092222612672,0.00329801617622675,5.53718514969055e-05,0.0593180370251919,0.039238274453395,1.20413235153284e-05,0.7041212985139,0.193674868433661
7184,9115,0.000141495442673674,0.00325708073155235,1.25468559230113e-05,0.541610250898488,0.102230923146198,1.26241270115888e-05,0.105178485120811,0.247556593677342
6910,5998,0.00181665884291727,0.00983526291685423,0.000117797022068492,0.240445068785136,0.208993854650096,2.29850584697838e-05,0.151658136872214,0.387110235852245
4153,8874,0.00051186751429127,0.00268173366834234,3.69721621664868e-06,0.51731950658922,0.0718193768159555,0.000143403247274385,0.157612968138841,0.249907446809859
6908,8875,0.000106447652137904,0.00129554119464523,1.82304847598739e-06,0.578957520810028,0.12597447200546,3.23367388609509e-06,0.0961811854327825,0.197479776182583
3536,2520,0.00201899152899548,0.00780255407239834,6.71636401820798e-05,0.251480787793571,0.20883895935639,0.000275509029455079,0.159895256512629,0.369620778066379
3467,2160,0.000372137469801183,0.00428929537608845,1.28791808874537e-05,0.291239166819417,0.291815728020203,1.69609450020093e-05,0.0579942422942458,0.354259589894355
4774,6117,0.000888095119868182,0.00330288279830906,2.43827163884318e-06,0.373527137527978,0.145062165667288,4.57501868302559e-05,0.124276797723915,0.352894732704173
7049,3840,0.00292841986166627,0.012693443849974,0.000134647889572721,0.0644833093491977,0.127358508321594,0.000494856820048975,0.421557566900271,0.370349247007675
3603,4558,0.000138319061488925,0.00173366275041806,2.84527988683618e-06,0.441759937850294,0.162534110943035,3.21923045569199e-06,0.127219315105274,0.266608589779147
3053,3838,3.52799944137758e-05,0.000825192347410578,3.62894404721065e-06,0.0253812595251163,0.0273097111504596,5.2963978229091e-06,0.847295383937792,0.0991442477029371
7873,8876,0.00161708054951747,0.00624312356279266,0.000127221571314811,0.289532205379577,0.159675189385725,0.000488165904954188,0.0657749533527582,0.47654206029336
3673,2280,0.000248836095378721,0.00360727977917597,9.56134054183187e-06,0.310964942523296,0.364165522916334,1.21661067537646e-05,0.0749847664466119,0.246006924791908
3739,8394,0.000415148684731672,0.000642758732219027,9.30168316052214e-07,0.326369294846366,0.20132764153317,9.48721518009068e-06,0.099961828969039,0.371272909850978
7392,5878,0.00133068763071256,0.00331880755940064,9.33923373130863e-06,0.183675380283662,0.302414548467239,1.1497279542932e-05,0.108896052848417,0.400343686697294
5392,10073,0.000421435650535399,0.00113558541118537,3.56988341190795e-06,0.488556051877287,0.108972218121978,3.62673990910656e-05,0.128454713859546,0.272420157796966
7049,2162,0.00125252671800637,0.0196044643775319,7.3353171527289e-05,0.124513152147684,0.0935518882055319,1.92708226153106e-05,0.430243102109123,0.33074224244798
5188,4918,0.0015539778051388,0.00592130209498734,4.4094154285232e-05,0.0994793024998757,0.0344177848414468,4.37573357518922e-05,0.676411734023057,0.182128047245457
3329,2640,0.0046277255259588,0.0200704773118276,0.000214575490008878,0.213275118120673,0.189767840873528,0.000116194381244882,0.268801430285265,0.303126638011494
5599,10673,0.000856715364899703,0.00282079832313339,4.07308377908511e-06,0.382120324272638,0.126111304789496,3.04347002702726e-05,0.0543388306401052,0.433717518825678
7736,7437,0.00241598618526499,0.0091820839305341,0.000176332322227665,0.387027758643892,0.164660588847456,3.71024840715249e-05,0.1059024587196,0.330597688866954
8289,4081,0.00396088298294041,0.0078073566636422,0.00014414752508012,0.0547803566712621,0.252521118585281,0.000601549548839334,0.27761710156695,0.402567486456004
6219,9354,0.0014504385878848,0.00577878415994953,9.93485534535513e-06,0.371028245464848,0.160254192123311,9.54524547172924e-05,0.161816043282967,0.299566909070977
9665,7918,0.0032222717573491,0.0112547098633791,0.000285396192970491,0.336108786735609,0.111714950432151,0.000111136164873031,0.153201056951963,0.384101691901706
9185,2043,0.00263051143120556,0.0474353745921295,0.00216292157410229,0.116269941830785,0.170462901150685,0.000453066661409404,0.310855665486373,0.349729617273311
7599,4800,0.00238605854202912,0.00716454418287239,0.000335069074161618,0.00314133160079265,0.164515136899186,0.00147851061062573,0.438609029155614,0.382370319934719
4981,4559,0.00351382658075715,0.0120804418763685,0.000121506667428173,0.204861562242698,0.142913071426466,5.38601483026167e-05,0.310075307338184,0.326380423719796
5600,8035,0.00121429734259461,0.0037798832040119,1.56366773150715e-05,0.293924383536635,0.154700998792084,0.000158061580241317,0.0717510906050157,0.474455648262102
6151,7556,0.00230992288457375,0.00728546544631098,7.26430421889666e-05,0.152906724064419,0.107158684186347,0.00141042547303957,0.461244541658774,0.267611593244346
9251,9116,0.00319616146760314,0.0456654568501085,0.0189730554507213,0.31976585686219,0.0624948301211408,0.000553095037837642,0.180089454933999,0.3692620892764
8011,8636,0.000806812587940127,0.00692291601289072,0.000192002613600204,0.380109858425165,0.105613524420143,5.97244029353643e-05,0.0917557449998267,0.414539416537499
3189,6476,5.7463130887443e-06,0.000388265094900335,3.78714474977684e-06,0.0212591530088672,0.0172550708117865,1.2745880623818e-06,0.751226025378672,0.209860677659873
5877,3720,0.000252042016150064,0.00188544583531876,3.39244095082574e-05,0.285227208854818,0.0412283513910359,1.34864543780913e-06,0.447251907689538,0.224119771158193
4224,4199,0.00128993532995446,0.00565935757442883,7.24195702725964e-06,0.198467477056412,0.101679131437575,3.24515111848341e-06,0.391425835799984,0.3014677756935
9116,2882,0.00219535374525831,0.0197949876380916,0.00106312214895437,0.207650610276857,0.125908719682771,6.43068501713316e-05,0.162236999152635,0.481085900505262
9803,6959,0.000831371527029906,0.0127598477635926,0.000603057335590303,0.441973046923684,0.0868400895677917,3.5497692076308e-05,0.133883918332112,0.323073170858123
5534,2401,0.00162387037740967,0.0152925379008501,8.13967541040735e-05,0.0814065462218028,0.105092432156807,1.23969941688738e-05,0.442762370008533,0.353728449586324
7393,3241,3.5690774228161e-05,0.00271513983784596,1.5702581925798e-05,0.00627443218619044,0.0197699039631152,5.46562848200787e-06,0.826437880841323,0.144745784186889
7324,3601,0.00110352679363505,0.00907067890959404,8.50170221347335e-05,0.0467713366384511,0.0959342929434711,0.000102943841499171,0.455351366664361,0.391580837186854
8494,7078,0.00154377354044838,0.00804188929043484,0.000157255700346784,0.389091070445953,0.0922257200253903,6.64276541951347e-05,0.187811598383743,0.321062264959488
6633,9594,0.000656803709095494,0.00545741517500891,1.39334730371221e-05,0.539130689126968,0.121936470600896,8.21962182186354e-05,0.118832505822913,0.213889985873862
8217,9715,0.011204924414744,0.0507727276775175,0.0107536637498563,0.379409540705716,0.106531252850848,0.000672778231657024,0.112565691805432,0.32808942056423
10081,2643,0.0145438723725361,0.0381837265494772,0.00101887453079319,0.221769332099804,0.185309796036123,0.010247444594594,0.279003492033447,0.249923461783226
9388,9596,0.000538262698632262,0.00394209897775417,6.11545788786992e-05,0.196820470970694,0.090828380626943,8.81537609577126e-06,0.303860776127438,0.403940040643564
7046,10074,0.000832837168298775,0.00709955277480495,3.11151063306457e-05,0.409444839647363,0.121077894592842,6.45104845080375e-05,0.217793983727763,0.24365526649809
4083,9953,0.000550445574972376,0.00375724761631447,4.00948006356328e-06,0.406583862325579,0.153471728987597,1.80541280298317e-05,0.163831911111372,0.271782740776072
3120,6356,8.88688802564071e-05,0.00162089956344778,1.9451000823413e-05,0.181356310395993,0.0582959037529054,1.32525575492111e-05,0.418410439085687,0.340194874763338
9252,7198,0.00260185835868444,0.010872515622831,0.000463134612349289,0.470521661851045,0.0958972008880748,0.000223868749337616,0.138176130800526,0.281243629117151
7049,2402,0.00218070247969116,0.00665627378541723,4.80187653086592e-05,0.250859172767881,0.126852268617894,5.61882499942866e-05,0.252703600977635,0.360643774356179
6429,2282,0.00159978073598204,0.0167540513047102,0.000301838797172078,0.0309031475038407,0.0689523090757031,0.000241208481611399,0.672546660811228,0.208701003289752
7460,7677,0.00146849312329966,0.00920186903294939,0.00020709261139726,0.304749115065422,0.155863821672526,1.95771567048147e-05,0.126996831030929,0.401493200306771
4910,10193,0.00300321629223119,0.0060897210403369,7.76718435968679e-06,0.266605244340227,0.143430819185728,0.000225570532667466,0.164592868947771,0.416044792476679
9668,1684,0.00810722551389814,0.0193331940141115,0.000330965810076162,0.186539134082203,0.154204554445467,0.000763754554530131,0.274918060103318,0.355803111476395
4361,5877,0.000813619769315295,0.00618517450409614,2.40230958338966e-05,0.282013107183352,0.0905282732616207,5.77362166899308e-05,0.196363185714749,0.424014880254343
3466,4558,0.000147544621211206,0.0012604095283092,2.04171079103143e-06,0.507129215253925,0.121550328612034,3.19786083084796e-06,0.133713368862544,0.236193893550355
5943,10313,0.000127656091178322,0.00102841184671603,1.53947213558165e-06,0.620832271352395,0.0769573342680356,4.03985071205656e-06,0.0885625944543648,0.212486152664463
10218,4561,0.00418586959244463,0.00385643883115741,6.21704034099074e-05,0.0121649122013355,0.318279391462512,3.5267421990652e-05,0.118047261447969,0.54336868863918
7460,7437,0.00173113230519919,0.0103468184166261,0.000189118617426356,0.335662385970114,0.17184192286443,3.64123742201343e-05,0.0921691779329022,0.388023031519083
6153,4200,0.000942328816940615,0.0120222084542993,0.00029909573829195,0.119938879205219,0.0910179625100692,1.71067347463676e-05,0.403695436287638,0.372066982252795
8634,2762,0.0045704782444491,0.030493313250968,0.00309370975037151,0.133741439443065,0.181584676436746,0.000191869278131636,0.153295961392158,0.493028552204111
10080,4321,0.00202795734078604,0.00374841636726274,4.84283123701929e-05,0.0353866713278236,0.301897163874933,0.00027250617458971,0.196813281381409,0.459805575220826
4500,1801,0.000172804721586879,0.00181181466207011,3.18313298209787e-06,0.221366678128851,0.164849085721993,8.4334064769385e-06,0.378446822810412,0.233341177415628
3327,5757,0.00049732316090104,0.00248626324144767,4.00150640407966e-05,0.115290455348446,0.0725725646344231,3.7767391093974e-05,0.387589886147885,0.421485725011762
9737,1804,0.00528203805131307,0.0191100928515044,0.00148609489799497,0.216566711321796,0.173034800955061,0.00653169338346703,0.212475562487248,0.365513006051616
8631,8516,0.00148315868315923,0.00960462603129723,0.000214030459219884,0.318588913168449,0.111466746403133,6.52624440548654e-05,0.139390663578884,0.419186599231802
6359,5998,0.000591072546796723,0.00636694622454427,0.000103002070472166,0.211304059494239,0.0934121765973093,3.29964663571388e-05,0.360687780289969,0.327501966310312
10215,9836,0.00110100184147016,0.0037232169212642,8.90934029392946e-05,0.127898572928346,0.134230733281569,2.78075180619931e-05,0.00931708712340008,0.72361248698295
10078,8877,0.00113052126289764,0.00950872368195468,0.000871783618462195,0.0143066303717926,0.0155152335334762,0.000123230317974666,0.761793366091831,0.196750511121611
8288,5519,0.00201068469293264,0.00715127888560422,0.000145899948696391,0.06297423168966,0.322447246043795,5.41939355040436e-05,0.0461788679973395,0.559037596806468
4636,5637,0.000308540895877558,0.00404927878573948,4.41154365320007e-06,0.341061939996873,0.167189909199503,4.63575326444501e-06,0.119310214404786,0.368071069420304
7806,4920,0.00509463338657311,0.0107889195286458,0.0016366499661138,0.0505456337070009,0.228909368565992,0.0037010765134117,0.137273942990753,0.562049775341509
9943,2643,0.00197366845726568,0.0123971358296783,0.000745843600303352,0.258295525964608,0.1790386025061,0.00100447980823135,0.216578171682167,0.329966572151647
8770,6598,0.00632529358103025,0.00701235034261487,4.5881745022851e-05,0.192136424926807,0.234555660368154,3.47762154805989e-05,0.196620693225904,0.363268919594986
9392,2643,0.0017553301166259,0.0260976833385054,0.000928949727983175,0.317032717327338,0.11843087171945,4.10593013633637e-05,0.244253659347685,0.291459729121049
9873,3962,0.00126966304939243,0.00461618430857954,5.80056012014478e-05,0.115013814864808,0.276088554145579,6.88019174966751e-05,0.0601595250102164,0.542725451102727
9320,9236,0.00227102550521447,0.0102152914754336,0.000719959037968635,0.216240304139319,0.120473884582103,0.000241677205930371,0.0910922075565421,0.558745650497489
6291,2761,0.000538262390679737,0.00549213330424856,7.5308209227255e-05,0.183516686437215,0.0367039567357146,6.92083099787185e-05,0.540101186420149,0.233503258192787
5874,10193,0.000184413888879336,0.000633731086845798,3.95274656442954e-07,0.590322436978365,0.0963942431417368,6.79250950145047e-06,0.0904211993309622,0.222036787789053
3603,5037,0.00104121886283748,0.00686055443763347,0.000120164561032272,0.079563405917556,0.0639222451748974,0.000102138901050677,0.553822668506384,0.294567603638608
4430,5517,0.000683901087683352,0.00251354408542871,1.63612653864177e-05,0.211373717187668,0.117210737273342,2.06232570368903e-05,0.222071076697262,0.446110039146192
3949,2520,0.000437306316175346,0.00281140359202635,1.00462420584633e-06,0.262012293928761,0.294151295382637,3.16957815400007e-06,0.113484163751152,0.327099362826889
6977,10434,0.000271550724412642,0.00221578922335045,5.11088012333923e-06,0.533471464100574,0.159559594693188,5.1560904164627e-06,0.118154447981668,0.186316886306266
7393,3960,0.00170923693475775,0.00696985880109796,0.000170164178119572,0.109448343890246,0.143273591171264,0.00230395431786625,0.435769356207755,0.300355494498894
9940,9596,0.000578264509602792,0.013230322121056,0.000453829728685315,0.161209757055855,0.173651284381602,0.000380378662345945,0.216936056203431,0.433560107337422
6702,8516,0.000236735963368657,0.00296217617884238,1.89402399207567e-05,0.483066335557956,0.0944642100864982,7.89582858260357e-05,0.104592018610498,0.314580625077089
9045,7797,0.00114197132942257,0.00858281856949701,0.000300350972876158,0.415156878224009,0.0872834791291704,0.000158435697646301,0.137698813017191,0.349677253060188
3603,5757,0.000520350328105109,0.00405257869833553,1.75724246948083e-05,0.270896895424365,0.117724673243953,5.45959040009949e-05,0.251319457615398,0.355413876361147
6223,1682,0.000559553353275964,0.00488185622311858,7.80793263002149e-05,0.0463909772923963,0.0471992944010775,1.09004992767408e-05,0.615805670572632,0.285073668331922
8357,4920,0.00276488606256289,0.00709188447589486,1.43670237039498e-05,0.166021163322116,0.289085660565425,0.000214780821430415,0.180397902206252,0.354409355522615
6426,9235,0.000185173848913408,0.00100287731414739,6.72762893848389e-07,0.469126487660828,0.216913224504827,2.4896742951161e-06,0.113824848647416,0.19894422558668
5737,9234,0.000288796390772939,0.00122802361523732,2.36557186114225e-06,0.433725570702862,0.162648292285805,1.43753382824578e-05,0.0963916127160815,0.305700963379098
4844,4319,0.000821383131906992,0.0130894894961992,0.000895951684878195,0.330740544820143,0.0658135569431378,2.5591484967021e-05,0.248422570633711,0.340190911805056
3810,5157,0.00135729654870259,0.00961863976451757,0.000230155864163333,0.0772606085588773,0.0483647766570439,0.000281157753849603,0.529511308794456,0.33337605605839
5394,5758,0.00173134248538972,0.00659475766049754,1.87778221719195e-05,0.294305011541774,0.189144270596679,5.40114377963384e-05,0.131997141408175,0.376154687047517
6908,9834,0.000209203439795461,0.00107941083839275,5.383032564018e-07,0.49433729353617,0.150634823845513,2.7963779913157e-06,0.0908991834971944,0.262836750161687
5325,5398,0.000687014149268188,0.00514536603628588,4.26737888935537e-05,0.303406805497528,0.0659784736653318,1.66426371926872e-05,0.398944560668765,0.225778463556735
8013,4320,0.00390326235694282,0.00962714105886821,0.000143647612991807,0.0071140092139913,0.352084916862272,8.72727788077733e-05,0.143866619121317,0.483173130994809
7669,2522,0.000736377007660892,0.00636722728341928,2.73788923059244e-05,0.216329972458686,0.112973229796345,2.00780807491095e-05,0.308765958455531,0.354779778025303
6222,3600,0.000161922069497717,0.00289266013065663,1.47195654694031e-05,0.13633276226305,0.0449327250420801,5.36453395235569e-07,0.533321361191652,0.282343313284198
4225,2520,0.00100424182095591,0.00313944369727663,3.12569201525971e-05,0.144624013433273,0.104041469763954,1.27104475717751e-05,0.410425556920476,0.33672130699634
5947,2401,0.00107869936476672,0.00768298926731511,5.50471136892212e-05,0.198652637705627,0.0854680237946484,1.314225395093e-05,0.437234382795339,0.269815077704664
8908,5160,0.000724664782112662,0.00177061678869358,1.84054496579698e-05,0.102088204977855,0.307411866328758,0.000115560202219171,0.0599624895584688,0.527908191912235
5737,10193,0.00276655690838934,0.0071064245554554,2.44559447592985e-05,0.437844758566253,0.126374411857948,0.000386843142836207,0.136260632816029,0.289235916208329
9595,9716,0.00077229167274063,0.00686842114615701,0.000465081025179206,0.170185626310648,0.130512514108056,1.16779841618786e-05,0.136172127397254,0.555012260355803
3879,4318,0.000243893320136072,0.00217192207205837,3.14302147689263e-06,0.425484965278446,0.22137711309499,7.38493497311073e-06,0.069045082093082,0.281666496184837
6153,3720,0.000696743507345131,0.00332316731729271,5.85187019991049e-05,0.162333421270287,0.0603151725139869,2.20744335054354e-05,0.499633229940502,0.273617672315082
3328,4318,0.000238257475741316,0.000898810358452958,1.75798033390905e-06,0.475336518540474,0.155899876900167,5.01980482983723e-06,0.161800023882428,0.205819735057573
4153,6956,0.00138739324110641,0.00392085437866669,1.59518098722807e-05,0.210157575967474,0.0996053702116878,0.000162799714722648,0.288802726786903,0.395947327889567
8979,2163,0.00331527445617394,0.0332722904352256,0.00164448697904717,0.0492574106737674,0.19410278493208,0.00026401557060277,0.280644305484607,0.437499431468496
9321,6599,0.00342292700392149,0.0069809175985306,0.000469361574954065,0.376897293071936,0.161584846734292,0.00030670473196276,0.0668130343980139,0.383524914886389
5395,5038,0.000157636365340871,0.00185875716051333,1.31363289846956e-05,0.378398397528899,0.0603611670867254,8.28556164864619e-06,0.267600208081309,0.291602411886579
4084,8514,0.000295490856239137,0.00145145976521324,1.17306766871632e-06,0.539419631528139,0.148392444766866,3.69185628096244e-06,0.100782635060291,0.209653473099303
8562,9116,0.0058242205323717,0.0126248835517775,0.000318012086647413,0.330007256030017,0.113676582768454,0.00257164561083473,0.222552643566593,0.312424755853305
7600,3601,0.00521886803255923,0.0149016677781509,0.000782471091237115,0.0433665812803603,0.15033495037628,0.00553154903555367,0.408384188356921,0.371479724048938
7187,1922,0.00106043194022644,0.007466977492591,3.14017741145731e-05,0.0661979917518016,0.0418245933867542,9.85278311928333e-06,0.693111192378111,0.190297558493282
7048,5039,0.000323818448226148,0.00159434323731995,1.89821265015518e-06,0.382170196664814,0.222815447991762,5.79290702513717e-06,0.113694914659985,0.279393587878217
7597,8876,0.000585436284201599,0.00788294413595618,7.00333303538214e-05,0.189449301171825,0.068878891943759,0.00213921082382402,0.468257125852949,0.262737056457131
7118,3481,0.000400815869554615,0.00555704219016199,4.63277266472521e-05,0.0162838666964525,0.0435627268405564,2.8142621695364e-05,0.737865298118726,0.196255779936206
5946,4319,0.0005998362592383,0.010331943377812,0.000120101886485323,0.145013063680661,0.0821163718959826,1.40403042502797e-05,0.503432162478861,0.25837248011671
9940,8877,0.00778487574952027,0.0143346639661934,0.00083965216114813,0.108757296407368,0.0705029327808043,0.000656250708069444,0.480315716060115,0.316808612166781
4844,3839,0.00245402485342288,0.00246399066309654,1.08260321959931e-05,0.191783750421531,0.149096655551387,3.81249414351112e-05,0.296142826653656,0.358009800883275
4292,5517,0.00148703475364087,0.0100129313822836,6.51573946831529e-05,0.225953452764566,0.124721745220716,0.000331758273306348,0.196756825019644,0.440671095191161
8220,3481,0.00545353517508098,0.0218592132410195,0.000967279344367686,0.0845096155425078,0.261286314990988,0.000653959020331435,0.273274894094681,0.351995188591024
4017,4318,0.000312983746864091,0.00184149061806178,6.06686587405449e-06,0.318455722525525,0.219561189665102,2.44925609598195e-05,0.0383757974478282,0.421422256569785
6357,8635,0.000325133148428671,0.00201262615489689,3.75464233599559e-06,0.51859450325755,0.127116818648246,2.3706265448185e-05,0.0903218112926518,0.261601646590442
3811,2760,0.000244463786495077,0.00453841073000303,8.24442553232601e-06,0.360907266871148,0.229708196185466,1.6433367297678e-05,0.0914705598127966,0.313106424821261
8770,5400,0.00413347592442806,0.00268647878350692,1.43933174022194e-05,0.0475245446825885,0.354813203251475,2.43397990784165e-05,0.111500740795196,0.479302823446325
4914,2041,0.000378120432334704,0.00410001230190609,6.94572804129132e-06,0.133476615959674,0.0884413707720234,3.05043242089625e-06,0.34927998692405,0.42431389744955
9254,1684,0.00614953461031714,0.0240426988778907,0.00150690284921839,0.173685849639834,0.157820525057773,4.97938200162892e-05,0.333258873818591,0.303485821326359
7736,7197,0.00135954756809048,0.00960180339879205,0.000287865827535477,0.326162262235682,0.151324920936523,1.96572220300389e-05,0.158858208427217,0.35238573438413
3465,5517,0.00110859278660958,0.0059623561625052,6.84909477727984e-05,0.186182882498772,0.0759189831528828,6.5037520540238e-05,0.280539264259303,0.450154392671615
7737,5519,0.00250069246479679,0.00645418510316011,8.5084600220336e-05,0.253620001960571,0.304242406627368,0.000253726943655431,0.138166116130048,0.29467778617018
4498,6596,0.0027725877847781,0.00630521042639551,4.22605603042811e-05,0.2514930251588,0.141663514605666,0.000211503531547541,0.107858086565477,0.489653811367032
6083,6717,0.00131648074868452,0.0103332060684518,0.000133291562403713,0.364980683665106,0.175725944746724,0.000177614408808163,0.139650773678798,0.307682005121023
10287,3722,0.00223994781631461,0.00635877401546393,9.72120579881014e-05,0.15565247944096,0.310474228218852,2.73569689336538e-05,0.0897443089133643,0.435405692568124
7050,1682,0.000668750051332081,0.0160072535135842,0.000119438564899975,0.31689803317062,0.068685842516604,5.18176525842086e-05,0.313803822704518,0.283765041825857
6771,7676,0.00105346001848995,0.00469977227957085,2.55104340808145e-05,0.362471589358505,0.142307506931128,0.000105142364360892,0.138496382472854,0.35084063614101
5462,8755,0.00241896716936249,0.00793790618099987,3.92850304391143e-05,0.199801716834504,0.144335180146189,0.000396111892496724,0.253096500494282,0.391974332251727
8289,3361,0.00570475076809358,0.0379852440651528,0.00605996529161449,0.180467179165857,0.182046428159162,0.000373522656896433,0.225916184213557,0.361446725679667
7874,7197,0.000884476757879679,0.00594337582297529,0.000139470300887146,0.357124286896696,0.130340240953114,1.11152703799317e-05,0.152116749119932,0.353440284878136
8287,6958,0.00157880471022401,0.0115601508003096,0.000209994759332931,0.32593184063798,0.129403378606946,4.89701982409565e-05,0.194809681447486,0.33645717883948
3811,3000,0.000197995679888711,0.00323218711506806,1.70994358186706e-05,0.12104047173605,0.0819887175108257,9.23019834070004e-05,0.580832256161112,0.212598970377829
4293,3839,0.000923061949845062,0.00112867961479087,1.60079200949965e-06,0.142118722285266,0.095178385448862,0.000112182006975535,0.510876479237598,0.249660888664653
3396,5157,0.00081141613175147,0.00940079242536857,0.000178324744850551,0.0703709519779853,0.0993304354185617,3.50799307997582e-06,0.439717085235089,0.380187486073314
4980,8395,0.00322955425563192,0.00730531684765418,3.12024814133461e-05,0.224246132529143,0.189508097058115,0.00133408310921758,0.142969362431049,0.431376251287776
8838,8876,0.00287261071474333,0.0146887124452685,0.000844126386285944,0.369759781645468,0.111406913856923,0.00109862953159298,0.143641206805684,0.355688018614034
4154,5517,0.000391398990328598,0.00189458418310957,9.51173969938135e-06,0.206735878509574,0.0677695875072263,8.14664790540943e-06,0.45547070865753,0.267720183764627
8632,7078,0.00160962270409258,0.00916272291394867,0.000186526942028122,0.371640181705712,0.0967631033765902,3.78196831706008e-05,0.152324810872058,0.3682752118024
7391,8756,0.000956303456899093,0.00280188339642058,3.96258976205534e-05,0.313367062804835,0.266967121435409,9.88011907183734e-05,0.120620337660439,0.295148864157658
9737,2043,0.00155294112743164,0.0142294389924518,0.000203342808370863,0.0479530942444846,0.0603680824136558,7.9073217918841e-05,0.70171253137392,0.173901495821767
7461,5998,0.00397181690564164,0.00615331998770106,9.51789068311148e-05,0.0881780075131014,0.361714202509929,8.42106920594967e-05,0.206722483646242,0.333080779838494
6773,4559,0.00051339687256223,0.00700375308504364,0.000331363924038966,0.0699585648474342,0.082830558648208,8.55471604750391e-05,0.372537714871843,0.466739100590395
8356,7557,0.00117786686964073,0.00916068224245551,0.000136538320201889,0.429285621645372,0.0940232241405596,2.24239819342867e-05,0.120526784392195,0.345666858407641
3602,7675,0.00179085483559361,0.00406979158491046,1.03343987957718e-05,0.378657715204367,0.120619004692066,5.76615107034063e-05,0.157097718148216,0.337696919625348
3535,4678,0.00175420042138821,0.00196264821693356,3.00573057362352e-06,0.336934582215002,0.212193389926448,3.96212086428598e-06,0.123577463130538,0.323570748238253
6497,4080,0.00195210470603826,0.012082980655086,0.000525276212954041,0.0971674238887362,0.112718794322915,0.000311800095518857,0.272418994342697,0.502822625776055
5465,2281,0.000982088843699559,0.00886889344138331,4.07577593964368e-05,0.103470042528151,0.0800839013841865,3.61008847969784e-05,0.481603720094714,0.324914495063672
3741,4558,0.000117537487364844,0.00379284400538501,1.15543157556238e-05,0.51917283901249,0.152002633413649,5.50408328574962e-06,0.0761159213743046,0.248781166307766
6429,3241,0.00055718564308475,0.0170389468905209,0.000198362055255242,0.0236193309482249,0.0309117370978998,3.73384167175519e-05,0.699764399858131,0.227872699090166
7530,5639,0.0026221424765576,0.00446333558320533,4.2623352045906e-05,0.209767480214569,0.301334083588238,0.000220849019259536,0.0869110592403346,0.39463842652579
5671,3840,0.00028804401039137,0.00220906488317221,1.82095725771891e-05,0.0735118044980594,0.0439417712543336,5.44279772840384e-06,0.674206406419387,0.205819256564351
7531,3001,0.00267224469665227,0.0193712713326065,0.000187578799735396,0.15710689548966,0.124117970200574,0.000209880574717229,0.30412990567567,0.392204253230384
8288,5999,0.0010075750351777,0.00720685174978478,0.000202194624414091,0.117602851714452,0.275831534061992,6.79001209433589e-05,0.142994061000337,0.4550870316929
7670,2282,0.00167281785179351,0.0117107379426423,5.30642838490287e-05,0.171158280006729,0.104691468984371,7.28231609522847e-05,0.35065508322944,0.359985724540223
6083,5998,0.000403396195268926,0.00303776138681962,2.58037930685227e-05,0.171853931029292,0.154481354154667,3.47964054852796e-05,0.182068669134322,0.488094287901077
4221,9953,0.000934514615392331,0.001365796791892,1.65353109178528e-06,0.34151684906371,0.166690581629953,2.80279546769834e-05,0.0838342355570071,0.405628340856277
7116,8036,0.000483186783315875,0.00589486855065222,0.00032752019493101,0.308374686347543,0.181504486953409,0.000347614382643959,0.0630274549619436,0.440040181825562
5875,9474,0.00051368389429327,0.00125220601874944,1.74226695764066e-06,0.465012487232245,0.177798671992076,2.93766366476316e-05,0.0945832806282302,0.260808551330801
3880,2160,0.00125126978205753,0.00316167149191298,1.52569844919384e-05,0.296703064711508,0.193817876149761,7.98865834276917e-05,0.133897149006285,0.371073825290556
8218,7078,0.00272715960256069,0.01172954685462,0.000633375711153,0.35210204309601,0.134107879848417,0.000136958070638296,0.153744355018587,0.344818681798014
8907,8037,0.00082931979186018,0.00808247945300211,8.92304030525379e-05,0.428393448099053,0.083247802251091,6.9711719279097e-05,0.181338718318104,0.297949289964559
3465,6236,0.00128985578117779,0.00543459633431382,3.9607287508234e-05,0.160202155076069,0.124307100514902,6.87379049644971e-05,0.336634872643988,0.372023074457078
4979,10073,0.00332511563952041,0.00479993013273198,1.3371382600549e-05,0.27127469852305,0.129122857651798,0.0018166407541275,0.112434776556457,0.477212609359715
3398,2280,0.0012904070694711,0.00958137855320353,2.80122600659386e-05,0.220446314991894,0.28084355929198,0.000126216390280641,0.144135520067937,0.343548591375167
7531,3721,0.00364213229583578,0.0213499814950834,0.000433356169373274,0.0942194956140552,0.178556348406851,0.00120649223079611,0.364071367889958,0.336520825898048
5531,7196,0.00215993709325014,0.00654081813142747,2.36282753473343e-05,0.231199715253394,0.151862249642456,0.000456283858607886,0.157520749909684,0.450236617835833
5531,7436,0.00406136518506884,0.00617423698734276,3.46735241953421e-05,0.220664753547368,0.134063972540727,0.00100221884122669,0.263965824012588,0.370032955361483
7670,1563,0.000260677792592064,0.00273085440161714,7.13126969409633e-06,0.463639901488114,0.0836753922893963,9.87167133780701e-06,0.183583140496023,0.266093030591226
10010,6119,0.000608484422606404,0.00135728558937455,4.38497832347403e-05,0.00303742421822712,0.291370974910212,8.69564410948842e-06,0.00421106200598409,0.699362223426252
5599,10433,0.00106006297502898,0.00529422695044667,1.68181824502795e-05,0.352301879455941,0.141789732166689,3.54524268292703e-05,0.120205308267502,0.379296519575112
9185,3002,0.00270408394330737,0.0226306349140615,0.000771520802868243,0.318346182021349,0.138728497384294,0.000329997513364926,0.168885128232216,0.347603955188538
9733,8757,0.00318932529842098,0.0140734159175225,0.000338004687964338,0.132689208298215,0.08104334851305,0.000870673505422629,0.42692586995252,0.340870153826884
9322,3961,0.00936962075863597,0.0163844654737386,0.0010502071320912,0.145238924191517,0.202004045218614,0.00142518622833125,0.161588853411741,0.46293869758533
6772,6957,0.00140933740105802,0.00208977980179799,7.74117107574415e-05,0.10505907708956,0.208436439519551,7.57819186940668e-05,0.0164354453151306,0.666416727243451
5393,7915,0.00131452154284239,0.00668195865227266,5.21693850536718e-05,0.204825072990605,0.146892364702783,0.000466408942445346,0.102373225144877,0.537394278639121
9943,2883,0.00573011739385661,0.00829183103948103,0.000814201450003506,0.115560163048846,0.231822856804768,0.0135415827228772,0.168609313083826,0.455629934456341
8356,6838,0.00208835336065021,0.007873169795344,0.000176943726403449,0.326509211446645,0.134256182566834,0.00059038647847189,0.130273225596135,0.398232527029516
5740,3960,4.20080958714207e-05,0.00157177568934034,3.6792609745009e-05,0.131866370963721,0.0115800323270423,5.83383997938109e-06,0.701243783319616,0.153653403154684
8287,7437,0.0013928332530709,0.0126555794292458,0.000231717503050264,0.414480536982977,0.104752509131868,1.66234413892094e-05,0.118865476043573,0.347604724214826
3396,5637,0.000269845828602122,0.00265875956293859,9.01064347712478e-05,0.18503773875413,0.085943315466481,2.30264576994919e-05,0.343579113128702,0.382398094366676
5254,10313,0.00130554234191236,0.00486148700981363,1.10559421231186e-05,0.390171807329844,0.14464483808392,0.000196516737915955,0.138760513463967,0.320048239090504
7047,7677,0.00126373344279942,0.00888633741290437,0.000502515360208459,0.187740782625221,0.128045518968731,4.03752545933846e-05,0.186904564736822,0.48661617219872
5395,4319,0.000269061398148833,0.00359067070306807,5.70000131066163e-05,0.240012582978225,0.0219272209740934,2.03101434319725e-05,0.454141278169663,0.279981875620263
5464,4439,0.000979043053310666,0.00248612393449871,4.38498735935383e-05,0.364801433030468,0.0481727198291432,2.9381097659558e-06,0.376026277969189,0.20748761420003
6426,8755,0.000186058842227509,0.00200409432082029,7.8840568872583e-06,0.569668882507955,0.106575199920108,6.47023708626454e-05,0.11378364700058,0.207709530980559
3673,2760,0.000697952858738427,0.00240931114119521,1.47224045087457e-06,0.347244733003409,0.250026256356149,4.61755013494514e-06,0.128535545737768,0.271080111112154
5600,8515,0.0013207124269913,0.00640505956730892,1.32453216830477e-05,0.283174281020687,0.164065473173863,0.000159051713446359,0.118336875362741,0.42652530141328
9253,3841,0.000559089024978084,0.00125815756191078,5.20284891695024e-05,0.0134217853170725,0.106714006900786,3.92825872294582e-05,0.322215544603582,0.555740105515272
9185,2283,0.00607783404929516,0.0246802142412172,0.0027352734770645,0.0737028998965459,0.0990988558907785,0.00164755905067627,0.558530072200914,0.233527291193509
8427,3361,0.00514427768861752,0.0191290549537548,0.001381307583974,0.179677968128699,0.178436018772545,0.000207449116391162,0.257490460840696,0.358533462915323
4017,3599,0.00301792046617247,0.00517070845508177,7.56807664353109e-05,0.17224273284835,0.176639642127962,2.56507762536047e-05,0.281725093580862,0.361102570978882
7323,5759,0.00259980073146833,0.00449858891664188,3.15834030863922e-05,0.203417253039207,0.295270516644502,2.4462101468736e-05,0.153093598490554,0.341064196673071
4911,8035,0.00176557105650104,0.00231216067310595,1.53354681081237e-05,0.217449231840721,0.134758970021257,0.000241373831176821,0.174933544848438,0.468523812260693
6701,9475,0.000188090906016302,0.00179358446664989,2.95261570515597e-06,0.524803599208998,0.11881220652893,1.21323593657556e-05,0.127872760751213,0.226514673163123
8289,2882,0.00149920620581505,0.0248901950247411,0.00135533008193458,0.179742340717679,0.169245746205348,0.000542339100653939,0.218371278818734,0.404353563845093
4361,4918,0.000178506902058019,0.0236451200127154,0.00337246681818894,0.237584927338259,0.0279660992791694,4.11681044095199e-05,0.403758605977648,0.303453105567552
8152,2163,0.000517127092198921,0.0106963248968009,7.58201925045057e-05,0.00594424786980883,0.0245065808607962,1.20684294583413e-05,0.796083554062573,0.162164276595859
5531,8635,0.00146204797706048,0.00500947786498971,2.69098480279148e-05,0.303268858432381,0.148177134965618,0.000711579376126702,0.123960826537856,0.41738316499794
6150,9474,0.00079604832557423,0.00468556322650378,9.92959469666009e-06,0.321771207148047,0.134041836754392,2.19148276906691e-05,0.262153271257067,0.276520228866029
8149,7677,0.00035407815486506,0.00563356211286492,0.000160872152116354,0.558053949050091,0.0879080476119777,2.90755328551143e-05,0.0765222537694893,0.27133816161574
3534,5397,0.000698970603960199,0.00525080037081167,0.000106680789592479,0.172635696398113,0.0841564237554515,6.05162743009815e-05,0.505296582991373,0.231794328816397
9666,4801,0.00125794147429342,0.00124263349136389,7.75804995286331e-06,0.0758897230888252,0.200162381205928,2.60372071726779e-05,0.0207939147534562,0.700619610729007
3190,3838,0.000186638656936624,0.00217441362502594,3.63435571015319e-06,0.342082071423679,0.131265515533948,2.72373477337084e-06,0.284777720406712,0.239507282263215
4706,3599,0.00064185735275612,0.00969495737729942,0.00072347881521074,0.0957519253147768,0.0942484865093687,7.86017955481658e-06,0.322815035376903,0.47611639907413
6567,3480,0.00438672033120754,0.0162608523304384,0.000111792646083737,0.0787640197204105,0.129977343553023,9.98496061620347e-05,0.381652116640289,0.388747305172385
9321,7318,0.000720817228952196,0.0106222770675117,0.000397994998412895,0.417018883842217,0.101235795696081,9.29477863827387e-05,0.106720712484928,0.363190570895515
7188,1683,0.000437126322043397,0.011069180963037,2.69609692227154e-05,0.357563512142929,0.096457123655933,9.24928389641527e-06,0.225856940313071,0.308579906349868
5187,7076,0.000787985378121375,0.00281696497295795,8.53361570539993e-06,0.272163839979007,0.187568038577081,2.93296361001754e-05,0.0944731633393942,0.442152144501633
9941,6239,0.00720284704788597,0.00462106585979877,6.17550338121419e-05,0.0486832323584521,0.28784772762987,5.3515129747556e-05,0.100374550783275,0.551155306157159
4567,7675,0.00111442564993981,0.00504530335160188,1.74632995474449e-05,0.206460222496647,0.139690483952302,0.000444496407946002,0.140382057058167,0.506845547783849
7806,3961,0.00187806722543064,0.00811325222717333,0.000366784045681132,0.0263030200841744,0.332284388698834,0.000661205171712307,0.109196655411233,0.521196627135761
4775,4199,0.000266747654732136,0.00189883099039676,2.13625682721757e-05,0.353028363383063,0.0805234127011334,5.33299269962336e-06,0.323072271049412,0.241183678660291
9460,3002,0.00541552526771368,0.0176405913868116,0.000352261559135964,0.264965386429725,0.187453166198971,0.000121517253698905,0.17416664154794,0.349884910356004
3811,3719,4.28773151528706e-05,0.00121314545035942,1.66754465500937e-06,0.327063623608044,0.189035322404891,8.04919244639012e-07,0.139368954428184,0.34327360432947
8424,8636,0.000483174703574957,0.00716656293359235,0.000135852800143915,0.104832833764826,0.0556285543362888,5.89673442846196e-05,0.618107487943692,0.213586566173597
5808,5278,0.000697873282728906,0.00469826034376688,4.33707096438027e-05,0.383829885080743,0.10483475906284,3.75504227283781e-05,0.192101710924034,0.313756590173515
9046,6119,0.00440888037294987,0.00235144291183017,8.3452234611916e-05,0.0783055950410411,0.297962655218843,1.33302016374565e-05,0.0806705959385151,0.536204048080571
9183,7078,0.000931332095813953,0.00539977963890116,8.33958846142621e-05,0.434118178193977,0.104564631442126,6.41995832204013e-05,0.171515202261885,0.283323280899462
4567,6716,0.00142471224417244,0.00403163123923539,9.6344174286833e-06,0.34533786610329,0.180059406075391,9.27807659879399e-05,0.102213974337558,0.366829994816938
7873,9116,0.00193130606956287,0.00848060317570081,0.000100630815367833,0.254664157428934,0.117969919562691,0.0014317956333017,0.271405543475697,0.344016043838745
7737,4320,0.00546197099850957,0.00955651706686412,0.000636286010650802,0.0185999110802001,0.253565370607156,0.00844328538660487,0.313483046356811,0.390253612493203
4704,7436,0.00180101712123456,0.00426579315488604,1.46342542805163e-05,0.213527653035692,0.149960294223842,9.51316056735727e-05,0.12584875130067,0.504486725303721
5878,2521,0.00125393815437466,0.0125496541190291,0.000141981747031259,0.216445920553648,0.0768709461058773,0.000637322335801798,0.453133167068179,0.238967069916059
9321,6359,0.00479161245757127,0.0169848443586612,0.000573269446278128,0.135284118327,0.242883294092478,5.06093218934316e-05,0.127096761176489,0.472335490819629
5187,6597,0.000561912331198528,0.00485523949899228,1.45932355342561e-05,0.152304585885778,0.115591904117616,9.53974892013343e-05,0.447492845224152,0.279083522217528
9527,6958,0.00101951704837957,0.0107970939595349,0.000176608159889235,0.231861330915031,0.0720109854367047,0.000132404848788246,0.395120701810339,0.288881357821333
8356,8037,0.0012906819812323,0.0114048528581535,0.000494760354293906,0.470327407938852,0.0777831880207251,0.000138974424160306,0.089409994033901,0.349150140388681
4980,6716,0.00264640826694253,0.00605527758384214,1.18323145291987e-05,0.33432148777262,0.204714842634076,0.000142977118817833,0.147815084771779,0.304292089537393
8634,2283,0.00315402236489587,0.0138308057733839,0.00035391502751873,0.110241714827857,0.143091075737239,0.000136599426894632,0.26294204191997,0.466249824922241
5601,4919,0.000446921832646984,0.0017320332211276,8.46585678995677e-06,0.347140660690569,0.0820156060051454,3.02118694139452e-05,0.372912556347768,0.195713544176539
4703,9833,0.000152230190526228,0.00116191914224642,2.49745429618273e-06,0.51288609219239,0.0883296665552192,9.27289553247522e-06,0.0813779792569703,0.316080342312819
8564,4321,0.00721332456474401,0.00845491785323344,0.000139298321781586,0.0641270878126309,0.288722535677679,0.00319438613018464,0.225339967399435,0.402808482240312
4705,7196,0.00341930067717442,0.0069086217349633,4.23356694898446e-05,0.179065724758354,0.186413159877505,0.00126133314783622,0.127636286510539,0.495253237624139
7046,9834,0.000109970327330011,0.000541053600398913,4.5564309078995e-07,0.609022295965175,0.114513869682922,2.14226743480563e-06,0.0814116294622252,0.194398583051422
6289,6597,0.000838647792641277,0.00351522984807383,4.42898892076119e-05,0.0875466979044014,0.153435378707744,0.000548613312908423,0.226821289405931,0.527249853139092
6429,3960,0.00117787876563743,0.00974968507038079,0.000144893165119063,0.0743906205376755,0.12432330846178,5.14421814670565e-05,0.264451891292003,0.525710280525936
4774,6357,0.000537504947602817,0.00446100053223922,1.09635730448524e-05,0.415489894799359,0.130531785126123,7.71975456759565e-05,0.11049228204092,0.338399371435035
4015,7915,0.000164658889936044,0.00172505482783424,4.53399253616955e-06,0.301430756932682,0.0705532488445145,7.28431177883208e-05,0.336172649073743,0.289876254320965
4705,5757,0.00023589966172522,0.00231492032833629,6.42040044496611e-06,0.488673043089286,0.136523374244547,9.31371276593266e-06,0.109884061409022,0.262352967153872
7735,8876,0.000625195934099754,0.00343968941883658,1.25279525432268e-05,0.195678578560408,0.170718213471716,0.000222700379944586,0.129626933241543,0.499676161040908
9047,2762,0.00627581384963654,0.0303359045794574,0.00289675923966752,0.141836914841313,0.16681722704459,0.000272283808242854,0.274502499500416,0.377062597136677
9526,9596,0.00240891449570171,0.00682553964657855,0.000637503130230039,0.153187217612295,0.158108870234937,9.60120154503521e-05,0.10102222359242,0.577713719272388
9319,9716,0.00178250918550682,0.00943691141662384,8.95828473517188e-05,0.206737399285368,0.156327533310167,0.000209551644626789,0.222094019192075,0.403322493118281
5254,10553,0.000859424743722872,0.00382729971163712,1.43878936862e-05,0.290180423705815,0.0838354060070009,0.000154116879812556,0.298651408269078,0.322477532789247
5462,7796,0.00208740601774878,0.00762500523935075,7.32195117809707e-05,0.187680053319057,0.151658791083528,0.00211378009339009,0.0851733183136808,0.563588426421463
6912,1682,0.000671976953688929,0.00735491749638732,6.22998739770956e-05,0.32261400966574,0.115439791903186,1.96436942558675e-05,0.227913764304617,0.325923596108148
3672,4438,0.000102031799301668,0.00164529363425767,1.01069399434377e-05,0.510149311973908,0.214182878757469,5.53856831108485e-06,0.075598127237235,0.198306711089575
5187,7556,0.00136215212944762,0.00732119478307846,4.73692926384743e-05,0.104372585654077,0.100605465843475,0.0013559177388355,0.425053634242126,0.359881680316322
8978,3122,0.0033470474639714,0.0106847354659555,6.76443558001534e-05,0.194889880866313,0.226019457435596,0.000144847769465404,0.16470031078269,0.400146075860208
8079,9715,0.00452384147466889,0.0565597035201487,0.00662483303835196,0.215779312991772,0.116773687858296,0.000376334906825042,0.155883310753497,0.44347897545644
9733,9476,0.000742468711594102,0.00292552700240524,0.000163853590050558,0.0967541335023025,0.121973753553768,0.00102829444886415,0.0916476225228399,0.684764346668175
7324,4080,0.00173165257431241,0.00476527751492887,0.000133057828804582,0.145720501693306,0.155493180910694,0.000313578633394811,0.348538917296649,0.343303833547911
6291,3720,0.000472640695454394,0.00644614997060034,0.000276002745588784,0.0669697615107478,0.0576975591660219,1.17851986806989e-05,0.581092725595613,0.287033375117293
6290,5398,0.000700352718472107,0.00331663767800462,4.72813027544545e-05,0.367254762296649,0.0882986621106104,9.32049909671214e-05,0.305026952322195,0.235262146580347
3741,4078,1.00508340728832e-05,0.000343326577510142,1.72975604057521e-07,0.459565521368837,0.340861248186841,1.90953257817638e-06,0.0209433166349737,0.178274453889584
7738,2402,0.00310808901913833,0.0143459934514391,0.000117401164106211,0.104972923920118,0.117624716795093,0.00011046318354377,0.456487336623288,0.303233075843273
4015,7435,0.00275999956617964,0.00765392839736729,5.64063126728043e-05,0.204018250852752,0.168571569804613,0.00034875165826976,0.10008175572199,0.516509337686155
4360,6357,0.00238642484455607,0.00705540869205626,2.95143170251588e-05,0.240609727015627,0.134533510056294,0.000414174683751601,0.166113175020383,0.448858065370307
9596,7558,0.000930150983895474,0.00726470980234769,0.000122624709274254,0.439201098431179,0.0880731870197217,7.71203924779256e-05,0.108658223955083,0.355672884706021
8287,8157,0.000939413616808436,0.0108906728462802,0.00033857581617062,0.487329619866632,0.0855987944644846,2.58806675060579e-05,0.080480353052113,0.334396689670005
5945,7196,0.000935427627142914,0.00211523600576126,3.00700306398324e-06,0.39561089717286,0.141857968282317,4.29220292916155e-05,0.0906899015920844,0.368744640287479
6498,2641,0.000307170459097622,0.00616854910416662,2.04879055046757e-05,0.226726863184145,0.051074021820503,2.22927115546955e-05,0.475429214426229,0.240251400388799
6153,3480,0.000545523896142942,0.00328487653743741,3.72894985544497e-05,0.195762545756608,0.0431426297859172,2.18754243984404e-05,0.542899923234101,0.21430533586684
8286,10315,0.0042953637826191,0.0191925908421939,0.000958685240481512,0.325195502328788,0.0952965216990945,3.56340589423318e-05,0.131213005117072,0.423812696930808
3811,3479,0.000410636399445571,0.000867042457117564,6.11452667099959e-07,0.414436640696131,0.241613237056111,8.53430085366024e-06,0.140409489443702,0.202253808193972
8013,3361,0.00436504907153533,0.0272046039091848,0.00297195659773695,0.0768582381153118,0.152981196631693,0.0114655858917521,0.364591889921222,0.359561479861563
10146,9236,0.000336374949763006,0.00250688655696629,0.000239731122169905,0.0592767443961028,0.0903276532990308,0.000124262727698583,0.0777692860279685,0.7694190609203
4913,4199,0.00112932252887111,0.00270290780822808,5.17759229547647e-05,0.282109335983475,0.124833868488592,2.0223967522769e-06,0.35494641805532,0.234224348815807
6770,9595,0.000567558076167835,0.00821907334493193,2.54461364254715e-05,0.449989376564351,0.136920543808264,2.69415359711495e-05,0.133261823546965,0.270989236986924
7186,4799,0.00238286570982113,0.00356372348292542,5.47943097762397e-05,0.207572133820012,0.203235791707117,0.000383903464861729,0.222195404832553,0.360611382672934
9872,7558,0.00177095573753906,0.0169931514582441,0.00082036276082699,0.382484530035664,0.0827391262068013,0.000360755385164525,0.170289637507541,0.344541480908219
5669,7196,0.00172390338662939,0.00522781782172731,2.14432537752755e-05,0.313543485757603,0.163673845958414,0.000279926724008192,0.113746428306049,0.401783148791794
3946,7795,0.00128319465110388,0.00473820964193486,1.85208895432666e-05,0.310911553900712,0.138730105662951,9.19898985029048e-05,0.107431832035967,0.436794593319286
4567,6956,0.00161031658216637,0.00341823159769498,7.79666675407823e-06,0.289048540861646,0.187857124486282,7.74048402587204e-05,0.0941990350073961,0.423781549957802
7944,4680,0.00479898809484576,0.0125457845241083,0.000929033539538029,0.0635542676063663,0.25786926538835,0.000565573458924464,0.190981963692641,0.468755123695227
6152,5638,0.000792279371235414,0.00381642580629524,4.96112402365022e-05,0.380442754963113,0.098261503226297,3.99463319145544e-05,0.176602861351732,0.339994617709176
7463,2881,0.00130063358221989,0.0116749943406129,7.51395805509667e-05,0.237800622231554,0.118691232653378,5.20241342957706e-05,0.20769311533387,0.422712238143518
6360,4080,0.00103808259099785,0.00820700199992773,0.000232713975411075,0.0883432978060047,0.1138504436684,2.22001888783873e-05,0.312496604867207,0.475809654903174
5185,10433,0.000588530201267409,0.00254190280155418,4.00817129139232e-06,0.276213870536533,0.121743092717575,0.000103285942840313,0.33419347287777,0.264611836751168
8562,8157,0.00141404826914142,0.00664770095662197,0.000117260362945383,0.357606000366594,0.114659391084256,0.000244121745238219,0.143365785100316,0.375945692114886
10008,9716,0.00189974359701057,0.00740010880447396,0.000184639426444481,0.127540577071443,0.139870482563492,0.00278086177390848,0.112262808673319,0.608060778089909
7460,8636,0.00169165076442335,0.00721111528278147,4.12585011374484e-05,0.285786959543844,0.169310678247217,0.000843037734006878,0.138481425451577,0.396633874475013
6498,3600,0.0020254125025044,0.00893335665103037,8.83942023319948e-05,0.165959829319577,0.111746818094132,6.49993663633992e-05,0.307488433628177,0.403692756235885
4291,7435,0.00214719984065568,0.00898080422289858,3.22081545236453e-05,0.165862890177757,0.158118654982916,0.000746349134327212,0.117555070422007,0.546556823064914
8906,8996,0.00531871475358645,0.0246316551967717,0.00151124392653555,0.331692102374234,0.120908743842772,0.00144245064186526,0.237491253430486,0.277003835833749
6495,8156,0.000486116408218595,0.00225864105459452,6.64250827649159e-06,0.311793856680516,0.292154111696374,8.44458142646189e-05,0.0894728310848735,0.303743354752882
6427,7556,0.000619016300704606,0.00433082620407604,9.11534761391134e-06,0.231349307401934,0.234153870628485,6.6332376482956e-05,0.262959381096506,0.266512150644197
5257,4079,0.000673019609731087,0.00863452681553857,0.000499336408159576,0.171923319253894,0.0616733024459778,0.000544127607494056,0.501708414405897,0.254343953453308
6773,4320,0.00164100722123571,0.011681959160144,0.00025514843972984,0.0289708145081121,0.108871452071866,0.000303124988526411,0.453110941435987,0.3951655521744
7668,5159,0.00347763042449244,0.00848328239739715,0.000299623619514024,0.0461628010937255,0.295291981419315,0.000661598774714375,0.14869033604407,0.496932746226772
5255,8395,0.00380206630368682,0.00922561626362476,5.22898796071474e-05,0.242586600710385,0.156435026661209,0.00242373091309049,0.142705713020622,0.442768956247775
4428,8634,0.000397985024419544,0.00184744664803929,1.95192516104698e-06,0.458207391925567,0.110270859439367,1.21015346999047e-05,0.147313852672864,0.281948410829882
4222,6836,0.00140110500416715,0.00508750596097329,2.66036167256036e-05,0.287836434499552,0.148975815228101,0.00034606620526187,0.160231806166488,0.396094663318731
5185,10193,0.0012708141919886,0.00371260251195688,1.90839142121202e-05,0.349490265969638,0.153050320269625,0.00124529517384382,0.108928331352358,0.382283286616377
