"x","y","Endothelial cells","Neutrophils","Astrocytes","OPCs","Epithelial cells","Proliferation","Mesenchymal cells","Macrophages/Microglia cells"
9389,7438,6.57347809610106e-08,0.00565076143071492,0.866319726473981,0.000383261643891922,0.00230628486875987,4.5048679677526e-11,0.00042926073406833,0.124910639068754
5327,1802,2.88846965074061e-13,0.00254081423178183,0.881271337403791,7.15709350444787e-10,9.91862552646599e-08,1.37641535740104e-21,0.0138702202352664,0.102317528226908
3670,8514,0.481058735031193,0.0281465995888604,0.338045249404013,7.27593917246897e-06,0.000756839983969733,8.86649916784325e-13,3.18405185594627e-05,0.151953459533346
8840,3122,0.0598720432444524,0.00675593638270241,0.829393305787138,2.58329458443845e-06,7.09775055049339e-05,5.67835774589302e-12,0.00918847012153116,0.094716683658408
5323,10193,6.55015936023238e-07,0.00869119004532769,0.707242237378657,0.0104958929293703,0.203904841845022,5.49589282031537e-07,0.000361311933641186,0.0693033212627634
9044,8756,4.42796580628209e-06,0.0374086278829523,0.397601162218579,2.91281101236287e-06,0.00018417505193145,1.85644785783578e-05,0.486338390931278,0.0784417386598624
4292,6476,8.58889445311731e-06,0.0110021856756234,0.790872357061081,0.000598335548299469,0.0218683153802937,4.77125693270912e-11,0.0236541010426649,0.151996116349872
5255,7676,0.000541553017707304,0.0142381304205634,0.515781017880433,0.0189472883364866,0.173035700028465,0.00131170610857034,0.112135697941249,0.164008906266526
8080,9235,1.86678367871343e-13,0.00706576369993835,0.905667781884683,5.23939013836585e-09,6.09435775333593e-07,2.33202337958407e-17,1.19869361056615e-07,0.0872657198706659
3672,5877,7.11380571912259e-09,0.00779210979113081,0.832274458289043,2.13467967501214e-05,0.00206539182604566,9.23393305761499e-10,0.0132882837993086,0.144558401460523
6774,2162,1.25018201819302e-13,0.00202905740093779,0.838493212553469,1.00982308910932e-07,1.95094079175222e-05,3.96417229170661e-17,0.0341773462698694,0.125280773385372
7806,5639,0.415439653088246,0.0156747220591574,0.505127014047934,4.47640087665882e-08,1.54856768300486e-06,3.27303106276497e-15,0.0046624541783856,0.0590945632945816
9805,1924,1.06292921528895e-09,0.00505346458751246,0.927279428418272,2.72761590728517e-06,3.34456475538341e-05,4.89488429079426e-13,0.00563537962121872,0.0619955530461165
8631,9236,6.24617513178135e-13,0.00862254130021551,0.934717264772008,4.72709167782304e-08,2.69229825501562e-06,2.14920216452227e-10,1.81053357440222e-08,0.0566574360377237
6426,9474,0.20250734898997,0.00639571162778827,0.720166061719223,9.51964813194838e-05,0.00609455134090155,3.74670045137998e-11,8.77365087006643e-06,0.0647323561524601
9943,2403,8.61770642995983e-13,0.00238925156073986,0.899483143360241,6.48941287286567e-08,5.60413375385341e-06,1.9624278217013e-14,0.0213263372762932,0.0767955987739618
7184,9355,3.65908690973971e-12,0.00405023205568467,0.880426119877507,1.91222159031313e-06,0.000151916208751911,1.19238323303573e-13,0.038885879481498,0.07648394015119
3671,6836,3.32803039314032e-07,0.00290753088957147,0.745787698161432,0.00029805363342239,0.00681695772828085,3.21524975729664e-11,0.0595193643065201,0.184670062445582
2499,9113,4.90386032848937e-10,0.00507727237247858,0.844528743694236,4.00008208494125e-06,0.000853924748408118,1.89580954787845e-13,0.00295932577460015,0.146576732837617
9595,9956,0.0947532759322063,0.0115511037426481,0.726635943026056,3.85296573723814e-07,1.50297108085908e-05,2.72221479714242e-13,0.00245295199766326,0.164591310293771
3397,4917,1.2341213221416e-15,0.0020986983530846,0.83257625033822,8.44842925222932e-11,7.06685777885859e-08,4.68665391711983e-22,0.0207723006036655,0.144552679951967
6082,8875,0.505776627183447,0.0209398110605525,0.386361184542741,0.000753669971759718,0.0192402989402807,1.62570778269584e-10,2.95608264195285e-05,0.0668988473122286
6151,8036,0.0585074132635836,0.0117807669003559,0.817628494539797,1.44805875541745e-05,0.00199535307774252,2.34661662310351e-13,0.00627692323732427,0.103796568393408
6635,4320,5.32976601772097e-12,0.00659885340409613,0.714154068008614,8.96769208550888e-08,3.73766898739844e-06,2.84602052656803e-17,0.0514667155902904,0.227776535645761
4155,4318,5.84186053938288e-12,0.00196076210737567,0.981453814536107,4.54141391251066e-12,2.248413239792e-09,3.90306187656685e-25,1.53964809551429e-15,0.0165854210977194
9667,2643,4.60559689933891e-20,0.00149005736622459,0.973364628780943,2.1461440707968e-12,2.1902201598684e-09,2.27792502944588e-26,3.11168735754112e-13,0.0251453116601554
4222,7555,4.07815534924371e-05,0.0265549874719447,0.579859897486273,0.00709871636589873,0.17376067465132,1.00265258520044e-05,0.0493108494156732,0.163364066529546
5947,2641,1.31475808594217e-06,0.00612913619340146,0.772119800144902,9.26415988357057e-07,2.67222244491645e-05,1.47040722609365e-15,0.0862441297646198,0.135477970498552
3396,5877,5.78481983361565e-08,0.00892626101551586,0.686345927620764,4.08512127609745e-06,0.000136682977894672,3.44500722286155e-12,0.0562126141284809,0.248374371284425
8839,6718,8.62177698229607e-16,0.00254377298030099,0.97685643937383,4.99238704881359e-11,1.59454815579863e-08,4.38483687703483e-21,5.099140941841e-14,0.0205997716504116
8977,6479,0.144237103306967,0.00885912886784484,0.76672105819365,4.61920155797375e-07,1.93721205074273e-05,1.76539770056806e-13,0.000668745333808789,0.0794941302568898
8427,3122,2.09613195569043e-14,0.00348456458365266,0.968699434548861,1.48997301308946e-10,4.21182433025901e-08,1.15482556985121e-19,1.02552949854206e-07,0.0278158560472753
10286,5161,0.619487616797776,0.0268381976595607,0.270033389210631,6.59567349000712e-08,1.4737530068013e-06,7.11594990496516e-18,0.0145637564260504,0.0690755001962401
7116,7077,0.0596698105565781,0.00739690233386465,0.861879471945196,1.59465809229973e-06,0.00012101329369716,6.0117147308032e-15,0.00191781026194241,0.0690133969506231
9666,5760,0.419499667716759,0.0632691899577641,0.35972301266565,2.38660662195148e-06,8.41553973182979e-05,1.09722334711919e-13,0.0332995926464293,0.124121995009348
7805,7797,6.88454070331573e-10,0.00674523943253948,0.936886644451183,3.70502775499735e-07,1.37546824238049e-05,1.6198840580467e-14,9.33718794046825e-07,0.0563530565238139
8355,9236,9.40723118671802e-10,0.0169027435193167,0.933537845562193,4.58799325596997e-08,9.32839195090822e-07,1.74470758368256e-14,2.48795966616851e-11,0.0495584312337427
9320,7798,1.42358832513656e-15,0.00450757720064162,0.929509120088925,5.75625087788886e-09,3.62167543540756e-07,1.08639836448861e-18,5.38580794582152e-11,0.0659829347327798
10011,3962,0.338511529129617,0.0160902133670667,0.571818610247194,2.88701677600631e-07,2.67215456961314e-05,4.38087022275491e-12,0.00189404487878759,0.0716585921255796
4017,3359,0.135003931497104,0.0171036952174293,0.589460510226861,0.00247257254254539,0.0311278244317425,1.15131922568676e-06,0.0672099202105887,0.157620394554504
7118,3001,1.59582425275157e-09,0.00608384463784634,0.864815647414205,1.81579567097413e-07,1.46412275427542e-05,4.54326275860296e-16,0.0105677006096686,0.118517982935345
5877,5398,7.49034832664577e-10,0.0120444667516247,0.85715659023093,1.84913124021002e-05,0.000191253978846702,6.60161752997436e-14,0.00010249722983834,0.130486699747257
6359,5518,4.02482206254333e-14,0.00485596097585876,0.894157879591279,2.15370935581293e-08,4.23724229458568e-06,1.4373874209768e-18,0.00360681736825361,0.0973750832851803
8289,3122,4.52045412023353e-17,0.00311888437299619,0.977705060495383,1.41059222750325e-10,8.76802476609602e-09,4.39652214479126e-22,3.93912596205583e-10,0.0191760458286246
4497,8035,0.000216450525970459,0.0101119044011774,0.606361685659536,0.0235706473462192,0.161851889486707,0.00326685401084501,0.0462159670216719,0.148404601547873
3674,2040,0.413582682124941,0.00361106891821761,0.4507006298864,1.28510087166229e-06,2.39089343447634e-05,1.13252869176825e-14,0.00678738845859865,0.125293036576615
8565,2163,1.29617721019375e-17,0.00236282993105789,0.900155559996214,1.26367634930323e-09,1.49697144103845e-07,8.63685517836716e-20,0.0393454100772008,0.0581360490347068
4636,7076,0.00301093864449224,0.0176963231555819,0.768699299068026,0.000511434082969988,0.0355100825598655,2.55938622919345e-08,0.0192251734542886,0.155346723440913
5257,4799,2.04894660902746e-12,0.0130421609885032,0.777313591005414,1.74226356773051e-07,7.27534446822898e-06,2.07451888450872e-16,0.0622870809822517,0.147349717450957
4910,8754,0.000733317011899798,0.00475234333778243,0.876612259939501,0.000388333641598208,0.0444700048857788,6.40341699277866e-06,0.00188794950294288,0.071149388263504
4086,4918,2.79628437426536e-09,0.00540007453976111,0.903641144792339,5.8036343445321e-09,3.62292896405181e-07,1.38273294788097e-18,4.36338889706718e-05,0.0909147758861141
8769,7557,9.32625393208091e-13,0.00419688972709841,0.949256224618421,2.65562256624615e-07,6.6716638462869e-06,2.44143529896003e-16,2.05747925717006e-09,0.0465399463699655
6843,2522,1.18428190748049e-14,0.00340846399403466,0.864417120752194,1.1198568540342e-09,2.57247100611691e-07,8.85841701268084e-21,2.96799963342506e-08,0.132174127206805
3809,6836,1.80864300079966e-11,0.00517764318812308,0.881192375662756,3.13811179245923e-07,0.000105313543268393,2.57032547158404e-16,0.0220860969228705,0.0914382568537157
4707,2161,8.39187882771766e-05,0.0161490800621185,0.608514341580644,2.41097845271005e-08,5.61368303698621e-06,1.73467902980745e-13,0.252610217299127,0.122636804476839
4497,8514,5.81947196316678e-06,0.00968620051174446,0.874846227415307,0.000263408811963333,0.0211084709616772,1.54254081693634e-09,0.000419571860267006,0.0936702994245367
4499,4918,4.72477054520336e-07,0.00503310965609382,0.665688040420545,1.01729641763667e-06,9.97905147343666e-05,2.78840876994715e-07,0.16119836283532,0.167978927958958
10147,7318,1.05590862044236e-16,0.00501145154766965,0.923680147902963,8.34559996802989e-09,6.00884689239426e-07,5.45448168481513e-18,1.4216409304341e-11,0.0713077913048612
10149,3482,0.0336342262420392,0.0029655304194462,0.831238487056957,2.71662779479867e-08,2.86791135268488e-06,1.41649395794628e-18,0.00166643488648003,0.130492426317447
5944,9115,0.00805385526910589,0.0186542127614775,0.803273075532457,0.00124057051185041,0.0692943808271581,1.36349192292659e-09,0.0126745927215173,0.0868093110129421
4016,5757,3.1803072311832e-11,0.0108074831407846,0.725265784715583,2.3781457749431e-07,4.77814389960995e-05,1.38046273636467e-14,0.1021582672488,0.161720445609442
8703,2163,8.44886873517583e-13,0.0045970484980583,0.913377599257095,3.87214574373316e-08,3.5182869595593e-06,3.24466972954918e-17,0.00190028726530542,0.0801215079702795
4431,3120,1.29465995889659e-12,0.00428411238527189,0.904056934060208,1.24528190838654e-10,4.75252094616221e-08,1.60766585165213e-23,2.35021016098902e-05,0.0916354038018783
5051,3240,1.9636933020204e-20,0.00142637140913346,0.935599802257385,3.20863655747819e-12,1.46451259520842e-09,2.16830561427899e-26,0.00165343104152288,0.0613203938242376
5324,9474,0.000947775307521106,0.00964563724487595,0.824050509683837,0.00111738302297073,0.0684144107823543,9.22782993455578e-07,0.0260787542726768,0.0697446069027703
10147,8277,5.22276966756596e-17,0.0040694257692514,0.925791056652835,6.02697246330025e-11,1.408309794937e-08,3.94363505547407e-23,1.01004460544446e-09,0.0701395024245009
6425,10434,2.56597048089841e-07,0.0139189882095501,0.713321918929726,9.05530666708805e-05,0.00524047744821128,2.14443250797835e-11,0.108033224266877,0.159394581460472
8977,6239,0.695347640367603,0.00885563082050094,0.211655612839005,4.17509375346336e-08,1.7716392962723e-06,9.67725097621493e-17,0.00847620527924487,0.0756630973034125
7187,2402,3.93196028534304e-20,0.00282995464187273,0.932900810856355,3.42674899088302e-11,2.53759111607182e-08,2.44007017242194e-25,1.23184784831492e-10,0.0642692089684092
7186,4320,0.0194488629278186,0.0132283303832209,0.62236029596652,0.000482887526245615,0.0161884637915222,1.72946912928297e-09,0.107232281107997,0.221058876567206
8701,6958,1.21821121880601e-13,0.00306225627763821,0.978009138465354,2.70521299681993e-10,4.53464428297041e-08,4.08268735181712e-22,8.21624371143671e-13,0.0189285596390999
6774,2881,4.29308304420479e-14,0.0025028408791057,0.75116071077081,1.8592052075189e-09,8.97309444308494e-07,4.27369091242854e-19,0.0424620125224864,0.203873536658905
8011,8876,1.50419028122298e-13,0.00473937009604991,0.929847666783475,2.30052699661637e-07,2.33671538332426e-05,1.61987242520051e-15,7.01626093590393e-10,0.0653893652121638
7047,7916,0.18809178414615,0.00400535113091198,0.734801775559281,4.35498544154145e-06,4.06265142496485e-05,2.41027383830641e-14,2.27959649987368e-05,0.0730333116989427
8702,3362,0.100672644755207,0.00943067543023945,0.821211366794303,2.99574086832321e-08,5.41723043912476e-06,4.21528543413083e-17,1.98345146504404e-05,0.0686600313177525
7391,7797,0.214819655630287,0.00880630929071505,0.699498843577542,1.18606814358178e-06,8.78202108235842e-05,9.02451711194031e-13,0.000499267568969148,0.0762869176526172
6016,3240,1.05051020234928e-16,0.00297351354965706,0.824894384866406,3.20086886401541e-10,2.77986633708501e-08,2.7922407689181e-23,0.0783866884840031,0.0937453849811836
7600,4320,0.340644243295637,0.0106003375500008,0.366931557678378,0.00335145575514032,0.0239274672088995,4.98820500115678e-06,0.112151101315271,0.142388848991672
9529,3842,0.0401645320972145,0.00613613617026251,0.86421666479975,1.03151628703765e-07,1.15405583782083e-05,2.55163560161984e-11,2.09962945299068e-06,0.0894689235677967
3880,2400,0.718363059429416,0.00364264725044393,0.250468601354982,4.46747090779091e-08,4.83095260099849e-07,4.5105389575279e-17,3.85220398490339e-05,0.0274866421553406
6012,9474,0.298573239139502,0.0194218318391271,0.40975933579951,0.0194612347497174,0.156405145191468,7.40588617600752e-07,0.0264562521551239,0.0699222205369338
6842,4200,3.11507103419561e-06,0.0174290725832023,0.601512952310866,2.10961013042655e-05,0.00126413758991555,3.3470672366418e-11,0.134687067970705,0.245082558339502
8838,7917,5.97293683362422e-14,0.00483589231215569,0.924386330802984,3.62559133636829e-08,2.48785312455174e-06,9.14911605150896e-18,1.07607323285952e-10,0.0707752526681551
8700,7438,5.96721960860487e-17,0.00538348149572634,0.967767511514777,2.01606208814684e-09,1.42289221439954e-07,4.02291380316047e-20,9.84163042367889e-14,0.0268488626841144
5049,7076,6.77934866220397e-06,0.0110687402105832,0.744495787430562,5.62254032156513e-05,0.00822163734635311,6.40454131762991e-09,0.0320450415805879,0.204105782275495
5256,7196,0.000102312393708684,0.0110772515702311,0.834106527090158,8.5301822674984e-05,0.0135987702371933,1.33436229847758e-11,0.0180772335984603,0.12295260327423
5119,4319,9.28540501118187e-09,0.00710715242449963,0.821556609728548,6.41030158273193e-05,0.000758242964706684,1.54062487505175e-09,0.00458718385076449,0.165926697189624
9870,10195,0.130134545013521,0.0078980964273736,0.731143224490662,8.660563156628e-07,6.47277092898687e-05,4.91938387507043e-14,0.0218548918071778,0.108903648495612
8083,2522,8.64559390970727e-14,0.00283122382226603,0.832942844062905,1.59930590105273e-09,6.70474723462267e-07,6.13399130127758e-18,0.063406986097815,0.100818273942898
7461,5759,0.211374096654968,0.00646374147272235,0.679403605141093,7.97718005944889e-07,1.89276559043475e-05,3.3605568457663e-13,0.00028015745420205,0.102458673902767
10147,7079,8.93043627635608e-14,0.00632493386551731,0.817207831603636,8.07848093078125e-08,4.4441052668267e-06,6.54499582918681e-15,0.117703016238066,0.0587596934026085
5672,1922,8.07775238364441e-13,0.00473087947425588,0.830651182041731,3.81813752556323e-09,1.55074753962881e-06,9.44965513372083e-20,0.0467866335498508,0.117829750367677
6564,8036,0.000601271622690148,0.00311482143328615,0.903180550587066,5.49662604124043e-08,8.32410742401758e-06,7.17998239120794e-18,3.38433368061863e-06,0.0930915929495922
5394,5997,0.567559274922063,0.00614619314547054,0.35014724789255,1.81680113445581e-06,3.26698777791418e-05,1.05582358851668e-13,7.85032151618876e-08,0.0761127188576821
8700,8636,9.13922625358618e-10,0.00839955614033545,0.905202550730136,9.12834726263075e-07,7.51035984284678e-05,7.28853987247739e-12,0.000246216270657738,0.0860756595045053
8703,2882,0.00531004938463243,0.0105964643872121,0.906282170676446,2.85386685073775e-07,2.17830844979755e-05,9.89875457102715e-14,0.00173854860390797,0.0760506984765199
8770,5639,0.310829033960747,0.00699705640777407,0.541289959035589,5.27054690721744e-07,1.07689245523217e-05,2.12026235027149e-12,0.0196393789843189,0.121233275630207
5187,7796,5.06934581722676e-05,0.0443906612752276,0.579633834274503,0.00109332791308069,0.0794452071223987,6.71028796272014e-07,0.117843907581875,0.177541697345947
10012,2523,1.6523591970794e-05,0.0178995174973507,0.827472137900093,0.0010219999595753,0.00852827471076547,0.000428929859144673,0.0327472928149089,0.111885323666191
6911,3361,7.41012190108584e-08,0.00963841560278764,0.695966564315555,6.77854056945453e-07,5.89557022770727e-05,8.51921925108297e-15,0.0649817305375013,0.229353581886594
6911,3840,1.63946211637844e-07,0.00773368290356961,0.699284984207441,7.43708745623211e-06,0.000873696371379211,3.35969154512633e-14,0.0494736365427068,0.242626398941202
8497,1803,1.89062717325986e-13,0.00549515706204324,0.779041279541728,8.19067937083387e-08,1.38039198288451e-05,2.23006539280734e-15,0.0863011532379731,0.129148524331442
3604,3599,0.101086587598052,0.00342600790374403,0.885387222778889,2.41806647590073e-10,3.38799086135165e-08,2.60245302075986e-22,2.59866935309933e-11,0.0101001475716131
4223,4918,3.74173103499726e-14,0.00387255534596151,0.810376314262662,1.01161352166949e-10,4.04968084363334e-08,1.94634288202039e-21,0.0982773259110505,0.087473763882319
3742,3119,0.0974777139462493,0.0102757169635338,0.475768824675263,3.62637458222131e-08,4.55506366728432e-06,6.86106501861064e-11,0.317204396934152,0.0992687560847774
10215,9596,0.0416578568894444,0.0455343384799199,0.686375051113764,0.000150663221216918,0.0011719126343347,4.44161508964032e-10,0.0674007522886712,0.157709424928488
6082,8635,1.47724510439495e-05,0.00586425719000135,0.82999076961748,4.82946732251327e-05,0.00367189368427095,2.06971335619979e-12,0.0631221059609614,0.097287906420947
7048,5758,0.0976710071718111,0.00526576577138615,0.823957638094964,6.0837677373804e-06,0.000101746107887915,2.50191016902955e-13,2.61689730056088e-05,0.0729715901129573
4223,4678,2.00604269939682e-13,0.00258692210242222,0.93612750662156,5.36289003907071e-08,8.56330658066515e-06,4.29539389224659e-18,1.28343224598495e-10,0.0612769542119929
7668,5639,0.165482791451952,0.0135698545493827,0.762437998835521,1.03086774923471e-07,1.06819400226861e-05,1.78214809421034e-13,0.00102975659857614,0.0574688135375919
4361,6117,8.34613757141919e-06,0.0305506034648679,0.237572076255634,0.000220785047933704,0.000516993253281505,0.000177584462611591,0.40512361349203,0.325829997886069
7875,5759,0.285042529547615,0.0108084529364368,0.625535500506025,2.69096952611417e-08,8.64453056846227e-07,8.02337118501692e-21,0.000918293808229362,0.0776943318389415
9871,8517,5.79391535299405e-11,0.0114390900472246,0.636860370899313,4.13997858626881e-07,1.22802712277476e-05,1.97138974497366e-09,0.236739623972109,0.114948218782938
5048,8515,2.08592801442111e-07,0.00778897122047831,0.817542386977108,0.00037443701166231,0.0387479595638416,4.08112539110626e-09,0.00784488028532048,0.127701152267663
8564,4560,0.169321944281242,0.00902982562192713,0.568755012939374,0.000398809007457253,0.0215292381950349,0.000996884475556043,0.124671677922456,0.105296607556953
7391,8516,0.201608461160985,0.00606957001713152,0.668697146489994,1.9665344439904e-06,0.00010826604861372,3.83113152359702e-15,0.00489915206496612,0.118615437683862
7116,7796,5.43753274735335e-06,0.00751066542322116,0.916055187396358,4.8488233086067e-08,6.14365892263401e-06,3.56089035092537e-17,4.17133840738036e-05,0.0763808041164439
4427,10313,1.14202914594895e-07,0.00429163104375809,0.919700352759037,1.70272524357706e-06,0.000698504125705438,5.75143433320875e-13,0.000103841425276146,0.0752038537174897
9734,7318,2.2403842470839e-14,0.00291607241220057,0.918244821068119,2.76903929804423e-08,1.73368932192799e-06,6.10045277770781e-17,8.41540253103257e-10,0.0788373442984031
7390,9475,6.73863155329677e-14,0.00524532587264409,0.916284226610472,4.68470836730032e-08,1.1063925829118e-05,1.2844571247724e-18,0.001114845072655,0.0773444916712486
9047,2523,9.06833450642037e-12,0.00792214963202532,0.792818575992768,6.34715066308409e-09,2.07033281116631e-06,4.75045610447912e-16,0.0842785445938521,0.114978653092324
4773,8275,0.000149763872847389,0.0187872709610093,0.747705090057154,0.000523516481401586,0.0889022088408307,7.01705254225657e-08,0.0344053998143731,0.109526679801858
7392,5639,0.188893227396034,0.00589471456985853,0.757528015775317,1.16912626148792e-07,3.85367923699085e-05,8.41177173823637e-14,0.000347035749611407,0.0472983528040995
7942,8276,5.02894686246395e-07,0.0191082197649872,0.941396140591204,2.26699309795212e-09,2.13765771648452e-07,5.41406996564704e-19,1.97845078501923e-11,0.0394949206965728
5670,4799,1.02359597279812e-14,0.00971846270433029,0.817410608345685,8.57041390520953e-09,2.28912549381369e-06,9.46593905052233e-18,0.0723388070028278,0.100529824251239
9872,6119,0.749181473452647,0.0641560558983929,0.065092579168266,4.55544772822675e-07,8.39882120197297e-06,1.07389852021149e-14,0.0127981056458644,0.108762931468844
8357,4680,0.630847841985413,0.029436693923692,0.290969161238969,4.58283312054191e-08,2.73250229867836e-06,9.92904020458938e-15,0.00227941437193031,0.0464641101493561
4982,4319,6.59786253760644e-09,0.0130820525149157,0.733943938884396,9.08502748128631e-06,0.000436672090185609,1.16950685305648e-14,0.0671704115760558,0.185357833309092
5532,5038,1.82826199794902e-11,0.0090107513149803,0.813727098634818,3.32083156827719e-06,7.87647240982901e-05,5.17085977275532e-14,0.00562846047942507,0.171551603996775
3808,8994,0.000590768411066729,0.00432005501048031,0.914959912267192,0.000194123864427235,0.00500929978919694,1.12919876171603e-10,6.8515076868738e-05,0.0748573254678481
8702,4560,0.069826108248137,0.0153100925886822,0.764881610490167,2.08298247321165e-05,0.00179419304792096,9.37319657516197e-09,0.0424111017702421,0.105756054656922
4153,8634,0.247119125803957,0.00524090911615995,0.652114196678703,0.000368251827339634,0.0165814155964341,8.05250476337331e-10,6.33540731440381e-05,0.0785127460990122
7944,4440,0.265587241797331,0.0476239827198744,0.485749820315071,2.07493569423181e-05,0.00139656481215132,1.62724160735198e-09,0.085715125749759,0.11390651362163
8701,6718,2.07684784761154e-16,0.00271506628913521,0.960796844172487,6.23433273648311e-10,6.30406694335574e-08,1.83474101705097e-21,1.59718532223181e-12,0.0364880258726779
5602,3720,7.91235232341676e-07,0.00789736251148851,0.749003236214934,1.28462959818661e-05,0.000458767354817643,2.41301216738883e-13,0.0547289779058078,0.187898018481497
4499,5398,3.69565314104325e-07,0.0197464148817976,0.676115063526545,3.522524789321e-05,0.00284679013465979,8.3832867244656e-11,0.0702490722517121,0.231007064308245
9321,6838,9.69363063572951e-13,0.00711303478446775,0.933269112067599,2.21332274254229e-07,9.56187034007915e-06,2.4734609008687e-15,7.82188080519202e-06,0.0596002480635421
4085,6356,1.71307486846802e-09,0.017180662915253,0.656301323120178,5.41408928602905e-07,6.21883135019079e-05,2.40922487302258e-12,0.113738300660813,0.212716981865841
5668,8875,7.5316520168524e-05,0.00838100959804404,0.793559420760244,0.000314447052737568,0.0275439297718366,3.19735535276837e-09,0.0296909413094804,0.140434931790133
9528,6719,1.9643848598871e-12,0.00551847605911292,0.938768639366212,8.11017039703576e-08,7.39770079540017e-06,9.3794328374003e-16,2.14155318994769e-05,0.0556839902383111
4222,7316,0.00162290679029355,0.0264412848662776,0.627877546688812,0.0168397305025675,0.185232887977658,6.92628805857203e-08,0.0142878903657495,0.127697683545761
4910,9713,0.000246179325341552,0.00963873330468016,0.754583969485259,0.00420569222783645,0.116966876874036,1.45770083733076e-07,0.0252422872897122,0.0891161157230512
7874,7677,5.45737347341923e-11,0.0230690067545552,0.893077047343206,1.81171727839546e-06,3.74556432139656e-05,2.87886635074904e-14,3.25879481814212e-06,0.0838114196923262
8218,8277,5.36203784443744e-05,0.00258328513553681,0.96278520308076,2.02848614576866e-09,2.81396812077159e-07,7.69302311015017e-19,9.254466966404e-15,0.0345776079799518
9529,3602,0.0268287919553591,0.0104991216326821,0.646059295420306,1.24697986610511e-05,0.000450126409858553,3.93689128004208e-15,0.0608962572370809,0.255253937546048
4705,6956,0.000526336845531609,0.00948895474917614,0.863246929560713,0.000242599720692031,0.0197721385075352,2.08461193977827e-10,0.00331573542313662,0.103407304984754
9664,9356,0.0513688449105181,0.0199641584633219,0.647903165707846,1.27092784833911e-05,0.000218226334371929,1.41617894391318e-15,0.0238948649580527,0.256638030347405
6567,2042,6.57106241358254e-10,0.00729338553225677,0.553550856061439,1.9507231293952e-07,7.09583001172457e-06,1.27587506251225e-14,0.212342722166288,0.226805744680572
7184,9595,3.67122483876021e-07,0.00624413580295811,0.883518649713041,8.48774781547525e-05,0.00235369684309742,2.25922198136579e-12,2.61862004430485e-05,0.107772086837562
4430,5757,0.000273306238718524,0.0111164112798214,0.79219294605382,0.00014161795665347,0.00785337627658778,5.54423217064331e-11,0.0298194923138238,0.158602849825133
4980,7676,1.48385008151472e-06,0.0186423938579599,0.662580986015025,0.000244033226433548,0.017003585543239,7.32596767415123e-06,0.169440315021756,0.132079876517831
7256,2042,2.49357790738841e-13,0.0031120698368918,0.778110458589763,3.24460094671555e-08,4.9128301060817e-06,1.74599378562578e-15,0.098296452816735,0.120476073480243
3673,4198,0.707637986272624,0.00402825678231054,0.28770364401107,8.03857421729474e-11,6.91992947826947e-09,1.05338112283533e-21,1.46296990223291e-13,0.000630105933534135
4910,9474,2.98055605987929e-05,0.00993137772903637,0.700706781418409,0.00411797326801027,0.130316494734959,0.0132005390912216,0.0569275270129144,0.0847695011848499
5531,7676,9.47129913627795e-11,0.00919889750043473,0.482325850905339,6.68949305648529e-08,1.3086169759703e-05,2.94367059083816e-10,0.360247015291099,0.148215082849357
8287,7198,6.78442069745697e-12,0.0052837737558811,0.93439603636363,1.07906384523056e-06,2.99331376113792e-05,7.40906816394214e-15,0.00129862090634229,0.0589905567658979
10012,2283,5.98597322976664e-06,0.00488006341042848,0.892044626255771,6.94715271206224e-05,0.00274560894206378,1.67877405003069e-05,0.0230060148911835,0.0772314412597029
10011,3722,0.144605499684966,0.080020863093737,0.565298709519902,2.37945403552045e-06,0.000160433928371993,8.3825539871047e-11,0.057780970623387,0.152131143611775
6289,8276,0.485554861245814,0.0102733476332755,0.41058983409528,4.39114445257842e-08,3.70878950611804e-06,1.34799951637277e-15,2.95321867276262e-06,0.0935752511060051
5258,2401,1.24379620684916e-07,0.0049748972344401,0.814353097302706,1.96219882713451e-08,5.01963550187407e-06,1.2332075065924e-16,0.0497652062679748,0.130901635557768
9872,7318,2.47934102395758e-13,0.0162655720074095,0.86814046166814,5.88105575788879e-08,4.1377580423072e-06,2.56601726204643e-17,4.87711048248243e-05,0.115540998650778
3878,5757,6.03600494327055e-09,0.00620124222212147,0.725286555934416,1.80129696594441e-06,0.000117039766278196,7.91227697285053e-13,0.0720506541397152,0.196342700603707
3949,2041,0.495498678229448,0.00315899377801124,0.472011289294203,1.90469733774991e-09,4.88042096894102e-08,1.57399015491006e-18,0.000305473526067576,0.0290255144633631
4634,9713,1.36127800390049e-07,0.00374037969535018,0.865487948397105,1.42051429499862e-05,0.00203312618403153,3.2796121378787e-11,0.00514194533433356,0.123582259085633
9114,7917,6.06831078617814e-15,0.00714850319093951,0.932076595752431,1.79361811107614e-08,1.87179671795495e-06,3.99696818749841e-18,5.90370734858875e-10,0.0607730107333535
4156,2400,0.011735805534719,0.0147488475628555,0.745579031994148,2.31114364183847e-08,1.05351131776806e-05,1.70848544779674e-13,0.0882006319379626,0.13972512474553
6219,10553,8.15747739707665e-05,0.0196492483093187,0.801484625131897,0.00114680326623246,0.0892849022122702,2.43598707771722e-06,0.0149209060799239,0.073429504239309
7872,10554,1.2043334825222e-10,0.0242054534633879,0.863775670695072,3.78145270736839e-07,5.79318562566941e-06,4.15218232431274e-16,0.000248640485459015,0.111764063904751
8079,9475,7.73241721959687e-08,0.00891513994725954,0.871550701051916,3.1973083703729e-07,5.47865049314716e-06,1.81964364084478e-13,0.0333884113668951,0.0861398719282452
9942,4561,0.323352920239373,0.0237087563094246,0.553199161808776,2.93922327074912e-05,0.000387460426885084,1.21804207174573e-09,0.0167802138526622,0.0825420939121297
8702,5280,0.427689316972405,0.0143244714339878,0.375226716175424,1.25740408494352e-06,2.20256031612311e-05,1.03203659418601e-14,0.0191521839963064,0.16358402841462
8841,1923,1.1715886618484e-10,0.00464526099358666,0.87423844144312,4.5805358644067e-08,6.10628522074745e-06,2.07784066567442e-15,0.0106908954157063,0.110419249939846
4429,7196,0.00139391967539865,0.0369580873100519,0.584639275576788,0.0121745219649183,0.150756009878821,5.90729561433207e-05,0.0424326482522762,0.171586464385602
7736,6718,0.0223336401205736,0.00308850763943175,0.949115572342962,3.41998000719097e-09,1.30126752587016e-07,5.73822257722756e-19,8.50671346098668e-12,0.0254621463417935
5602,4199,1.16424295985552e-11,0.00527520374371762,0.765940941502856,9.77695390135136e-07,1.39214174297193e-05,7.70381040351851e-16,0.088365603437356,0.140403352191607
3811,3239,0.00100724424351653,0.00267476815921875,0.780534602815667,1.05670391996754e-09,5.85322343514196e-07,1.61029776500361e-14,0.119218637092673,0.0965641613098619
6428,4439,2.64192356580735e-05,0.0127458170534505,0.733361160376383,9.0675962900115e-05,0.00266322512973218,1.6821502128153e-10,0.04882425864899,0.202288443424672
9047,3721,0.00610117187703488,0.0117505697325513,0.782781285285875,3.38121707557489e-05,0.00143874787049371,8.54303593504176e-09,0.0434606349350116,0.154433769585241
3465,5037,6.48517689687768e-14,0.00178358431746832,0.753974466161975,2.81555185776822e-09,3.14456981200643e-07,2.52924954784916e-18,0.0925307935814181,0.151710838666541
4775,3719,1.32430054212168e-14,0.0027381122274702,0.831203625795043,7.8597822756959e-10,1.11292039637891e-07,1.43679497948491e-13,0.00931274753914223,0.156745402360169
4222,8035,8.55236536684993e-11,0.00482645411172481,0.868863807195604,0.00141221115961367,0.0538273737220837,3.5981314104536e-08,0.00037673627620116,0.0706933814679345
4566,9354,1.40990012658037e-08,0.00764710931029819,0.863247819957612,0.00129216606893122,0.0553202659702131,9.29443933611259e-09,3.29083413367357e-05,0.0724597069581685
9802,9596,0.195266643701686,0.0641044864954392,0.582208223526851,4.8357515812604e-05,0.000904454461607518,3.78312798335022e-09,0.0492648797682276,0.108202950747248
5807,6237,8.68677877809046e-08,0.00557523927883574,0.568013187315135,5.44469383166451e-09,3.99991005047901e-07,3.65006058127022e-14,0.225505703966543,0.200905377135963
6909,8396,0.236467071027944,0.00558442282125699,0.678890291128884,3.53447756036403e-06,0.00015338452362829,2.79990681544561e-13,0.00140625566166634,0.0774950403587801
6702,7556,0.0322557174373894,0.0338535478436225,0.589612840334545,1.52521377996604e-06,0.000171003483244084,7.95680430581297e-13,0.156628903257874,0.187476462428749
8633,4201,0.261982565120185,0.0107668394546109,0.657729563678288,7.84874800623918e-07,2.94490792527106e-05,4.69544435461736e-11,0.000214386586152975,0.069276411159756
6357,9355,0.365769332829765,0.00769569450870916,0.551123730949233,0.000547515183919672,0.012540511985812,4.59514912126881e-10,5.45980369414763e-05,0.0622686160461051
7597,9355,2.68918684351068e-10,0.0347823542744233,0.468741939274093,3.32290046076163e-09,4.83607399051341e-07,4.88416690938054e-14,0.379419967130794,0.117055252121422
6703,7317,0.00774865377903114,0.0324671826697294,0.76252622232858,5.01170788582877e-05,0.00249147371073812,6.48413538104913e-12,0.0924565036715452,0.102259846755034
8081,6838,4.30743848036385e-08,0.002438356877462,0.934516480813283,2.70936396275306e-07,2.46571410911173e-05,1.3691735745133e-14,0.000582394935471697,0.0624377962218977
9389,9116,0.000166059645842812,0.0122967549100069,0.896875755550333,1.46755452008493e-06,7.08941200984305e-06,5.78748609084792e-12,0.00816469251380304,0.0824881804076963
8634,3002,1.10961233442599e-05,0.00874478561260051,0.927941933950102,1.96450599725691e-08,2.86126411811011e-06,7.45086125689038e-15,0.00561109542274552,0.0576882079820225
6980,2761,1.76170990865355e-13,0.00338774669084397,0.758065825185442,7.44296049935431e-09,2.9705280412714e-06,2.94766246837336e-17,0.0699700952117725,0.168573354940764
9044,8996,5.27492623188293e-10,0.0244799457740157,0.711990591200209,1.8776358203496e-07,1.28340335495365e-05,6.26268071199288e-13,0.164252573209296,0.0992638674912294
8012,7437,2.20214298290896e-06,0.0075601280514755,0.917513528535111,5.37141657442002e-05,0.000574006764234452,1.78476337066942e-12,0.000124990974260701,0.0741714293644069
8150,6718,7.30529468813197e-09,0.00400266186865641,0.948296212054077,1.56842354120754e-07,7.81407497828347e-06,8.45494249498293e-15,1.33329997140586e-06,0.0476918145546593
9461,2283,5.71048080177898e-16,0.00196541647337719,0.958332963963351,3.2233031619435e-09,3.19173720229572e-07,3.19217072996724e-19,2.57258566057318e-06,0.0396987245805876
7324,5279,0.453601502600074,0.0187260556180516,0.438882346744068,6.03590046344362e-06,0.000530601390125626,1.11907715221214e-09,0.00348803044771592,0.0847654261804242
4154,5038,3.34974458903354e-12,0.00377365945656832,0.648208740552619,1.46963819193279e-09,1.26955996446813e-07,4.14911241661377e-17,0.175406789884361,0.172610681677467
7529,7317,0.0186606515640799,0.00378249479237813,0.9650173486934,3.93520631842184e-10,5.91893165360502e-08,4.51743027942675e-23,1.69635125294214e-13,0.0125394453671349
4912,4918,4.0434634816998e-07,0.0222242634482903,0.0470579522981865,1.64496389382295e-07,1.74796047793621e-05,2.31609600049455e-09,0.805843382237147,0.124856351252764
8355,8756,3.18408115845654e-11,0.0103491688813588,0.922438861046382,2.55427740720109e-08,1.07173001828666e-06,2.75145254112977e-15,1.27854909243916e-05,0.0671980872766986
9668,1923,2.51743643394288e-13,0.00330056465396296,0.94332046034957,5.80038226651046e-09,5.51147224427106e-07,3.90587154782001e-18,1.71659334276362e-05,0.0533612521151809
7598,6718,0.142332539472495,0.00232835713388871,0.821817996284583,5.75623303178027e-09,2.28252501964074e-07,1.15253780908809e-19,1.70339815431773e-07,0.0335207027604827
3740,6476,1.15118602834204e-08,0.00451648916083506,0.766497746959447,9.18795872477632e-08,1.50939095766753e-05,7.123259271001e-17,0.0461141696678973,0.182856396910797
4567,5757,2.46781236061654e-07,0.00325006968997611,0.917152781290432,5.01297838744702e-07,5.74851290434227e-05,8.40964672215559e-16,9.45162329922808e-09,0.0795389063598495
6636,1682,4.39363179758252e-18,0.0010621639969318,0.914658370733282,2.98455351913911e-10,8.99034577963502e-08,3.2038007514753e-22,8.2583560693956e-07,0.084278549232266
4497,8275,8.04356280154109e-05,0.0116775364267551,0.823546809214597,0.00261893466714659,0.0638843286152925,9.98123675366327e-08,0.00487216994073804,0.0933196856950881
10081,2403,1.21570141873193e-11,0.00809324283815838,0.925651621294102,1.53852702751621e-07,3.62038613500316e-05,1.63982928197976e-13,0.000164925950720274,0.0660538521906454
9045,7558,2.61284768692874e-13,0.00630021906968123,0.903463641956339,7.05916964819512e-08,2.77275426954347e-06,7.11745196308548e-18,3.72730878397724e-08,0.0902332583546647
8013,4800,4.98415727093735e-07,0.00390615113020016,0.955676702512212,9.00172130068038e-10,3.39794341842073e-07,1.27017018214495e-18,5.9292108084579e-08,0.040416247955239
6222,4319,2.46344951277949e-12,0.0032156274881436,0.848382310537311,3.65712988562757e-07,2.22916288032843e-05,1.28282383293092e-17,0.00105904215869871,0.147320362471591
8563,6718,3.44861362750383e-17,0.00187593649132976,0.969881313301779,1.06472177252752e-11,3.38752086938149e-09,7.44797049095716e-24,3.74403836591777e-12,0.0282427468049793
6773,3121,1.12464511919957e-08,0.00699471901967336,0.727008093093571,3.28063803231853e-06,0.000263698279938034,1.15741813798687e-14,0.0606483335681752,0.205081864154148
2916,2400,0.110142358965093,0.0117636148888453,0.705865802882777,1.12433825744846e-07,7.44111448489361e-06,3.80786122634733e-17,0.0588600597620244,0.113360609952949
6977,10194,0.156494850375551,0.007130000046496,0.739847159532996,0.000113787927219632,0.00572552080066894,8.53841261970905e-11,0.000133009829016455,0.0905556714026677
5808,4319,2.46574093227754e-13,0.00430493772858742,0.830696747610111,2.60928920869405e-08,7.7275317399619e-07,2.04773994267511e-18,0.0384359157146597,0.126561600100329
5326,4439,0.0358929532522161,0.0290485242670925,0.640249133429263,0.000763422480433288,0.00582065274738872,1.13733303537567e-10,0.117813940810663,0.17041137289921
10010,6359,0.00814299007719522,0.0365916189317709,0.761838691264411,7.94428440957559e-06,0.000225662695723252,1.47953499377587e-13,0.0616921575667309,0.131500935179612
7255,5159,0.644546467931328,0.00515269997786017,0.269884359741409,2.71938130406343e-05,0.00116943055173094,1.47859931570069e-09,0.00150339496555065,0.0777164515404816
7256,2282,1.97656221148631e-16,0.00171815366932883,0.931016918877084,7.12912767875037e-09,1.95988461021184e-06,2.13245895314136e-19,3.83209778514456e-07,0.0672625772300702
7255,4680,0.266392518281681,0.0188909023540266,0.465761863720245,0.0022494902472819,0.0195011037767981,2.10981173036993e-05,0.102175690717013,0.125007332785651
9940,8397,7.76423911555648e-14,0.0108654137237518,0.912604814705954,3.18061429995885e-08,5.91224342953416e-07,2.43866178418601e-15,0.000674756712422539,0.075854391827306
3535,3479,0.015395175067777,0.0027848738319724,0.972910853183279,3.57942404597297e-10,9.43955775632133e-08,5.76637097295745e-21,1.75691671816801e-12,0.00890900316169485
5669,7676,8.69262569859137e-08,0.0176578000387519,0.535849939144834,5.85211710894537e-06,0.00170364379891627,4.90060028148047e-07,0.331073639984149,0.113708547929955
4015,7675,6.35056446325637e-07,0.0123723535940348,0.80495157484405,0.000116766644854723,0.0211629735468736,6.86083003543928e-10,0.0167637199962323,0.144631975631425
6360,2641,1.11293550950648e-15,0.00195268774014752,0.874617324852487,1.17695737891489e-09,1.11414279121601e-07,8.38773934901466e-22,0.0305185402936234,0.0929113345225043
9182,8517,1.38738610564214e-11,0.0219144125154052,0.829456530554633,1.35373462651023e-07,1.06170644328379e-06,4.47112232253897e-16,0.00678294181257591,0.141844918023606
7876,2642,6.29031350251349e-11,0.00497937171618018,0.808695973806576,1.05397362120034e-06,0.000181931482150253,2.21015249603319e-14,0.0520762595409384,0.134065409417609
8906,9715,2.66645821933074e-10,0.0196976363955056,0.630593516397669,5.31916108393256e-08,2.06681063779483e-06,4.00405272288832e-14,0.227589466403218,0.122117260534673
8356,7797,1.83420525267477e-14,0.00568268885617942,0.940123216353689,2.19521212796062e-09,4.37180208876361e-07,8.96406028879888e-19,8.78747547929632e-13,0.0541936554138136
5049,7556,0.00219023187060205,0.0141955191082843,0.536023555640228,0.0214878573246826,0.188410496365873,0.0078206460905813,0.0851967420179063,0.144674951581843
6704,3960,1.13842117621961e-07,0.0065449534221017,0.766567307521346,2.19918687068624e-06,0.000154372933454846,6.21414692269178e-15,0.0424431860241074,0.184287867069996
6289,8036,0.823735444333851,0.00531148908786639,0.0784787250702724,9.39747971684275e-06,0.000152869021258514,1.31232106025704e-12,0.00539305656199269,0.0869190184437295
6634,6478,0.650432071881729,0.00814244341353306,0.226069568928301,3.27562126769621e-06,0.000133016159090482,5.68673855141573e-11,0.0555441349933385,0.0596754889458725
4912,6357,5.34728410513255e-13,0.00385025495805598,0.934612016687702,1.58510742416753e-07,5.69386326963193e-05,1.62276714685196e-15,2.10077390056793e-08,0.061480610202528
7943,6838,2.32433307776271e-09,0.00552055254272491,0.945870465684651,1.90924405849391e-07,7.81208778948998e-06,3.57054859949283e-14,2.68797691910218e-06,0.0485982884591413
7532,2522,8.05540898838025e-15,0.0028270389758386,0.912137989618135,1.08564454312056e-09,3.09239911525267e-07,3.12324256386434e-23,1.17547406324583e-09,0.0850346599049884
7463,1922,8.29461072162757e-15,0.00377794638141171,0.902386972208934,1.18030250846919e-08,3.53374131615089e-06,6.22717438113716e-19,6.64447464348749e-07,0.0938308714178401
6565,7556,0.0919902177343323,0.0126460217365784,0.667546059961336,1.39281394697106e-06,7.23966987660321e-05,1.84324323238105e-12,0.098847971130087,0.12889593992311
4221,10193,1.57073464328104e-06,0.0101416059386593,0.903093470010982,1.22465088055725e-06,0.000135139772581174,3.07490903227071e-14,9.98682799569924e-05,0.0865271206122663
9181,10195,0.0101098564275768,0.0093624728970787,0.787446693005471,1.19261903705137e-06,3.24957764058095e-05,1.99668741418885e-14,0.0175888794352096,0.175458409839201
10287,3482,0.0518453024933086,0.0124849365154333,0.852404883418306,1.70590368800035e-07,5.24835209012277e-06,6.06891925972682e-15,0.0106397244273191,0.0726197342031678
9942,3842,0.174093227102259,0.0130789705930699,0.689992520287128,2.36619270660081e-07,5.33823250139926e-06,1.74897519481788e-16,0.0200679652093262,0.102761741956444
9044,9236,3.70343521883295e-16,0.00596225660119754,0.911744332726233,4.84602878003144e-10,3.69097909633006e-08,1.41133627782537e-19,0.000100246312822916,0.0821931269653521
5738,7796,1.69732410030731e-07,0.0202664826182548,0.666847840320966,8.19475273907135e-05,0.00757501367754407,5.48190344702619e-09,0.134305103342756,0.170923437298775
5740,3480,1.46962658601468e-14,0.00556182566459528,0.619600562882515,4.3732056895364e-10,2.88101695881501e-08,3.44620025132957e-19,0.195867405726381,0.178970176479004
9664,9836,6.21344409337596e-08,0.017548342242219,0.846287719417667,1.26222005801867e-07,4.62447573226661e-06,1.5583132207338e-15,0.0100836887911477,0.126075436716785
7736,8156,0.0956660581042132,0.0161733447066827,0.75982263494919,1.48588383605481e-05,0.000680987986088146,4.79674390170957e-11,0.0168114687241398,0.110830646643358
7945,2282,8.32445952944935e-12,0.00669197631529716,0.517800218992415,4.08734635212736e-09,5.75304680845985e-07,1.97302303018345e-14,0.321089681838631,0.154417543453286
6084,5039,1.41369560017848e-11,0.00472820512649949,0.909428831911192,2.45118712481306e-07,2.41486332541314e-05,5.63927861233021e-15,0.00217856831966657,0.083640000876533
7803,10434,1.97720800181913e-08,0.022431905542702,0.833962743493298,2.98804710359115e-05,0.000255128827567907,5.54873980136268e-09,0.0253722137317493,0.117948102612827
9734,6359,1.24468392339231e-07,0.0132302387897554,0.942552529362347,2.6312169879806e-08,2.89455052249881e-06,1.0515169010889e-15,0.00136842658111862,0.0428457599356937
7598,7197,5.52323930671904e-07,0.00355577838963774,0.959802602813781,1.05452702852822e-08,1.56051340882776e-06,2.28396004610364e-18,3.94491987574117e-10,0.0366394950194797
7325,1922,2.53648270660495e-14,0.00390325115727869,0.900613951620119,2.4056355619355e-07,2.56076916512535e-05,2.07148619986644e-16,3.61491708755217e-06,0.0954533340502818
6154,1802,8.29754785669118e-12,0.0166032974916141,0.706344481420366,1.50919071390746e-07,6.93052730744078e-06,3.16569395798277e-15,0.136078902358,0.14096623727534
9461,2523,1.87599384011982e-21,0.00328130004049307,0.985585650050493,4.06058029549635e-12,2.6185651721161e-09,5.67120726779637e-25,1.9432048986226e-14,0.011133047286369
8838,7198,7.05011125029615e-16,0.00333706721981556,0.960216066699495,3.42892833361782e-09,2.03550412693075e-07,2.1934705026994e-17,7.28959962135664e-12,0.036446659094058
6221,5998,0.0113491155504374,0.00460508457133193,0.659073733906417,7.86191968662296e-09,2.75926913393054e-07,1.13178818019194e-19,0.159895684219591,0.165076097963389
5256,6477,3.52775386884062e-07,0.00836015007763093,0.715634809901974,1.90887061553531e-06,0.000251984633209697,2.80009943130919e-10,0.144485064825463,0.131265728635709
8288,5040,0.197777026480972,0.00902856027954134,0.715807511591378,8.23624173819652e-08,4.97172987266225e-06,3.79738537321849e-17,0.000239258406243928,0.0771425891495745
4086,4438,2.73912687068285e-14,0.00148981431975653,0.987077160231501,2.61877670083681e-11,9.01107204249699e-09,2.25441228514271e-24,3.38454609743918e-17,0.0114330164114552
4912,5877,0.0161467718767697,0.00271037472029856,0.912868184696775,1.39383486866824e-06,0.00012396101295262,3.16830889132266e-13,5.08850879274801e-08,0.0681492629729305
9251,8637,8.50838004259231e-16,0.0133539153564768,0.912505647066638,2.96353112988905e-10,2.11221274151079e-08,5.56205539050656e-22,1.16095654507740e-09,0.0741404149974473
4359,8754,0.0262499113844739,0.0121552250414726,0.728739059021146,0.00421358384280327,0.109365566729534,1.62396487217093e-07,0.0270936183214687,0.0921828732626146
4772,9713,2.27531998639698e-07,0.0141755020876452,0.797678103966889,0.000689641826199191,0.054043923715013,1.58313003338664e-09,0.0183466126666057,0.115065986622519
6840,8276,0.104501101842915,0.00590672308691914,0.840076861983181,1.22328492127366e-06,4.41601450457424e-05,7.45560765324502e-14,8.30665629026803e-07,0.0494690989913143
9252,5999,0.197407034299852,0.120128505205765,0.478648314961721,1.54554780708688e-05,0.000673791533914698,5.28859335930782e-12,0.063603380142807,0.139523518372581
5669,6477,0.763162621397259,0.0027132889678108,0.191812170735251,1.32947548081604e-07,2.18315423197181e-06,1.56742825577468e-14,1.81622372493221e-09,0.04230960098166
6082,8395,1.89251158679882e-08,0.00705609760801719,0.844894800904556,9.65058705490027e-05,0.010509455923319,4.95330046608537e-09,0.0562741247679738,0.0811689910471687
3742,2880,0.597356721054366,0.00442714355494118,0.365828304739938,8.08079508409657e-09,4.92120394130651e-07,1.48149673145329e-15,0.00144401712200085,0.0309433133275636
5117,8155,0.000128358903797728,0.0208167889808582,0.633714625093547,0.00142404266791251,0.0745146363377087,2.16334794088034e-07,0.0733780264423764,0.196023305239005
9182,9716,2.38989056066005e-08,0.0324634876339176,0.869975615770582,1.09153137572031e-06,9.53027665224278e-06,8.40216333986087e-13,0.00106605943087974,0.0964841914568464
8149,7198,2.96470103336474e-12,0.00420903401258365,0.925419081613784,4.24542389210173e-07,1.29512418239239e-05,6.09409517326324e-16,4.13306225327184e-08,0.0703584672558316
6842,3001,1.54106073740459e-11,0.0156009654998833,0.645429112517877,1.78288844041708e-07,4.53925548222644e-05,1.2891756560513e-15,0.069328661850717,0.269595689272445
7876,2162,1.91107280429642e-09,0.00583676877480595,0.492024992301077,1.82041908532258e-07,5.25045521262544e-05,3.78011983670986e-11,0.373726118938754,0.128359431442454
6016,2521,7.32882317377404e-12,0.00511676742568165,0.82805647304017,1.01181702444488e-08,9.16588969545075e-07,1.06806699428914e-18,0.0445311932161751,0.122294639603504
6977,8755,0.454582833708739,0.00462459591851576,0.486000771348814,6.08086378673694e-05,0.000775903875672017,3.2563903370696e-10,2.12390018037546e-06,0.0539529622845729
6910,4799,0.00100598853293005,0.0114660704601814,0.653967297644565,0.000336720871967162,0.00907795727436221,2.22368746367562e-07,0.106411681609721,0.217734061237527
7804,9955,3.3870151680083e-07,0.0822175408635429,0.818116984349916,1.68827894508388e-08,1.19221514399591e-06,1.0413463032308e-16,0.000715292554072845,0.0989486344330178
8701,5759,0.212120567654772,0.0118889292075073,0.701765093094372,3.95911249976935e-08,2.99451053889524e-06,1.35983159565367e-17,0.000329850857701008,0.0738925250839839
7805,7557,1.8706670941419e-08,0.0663637665352885,0.848566953177948,1.11543359738096e-06,3.22013697887654e-05,9.31493962975779e-14,3.85634693103439e-05,0.0849973813073033
9665,6719,6.29178789729243e-15,0.00345294845504648,0.963654362317851,2.5080808268578e-09,2.51445107321834e-07,2.8162239048691e-18,1.25472274961847e-11,0.0328924352613611
9114,6958,4.85740606775357e-11,0.0055886264212161,0.942443823203983,2.77714628533437e-06,3.1166945201826e-05,4.60421004433629e-14,9.82738582492507e-09,0.0519335964073078
9254,1923,6.5973761582115e-16,0.0032496226963266,0.962203013864786,4.4740914935957e-09,1.04892655704635e-06,1.63187426951885e-16,6.60229595559155e-08,0.0345462440152783
5048,8755,1.28438065103008e-06,0.0170139445540169,0.795507095838246,0.00135296992585179,0.0851056933633283,8.15397997429782e-08,0.0255475741288328,0.0754713562692734
6843,2042,1.05428484044912e-11,0.0229190975718684,0.345493790220735,6.02928573368369e-09,1.10961751864888e-06,8.18588990028268e-13,0.495975236639904,0.135610759909327
4429,7436,0.000652624072018316,0.0221605449141612,0.604074797563385,0.00531105542045215,0.116748782671497,5.96301571868373e-07,0.0547526031443215,0.196298995912594
4430,5278,2.70731995483418e-09,0.014550522302119,0.774818628081681,3.03526168517815e-05,0.000976437699182172,6.12479340280425e-13,0.016331204202473,0.193292852389761
10148,6359,0.0205006915485046,0.302658529736651,0.392398916436132,6.87595151842664e-07,8.71364670670657e-05,2.73252873612564e-13,0.102828908398565,0.181525129817655
6357,9594,0.013906416810228,0.004103331181751,0.903459149769838,0.000232178067601422,0.016026888343182,2.25646451910592e-10,7.89927639074795e-05,0.0621930428378459
9734,8037,1.15626681911676e-11,0.00493515492738554,0.892997456127631,1.03365607111356e-06,1.64790249130789e-05,1.94357757707673e-16,5.26230130760942e-06,0.102044613951129
10079,5520,0.709231334117056,0.115387467999814,0.0528800080485052,3.783870727536e-07,9.66036337072759e-06,5.53687325201679e-14,0.0254361563264953,0.097054994757631
3602,6956,5.46530335023568e-06,0.0103761592522799,0.836172000600785,3.28360000366288e-05,0.00439355586269115,7.87311622676605e-13,0.00981510160623274,0.139204881373837
4016,5277,3.19330111010907e-06,0.0170281024786205,0.64853131890968,0.00274365436992488,0.0227588901599963,2.8031937396876e-09,0.0353412838293018,0.273593554148173
8768,9955,1.42734577642041e-10,0.0371812291947733,0.422946310561412,6.24234359789546e-09,5.37488301321366e-07,2.68775980916e-11,0.411824062995666,0.128047853347892
4704,9114,1.47343725551966e-07,0.0092657887848463,0.854240847854829,0.000669538766253409,0.0475322718841769,2.06498477477994e-07,0.0156867498122404,0.0726044490554512
7945,2522,1.03366367774619e-09,0.00539508934248781,0.742511809021527,1.21282385549419e-05,0.0011630230460597,3.38681418376546e-13,0.0834642052299027,0.167453744087466
3257,8274,0.0885750754377274,0.00236729852016324,0.790992210496599,1.02316276703453e-05,0.00166173521078461,1.06599003694545e-09,0.00107446479652571,0.11531898284454
9529,4801,0.0806984567504094,0.00847607443652079,0.718152196395102,1.07087335379595e-05,0.00144710318891894,3.36192031054285e-08,0.0377669660137569,0.153448460862551
7875,4080,0.257542600761098,0.0153282043409442,0.675398464410649,7.05409426846499e-08,1.03053022954952e-05,2.18884922655808e-14,0.00424577088290739,0.0474745837611405
6704,4440,1.39380724269628e-09,0.00661245832036592,0.617092067181841,1.02885521725141e-07,4.5960577868774e-06,2.62209146387228e-14,0.130959924587097,0.245330849573554
9390,5760,0.599282725113745,0.0340722402739633,0.248888621460532,4.36453464135273e-06,3.27467435879929e-05,2.34483801565017e-13,0.0152219052323488,0.102497396640947
5325,5877,0.167348961322592,0.00263749278260429,0.693938286827538,8.38089417149996e-05,0.00179435241513568,1.34443026536467e-11,0.00204699015097526,0.132150107545996
7187,2642,3.83679737451218e-17,0.00229481044989073,0.919739144046441,1.80145127976395e-09,1.15624949967035e-06,1.2074571258084e-19,7.46623269684218e-09,0.0779648799864848
5599,8995,2.38180806037074e-07,0.0181487784763156,0.571007633916372,6.76449515586946e-06,0.00193358058443701,1.98723155896045e-10,0.157108324158379,0.251794679989811
9389,8157,9.6608590268199e-13,0.00871982216523597,0.889118050803339,3.50801431988356e-07,7.36314659831515e-06,1.38989112179951e-13,0.000215456320156198,0.101938956762133
6566,5399,0.000822426843034854,0.0209133950191889,0.684156653700546,0.00118764100575689,0.0280380699752156,3.91373747496498e-09,0.0843787450395488,0.180503064502971
7252,10434,6.43568492410761e-05,0.013983636055912,0.893242116668738,4.27675576027955e-05,0.00393436379450875,6.58061045127362e-11,9.44167888811988e-06,0.0887233173293035
7393,3481,6.41436996787353e-08,0.032310492873987,0.248844120414451,1.93594547765937e-08,1.61682763532202e-06,5.9339647396154e-10,0.478462469580737,0.240381216206639
9388,10075,3.55409273581481e-05,0.0104291979103126,0.853887810232525,9.51087976347819e-09,7.58591779858197e-07,1.58208895038805e-18,5.26421261756617e-06,0.135641418614527
7256,1802,1.53463761826302e-15,0.0035645092167728,0.908472765526948,2.19270547266125e-08,1.93594694126176e-06,8.15094631725408e-18,3.98245273386727e-08,0.0879607275577541
7254,6598,0.198264964530398,0.00600467528486868,0.702062351021387,2.86063680295243e-06,5.31592781416458e-05,1.96356132265727e-14,0.0164632780168139,0.0771487112315682
6427,7317,2.78022741169008e-06,0.0138617098790816,0.456010462989027,3.98872265397414e-08,7.78148799606624e-06,3.20047789392534e-12,0.448374537708937,0.0817426878171197
4498,6357,4.7612025548139e-12,0.00534600012201027,0.90908292079263,1.17511287344013e-07,2.06959197756058e-05,5.04699851378569e-17,1.03405500267173e-08,0.0855502553089859
6634,5518,7.62488267743862e-05,0.00930259944807856,0.770321677869472,0.000501004776449162,0.0247752929435838,5.94530448459905e-10,0.0429444132216951,0.152078762319417
9253,4800,1.4964309543108e-05,0.0110661261936052,0.904833347431181,1.23002847569305e-10,1.06008685548226e-07,3.75274453875541e-19,5.58240919024146e-07,0.0840848976930633
3258,6116,0.0576746341951948,0.00938395086545682,0.724281823320953,2.44368442068338e-06,0.000135922420579993,2.63697430556676e-15,0.0361856750157386,0.172335550497654
7945,1803,2.87906740295744e-13,0.00313677782392367,0.729600958042502,1.43156227311003e-08,1.58686293006018e-06,4.90352919503929e-19,0.119539622530795,0.147721040423939
9319,10195,0.0204582377978693,0.0432565499340427,0.714128307268469,3.97174013146679e-07,2.16691208410417e-05,1.74272347256799e-16,0.0340737784350129,0.188061060269752
7529,8756,0.117262133423506,0.00641226443944989,0.686433699957782,1.985274118055e-05,0.000385062397160775,2.64399011998339e-12,0.0304938942759962,0.15899309276228
9805,3602,0.144216869186051,0.00670056753502159,0.726817974819454,4.44715477783763e-06,0.000143607295025447,1.04195649547309e-11,0.0306775513586495,0.0914389826406015
7804,8276,0.121162580054827,0.00797125395536788,0.766078374833394,2.26512386188125e-06,8.59981129775284e-05,3.79626627492722e-13,9.54050344032699e-05,0.104604122884789
6496,7676,0.0332805844648596,0.00839669616971588,0.789779099193438,4.79171074926763e-06,0.000396923135936595,3.44532412844054e-13,0.0155342324738672,0.152607672851089
6151,7796,4.30362541519542e-08,0.0184088535769741,0.51172740935636,7.66789759498681e-08,1.13827251942886e-05,8.03012985948637e-13,0.371580102901883,0.098272131723556
7667,7317,9.58718417582307e-08,0.0042445425397428,0.942908133905185,8.74245723975285e-08,6.10398650253001e-06,3.31349401505124e-16,1.98011446386743e-09,0.052841034292041
4500,2041,9.56419339756896e-06,0.00242523910590809,0.869719915315028,3.45699309277687e-09,1.15826707576698e-06,1.9013558188962e-19,0.0236448580490891,0.104199261612508
4085,7076,1.41957351129853e-08,0.0121015942559948,0.780159055480197,6.33303172154982e-06,0.00272802460871367,9.3560816875977e-13,0.0837682144866607,0.121236763940041
2984,3239,0.150728321880002,0.00695234719358998,0.682406782690729,2.92468905516341e-05,0.00196861683823292,2.75010271753927e-11,0.0115660370568874,0.146348647422507
9044,9955,1.55757813504399e-06,0.0347329794483596,0.765299022001499,2.27019218271916e-06,7.66347102962522e-05,3.32138798678504e-12,0.0231406123529344,0.176746923713272
6911,2641,7.0727109068903e-18,0.00245445043506696,0.915591158280434,2.0468588493417e-09,5.10503304749076e-07,1.9341486943179e-20,0.00172763855196187,0.0802262401823738
4565,9833,4.60217118615986e-10,0.00515524008437402,0.81548137604978,1.80293758596246e-05,0.00170709419926362,1.87419789513267e-13,0.0183825016016921,0.159255758228626
6979,5399,0.0107828047823326,0.00345009546616401,0.923267655965962,0.000339764525849137,0.00428078912234476,2.61581745948628e-08,2.66011437990744e-07,0.0578785979677352
7321,9835,3.04614169303585e-12,0.00358857146535445,0.929264019402532,9.70882522940692e-08,1.45369449624177e-05,1.63204770482911e-16,0.000777589675374434,0.0663551854204785
9045,6359,0.0661834234557144,0.0136477445838127,0.827685773046693,9.03778891604387e-08,8.19871007830062e-06,2.3876851229079e-15,0.0108275355801024,0.0816472342457077
6636,1442,9.24641661632598e-13,0.00752831188587903,0.887446671564864,3.51598291577378e-08,1.37279641169897e-05,8.77739670078933e-20,0.00124914178765739,0.103762111636729
6704,3481,7.62595020289619e-14,0.00458676220832146,0.743974034494858,1.65334379688154e-08,4.8803564402436e-06,1.12687033249337e-18,0.044332622544034,0.207101683862832
7739,1683,1.75250978936739e-14,0.00291531983740672,0.927176948537479,7.78405316410156e-08,1.906594538965e-05,6.8940900810995e-19,3.2364300058118e-08,0.0698885554748755
5050,6117,0.0285978667131296,0.00228088060817416,0.918650910337615,5.68687743735993e-08,7.51276519215325e-06,8.97364420685908e-17,3.78882281704208e-08,0.0504627348188864
3259,3719,0.155572104200228,0.00546062750778182,0.742289805958406,0.000234246614666142,0.00764596108848153,8.3214885080697e-12,0.0011967378501129,0.0876005167720028
4979,10313,1.17682992232878e-08,0.00841373482715813,0.720835214576517,5.13486467391133e-06,0.000895478625137864,1.18404363116607e-10,0.0978085521550261,0.172041873064784
10148,5400,0.533104527125535,0.114788849364666,0.220611289637675,9.04286112110195e-08,3.50759687168983e-06,3.70627720709848e-15,0.0383887229576535,0.0931030128889836
5393,8635,1.12040359325896e-06,0.0245559233188423,0.644454988924706,0.000415945614808828,0.0565612198891834,4.10217412682964e-06,0.100196674207771,0.173810025466969
8906,9236,1.95210607952432e-05,0.0161975464885413,0.917608522192345,5.84411204251645e-06,7.94745808465587e-05,3.40931237379703e-11,0.000218943154503601,0.065870148376833
4496,10433,4.98755643601455e-08,0.0056838618493061,0.887042163367333,4.59011097952627e-05,0.00921900028207218,3.83170087399797e-08,9.83901918276584e-05,0.0979105950070922
7049,3121,1.67508869520632e-10,0.00684794481880461,0.841833081500296,1.00196239810364e-06,8.42700572533878e-05,5.75881807944851e-15,0.00417311123655646,0.147060590257176
9116,2403,5.70515247906242e-06,0.0200624458797646,0.736022902385593,0.000268838024046832,0.00665650810129437,8.04126589403082e-09,0.100359821426231,0.136623770989325
5737,9954,0.0467102991535538,0.00938979675811021,0.830969073071348,0.000576386298763975,0.034271076971223,2.64293351637755e-09,0.00440587482062516,0.0736774902834427
5188,4439,5.1935811732788e-10,0.00470287932709975,0.756996603065244,2.8735372602558e-07,1.3176247730596e-05,1.27290948320541e-15,0.132046795754802,0.106240257732038
6220,8635,9.68582034448118e-05,0.00953906012667694,0.724632991854055,3.32025377581501e-05,0.00289727422142238,5.99500820926127e-12,0.0945172374795693,0.168283375571078
9527,7438,3.46363718547987e-10,0.0104427908713498,0.896644667253374,1.93837472744954e-05,0.000294394615371424,6.15001059236943e-14,1.12456556931845e-07,0.0925986507096482
9598,3002,4.31851717403672e-12,0.0030072419103137,0.955821505492129,4.58769692621567e-10,5.16889101106929e-08,8.97187665129956e-18,3.32133650872112e-12,0.0411712004422376
9804,6000,0.85319903014946,0.0388678575234909,0.0173229484177464,2.96216897199246e-07,1.79175275670718e-06,8.26916941895203e-16,0.000581147306194665,0.0900269286334532
10147,7798,3.67033457408456e-16,0.00648011129148692,0.924899233625313,5.56475437053368e-09,5.6827819339967e-07,1.506767587816e-17,1.95147029053359e-10,0.0686200810451052
7462,3121,2.1180597003305e-09,0.00455926587796083,0.683008328084261,5.55936952117666e-07,6.17584959112532e-05,2.50697752186519e-13,0.123302908898583,0.189067180588022
5186,8515,1.7775810046576e-06,0.0268186604764448,0.614144678238103,0.000264709043990304,0.0353309609304187,1.49594881893592e-06,0.209729796462315,0.113707921318904
8287,8636,5.66420154426424e-12,0.00565018908145513,0.928860249639528,2.45182598301494e-09,1.78431159373112e-07,5.61030545750188e-19,2.12114564458492e-08,0.065489359178911
7117,4440,0.0182329117838631,0.0166505340067314,0.445321740263073,4.40361257223424e-05,0.00308609554086526,1.60079761948701e-06,0.334959639056644,0.181703442425482
4359,8994,8.28020153316461e-08,0.00566624344349431,0.820823597396756,0.00334930836880361,0.0953158859407113,2.10099492604136e-07,0.0011653948241657,0.0736792771245617
3533,7075,4.20451176059457e-07,0.00751357746528382,0.827413598570725,0.000218895850993234,0.00929999666882424,1.28511763883236e-09,0.0210754424359577,0.134478067271923
9528,5280,0.259132928450384,0.0346849553533452,0.472478748948466,1.86022992254794e-06,7.10145739688178e-05,1.13943234888243e-14,0.0295545450835015,0.2040759473604
7115,8276,0.177907738277834,0.0101245708147019,0.651701527953566,4.55764854362566e-07,4.71971940264666e-05,2.68268066498486e-13,0.00166802870627502,0.158550481288474
8562,9835,1.13132695413096e-07,0.0116582248395343,0.854621918624934,5.49583208345201e-08,4.71815519606447e-06,1.8532865253469e-16,0.0146932636036229,0.119021706685697
3053,3599,0.00530375915840051,0.00420295038460088,0.872852014858496,3.34265040169492e-06,0.000294914539415881,5.73659372371575e-14,0.00326718404078877,0.114075834367839
10009,9476,9.01400614901379e-06,0.0389977373564375,0.685697609258113,3.85743206373595e-05,0.000864430908254249,8.00636620980808e-10,0.0550658100198288,0.219326823329943
3947,7315,7.83226156483163e-08,0.0156603556840927,0.712634422676212,2.0528079451108e-05,0.0041192313686006,5.45657953956232e-12,0.00716310755192558,0.260402276311645
7737,5759,0.274665545500176,0.0100903785357178,0.629098541076765,3.29899780730056e-06,6.21773196606714e-05,5.08394209770576e-13,0.0112745937161614,0.0748054648532035
7736,6478,0.00226433025756578,0.00276272080631856,0.939150414661838,6.4631457032982e-07,3.36807184559029e-05,2.8718986081545e-13,0.000527069531188963,0.0552611377097751
8152,2402,1.31050647148231e-13,0.00449866365965035,0.648896338335997,3.1498463919248e-10,1.8993648067994e-07,3.92843640499482e-16,0.264711873092918,0.0818929346598371
9044,9715,5.34318850077038e-08,0.0517719430765545,0.796137276802721,1.19228397225558e-06,3.35325933972099e-05,8.32766145509181e-14,0.0583875954923998,0.093668406318987
8769,8277,0.000194172485546181,0.00655985395391089,0.880360675047197,1.01691976193399e-06,2.05543590733953e-05,5.11779160196981e-16,0.000291751596549105,0.112571975637962
8081,7078,2.8034300669403e-11,0.00295343056977984,0.933151320273387,1.1830872629787e-06,2.44886741020976e-05,1.29138376648129e-16,5.15900981633426e-07,0.0638690614664525
7876,1923,4.59745850793049e-09,0.00786041307617243,0.757617254866091,0.000118650669196503,0.0122123414460647,7.23522596880305e-13,0.0500193594237377,0.172171975920555
4428,9593,5.50040876992772e-07,0.0209225580159066,0.843243281558701,0.000146190549537058,0.0187710808840759,5.70213271657569e-09,0.00061460712264666,0.116301726126123
7187,3361,0.000360352676890957,0.0162615813068139,0.502861227190691,5.92246588215172e-07,4.86802897004626e-05,4.00816754913333e-12,0.297784590531879,0.182682975753427
6012,10194,0.274618031891997,0.0103530612530242,0.636279127733669,0.00115019139292127,0.0351775022516218,4.13372619855041e-10,1.54453044871575e-06,0.0424205405329458
7737,5039,2.45838707751761e-05,0.00748743451405507,0.819325538507849,3.0976619137622e-06,0.000244936826271453,2.93746737347154e-12,0.0464429900995783,0.12647141851662
5050,4679,1.07147406929155e-09,0.00320033966369632,0.579241949354082,1.40455776243149e-07,1.03073177239782e-05,1.09654688869073e-11,0.211124366414699,0.206422895711583
4845,2640,2.14372677558533e-15,0.00225219892291567,0.851105042411802,2.54069849486109e-11,2.54840406175966e-08,2.84907479725991e-24,0.0208564644497078,0.125786268706125
6152,5398,1.99478159016756e-08,0.0137772356618842,0.893282624492341,3.92030348178265e-05,0.000590416618771016,7.0566390291672e-13,6.10369351104834e-05,0.092249463308554
6773,5039,1.27481250041763e-09,0.0038255559144139,0.787176093492499,7.41461964728797e-08,5.32526833745842e-06,1.26415428864494e-16,0.0371285236937934,0.171864426209948
4500,3000,5.10149756358996e-15,0.00476172687520987,0.947786109032571,2.0915971637247e-12,2.88877800742128e-09,1.40729842360323e-25,9.05698800616641e-06,0.0474431042133379
8909,2762,3.71466662290026e-08,0.00820296524245454,0.929403525319107,2.08557337658138e-08,3.58376247944931e-06,3.24687998470923e-14,0.000290429101928273,0.062099438571598
7735,8396,0.337969813942319,0.0101511873534787,0.558308315149946,2.59479031693474e-06,7.3343090504367e-05,6.75909775438877e-15,0.00194592738814539,0.0915488182852828
8563,5759,0.561601737249195,0.0430575392011072,0.362664042264129,1.26218970582857e-08,4.16333455540158e-08,1.97450392010153e-16,6.76727668676835e-06,0.0326698597536385
5945,5998,0.00695783819384474,0.00415034058374759,0.897274446312777,5.00899597126209e-08,4.3483476062792e-06,3.52571628406681e-16,0.000153051625183393,0.0914599248468813
8563,6958,1.59594656873578e-13,0.00575550708560152,0.928670361966968,5.32188836450741e-07,1.35899452836739e-05,4.15413397594587e-14,1.62043294462853e-07,0.0655598467698144
7943,7557,2.28930310586175e-09,0.0124076240857597,0.921498226355024,6.94417863996544e-06,0.000146079292914397,1.28267561426553e-14,5.44489521260693e-06,0.0659356789031331
8218,8756,1.24841985263202e-11,0.00702490299832733,0.943460273460982,1.622183710154e-09,1.11731649973914e-07,1.79701212592014e-18,4.36854667020548e-10,0.0495147097375183
7531,4680,0.0889941794617557,0.0570309533196339,0.275462768678324,0.0073388704126854,0.152638483271568,0.0294222126657068,0.23782688184508,0.151285650345247
7323,6478,0.0150519661507158,0.00385154725762605,0.916772551115332,2.28486696181925e-07,1.10593964792489e-05,1.42379627473875e-15,0.00408790642375072,0.0602247411693985
6223,1922,3.64364938011771e-16,0.00239313914161325,0.831509988988764,3.3258627967054e-11,7.00295905824838e-09,7.34555852416249e-25,0.0551606326399377,0.110936232193467
5739,4919,6.78056138565623e-12,0.00777410534952743,0.857404353093596,1.60083980587029e-05,0.000165836864152561,4.40234391529629e-13,0.0100785855083084,0.124561110779136
9803,7678,4.0166026237323e-16,0.00253854912790846,0.929655454331062,1.48397665267785e-09,2.58091438908242e-07,4.42523695128945e-19,6.91957074303978e-07,0.0678050450085389
6288,10433,9.28431459729841e-07,0.0148977336146008,0.706185198502263,0.00027434065839993,0.0284060819462392,6.38708730651133e-10,0.101644038948552,0.148591677259777
9666,5280,0.431154191902955,0.055707125013632,0.380187589784997,1.48200168326328e-07,1.36609676315514e-05,8.6448395667636e-17,0.0444511522986357,0.0884861318319804
6635,4799,8.23801125914407e-08,0.0124303222326015,0.591519284180624,4.05518386926354e-07,3.99513370844013e-05,3.84166557427114e-12,0.164990982551835,0.231018971795514
7393,4680,0.184937553098644,0.0245754864693986,0.375781272221953,0.00508375077143163,0.0979323563374088,0.00453405504395585,0.155586744415275,0.151568781641934
8975,10315,0.000102256064493448,0.149955671212696,0.623816997747095,2.18635968932702e-05,0.000562125786809325,8.30017715912012e-11,0.117225137531015,0.108315947977997
5394,6477,1.06611039386491e-12,0.00240371357319749,0.947410355372766,2.82530442282362e-10,2.19097526744624e-07,5.52596622482926e-21,5.50990504420999e-09,0.0501857061630084
7735,9115,1.1697227459848e-07,0.0156212923696308,0.649648355753581,5.09308680231166e-06,0.00030519687531386,6.3067071869336e-09,0.253672545265829,0.0807473933698611
4291,7196,0.000352410890489393,0.0221870090394493,0.691744556231367,0.00605664107064834,0.112540812186309,8.12265339361652e-07,0.0137408502078726,0.153376908108525
3121,5876,6.89855243816518e-13,0.00223055871620621,0.811399308015408,8.76832691180621e-09,1.68496463820441e-06,2.92524830010676e-19,0.0284169953348121,0.157951444199919
9805,2883,3.04831314945553e-11,0.00238680093210619,0.906689153725896,3.28131890806878e-09,4.16350319881999e-07,8.15487287734276e-19,3.73323395144779e-05,0.0908862933403613
9115,5280,0.693712126009019,0.0219806763315082,0.153744612024303,7.83482167077685e-08,2.30466883597738e-06,8.03997281431177e-13,0.0307989040949313,0.0997612985223824
3948,3479,2.4488491800163e-06,0.00216484311690655,0.92094356199242,2.44436677745949e-07,2.73818078409289e-05,2.7320687455242e-13,0.000666550248892974,0.0761949695478084
3190,4078,0.136523123641689,0.00427525575462434,0.71654949225675,3.15504272608022e-07,8.16367797444477e-05,6.23438455141839e-17,1.91545013878724e-05,0.142551021561532
4293,4079,1.43662756494697e-19,0.00223432648353187,0.981719336600063,1.19232056512312e-12,7.35442765422072e-10,5.1566808828392e-28,1.11762749026321e-11,0.016046336168594
6222,4559,2.22424356716701e-07,0.00486330975295898,0.767742411776865,1.35024499606176e-05,0.00054874231334529,3.52527066307657e-12,0.0397125290738619,0.187119282205127
10009,7558,1.81806164416724e-15,0.00601571677099729,0.918121030287747,2.86972232088042e-09,2.97293417145202e-07,3.66014813357673e-19,1.96155903337202e-10,0.0758629525819581
3534,6356,7.02237961594611e-12,0.00857911130192361,0.818721901074724,1.85850543323134e-09,9.16679817060015e-07,2.28417317878409e-18,0.0377538073711595,0.134944261706848
9045,7318,1.01750363797637e-13,0.00413929620081758,0.942284253200828,5.92802251448241e-07,1.04731746524266e-05,7.00449067894092e-15,2.93205879887357e-07,0.0535650914154622
4635,7795,1.88829912527517e-05,0.0269004924977387,0.619477511207619,0.00204266900169217,0.118617365480488,3.73453096394411e-05,0.0600831626943646,0.172822570817206
7808,1563,5.83907704593067e-16,0.00279942128050393,0.88055957828591,3.16111043412111e-08,3.51275939637513e-06,3.15189151322949e-20,1.72814083337088e-06,0.116635727922251
9392,2403,1.61481632443295e-18,0.0019802517581962,0.981624322042251,3.37541236990404e-11,1.64082640579746e-08,5.98164679359335e-24,3.1111068443641e-09,0.0163954066464276
5532,4799,1.19584682114106e-10,0.00780541558714833,0.793595718766772,1.86654084210151e-05,0.000130725453109239,3.73029241920547e-12,0.0644453288406386,0.134004145820596
5462,8994,0.00166872899202603,0.0243130223951406,0.756870811468121,0.00230800093176265,0.0901773371852099,4.05442551246314e-07,0.0487495046816464,0.0759121889035423
4703,9594,2.91739822877558e-06,0.0158038857408262,0.564479411337135,4.09931063558563e-05,0.00376704558062937,3.04639522354556e-10,0.216293487543836,0.199612258988349
8426,4560,0.400660715713276,0.0106565051698786,0.524066101132503,2.05773672454983e-07,9.82322013118538e-06,7.47780680918485e-11,0.000910692149697047,0.0636959567660634
4704,8395,2.18050234687324e-08,0.0150044838946583,0.882399781187993,7.00210877326486e-05,0.0108022843944658,5.45154279367808e-11,0.000667973299021416,0.0910554342765898
3603,6236,6.11093949312544e-10,0.00267826913537613,0.808987938399611,8.71198892818896e-08,1.42417309414243e-05,3.50610223262704e-17,0.0206487121887361,0.167670750814352
3672,4918,6.41171808098451e-09,0.00538069138279667,0.565535041339914,2.60297454050158e-08,9.60186768773323e-07,1.44591313622067e-12,0.245825893818044,0.183257380829567
10078,8397,1.33141042161344e-13,0.0106055714962103,0.900483487629545,4.86173303442128e-08,1.90322099113229e-06,2.14760798221441e-15,2.57805256064651e-05,0.0888832085101816
6773,3361,9.67179249141638e-12,0.00560944479110549,0.800284601708666,3.94019893239242e-07,4.60538226656309e-05,4.7774318509361e-15,0.0278323859052635,0.16622711974273
4293,4319,5.946748895804e-15,0.00165527143952979,0.952462829232279,9.54086342162778e-13,2.03004326398893e-09,1.01707821393511e-20,2.62809369901137e-08,0.0458818710162514
3467,2640,0.0034910544858768,0.0178525840698322,0.686633889051931,1.57630750272977e-06,0.000139851685732931,9.59254528893501e-12,0.163289008485503,0.128592035904028
9320,7558,6.45996574974659e-11,0.00592072749238203,0.868714775234469,9.17720196124493e-06,0.000130784309432803,9.45823372286557e-15,6.23844794190858e-07,0.125223911852351
5878,1802,4.14315249255709e-11,0.00323600906687287,0.855849473507013,4.91696066217571e-09,9.87652149595124e-07,9.55122571774415e-21,0.0502752010758723,0.0906383237397002
9665,7198,2.97898323740695e-14,0.00274875566583708,0.932743707760536,2.35621171077972e-08,1.15285482251846e-06,2.68349678325314e-17,7.63614561062086e-08,0.0645062837952017
9116,2163,7.91073195505738e-15,0.00423852105529736,0.878456295030675,3.5832302195225e-10,1.23242080021523e-07,7.21172723023495e-20,0.0272349876566123,0.0900700726570044
5394,5278,4.61461123096564e-09,0.00566554301545212,0.843316086530235,1.99618570745304e-05,0.000284019359684345,2.36385581472964e-12,0.0179699819731845,0.132744402647395
9940,9117,1.12079549692826e-12,0.0165262225328119,0.820776441655777,9.57819835751337e-09,1.33856778777063e-06,3.51365762291149e-16,0.0495111128409752,0.113184874823329
4981,6237,1.4138956022332e-08,0.00310709668578233,0.952616288007121,2.12357342606029e-08,6.26841702627793e-06,2.54075195306261e-18,1.33332209065609e-07,0.0442701781831708
8012,6958,2.28024342994815e-09,0.00412229641788895,0.922580540776333,5.01995968132269e-06,0.000150184849465357,7.04583818000577e-12,2.72409838591771e-07,0.0731416832995035
7322,9115,2.15918420687617e-08,0.00301938501712594,0.918899498295433,3.9632234014516e-05,0.00223577526914532,1.95481474928865e-10,0.000251892176709289,0.0755537952202483
6153,3960,1.04196214377895e-11,0.00594086067969818,0.858498106621665,1.72055949528142e-07,1.06781336552709e-05,4.92193351639482e-18,0.000605319410329479,0.134944863088283
9116,3122,1.75457714008813e-07,0.00378742923565902,0.928944789476696,3.70715774823378e-08,6.37615365165407e-06,3.17088508320903e-17,0.000307958543385458,0.0669532340613161
9666,5520,0.269060112510441,0.0374414231687633,0.597468105692535,2.69036171147186e-07,2.35600550928795e-05,2.36862338621723e-13,0.0147786006631586,0.0812279288736012
4015,8394,0.372488961692608,0.0126524341556196,0.539652154223429,7.65523826281229e-05,0.00360131468968307,2.29054706107693e-12,0.00326731261747213,0.0682612702362697
6083,5758,1.8404255072627e-05,0.00461763307475218,0.884412350676289,2.35850733150658e-06,0.000151252427766545,6.49925578276877e-15,0.000178200200785525,0.110619800857996
7322,8636,0.252449125563307,0.00621193876596342,0.654629366381306,2.48678412320243e-06,0.000225254107157576,5.3852716931366e-12,0.00851744149468264,0.0779643868980748
8770,6359,0.0189461393957458,0.0105630148138824,0.84203251412456,6.49026855510812e-07,2.83693778498264e-05,9.34722595845797e-17,0.0274582989100279,0.100971014351078
3740,8154,0.236547765346901,0.0117209190028664,0.663100573374345,1.62484420555137e-06,0.000252317086206526,2.39593164026765e-13,0.000191550628901735,0.088185249716334
4152,9593,4.77851263767653e-07,0.00846858607293376,0.841023869444679,0.000361991490117177,0.0175109540364788,6.03032490807576e-10,0.00777131186140413,0.124862808640091
6842,4679,0.000210132555597312,0.0101708090416467,0.671113479700911,0.000246017939867954,0.0124385900290175,1.31245941848076e-10,0.0752200662625334,0.23060090433918
3741,5517,5.70905352899282e-09,0.00789985335876676,0.819217038955059,1.23591741075283e-06,7.49833278437235e-05,7.74981651800918e-12,0.0260506244312692,0.146756258292848
7942,7797,5.61989613218592e-13,0.00863974823349435,0.92968754317241,1.27773987891185e-08,1.11090773353028e-06,6.99886069589702e-18,6.68356285265536e-11,0.0616715848415658
4774,5158,5.64161496092906e-12,0.0164742170856112,0.4601715744028,2.77991768817544e-09,1.51197107125912e-07,5.45749779664007e-14,0.345546359911614,0.177807694617254
7046,9115,0.307374063678059,0.00853389495723742,0.598287622624963,0.00143610373582961,0.0171681234893905,1.00238319844221e-10,6.04747281629423e-05,0.0671397166861195
6358,8156,0.836806603805743,0.00746174201587903,0.0977407537587106,6.29199904175237e-08,2.30262055907361e-06,9.2837243096551e-16,2.16501261324038e-08,0.0579885132289912
8148,10314,0.00352268944441098,0.00894176525270883,0.851319166431632,9.18178385570393e-06,8.90311158502257e-05,3.60173251581655e-11,0.000288110406107592,0.135830055529418
8907,7558,6.32299956738714e-10,0.0114966788699355,0.920170629263956,7.18157566680428e-06,6.10731943611452e-05,3.50861639724255e-16,6.66063822236065e-07,0.0682637703999576
3671,7795,5.37426782127225e-07,0.00695802910346912,0.920346116174369,6.73243419446306e-05,0.00693503176119941,3.64074208187665e-09,5.73610683403457e-06,0.06568722144466
5946,4080,2.16780238126529e-13,0.00301651467029768,0.877815014677618,1.07081141343056e-08,1.03925251219501e-06,1.03636667677653e-18,0.00108402454547935,0.118083396145762
9595,9476,8.05029840360616e-09,0.0336764170394796,0.612325638719878,5.10491162415449e-07,1.83089749457474e-05,1.12678148623523e-10,0.186873451122132,0.167105665489426
6357,9115,0.685064517073952,0.00721524041013982,0.259020124377934,1.61350893631537e-05,0.000710117444448774,7.81254685065742e-13,1.78012722221797e-09,0.0479738638232544
8493,8996,5.10404121090182e-05,0.00855502746617286,0.885430565284405,0.000419502853408613,0.0091545943977391,0.0174695391541173,0.0071520073949385,0.0717677230371099
7944,4200,0.39085921457677,0.060494428655915,0.368642873320049,5.66777962143057e-05,0.00106588224290898,5.14626539255259e-08,0.0754227195233814,0.103458152422107
6839,9954,0.271914231674501,0.00935226229314342,0.634034106319373,3.73707180278175e-06,0.000209905892147853,2.10325190685142e-15,0.00335226970633488,0.0811334870426948
4154,6476,4.76795205526848e-12,0.00641511595575976,0.70729163117737,3.50813464816424e-08,1.06888945567967e-05,1.93888502645744e-13,0.123478218253703,0.162804310632302
6081,9594,0.308180516109234,0.00583008548936873,0.577195312034152,0.000969336330992125,0.021527833738418,2.19257996358589e-09,0.00892451412492675,0.0773723999803284
10008,10195,0.00472576243036705,0.0227009107638127,0.815537029164844,2.6417042698217e-05,0.000764485411849979,2.98805405407504e-08,0.0341856332081651,0.122059732097722
4152,9114,1.4669740814695e-07,0.00261993694255556,0.894556852801136,0.000248229165945693,0.0247606378373847,1.58060852824429e-07,8.0033678573316e-05,0.0777340048161443
5737,8755,8.82012352828667e-10,0.00651151517949208,0.89026521590368,2.54850082841984e-05,0.00635863759552328,6.73898624312786e-11,0.0113913143584025,0.0854478310052153
6842,3241,2.79579176180486e-10,0.00655551828301215,0.766584765751284,3.39650420839673e-07,5.52655768104758e-05,3.78698850842989e-16,0.0624213158867483,0.164382794572145
4359,9473,1.13738730493153e-09,0.00549281923633319,0.900774093107274,0.000147558460310548,0.0149825480073522,5.26985055250463e-12,3.33630610420388e-06,0.0785996437399682
9460,3482,0.0226777020217713,0.00218705013949521,0.839477675277275,1.43741067201528e-05,0.000187800099265247,3.5048826888844e-07,0.027023866248209,0.108431181618995
3878,7435,1.50998926741229e-07,0.0105675655914649,0.846700208396953,2.23597029747778e-05,0.00326139006295598,1.89482116587444e-10,0.00944389539437484,0.130004429662868
3397,3958,0.141066182249853,0.00902790272157282,0.793764266767423,1.42770523097839e-06,0.000156824855239215,2.65826667847916e-14,5.60016406243712e-10,0.0559833951406378
4911,7556,0.0121438719023346,0.0238292655200919,0.573475436038441,0.0331811122009927,0.178407060358141,3.26528671835916e-06,0.0383527217681846,0.140607266925095
6429,3480,9.64877807679534e-16,0.00263137050694164,0.811494518565084,1.98236185337379e-09,1.92732695906263e-07,9.07988022251952e-18,0.0571255747006933,0.128748341512222
6153,4439,1.66687511696131e-10,0.00654818863481545,0.756547874032902,1.03239138699044e-08,2.2102765506993e-06,7.71484636289812e-17,0.0403321427288215,0.196569573836309
5461,10673,5.42619697860565e-06,0.00964745499834427,0.879920274616113,0.000577089614327974,0.0383506327580746,3.36916599394969e-09,0.00164543276382462,0.0698536856831704
9802,9116,5.43481256451786e-12,0.0107282966773609,0.771893674256307,7.30946464225107e-07,5.65653422693284e-06,1.57074755494266e-11,0.0893068778411243,0.128064763723375
6151,8276,3.42657752133955e-05,0.00503630925256088,0.898385485072769,1.73327815605015e-06,0.000507077226590118,1.812344045404e-13,0.00718726440462906,0.0888478649898997
8702,4321,0.161015870219952,0.0138502514196722,0.687770622387333,5.46267866763044e-05,0.00247032136224708,4.50879055377314e-07,0.043410056255068,0.0914278006899963
8978,2403,1.22701384209602e-11,0.0214040169171975,0.692613251837505,4.16864983496407e-09,8.63729850678277e-07,6.42639335588229e-15,0.204679285544504,0.0813025777900163
6633,8875,0.0913722580855685,0.010996122856711,0.803634147399881,0.000433852006319282,0.0229125667476437,2.06207500590383e-10,1.59729112796483e-05,0.0706350797863892
4913,3000,1.99340540661323e-17,0.00151754982729046,0.923837973466937,4.22793105426956e-11,1.39602558386187e-08,3.10713731646047e-21,0.00178885277277157,0.0728556099304654
6908,9355,0.1685118573881,0.0108535193709225,0.763431921833107,0.000299138794411514,0.00899478203335428,1.53345531692315e-09,4.74860440111558e-06,0.0479040304422492
4018,2400,0.297515522763863,0.00869778933763496,0.534593081550555,1.02496356417597e-07,1.04837955785088e-05,5.36766212993878e-16,0.0501802295289056,0.109002790527106
4845,2161,8.19263329175382e-12,0.00531236604784668,0.852854752813818,1.45526149626297e-08,2.92008633029141e-06,3.76753810165418e-19,0.0197724448963494,0.122057501594848
7254,6837,0.0668555311479082,0.00615045059588803,0.833833256014396,8.37429853928946e-07,0.000135791081868378,4.20581752626409e-13,0.00647724847935914,0.0865468852503058
8703,1683,3.26464077019728e-12,0.00273355165473132,0.872925976068232,1.72156800553765e-08,3.75906254704773e-06,1.02682815634224e-15,0.0416104273065502,0.0827262686889936
4635,8754,0.00617522588734059,0.00809682972071399,0.88061204737355,0.000505700161242562,0.037333638541957,7.15291214113376e-11,0.000184997357032274,0.0670915608866346
8286,9116,4.73515733024313e-13,0.0159551848441698,0.924097454758514,7.72753662465525e-10,1.36559365307566e-07,7.20006518616128e-19,4.91274624790808e-11,0.0599472230155965
9184,3961,0.0305441131066502,0.00886275847973416,0.84238074060619,1.06683388460005e-06,4.11377426796539e-05,1.76711583469337e-11,0.0108610615388334,0.107309121674357
7462,3361,5.16877191816967e-21,4.20237181272572e-16,1.79925693302909e-16,3.01408030314124e-23,1.47290930447939e-21,3.56817805763284e-22,0.989240423988987,0.0107595760110122
9871,8277,4.71711023014202e-14,0.00732095384022892,0.879816284491053,1.20196050520883e-09,2.96544791445824e-07,1.55858468526113e-19,0.0164688403089642,0.0963936236129551
8287,7677,3.90150202240962e-13,0.00367455569644517,0.947008354511784,2.43282441850225e-07,1.47828949010938e-05,9.73368617091166e-15,3.06420784013886e-11,0.0493020635833855
7599,5998,0.267510754430399,0.00796476014228941,0.648018225079174,7.90079654420566e-07,2.19348175637909e-05,1.28344774590383e-14,0.0048352983652475,0.0716482370856585
8427,3601,2.81438114520947e-11,0.00416056737145284,0.96690969533763,6.1697320901383e-11,5.01795631718481e-08,1.23828104214149e-20,1.51338346546842e-08,0.0289296718876784
9735,6119,0.330469890017731,0.122558641370063,0.411125917999447,2.30025776166019e-06,7.18127234769356e-05,4.69917076350859e-15,0.0212783396530871,0.114493097978429
5463,6357,3.20273299779392e-09,0.00267359055676636,0.944267077830613,4.61717443352852e-10,1.56944376675344e-07,5.83303003987802e-21,2.64262973288634e-10,0.0530591707395308
8151,3841,0.547237401291271,0.00911769902500489,0.376156261264436,9.8990428713259e-08,2.35685187287039e-06,5.79485095509319e-14,0.00283580474535104,0.0646503778315779
9737,1564,3.72694747309287e-17,0.0039483477272571,0.94774569940338,2.03989340550316e-10,1.31822862324524e-07,5.91942058944114e-21,1.4782122846385e-08,0.0483058060603884
4291,7915,2.82027770568618e-05,0.021721801611534,0.735045953171034,0.00131413482476417,0.0863919183112014,2.33092251885911e-07,0.0598852136715361,0.0956125425406218
9251,9596,0.0169472027695947,0.0523643406072855,0.815840387210486,0.000110030017192292,0.00106197376352382,1.5170906799912e-09,0.0189343687982419,0.0947416953165847
3947,6356,1.44579588548228e-06,0.0105993167646065,0.772817140591251,7.9162820368475e-07,0.000118521319954919,8.9380755912122e-12,0.0424066747465303,0.17405610914463
6840,8755,0.35089588459085,0.00913217718069282,0.57729320172821,1.31105006708679e-05,0.00112681573787825,1.5422349448951e-10,8.76119148702269e-07,0.0615379339883253
8219,6598,1.2226597233167e-09,0.176875210485308,0.744560914137469,2.36140866108289e-08,1.12361341238413e-06,1.65209076862279e-18,0.000141582381360949,0.0784211445457023
4982,3360,6.44194128354336e-17,0.00179135987361671,0.879788106068962,2.52680864888385e-10,7.21415685855878e-09,9.92377483960574e-21,0.0352471990322537,0.0831733275583302
5463,6597,7.82456768452274e-12,0.00165606713375681,0.942045967119131,4.70655980877687e-10,4.41049952912915e-07,1.04452977374332e-19,4.79062620292286e-09,0.0562975194280523
9116,3602,0.00358326728502323,0.0098039309007848,0.922337628525321,6.56265709798944e-09,1.42336682475237e-06,4.03856720661127e-19,0.000462380124959176,0.06381136323443
9114,7678,2.34222994765335e-12,0.00462657120286327,0.85973812046227,2.21290073627092e-07,1.0564240928533e-05,2.12618879256744e-15,1.5796910531685e-05,0.135608725890988
8976,6958,3.78059366140575e-06,0.00278915318898053,0.972372920576447,2.73230882907407e-07,8.62269488723365e-06,9.54746212961878e-15,1.67163576986699e-09,0.0248252480434953
8906,9955,8.26443355424258e-13,0.0421990457183903,0.155144691210896,2.90725928545596e-10,3.2414596200898e-08,1.9652426569025e-11,0.674236273476903,0.12841995686801
3464,7195,3.45226965744787e-07,0.00409613606919552,0.904280378698305,4.62586498446228e-07,3.11029566954959e-05,5.47810882244439e-14,0.00244899031037021,0.0891425841519143
10285,8277,5.96404429718257e-15,0.00605892292814005,0.926744044373364,4.44282217476135e-09,2.92390716379827e-07,1.88026049215692e-17,4.87444548565988e-10,0.0671967353775067
8288,4560,0.123153103057827,0.00756922969240882,0.803640475593492,5.57788959222156e-08,1.14389177180047e-05,5.92310668984645e-15,0.000123611105618885,0.0655020858540333
5737,8515,7.11471618116374e-09,0.0153096633223823,0.692057662252188,1.06612724459656e-05,0.00231910243925953,2.19863541710346e-09,0.180803103540292,0.10949979786008
9183,7318,1.46171590085463e-12,0.00450441610608857,0.917793024563322,2.42456926759956e-07,1.22867332966821e-05,3.53687294281486e-14,1.05604996956848e-08,0.0776900195783697
4981,4798,2.33192284162375e-06,0.0182947049817611,0.136871651845951,2.43796837994578e-06,6.32241066561473e-05,1.98323167693355e-06,0.775324997609976,0.0694386683327566
6153,3240,2.64523013679341e-14,0.00537257221224733,0.707625426324822,4.47695164015871e-10,1.297758903973e-07,6.89125067118142e-20,0.121184595529531,0.165817275709788
4085,6836,8.67681664720028e-10,0.00527517900079234,0.816025217682801,9.22333194634198e-07,0.000141767345644164,6.7507553900006e-12,0.0325868254637836,0.145970087299352
5943,10074,0.428613274823887,0.0166540579883266,0.399761544551043,0.0028484876424307,0.0916456455354682,7.86766824052446e-08,0.000608092090852264,0.0598688186913104
8424,8876,9.61396416515287e-13,0.00941737208206497,0.914238359353376,6.54102163693169e-09,2.03387747519761e-06,1.76296585591048e-16,8.92391527920612e-08,0.0763421389059474
10080,3362,1.07808813480869e-10,0.00761593834265726,0.915424709163375,5.24353195259008e-09,1.20856111833152e-06,1.19701783110687e-13,1.26932504201918e-07,0.0769580116488849
4430,4558,5.38300881023395e-14,0.0041425217827527,0.96957315754185,1.31551063695598e-07,1.35024773391383e-05,5.40519489173275e-18,2.60804605688717e-10,0.0262706863861359
5256,7436,2.71246887577747e-09,0.0246826329952966,0.469546178368979,3.59836448357597e-07,0.000185847826097606,1.44096053613159e-10,0.23935266781226,0.266232310304353
3604,4318,0.47429276994971,0.00812339622219351,0.497881414919788,8.25522401845721e-10,6.62436289587799e-08,1.472186767811e-21,6.19699973857089e-12,0.0197023518329596
8496,3002,3.78427868117879e-06,0.00916646278318219,0.947702905185775,1.34353984973432e-08,4.36108248094414e-06,4.14457485887526e-15,0.000160996306054926,0.0429614769284234
5534,1921,1.44230277046306e-08,0.00482736298894475,0.780877890180286,4.22143233824206e-08,8.98217134319648e-06,2.85081959381676e-17,0.0725786071805895,0.141707100841485
9941,5760,0.739576880575946,0.089116876740549,0.0151658902523337,5.7684257061986e-07,5.33459268875225e-06,2.14291402625212e-13,0.0360999445105442,0.120034496485153
6013,8036,8.53446430759297e-07,0.00777955953490336,0.911893031858689,3.43710508041076e-06,0.000921432757254264,4.16369173710609e-12,3.92056031272389e-05,0.0793624796903513
10149,4921,0.629888884467272,0.0389231179928174,0.256645728511177,3.45812022238187e-07,5.79994546862878e-06,5.2668181697629e-17,0.000703937006286272,0.0738321862649566
7463,2402,8.30051024905365e-14,0.00300517537769348,0.801724989438193,6.59078206572694e-08,6.38843420051777e-06,4.14958815017011e-18,0.0477128250060255,0.147550555835984
3740,6716,1.56268047734879e-07,0.00667228052784158,0.880520362432151,8.77479484532378e-06,0.000843161835576805,1.85448258904472e-11,0.00234296478571331,0.109612299337279
6841,5638,5.43780880626831e-06,0.00412726890590299,0.932654338350908,2.67166775004438e-06,0.000113569143518428,5.6841621645643e-15,6.18284658635298e-07,0.0630960958384498
5117,9594,0.000200207693318834,0.0136010705393318,0.714181905049456,0.00396552661020221,0.17002630978986,8.57124447388819e-07,0.0195804425905868,0.0784436806027965
4635,9234,1.01423155142677e-07,0.0107861221643321,0.800637069148102,0.00212512260419924,0.0788710543094419,2.18480775158356e-09,0.0119797988931457,0.0956007292728163
8701,5519,0.548768129718689,0.0301710022665507,0.365179509463239,1.32654627386721e-08,1.7416126842323e-07,2.8625059777289e-17,7.72293019156724e-06,0.0558734481945989
5461,9714,6.33752544515863e-05,0.00528054649435814,0.933886344090912,3.04337313793265e-05,0.00657864402451698,9.6526505696846e-10,0.000146966396943579,0.0540136890421729
8426,5040,0.314424699848903,0.010306803520815,0.625624085935852,6.68418304908489e-09,2.75619493912124e-07,1.88864792017915e-19,1.1916492944442e-05,0.0496322118978083
6703,5399,8.68173437268078e-06,0.0105581280032178,0.808553719452261,4.20817613161531e-05,0.000933257942691719,9.516120184421e-12,0.0604600963184084,0.119444034778216
5189,3000,5.17441971910072e-13,0.00195761040009059,0.82985666776386,6.77009903042794e-09,2.07166820193585e-07,5.11558943404875e-19,0.0416642344892148,0.126521273409398
7600,2882,4.38735111809518e-12,0.00375869997345422,0.889162112316699,3.43932642758246e-07,5.19110002566455e-05,8.83285625821573e-16,0.00257875665979246,0.104448176112767
4773,8994,0.000597943951841919,0.0103657077607387,0.67711378564933,0.00456047326800642,0.151872081397408,7.54381217891959e-07,0.0538182172874312,0.101671036304026
4499,5637,0.000419696425694773,0.00900621370520421,0.845852249163503,3.35512527999244e-05,0.00323495465787542,3.65569074133936e-12,0.00630327158783553,0.135150063203432
9873,5640,0.394982290121929,0.0668068660055059,0.412192026330898,4.27847499089644e-07,1.83948321115084e-05,3.27704022154761e-14,0.0414535571295337,0.0845464377324902
3740,6956,1.39894501240013e-05,0.0135246952446163,0.736717937841534,2.09109338087576e-05,0.00214694459726129,1.24279877410039e-09,0.145552424702894,0.102023095986963
4225,1801,2.13878714257284e-06,0.00396830617788502,0.936950132961952,1.54445778023451e-08,1.13014077346812e-06,2.23254766790197e-23,0.000256132347133255,0.0588221441405355
6219,9115,0.309535468084412,0.0090390239967428,0.476956565545915,0.0134547388961881,0.0920067576393064,3.25874612469925e-08,0.0175702169801424,0.0814371962698317
3534,5877,2.56659573820756e-08,0.0188539528542585,0.572300971658374,1.02899158872151e-05,0.000332624349152321,1.41615441742427e-11,0.160868099089216,0.247634036452992
8634,2043,1.36939825253533e-14,0.00332131497571256,0.900809430342284,4.83561273120105e-09,4.48402068902459e-07,1.51128906553772e-16,0.0319663032964461,0.0639024981478617
9733,9956,0.113384974229064,0.0502638911641835,0.667216164397497,6.9114981133517e-07,1.74250268596521e-05,4.46707380714641e-14,0.0133088098844933,0.155808044148046
8424,10315,5.3834032014554e-06,0.0349197500478308,0.88243464328954,4.04408662059495e-06,3.61453612365859e-05,6.04808748603013e-14,1.11858798012811e-06,0.0825989152235297
6498,3361,4.06158477759742e-13,0.00445952405306265,0.764400700868018,6.108084354714e-09,9.12882364746086e-07,5.75215530136772e-17,0.118034437015349,0.113104419072715
7666,9955,1.06881935121347e-10,0.0232577060061489,0.895813936113679,1.24192034430661e-08,7.37792993572476e-07,4.95417333605478e-17,0.000334412491802043,0.0805931950692912
9873,4921,0.71144582392304,0.0309526853511447,0.129498465373087,5.58045290425895e-06,3.2035233313238e-05,5.19753622006718e-15,0.014846070791338,0.113219338875167
9805,2643,1.06092509413577e-18,0.00177096956355356,0.952251071201857,5.14732349605426e-11,1.38249763048427e-08,2.63798438187641e-22,5.74996000065761e-05,0.0459204457581331
7806,4440,0.0217983504950343,0.0355806238599789,0.427627616091118,0.00344964730898941,0.0551364506446983,0.00520590462054009,0.282664780213313,0.168536626766328
8427,2163,2.04203349865558e-13,0.00383711173744847,0.705571780840267,1.41570589692623e-08,3.25254605786527e-07,2.98094230674433e-15,0.189049347998098,0.101541420012315
8425,8157,0.0878549425289851,0.00570172633586044,0.860721513120992,8.41295007424486e-08,2.18644190391335e-06,4.68891907786157e-16,1.37304269217288e-09,0.0457195460697149
6632,9834,2.11066067955998e-11,0.00568488265882689,0.953298203652914,5.94547274567652e-07,0.000230444706530254,5.6534652955767e-16,9.36783960170625e-07,0.0407849376293875
7325,1683,6.10691002519036e-16,0.00330030262027918,0.827295312806935,1.86921471257193e-09,5.63255672465641e-07,3.73317090948061e-21,7.25787593774858e-05,0.169331240688521
9392,1923,5.51329744985648e-18,0.00384168475938319,0.969983101892936,4.05824565836696e-11,3.2860713041058e-08,7.5554314097795e-25,4.89125402051764e-12,0.0261751804414943
5878,3001,3.71016700073632e-13,0.00488431328525614,0.801490167818888,2.58484942457663e-08,1.13592957760878e-06,1.56409721631325e-19,0.0426473782055563,0.150976978911856
4637,4439,9.97933222879675e-13,0.00374861688897498,0.945178694945247,1.21150689193986e-06,4.06003790809327e-05,4.23881034522172e-17,3.23598059615194e-10,0.0510308759552094
5668,9114,0.166373917260504,0.0219226426232819,0.576298461669054,0.00159011822734168,0.0727080794186625,6.64495707105694e-09,0.0333801148956376,0.127726659260561
4018,1921,0.101658041310015,0.00134718312145978,0.829951504143737,2.10510536735342e-08,3.69463375251127e-06,1.6949076123964e-17,0.00202469586665218,0.0650148598733303
4153,8394,0.240148498122453,0.00942787540445484,0.665344700116412,3.86826702896193e-05,0.00342454627801476,1.633407181214e-10,0.00085360577953519,0.0807620914655005
5944,8395,9.80122356912414e-11,0.00311562994227244,0.902162400185629,9.85843256052656e-06,0.00153940997498809,2.59115869481275e-08,0.00019581973006284,0.0929768557248884
4772,9474,1.31993072514497e-07,0.0200711825915222,0.650769164709767,0.000419475346738806,0.0453474901045728,1.14126721353717e-06,0.130698315168647,0.152693098818466
5601,6357,0.443473699572239,0.00348846550731459,0.494308443243542,1.38238355097771e-07,7.05722668910643e-06,2.61387133791009e-14,1.25888752647791e-08,0.058722183622959
8563,7198,5.32456679313879e-15,0.00292773929777756,0.957702020832759,2.48102317085128e-08,2.37293515224933e-06,8.90693766940731e-18,1.76959368341347e-06,0.0393660725303904
9182,8037,1.34222821059684e-10,0.0113268194269645,0.880768796026778,7.53177371418933e-06,9.13871937512544e-05,3.19423516205978e-14,0.00246765185816661,0.105337813586371
4431,2161,7.03708068578766e-06,0.00896616284572013,0.89093526866214,3.460868901043e-06,5.86345714788946e-05,9.19930783086762e-15,0.0118576151941516,0.0881718207769129
4293,3359,3.27179410474342e-08,0.00419295875881532,0.891458717649296,1.00832582143394e-08,2.05275960030827e-06,1.25459026904994e-17,0.0247387649666663,0.0796074630644227
3743,1921,0.0834176219550862,0.00341326575659465,0.80524906080077,3.55023169723106e-08,2.71757501833085e-06,3.61401806108548e-18,2.30336809305721e-05,0.107894264729283
9252,6479,3.41380526818683e-06,0.00636846101158053,0.941957117601509,7.10718439424695e-07,1.53098267010931e-05,4.7337966556308e-14,0.000347109171898769,0.0513078778645552
8771,3482,0.228003306658068,0.0108447840056804,0.624689684286371,2.93716235531761e-06,3.53173730137958e-05,3.44227590923297e-14,0.00861231674603997,0.127811653768437
8563,5999,0.366706375547949,0.00566686925624664,0.562677643967506,2.90680863835606e-07,1.18031677504227e-05,3.02560996333957e-15,0.00103681683822618,0.0639002005414551
5050,4439,7.52007560725769e-13,0.00292466002252711,0.888082169765615,1.16059396233348e-07,1.34775251173145e-05,4.26154447656937e-17,6.69698512927793e-06,0.108972879641463
3947,7076,3.67878597418907e-09,0.020688178264916,0.0936354347682024,3.95302463037273e-07,7.3795939623491e-05,3.42186419467083e-06,0.723535909591782,0.162062860590033
10079,6239,0.322967359747996,0.211745178505715,0.0966776026914494,1.19534593337964e-05,0.000615069797301593,7.84728884663307e-12,0.139499412890264,0.228483422900093
7942,9235,7.45608629485498e-08,0.00690256316674632,0.862243071876683,1.8459827522368e-07,2.58182770329046e-05,2.14382408864819e-14,0.0374303099784411,0.093397977541937
8631,8277,0.0173274266114061,0.0062395693111817,0.880505312539819,4.7713950252285e-08,1.51376975861191e-06,1.13951485192058e-16,1.85615785247865e-07,0.0959259444380986
4360,7555,0.000122343156425355,0.0527685288689792,0.507848556298632,0.00842957501450846,0.154826830936554,5.4131243356732e-05,0.0832277095486276,0.192722324932916
10011,4921,0.482170752137318,0.0088157273068286,0.315340811084506,1.7072578564384e-05,0.000247641797068424,9.19898023357426e-14,0.0413332466569872,0.152074748438636
4429,7915,9.80442162575191e-09,0.0423851780479972,0.159013677996473,1.85452188124506e-06,0.000687564074525244,8.10183820627198e-07,0.646227565106418,0.151683340264463
3742,3599,0.558462818799019,0.00614696773169875,0.407802577743488,1.11152504190225e-09,6.86551988102808e-08,4.13766933494075e-19,4.10009595676608e-06,0.0275834658631139
6911,4320,3.35262459100233e-10,0.0149696254813507,0.635139666276279,2.04668397065449e-06,8.74887670681263e-05,1.69235050847323e-14,0.107151719430321,0.242649453025732
7666,9475,3.04223300734157e-10,0.0457355379250515,0.827929618924569,2.08846046735066e-08,1.87916213797e-06,9.89105649873019e-17,0.000116150066418447,0.126216792732995
9390,6719,1.4271167326762e-12,0.00922646168136866,0.946000171364117,4.42769149480242e-07,1.79737933857219e-05,1.08096841110208e-13,3.06127672023519e-05,0.0447243376232414
5945,6717,0.000892946005184811,0.00343145335728603,0.936235224541681,4.94739299532274e-08,1.36723938474543e-05,2.8377969160334e-15,4.05823571502876e-07,0.0594262484044966
4290,9354,5.02844543984417e-08,0.0130975055119863,0.759121491264248,0.00484291561024215,0.135033371720027,1.14597603372539e-10,9.78138409107393e-06,0.0878948841103537
8357,5639,0.654993524947692,0.0231471225011999,0.279820149236871,1.00887600741641e-07,3.37864083939408e-06,1.3942573959129e-15,0.000110933038346647,0.0419247907474481
9460,4920,0.145191329680916,0.0719720662475734,0.482023699192229,6.89648919118272e-06,0.000199242735302301,1.12810836687838e-12,0.130041466048287,0.170565299605373
8427,2402,3.90590198045085e-20,0.0013209657267505,0.977093516483336,4.94571489880702e-12,2.37423573159146e-09,5.57535902944843e-26,9.88681770973334e-13,0.0215855154097433
9871,9476,5.45552922573347e-05,0.0145881024586876,0.686144940726587,8.5029746431542e-06,0.000112730106184181,4.43609623852375e-11,0.148510504617658,0.150580663779622
8493,8516,1.06033538649958e-13,0.00405556092968146,0.89591458702057,5.10779873646425e-09,7.14253370359789e-07,9.26735371821128e-19,6.51534375017278e-07,0.100028481154099
5738,6837,4.54014788481332e-08,0.00334487280796222,0.926937708205444,9.17627126400122e-08,2.49798674780383e-05,1.94890394096179e-15,8.48915049351182e-05,0.069607410449987
8357,5399,0.467168877330318,0.0186433088011327,0.406407993017282,3.97827311318922e-07,8.02234314468834e-06,6.65373961430645e-17,0.0139333153794648,0.0938380853013461
8976,7677,2.86832908656462e-15,0.00437040400277794,0.937813205547349,1.11051440045203e-08,5.92434703652628e-07,3.30404742202831e-19,4.3790045460855e-10,0.0578157864721218
5256,6956,0.00744523979180908,0.00508238055671489,0.854397969760594,3.12839814393189e-06,0.000805277712387635,2.38164177945358e-13,0.0127822780480733,0.119483725732039
8631,8756,0.000554863833547108,0.0278357043928351,0.868591708521456,0.000806931811370777,0.0196590997858056,4.82079376381784e-06,0.0155830059735289,0.0669638648876932
8494,6359,7.6196981973741e-05,0.0039721774818409,0.885360118525602,5.18577916950227e-07,1.36577585639189e-05,2.59547135313982e-16,0.0265134221735432,0.0840639085005592
8906,10195,1.48075395644466e-06,0.0347469651375877,0.756096047649747,1.15453190801957e-06,4.13335443397237e-05,1.00175738313103e-12,0.0960828278596454,0.113030190521814
8286,8876,1.28510263179179e-20,0.00516684813866551,0.965174040333646,9.48159707246426e-13,5.45536849920445e-10,1.5545360232951e-25,1.38057882454808e-13,0.0296591109810652
8909,3482,0.00396934282282932,0.0112994392517239,0.886449533652161,2.8160433144462e-06,0.000125546328749785,6.64666688620216e-11,0.00811473211035622,0.0900385897243984
3053,3119,0.15015723624974,0.0157078764008258,0.575913629673201,0.000138374328115969,0.0038376410047687,1.82802762019643e-10,0.0463006148302215,0.207944627330325
3948,3959,0.0107840798739398,0.00180772028097161,0.902879487513876,9.79362867305037e-08,2.99870599351177e-06,3.8960541708826e-15,1.97274516360065e-05,0.0845058882372928
5394,6237,0.000375506050972914,0.00343606678893486,0.9262306976351,3.52247078345184e-08,5.71445600041452e-06,4.48120797146047e-15,3.19423560763464e-08,0.0699519479019238
7876,3361,1.48806881768744e-06,0.0088695302134739,0.776398125845332,5.93130411764598e-05,0.00437346715539679,1.39290834126313e-07,0.0704313602147131,0.139866576170256
4084,7555,0.00161751810156726,0.0244387372443615,0.655297245328735,0.00442376110997791,0.0997903431273543,1.13653609863967e-06,0.063170652918642,0.151260605633264
3328,4558,3.24722749933121e-07,0.00120678425605749,0.947714374993914,1.56746607150337e-09,4.54662616252707e-07,2.02002839290628e-19,3.75769064383254e-10,0.0510780594214276
8496,3242,3.10727459163604e-18,0.00247973547996101,0.990168469012751,9.66448860513806e-13,1.07557168249867e-09,2.71413380476875e-25,1.34459448904401e-11,0.00735179441730394
7463,1683,2.25811103162438e-11,0.00653211126733571,0.798949457115434,5.80518550080459e-07,0.0001322568838167,1.33730755891208e-17,0.00909170480528908,0.185293889386993
5808,5039,3.45166634753937e-13,0.00379887406461221,0.873609352294876,8.01456454098969e-07,1.89981286086905e-05,3.55295223261647e-16,0.00840128703164236,0.114170687023461
3673,3000,0.656687819642405,0.00746419704087835,0.289015719090345,3.13029439922754e-09,1.71229610662145e-07,5.50975105628926e-18,0.0110886152002336,0.0357434746662326
6702,9235,0.866127896155949,0.00696092598332723,0.100683382175342,2.03906949961715e-07,9.73182405666727e-06,6.28904394963554e-16,1.47022738783662e-07,0.0262177129316357
3604,3359,0.78949929045652,0.0217793029305137,0.173418519797101,8.59042163219834e-10,5.84949797550729e-08,1.43723611115301e-19,1.36521670020326e-10,0.0153028273253217
9664,9596,0.00577470145841249,0.0154557026130225,0.795979757736046,4.18794594983006e-08,1.4191649864879e-05,4.17881172650779e-18,0.0194408092738974,0.163334795389297
6636,2881,1.55497137512132e-10,0.0059686552928707,0.77777266686281,2.93427946357064e-06,0.000382207646127586,2.49536921051352e-13,0.0427842985151402,0.173089237247841
9390,7198,6.62770912086495e-13,0.00628679593410871,0.877756474014477,2.87432054878279e-07,1.21121585532239e-05,1.94668184052733e-17,1.31005808952354e-05,0.115931229879248
4498,7076,0.000371720995832759,0.0105433860204987,0.800865499537138,0.000680466756027185,0.0435297143729633,1.93090595685833e-08,0.0218726732898418,0.122136519718638
5808,5518,2.26958668791556e-07,0.0175539256436777,0.853333778055495,0.00178069529911541,0.0121918357672297,2.40604490363806e-09,2.35390688674608e-05,0.115115996800901
8221,2043,4.66363727274134e-15,0.00199809289694763,0.85648838269933,3.60844420940679e-09,9.91420837856923e-07,8.12713414870937e-18,0.00779021732959613,0.13372231204484
4292,5997,8.63991304215656e-05,0.0131934240254168,0.723020139450998,0.000253625256255525,0.0132315613803318,4.89916228354289e-10,0.0536587596191041,0.196556090647556
7943,5639,0.622915517255261,0.0279094202491494,0.313310493086141,2.93134008386584e-08,6.58570452020324e-07,1.59099258945186e-15,5.60973834824633e-07,0.0358633205517594
10219,2643,2.09761837833085e-07,0.00740808924196417,0.901821771085257,1.44559456841976e-05,0.000752745750197556,4.91030755878053e-07,0.0028018565193541,0.0872003806649493
7323,7437,0.000247206611920646,0.00428883839027272,0.95226386916896,1.21704540097851e-09,2.80566915235649e-07,5.45995879063275e-20,6.8298768215113e-09,0.0431997972150094
10150,2523,2.73302375711601e-07,0.00694285581319822,0.898243399760444,2.65978195788666e-05,0.000833027638782792,3.84290703805081e-09,0.0205487151594239,0.0734051266632895
9804,5760,0.521673497839889,0.176156375917498,0.135985297791246,8.08304195681483e-07,2.1027922779231e-05,2.49758053735149e-13,0.0423771251998446,0.123785867024298
5945,6957,6.23809021521191e-12,0.0022533061262298,0.964391195783067,3.35509890236085e-09,9.60723848389756e-07,1.33683350345534e-17,1.08353123217401e-08,0.0333545231702053
3466,3359,0.0068032682341166,0.00203645722091785,0.974647435035116,7.0018098311999e-10,1.93775046145014e-07,2.15364987995812e-20,3.52359743455792e-12,0.016512645031099
4431,3599,4.40987028833268e-10,0.00402396725617633,0.797442403366589,7.09117786658406e-09,1.06429631289644e-06,1.33308119421168e-19,0.0698776933252421,0.128654864223515
7666,8756,0.00273861473026991,0.0241831448834426,0.742786175600758,0.000511544453639562,0.0161223347575536,0.00764546230631756,0.0652731171538513,0.140739606114167
6771,9115,0.908677140890045,0.00313134458309418,0.0660617045546126,7.7933180267994e-07,2.74700491222555e-05,2.57109126601858e-14,3.02439815500997e-08,0.0221015303473163
7322,8156,0.00264942350123904,0.00851913330569266,0.867823174790288,5.76429714324579e-08,5.96570183108659e-06,2.36632526680938e-16,0.0181236229283047,0.102878622129673
4361,5637,0.000281597147470493,0.0169309006891617,0.720763322826377,0.000343967418211808,0.0176737809313527,6.21421734973614e-10,0.0441840576841965,0.199822372681808
6498,1922,1.20904156287858e-12,0.00585941615775056,0.66724121568339,3.37961880443561e-08,6.0824638880098e-06,2.94920282431314e-14,0.189939252680611,0.136953999216934
6154,2521,8.50446468637191e-10,0.013720490964876,0.671389311916401,1.38685812329049e-06,6.2097140782472e-05,2.04776180969192e-15,0.148981436180865,0.165845276088503
6771,8396,0.141283853931698,0.00266862418421946,0.804184444550359,1.02523431567362e-06,8.76160261413916e-05,3.05248091928653e-13,7.94240759022551e-07,0.0517736418322026
5736,10433,0.0189149473593011,0.00485158610668929,0.795258229866872,0.00301334205349167,0.0755512250520204,9.97848130714658e-10,0.00730171037719894,0.0951089581865789
7736,6238,0.0805079180178766,0.00739224641283315,0.857098143489432,6.23250723853482e-08,5.11407410657092e-06,1.27139906202659e-14,1.61645526018366e-06,0.054994899225406
3877,8155,0.205998139364353,0.00524427474408998,0.654238242493702,0.00215086019602795,0.0483244001962521,2.05018530041807e-09,0.00351659977191421,0.0805274811834754
8013,4081,0.296048850335837,0.0278124134529473,0.564795930364235,6.71699261573538e-06,9.38156513162171e-05,6.10846987257787e-11,0.028583455537166,0.082658817604798
7667,8036,0.199376827322962,0.013968810824212,0.58289476747171,2.89870610753637e-05,0.000424065443127021,2.10304352170988e-13,0.0389594326469475,0.164347109229756
8770,7078,5.47033474656434e-14,0.00353037307832366,0.96787456328847,2.51202634948358e-08,2.05008672945207e-06,7.13608357253589e-18,1.49723011766258e-11,0.0285929884111861
6702,8995,0.132945045290962,0.00707553463969115,0.802118771052835,0.000271044779900879,0.00608340627806434,2.37515902117059e-11,4.32408351908932e-06,0.0515018738512758
9596,8517,4.69582718031949e-12,0.0269667972854572,0.496580024002442,1.80781789335299e-09,1.83948280127583e-07,2.82426660156138e-14,0.337542176904874,0.138910816046405
6566,3960,1.06433536767355e-11,0.00245007068035606,0.841721835306593,4.16529338269891e-08,2.38869004053986e-06,5.65263664991344e-18,0.00250976194461783,0.153315901714815
8149,8396,0.000350277328146581,0.00318621301109568,0.945494248160639,6.5076271942791e-09,6.12520749101899e-07,2.88707394140045e-18,4.15217885600779e-11,0.0509686424302203
8702,4800,0.26600419520622,0.0159960282712796,0.618518403469992,4.03234730628529e-07,2.38000049607803e-05,2.11745925976834e-14,0.0130464236873822,0.0864107461254138
5463,5398,3.63049799563089e-13,0.0059609727316035,0.884072215435272,8.67264375795488e-08,8.21824162812707e-06,1.56786814709113e-16,0.00234987968769727,0.107608627176998
5670,4559,2.50905114736164e-13,0.00256235419738634,0.926020170872857,3.81173503873565e-08,1.05889431495176e-06,1.79315900813192e-18,0.000569589913452362,0.0708467880043881
8771,4680,0.249639288056717,0.0277455293928788,0.557074386954499,0.000201537418710024,0.00668373634463386,3.26725264501476e-06,0.0513958441324695,0.107256410447446
6981,1563,1.10401618061213e-15,0.00341138912154847,0.904326123792235,2.55102889212521e-08,5.60878725335889e-06,5.04290798527568e-19,4.56414450059713e-06,0.0922522886441727
9113,8876,4.47286741414363e-14,0.0119066079811221,0.914193880169857,1.84295985692766e-09,5.46139383280348e-08,8.14834001583779e-18,0.000507179349286911,0.0733922760427907
3328,3599,0.125677828095457,0.00497403792216816,0.83819603976746,4.04498845065515e-06,0.000138401066769344,1.14295310828472e-09,9.22580770312090e-09,0.0310096377909339
3053,3359,0.0412643756703315,0.00220365802310259,0.852583852633951,6.48786637676586e-07,5.81197959416622e-05,2.19909417672934e-14,0.0167438856086918,0.0871454594813217
9461,2043,8.84922130403739e-19,0.00308301419340214,0.924542428436138,2.65799214762139e-10,6.83219558140143e-08,1.33374327551138e-20,4.61545104854098e-11,0.0723744887365504
4636,6596,5.77312255322802e-06,0.00728333843294173,0.899826576560025,3.06716521631509e-05,0.0024236999154184,5.85581593358023e-13,4.31598242572847e-05,0.0903867804920561
7255,3960,0.000730257238405415,0.00830183052856683,0.636084364507486,2.31727104224925e-06,0.000142299300731226,1.76041982708898e-09,0.211187497037116,0.143551432356232
6773,4799,7.73450820543857e-09,0.00916408936076304,0.772878245120272,1.39985686851789e-06,0.000128395246744074,8.00331464360511e-15,0.048408730536301,0.169419132144535
6981,2282,2.84758484526723e-11,0.00267809250037435,0.629227423552037,9.99718265668257e-08,3.90818998953115e-06,7.2941283339929e-12,0.247752704150794,0.120337771599209
6290,6357,0.267792681000265,0.00284355345266933,0.604306579736065,1.82182860816359e-06,5.60666790501567e-05,3.16147384833774e-12,0.0575736050703057,0.0674256922298753
9390,5999,0.120449444951634,0.0455265650944802,0.612433399453713,1.38390677124407e-05,0.0010233629009259,2.18751950877774e-12,0.0707165732407795,0.149836815288567
7046,8396,0.328755208165409,0.00707359284461443,0.608889605260109,8.21461773429474e-06,0.000197950509458633,1.77921094372929e-10,7.96560489120866e-08,0.0550753487687036
8837,9356,4.75044511549812e-06,0.017494603513146,0.907439004286,4.70696124954767e-06,0.000148317288259206,1.48856218203159e-10,0.000265560717811928,0.0746430566395619
9802,8877,4.91217763771893e-08,0.0192127288967307,0.747911122696569,1.53917781628721e-05,0.000178574320828507,8.07201489288078e-10,0.0733738063618673,0.159308326016864
9597,5880,0.878737179142854,0.0291143014923771,0.0174683941495383,4.51089656623083e-08,8.69455750204834e-07,9.25896997645266e-16,0.00783689639829601,0.066842314252218
9941,6000,0.59407700171349,0.185096989076978,0.0190252789560337,7.08091699256274e-08,2.44554972998452e-06,1.25018333680896e-13,0.0463194829414812,0.155478730952992
7808,1803,3.77701473137814e-12,0.00400760383762559,0.886313286074548,3.5211568862525e-07,4.02467429605507e-05,7.19438621719487e-18,0.000736820953805613,0.108901690271595
8700,8397,9.41208103782962e-07,0.00548889932538967,0.872512642663728,1.77513024237786e-07,7.22620143642747e-06,3.53826455758762e-17,0.00460619559202104,0.117383917496297
8358,3721,0.326339480717198,0.0345904003927884,0.554880000954569,6.50930193669518e-07,1.90109754930452e-05,4.41819440925668e-13,0.000984295976187442,0.0831861600531281
6566,5638,2.13260280656752e-09,0.00467781255736577,0.835766233702829,1.68995426597827e-06,0.000255710677506089,1.23815344367229e-15,0.011529713796914,0.147768837178515
6150,9954,0.264707489784499,0.0240928370938369,0.584931180906831,0.00207744222748091,0.031834598317307,8.92174285890151e-12,6.98866027934351e-05,0.0922865650583297
7046,10314,0.00662407860574909,0.00385722036704329,0.864977256552381,0.000247015323862794,0.0137590063297423,7.82318556278538e-10,0.0200321144111896,0.0905033076277134
9046,5640,0.588136173470918,0.0198304382849807,0.315651824087378,1.33337197039639e-08,7.08598994313556e-07,6.48596778677053e-19,0.0104678086243407,0.0659130335996679
5118,6717,0.0201138475317712,0.00569428046831968,0.824150603410228,7.66110796623711e-05,0.00148909182752697,4.28019282798576e-09,0.0383588625646396,0.11011669883766
7667,7557,4.44688882090892e-10,0.00379476018842742,0.79538053155144,4.89897361116243e-08,7.51193757689808e-06,1.03021477132313e-15,0.11669673162745,0.0841204152606795
6429,2761,3.40011098265594e-14,0.00133952619067534,0.801618637264292,1.05763291703632e-09,1.05065332027634e-07,6.79841311747786e-22,0.0884286907293108,0.108613039692723
6152,5159,4.49872786080769e-10,0.00649042135782238,0.903184098211168,8.08439734967226e-06,0.000149053195145003,2.49325383530015e-12,0.00188980015430955,0.088278542231839
9734,7078,2.62675251361142e-18,0.00322316176479675,0.914356628193102,4.24323549696226e-10,3.45779550007002e-08,1.69026219269894e-21,1.4101672298548e-07,0.0824200340230997
4636,7316,0.00354767923839382,0.018885261819979,0.661656991582456,0.0156870797352611,0.125936143002266,0.0201141089056698,0.0258428587289466,0.128329876987028
6357,10074,0.000200055662383195,0.0126938970623594,0.715492783136337,0.00124175049507465,0.064314216960849,8.77116288320361e-09,0.0653270907372346,0.140730197174599
6841,5399,2.94959490854391e-09,0.00488570281363003,0.93735190618599,1.47566168423617e-06,0.000204504025780377,8.03335570344001e-15,8.40634934299463e-06,0.0575480020139691
8013,3841,0.290460480478003,0.0104035427953672,0.651907314975871,3.24828540126564e-08,1.81295426262041e-06,4.82988674660308e-16,0.000645057458851221,0.0465817588547902
4842,6956,0.000966186817086986,0.0166528318929549,0.685566173611285,8.48854802623378e-05,0.00801310315665951,1.58201379235207e-10,0.0914299865805271,0.197286832303022
6980,3960,1.43365314587937e-07,0.00580234349327584,0.755923095296251,4.14511069081058e-06,0.000729297465839242,1.51392441981868e-11,0.0772968217682163,0.160244153485273
5256,6717,0.00310189100378085,0.00600553401285107,0.847717129032563,2.00980067566542e-05,0.00228172281176349,2.03039305604382e-10,0.0182479746111394,0.122625650318106
8356,8277,0.0502691495741092,0.00609416554179748,0.890414077576106,1.37512273518508e-07,3.78634197827179e-06,1.60219619119457e-17,1.36267312344509e-09,0.0532186820910628
8841,2403,1.17898061795158e-05,0.057891125401747,0.820296590624667,2.20660118186386e-08,2.74676865005458e-06,1.38720070269079e-17,0.019643989951878,0.102153735380867
5392,10313,4.14590710804215e-07,0.00768519891854502,0.77656121248033,0.00117531334125021,0.108804733463614,1.19104774900641e-08,0.0142747171644522,0.0914983981306209
9664,8877,2.51660788187093e-10,0.0140502588030664,0.837406850103408,3.00982885848645e-05,5.81098456816314e-05,2.52142528237445e-12,0.00430122187586649,0.144153460829211
6428,6118,0.0550710049627779,0.00315530912992988,0.825026479224785,2.56503663306872e-06,0.00011598208801011,4.05400006872975e-14,0.025666984287992,0.0909616752698319
8152,1683,3.37655223904075e-08,0.0136557980596444,0.439601820128776,2.07388555669888e-06,0.000117862209202507,7.33355633245404e-10,0.371037244944134,0.175585166273809
2430,8993,4.30470295793848e-07,0.013548018734594,0.70280076186413,0.000337674168536715,0.031875053052008,3.47462827477148e-10,0.0424778994965501,0.208960161866422
4913,4439,2.02810417171863e-09,0.00411713915595673,0.900239987337012,2.88379653823586e-05,0.000672325253853449,5.64705242344007e-14,0.0104898433821277,0.0844518648775069
4223,6596,4.39484570577298e-12,0.00293671669105049,0.901718021204539,3.35753453318779e-07,8.06061102758448e-05,5.59118158307996e-16,4.45354310161172e-05,0.0952197848052699
7322,8875,0.00900980487331363,0.00358474944311449,0.90065667887006,2.35338681324998e-05,0.00179403885137063,2.88567216620812e-11,2.14304748613472e-06,0.0849290510176659
8083,2043,1.06709769321423e-14,0.00321968197623458,0.878427074633213,1.09154810330025e-07,2.36054649929937e-05,2.05550958862197e-16,0.0183243971767305,0.100005131594008
5945,7436,9.47040315625856e-08,0.00407312921474579,0.958080649478099,6.49060536226947e-07,0.000217511654558059,7.46221369148719e-14,1.26442206245694e-06,0.0376267014658921
5532,6237,0.110059956349834,0.00281379366179248,0.830656961081795,1.85839580836854e-07,1.22510260975396e-05,1.09549737444138e-14,2.13431506832893e-08,0.0564568306977377
6288,9954,1.98174434737187e-05,0.0127413304182693,0.875861689816214,0.000549624550336473,0.0371700982671087,1.02361902636256e-09,1.19025713420924e-05,0.073645535909637
5669,6717,0.0578587365709362,0.00449347094475749,0.830122624915205,7.44926426712653e-06,0.000892632181941917,1.10401900247113e-11,0.0102728567890333,0.0963522293228192
4154,5997,5.29364267779262e-05,0.0130685200689932,0.771106674449865,0.00120368275832803,0.0465865090120064,2.41553325488958e-09,0.0361654056025553,0.131816269265941
5600,6837,4.34656357547872e-11,0.00409119983484507,0.90939880080067,5.95613170425536e-08,1.32866688053939e-05,5.44287266900227e-16,4.1964861874987e-06,0.0864924566047088
5396,2161,7.88007631010933e-10,0.00590434293320168,0.846674335603603,5.50575474491524e-10,1.3746091956716e-07,2.29657465062048e-21,0.057998972427072,0.0894222102366211
6566,4200,2.83550891085518e-10,0.0079812181585747,0.783566576013046,1.61084275701781e-06,4.86875051509125e-05,5.77342268302661e-13,0.0258416813939408,0.182560225802402
3536,2280,0.682046944743281,0.0127219853205597,0.256044094460225,6.91240242179251e-08,2.38971072537682e-06,1.38362556970824e-17,3.59330156388569e-05,0.049148583625546
6291,4439,5.54973164897707e-10,0.00840494959456812,0.765938052387825,5.45593079618906e-06,0.000132951420691627,3.00604223804014e-11,0.0240940833234899,0.201424506757596
9596,6839,4.48327701292677e-17,0.00395342377119439,0.933795893349714,1.47276413263162e-09,2.71802117556207e-07,1.56335611054593e-19,4.06178414267952e-09,0.0622504055424254
7598,7677,7.29640561994091e-10,0.00563350623799193,0.953783897747521,6.7918137551525e-09,1.38998515207739e-06,9.13221628519186e-20,5.49066491817107e-06,0.0405757078429625
8978,3841,4.17913383377014e-06,0.00586168439546175,0.876426221144912,1.09844366648781e-07,8.5493996252739e-06,8.53386259646066e-16,6.24670028414253e-05,0.117636789078959
9113,8397,7.45688577230874e-11,0.0137213723752726,0.907749087810417,5.51281995872458e-08,2.48360916378216e-06,4.67088968544082e-18,6.20349276394871e-07,0.0785263806531019
8841,2642,0.225706451635954,0.00865781494019625,0.674440075083723,2.37181223081227e-08,1.49377047045372e-06,6.22401080509734e-16,0.00425447748407881,0.086939663367455
6978,8036,0.0381605439051091,0.00944164841305353,0.844317970861822,3.57600761969163e-06,0.000945717898177548,3.85322135749204e-11,0.0143228344127825,0.0928077084629029
8424,9835,6.03979992127864e-12,0.01067851421424,0.91490705176238,3.34923746067937e-08,3.77477598599622e-07,1.24549430397339e-17,0.000836775312920736,0.0735772477344467
6839,9475,0.0910744094058712,0.00764308064059312,0.754786026558908,0.00594764491002075,0.0784813099058899,2.44232454266611e-05,1.9834492349295e-05,0.0620232708409406
9802,8637,9.4671818610692e-12,0.029308303141718,0.807827542826156,4.66640236984402e-08,1.57143746340248e-06,9.96971831171516e-14,0.0314169836922562,0.131445552228816
7324,3361,3.66332884690127e-16,7.72163898740578e-08,1.15712011179115e-07,6.66859657230746e-18,7.09999229617383e-16,6.4695940618233e-19,0.945866539619632,0.0541332674519657
5186,8994,3.30689261245834e-06,0.0117360823598264,0.653050526448633,0.000417428058619146,0.0392811253359565,2.59345356562427e-06,0.184854587925641,0.110654349525146
3191,3359,0.145593703513338,0.00348207255131428,0.770911364854537,3.60197873350686e-07,7.98587212773574e-05,5.60713059956747e-14,3.04285854899423e-05,0.0799022115761133
9322,4920,0.364270876457913,0.0416597796288324,0.474619836682077,5.33349517508208e-06,7.72162705558793e-05,1.05393803784788e-11,0.00565654374559777,0.11371041370931
6288,9474,0.0133181793620454,0.0055988483470904,0.865176953683494,0.000548169361933792,0.0379635349538709,1.68123530107591e-09,0.000400795568740456,0.0769935170415894
7115,8755,0.129655022644272,0.00448854872832633,0.776302058459465,0.000792685201771383,0.0128664021154282,7.12512647940905e-08,0.00145488684603305,0.07444032475344
7600,4560,0.0106186857570405,0.0362189520583293,0.436569335178084,0.0252749951425634,0.16790901862881,0.00552183908918789,0.149839487825033,0.168047686320951
6291,3241,7.09232872810313e-16,0.00163783789140754,0.862976915659793,1.25352995463607e-09,6.28590867444147e-08,7.46011460471243e-21,0.0288989113057908,0.106486271030391
9526,9116,5.60972230202805e-08,0.0100212028399418,0.90717884720117,6.78711863542533e-08,3.94461996895458e-06,5.11710713580028e-17,0.00454210218609137,0.0782537791844179
5395,4559,1.24344423918384e-07,0.0143092290673476,0.758086455456376,0.000312204113161358,0.00215610979867995,1.49494374553182e-10,0.0574236014227241,0.167712275647793
9804,5040,0.408727955473001,0.0274755234061911,0.383918203799002,4.53500697703001e-05,0.000496762239187839,1.48150417531802e-11,0.0384531346484418,0.140883070349592
5533,4079,4.13569140509182e-14,0.00202379113298278,0.867992060722758,2.14313517531846e-08,7.32226847629216e-07,2.43187578196059e-19,0.0228394918687308,0.107143902617287
6360,3360,4.27867892912959e-14,0.00368427796991271,0.857161445500244,1.03238284073394e-08,1.68144693177149e-06,1.60652438510018e-18,0.00758517900838485,0.131567405750656
4429,7675,0.000255439172567277,0.0368539102419708,0.494548193382,0.000707990275129502,0.0643529833494657,1.18368748219851e-05,0.217517767710634,0.185751878993412
5324,8994,0.000452161423671664,0.0228849054796407,0.62710318224379,0.00955859425750161,0.183579178306295,1.38362559240955e-05,0.052125011290732,0.104283130742445
8425,7198,1.77439902403497e-10,0.00361506478865517,0.741303227220363,5.59219572415121e-07,1.47402240769463e-05,3.61124964150249e-10,0.152304058160217,0.10276234984855
4775,4439,9.14758131568085e-10,0.00654637669791477,0.83873668673201,1.04287313743738e-06,7.44531375643042e-05,7.5402629341295e-13,0.063355127455591,0.0912863121882704
6084,3360,1.05886924846739e-10,0.00489906678008807,0.795091594883012,4.77078210835813e-06,5.8809077081068e-05,6.10676165275847e-14,0.068201651381956,0.131744106989807
5807,6717,0.0451585619243906,0.0041916671166373,0.867187825736873,9.02774254571729e-07,0.000116956576533303,1.23252268289494e-11,2.07516134908434e-06,0.0833420106976366
5464,4679,1.38245290871892e-07,0.0189719749335969,0.697175753298445,0.000100721947309027,0.000655302903579945,3.09714580379261e-11,0.114928059565944,0.168168049074862
6842,4440,4.51471718907006e-11,0.0045689142685028,0.488303926222433,1.23169548902154e-08,2.14648261958715e-06,3.39710759440916e-14,0.23893764214925,0.268187358515059
8632,6598,9.59091928966051e-10,0.0062751644258091,0.957979588937512,2.29549574125856e-09,3.34072271152676e-07,6.21196850332008e-18,2.26063865209597e-09,0.0357449070491813
7530,5159,0.228228754962167,0.0124271829586871,0.556449301518684,0.000127879935548372,0.00428213465534784,5.18407601691099e-08,0.0651535620285431,0.133331132100262
8082,3721,0.0602098173224717,0.0100670867235372,0.865180942924291,2.33026859947354e-07,1.33321892716741e-05,9.85485124123515e-14,0.00317251887013481,0.0613560689433348
9874,3003,0.000504690238478577,0.00643836092057666,0.86292907382146,1.42217820105763e-06,0.000151762623446917,3.86615469188617e-13,0.022412168145,0.10756252207245
7255,5639,0.240840236263391,0.0118697433422238,0.671793798302648,3.82691176948133e-08,3.73284034843974e-06,6.39648400575715e-16,1.92560617116999e-07,0.0754922584216533
9527,7198,3.58723538584446e-11,0.00679521801589692,0.871801460207551,6.28130213339491e-07,5.22020194341512e-05,4.9220700240772e-15,3.51751793882164e-07,0.121350139839234
7598,8636,0.019378348072415,0.014959593971156,0.873114643643637,1.6327363060116e-06,3.8986026304807e-05,1.30272677603961e-12,4.81621434066844e-06,0.0925019793345374
5047,10433,1.78743406642694e-06,0.00762806733937184,0.851538643607756,0.000215243155875884,0.0350289162950366,1.91977538461998e-09,0.0113881944281465,0.0941991458199712
6910,5758,4.97392182695312e-05,0.0045613195540966,0.91740429903575,1.94941970900324e-05,0.00135598910715147,1.32385991921418e-13,2.4373710225964e-06,0.0766067215164874
6566,4679,4.47489164275406e-07,0.0114626555176322,0.769342952788328,5.69574932360059e-06,0.00035480743381037,3.80352690760328e-15,0.0333844354092695,0.185449005612468
8772,2522,0.0130189835816464,0.0216716583268998,0.86331924055512,2.8199113084554e-07,2.57502690245924e-05,2.19375340098779e-14,0.0154726625758303,0.0864914227003257
8428,1923,5.03796126155476e-14,0.00351457676048696,0.745817333083342,1.23142673810192e-08,1.59350062721895e-06,9.53568418519558e-16,0.132164678330131,0.118501806011095
4497,8754,2.4644193562727e-05,0.0183070967077053,0.792930726065399,0.00108590893087828,0.0780667967236118,2.01715005289236e-09,0.0215012974662462,0.0880835278954462
8632,6838,8.75282590024672e-13,0.0025255676839973,0.927871323724479,1.71075409298807e-09,5.95653215461345e-08,4.04535506642777e-20,1.31378397242561e-05,0.0695899094748481
4015,9114,0.000108610108770363,0.0113326951571946,0.83043245174003,0.0018216905123882,0.0876576002858447,7.22206986421024e-09,0.00103534090653808,0.0676116040671642
6563,10194,0.00219975941531782,0.00936975596097276,0.688786517255345,0.0122112131471125,0.174712419652696,2.45550960678086e-06,0.0203038771780262,0.0924140018809231
8218,6838,9.57073207560928e-10,0.00811286075839986,0.93898210147286,1.46647917028691e-06,3.73525350547032e-05,6.43848075147173e-15,4.39301776767795e-05,0.0528222876197584
6292,1562,2.22786338781157e-11,0.0077892647912663,0.44421015963676,1.03786595430948e-09,1.38344395236339e-07,5.42365332400727e-15,0.442010115963549,0.105990320203879
10079,5280,0.485377084206941,0.0702387272309809,0.284669400430408,2.43205107571222e-07,1.96388398454102e-05,1.11603991468723e-14,0.041227220081538,0.118467686005169
10078,9117,7.16559461583209e-08,0.0168479605249564,0.799625560696817,8.21296238105059e-07,8.52276291466274e-06,1.97897799803949e-14,0.0647286880687923,0.118788374994316
6770,9355,0.742858711483662,0.0159559591226313,0.196414765343552,1.83388964258632e-06,9.03530660689664e-05,2.52351053226513e-14,1.5552316789902e-07,0.04467822157125
7321,9595,6.06471322768973e-05,0.0112574404750106,0.786400148943679,0.000641556870016245,0.0277033349328607,3.89042582708431e-10,0.0371932106698437,0.13674366058727
3878,6956,1.19187882870178e-08,0.00995888609972622,0.794608837531125,1.28568136025888e-06,0.000216558335867941,1.90626923868019e-12,0.0747311898934166,0.12048323053781
6291,4200,2.95996137697517e-10,0.00740553484403474,0.812765156965837,1.08729398860671e-06,8.29908015653494e-05,2.57305254711217e-14,0.00538162275005072,0.174363607048502
7254,7077,0.0141757420933639,0.004818531782715,0.927858563000279,5.64281999294396e-08,6.6126605510942e-06,3.92723981690175e-15,1.44435994505578e-07,0.0531403495988929
6429,2042,0.000117727119806083,0.00217488918354779,0.675263955668641,1.23901785842631e-07,7.04549901085887e-06,7.71420959614159e-16,0.186712659767339,0.135723598859869
4362,3240,0.000393338141640513,0.00173948005983714,0.818416791216328,9.59608914572907e-06,0.000103687840551882,1.34289370850556e-10,0.0731876316031514,0.106149474915056
2915,3359,0.068042009954458,0.00519348887848946,0.759231088624004,4.25532597167433e-08,7.5996580417552e-06,1.90380666569913e-17,0.0499108052518761,0.117614965079871
3327,5517,1.36472695039199e-14,0.00392692793167658,0.734764217645683,3.56159441196674e-08,6.89253478731338e-06,8.96211904367124e-14,0.082913960365111,0.178387965906695
8699,9595,1.02027105693159e-07,0.00854449231209923,0.920343823467616,3.50549720334889e-06,0.000193482823362034,8.46152342905406e-09,3.83469154234942e-09,0.0709145815763983
5599,9234,0.287348688418731,0.0231400942307154,0.569333585977794,0.000133152641103145,0.0182680790535321,3.04760578992674e-10,0.0133471294749188,0.088429269898445
9530,1684,3.00903178805222e-15,0.00171666213752811,0.946669613502308,1.39432048416333e-08,1.26789373323532e-06,6.75711701146957e-16,0.000182237742868113,0.0514302047803543
6427,6597,0.14520479110477,0.0206100026878184,0.377317803464376,0.00643412152636151,0.0828121154380986,6.04329544755924e-06,0.208900657836446,0.158714464646681
6911,4080,1.88190522637533e-09,0.00849504651707281,0.790704776362677,1.28567510964888e-06,0.000211922039075577,8.92508673446606e-15,0.042563103873349,0.158023863650802
6911,3121,1.18683637140275e-08,0.00982428491741428,0.799283390776243,1.28711542874505e-06,0.000206721297815554,2.10584791404657e-14,0.031688284151959,0.158996019872754
8358,2762,5.99455596024918e-23,0.00189475628804613,0.996469138269275,2.7033627346677e-13,2.13624254365679e-10,2.6679483476987e-29,6.63107815470695e-17,0.00163610522878443
9803,7438,2.48247882377665e-14,0.00717938742401086,0.91190833418106,8.3793568415958e-08,5.49916506373246e-06,6.29038169657977e-17,4.16688590520304e-08,0.0809066537674128
4429,6237,6.80779805225973e-10,0.00524853278988779,0.868560945806634,5.3826716064026e-08,1.18372429695353e-05,5.30058431287466e-17,0.000303308244234286,0.125875321408778
5740,3720,3.99340018703333e-14,0.00418909296283061,0.84888805861642,1.46748031207894e-08,1.26212079557152e-06,8.28086859207787e-17,0.0429495458631062,0.103972025762005
7254,5878,0.477423582300663,0.0477475058706928,0.420197713577796,5.26783565572564e-08,2.01364247251406e-06,3.5309708399154e-17,0.00250055525988204,0.052128576670137
6288,9714,0.0341947289050228,0.00891815603186594,0.803225261030906,0.00341414234856285,0.0715440220171227,2.62179850848572e-09,0.000280199678681699,0.078423487366039
6567,2282,2.54015426583922e-10,0.00487841067979747,0.560574460587719,5.32253654333442e-08,3.71152460297665e-06,3.23100050064799e-13,0.299215885533192,0.135327478194985
6015,3960,2.98556833811263e-17,0.00366618269706643,0.881268109365698,7.22512698124686e-10,6.26262597908016e-08,4.52878023288855e-23,0.000312803832606654,0.114752840755856
4911,8515,9.27742152602446e-10,0.00847981127521765,0.920803394903105,2.81263866120844e-05,0.00401551005584689,7.68779698568041e-11,7.70063459297304e-06,0.0666654557400055
9044,9476,2.01095339634551e-05,0.0402256659878477,0.863295742794365,6.09107536162802e-07,1.26660791308152e-05,1.49948516132885e-13,0.000100958576829966,0.0963442479201765
9251,8397,6.51836047203635e-10,0.00480626233524529,0.867156238809349,3.9152898235169e-08,3.03710352902799e-06,1.1167518064783e-14,0.0199501723841943,0.108084249562937
7047,8156,0.1266760036323,0.00771747734429341,0.789339923912487,5.56601753231618e-06,0.000251692933326083,7.92578219044219e-13,4.89995610475362e-05,0.0759603365982211
9116,3841,0.0297413108065926,0.00791668489080455,0.828416174907082,4.8256728621317e-07,4.08481325379231e-05,2.32828203485961e-14,0.036886314951956,0.096998183743718
4086,4678,1.72010088701581e-11,0.0033119986707076,0.906922642617245,1.13344021509181e-07,2.61154849061862e-05,3.99756431240856e-20,7.89955462371181e-05,0.0896601343196811
8493,8756,1.14145456724624e-06,0.0202441286011165,0.874173921272163,5.15066085785862e-05,0.00168976008993802,5.85841991628868e-06,0.0152783634623063,0.0885553200914141
4017,4558,1.52747682226123e-08,0.00297621929442245,0.961113859060041,5.30537590413848e-09,1.35690336642245e-06,1.35158110575701e-19,0.00130371703230944,0.0346048271297161
9736,3242,2.60923778419822e-08,0.00251416111988841,0.94513454901431,3.52920499169028e-08,3.53216935943464e-06,3.66201638289741e-14,0.00392955234370522,0.048418143968272
4154,5757,6.6091317310214e-06,0.0117080860851547,0.773714100396776,3.67603864621539e-05,0.0077705193251656,3.40902030321142e-11,0.0426095562290799,0.164154368411541
9733,9236,5.54398600946027e-11,0.0126862708674506,0.861536939634412,1.30528429338723e-08,2.47530289163874e-07,1.61798863971788e-16,0.00133631294975959,0.124440215909805
9941,6479,1.21539877011485e-10,0.0142522067535522,0.895063001995733,7.32872187064253e-09,1.39656929742338e-06,2.30701122762571e-17,0.000203789440111817,0.090479597791044
5878,2761,2.3065408979063e-13,0.00255076592199485,0.883672736767178,1.46269898800929e-09,8.21352056320261e-07,7.47987999511582e-21,0.00624808453456436,0.107527589961277
8290,2163,3.69023198713548e-14,0.00446571135453761,0.903139053946921,4.84657225613575e-08,1.47205393937078e-05,1.83936084551865e-17,0.0141751937338115,0.0782052719595764
8358,2522,1.65191497035291e-19,0.00129314682383904,0.969545995778639,3.16739450162511e-11,2.1701297832606e-08,1.33337638026993e-22,1.28581319322598e-06,0.0291595498513569
5739,5158,4.9005276562037e-11,0.0085227720563978,0.895319381332559,5.8032417240073e-05,0.0010363382302955,6.0687586671498e-13,5.44829607325683e-07,0.0950629310842883
7325,2402,1.27094428099876e-18,0.00189160419734105,0.953369280738169,4.03773032957895e-10,1.12179848057417e-07,8.25677433701452e-22,9.11896134593573e-12,0.0447390024717499
3880,2880,0.361793122997918,0.00268438009077759,0.544269541843076,4.97950098923274e-07,4.58252254896378e-06,7.76732104528774e-16,0.0309162918063464,0.0603315827892337
4083,9473,7.43172162701994e-08,0.00401162953498377,0.918558298692317,1.28875543485525e-05,0.00183397882995614,4.43229719807109e-11,0.000848139394677232,0.0747349916321785
8148,9116,1.92024322857575e-09,0.0281909597992305,0.888254493829766,2.06553420136576e-08,8.71471005460272e-07,8.87804711085828e-17,3.68276233625147e-08,0.0835536154967891
9183,7558,2.30292912282075e-09,0.00566220590314653,0.878053291293439,8.19411164915358e-06,0.000107884649852616,1.19046225935879e-13,7.04280332192306e-05,0.116097993705645
5325,5638,2.95131994542494e-06,0.00255700868047853,0.89706253864569,6.21647098068895e-06,0.000444781739009227,1.6672215172188e-12,0.000785164743666944,0.0991413383985618
9389,7917,1.76697611457431e-12,0.00648008314788381,0.892554272275779,9.28012202795619e-07,3.2624878669558e-05,2.35169474096645e-13,1.1265766053824e-07,0.100931979025802
9664,10075,0.0825354663500553,0.0255110848884955,0.66293578231405,1.56149804287888e-06,0.000107006567900152,2.19273831701726e-11,0.0124266928272973,0.216482405532232
9459,5640,0.666903581228814,0.0224711869113068,0.217425740294381,2.52538037055762e-08,3.29813939999186e-07,8.24537841038606e-17,0.00389083043768985,0.0893083060600648
8220,3241,2.82335356831078e-18,0.00305468082099777,0.974491583794824,1.65722205711002e-11,5.08504138508023e-09,5.08362308568887e-24,7.71537098858551e-13,0.0224537302817933
6012,9954,0.407822946826265,0.0154702227705259,0.437808877582848,0.000809818134376556,0.0302286865878899,1.25055803144525e-10,0.00577687623028841,0.10208257174275
9874,2763,1.3117418527366e-09,0.00287567062790926,0.915606628429069,2.54688910582277e-06,4.95980483887091e-05,3.89041913386337e-11,0.00464499680564804,0.0768205578492335
4981,5038,2.90194578551415e-10,0.030030462922115,0.33542257707128,3.15964597301242e-09,1.38077803842751e-07,1.0768381144429e-14,0.436633758687277,0.197913059791672
10011,5160,0.369816399432924,0.0465823588306909,0.450503857556498,1.55734707681077e-06,4.67112566264719e-05,2.71065895509688e-11,0.0314943973982619,0.101554718150815
7528,10434,1.44421988550616e-12,0.00631207650648572,0.957044898551987,1.26411086706100e-09,1.03293383007833e-07,3.9682927881692e-19,1.83714364195436e-06,0.0366410832389473
7738,3121,1.01825706026282e-06,0.000148442317577382,0.000567628630207718,1.77099106690547e-08,1.29197995369607e-06,1.63672254908623e-07,0.926327928075955,0.0729535093570804
4773,8035,0.000201757553919416,0.0178329083781022,0.676541569950885,0.0023594240548533,0.101686640131398,4.72842302054117e-06,0.0545709442438235,0.146802027263997
6567,1562,3.82236828445565e-14,0.00249639392123488,0.890954225247075,1.14621430357513e-09,2.67182890461044e-07,1.08681662863483e-18,4.71191214286349e-11,0.106549112455428
4498,7795,0.000148888373871168,0.0254767734527585,0.521228378292203,0.00348371445611846,0.102841227313132,9.45147879681095e-05,0.178625534778022,0.168100968545927
7255,3721,7.92948357147997e-10,0.0127573088041263,0.532044890995472,2.48158002915337e-09,6.47850666788449e-07,5.2454647950844e-11,0.291259328171661,0.16393782085109
7184,9834,2.24909758956184e-06,0.00828446139073481,0.894136523638125,7.97311268756692e-05,0.0100336037120085,4.50584755601869e-11,0.00219220595049887,0.0852712250391093
5119,5038,3.26936444812562e-08,0.0144956913678707,0.569724886081165,3.59652076031788e-06,9.11063135883183e-05,1.04564375022873e-13,0.199980991589966,0.2157036954329
7739,1923,7.05124041271094e-14,0.00329664684673164,0.905621084598069,5.49567583960265e-08,9.20165831576605e-06,3.38541269437065e-20,4.10770678421083e-10,0.091073011529284
8151,2882,3.59624840349457e-22,0.00132866652348568,0.984697422334819,1.67311186973277e-13,1.34476047884815e-10,1.66477153530265e-28,4.63818204918713e-13,0.0139739110065883
7531,2762,2.31728267519575e-13,0.00278268808641346,0.907299748386019,2.1348396736927e-08,3.75932609632381e-06,1.23107566588321e-18,3.01506176582098e-05,0.0898836322351846
10010,6839,6.22601188581557e-18,0.00327722909840964,0.953004510242475,2.85597993364118e-10,1.96245804165563e-08,9.41997268141714e-21,6.19251877390376e-11,0.043718240687012
4428,8155,1.13640673145212e-08,0.00469872206187362,0.928365809521086,1.80847620872058e-05,0.0048193037976225,4.75235718844934e-12,3.66261520661401e-06,0.0620944058733042
10288,2044,3.30909599703112e-10,0.00439294504890031,0.937688088660346,1.66385216856627e-06,0.000197559058014601,6.63607821138171e-12,2.7183834211381e-05,0.057692559208814
4016,6716,6.6798733258246e-09,0.00615450349147607,0.827266330453374,2.66014142488818e-06,0.000149834359986198,4.10662329584949e-13,0.00330786403421449,0.16311880083924
6361,1442,5.30073222406911e-12,0.00643078479121015,0.79916989689481,8.71049328302325e-09,1.38010994955769e-06,4.77827256218082e-16,0.0676209163662871,0.126777013121949
6014,6837,1.41261686670777e-13,0.00210890763819619,0.95137892121371,2.04730902377664e-10,1.36411153749426e-07,3.49377796873136e-20,4.55473559574558e-11,0.0465120344865205
6980,3001,2.52379949949261e-11,0.00802290476860987,0.788765051377493,1.04178296529009e-07,3.19316095653148e-05,5.74517277208248e-17,0.0252106057402099,0.177969402300588
9458,8757,1.10228715011321e-14,0.0193317351725988,0.824860889918219,6.65081950629258e-10,7.29936280651819e-08,4.34925920900372e-17,0.0573454198171606,0.0984618814333005
5809,3840,1.4980602605693e-14,0.00457117355376876,0.92221631853986,5.86292815536182e-08,4.89907992280511e-06,6.38391908251003e-15,0.0118276611538592,0.0613798890432865
4841,10313,2.10519551900404e-07,0.0100283167845193,0.876909998302554,0.000199832985092451,0.00646068616533329,1.64963657711785e-10,0.00373468744927287,0.102666267628713
4982,3600,3.12457670941573e-09,0.00410511627051296,0.856702387167915,9.94969812280286e-08,1.28491489649918e-05,3.09668710832423e-17,0.023056031275942,0.116123513515107
7807,3241,1.90952955545802e-06,0.00544122821412749,0.702182813423066,4.24910262106221e-06,0.000531182830987244,2.00545518962226e-07,0.180962731617819,0.110875684736304
8290,1923,4.21896809052097e-14,0.00251610203836889,0.866183618319994,3.75251326949299e-09,1.0295148546232e-06,1.84143439406847e-17,0.0355145639981615,0.095784682376066
6151,8515,5.33748210952915e-07,0.019388001049267,0.417317538396135,1.00691488568898e-07,7.43697404874825e-05,2.22084881497266e-11,0.394838004365961,0.168381451986242
7461,6957,0.307302632596682,0.00699803917684812,0.649557489125152,3.04647351624518e-09,9.33602499078765e-08,3.37631966844973e-20,2.79406541750473e-09,0.0361417399005295
8494,6838,3.72456044759427e-15,0.00383795854239558,0.945966194374717,5.63724625357818e-10,9.67174256519149e-08,6.94981574960186e-21,4.21260920159081e-09,0.0501957455891244
4981,5278,2.82600456466235e-08,0.00979478127341221,0.312756554772453,5.6020605522574e-08,2.4474294208712e-06,1.5723236648827e-13,0.476656601728419,0.200789530515486
6911,3600,1.8504795919173e-09,0.00638803422981069,0.809289570845286,4.26609503867217e-07,4.31289558967095e-05,4.64619522323046e-15,0.0244145304357277,0.159864307073291
7322,7916,9.78188867296687e-05,0.00782653444264737,0.869874368555278,6.8449005690811e-08,7.99048995702078e-06,6.4784846547128e-15,0.00142316877625676,0.120770050400119
9251,9356,0.0152480729699754,0.0659401852540233,0.771827313618635,0.000476398275053024,0.000320902883113413,1.32344339367586e-09,0.0336957938204243,0.112491331855332
9942,5520,0.493782747581709,0.0547152010708909,0.346074488796209,4.55563120199034e-07,4.97310963216617e-06,1.10482999467707e-14,0.014737286735049,0.0906848471433792
6012,9714,0.63995889484749,0.00535904904802243,0.283181972614132,0.000448682764105622,0.00578189710813189,3.44282850451155e-10,3.18474380253974e-06,0.0652663185300323
5667,10553,2.81619713855197e-07,0.00632254003961042,0.90031177780776,7.93782865106496e-05,0.0188233790155816,2.35625058715785e-10,0.000192368537442808,0.0742702744577557
8839,6239,0.248768835758232,0.00758196544138285,0.62231150561959,3.14938702950533e-06,6.65851699612814e-05,1.61949631828958e-12,0.0141814248860374,0.107086533736147
3051,6236,3.30430212519655e-13,0.00265787255468705,0.840988834222975,2.1926860180416e-09,7.77851571550305e-07,1.80103311077176e-21,0.0310428091454736,0.125309704032277
9599,2043,1.33400005956379e-19,0.00188107353889106,0.949406672677722,1.11754493429991e-10,4.97902823620937e-08,2.30970439247719e-20,4.66009123093758e-09,0.0487121992212589
5118,7915,0.000236651222526903,0.0375469530269312,0.545319896873564,0.00364265367539902,0.114316531667273,8.26834488485421e-05,0.147389275854396,0.151465354231062
3604,2400,0.308803039389533,0.0115891552917571,0.613603312161768,1.05846677624157e-07,1.65054074459864e-05,5.09613344824472e-15,0.00205353624748283,0.0639343456553307
8427,2882,1.34107816903966e-14,0.00286207187114773,0.968295690900341,1.5010591127945e-10,5.12089453563776e-08,1.24923481136489e-19,8.48012865119212e-07,0.0288413378565819
4018,3120,0.142144760116757,0.00761745152247918,0.636892859270333,3.49840396546713e-06,0.00040230896084963,1.80381946588447e-12,0.0780734957250924,0.134865625998719
6288,10194,2.94271581876596e-06,0.00605651549254697,0.795571151684726,3.26315555927906e-05,0.00182670054370539,2.61408632073851e-12,0.0626330465915742,0.133877011413422
8011,7917,1.3047426745267e-14,0.00565934491366144,0.980629901447041,9.94499544511347e-10,8.84801533042888e-08,3.54348773407805e-20,2.488480283158e-13,0.0137106641643825
8634,2522,4.84134125131389e-09,0.00583735949625419,0.936414499894876,2.1783767422541e-09,5.46761249883406e-07,3.34353413372521e-18,0.000284180765029645,0.0574634060628725
8288,4800,0.387873323290797,0.0253953409548248,0.509979919774607,3.01085319009443e-07,7.77761259859147e-06,9.42767907717847e-15,0.00188389798304526,0.0748594392987987
6841,4919,4.30157455312e-05,0.014872736290844,0.638927847200464,8.59661677688551e-05,0.00668027655774632,5.31114905627084e-10,0.11303430328175,0.22635585422478
6703,5878,0.370114849679167,0.00469111757105973,0.578033711216601,1.68563123682637e-07,2.86136207161972e-06,2.32563223219138e-16,2.10025620175907e-06,0.0471551913517746
3260,2280,0.0235516100712418,0.0057334112480489,0.885544952850054,8.59044262328464e-05,0.00203251627713711,3.5594982742353e-12,0.000129796460454724,0.0829218086632711
10081,3122,5.79349538154688e-07,0.00477650869727165,0.893193661550305,6.18796588592211e-08,1.22147549603299e-05,6.57648993077177e-15,0.000241322847122406,0.101775650921137
5807,6477,0.729341256927685,0.00194405671990585,0.245196790407555,4.32064741176178e-09,7.87321910990705e-08,6.39715645812073e-18,1.37103288313872e-11,0.0235178128783062
9458,8037,6.85313806037316e-08,0.00935272044202225,0.83345785479167,0.000275148230936959,0.00414095052647315,1.03397260114762e-08,0.0044051101030155,0.148368137034775
4224,4438,7.76730925902336e-14,0.00329596676718779,0.925771401869358,2.58210009620452e-10,8.09670794714138e-08,5.41180253954475e-23,1.47415261350816e-11,0.0709325501233459
8495,5399,0.425993194130323,0.0187141776195418,0.501562106581652,1.60115322379957e-08,5.87001664982365e-07,1.90791540048459e-16,0.00168003129451014,0.0520498873607756
8496,2043,6.80326606664939e-20,0.0031496612000988,0.951532751514203,6.80964687320669e-11,1.32237979193723e-08,2.09774317559204e-22,5.01427589213156e-07,0.0453170725662148
6428,5159,1.71744386869013e-11,0.00569508621406873,0.873225712717627,4.32284152831898e-07,8.22239559088508e-06,1.93503122495048e-15,0.00195183341013182,0.119118712961253
6497,3840,1.25398994653521e-09,0.00378397906938133,0.755677290997437,5.14686524613296e-07,7.42199247404228e-05,1.26225868385916e-14,0.0954450138443768,0.145018980223538
9045,8277,1.19173763962092e-05,0.00837877430500907,0.902329117389327,5.62427710002251e-07,1.40883248289921e-05,2.28054500873269e-15,1.41568682822616e-07,0.0892653986080435
6495,8875,0.00571585804645056,0.00931594552074916,0.824427778594029,0.00766501195036965,0.0535633588137381,1.40856558760242e-06,0.000571353205068152,0.0987392853040074
10078,8637,1.49181645105005e-11,0.00884954020234928,0.281303098583949,1.20903115829816e-08,6.28877730829152e-07,2.12407621762001e-10,0.589541602851812,0.120305117166522
10216,7918,4.48018775903018e-17,0.00372301455579109,0.922128428082973,5.62309310777706e-10,5.54275343931861e-08,1.33795402259655e-20,8.01055021072784e-10,0.0741485005703372
7392,7077,0.232876252545714,0.00658029230442755,0.728795500471629,1.7950700683247e-08,9.51829502642477e-07,6.70662664124008e-18,1.05645981129745e-10,0.0317469847923803
4979,8635,9.40327534669111e-07,0.0168582833262049,0.847310104196898,0.000984091543831903,0.0533093892480895,5.24086898740282e-08,0.000163190918955742,0.0813739480297952
7529,8276,0.365648104388916,0.00730101713364449,0.552452138648542,9.6451393344987e-08,1.549225401783e-06,1.40417031779178e-16,2.3954468755779e-07,0.0745968546074143
6772,5998,0.197589849281852,0.00741347739656167,0.712217914829289,3.32039573733251e-07,2.70311851442212e-05,1.79815840776146e-13,0.00360778444141853,0.0791436108259811
3604,2640,0.219835510559296,0.00911522392970902,0.711803147732351,4.75595883611089e-08,4.81792109107709e-06,2.8757499743204e-17,0.000188652268707739,0.059052600029257
8565,3601,8.55609022425361e-10,0.0123158885872151,0.951323831697333,6.12044718954983e-11,5.26684454341005e-08,1.22126549462126e-22,2.09678064822082e-09,0.0363602240334127
9803,6719,1.76740520216351e-17,0.00274420874845858,0.959352813304173,1.44739696695746e-10,2.2936038402046e-08,3.95105166919875e-21,2.518690601331e-12,0.0379029548640721
3877,8634,6.73523947829278e-05,0.00884986718527533,0.941231031860115,6.41823963891691e-05,0.00353989347782422,2.15039459203595e-13,3.57080075896627e-06,0.0462441018846391
6567,2761,3.58773228163317e-22,0.00220457646196366,0.928518725621498,3.78809971410243e-12,6.29720748294111e-09,3.51177032101735e-27,3.41768531731318e-14,0.0692766916155084
10218,2883,1.87266782437149e-13,0.00712605197562979,0.961856822048009,6.53298773640768e-09,1.11388236722362e-06,6.58664232950617e-17,5.25100445999547e-11,0.0310160055083087
9597,5640,0.526753928262743,0.0794396317810598,0.29517015376078,2.82331492226775e-07,1.28711035831812e-05,5.86473999958151e-14,0.0173232775070015,0.081299855253282
8289,3841,0.131463670578706,0.0132134080072551,0.722937533027309,1.22512492103026e-06,8.80763579532074e-05,2.04588754530928e-13,0.0355802429068225,0.0967158439968291
5049,7795,2.53606830113711e-05,0.0207993877509031,0.706800720069135,0.000897585099477873,0.0503036662045629,1.21504155257044e-06,0.0772096464784922,0.143962418672865
7873,8156,3.00610028381369e-10,0.00712406456411889,0.969437504136214,1.02155009888979e-09,1.6246980842664e-07,5.80557126195472e-21,1.95262891987902e-13,0.0234382675075035
5120,2401,2.24622722922266e-08,0.00280505625404692,0.817869573718044,1.32812918806846e-09,2.51176769083203e-07,4.16479144773993e-20,0.0911455289688451,0.0881795660918933
8152,2642,4.86773287424264e-24,0.00103695234922551,0.990456266002422,6.5886717237845e-14,1.18817024141038e-10,4.39484660976188e-29,3.97504533055106e-12,0.00850678152549484
6428,4679,4.86427774253151e-08,0.00993980668256216,0.776946349676292,4.18915259558107e-06,0.000311619768906899,1.99441216578869e-12,0.0518211738318007,0.160976812243071
6980,2522,2.01274489676615e-14,0.00359528920716888,0.901171811438767,1.16602486552348e-08,2.76832278754889e-06,1.34884999343499e-19,2.51953562654932e-06,0.0952275998353813
8772,2283,0.000381918108929585,0.0305748111464593,0.844234196059196,4.6608489693986e-08,7.88213614423799e-06,6.0869562329929e-16,0.0336083205541813,0.0911928253865993
8837,10075,2.49230671958837e-11,0.060577712943601,0.403606512411908,6.98489681448681e-10,1.32023894986886e-07,1.23566288071613e-15,0.388061234193762,0.14775440770342
9527,7678,6.55184721107672e-14,0.00392943998465838,0.922332813889478,3.81911392454282e-08,1.20207426578913e-06,1.073644097019e-18,7.59590508541634e-07,0.0737357462698848
4911,7795,0.00014728677917115,0.0180915531633531,0.71235682784889,0.00263784396174887,0.0834447880668601,1.55297625937261e-05,0.0333336928840128,0.149972477533371
4360,7076,3.56629783189242e-05,0.0181199448186065,0.717888513150592,0.00231224923328232,0.0347548204211506,1.16986489408872e-05,0.0373031260971961,0.189573984651913
7324,3840,0.001214528505548,0.00929030658272396,0.672048494772548,3.98010798046759e-06,0.000250281351254592,5.38224007640462e-11,0.15064569856392,0.166546710062202
7187,3601,7.77839476371403e-09,0.00646712862998461,0.652967487035723,1.19903211887282e-07,2.54469453822931e-05,1.62808147036157e-13,0.105316930332456,0.235222879374685
8151,4320,0.555405699011969,0.0132431108848828,0.38865454818794,3.05365891400261e-08,4.15773931463837e-07,1.06241299073333e-14,0.000803990845512388,0.0418922047591643
4361,5397,1.99262036758283e-09,0.015437962630925,0.708195585614171,2.024278378582e-05,0.00108263093845563,8.24406406337492e-12,0.0636670847137059,0.211596491318092
9668,2163,8.77906319876859e-18,0.00244817989744023,0.973552246684218,5.45023041983358e-11,2.83615304632465e-08,4.54511972863061e-23,4.28417710441171e-09,0.0239995407181314
5741,1802,1.24030893784028e-08,0.00421614331400597,0.822210230596096,1.56619808032592e-07,1.69892753437544e-05,6.88591692491829e-18,0.0289897724269327,0.144566695364724
5810,1442,1.10245352020057e-12,0.00229497932109587,0.873951285185888,1.2126316709758e-08,1.74525567883923e-06,2.0783766052543e-18,0.0393143021205288,0.0844376759893895
5326,5158,1.81205145973068e-09,0.0144385195699593,0.806403414068584,0.00040854760080192,0.00312414276682743,6.50873661255338e-12,0.035541275805264,0.140084098370004
9114,6479,2.259042950807e-06,0.00586800726756201,0.931392032425797,8.3913418403935e-07,1.66668312393664e-05,4.83966388662818e-16,0.000172864963384208,0.0625473303348817
9460,3242,0.170495601969726,0.00888179624387276,0.644110479913396,2.84770452083808e-05,0.000846669810462001,2.05126172274634e-13,0.0219013797467137,0.153735595270416
4911,7316,0.000734549439035232,0.0125958381035407,0.642298998454961,0.00102435678340835,0.0476937820029438,3.38170464995761e-06,0.0539501799114322,0.241698913600029
8910,2283,5.10490370904658e-08,0.0411271066855529,0.79217962946695,1.13156038613149e-07,8.3290425969025e-06,7.95993892423624e-13,0.0548337831857781,0.11185098741325
7943,5879,0.523374295448065,0.00994962651448773,0.395466452495504,1.96916087595046e-06,2.41594596103905e-05,1.87579719601646e-14,0.00261729390614704,0.0685662030152914
8631,8037,2.59498010914726e-08,0.00497026879283113,0.947973386489159,6.40973917652265e-07,1.61552515114374e-05,3.7347022665495e-16,9.8243752133466e-11,0.0470395224445354
5877,5638,1.24046331686596e-05,0.00863190164493057,0.859172715546096,1.08260128985408e-05,0.000230221784110226,2.273225071374e-12,0.00398251110558742,0.127959419270935
9733,8517,1.93520916384676e-12,0.0102117554400158,0.899543854398553,7.77054436342472e-08,1.56233065291077e-06,3.94780098786078e-15,0.0124630299091714,0.0777797202142241
7532,2042,4.21550799234859e-12,0.00413984865190343,0.910352947157507,4.71788009495443e-08,6.68931033041848e-06,3.83482073386141e-18,9.57944320173375e-09,0.0855004581177997
6290,6118,0.0795112879369476,0.00492023747929565,0.708575904076233,3.61709409406076e-06,0.000157239132305303,4.07501277987957e-12,0.0366743696203752,0.170157344656674
7256,2761,2.03226908675193e-13,0.00325520197730735,0.864636382656717,9.26529649275329e-08,1.29438439750069e-05,2.92765110456972e-18,1.74657572300791e-07,0.13209520421126
4842,8155,0.000861029302833294,0.0768100942062938,0.364673041618472,0.045815344204872,0.261080864719545,0.00171724451329321,0.0833253209833475,0.165717060451343
8358,3242,2.58858107012931e-19,0.00324589257132115,0.969380981903858,5.21339381207444e-12,5.1789771306477e-09,6.94787572725111e-24,1.45577164299507e-11,0.0273731203260723
7460,7197,0.0502830134202608,0.00352352300948881,0.931605911366776,8.36932304707746e-10,4.36521209783549e-08,2.15524719964854e-21,9.72720268977173e-14,0.0145875077143238
3258,5637,0.00288815183876253,0.0304299946024121,0.622431667813566,1.35561191222714e-05,0.000270145121597473,1.92411405130408e-08,0.11995481669076,0.22401164857264
5599,9714,0.0200554686965805,0.0163906276438249,0.833957337043677,0.000310972281186695,0.0329701450053411,4.81317981693126e-08,0.00912727810188866,0.0871881230957026
9320,8517,4.4633051339061e-11,0.0090762161754489,0.874481697393951,2.46990847250193e-07,4.65856684164877e-06,3.07572988090408e-14,0.014800687572729,0.101636493255518
5875,9234,0.39327847373476,0.015457232337568,0.365812812997358,0.00619267814590621,0.0776072891666547,1.59787230889471e-09,0.0323543126670364,0.109297199352845
5670,5518,9.6818677290918e-08,0.00835842359419923,0.819035471625312,9.59552243797225e-05,0.00135686541294853,1.97615916257398e-12,0.000186055821286588,0.170967131501221
4499,3959,8.63285865744685e-06,0.0145910655013925,0.808291417671951,5.31154408105729e-08,1.73587277811055e-06,8.07845163909916e-15,0.00526488024334322,0.171842214736428
3329,3119,3.09792163070083e-09,0.00237872027832538,0.970037634666619,1.23506057931016e-10,4.70212040265543e-08,3.59297696049063e-23,7.69337657485105e-13,0.027583594811655
8218,7797,1.50153917190958e-14,0.00397360527601148,0.959363713053176,1.47218498473041e-09,1.53893143098195e-07,3.05420079407946e-20,5.64549020821046e-13,0.0366625263049048
10009,8038,4.00544213512025e-18,0.00355348176551734,0.937285310911872,1.15465662044825e-10,2.18712571590978e-08,3.07603201936276e-21,3.01044111949435e-13,0.0591611853355868
5876,7796,4.17300051144576e-10,0.00922019909151682,0.640726763700398,8.57171710504662e-07,0.000176728029058763,4.68388752317675e-11,0.142298315865637,0.20757713567754
9184,5160,0.562599479473589,0.028835603951736,0.233585205596777,3.37524671143209e-07,6.34924336163228e-06,3.1708360198452e-17,0.00206037394909087,0.172912650260774
5807,7436,6.35619203910027e-10,0.00435481221651008,0.963783440435536,1.92362798794584e-06,0.000305498306427773,8.36864851938193e-14,1.59370672494619e-05,0.0315383877105862
6289,7556,5.13845519738304e-06,0.00460386203869701,0.930638930891718,5.77070696291867e-07,0.000103410736115057,1.72403301512619e-13,0.000569327931650428,0.0640787528757534
7186,4560,0.493536162519002,0.0356030149603957,0.0957819614333687,0.00370460517252488,0.0340737969184924,0.00108837588979841,0.187639342417262,0.148572740689156
5669,7916,8.62155379982858e-05,0.0206692654267112,0.652252086716388,0.00448743773103908,0.118124537800767,2.61770134404139e-07,0.0654909732334032,0.138889221783559
7118,2522,4.23884777682469e-17,0.00277994289734535,0.924667861888804,1.41398054631653e-09,4.64389987024469e-07,2.29290484428056e-22,3.06443433925389e-11,0.0725517293792384
9389,9356,6.4156415442426e-12,0.0111725893437378,0.892498603691584,3.76711318362177e-08,9.63064314342102e-07,1.26226136726489e-18,0.00141636513598273,0.0949114410868337
5533,4559,1.433492447781e-09,0.00700500391618621,0.849140026532995,7.12087592582153e-05,0.000438162577067385,4.83198346580224e-13,0.0198676750325403,0.123477921747977
3533,8034,0.357587232320819,0.0131964931984554,0.479940689113524,0.000245315600381721,0.0126632279386357,6.01089885675933e-08,0.00110753128575484,0.135259450433441
7737,4800,8.13989940698613e-13,0.001705159736605,0.926181722167224,8.76807152607427e-10,3.44201707128521e-07,1.56434781772474e-19,0.000432541208892711,0.0716802318079498
9252,7438,8.12725826383479e-10,0.0112684073720595,0.850248702670012,6.83024024120527e-05,0.000987256155373976,2.22655399877968e-12,5.42048216463037e-05,0.137373125763544
7460,8876,0.0597084569969814,0.0127616092067953,0.857747911346103,7.02876513226771e-06,0.000779666258501577,7.02040885702461e-12,0.00206007613526527,0.0669352512842011
6705,1802,4.1747237344506e-16,0.00256962045560723,0.887282117407836,6.9188915664804e-10,1.66882496130852e-07,4.21950409105819e-21,0.00453725522674109,0.10561083933543
8220,2762,8.16227016588382e-20,0.00140347609519711,0.979213736357142,1.47247676347406e-11,1.23393466642873e-08,4.18815588465465e-22,3.98868900790366e-10,0.0193827747947203
8909,3242,0.105855171622184,0.00991073413888934,0.797260251230563,5.1575878036472e-08,5.94909571521391e-06,3.30810051133326e-18,0.00207566329294016,0.0848921790438306
5324,7796,7.61637358649192e-05,0.0189521624590315,0.64174185154493,0.00859774670357514,0.137343798329478,1.51791166049228e-06,0.0602557915164499,0.13303096779901
6428,5398,1.06099456957695e-09,0.00796191031079503,0.84563970733848,1.46436429026647e-05,0.00066293287513392,1.8426818393749e-12,0.0201401556162437,0.125580649153608
8564,4800,0.280518626044554,0.0110909316169369,0.546937821863684,5.27474653548143e-07,3.00496690522104e-05,4.66683477359153e-15,0.0392094313528634,0.122212611978251
4772,10193,1.12457568539064e-05,0.0139201346119453,0.778767933998,0.00320209693825179,0.106700727421512,3.98184543171634e-08,0.00400114606436912,0.0933966753906141
3878,7195,6.05967785892465e-09,0.0272998688589941,0.445956608904632,1.20702218018302e-06,0.000385018840454984,1.99630096405453e-09,0.288979029439233,0.237378258878526
4292,5278,2.28568188538739e-10,0.0133491196887097,0.799303278822224,1.90154246742367e-05,0.000762655057381574,3.68120342823745e-13,0.00739502461752565,0.179170906160548
8220,3002,2.17443036695784e-12,0.00216872089029485,0.952653567531773,6.14153026576255e-10,3.51882500727251e-07,8.75376450916767e-19,7.97174842605341e-05,0.045097641594843
5741,1562,3.13099393638064e-11,0.001914527700116,0.877863623050577,3.73512139334707e-09,1.10025220395214e-06,6.08519471664462e-16,0.0385706434168815,0.0816501018137892
8217,9236,1.5449095129532e-08,0.0137279384996815,0.917574696074091,5.53209460822351e-08,2.29353773750875e-06,1.18657844038132e-19,1.13996553528623e-05,0.0686836014630958
5325,6117,0.50035993676035,0.00392469212609615,0.443241580469437,5.32423634644963e-08,2.35245549833531e-06,7.82623827574341e-16,1.29991910259154e-09,0.0524713836463349
4291,8155,3.17124914103554e-08,0.00538955462979176,0.894251162142064,0.000861796765711765,0.0339709457350951,6.33430705583645e-07,9.52574253149997e-05,0.0654306181588253
7391,7317,0.0497762955046345,0.00337051660720055,0.93739777483701,2.66163108842441e-10,4.71069110958163e-08,2.14905649321356e-21,3.58914544073606e-14,0.00945536567804471
9322,3722,0.199703796859188,0.0058675841692885,0.60161953550482,0.00037638827309887,0.0087501493324598,2.20264886410738e-09,0.0349372577208906,0.148745285937605
9391,3841,0.00400357860146249,0.00313106012084705,0.931143549427799,5.7252426343963e-08,6.08031597132607e-06,5.17339405243896e-13,0.00212857397578019,0.0595871003051961
3602,7195,1.29493806835818e-09,0.00892430458028095,0.849777540264218,1.85461031165948e-06,0.000480065092562576,7.87231895552973e-15,0.00415087494668023,0.136665359211001
8633,4440,0.126827148883373,0.0172143455692212,0.72470402089159,1.58235010232269e-05,0.00093767648751455,5.79620458840764e-09,0.0278432843551342,0.102457694515939
8082,4440,0.470742444597834,0.0173351835715705,0.454767970021944,3.5961219348757e-07,7.06438416176863e-06,4.4690377281985e-13,0.00106382453000651,0.0560831532818421
3880,3359,0.0948168666746821,0.00166784273511239,0.741276042743316,1.56744416008827e-09,4.81379531655386e-07,3.6936907929903e-14,0.0453254768244417,0.116913288075435
4913,3240,1.04141985579618e-24,0.00132603858761255,0.973651585310686,6.165271761578e-14,5.93100633938204e-11,3.38473068037975e-29,1.11540433579362e-08,0.0250223648882865
8700,7677,2.13351102349443e-09,0.00870593629883453,0.924834569775296,9.05613887506304e-05,0.00099664003664656,2.13159198677675e-11,4.788189690509e-08,0.0653722424637485
5877,4919,5.00840892440058e-10,0.0125941161276622,0.69036846831534,1.08211838097674e-05,0.000225267253406278,2.65543351899274e-12,0.139384176633817,0.157417149982468
4155,4558,7.97964884275732e-15,0.00159897356848973,0.958602542523973,6.72381171176292e-11,2.2049473385462e-08,3.42639448152251e-25,6.41963071347132e-14,0.0397984617907541
5737,9714,0.299308470163632,0.00559105821384481,0.600988378264118,0.000274787667872447,0.0113465809862699,1.27597771073412e-09,0.00103251181814137,0.0814582116101445
8839,5759,0.321434614777708,0.0149148955929949,0.572034457908623,3.32731828418657e-07,3.81379717325036e-05,1.60527797386523e-15,0.000853303172162424,0.0907242578449489
7322,8396,0.223378993920697,0.00496074302984279,0.681178561849626,1.01555414138328e-06,7.10350385071001e-05,6.41942409724659e-15,0.000102664819831066,0.0903069857873482
3327,6476,6.62800412094222e-11,0.0132121257234703,0.815770596277646,6.17273916293726e-08,1.30337072594709e-05,3.16604734424958e-18,0.000959921099983677,0.170044261397969
4775,3000,8.69653805169886e-17,0.00278124573509825,0.921695342238328,8.41222853226461e-11,1.40709857036497e-08,7.71820639420509e-23,3.49378603932467e-05,0.0754884600110719
6151,8755,0.0349544350923031,0.00638296639415691,0.852665718659084,0.000584752638018334,0.0345515933698324,4.23751867507556e-10,0.00122815070285677,0.0696323827199964
4498,5877,7.63816339311889e-08,0.00337554603285556,0.879512110623283,8.0701316189922e-07,7.45406900069121e-05,1.51666551433435e-15,3.42645268976568e-05,0.117002654732159
4497,9234,9.45458745212938e-09,0.00905277765678849,0.895645821873096,0.00064292845370177,0.0341458355874027,1.85698509373034e-09,1.55696893787976e-05,0.0604970554280592
6703,6118,0.0187151466838384,0.00555755392070542,0.829886416474664,4.0521877707636e-05,0.000863447498927112,1.05638072068353e-10,0.0260457407447485,0.118891172693771
3536,2040,0.262127559561224,0.00411368994092466,0.652332899967495,9.54268077923826e-07,2.47323858275915e-05,1.05578312288974e-15,8.59244706964323e-08,0.0814000779519797
5670,5758,0.376958359191343,0.00277799856223546,0.553755406696106,2.75389837933383e-06,7.09374892978344e-05,1.75109437632412e-14,8.0242252533e-06,0.0664265199373674
10148,5880,0.590924745248708,0.200598173056436,0.00173468811666259,7.94469200735561e-07,6.76867826936177e-06,2.70010656165318e-12,0.0455468677211336,0.16118796270689
5944,9594,0.418614384457112,0.00705440378594073,0.441967828781252,0.000429919540561165,0.0231472362432788,6.68073332076294e-11,0.0146253861406579,0.09416084098439
8355,9715,2.63801440037487e-06,0.0396929788242609,0.840708148694746,1.10547967602289e-06,4.66510534983612e-06,1.58044729512711e-13,5.96056257863263e-05,0.119530858255622
3879,4558,1.72274664004201e-09,0.00134780877546201,0.981357415793022,4.91396884347342e-12,3.77476407582369e-09,1.62655809589868e-25,1.78738714586252e-17,0.0172947699290917
5255,7915,1.51741048082996e-07,0.0185433410582413,0.60476392016074,6.15086712676449e-05,0.0192101661964203,1.22667935953678e-06,0.201704634640365,0.155715050852558
7669,3241,1.97228254305076e-08,0.013265488450486,0.51783812199797,9.48421268956571e-07,8.93781152006274e-05,1.1328300353278e-08,0.278300934369163,0.190505097594786
5464,3720,6.27387554916616e-09,0.00570849724894902,0.73092180863231,4.99933143629694e-08,1.50321450354578e-06,3.75482751773368e-19,0.0564137228431814,0.206954411793866
8769,9236,7.05976349034308e-09,0.00646950261857055,0.943131638130128,8.3713664564625e-08,8.03876492203493e-06,4.97241210893352e-13,9.33514902358319e-06,0.0503813945634303
4498,6836,1.44642318347997e-08,0.0063401959097073,0.886503994347241,4.81096636650175e-06,0.00165207742392821,2.26157824614747e-12,0.00060327535989248,0.104895631526371
9391,3602,0.0606296245457253,0.0076118261123741,0.780926188038455,2.92465762355711e-06,0.000263038019587015,8.54869601786943e-11,0.054574217422961,0.0959921811177866
6152,6597,0.130685813163575,0.00446362137947919,0.781143962357653,1.81237592214026e-05,0.00111541813013171,6.90718323826328e-10,0.00728101952404586,0.0752920409951753
4016,7196,4.12421398467076e-06,0.0153744329745287,0.5059765954584,5.17363512734659e-05,0.00234208025073974,1.95732732553874e-05,0.285993603446686,0.190237854031132
7807,2522,8.71842060758171e-12,0.00670939399431911,0.727943686240735,1.27381794654742e-07,6.87731831140952e-05,3.55516423275615e-15,0.0992062786157574,0.166071740575558
2846,3239,1.47149655624993e-08,0.0236484282672814,0.0688376443669355,2.25394925113208e-12,1.17517123930351e-09,5.53515396575769e-15,0.812648881333422,0.0948650301399652
7118,2761,4.3324685261577e-13,0.0030490624415475,0.855526953905969,1.70918109595971e-07,3.98835888264707e-05,1.68703773697106e-16,0.00110793851441924,0.140275990630695
8838,7677,4.77545027951022e-09,0.0173750695725924,0.891756261117972,1.01814209770433e-05,0.000203565490162011,1.08682019961368e-13,6.89563523883884e-05,0.090585961270349
3397,3239,0.065564631544341,0.0031016557779556,0.900086811930789,6.68775958132014e-09,1.46695049328719e-06,2.39625703609456e-20,6.49873267232217e-09,0.0312454206099292
8700,7917,4.85185171959635e-12,0.011123126960885,0.94569091839529,1.41017315897959e-06,2.64463999967321e-05,1.178368508423e-13,1.39452330683335e-10,0.0431580979262473
3674,1801,0.267823481517836,0.00211642837799564,0.684137515182177,5.02242655868204e-08,3.87143687131777e-06,9.72625262975111e-21,3.26630308581365e-05,0.0458859902299957
5395,3120,1.35032411878136e-08,0.00488379386124145,0.818289600515119,3.49002546010051e-08,3.82442395365296e-06,1.62451181772915e-16,0.0419978479158083,0.134824884880382
6358,6477,9.56638832473537e-08,0.00491831989726027,0.0154714848646589,2.68821866921182e-09,4.710672202014e-07,3.25518737900039e-09,0.885185935747358,0.0944236868162131
3121,4198,8.44350499999787e-10,0.0046744037660425,0.846453726390805,4.63015922979125e-09,2.32156322179263e-06,3.90861160768169e-19,0.00887655126517014,0.139992991540251
10081,2163,1.05662582984326e-15,0.00405082119840937,0.963999510443021,8.11446764737193e-10,6.58893013442621e-08,7.3400050155891e-19,3.85821019943021e-12,0.0319496016539626
9254,3602,0.0410046973916477,0.011567509703008,0.851894339423041,1.83492428501544e-07,1.06952683003401e-05,8.56986477917125e-14,0.00394865394634705,0.0915739207751413
9184,5879,0.186570788774013,0.0343794080373409,0.665993787718898,2.89616523478986e-06,0.000130085716618919,1.10859916022472e-12,0.0111563757693939,0.101766657817392
7118,2042,7.22201035416991e-14,0.00256744913149009,0.717538458298901,1.44092822643107e-08,1.84652220997492e-06,9.01771967171722e-17,0.13174832314161,0.148143908496435
7804,8516,3.4941933915595e-05,0.00434164812269393,0.942545575738126,5.72891490887961e-09,8.29260747462391e-07,2.2475043747916e-17,3.31754492032349e-07,0.0530766674611098
7118,3960,1.57871664052865e-07,0.0155413729643043,0.651067836023646,1.70571130813766e-06,9.91664028169531e-05,2.77672053747632e-12,0.135788781374129,0.197500979649355
9459,6839,3.38201340370149e-15,0.00423291247887407,0.918874441644293,1.06903210419923e-08,4.90192016452459e-07,7.82612337635721e-17,1.201187171272e-06,0.0768909438073205
8634,1803,6.5337301417239e-15,0.0030805079430682,0.861557405215087,2.56700004698967e-09,5.5226679998391e-07,1.10979703866839e-19,0.013727405136434,0.121634126871605
7187,2162,8.96334647753574e-15,0.00198121741823439,0.860606496899325,7.93088234138836e-08,2.12043431740892e-05,2.62751132293684e-18,0.00704642628030229,0.130344575750132
3809,6596,1.06353074694452e-08,0.017232430348299,0.837304436529706,1.02119987374255e-06,0.000171876544368127,3.38811872620344e-12,0.0118417551215652,0.133448469617492
6704,3241,3.09848766103787e-11,0.0049887371640902,0.67653503597003,2.39928985580738e-08,2.27078470889828e-06,7.34308189422447e-16,0.173657401900672,0.144816530156615
5530,10073,5.00196615844048e-06,0.00970205174162984,0.706871461568229,0.0142124092228277,0.202857662386251,8.43474465758695e-08,0.000941396338906244,0.065409932428551
6498,2881,3.07648161065824e-13,0.00434288631102478,0.847746871710485,1.06980818199787e-07,1.40047272958872e-05,6.99311354479273e-17,0.0182687681540057,0.129627362116062
9530,2163,1.69376125126908e-16,0.00217377155630914,0.830930021986519,1.64183435305933e-10,5.13754669417095e-08,1.04323476119248e-19,0.145195363469779,0.0217007914477423
9320,8037,1.44968953011791e-12,0.00724529840926598,0.888156843362149,2.12532433761279e-06,4.58233421680036e-05,4.44646621013504e-15,0.000905568811466857,0.103644340749158
6291,3480,1.5551910280448e-12,0.0040160823096079,0.827654390210879,2.49215010253545e-08,1.65853471621974e-06,1.69292134329274e-18,0.0482415268437135,0.120086317178027
8011,8157,8.52601782212119e-08,0.00636902672429728,0.976689060198826,6.46127795723542e-09,3.9440519520026e-07,1.04717807071481e-18,2.11613004229132e-14,0.0169414269502041
8220,3961,0.159042014726872,0.0105778662489664,0.765383022493363,2.78303800198271e-07,8.2618786340077e-06,1.58686499884289e-12,0.00328005443370156,0.0617085019130757
7392,6838,0.172988424469477,0.00857291437249296,0.792431144016993,6.06562776647234e-09,8.36600450579843e-07,2.35129188208928e-19,2.49493270476626e-06,0.0260041795422543
6911,4560,9.79124644460599e-08,0.0113020489038879,0.572008426058653,8.04625270073716e-06,0.000167747711160989,1.67766021613081e-13,0.0510054217051304,0.365508211455835
9457,9716,0.207718607366167,0.0127808966111711,0.625234809421448,1.41961997755014e-06,4.26197860831297e-05,8.04163169104664e-13,0.00282441182516504,0.151397235369184
8562,7917,6.38402226517417e-10,0.00549028664526071,0.943832326955628,3.3169150075919e-07,5.77855322482263e-06,7.49657166251028e-16,3.17966610042452e-09,0.0506712723363163
10012,3242,0.000121750014733236,0.00778457199830153,0.915996076664498,4.91341938667227e-07,3.65448951842484e-05,2.59580014082569e-14,0.000132596743820659,0.0759279683414977
8218,7317,1.71071030969456e-09,0.00641483452632707,0.91004797595879,9.47302350679042e-06,0.00018569652564754,8.88568142815115e-12,8.64862179714916e-05,0.0832555320281608
9319,9955,5.31868130556516e-07,0.0202313505506217,0.799876039523491,7.29560939990236e-08,2.19875786837831e-06,1.67132892875105e-15,0.00149157024378997,0.178398236100003
6842,3720,6.85516359654898e-12,0.00454224832982649,0.811863450400703,7.00963955018456e-08,5.72719090816158e-06,3.9592122967441e-16,0.028992741421886,0.154595762553426
6843,1562,6.25676339284934e-16,0.00145441476147948,0.897149143435733,2.23455730375414e-09,3.87589183675365e-07,1.0167769920917e-20,5.99194082746153e-08,0.101395992059637
4497,9474,2.69508592070497e-09,0.00548100260569303,0.904235561594877,7.03577205002885e-05,0.0172152143510744,3.14206981406026e-09,5.76464077911227e-06,0.0729920932499206
5946,4559,6.41505520635149e-11,0.00348217980624672,0.754255473222185,4.18758600445137e-07,1.7498201287261e-05,1.52764632345257e-12,0.0484375963367429,0.19380683360926
6981,2042,1.32122755492677e-12,0.00395208017560883,0.48164747501786,1.0913514179794e-08,1.55228775262606e-06,3.83540611448278e-13,0.357494633637958,0.156904247965602
3811,2041,0.357348083826061,0.0395172138130862,0.430033226718698,1.0545743554755e-07,1.32759741910018e-05,6.5364565337682e-14,0.0229077188980443,0.150180375312418
3604,2880,0.391838243553812,0.00870486982403377,0.540475151512616,9.85653781460065e-08,2.8159373061446e-06,2.61855237065732e-17,0.000441582378781023,0.0585372382280731
8083,1563,4.08766092642562e-10,0.00307852545037129,0.716148873467093,2.3213059239069e-06,0.000129134405150131,1.72745138266616e-13,0.142493024998746,0.138148119963777
3189,5757,2.59521429460529e-11,0.00458079147195973,0.773873700159743,1.99387750252376e-08,3.93267897737308e-06,1.54256395533322e-14,0.0714706654259634,0.150070890298614
3398,2999,2.27714751966801e-09,0.0039930413481006,0.988355528445,2.51150373811234e-11,3.57942121761695e-08,5.80928914425491e-24,2.53416440439056e-13,0.00765139211017153
8220,4440,0.579457358266821,0.0222387135614229,0.327118807239821,1.26073232030223e-06,3.09846313958604e-05,4.5041616757691e-12,0.0081181239159619,0.0630347516477529
7670,2042,4.52913357091894e-12,0.00411268966352407,0.87550528527013,1.38822991437432e-07,3.91764434455838e-05,2.48575815039708e-17,4.3655521874155e-07,0.120342273240161
5669,7436,4.21676258293851e-13,0.00504848781389785,0.952108470768203,3.44872570795573e-07,0.000132425171093514,3.6644694927101e-14,7.40611247044142e-08,0.0427101973126522
5671,4079,3.20271660703869e-11,0.00221169281027417,0.837073792211294,9.64983906838345e-10,4.56098125863177e-08,2.04282940969429e-19,0.0483783397866002,0.112336128585008
10147,7558,6.64476656497252e-18,0.00322086312770277,0.949166652067579,6.12438732699085e-10,1.12507211258651e-07,2.13814065401058e-21,1.13481817002363e-13,0.0476123716849544
5186,9474,0.00143856162437261,0.00924068136273649,0.804495740811963,0.00135235384859366,0.0791403519481888,1.29945352677444e-08,0.00725505561790016,0.0970772417917097
4912,5158,4.41428994355256e-12,0.0112275803581875,0.155382194559666,6.20130459338225e-13,6.31753221611604e-11,5.95947561829497e-16,0.712501406796212,0.120888818217724
9254,2643,3.14274428173875e-17,0.001427424087645,0.961844992635618,4.32963171794783e-10,1.31659100389363e-07,1.10973589761478e-20,4.87776703885387e-09,0.0367274463069066
5944,7676,2.82688273272386e-08,0.0114716537795694,0.713678590118556,3.86189268138516e-06,0.000835029114328116,2.58432845399942e-10,0.118614482276424,0.155396354291181
6635,3840,1.98009496375501e-08,0.0101415897717087,0.711960615794614,2.94993619563279e-06,0.000157092115338307,1.70258033973591e-15,0.0635951661118363,0.214142566469356
7255,5399,0.343690739994247,0.0117035450141565,0.58380035113795,4.48274960186085e-06,0.000154274442017631,2.64223234666232e-12,1.95131684925856e-06,0.0606446553425358
9871,9716,0.0722701048162418,0.0139707575645135,0.654317682658692,1.90195595698116e-05,0.000589315227642496,2.27974342332997e-14,0.0409684826668314,0.217864637506487
2915,3119,0.000205304746663031,0.0122413603924293,0.592259575202225,9.18313574039435e-09,1.47297955713947e-06,4.24063962609212e-17,0.221263454198232,0.174028823297758
5257,5518,1.47972855773539e-10,0.00308474627195686,0.852802674075982,4.07699601784444e-08,1.24052053126597e-05,8.20294160387598e-18,0.0310102852630592,0.113089848265756
8151,3122,1.75149381611542e-16,0.00315206478254477,0.974922625945233,2.81288748559104e-10,7.7620815152865e-08,1.25229943143016e-21,4.00295898334192e-09,0.0219252273671588
5739,5878,0.0862627329065801,0.00207207932306224,0.861358613282137,9.31704267939103e-07,2.85932642926923e-05,1.97694442692876e-15,2.71344906544647e-07,0.0502767781747514
8771,3721,0.0332130754165652,0.0238301140685722,0.818323796250492,6.80145496341771e-08,1.04255344111709e-05,4.02001104669386e-14,0.0117744352575167,0.112848085457853
5533,3840,2.09282741434576e-09,0.00163474435908097,0.796533274097165,3.18409026646562e-07,2.15306524724262e-05,1.93736518721635e-14,0.0348075385064367,0.167002591882972
8219,4920,0.410842549172164,0.0150365550290919,0.485826876152724,3.2125899326103e-07,9.15356058300477e-06,4.50126423611774e-14,0.00406667387301092,0.0842178709533872
5739,6117,7.02197985541387e-05,0.00207349578086337,0.929571415773527,1.62896718714377e-08,1.54984446785081e-06,1.01655353739939e-16,6.16218631254757e-09,0.0682832963507295
4293,2400,0.0813229299472314,0.00334954757900166,0.706244467603401,4.36752449228519e-05,0.00202775952455666,3.3715425956264e-08,0.0550036821591495,0.152007904226311
8701,7198,8.89142067554925e-16,0.00610612709732745,0.947529462213878,7.77330569956646e-10,1.68425849404492e-07,7.3691322066913e-19,2.19118226124462e-12,0.0463642414834224
5118,7676,4.24401020949908e-05,0.0286013667453638,0.589208697170348,0.000350787647363581,0.0353535335810567,3.16871426007391e-06,0.157752624358435,0.188687381681078
7530,5879,0.317900820167451,0.00512748009361128,0.622001686382909,1.60225294059107e-07,4.63737480881973e-06,4.65660199177767e-13,0.00109074486553055,0.0538744708899292
9872,6359,1.45916537915074e-06,0.0116269424732373,0.911503751508788,2.97532160062981e-08,3.93679110236275e-06,2.03902677819622e-15,0.00270592957419292,0.0741579507340827
4222,7076,6.28692093868812e-05,0.0394644916955886,0.576948775574237,0.00507663218754493,0.127503648305343,1.4500540210682e-08,0.0461031087602812,0.204840459767079
4497,9953,4.96541116090217e-09,0.00534064905895074,0.856465913058871,2.69428083291004e-06,0.000457967244277029,3.95894343189857e-13,0.0300810018690549,0.107651769522207
9735,5640,0.315954404210647,0.0315074444853954,0.507133553707258,2.71616015079871e-07,1.96653193265749e-05,3.70071409683929e-15,0.0416108992395643,0.10377376142179
7872,10075,8.13071175313152e-09,0.126675835212603,0.736449697903098,2.69259371487679e-07,8.03505309310756e-06,3.46782970879806e-17,0.00414901071629238,0.13271714372483
3809,6117,3.5857302411386e-10,0.0057832632202953,0.786628080935622,1.68176286477311e-06,0.00029169848431973,3.08548930753188e-14,0.0587033015835492,0.148591973654745
4842,7675,0.000167264617826877,0.01591819493725,0.72365354255257,0.000715387912076095,0.0397586712134248,2.76258414073268e-07,0.0558467029752436,0.163939959533194
3810,4198,0.475768578653546,0.00439869323912815,0.509457686712976,3.45676922280821e-11,4.3915796813072e-09,1.44109864933255e-22,3.12030160124817e-15,0.0103750369681991
8151,4800,0.376646218076424,0.0113952069344133,0.546177011541079,2.26735855069207e-06,0.000110407824661178,1.12545120085452e-09,0.00065032223938205,0.0650185649000383
6841,5878,0.0987120630319422,0.00714019860497977,0.812450341626495,6.51926626212849e-07,2.48307535566661e-05,3.95288894074677e-14,0.000696525640294903,0.0809753884160661
4776,2521,3.23906043560698e-14,0.001674503665388,0.902707194644799,4.68140456232342e-10,1.09371761451657e-07,4.46495888044477e-17,0.0029508433964181,0.0926673484534608
6839,8995,0.499322068920216,0.010906747165172,0.444050117593457,0.000213505451155028,0.00374200293622371,3.45530296591066e-11,3.74653393071947e-08,0.0417655204338833
3810,5877,5.61754281711892e-10,0.00539015024927431,0.867981820912295,7.43710194137789e-07,9.73783888873156e-05,1.44891444323321e-13,0.00100029820177904,0.125529607975672
3534,4918,7.2933174139735e-07,0.0044104025904865,0.703244057232694,3.68448010513142e-07,8.461110099197e-06,1.45717993124411e-13,0.123684142255258,0.168651839031564
6015,4679,1.69285280564758e-08,0.0112250823665768,0.62854850049688,1.85392677798952e-06,0.000141770573859268,2.67949406135602e-12,0.15714908456663,0.202933691138068
8633,4680,0.351795977803506,0.0240982805287385,0.462045997932685,0.000143787993576783,0.00250311954046094,4.35907203268468e-07,0.0480314034500992,0.11138099684373
3880,2640,0.353769675509499,0.00235663006361715,0.618056717002693,1.17642496400922e-08,4.69667270861071e-07,1.83407646109027e-19,6.99425767202241e-06,0.0258095017349986
8289,4320,0.155569627472089,0.0140801567305298,0.739545836027532,3.42477345795226e-07,1.02369933519717e-05,9.21521609448723e-11,0.0166161791340849,0.0741776210729148
6426,8515,0.74351878385914,0.0038327472521233,0.204156020767234,5.68278643026544e-07,2.31090896413385e-05,5.55291678202128e-15,8.97792472738529e-07,0.0484678729607403
8492,10195,1.69933459263046e-10,0.193367441831929,0.713988472479597,1.86557402870273e-08,6.22093134050338e-07,4.68130499648446e-18,3.38326193403838e-06,0.0926400615077326
7600,3121,2.07141066363671e-10,0.0079520173813673,0.452938552545651,1.52988900144772e-07,9.53316528908642e-06,1.03690619174768e-12,0.334210790811129,0.204888952899486
9391,5040,0.399928285446539,0.0982653435810395,0.348714648003007,1.03901241135272e-06,0.000107488580248795,1.65331311686899e-08,0.026643223968775,0.126339954874848
6635,3600,6.24842542950678e-08,0.00866866555669452,0.733267625871683,3.42569090948989e-06,0.0003142622707895,8.31315364190661e-16,0.052250987449933,0.205494970675735
3535,3239,0.397463019574304,0.00653129472569396,0.557491940264919,4.98920160736904e-09,4.12736426361705e-07,7.65769497716954e-19,4.24554989449119e-09,0.0385133234639052
9458,7798,1.68327646039159e-12,0.0090364068449093,0.895889268035987,1.07108412114973e-06,4.5777979722276e-05,5.33551762412682e-15,2.49481098789935e-08,0.0950274511054616
3122,2759,0.202711994948108,0.00750345940718969,0.673914076034869,7.24151116395035e-06,0.000110806818300939,8.05676900335133e-14,0.0187932245069717,0.096959196773316
6634,7437,0.00121469166614287,0.00694164766847857,0.877550978734824,6.0241502684672e-08,1.81936851484383e-05,1.12249827496491e-15,0.0174854769285593,0.0967889510753434
9115,5999,0.454304882842627,0.0537894494784037,0.255353255422574,1.28546017116557e-05,0.000335055738936488,1.37875596318572e-12,0.0819028554534479,0.154301646460921
5189,2281,8.90375669304796e-15,0.00275742544476385,0.859517914753701,4.02856688408871e-09,1.00495645461483e-06,8.25448223787567e-19,0.0163879289027915,0.121335721913713
9114,8157,1.03136348507679e-13,0.00677125338942634,0.930983083424752,1.55940888539146e-08,2.55634691170478e-06,6.22018007792392e-17,6.48121499457696e-08,0.0622430264325683
6014,5638,1.33879159350232e-07,0.0050769954613358,0.858804267532779,9.33730929990683e-06,0.000182306807402837,3.14496123841956e-12,0.000670844601769318,0.135256114405109
5326,3959,6.25496489917251e-15,0.00259459025189162,0.914242050915539,2.4554505114491e-09,2.72420951656511e-07,2.12550469259612e-18,0.00329836553133384,0.0798647184248272
5116,10313,4.91136023987137e-08,0.0101279687777639,0.488130617533553,1.71425143511063e-06,0.000687627957543346,3.43748300918139e-10,0.328203560948339,0.172848461074015
3879,5277,7.02762191401127e-08,0.0401338376813987,0.665835842399503,6.46411389315208e-06,0.000717440848723195,3.06814445740039e-13,0.0662840918120252,0.227022252867931
4290,9593,8.58128714037759e-06,0.0196969463386143,0.783924228304855,0.000182266244846754,0.0112618751306597,8.11330999275014e-12,0.0426744122865922,0.142251690399178
5257,5278,1.3468174694575e-10,0.00871534155038402,0.81777382021505,3.26808732551997e-07,1.47648245727753e-05,1.06339758429481e-15,0.0539728429608297,0.119522903505748
5050,5398,6.74956696061808e-11,0.0163093515434062,0.609176995521932,2.91019407732455e-08,6.27374652889029e-06,2.65610160143918e-16,0.177023567608039,0.197483782410657
7253,8036,0.00796315942409385,0.00877305294031071,0.861403457888103,1.20615551602771e-07,1.14135375865781e-05,1.43419060373661e-16,0.0038188545154855,0.118029941078869
8426,5519,0.529945402514481,0.0345658661856412,0.360417064020577,3.38694382619857e-07,8.03979080936823e-06,2.77820278703902e-16,0.000844846366792682,0.0742184424273157
4774,6597,5.08063199746119e-05,0.00583114655951968,0.899743767749629,8.63295982277765e-06,0.00131057825682418,1.56395553917909e-14,0.000443868824288822,0.0926111993299257
6912,2402,3.02010971214597e-15,0.00220394087938956,0.902293050022574,3.4972741520036e-09,1.63652707893323e-06,4.18059365431612e-19,1.03224730818343e-06,0.0955003368263724
8428,1683,8.51065869417333e-12,0.00572200696511459,0.793298547250542,5.24243368235786e-06,0.000133416834676859,1.74013486439362e-12,0.0686746136703211,0.132166172835412
5809,1922,4.31091792241014e-09,0.00946814724072122,0.79228539667307,5.75600429967036e-08,1.22603781046051e-05,4.43783243754636e-16,0.0718077711314952,0.126426362705648
8975,9596,6.5782780581632e-12,0.012698031173469,0.895190871144641,1.48025273730672e-09,1.37818156569797e-07,1.54544085212682e-19,9.11699997017751e-09,0.0921109492599023
5117,8635,5.06929909631406e-09,0.00837957893934425,0.844676089972657,0.00132364620313625,0.047049945537932,7.48961977885973e-08,0.0104946631359718,0.0880759962454617
4636,6117,2.66451306478807e-05,0.00418617044020135,0.938799425362142,1.10040945727847e-06,0.000120834281624697,3.83823779815708e-16,7.58857904091965e-08,0.0568657484901357
9598,3961,0.00286189798746798,0.00806070626348776,0.757019897516629,0.000770773476004213,0.0301724611100298,9.16689491160769e-06,0.0807718931500594,0.12033320360141
6908,10314,0.276461290882997,0.0201528928777926,0.607107280354594,0.000215070359552374,0.013730298476714,5.03086086151934e-08,0.00320345364622493,0.0791296630935171
10009,7798,6.59390087758175e-17,0.00811475148657434,0.932700709640786,3.86999292413494e-09,5.63798434945465e-07,9.07131665926578e-20,9.24457405693762e-13,0.0591839712032875
8012,6478,0.116959101433207,0.00700378328423828,0.817532140179823,6.50543427397281e-08,9.35335307776366e-06,1.9034249965363e-17,0.00021629711198847,0.0582792595833229
7462,3841,0.224930462250272,0.0176174820320772,0.39401367711527,0.00430247062114204,0.0718020535571321,0.000550598359405536,0.153346889405864,0.133436366658838
9803,7198,5.95950785264537e-17,0.00757984835164406,0.903021211773327,6.12259401944598e-10,1.06291586896774e-07,7.92064789672575e-21,6.73206399790674e-11,0.0893988329038624
6978,7317,0.0970686849788621,0.00581311404206074,0.800271774536995,1.12538522356886e-05,0.000446668995690148,1.68271540817069e-12,0.00252679582186722,0.0938617077706065
7807,2762,2.436620408032e-11,0.00318021932031292,0.87848970628278,9.73210953375806e-07,0.00016569485099881,6.93352191803212e-14,0.000280367869782862,0.117883038440737
3948,3719,0.402843691284675,0.00172512100796099,0.397554821481449,5.80243329855777e-07,7.08536751018195e-05,1.44756351241348e-06,0.0667000276217777,0.131103457122194
6288,9235,0.313628128581224,0.0112923211707896,0.578652056105597,0.000552725640181686,0.0187615359754357,6.93987668156011e-11,0.00018608006799849,0.0769271523893753
3810,4438,0.000270260167216548,0.00229364332166935,0.984860262083175,3.04810421881242e-10,6.02806799492023e-08,4.89606284437668e-23,1.86436283179149e-15,0.0125757738424467
4292,6237,1.41531816477008e-10,0.0109314447987176,0.571136372522422,6.89837072411964e-08,9.32495144559278e-06,2.08320655896198e-12,0.258374450113649,0.159548338486444
5049,8275,5.46033857084437e-06,0.0124837827194552,0.818955788026123,0.000466779456051074,0.0460700678008265,9.34430085153409e-08,0.0102347314777784,0.111783296738187
5877,4199,1.20301301558112e-14,0.00179437245338043,0.892002490313119,2.87814265402559e-09,4.14897675130308e-07,8.43963410324775e-18,0.00099302474661725,0.105209694711054
9665,7678,3.26654499136232e-14,0.00590795962583798,0.922679812516723,7.69161429226139e-08,5.14952053128762e-06,8.2276615819734e-17,1.0992676827156e-09,0.0714070003214641
8561,10315,1.32798419421668e-10,0.02371459957508,0.860510448073963,1.78422901885799e-08,1.0309402786611e-06,1.06437749388246e-17,9.07690084386699e-06,0.115764826534746
8286,9835,4.65576946236083e-13,0.0168760570765134,0.923725056900545,3.85054586456845e-08,6.62192264736672e-07,6.21117715087469e-19,0.00186035015066481,0.0575378351740879
3742,2640,0.68825111001865,0.00592976425853547,0.274008620335116,2.65990561612546e-09,1.17708284808808e-07,1.33908643692368e-19,1.06037762065758e-07,0.0318102789817461
4015,8634,0.00452783753064396,0.00386718653711711,0.920580260030861,4.70370322828014e-05,0.00949489279119474,4.59528869530890e-09,2.24726001631988e-05,0.0614603088824481
4152,10073,1.40855639312455e-09,0.00527208968135909,0.899496418209295,1.21247408906516e-07,4.464890463506e-05,3.81218763604497e-15,0.000251752937878194,0.094934967610863
9665,7438,7.80177759154775e-13,0.0063310429309647,0.88201061782786,3.20700612486396e-07,1.3494997353184e-05,1.22007123829675e-16,1.83045872926077e-07,0.111644340496557
4359,9713,9.42491302868546e-08,0.00929873688307682,0.849410003899892,6.28991580130339e-05,0.012574404100859,7.88146639291331e-12,0.00590649718727346,0.122747364513874
5050,5158,2.17764596898285e-09,0.0103270681529114,0.440804472026984,1.14983491743012e-08,4.38334706262898e-07,1.77086411604619e-14,0.382408754869245,0.166459252940141
3189,5996,4.63089250126775e-07,0.0410880499579166,0.519078778509177,0.000322304507962297,0.0359508920237893,3.24066733617063e-10,0.0933151759925575,0.310244335595281
3466,3119,0.12496618026649,0.00447217740716852,0.845281903982716,1.48960300883938e-09,2.30596824212541e-07,4.26120406081746e-19,1.60696464954347e-08,0.0252794901875519
3671,6356,1.05062913118737e-11,0.00561300625133617,0.845467683294967,3.29797164424118e-07,2.93704742100562e-05,9.53569235900823e-15,0.00259124150865263,0.146298368663154
4016,5517,3.37075375654608e-08,0.0135536670592241,0.635962567990292,4.02963267087874e-06,0.000195092779851836,1.30366578503698e-14,0.124067549305855,0.226217059524556
7325,2162,5.45435061548743e-19,0.003227989663753,0.9374542683643,3.84117259654135e-10,3.22687251011685e-07,7.24783833768842e-23,4.99086874807745e-12,0.0593174188955881
3053,2879,0.208566219110379,0.0240648538933019,0.594923520873422,0.000254911919916144,0.0104174526982122,8.80275108972948e-10,0.0431509238431632,0.118622116781331
4845,1681,0.000762136903113583,0.007545114401508,0.848430740176273,1.77110161331828e-08,1.03948436834177e-06,4.36132040728097e-17,0.0104877006693613,0.13277325065436
9871,8997,5.35779216285649e-09,0.015521512867989,0.79720554661281,2.77894468595553e-07,6.72736218992936e-06,2.17326141086164e-13,0.0112157383970948,0.176050191507438
6220,7436,1.61139320954873e-08,0.0041812100410018,0.896812047280107,2.78036850779313e-07,0.000221060465222926,2.61797799432363e-14,3.81891819515702e-05,0.0987471988809078
4224,3479,4.43513049556328e-12,0.00264009509700757,0.848474709431396,7.08181112707761e-11,1.51629129213771e-08,7.39935352754345e-22,0.00258476427699571,0.146300415956434
3602,6716,1.58561508459528e-07,0.00675315194572765,0.832799397167852,7.64120615577302e-06,0.000597108076642334,6.02331217118853e-15,0.0336156614888334,0.126226881553274
7254,7317,0.101234911368194,0.00614787273957922,0.83910628023652,1.17117507405214e-06,5.70907631039484e-05,3.37372016850382e-16,9.6299715607892e-06,0.0534430437459675
3879,4079,0.006261087501895,0.00138894092052385,0.97773659752198,1.77692998123034e-11,4.16332367937139e-09,1.89503600047138e-22,3.18328258682587e-16,0.0146133698745075
3328,3359,0.416548653483623,0.00400025021179832,0.543560841261106,4.46815567706873e-08,3.31101234904247e-06,9.5375200816347e-19,1.10316860981022e-08,0.0358868883178816
3810,5397,1.35557423502924e-12,0.00495801422926858,0.850135828056663,1.44669995037079e-07,1.75857265488259e-05,4.90877954051999e-18,0.00509696198352903,0.13979146533264
10009,8277,2.52305711514906e-16,0.0152128374539544,0.914529527925976,9.7386317019797e-09,1.78138694124135e-07,9.29290550651566e-17,3.60932560785963e-08,0.0702574106494879
4153,7915,2.45206686776083e-11,0.00704158348388281,0.87263997291613,9.81462298782779e-06,0.00244713093287374,2.55320093772889e-10,0.0141805212927486,0.103680976471536
9047,3002,1.71297578588432e-12,0.00352311739513745,0.926392742897518,1.93153335280245e-08,1.54100942054948e-06,2.97163915127452e-18,1.16479473296005e-06,0.0700814145861448
7601,1922,4.94033892929326e-14,0.00397105095966998,0.897178153088594,1.82304169458906e-07,1.43970213019345e-05,2.62512619808796e-17,2.8042382586685e-06,0.0988334123879563
10079,6959,3.04806925315255e-16,0.00353315409373022,0.96433701435205,4.91928688197924e-09,1.76036442323537e-07,4.49206812822242e-19,9.23626053341821e-06,0.032120414337957
10080,3602,0.225156113909718,0.00697496621328554,0.631880235436767,2.98235699165462e-07,1.63227547919286e-05,1.80323813403157e-17,0.0147834721635079,0.121188591286231
6636,2162,1.12895979107172e-11,0.00239584627349344,0.794841526237962,8.75948092398642e-07,5.28698067680854e-05,8.43155786024479e-14,0.0727077662508708,0.13000111547144
9321,5879,0.320435467851901,0.0384725267737523,0.426736432405633,2.29776883621318e-06,0.000123797029098638,1.4750208606045e-13,0.0476124229283394,0.166617055242292
3741,5997,4.34900452297153e-07,0.00589718094990606,0.765330527971569,4.35211091513084e-05,0.00402458910004046,3.5972452032221e-09,0.0444136520264992,0.180290090345136
9117,1683,1.33921644867886e-13,0.00508742845354023,0.911372462827945,6.49960492542456e-09,7.40295141664393e-07,1.62458208924736e-16,2.72232831576339e-05,0.0835121386404769
7599,5759,0.247076089066295,0.011628143185953,0.65287424441593,3.31858892226255e-06,8.775131092459e-05,7.02778028797724e-12,0.0100909135009449,0.0782395399240024
4155,4798,1.9776146082162e-10,0.0023859047183414,0.823653193541612,3.93373089395383e-08,8.73116273177821e-06,8.72327702980515e-14,0.0865781227436959,0.0873740082984607
9733,9716,2.98531255511186e-05,0.0227517012879741,0.846841864522765,6.14860389553507e-06,0.000130831353476709,3.00062952909016e-15,0.01640794639021,0.113831654716124
6909,8156,0.250308459515077,0.00970843246252242,0.658916458121708,1.23402405082385e-06,4.47606245088871e-05,1.22369004636522e-14,9.80470044013624e-06,0.0810108505516806
6912,1922,9.45204826980171e-10,0.00442756288672436,0.800356955500813,2.44934660517019e-05,0.00225846555190894,1.04219093202814e-12,0.0557150311474348,0.13721749050082
6153,3001,4.78045550647497e-10,0.00982133858368071,0.784489618333823,1.92328728146519e-05,0.000171013675422685,4.31618250728617e-14,0.0494316075280034,0.156067188528167
2568,8993,8.89567927356827e-13,0.0017394188132886,0.916456551910619,1.65100041721933e-06,0.000237800616976029,1.84426522448405e-15,2.57467919925779e-06,0.0815620029786084
5462,7556,5.53875406435663e-08,0.0203655469768257,0.474530054386318,7.76427500703588e-07,0.000776598229784526,4.76299485219664e-08,0.389190950558989,0.115135970403092
4154,5278,1.8505423406985e-11,0.00872027369448728,0.862514047851559,3.43056996626697e-06,0.000147434748422578,1.03203888808235e-14,0.00443652961010071,0.124178283506948
3879,5038,0.000197689334481004,0.0262153932093482,0.504131562451287,0.000133199587727573,0.0039806584111318,5.86929141878666e-09,0.271523405122578,0.193818086014155
7115,9954,2.09029039467251e-05,0.014194716953611,0.875973888994237,0.000270671676814371,0.0177095823680307,8.75683486959285e-10,0.0142075514610138,0.077622684766663
9182,8996,2.4187226448043e-06,0.0127163494513053,0.816637959344231,9.02636916184284e-06,0.000268692722855345,8.19775585388075e-13,0.0441864148981382,0.126179138490844
7463,2162,2.33678429084149e-13,0.00500265498119999,0.854278346385808,1.84003700787527e-07,4.76096308579413e-05,5.0457578525877e-18,1.12122609224777e-06,0.140670083772107
4774,7076,0.0137045681307181,0.0268991551195549,0.548876154873206,0.00793989738489979,0.117397550140972,1.98676448320877e-06,0.0790020367367604,0.206178650849405
4983,1681,1.0033912847445e-08,0.00469019518948075,0.887582018360155,5.88254317668101e-07,2.78415440827003e-05,1.88346843978522e-13,0.00589879396926132,0.101800552648601
10149,4681,0.541145502862071,0.0245172692548916,0.316207804238805,1.21436722223928e-06,1.8054296075681e-05,5.39341916606393e-13,0.0231694763050708,0.0949406786753246
4568,4319,2.36869595033996e-06,0.00695190747026197,0.833939328303917,4.77389415856811e-06,0.00058422707886704,1.70892150854432e-17,0.00174391619431056,0.156773478362535
6220,8395,0.0166059918095303,0.00759193295848946,0.807318744801004,5.40054340066956e-06,0.000790317036929098,4.93422973567394e-12,0.0514317076252485,0.116255905220464
10010,5640,0.743642981114795,0.12675934302393,0.0240693903528238,3.48225645817837e-07,3.58027900711222e-06,2.66717111843972e-15,0.00750135276433052,0.0980230042394651
6222,3121,3.55555751441933e-12,0.00474592008112201,0.843566832205419,1.64397100574535e-06,4.03665856006558e-05,2.18217165006837e-16,0.00979621230892282,0.141849024844374
5947,3360,5.00181031503456e-12,0.0257461953056691,0.22845608243218,6.08278204928279e-10,1.16045013493351e-08,5.05678595392081e-16,0.633601878385904,0.112195831658465
7599,5279,0.239242127568984,0.00686127830074753,0.688193596826649,7.90836627630927e-07,4.08174204329538e-05,5.40341427191494e-11,0.00038767992791311,0.0652737090646117
8288,5759,0.340762542530199,0.00740753175480927,0.570347174482234,2.97928954297113e-07,5.19241044651681e-06,1.36698349010624e-16,0.00111440872311464,0.0803628521702417
4567,5997,0.234409267425484,0.00626320792933939,0.679269334310867,7.31827469341328e-06,0.000368624677045233,8.50922908347595e-15,0.000161716431934953,0.0795205309506269
2847,2280,0.00893626549218169,0.00659321673529901,0.733465490741609,1.21657188171669e-06,6.57425677130928e-05,3.01596411013793e-13,0.0270775754505516,0.223860492440462
5255,8155,2.7436226585569e-05,0.0404329813606717,0.630187235952044,0.00112394851937428,0.0711874558007617,7.47971907343672e-07,0.0891218673659743,0.167918326802681
7668,5399,0.497553310099616,0.00388391345178579,0.447828106662285,1.49589029551261e-07,7.32902563977703e-06,4.19038322748157e-14,0.000206576906139315,0.0505206142654632
8975,8637,5.71206138631648e-12,0.00956547508142474,0.811282320325289,1.9740982034771e-08,8.29548868894731e-07,1.8190124844783e-14,0.0734122355241066,0.105739119773598
9527,8637,8.43308126360215e-12,0.0176607217095526,0.615547431311355,3.92918597311376e-08,2.14565687896585e-06,3.14814785987539e-13,0.278196020720183,0.088593641301423
4222,7795,2.70938941412665e-08,0.0117818005286046,0.758905086208868,0.000143047087432955,0.0124221357247128,4.52343659186677e-06,0.0629941892652248,0.153749190654671
10011,3482,6.72902376429478e-10,0.00452432847394786,0.931704077370194,6.32343244902784e-10,7.73883911416208e-08,5.50757290512129e-21,3.44972695689968e-05,0.063737018192652
4842,7196,0.00530392902871625,0.02548230427957,0.625003815186034,0.00341129213904548,0.0755359549647557,4.07464569211317e-07,0.0406591967710468,0.224603100166262
8427,3841,0.310559599352996,0.0268297007516956,0.546575395798173,3.24062279739247e-07,7.49706701739855e-06,9.82664302859855e-15,0.0282286559607223,0.0877988270071065
3878,6236,1.22987677825845e-08,0.00579427008243857,0.788907688529088,1.47910265242764e-06,9.90984404803213e-05,2.15138711928666e-13,0.0301532219660969,0.175044229580261
5530,10553,1.03184931087297e-08,0.0128804063821297,0.892494430844853,0.000145932863591593,0.0236590258573563,4.6074918318835e-11,0.000347244453338909,0.0704729492341622
8494,7318,5.0264262274482e-15,0.0035686002288448,0.947957142060565,2.11643538758405e-08,9.84354727394828e-07,6.12465481165821e-17,2.02062517848386e-09,0.0484732501708788
8771,3961,0.177012452244612,0.00804557465094943,0.736709184962052,7.98412708859065e-07,4.56515601877846e-05,9.97389352296807e-14,0.00406917735182555,0.0741171608175648
9599,2523,5.34962395257858e-19,0.00127845930769699,0.944718627866939,4.10813984078209e-11,7.24371358388374e-09,5.31674853466561e-24,2.0490165285704e-06,0.0540008565240408
4635,7555,0.00417022346848068,0.0187170593642879,0.652234487247297,0.00196327436114822,0.0804237616119695,8.61428809601498e-07,0.06191404052855,0.180576291989458
8772,1803,2.84950271115542e-16,0.00150593798710722,0.918550227812588,8.75707975710581e-10,1.11684839679309e-07,4.33347600796517e-19,0.0153971538252465,0.0645465678145106
4569,3360,3.53967647923487e-08,0.00361068643797227,0.755724182903487,5.97355065008448e-07,5.33165166626001e-05,6.27158872126526e-17,0.0505737325638982,0.19003744882615
5739,4679,1.9727444802559e-13,0.00551182610116748,0.774492584194783,2.84567864383878e-08,1.01484263753908e-06,9.51996283708285e-19,0.0863177941421778,0.133676752262251
8426,5759,0.524934500854594,0.0271168033891863,0.397314050892766,3.04268070219594e-07,5.95383938989385e-06,5.32467622129822e-12,0.00019059078034362,0.050437795970325
7325,2881,1.44731097030123e-07,0.00288796862708067,0.841880600842654,4.7084869521314e-06,0.000272267266975767,7.95259445896808e-15,0.00975238589310653,0.145201924152126
7942,8037,2.54661525496196e-12,0.0131014305726848,0.96984869048465,7.10329947505471e-10,7.76831294505568e-08,2.63786928711209e-20,8.91699764743422e-14,0.0170498005465704
5462,8035,6.01998152336947e-05,0.0306286400090809,0.669745573097393,0.00475441183616208,0.115182616001571,1.45021256765297e-05,0.048307801189997,0.131306255924885
5944,8875,0.349919615269676,0.00787382014089037,0.530584705793978,0.000418089519775094,0.02135124790356,1.30828126006656e-08,0.0240712402490029,0.0657812680403051
10010,5880,0.590945739079329,0.176862808531022,0.0192803731100943,1.00024099121831e-06,5.2288730689451e-06,7.78100019654018e-14,0.0493182045476037,0.163586645617813
4015,8874,0.00929264970975756,0.0129141352018401,0.832865671862617,0.000607589224567409,0.0588112350048858,2.81513829131421e-08,0.00136923568512138,0.0841394551598281
7117,4919,0.248946206621331,0.0110248381228546,0.630053359701377,1.52586042409886e-06,0.000268078539887225,2.24195376505095e-11,0.0170758731020657,0.0926301180296416
7046,9595,0.000164234147035704,0.00594158223289034,0.939076919493347,0.000103868899584151,0.00683673783991914,4.33560632582112e-11,4.82055892995834e-07,0.0478761752879741
8700,8876,1.46764831966489e-08,0.00969782612728729,0.944807014355136,1.76046256004956e-05,0.00106524563509755,1.29692666469196e-10,0.00080687123863751,0.0436054232120652
4775,3480,0.00382185849659862,0.00581947670421045,0.817647970382521,1.28682111685789e-06,2.97570761208184e-05,3.32150994656301e-13,0.0365717155973259,0.136107934921774
4431,2640,1.79527731190393e-10,0.00262773857970348,0.912782438851874,4.55392636857104e-08,3.11431540093569e-06,1.43627574586595e-14,0.0019724476310215,0.0826142149031947
6705,2521,4.68617425953732e-12,0.00156914652183224,0.915837265496718,5.49560198171897e-09,4.09103005283385e-07,2.75334618977682e-18,9.36043930313078e-07,0.0825922373342258
4637,5398,8.73398857170303e-06,0.00837432857997582,0.663598108038292,0.00016339971816637,0.00346314027729575,7.22405521334785e-10,0.105163678558568,0.219228610116726
8975,8876,1.54632938954546e-11,0.00693393761583892,0.910392273410605,4.82610493315003e-08,9.63172432063391e-07,2.8585435107442e-17,0.000140246935805944,0.0825325305888052
7256,3241,0.0955378721234418,0.00971854758224344,0.627203222589849,1.19244457147039e-06,3.42556551266738e-05,1.48007261301278e-14,0.122954416387687,0.144550493217066
7394,1803,1.30003323752248e-14,0.00316860144289456,0.881969565017283,4.75337612830961e-09,3.28061498724913e-06,1.08757941389616e-19,5.27879794407681e-09,0.114858542892649
7462,3601,2.57801505855441e-08,0.0171135393545195,0.425118176565715,5.63397202241821e-07,3.91317410601015e-05,1.00098422587397e-09,0.26649038644255,0.291238175717819
8909,3961,0.46152367745267,0.0266745312925642,0.331850989360219,1.10067120358821e-05,4.67621586367881e-05,4.58839227087642e-11,0.0404145897332584,0.139478443244732
6426,8276,0.747457954916317,0.0073269289051837,0.188264546713322,1.04444116651685e-07,2.28654720517343e-06,1.22290984275783e-12,2.43846184614989e-08,0.0569481540880141
8219,6358,1.55736897886875e-08,0.00412655164379477,0.962367010141367,3.35316059355386e-10,3.6514894061272e-08,9.98338328452571e-23,5.82556640517133e-08,0.0335063275352738
4979,9833,0.000939672561959255,0.0141881134560647,0.618297372533439,0.00631726273155958,0.212407727572306,4.50119769081501e-08,0.0338286685251907,0.114021137607504
9874,2043,5.24192743304742e-11,0.00556647835360909,0.913426530907874,1.67158409977841e-06,0.000149520492629094,4.50440945067741e-14,0.0107730412160325,0.0700827573932913
7393,4200,0.196932386196078,0.0254689037422277,0.278242772144857,0.0181287641364141,0.133803647785215,0.000452365209829783,0.167158026361124,0.179813134424255
4221,9473,2.22003980895838e-10,0.00867359576663554,0.85334326663342,0.000226604298324497,0.0442227305794015,3.38315843424124e-10,0.000103445102672261,0.0934303570592267
4153,7675,2.6677357659685e-07,0.0147482714401097,0.770064679515227,0.000119075236188043,0.0153315831669385,9.10847787950289e-10,0.0228760725720806,0.176860050385032
4843,5518,0.000106022356088222,0.00387841810565406,0.868636497789161,1.70599878254603e-05,0.000939341851897767,1.8593090447373e-13,0.00116073315512483,0.125261926754063
7531,3241,1.19032815492057e-17,1.23879720615100e-10,2.11194078335592e-10,5.111321646281e-18,5.08621837269391e-16,1.19070650220603e-14,0.942018378980626,0.0579816206842881
6564,7796,0.0303459612762867,0.0064025961522271,0.875111402949178,5.85560757281984e-06,0.000401860315280799,2.0172135087112e-10,0.0140100253178725,0.0737222981798606
7255,4200,0.104337221457106,0.00529176289030702,0.632107816020433,0.00019209888973534,0.00542604753530473,1.16309617020582e-08,0.105537632378089,0.147107409198064
8359,1803,2.96636614436975e-10,0.0185001130041459,0.208011339176767,6.13848153798871e-08,5.50903384138513e-06,7.15734512514565e-11,0.529495731656838,0.243987245375382
4634,9953,3.43979590775167e-07,0.0114091247458979,0.83161791972654,0.000311508667249345,0.0274814652565224,1.81570467119523e-09,0.0127195716392242,0.116460064169271
8768,10435,6.96471276786085e-05,0.0234991775873216,0.763038747455125,0.00147310263813581,0.0356571337555823,0.00122896706452125,0.0584086320433483,0.116624592328287
3742,2400,0.782667577229969,0.00576594090058698,0.188774044625383,9.39027945329426e-09,4.93521955889559e-07,1.4339118364217e-17,1.05276864814432e-07,0.0227918290549617
3328,5277,5.08541672472967e-13,0.00262530784138319,0.71705255383365,2.79900521326796e-09,2.30492595572384e-06,2.3050807470847e-14,0.0921393302313751,0.188180500368099
5808,4559,9.14112356100842e-15,0.00292920709280984,0.822158465768925,6.82893167627186e-08,1.67100615845078e-06,1.50093716083219e-17,0.0207658049206421,0.154144782922139
10148,6120,0.5071962709571,0.0843148887429057,0.23717667816941,1.25961932334435e-05,0.000300163300301662,4.17044631807822e-11,0.0447289117245844,0.126270490870761
5326,4918,1.28621647353832e-12,0.00190075470195809,0.798544513306825,9.70419588904777e-07,1.72764595895565e-05,1.65265041309883e-15,0.0657238369248872,0.133812648185863
7115,8516,0.392745427586309,0.016217858571057,0.522598138583893,1.47289592835684e-06,8.03123577810578e-05,1.13754529566021e-10,4.78455009413077e-05,0.0683089443903352
5187,5877,0.402555722383579,0.00204322371446933,0.519185137594854,4.56243769782375e-07,1.1878699927046e-05,1.27985717210546e-15,4.42886762720603e-08,0.0762035370747235
4016,6236,1.67537032725473e-07,0.0174111295958557,0.66463262187487,6.94711203045124e-06,0.00111992897812089,8.52344018673783e-12,0.11378109877079,0.203048106122776
6979,4919,0.260675080596533,0.00691034239032417,0.583230956347863,1.16992674564786e-05,0.000662631319886156,2.03975850662951e-11,0.0204965590378069,0.128012731019733
6634,5758,9.98532212730424e-12,0.00293264970120215,0.895121160998311,1.29548697376421e-08,1.67360584923723e-06,5.12060248732976e-19,8.98576687401724e-08,0.101944412872114
9185,1803,8.39657268600612e-15,0.0024175078694993,0.920788763299029,1.07704100019397e-09,1.70084288204845e-07,1.67798717989867e-18,0.00476562988622289,0.0720279277839115
5874,9954,0.39301091508902,0.00604754901722175,0.512400719146443,0.000240602772470645,0.00650191588205275,8.76131057445944e-12,6.72056174081136e-07,0.0817976260278565
8838,8397,9.06353679733537e-07,0.0128486228359679,0.879726201042146,1.11947765108096e-06,4.1955761116854e-05,1.34677585791829e-13,0.00406220476902316,0.103318989760281
9044,10435,0.0157667216414966,0.0269802773764488,0.769092538806256,0.000397550698576705,0.00583561176089617,4.10980351587774e-09,0.0777777217872903,0.104149573819232
5599,8755,0.000102159479041231,0.0225512341506626,0.793689371247149,0.000347536707480387,0.0522635245414528,1.83710557956425e-05,0.025221398320632,0.105806404497787
6564,9714,1.13133812198687e-07,0.00824712580520705,0.913920182838828,8.34044031972715e-05,0.0120931325033565,2.02826499633308e-10,0.00111781179035537,0.0645382293224172
3396,6596,4.31296863619208e-10,0.00812761552559634,0.862961814031159,1.75888803223213e-07,2.76993332701139e-05,6.67613681314597e-12,0.00395813842537805,0.124924556357821
7393,3721,1.15771693731606e-08,0.00860538190061353,0.602265694812881,9.22402168194515e-08,1.52007999365902e-05,7.09395824540829e-15,0.204458444722448,0.184655173946728
9871,8038,2.51353154490815e-15,0.00434286540310674,0.931008041179131,1.42720914608613e-08,8.55659754477436e-07,4.13218459646487e-19,1.81825419784092e-10,0.0646482233040879
5668,10073,2.01725980700442e-05,0.0142183408991091,0.873612715214483,0.00059627818125878,0.048143794094797,4.64794134541237e-10,0.00290699890739458,0.0605016996400937
5806,8395,9.52428976297279e-08,0.00724843821086212,0.883307435740631,7.18611038964096e-05,0.0131438472622311,1.29929992788569e-10,0.00628360365884384,0.0899447186507078
7669,2762,9.65832553390549e-11,0.00569341308950699,0.885716161110612,1.79122473074241e-06,0.000181953922694456,5.68350990997774e-15,0.00117795550624025,0.107228725049627
4636,6357,8.34238238175563e-13,0.00481124699091726,0.921792359716733,3.74006105803007e-08,2.63505634061024e-05,4.08031905443253e-17,2.12803724707364e-08,0.0733699840471268
8976,7438,1.14328801089396e-07,0.0053195870701551,0.881076555513241,0.000322677664269187,0.00325853255408664,1.1555243543517e-09,0.000152697352431333,0.109869834361492
5738,7316,4.02710751937677e-09,0.00427405863890108,0.962274003916558,4.82391533462959e-07,0.000140324745835768,6.80421401028575e-15,3.11194045980219e-09,0.0333111231681169
7187,3121,4.34964922599692e-07,0.00385953102185868,0.881912454083053,1.07975483962463e-07,9.26471809542942e-06,8.95013828471738e-16,0.00333707464081205,0.110881132595773
3396,7075,3.05573872857276e-05,0.00836530999188224,0.836296053707229,0.000553811123843925,0.0233699219297874,1.78256162781712e-10,0.0159151123191907,0.115469233362525
7183,10314,5.22106598995261e-05,0.00697900185019111,0.885184254518056,0.00094718033653739,0.0316487751197284,9.43246117125969e-06,0.000109259214435365,0.0750698858399813
9598,3722,0.0110437402459184,0.00232559875975904,0.86427792833269,2.64612199574806e-07,2.62064628940431e-05,2.47838872289033e-14,0.0195392037579562,0.102787057828558
4774,5398,2.58438726114716e-08,0.00639567154292402,0.82354540874739,1.79442454373758e-07,1.99826146649971e-05,1.47715356697312e-15,0.026488356276965,0.143550375531727
6288,8995,0.560158677213562,0.00744552599363407,0.362704421225578,0.000115297177059619,0.00189901140437405,1.9071205377345e-10,3.08605771003431e-06,0.0676739807373695
4359,10193,5.98275804970402e-07,0.00697509862098069,0.903870119843728,4.51864078905405e-07,0.000290872402861487,9.9498944275644e-13,0.00114763150452126,0.0877152274870297
8841,1683,1.0536723800362e-14,0.00218683470672079,0.84988120913862,9.01683871603986e-10,5.58237610293328e-07,1.55236350590485e-17,0.0430817794463565,0.104849617568998
8908,6598,0.0339020884153213,0.0203113694120576,0.878268533542878,3.36404861662781e-06,0.000133706553330407,3.21172805371922e-12,0.000292066248049949,0.0670888717765345
8839,6958,9.48658799671769e-14,0.00182626059851489,0.972824289597881,4.0993390657978e-09,2.67740170346867e-07,5.60952413937009e-19,2.06394662318475e-12,0.0253491779619361
5256,5758,0.000974735933622273,0.00831336199231633,0.854491820227125,6.65752943646961e-05,0.00274237597079644,2.03169459133646e-11,0.0297586398842601,0.103652490677198
6774,2402,1.77819606915915e-13,0.00313681924899402,0.874985186719007,1.413338159554e-08,5.24181845836603e-06,8.86745157915389e-19,7.06347154077172e-06,0.12186567460844
8495,4201,0.264017870379831,0.0344623908245276,0.595411393052384,1.85556238335486e-07,1.11661161460061e-05,2.9938107608428e-13,0.0113069114312904,0.0947900826392835
9873,5400,0.473836607365625,0.0276826277917517,0.401893567839327,7.57573646372475e-08,1.89697043980725e-06,4.10838561708229e-16,0.00972835827716273,0.0868568659983286
6565,6597,0.00788062628033056,0.00925053876770854,0.775978684155377,1.79301928810004e-05,0.00299600303047461,5.1431070572731e-11,0.0916395636839556,0.112236653837842
9113,10075,4.68833598729596e-06,0.0149526952835832,0.839188149634984,8.50672327933086e-07,4.5571598861482e-05,3.43774482497405e-12,0.024576387150034,0.121231657320785
7393,4919,0.384434735853341,0.0248037618508271,0.36559376796891,0.00104360616094767,0.0212337357421499,9.4600461225604e-06,0.0816499535267884,0.121230978850914
8424,9116,4.63109595043579e-19,0.00530355556720284,0.958210814046849,3.89227814633065e-12,3.52237867640819e-09,1.69900857826542e-22,1.84456520369845e-14,0.0364856268596592
9527,8157,2.95742654643387e-11,0.00639969047052135,0.84817698971607,2.66415895891103e-06,9.36156406002893e-05,3.52673611784861e-14,0.000324637904387632,0.145002402079853
4569,1681,3.52892401117334e-20,0.00252513754739475,0.904547256073417,1.30370536587135e-12,5.86954198337776e-10,5.53767368988596e-27,3.99444835937736e-06,0.0929236113425711
4086,4199,0.0474801843695212,0.00219870363010768,0.918468939636617,2.70129040075512e-09,1.47744392238277e-07,2.09677055324351e-18,6.19725466139604e-10,0.031852021298346
6980,3481,4.99420689728424e-07,0.0122824547389258,0.700077942692821,1.42926005149262e-05,0.00108831305849089,2.34466443942279e-11,0.12054548538839,0.165991012076721
3880,3120,0.00179903292446204,0.0170228023392874,0.514760899236123,5.81595304699828e-06,0.000180811114686106,7.91723570658256e-06,0.374241935376621,0.0919807858200671
7255,4919,0.422182373365494,0.0197244286225664,0.40175626985966,0.000151172396826377,0.00522309701030461,8.74596069886612e-08,0.0452866312985542,0.105675939986987
7737,5999,0.326270279467168,0.00409706347353021,0.625138094144255,5.76644495975660e-09,3.19015850153119e-07,1.28846843513329e-18,2.5239717530655e-08,0.0444942128930335
6495,9115,0.907129389146201,0.00318262442593692,0.0591386618212514,1.1968635370545e-06,1.65080048317146e-05,3.68925807603221e-14,4.45575675292408e-09,0.0305316152824486
4774,6836,1.78636258146935e-05,0.00969040553741147,0.81161137816843,2.47211302709178e-05,0.00235812854238355,1.8719148447063e-13,0.0174393641626185,0.158858138832883
4360,8035,1.99435706998159e-06,0.013597840417598,0.771137045490834,0.00056588877746805,0.0301601191756553,1.60243993181255e-10,0.0179738719733845,0.166563239647747
8220,4680,0.287303329863839,0.0053484818828941,0.634016198916029,1.17671442092322e-06,4.95199660784954e-05,1.40768680270316e-10,0.0016906084872067,0.0715906840287631
8770,5879,0.140854008738764,0.00828778430963807,0.774809263037819,2.6062907740417e-08,1.4788794374222e-06,5.36618535001675e-18,0.000328390576411686,0.0757190483950213
5670,6237,0.0117188960639063,0.00293785440003789,0.923240508823176,5.06225766516428e-08,5.67781675177087e-06,1.5968820746738e-16,1.30410305260917e-07,0.0620968818632456
8424,9356,1.98656033791005e-12,0.0135847347177749,0.922752312883448,5.89250260531240e-10,7.31785556957194e-08,2.37042479747678e-18,1.05816126106166e-08,0.0636628680473725
6081,10074,0.278356590119095,0.0136701825923749,0.564064298528816,0.00453007671739986,0.0537601254821499,1.04734608331928e-08,0.000194536885621747,0.0854241792010813
5807,5998,0.0318097332927248,0.00341828216737765,0.910459683405524,1.23243653693517e-07,8.90990178815337e-06,2.14623483269713e-16,2.09175923081175e-06,0.054301176229701
5117,9354,0.000227923866661031,0.021395539544587,0.689684551621036,0.00461283597266714,0.125008951437368,7.75889145780176e-08,0.0539200266754482,0.105150093293318
6770,10314,0.269908750567724,0.0142681316093022,0.620388809150635,5.08329543304593e-06,0.000575293433939542,4.20596852322044e-11,0.000992163892100365,0.0938617680088055
4016,6956,9.65165914149395e-11,0.00437369672812965,0.768675966961037,1.52017765968273e-07,3.35952406097691e-05,3.17933353190482e-11,0.129039146422523,0.0978774425016254
6633,8156,0.235407763673889,0.00709861801620129,0.696997203350401,4.65836071764379e-07,5.50899349977499e-05,9.82709961582702e-12,8.11196692801018e-05,0.0603597395093322
7391,8276,0.282946489561239,0.00304063665140124,0.5963125372227,8.44966923818425e-07,1.44522611134986e-05,2.91648550095766e-13,0.0375752748701982,0.0801097644661327
4912,4678,2.20521122304597e-05,0.0162926907957429,0.680226616534346,2.5505665450273e-05,0.000266875158288432,1.240629349152e-10,0.18011102243584,0.123055237174039
4637,4199,0.00796308264919242,0.000601716848981675,0.851205711548747,1.19458565111663e-05,0.000206701952804347,1.80231414292088e-16,0.0054117634639765,0.134599077679787
5395,4799,2.82397903460385e-14,0.00977097073717819,0.728750858806783,2.01078093693035e-08,6.66120602660807e-07,2.62595318056606e-17,0.120117879889021,0.141359604338578
4292,4558,5.31279597048578e-15,0.00245796160220613,0.955440308560065,1.16426369430608e-08,1.65366429664909e-06,9.19858681808776e-19,3.45005974469795e-13,0.0421000645304445
8357,6119,2.11908587786131e-06,0.0219479513016056,0.417378521018752,1.39064788502616e-09,1.47412090757564e-07,1.45335821596522e-15,0.4444101167958,0.116261142995225
4566,9593,5.15866599944257e-09,0.0123410841626603,0.564866391185864,7.4117756305274e-07,0.000238648695059298,3.30795742722135e-11,0.290677574234301,0.131875555352807
9183,6119,0.387721015947317,0.0356756667863774,0.485575580432971,8.59086880508317e-06,0.000616256858696997,1.50969889987741e-09,0.00952687830225975,0.0808760092938735
6360,2401,8.71799636135161e-11,0.00367921350434163,0.808081813950929,1.45288798962392e-06,3.81946880311041e-05,1.36238648890269e-11,0.108277906471169,0.0799214183967357
10149,4441,0.404777834447234,0.0705835161828019,0.356745612327279,2.40165427946856e-05,0.00110356422920391,2.44602279026589e-11,0.0598265109783653,0.106938945267861
9389,7678,5.57883301789988e-11,0.00763773426738383,0.869150626651005,6.74036388731158e-06,0.000395190385003935,2.86348356293131e-13,1.1187092057812e-06,0.12280858956744
8221,2522,9.65461103532298e-15,0.00346109058496447,0.899029496591094,6.05077599734206e-09,6.78216838896353e-07,4.27486192742301e-14,0.0349947114741148,0.0625140170821591
8493,9475,0.00615968354560219,0.0520022125317803,0.800905979760159,8.62145630089815e-07,2.78145582150448e-05,4.29177575519019e-14,0.000800456126832194,0.140102991331738
6290,4679,8.70696371214408e-12,0.00548548669149041,0.812782417462109,1.63003277604431e-07,2.72865514102589e-05,7.78978096567839e-15,0.0270702693889185,0.15463437689408
3534,6116,4.86577945604623e-10,0.00754139860955148,0.751259323593985,2.35454788986575e-06,0.000170617380963786,1.2450488655165e-13,0.0501346682061721,0.190891637174736
3605,2160,0.531006934705026,0.00529154693963844,0.410814626766026,4.11065240331782e-08,4.44287778355665e-06,5.98551572686364e-16,7.76482941110476e-05,0.0528047593108898
7875,4320,0.165288458744587,0.0562760465132455,0.554675870318718,8.12465783853844e-05,0.00226360698660398,4.98183283735708e-08,0.127364368554434,0.0940503524856975
5875,8515,1.94125126983248e-09,0.0153231235231067,0.58200018238994,4.30978039756591e-07,0.000169491562001833,3.61868782728954e-13,0.241100920346535,0.161405849258764
8493,9236,2.84272730258572e-10,0.0238531884219244,0.887235306971132,2.44853351772333e-08,3.57511119609109e-06,4.52839679265386e-15,0.000186428499799756,0.0887214762263349
7876,3601,1.2461467834449e-14,0.00273374160705191,0.935652046582348,7.48073527507755e-10,3.39465806344371e-07,2.0572862223352e-16,0.00116679535643606,0.0604470762402719
3741,4318,0.357638028930393,0.00193786676338059,0.628259578808228,2.53052863692677e-09,9.90628576507662e-08,2.08084606072384e-19,6.09222430900019e-12,0.0121644238985204
5461,10193,8.02999959646556e-06,0.0154122718493182,0.744014260562378,0.00321373791182461,0.138186932616067,8.54217930903843e-08,0.00629008676656305,0.09287459487246
9527,8397,1.62528268341516e-09,0.0550049737650988,0.287229716468477,3.00098719480898e-08,4.36944921474086e-06,1.18053633240774e-08,0.562345546300792,0.0954153505758995
7392,6598,0.000239093592334057,0.00349561015304506,0.8516656385221,2.05961837016419e-08,4.19620164908788e-06,1.83692822618945e-17,0.0746414256991775,0.0699540152355107
4223,6356,3.86285311039983e-09,0.0103396671639963,0.812732864858627,8.39206337713757e-06,0.000677450851835221,9.19196760765804e-14,0.00261370574808601,0.173627915451133
8975,9116,1.84745638991448e-10,0.0146797889573611,0.907530977027633,2.08443415901898e-06,1.57463034411285e-05,5.47766259554867e-13,1.00495760576324e-07,0.077771302596352
3190,4318,0.00537338320878499,0.0026061561551203,0.935341443902485,1.90892482927442e-06,0.000279120054494512,4.45027282250038e-11,2.97228051024732e-07,0.0563976904817326
7942,8516,1.31511379410919e-07,0.00810035121875738,0.934331411049673,5.66276401575859e-09,1.33970945977059e-06,1.12822596743546e-18,5.06358276758628e-09,0.0575667557843841
9805,3362,3.32661244855941e-06,0.00191287859895725,0.900544338490782,2.52757760588465e-07,2.39954002467896e-05,7.44556154152237e-16,0.00145725529975687,0.0960579528400472
3740,7675,7.05149425911328e-06,0.00618517886320653,0.869802490484506,0.000144835826269082,0.0100817216389297,2.11398588964349e-09,0.0232718797964363,0.0905068397824076
4015,8155,1.28287223451938e-05,0.00675209675914019,0.896299323270802,0.000218594157578101,0.0167756397356964,3.46092858346361e-06,0.0011432324319731,0.0787948239938813
6082,7436,1.24264491243577e-07,0.00297466887634764,0.947059686080082,2.33228755537173e-06,0.000400467737685748,1.38172315297208e-13,2.21211691789778e-05,0.0495405995845207
3466,2880,3.60211866872101e-06,0.00377325662204574,0.899420362490287,5.53230887750417e-09,6.25964096801455e-07,2.8708058915029e-20,0.0186335465850278,0.0781686006875646
9045,6599,4.89508501264144e-08,0.0125356653819132,0.924511621358816,4.55113823597564e-08,2.50964417948247e-06,2.09528788236158e-17,4.65664653261915e-05,0.0629035426875321
7875,4800,3.28031332303827e-15,0.00258378762557074,0.973822157586372,2.58090282733929e-11,1.40998251625904e-08,2.21531888962502e-21,3.24462829523928e-10,0.023594040337957
8148,10075,4.48984092106688e-10,0.0163692782811313,0.912112573700768,1.06229955922428e-08,1.56012743249044e-07,1.36074708942585e-18,9.94316085158102e-09,0.0715179709902172
9667,3602,0.0147584126570805,0.0138850614558794,0.841633717727961,5.99421140571431e-06,0.000793495679914432,1.03587286543516e-08,0.0280480040834793,0.100875303825551
6774,1682,7.7159197604462e-15,0.00250664809618562,0.912314696499308,1.48417153922177e-08,2.54842337664826e-06,1.90301898876892e-19,4.87163317118399e-09,0.0851760872677737
5877,4679,2.89939213094345e-12,0.00252658587170657,0.702014399864093,8.57938848478823e-08,2.62173084577303e-06,1.86029939630404e-15,0.100151343542998,0.195304963193571
5258,1682,8.41501481654567e-07,0.00332943801612042,0.875390217742742,4.32041841576397e-08,1.06974148746923e-05,2.34948841371746e-13,0.0192634917120487,0.102005270408313
5670,5998,0.202701149195922,0.00419118580896047,0.691356757379637,3.37948111435965e-06,0.000131264173589046,5.05904855231568e-13,3.390497085507e-08,0.1016162300553
9321,6119,2.97195326515217e-05,0.00846516104371244,0.899953094192589,5.11767365860798e-09,2.05956754085895e-07,3.33411647901497e-21,0.00114670458094334,0.0904051095756763
4844,3120,3.07673714841275e-22,0.00113644404842558,0.955790968114606,7.41932828162527e-13,1.02871647435023e-09,2.76753265977101e-25,2.49561730600215e-06,0.0430700911902041
6496,5998,0.118115162946021,0.010625076631718,0.737872441444805,7.07768814005904e-07,2.13377445999578e-05,1.57278650245863e-15,0.0324711128709354,0.100894160593105
5464,3959,1.25085999820899e-13,0.00107669379225893,0.88582614664561,2.1516225139926e-10,2.43626250115432e-08,3.46290543344434e-21,0.000912446613294885,0.112184688370924
4912,5398,9.82929678299502e-10,0.00744614946085986,0.721346803819588,6.73290602123616e-08,1.8788718744989e-05,5.02982452527532e-14,0.125468650697151,0.145719538991616
9114,7198,3.40491181200096e-15,0.00429885369868339,0.954081497032658,3.47394732592323e-08,1.98178055385704e-06,5.92031140667279e-17,1.10631511061851e-12,0.0416176327475218
5602,4439,2.30905478259981e-11,0.00607557578925029,0.793594942800732,3.49135557347139e-07,1.29306338285143e-05,3.80316695316353e-17,0.0430312195383956,0.157284982079146
5324,8515,1.65540646484504e-05,0.0185795054702385,0.679854416540466,0.00134991109713029,0.0597094453237225,1.01226595449914e-06,0.106709680037732,0.133779475200107
5944,9354,0.338895266490777,0.0128915275700383,0.386169689630996,0.0155448231136987,0.134734754416225,1.33970267276811e-05,0.0146786083740873,0.0970719333774499
4429,6476,1.216959499648e-10,0.00570078940629637,0.906794384679521,2.07532725387249e-06,0.000409771790519544,1.00752661474208e-15,5.12984274524355e-06,0.0870878488319672
5257,3600,3.79562973482189e-16,0.00562816385638733,0.818782269561774,5.53108703096302e-10,9.25548054969221e-08,1.50690155767569e-17,0.0477628540646657,0.127826619409258
9526,9356,1.7951272129457e-05,0.0429293900006398,0.850496457010944,3.12757072459426e-07,4.63061626107821e-06,1.3218901041199e-15,0.0134358240703139,0.0931154342726382
5809,3120,1.17251888158195e-09,0.00315354207363568,0.780442657220532,9.04661956615712e-10,5.81828403728523e-08,6.38853239650928e-21,0.0474693430630281,0.168934397382783
7666,10194,5.48046854158446e-05,0.0864279208578288,0.770396722032163,2.20126906598834e-05,0.000107167719308562,2.44361841078502e-11,0.0126700653297331,0.130321306660455
8219,5160,0.432981513038229,0.0155065753925512,0.466640408050944,4.21436338155759e-07,1.30381674212952e-05,2.42249005482993e-14,0.000327551627005166,0.0845304922874864
5669,8395,4.45146789035067e-08,0.0130433906777789,0.806672050022127,0.000130136096213915,0.0156419904332116,1.24036712710097e-07,0.0627658728282553,0.101746391391022
8014,1923,8.56778227096058e-10,0.00510091770778591,0.687466710194274,2.41256031486232e-06,0.000505070694490619,1.71356396741592e-11,0.182719371349701,0.12420551661952
5462,7076,1.33482205816143e-07,0.0075640176612616,0.810898764803393,3.24154154357399e-05,0.00330491245911156,1.10062633068257e-10,0.0106567907521234,0.167542965316406
5943,10553,0.102888613504165,0.00632345552190321,0.789489840221235,0.000333034550589624,0.0225650533655264,7.89977627587718e-11,0.000270277680654653,0.0781297250769279
7252,9954,3.55791529738096e-11,0.00543810741771918,0.878701119537841,1.02252629949995e-06,0.00023641861253623,9.24552681012453e-14,0.0232370195040348,0.0923863123658971
6496,7916,0.0994347219163013,0.00980161871731797,0.795769691474087,9.64066732124945e-06,0.000807546827952338,4.61555174492819e-13,0.00322914670275873,0.0909476336937997
6979,6118,0.106502427028968,0.0111904281255672,0.814716924474928,2.12197723081018e-06,0.000136128102150224,3.25767219642664e-13,0.00405596266708395,0.063396007623746
8289,2642,8.71936554190529e-23,0.00103074514500997,0.986844843967512,2.23464930903303e-13,2.58519775550051e-10,1.42299790560559e-27,2.99880350550148e-15,0.012124410628732
4706,5038,9.80289095290704e-10,0.0244650119074865,0.678581825393159,9.64973344615653e-07,5.3724387528799e-05,8.72216149032763e-15,0.107902905933376,0.188995566424807
3535,3719,0.400214622588352,0.00301920747018062,0.525751728077297,3.48256243459792e-08,1.96245111063537e-06,8.49631583743908e-15,2.26103280428997e-08,0.0710124219770981
7873,8636,8.71801650727501e-10,0.00309948174508992,0.92833586520676,1.60893823521716e-07,9.13374514109209e-06,1.94620914186641e-16,1.28614703539048e-07,0.0685552289226802
6909,7676,3.6362694455617e-06,0.0123760884601979,0.806233702250736,1.14647230838874e-05,0.000708499707918614,3.63651598918135e-12,0.0465224654145356,0.134144143170446
9803,7918,2.5878028990846e-18,0.00343576880214767,0.939720946581045,6.65220698660955e-10,1.03844240011926e-07,2.67952090450944e-22,2.62615706651397e-12,0.0568431801047204
8496,2762,5.96203661128804e-14,0.00189772273639934,0.967873381133182,1.90492242653876e-10,4.76956875140431e-08,1.21140338998345e-20,1.13509632954091e-06,0.0302277131478502
8839,5280,0.520174375614916,0.0286620623414824,0.386746275244774,1.38798507215428e-07,3.88654200704908e-06,4.70667548038009e-16,0.000561690735051289,0.0638515707232613
6428,5638,8.31572515164664e-13,0.00428874111059516,0.912440617342073,1.72408885368864e-07,1.148722688884e-05,9.43289018777072e-18,0.000138178827891728,0.0831208030828338
5737,9474,0.44788644798018,0.0145332975012894,0.42978276703192,0.000534518946668235,0.0107043361477671,3.47932743464637e-10,0.0165788341330549,0.0799797979111869
10080,4801,0.380816581084351,0.022271487788345,0.506052098741565,3.17574797731643e-07,1.35983826550894e-05,2.00206025983215e-14,0.017985828108268,0.0728600883199982
9597,6599,5.57052192403002e-10,0.00450613923977827,0.957100211274805,7.71862341158502e-08,3.02013129436616e-06,1.43270424517966e-15,9.6207368678057e-06,0.0383809308739667
8769,8517,1.03232907717862e-09,0.00782410961100634,0.907665790497555,2.42400349283685e-08,1.82508737582603e-06,1.06756802672626e-18,0.000268347721687545,0.0842399018100112
9941,6959,1.10840839371439e-15,0.00437094953010619,0.851872529486797,2.01576280166984e-09,1.2566688828977e-07,1.22842720347476e-19,0.0498353381458294,0.0939210551546156
8290,2402,1.30101111580962e-19,0.0015538028892727,0.954989667669734,1.69394819356922e-11,1.12367423310011e-08,9.8073589252633e-22,3.84960541113658e-06,0.0434526685819002
7050,1922,2.65053987166883e-09,0.00731425473405855,0.649242406695382,1.87297803767586e-05,0.00310100811887931,5.78094633116314e-12,0.151911549100057,0.188412048914926
9596,7078,2.24002218302854e-14,0.00395376551771451,0.908399344786976,4.50024668254149e-08,4.14133617885709e-06,4.99723794391563e-16,0.00010581031691648,0.087536893039724
8632,7318,4.52521186480403e-16,0.00345966961430201,0.950708167617492,1.80762423763113e-08,1.02974748427772e-06,2.57365128224766e-19,2.34556591101838e-09,0.0458311125989125
3397,3719,0.197917198957885,0.00939689780809811,0.711563619260284,4.22377445595591e-05,0.00182987581765596,9.41684502213e-12,3.91456612227017e-05,0.0792110247408782
6428,4200,4.50651764125905e-07,0.0110178080909137,0.736331376814191,1.82246473078983e-05,0.00189020930667599,1.20328194006096e-12,0.0502608029139409,0.200481127574003
6221,5279,1.46595951336279e-14,0.00542078768794456,0.920571897113333,2.30902844751675e-07,1.47741088843105e-05,1.42727577045618e-16,1.58000371342687e-08,0.0739922943869416
3604,3119,0.618918176051714,0.0048224248273783,0.330568472846353,1.06562457114978e-08,5.40306854190633e-07,5.85494178258011e-17,5.64393858561119e-06,0.045684731372869
6152,6357,0.1805372609186,0.00212831059877413,0.783060492754858,1.35393827484245e-09,1.18786950204124e-07,6.12522691495723e-20,4.72789029798209e-10,0.0342738151140902
7528,9715,4.5366358691359e-09,0.0147638247072577,0.847072866806432,3.1839413253026e-06,5.00828688382547e-05,3.15921377059289e-13,0.021946223711275,0.11616381342792
8288,5279,0.431690271452454,0.00723727859663628,0.501823862824931,9.0855264050814e-08,4.76189274830194e-06,5.06276966720832e-15,0.000856864673661465,0.0583868697043002
9736,2283,3.66046748388766e-16,0.00295113416108276,0.960167778731674,1.20531362264345e-09,2.27827253875656e-07,3.0967984422146e-21,3.94121006858335e-07,0.0368804639536687
10216,8158,3.32733835162862e-15,0.00386619954200007,0.9319392555395,4.70451421526388e-09,5.79012237413272e-07,3.29846887463096e-18,3.29291160140661e-10,0.0641939608724542
8081,6598,7.44126475257953e-08,0.00657508284438877,0.919877238128969,4.84525279261056e-07,1.14665814347365e-05,2.44400499369778e-15,8.94617903850432e-07,0.0735347588893741
8702,4081,0.189455568042906,0.0207251857142004,0.675694662613114,1.84402196362011e-06,0.000124656341598085,2.77522126553657e-10,0.0248689300489897,0.0891291529397069
9185,2762,1.33324864473971e-15,0.0033840941851282,0.954776668794315,3.36684485018272e-09,4.17508620911126e-07,2.33488396364062e-19,3.18616347067492e-07,0.0418384975287428
7666,10434,3.31842163158817e-08,0.0656961888072764,0.730238111432398,1.45633702874434e-06,9.17769917319493e-05,1.07749836954818e-10,0.0376593910786271,0.166313042060972
7875,4560,4.91440848733637e-06,0.00352034642861692,0.923366069355187,2.29615690822285e-09,7.28758226556386e-07,3.95735039135479e-19,0.00191323611652628,0.071194702636799
5875,8995,0.113743869910062,0.0124736623623677,0.679778870842535,0.00316058996026714,0.0872727438703817,3.64216684027955e-07,0.00695036364210512,0.0966195351955983
8013,3601,3.99554625256022e-12,0.00277747013354506,0.912666256474092,3.00431332458574e-09,1.15227423556312e-06,2.69932485063765e-15,0.0283594901520055,0.0561956279578104
3947,5637,1.01827092316252e-10,0.00953833629475435,0.684080017827543,9.73089769305975e-07,9.95843645084776e-05,3.30440412131035e-13,0.112009412257177,0.194271676064089
4843,6477,7.31742310231902e-10,0.0033239865468463,0.926229357799215,6.46785214786326e-08,2.75482296361089e-05,9.45204122281312e-16,8.63773154363344e-08,0.0704189556367224
5049,7316,1.04920799778119e-05,0.0308919655491565,0.480263029249445,1.36282536882962e-05,0.00124125056738613,3.61585444046821e-08,0.201613958694774,0.285965639447027
9115,5040,0.163391636277135,0.00958701536131427,0.523080839122588,1.54603999458341e-06,0.000120444785533732,6.51509970180864e-16,0.0495716897985342,0.2542468286149
4362,2520,5.51374708506011e-06,0.00543563115184864,0.878348116861027,2.00547746842952e-09,5.74945851422389e-07,1.69198182589501e-20,0.0612357948643788,0.0549743664243317
4085,6117,9.95027371858399e-06,0.0156533031304265,0.72393158721416,0.00109555126280618,0.0649369735586306,7.27127461860886e-09,0.0513713120122306,0.143001315276753
4428,9354,2.61009110406664e-08,0.0111886709057037,0.867466000381156,0.00116802771602939,0.0476477692143637,6.92491635873754e-09,6.60640554165304e-06,0.0725228923513785
7528,10194,1.34366191525064e-09,0.0107829463830003,0.899823206289194,6.61646161682349e-07,1.46747278926512e-05,1.0318335125525e-13,0.000224049270003693,0.0891544603399822
9254,2403,3.92211326716373e-16,0.00255598507985471,0.962043640622102,1.96975507287831e-09,3.92290490244396e-07,1.14342499757003e-18,4.68869141790829e-06,0.0353952913463793
9530,2643,2.70608316012551e-18,0.0020730085589911,0.96486285618213,4.13618034610791e-11,1.67771770359167e-08,2.14911611804716e-24,4.71309690082781e-10,0.0330641179690303
4290,9833,2.98511363804912e-05,0.0311574914637701,0.857792635552345,1.83992472438711e-05,0.0039063139519768,5.59015974612615e-10,0.0167624855364563,0.0903328225528113
6150,10433,0.000417480781243788,0.00712983890695401,0.855986627025752,0.00276321468832807,0.0550128533165838,2.60062557148051e-09,0.0108677495127092,0.0678222331678034
5806,9594,0.362855874317897,0.0142027299922928,0.444642842172533,0.00537628028426018,0.0738996038229176,0.000163663578407518,0.00600693111527682,0.0928520747164147
7049,4080,1.20249794908955e-06,0.00844367837932804,0.669126429375449,0.000350318931528682,0.0101786538934377,1.72493684309526e-08,0.0923616049421089,0.21953809473083
8355,9475,3.02069483192247e-10,0.0191664584430261,0.943100973739599,1.67278745812466e-09,7.42389378842855e-08,7.01560023347234e-21,9.22905619073194e-12,0.0377324915943514
7256,3001,2.89743488220112e-06,0.00299121255061596,0.870566368295936,4.42240437651285e-07,4.86132090685442e-05,5.42651528116973e-16,0.00259477282831783,0.123795693440741
6083,5278,5.33520339511986e-10,0.00907911504861183,0.856114540110734,7.0875519146465e-05,0.000921133118159991,3.60810726745542e-14,1.33195555846339e-05,0.133801016114207
3328,5037,3.51480630034180e-11,0.00379435746012239,0.687455302617707,4.46038633688313e-08,7.22751237122762e-06,5.76840295486306e-19,0.136106529165801,0.172636538604987
5876,7077,3.3881402673903e-13,0.00277157048003772,0.866853619887585,2.73829264637989e-09,1.17869549936174e-06,7.48782185373222e-19,0.0275913533811007,0.102782274817145
3122,3479,0.0439159561547769,0.00415169932834323,0.842721042213881,5.13858041850831e-06,0.000301596462131711,8.30150520308467e-15,0.000290846406809929,0.108613720853631
3742,3839,0.831832622221629,0.00309583410183727,0.162772310785465,3.06656517247473e-11,1.00047992240303e-09,6.96167775293456e-20,1.02906593938577e-13,0.00229923185982034
10008,9956,0.174325327495322,0.0401173231448288,0.616944029487727,1.76178902750482e-07,1.34478237885764e-05,4.50191942499959e-18,0.0475078649763763,0.121091830893055
7666,9235,3.42644359576153e-11,0.00871080017504633,0.88593934169393,2.84968015978952e-08,3.25322275791823e-06,1.91287971549792e-18,0.00815481551355411,0.0971917608636456
3329,2879,0.154498235990258,0.00310036779599308,0.704452797092148,8.0370536441767e-08,4.9220278246171e-06,7.68347075034931e-18,0.0236372833533521,0.114306313369888
4084,8994,6.62718109122323e-07,0.00453741907926574,0.932979951828263,1.54601275631456e-05,0.00240303460404752,1.00120996534199e-12,1.34185766390984e-06,0.0600621297840869
8977,5520,0.548670718825597,0.0437529727706307,0.288791824734465,4.54805535120076e-06,3.68664836847095e-05,8.17252037096866e-15,0.0334883980654403,0.0852546710648223
3877,7915,1.85873152506438e-05,0.0078902603444007,0.824118745491663,0.00046650472816581,0.0306391914731903,7.27080365581125e-10,0.0349792361230403,0.101887473797209
7598,8156,0.443767821986318,0.00821639178666862,0.448310321037484,8.23493968127671e-07,1.20599852420158e-05,1.6765074128486e-14,2.94669916664266e-06,0.099689635011136
6636,3361,3.35568248107422e-11,0.00791914687645685,0.730006724613028,1.48523995658358e-08,7.06101781463193e-06,1.47289124553662e-16,0.0617096872624033,0.20035736534434
6221,6238,0.340451066075036,0.0059321583794738,0.590104334287206,1.021112377996e-08,7.22195080296909e-07,1.95829640367031e-17,1.27823156978568e-07,0.0635115810289231
8082,3241,1.15643461302426e-16,0.00319930997457983,0.965459436938869,9.09657947338359e-11,5.36219199679852e-08,8.67782860729076e-21,1.00102349090055e-07,0.0313410992713167
6151,8995,0.44416976990004,0.0122108366555442,0.435313704236666,0.00255771855392704,0.0397682728632456,7.62020999930727e-09,8.38384950966733e-05,0.0658958516752698
8561,10075,4.24182784139556e-10,0.0401511025118568,0.874310343241132,2.24995918798867e-08,2.60591388128981e-07,2.089455289211e-18,4.06507667199464e-06,0.0855342056551769
7461,6238,2.22411704784385e-07,0.00303702651403607,0.955763737143096,8.25609878087843e-08,3.32795968035526e-06,1.43587441034476e-15,4.04314650743529e-06,0.0411915602639858
4498,6117,0.000857825836545593,0.00372918886529618,0.911540757721935,4.09268933453166e-06,0.000568981087539183,4.28262281617771e-13,1.39955510737214e-06,0.0832977542438143
7667,6598,0.20196015692722,0.00245462446664719,0.766339551179537,9.05834226758739e-09,4.70858564541045e-07,5.76130829469821e-18,6.61079923039402e-10,0.0292451868486088
3673,2520,0.1811038431026,0.00713004792855216,0.766054659481452,4.85669430286788e-08,5.11981014197418e-06,8.36650172612968e-17,0.000162212851026119,0.0455440682592849
4290,8874,3.73659632279475e-09,0.00643834354540262,0.853143888672279,0.000282276081887447,0.0458372341905726,2.8799131768958e-09,0.0034389317457088,0.0908593191476397
9321,7078,1.83663145563739e-09,0.00382252512860451,0.903725766028523,4.21507843671275e-06,8.06618513609007e-05,3.96505901941253e-14,5.02379531668954e-07,0.092366327696872
5255,9354,0.0334972359685905,0.00937305389148872,0.615195121524098,0.0142895451706977,0.181948253495252,1.15682406135385e-05,0.0335137317201898,0.112171489989069
5119,4798,1.91340776620258e-07,0.043215536528205,0.298203791246083,1.12752239778731e-06,5.98526059867266e-05,7.72572532977571e-09,0.421585410190674,0.236934082840151
4704,8634,0.221056888082991,0.0083101820988995,0.649268446858655,0.0027081817625128,0.05367981843883,7.86858007348958e-08,0.000177430790548679,0.0647989732817619
8355,8516,1.63147551865696e-12,0.00383898927656861,0.919806093832166,8.83946318790832e-11,1.95819087910583e-08,1.89714935964127e-23,7.07243426209661e-11,0.0763548971486058
8565,3122,4.64818443393311e-14,0.00486910146161063,0.970834880213726,4.83521842877443e-12,3.16269996431325e-09,1.21506569116042e-23,2.53939722705383e-09,0.0242960126176841
5530,9834,0.000759117659265647,0.011966125520704,0.824826968835063,0.00173094714297141,0.0921809171557899,2.96358038885864e-08,0.00352522635343131,0.0650106676969703
6564,9235,0.806543141994778,0.0110749761006896,0.152017737661641,2.18973148733934e-08,1.16416272367036e-06,9.47044395350316e-17,1.7845455266701e-07,0.0303627797282992
3740,7195,1.45937059678652e-06,0.00632989531773203,0.775197992067459,0.000565549003582863,0.0375112824692614,2.87131106963592e-09,0.0262012792972101,0.154192539602846
9874,3722,0.201533619789269,0.0243482183176685,0.643355425399148,7.5638786619802e-07,7.26129183881513e-05,6.21230682499904e-14,0.0113936707748238,0.119295696412775
7667,8276,0.393509696625173,0.00603842434490877,0.503862792880719,4.76643771168146e-07,2.26433051915891e-05,1.51099944693834e-14,0.000583442039659788,0.0959825241605619
7461,6718,7.84850546499149e-05,0.00278943547704159,0.905455452716977,5.81982673857598e-10,1.70389863179949e-07,1.72165235474291e-20,0.0478315859308893,0.0438448698485958
9323,2762,3.09569463662731e-17,0.0029385350054214,0.950652084226423,4.52477603671974e-11,1.17115702382329e-08,5.9202130943448e-22,1.7684707764934e-11,0.0464093689936525
5461,9234,0.247887694773847,0.0104302368210167,0.570553972705535,0.000406454147130285,0.0247392873049304,2.58226297238083e-09,0.0291854004015119,0.116796951263766
3259,3958,0.0784189294898075,0.00471319188996091,0.835025688611079,2.19820241490731e-05,0.000541562435743478,5.19618055912278e-11,2.34317808442807e-06,0.0812763023192137
6908,9115,0.668823951804873,0.00689297775086242,0.291920650753796,1.97495317456024e-05,0.000578635134290375,4.01945260687881e-12,4.14090121491052e-07,0.0317636209302918
5119,5518,1.43757121355473e-06,0.012000544786626,0.675060634962565,3.10263426761473e-07,5.51000314176257e-05,1.7123445771253e-13,0.137391950101985,0.175490022282595
6429,3001,1.10962349328627e-11,0.00249538821851255,0.833809909292088,2.46981220460092e-07,6.79091908787022e-06,1.40219420799377e-16,0.0357850288782288,0.127902635699766
8702,3601,0.183885587523835,0.013300613261661,0.723760352507966,2.84030577111238e-06,3.64693630081171e-05,1.01415910425124e-12,0.000807097670375212,0.0782070393663694
5739,5638,4.32237698540373e-07,0.0144159117807555,0.786410149160551,4.50174942719761e-07,3.35123392873296e-05,1.12187557457202e-16,0.025077070249855,0.17406247405691
5186,8035,0.000187906845712105,0.0163887506428095,0.726601391844331,0.00163432359469734,0.0677674776524733,1.26939264919858e-06,0.0537177581808776,0.13370112184645
4843,5757,0.207814076602704,0.00659699029770662,0.690986991539714,3.58690575511644e-06,0.00026504878397672,3.77838270207155e-15,2.55455261438311e-07,0.0943330504148779
3880,1921,0.163100425731567,0.00291832313269564,0.769871056524273,1.40381324099648e-08,2.11415302950792e-06,1.01820717968228e-18,2.32212234542638e-07,0.0641078342080681
4773,8754,0.0673533061597118,0.0109643993667576,0.794344353160654,0.00132011754014867,0.0531316537014959,4.27043462104443e-09,0.00189349756526602,0.0709926682355312
8151,4560,0.506650153370712,0.00693966416077744,0.43301980542186,1.43416234549658e-07,2.40253546934251e-06,2.63685008147819e-15,0.00044191075644533,0.0529459203384987
4774,5877,0.0720326905505043,0.00461653870787332,0.847574682092956,6.15070211339777e-06,0.000418979613239887,8.63311170000607e-12,1.9174560088288e-06,0.0753490408686709
8839,5040,0.379463924463242,0.0206226462578069,0.409435446784488,1.19511987382495e-06,5.18412788562998e-05,1.47449307681422e-14,0.0171378666077837,0.173287079487935
9389,8397,3.31468225626935e-10,0.0203703196391943,0.533318288531884,2.33297413546708e-08,2.56072562729911e-06,5.01468717605552e-12,0.314525930877268,0.131782876559801
4842,7436,0.00156985616849744,0.0170449239432675,0.700108064270614,0.0048688807327626,0.0767449489441359,0.000118231063230249,0.0328859358577822,0.166659159019711
7323,6718,0.00838660424448503,0.00371323786061194,0.821502022233193,2.52913073378494e-08,2.24806592510966e-06,2.14230269970393e-18,0.0932519977398981,0.0731438645645799
9392,2163,1.79528993981244e-10,0.0020976675938264,0.900465183217044,5.70569429404745e-06,0.000317843814492686,8.37360069161518e-08,0.00174725310799836,0.0953662626568082
4224,3959,0.0273500098183371,0.00624879000037292,0.838314241432978,2.05861967744927e-07,1.98809043096632e-05,2.39980949860159e-16,0.0167015834166904,0.111365288565344
5117,8395,2.39239530008902e-06,0.0128729292576668,0.695224257882082,0.00138428190927168,0.0833657000319968,3.33282165995827e-06,0.0544765764175731,0.152670529284449
4983,1921,4.77288854002637e-11,0.00737975277769322,0.841995949471172,8.09669733747653e-08,8.23843455653918e-06,2.4818114282041e-19,0.0352537834304017,0.115362194871475
9320,8277,6.24100291271799e-11,0.0120118056423456,0.846790137101399,1.11570046514533e-07,6.68854043022247e-06,6.4590897199117e-15,0.0242910077004616,0.1169002493829
8633,5160,0.428661908657507,0.0146767962211305,0.425196128467078,1.68458809858308e-06,6.97213001415254e-05,1.57293269905798e-09,0.000683701606455327,0.130710057586657
7394,2042,1.15303505654362e-13,0.00230071892774509,0.887430469725203,9.96150305866557e-08,1.74091407360053e-05,5.40573530394618e-18,5.50192869270397e-06,0.110245800662477
4016,5997,6.16059292987004e-06,0.0199541514870335,0.76381992348767,0.000300326358760307,0.0285584876025033,1.80755377982086e-09,0.0204462340057662,0.166914714657783
6290,5638,2.29415000305526e-09,0.00653684632246554,0.73611969393125,9.44880840185365e-08,5.78484262988628e-06,1.87192950308131e-15,0.161127430911688,0.0962101472097304
7876,2882,3.83231798792381e-12,0.00452132878471723,0.817197182568223,6.14406294580181e-07,8.67526826576768e-05,6.41462282371121e-15,0.0514438713516563,0.126750250202613
4018,2161,0.210637194717982,0.00686514804859332,0.720613552890035,3.05337344029247e-07,1.8184428854625e-05,3.31267806360743e-16,0.00267429407371746,0.0591913205034732
4084,7795,9.58143051315305e-06,0.0158624192685207,0.751414600495865,0.00169668493366016,0.060375788947376,3.65335696205525e-07,0.0245502109241079,0.146090348664261
8771,4920,0.524972519198013,0.00610224603406343,0.388500930399397,1.24263839581449e-07,1.33665524897476e-06,3.35263225879395e-16,0.00105968616741057,0.0793631572820273
5255,8635,1.8637642219696e-06,0.0220720298162351,0.615262511103019,0.00291035506654822,0.101650338982098,4.22589586419332e-06,0.102508191365004,0.155590484007009
4085,5158,3.46694021687631e-09,0.012819836726602,0.737295310598089,5.2928546739194e-05,0.00207074308732502,1.59514256584754e-09,0.0518569595833166,0.195904216395845
6704,4679,1.80427118056416e-09,0.0236089432294218,0.503333954759749,2.64451499140797e-08,4.73756171765074e-06,5.57048481110464e-18,0.187746530454957,0.285305805744734
9805,2403,6.8527532973666e-18,0.00257942955994933,0.961042089541748,4.14528681127477e-10,9.15481108507793e-08,6.22194353962603e-21,3.09628919199307e-08,0.036378357972771
8978,2642,1.49053656268307e-10,0.0086511143153951,0.878741588025673,2.66991535813112e-08,4.46082548739135e-06,4.15593869473029e-13,0.00896987645619272,0.103632933528629
4087,2280,0.144119329957499,0.0464052610328809,0.638543056342678,2.32546027644279e-06,0.000179655456017691,4.84499883594627e-13,0.0758560276428655,0.0948943441072979
9459,5400,0.306081582177716,0.0179980599612356,0.483763423850602,8.21940662572025e-06,8.30831335346367e-05,7.19724016819541e-13,0.020627477122365,0.171438154347202
7461,6478,0.0558354054970734,0.00401038225184368,0.858683534557778,6.15378220590904e-07,3.50405119225004e-05,1.31112557492174e-13,0.0108552670064862,0.070579754796545
6910,5519,0.000395943266237439,0.00424623201012747,0.920686436967624,2.2022113289079e-05,0.00140212324268768,2.55917333962786e-12,2.12941372120552e-06,0.0732451129837539
8632,7557,2.53251520259514e-13,0.00411726759665981,0.942012541342489,3.81181096784042e-07,1.0916380418544e-05,1.39097504573322e-15,3.8244957479591e-09,0.0538588896745858
4569,1921,1.44795229092076e-08,0.00745416721652665,0.852393567507389,5.46765903857344e-08,3.83011735408789e-06,8.35410381372117e-14,0.0355301146546809,0.104618251347852
5323,9953,1.72393076543054e-06,0.0156865758005207,0.781250559489243,0.00155511702283945,0.1163866682483,6.03653417137709e-07,0.00406949633568517,0.081049255519229
9528,5760,0.581301533687494,0.0649531191638944,0.225616236272348,1.51840178674206e-07,1.83676905631171e-06,3.16444055181361e-13,0.0385727619566044,0.0895543603101076
7184,8396,0.141733663548305,0.00398813348205964,0.789661550395453,1.19790429428756e-07,7.35021389579065e-06,1.36296833649681e-15,5.27112271593234e-05,0.0645564713426963
7942,8996,4.1758967751025e-10,0.0060617022339024,0.928829790923406,5.36353528267936e-08,2.98396848663771e-06,2.25336268193584e-16,6.20939490583049e-10,0.0651054682003228
7876,3121,1.44340680756079e-06,0.0122488116735523,0.423861789969594,8.21194165429857e-07,5.34073553987321e-05,2.02682942355336e-07,0.459077058424735,0.104756465292805
7117,5878,0.00831777214646992,0.00743008835878493,0.915208343128606,1.32770532977794e-06,0.000128426679071978,6.30013484093163e-13,0.00140554504536022,0.0675084969357471
4981,5518,0.00248145471503003,0.00944244662781382,0.748529828267791,0.000115164056276246,0.00428320157937389,1.42827223339295e-11,0.0545638552205364,0.180584049518896
6978,7796,0.000647851953366585,0.00632528106762442,0.833821250613784,4.98047120985664e-07,6.35541923004229e-05,1.08460246715182e-14,0.037789791327394,0.121351772798399
7048,4560,0.0205347635099467,0.00959979578180939,0.637961608510607,6.35439547422873e-05,0.00164679045773172,2.3153534272607e-11,0.119179951551736,0.211013546210273
4979,8874,2.23080879490134e-05,0.0106294040938312,0.648205601018595,0.00741396327484514,0.131482667230519,9.87958571975011e-05,0.0868897110232822,0.115257549413781
4497,9713,1.60517909008076e-08,0.010019333826438,0.825605249987364,0.000300562731060453,0.0290403882376934,1.89914536933583e-10,0.0212209278908215,0.113813521084917
7735,10314,3.07847135886711e-06,0.0372982212637433,0.849930035763325,2.35759902712523e-05,0.00016781824861037,9.01440402693548e-10,0.0115302059613047,0.101047063399946
8769,7797,2.89011088737861e-11,0.00914364170638867,0.939047873626492,3.44297177631653e-06,8.73057897618034e-05,5.39732222726657e-13,1.1875356122523e-08,0.0517177240007845
7117,5639,0.685567891053075,0.00410082426104508,0.257278257799791,3.31441828398833e-07,1.01183174361663e-05,3.15293951665373e-15,3.39298863360766e-09,0.0530425737338329
4290,10073,0.040840160594924,0.0070475851025429,0.842705002612418,2.43640371413046e-05,0.00166352061191075,6.0433849929926e-11,0.0100586547981422,0.0976607121824869
6426,8995,0.282193761027631,0.0110282019723288,0.641890514559582,0.000550354774535064,0.0121090851660187,1.7082953791401e-11,0.000155415830125603,0.0520726666526961
9527,7917,1.57017568399548e-11,0.0069808230539307,0.892241148354343,1.72514139843451e-05,0.000140226486871116,9.51971139782905e-13,3.93607383172532e-06,0.100616614600385
6910,5039,0.132816473130214,0.00611442478394604,0.731546191968422,3.57139435206929e-05,0.000614135675355126,3.12413226546388e-12,0.00141996365947337,0.127453096835945
6154,2761,2.99186653645113e-11,0.00654478053475214,0.840206066804105,2.10230902307752e-06,2.30835063859682e-05,2.0594832983224e-15,0.0350426390608333,0.11818132775498
3533,6836,2.72782368360849e-08,0.0141348936993896,0.781769603582253,0.000105664359299437,0.0168448559326529,2.68168822788611e-11,0.0352189015492516,0.151926053572099
9323,3002,6.47652962949727e-17,0.00196814803650068,0.975515450001639,2.24078800519044e-10,6.28108552601825e-08,2.54824427485428e-21,1.74050751525723e-12,0.0225163389251853
6770,9834,0.145265670312536,0.00344151514434649,0.795439493832167,2.83227504234219e-05,0.00167196088870326,1.25743022089328e-14,0.000571545088962343,0.0535814919828483
8012,5759,0.589349058278364,0.0522142653925142,0.278677655260241,9.7118634567704e-07,3.72425380737801e-06,1.80780215513143e-17,0.0106486430571727,0.0691056825715559
5117,9114,2.33590721266934e-06,0.0248244464846198,0.512689001496967,6.36034697721355e-05,0.0142714130584618,4.52264550860985e-05,0.31545088190295,0.13265309122493
8217,8996,1.81452136932508e-16,0.0110783979960312,0.924219515507091,1.06445176120905e-11,4.2806642382687e-09,3.37969323394661e-23,6.18123203343568e-13,0.0647020822049513
9392,3122,9.64928143397803e-11,0.00240862208759024,0.942842456465862,2.0988429102115e-08,1.11378163869129e-06,2.19884615029368e-17,0.00234073567280899,0.0524070509071781
7046,8875,0.378569957272082,0.00450372274997223,0.576725957479921,0.000177886948260662,0.00177300766365342,4.96167114386958e-11,2.71667221963774e-07,0.0382491961692722
7528,8995,0.00036415976250453,0.00310794956141762,0.915441156147019,4.30460099465556e-06,0.000543849865920573,1.7890207299941e-11,0.0111137377244058,0.0694248423198473
4154,6237,3.58049147891394e-09,0.00558344698011425,0.820943531193127,1.33544979677626e-06,0.00016336279751099,1.05051925361493e-11,0.0348042249528235,0.138504095035631
6426,10194,5.89302395524791e-08,0.00734465579961068,0.766157094864058,5.60373964364307e-05,0.00569917479259627,5.30650435495171e-11,0.110262697210183,0.110480280953811
4431,3360,6.99745964905583e-10,0.00398463735051243,0.863176058571788,3.37342686351348e-07,0.000102003113370962,7.12620431052781e-14,0.0563674596091095,0.0763695033127152
6705,3001,2.55702281834463e-07,0.0161006455110986,0.664285289214867,9.97219069288037e-05,0.00488910313416099,4.23367712837785e-12,0.0625940638241397,0.252030920702289
4153,7435,5.73283425342941e-05,0.0165003855035743,0.603244590292485,0.00460205779065472,0.147500386584934,1.41738150022392e-07,0.0526432998532265,0.175451809894441
7735,8636,0.0252163838688047,0.00992142650833516,0.824020152628854,5.02890502322795e-06,0.000375107221603896,4.18327833785214e-13,0.000522207183080603,0.139939693683881
6635,4080,6.30627670065134e-09,0.00645344192189554,0.708411608534051,9.97576070996714e-07,7.16887393190505e-05,9.1594174681473e-14,0.0848120100829304,0.200250246839364
3947,7555,5.34744719339235e-06,0.0159162468597872,0.784019452840367,0.000483048650084037,0.0284592331046483,1.75989403469996e-11,0.0165647862009186,0.154551884879402
5049,6597,3.51953572301842e-06,0.00758925011046372,0.745634338753642,1.77673151558506e-06,0.000184831288736202,1.60173606790979e-14,0.102064551257452,0.144521732322451
6429,3720,2.06721238824388e-10,0.0053768725536122,0.621675766362891,1.58514651169562e-09,1.73770271661888e-07,3.51153532829329e-18,0.220214347630533,0.152732837890824
3673,3239,0.559281031923624,0.00791439401163764,0.381427286556722,1.51063022522084e-08,1.14010540332031e-06,5.13109141088941e-16,0.00011534076911134,0.051260791527199
4431,2880,0.000983736441365789,0.00905095604507556,0.775692382033649,3.37600926671915e-07,2.51072448868269e-05,3.39702965708372e-17,0.0952146945952997,0.119032786038796
5806,8875,0.0305593239173116,0.00989323860070654,0.820616792896271,5.40412966815541e-05,0.0062803521041085,7.19544005473857e-12,0.0217003982765097,0.110895852901215
9254,2163,1.06340273372277e-13,0.00343102956154893,0.914665159294189,1.28066177541046e-09,3.38631715824121e-07,1.53892063462287e-17,0.000667624114889695,0.0812358471168887
3260,2760,0.0353397956622533,0.0112317426893685,0.796156650339504,5.26935752087246e-07,8.83324798423116e-05,1.67867760669682e-14,0.0541502715901108,0.103032680303152
4565,10073,1.49620817537043e-10,0.0107204382390738,0.894511851917907,3.27987580703661e-06,0.000891832845079975,7.0879187325278e-13,0.0194193044607907,0.0744532925110113
6428,4919,2.70896373260575e-08,0.00728383255214175,0.828923099330419,2.7667076632855e-06,0.00053598692044112,1.65834622457734e-13,0.0388653704022102,0.124388916997321
7048,4320,0.000211740202707047,0.018209889788901,0.616641841012851,0.000646145422332645,0.0193262832991427,1.43504676985473e-08,0.10206005556577,0.242904030357828
6771,8635,0.164280903295318,0.00288721927418457,0.782566051893083,9.04427455079473e-06,0.000219845402908328,2.95795209388514e-12,7.49332432238346e-10,0.0500369351076648
4222,8754,0.000694746549788586,0.00899458129936985,0.917720991704891,9.54482729688375e-05,0.00933483196116529,7.65061879408309e-12,1.15786092119305e-07,0.0631592844180738
7943,6358,6.23963160353038e-07,0.00476645678580096,0.944920931357591,1.40370306690811e-09,2.04491503319659e-07,4.36012304790377e-19,1.06124572524608e-05,0.0503011695409886
5809,3600,2.01285401929822e-14,0.0053321162004755,0.678255583230559,2.35336271578913e-09,1.74992238561894e-07,1.65818733115617e-18,0.125372480999492,0.191039642223852
4153,8155,0.000112106657602692,0.00731999561365386,0.776720621563584,0.000977880165960804,0.0276302980205373,1.44803262849445e-06,0.0949652444616272,0.0922724054844057
8010,9835,1.68460019941412e-08,0.119062633058099,0.771915365079904,5.43879583560021e-07,2.33879252813964e-05,5.94305837279154e-15,7.91059971701721e-05,0.108918947213954
5117,9833,6.05517448089356e-06,0.00960276257525299,0.725601117105171,0.00486162645436147,0.147257258289827,5.51506915625699e-06,0.0282166130628229,0.0844490522689274
9529,4081,0.000627226644007274,0.00784354829193813,0.837021649085372,7.16380566555875e-08,2.71581080337655e-06,1.32345469034805e-13,0.0304047161681526,0.124100072361538
3534,6596,3.09206012447663e-06,0.00650022607780204,0.799756815752543,1.2120118003939e-05,0.000678278553740153,3.23658560893083e-14,0.0436935950218249,0.149355872415929
6908,10074,0.252367911769429,0.0112148504264908,0.639380215455587,0.000119264718318836,0.00742980436444459,4.30604820883488e-10,0.00577416610566343,0.0837137867294617
8562,9356,0.000234003376601122,0.0135753465270146,0.888143162437304,3.75476123359266e-06,0.000261887852716303,4.43437567108932e-12,0.0043278327024686,0.0934540123382279
7186,5279,0.646495572201816,0.0111454870694237,0.277366241823851,1.84807540060353e-05,0.000273776753819089,1.36764979935239e-12,4.90601201333184e-05,0.0646513812755832
6636,1922,1.70857767599213e-10,0.0108701731155089,0.319640827995532,3.16618303048838e-07,2.08083846081449e-05,4.66475310946384e-11,0.418303320846046,0.251164552822497
3808,8274,0.385286647411064,0.0142822208008811,0.519953308558534,1.974205167159e-05,0.00222222306783725,2.8280324743902e-12,0.000344442534022098,0.0778914155731625
6635,5279,5.67934430372141e-09,0.00884921645882335,0.683012794200526,1.83223347495211e-07,4.6835764732144e-05,4.46561182980821e-15,0.104471417045973,0.20361954762725
5672,1682,2.95337346121374e-14,0.00274911121319972,0.885695651804236,4.60254594929857e-09,9.61481983176768e-07,1.04524838169229e-16,0.00899199909986581,0.10256227179814
7325,3121,4.83029459258091e-06,0.00470748630347945,0.739478340872435,8.00977777418635e-06,0.000292210986478192,7.10118681301905e-12,0.101306360034179,0.154202761723961
9252,6958,1.06110654264248e-09,0.00442079112435651,0.921070340637874,1.12727665232016e-05,0.000134484117629268,5.0086450622571e-12,0.000862144287609435,0.0735009659998927
5117,8874,9.2879993258177e-06,0.0283140895625345,0.471621367817916,0.000441579823393461,0.0447696919641451,0.00320769783013108,0.318226936350083,0.133409348652471
6358,7916,0.401365362030801,0.0147614216103297,0.460549094088819,2.97765090506244e-06,0.000126256229849467,2.413951257703e-14,0.0400633197270946,0.0831315686621779
7118,3720,1.10152615394291e-09,0.016093430917132,0.448717339714617,2.53593546705129e-07,3.92713226494319e-05,4.92777284075429e-12,0.329798650511307,0.205351052834294
6014,7077,7.75258276239752e-12,0.00268147303579039,0.955436514288706,6.03280811868545e-09,1.80542905021791e-06,1.25616902982684e-16,1.79226050376637e-07,0.041880021979842
9322,5160,0.294018582568689,0.00864695102187103,0.521244898255919,3.78306604828171e-06,0.000142367331086072,1.90081360806894e-12,0.0383180679139742,0.137625349840512
4086,3239,0.000448029184259882,0.00451592673265663,0.935077292509226,7.45477029162738e-10,8.51836796905668e-08,3.38173451734632e-20,0.00737760034181436,0.0525810653028868
3465,5277,1.31573141564777e-12,0.00681359614306025,0.762856319412968,2.14259398978837e-08,4.3383971299655e-06,8.13046862939246e-17,0.0241590139399988,0.206166710679587
4359,9953,2.63545258657433e-06,0.0124439742350231,0.829899743001367,0.000125145548402763,0.0265157270376753,3.67911829724107e-10,0.016315323009309,0.114697451347724
6774,1443,1.31702234379473e-15,0.00794938902172444,0.878940358186836,1.33757512726946e-08,3.16318370560072e-06,1.24753528951844e-20,3.42148559124531e-09,0.113107072810496
10009,8757,8.7934442655599e-12,0.0282347023434472,0.200714631754315,9.48559332981532e-09,8.82992768473836e-07,1.32342310596984e-09,0.645526826551358,0.125522945540302
7598,7437,5.34364812462839e-12,0.00452423574606571,0.965918382745711,7.73572053179691e-10,1.74531284232761e-07,3.57236874198559e-19,4.12947850578141e-08,0.0295571649032386
5740,3240,8.19871413293221e-11,0.00252647397445823,0.75968300254685,8.39118213479706e-09,5.13969677598604e-07,4.14630225383965e-17,0.0965213008900915,0.141268700145754
9320,8757,1.10877812724914e-17,0.0208769272417479,0.919910989781376,6.64073717571715e-11,7.55963585421596e-09,2.01998236051753e-21,9.18254390725426e-09,0.0592120661682885
6634,6238,0.211887155605572,0.00659226208857874,0.672899778939642,1.28888502224156e-06,6.60790977711074e-05,1.14594906891018e-16,0.00901074320354533,0.0995426921798686
7876,2402,3.57924338217049e-11,0.0100085422116063,0.616798546355383,1.10087479700072e-07,2.91468427821294e-05,4.08511646161435e-15,0.207252694147734,0.165910960319219
4290,9114,1.61416343101393e-10,0.0120860973365665,0.902394143127514,8.09608938452836e-05,0.020205065634802,3.49193910804112e-12,1.65797800496303e-06,0.0652320748643594
8769,8996,1.7914782211039e-05,0.0170495361273411,0.900527545098942,0.000103344175733121,0.00281122073852564,2.0681716595495e-09,0.00326139665023782,0.0762290403588375
7390,9954,5.2800771208827e-09,0.0129143545485189,0.878707905593287,6.66849817189442e-07,6.80613376086826e-05,2.18763595391548e-14,0.0178900556610129,0.0904189507296564
6494,10074,3.50807254244863e-07,0.00677001248936365,0.901134255363102,0.000152929637487589,0.0210473442466357,2.37520275529468e-10,0.000384882076737596,0.0705102251418994
3948,5158,4.58329256158375e-12,0.0113169156099564,0.616695859183278,1.08388451205871e-08,1.44266334898389e-06,3.06720825937235e-13,0.212147053130977,0.159838718568705
8703,2642,0.0121475317982642,0.0194683220736809,0.881676838680452,6.12458166503721e-08,2.53461077148022e-06,5.20910155588793e-16,0.000616564793505071,0.0860881467975093
8565,3362,2.71715103637089e-11,0.00592992036020736,0.94500485736997,1.03520735051591e-10,6.76517374047911e-08,5.3737839866611e-20,4.26961458861238e-05,0.0490224583415074
6839,10434,0.52229104186199,0.0116121439724417,0.41867423223259,1.24551240644622e-05,0.000445895631478522,1.02176941049111e-13,3.47194311191167e-06,0.0469607592342209
4773,7316,0.0220252076053761,0.0500608699545345,0.495007439137805,0.019737614903248,0.191675801822682,6.37815600778034e-05,0.0362962407058482,0.185133044310428
7529,7797,0.319621474708507,0.0306256869688386,0.582678088045261,5.29740902853137e-07,1.39362802435766e-05,1.65391985351224e-15,5.28462467430999e-06,0.0670549996315711
10080,3842,0.132301479141949,0.0114827269567482,0.785729690831832,3.13849348631596e-08,2.82825134496987e-06,3.05281740659929e-18,0.000219545218448751,0.0702636982147426
6015,4919,4.55067641963399e-14,0.00535601357093242,0.685879410556816,4.21192867731333e-09,2.70367503139566e-07,2.21613356719469e-18,0.13895602605289,0.169808275239884
8425,7437,5.75446095483321e-12,0.00892368916672944,0.913601912214163,9.14154320836312e-07,5.68716745732615e-05,2.93218438680077e-15,1.12332620280822e-07,0.0774165004518358
6151,7316,5.10585548833875e-13,0.00300737262143526,0.919467384548364,7.96962966678166e-09,3.17379370333514e-06,2.50351675268097e-17,2.00332954652543e-07,0.077521860733403
4153,7196,0.00124258469060981,0.0315114521232872,0.648314085802659,0.00228104486974803,0.0863051741092791,8.95289772545939e-08,0.0356824947122981,0.194663074163141
7945,3481,3.65612076581767e-17,0.00225220463106862,0.972664574221585,1.10602015141494e-10,3.97510688156015e-08,6.93312753862566e-20,4.02380136197837e-07,0.0250827789055393
9733,10195,0.187133404879555,0.0250341544680387,0.630312944473129,3.7592711981872e-05,0.00121700655799025,1.1225290601233e-08,0.0315637282087264,0.124701157475288
8495,5879,0.617425643023763,0.0253534890962206,0.311861195065036,2.81680524559731e-08,1.1548526180724e-06,9.86620336209984e-19,2.11689797018114e-07,0.0453582781045127
3879,3839,0.000416413230323964,0.0023824030492257,0.977235625833118,1.40714063353655e-10,2.89105431557507e-08,1.56292536550631e-22,5.99035756043391e-06,0.0199595384785148
8976,6718,2.98497316603736e-06,0.00350225482527936,0.941833903467959,6.12967626132109e-07,1.51254972471758e-05,1.95001725694085e-14,2.3478036005701e-09,0.0546451159208988
6220,7916,0.0148635588990882,0.0309469974680748,0.63263555949387,1.06600500903903e-05,0.00140090173402142,7.13821671679578e-10,0.15718237622369,0.162959945417344
6705,1562,2.42720262740768e-14,0.00391156311736382,0.877083972304054,8.58508185757664e-09,3.50037434885564e-06,2.42270579146958e-18,4.81450404714804e-06,0.11899614111508
4429,6716,1.33925687306484e-09,0.00459438039446347,0.865711013162673,6.3067310681872e-07,0.000208299387733743,6.43037356957621e-13,0.000154456128724164,0.129331218913399
7394,1563,1.01893825588114e-12,0.00298637311820336,0.784881436708043,1.68620614346435e-09,6.66074399455555e-07,5.32809568813624e-18,0.0904473890376198,0.121684133374509
7805,6598,1.38274299463058e-06,0.0055495471558275,0.786526835454785,1.37405372789276e-08,1.83175187831847e-06,6.53738648913794e-13,0.137637221307618,0.0702831678457053
9182,9955,0.000329754638901333,0.0224098872557419,0.790964131058813,5.05289287244291e-06,0.000190596756553135,1.22935302919588e-13,0.0410693874019794,0.145031189995016
10216,8637,4.57563932059633e-11,0.0129227492091974,0.723672289075587,4.31331199337285e-07,1.39845932217907e-05,2.63368083556979e-13,0.144141653099811,0.119248892644964
8425,6478,7.63476708698561e-08,0.00342685506755861,0.917352348841322,5.70180560508701e-09,4.69362561285786e-07,1.83510304984836e-19,8.77384636116712e-06,0.0792114708327209
9046,4920,0.183970576558801,0.0143389172302916,0.60612646640441,1.18784832822984e-07,8.98700608312239e-06,3.11237239630701e-15,0.000305214285625477,0.195249719729953
3397,4198,0.341381364503428,0.00288588153288321,0.572006079003371,3.64904263252115e-05,0.000699762807450088,1.61411547687324e-12,1.53477391186536e-05,0.0829750739858092
6843,2282,5.38775850262381e-15,0.00395730630918933,0.711738914523517,5.07566721489484e-10,7.0581661961104e-08,4.41918009596405e-21,0.193721283856748,0.0905824242213113
8425,6958,8.66872025987971e-12,0.00564572906280688,0.93486303099271,1.1436571188599e-06,5.72315819187136e-05,6.26376746111551e-13,1.56845509254121e-05,0.0594171801452248
5876,6118,9.95342275089723e-05,0.00386016211318171,0.861243373907233,5.19666326436684e-08,4.21407848534899e-06,9.40053271349298e-17,0.0108948779296999,0.123897785777258
5531,8155,8.66382319001682e-07,0.0121767836238701,0.802169580106688,0.000353023856673092,0.0409883304592226,1.17135138643338e-08,0.0298038807120116,0.114507523145702
5323,9714,0.0192659836651062,0.0173629230234072,0.711930561541103,0.00411757039670786,0.13492110425405,5.00458816584367e-09,0.0111299875447655,0.101271864570272
4568,3839,9.31861414738492e-13,0.00513662577923896,0.869494232818879,1.55018965484951e-08,1.32991183673341e-06,2.89341677421263e-23,3.01161571109077e-05,0.125337679830106
8082,4200,0.547979285154376,0.0984894774460852,0.252967360867444,7.46569500730515e-07,1.45015377813038e-05,4.10829927186398e-13,0.0174615000458774,0.0830871283785251
9116,2643,3.11503267231101e-11,0.00816533635246604,0.91977447230658,6.38854217820331e-07,4.60030844303754e-05,8.14799136300159e-13,0.00704276475071645,0.0649707846196243
7185,6478,0.00245745621004413,0.00295275878100448,0.953568382315678,7.91505274362462e-10,2.28006076937823e-07,4.16949674105461e-20,5.33658960671041e-07,0.0410206402367303
8493,8037,1.06648636110931e-12,0.00274784744923679,0.95455636765754,1.00777976134777e-09,5.92404072815411e-08,2.02165603727502e-19,3.26539081309995e-11,0.0426957246113155
6358,7197,7.28262582665354e-08,0.00403850915310611,0.872392535454254,2.62608323419308e-07,6.82636051114234e-05,5.11169095232968e-14,0.0488495981527197,0.074650758200176
6222,4080,7.11664922025777e-10,0.00540066403487278,0.770834445975198,2.86561424976084e-07,2.38902316000376e-05,1.20496671625235e-16,0.0234062478711839,0.200334464614055
4706,4079,2.73416804356024e-16,0.00686426282896937,0.895794830749206,2.09888651646719e-13,6.44161398370204e-10,2.94659243335455e-28,0.000179403011004966,0.0971615027664486
10077,9836,0.195734132393179,0.0682311525364913,0.578671464325681,1.63315837943708e-07,4.76628299159148e-06,2.24639760920479e-14,0.0810370871808417,0.0763212339649551
6705,2761,1.59090178562785e-14,0.00303293942211745,0.888741115287834,3.80087589815041e-09,1.80633044706219e-06,1.41515326147464e-19,1.84215852229552e-06,0.108222293000187
6770,10554,0.450481698288119,0.0244758929151934,0.460498858371907,0.00190904445062456,0.0211784954812114,5.78293770646204e-08,8.32751601760816e-05,0.0413726775033914
5463,5158,2.24146490595132e-10,0.0135028519680362,0.866356657047512,2.21909363109502e-05,0.000301747051185659,8.46606911641948e-12,0.00671542623273077,0.113101126531612
5671,3360,1.933861091015e-13,0.00379429869239023,0.758389650282141,5.30549121674565e-10,9.77221356460959e-08,1.58145763698031e-21,0.106553277394087,0.131262675378504
8010,10314,1.38648713411606e-12,0.0167984662180587,0.913987378262146,1.19619257918764e-08,1.70934806524964e-07,1.27951239625084e-17,9.89655264032559e-06,0.0692040760690358
7321,10314,8.80561578377391e-09,0.0136447104940923,0.900098427126959,4.75133819846795e-06,0.000226708382493531,3.80930018816235e-10,0.0193627137022943,0.0666626797694166
7738,4080,0.323430949671265,0.0320696546346303,0.390553705799331,0.00232305451669526,0.0212183785726437,9.78762566472614e-05,0.131668354952174,0.0986380255966137
9390,5280,0.235058464263735,0.0112269432555544,0.496353425069789,6.83670270629936e-07,9.79801042391893e-05,1.89446853018427e-14,0.0298008164212247,0.227461687215168
8080,8756,4.52183340476757e-12,0.00515950177332029,0.934415251351091,2.74426797864228e-08,9.83808359009067e-07,3.94180372510502e-16,3.01887668720616e-09,0.0604242326011507
4635,9474,1.16673398131547e-07,0.0151937683743361,0.758671178998292,0.000429214043881576,0.0426450582391004,6.61235135714693e-07,0.0749328056136284,0.108127196822228
3602,7915,0.17366682745016,0.00937314221161189,0.672901859052709,0.000848624916432645,0.0292331714952357,7.22809382330367e-09,0.00584054308883603,0.108135824556921
8630,10195,0.000137974397000419,0.0475566585200901,0.786505959073419,0.000699649158118715,0.00387275301265427,6.1737451630296e-09,0.00838479448125244,0.15284220518372
4913,3719,1.72549828558956e-17,0.00229362122620533,0.909351990585952,4.77032427801866e-12,2.49120314997174e-10,2.81526129374583e-24,5.0478457103783e-05,0.0883039094768485
6497,5758,5.77957241062857e-06,0.00342973402012469,0.91406302597268,2.44153719907064e-06,7.14843757672078e-05,7.50682397907865e-16,6.09719831684577e-06,0.0824214373235008
5806,8155,1.28540312387085e-09,0.00629480774950508,0.889933443713222,6.41040990044997e-06,0.00202910336383217,4.55880496011657e-12,0.0240061825042379,0.0777300509693408
9530,1923,7.63358670923135e-17,0.00211653759423955,0.939376393845992,1.91333206261957e-09,1.27243049823859e-07,2.81846518067605e-21,1.02315934214918e-08,0.0585069291717934
8424,9595,0.00350166092855853,0.0228905676702224,0.896653890874989,1.03698608130163e-06,1.84187423161261e-05,5.54317678352114e-14,1.84968577772145e-07,0.0769342398291996
9941,7438,1.72424135207379e-09,0.0134053433502514,0.788384069191008,2.00592449204488e-05,0.000351671464825195,2.65957504984996e-11,0.00471275619312285,0.193126098805035
5463,6117,0.127809160058963,0.00299096156133124,0.752229393964666,8.57988643730927e-08,1.3992912344059e-05,1.52551229146162e-14,1.21281414435303e-07,0.116956284422401
4291,6956,1.71203048187644e-07,0.011881449496718,0.794897376203209,9.59675406244966e-05,0.0144201308226868,7.22953190576578e-09,0.049234916261856,0.129469981242325
5600,7556,2.04048496183754e-07,0.0235174571734091,0.624379876768544,8.66759484978668e-06,0.00250368081727957,4.639600885244e-08,0.262098894779311,0.0874911724221009
4704,9354,3.95974496165839e-05,0.016134263408764,0.64705547821773,0.0067922332067009,0.176966342588085,6.08586086124866e-06,0.0522474238179423,0.1007585754503
6291,2521,1.39009569045723e-11,0.00295105297634024,0.776776444665453,7.03755377129462e-08,1.74680260986792e-06,2.59235842331139e-18,0.0867211474772337,0.133549537688925
8770,6119,0.522072625376958,0.0368017641016339,0.354022849844932,3.63487858987336e-06,9.13402826823774e-05,6.69454700727871e-13,0.00027063421037749,0.0867371513041567
9113,9835,2.51595278863467e-09,0.00813183696610689,0.908500844246212,7.51082137198133e-08,3.53552862946947e-06,1.11363952512252e-14,0.000407978823018616,0.0829557268118557
4085,6596,9.5561128805714e-11,0.00562005924717274,0.882019245888083,3.62660404159207e-07,8.67546723670686e-05,4.06052267597104e-15,0.00110251545914332,0.111171061977265
9251,9835,5.09238100898854e-10,0.0275794267498843,0.893023464256246,8.95593362475761e-09,1.33780778817854e-06,6.6232639140961e-16,0.00336701674386213,0.0760287449770469
6152,6837,3.59430533906955e-06,0.00311841857795293,0.950594335783389,2.47655083135128e-08,7.67204864923296e-06,1.16564366328527e-15,1.44504886765733e-07,0.0462758100142736
6288,8755,0.000700882712637403,0.00855596154899447,0.873050844777496,0.00156497304099258,0.0355904137036596,2.55379353169385e-08,0.000221265192726247,0.0803156334855581
5877,3960,7.32437116849729e-11,0.00442737038583552,0.819832958561288,1.56344299548874e-05,0.000116034661056196,1.03682334622645e-13,0.0570212176435504,0.118586784244967
6909,7437,0.0154098957877853,0.0123717292880431,0.822276541578025,1.70954710862095e-05,0.000732512693859057,2.61497303613522e-12,0.027481731626589,0.121710493551997
4707,1681,0.0121601071227408,0.00695270485952779,0.812069094498299,9.02695300690403e-06,2.85324364805481e-05,3.80267589239401e-13,0.0157352892502626,0.153045244879302
4707,2640,4.26689532652184e-07,0.00449887114336639,0.770826958328348,1.02042516703291e-09,7.31325462533479e-07,4.28689995730737e-20,0.0816580941780308,0.143014917314834
4293,3599,9.43644075916579e-07,0.00302270110938277,0.794279124402353,3.32479428583251e-08,4.16126667603479e-06,8.45168547262226e-17,0.0401098489109761,0.162583187418593
6980,4200,1.67608469766556e-07,0.0160188294895066,0.504493243899654,1.8156591630984e-06,0.000180987087743207,1.17605113736093e-13,0.211149150374155,0.268155805881191
7391,7557,1.16760264919581e-07,0.00244319393748392,0.974142271957289,4.87640769232862e-09,7.35963122131286e-07,3.37932905346799e-19,1.46282870048989e-10,0.0234136763591498
8149,7437,4.82062303970731e-09,0.00412518633313083,0.926652265371887,2.80938131605449e-06,3.08185166398501e-05,2.34359917134829e-14,8.78979218297333e-08,0.0691888276784582
8357,6358,1.10262434455945e-06,0.00438551807233608,0.949269847306634,9.90385919336693e-09,4.30323583673911e-07,9.69909129018904e-21,3.78186903010305e-06,0.0463393099002122
8838,8636,1.1711326235877e-09,0.00992379588935876,0.679326294390335,2.30804822315491e-07,1.39725307860949e-05,5.82128060496092e-12,0.208975957055564,0.10175974815218
10150,2044,1.74191630955249e-11,0.00500214683469542,0.950423761301063,6.66592831112544e-06,0.000441198267865588,2.6457221574352e-10,0.00274479378498684,0.0413814336010865
3603,5277,5.37615491052858e-07,0.0222369448330521,0.535403840904825,1.3530499921118e-06,0.000197365686098298,7.94581786232086e-09,0.228891427766147,0.213268522198577
5119,5278,5.25366620119742e-10,0.0306449231385349,0.103408838433641,7.27309648930012e-09,1.01586240729772e-07,7.44538477939465e-14,0.497129982595364,0.368816146447681
5393,8875,6.64030141229133e-06,0.0178597571122452,0.694511474536305,0.00443296548558657,0.106214830404426,6.5676537701912e-05,0.0740253087722034,0.10288334685012
6567,3001,8.09600783744531e-11,0.00496599269337831,0.754368221060808,1.30147308503426e-06,5.77699101010646e-05,1.23518815234825e-12,0.0667636498406087,0.173843064939823
3739,8634,0.00138599957148667,0.0135833329920928,0.863730877164063,0.00141272209424423,0.0375616473838233,2.2427212020162e-08,3.1668805823866e-06,0.0823222314864957
9873,4681,0.233596846902742,0.00490823399930505,0.656751027107824,3.70283739593359e-08,5.46240089295741e-06,1.59068017007964e-14,0.00177845278136165,0.102959939779485
5876,6837,1.3738490116968e-11,0.00224988119287179,0.882246825461036,3.56803568373045e-10,1.05116964336881e-07,2.05327525030056e-17,6.25261222672071e-07,0.115502562597363
5944,8635,0.228339181757566,0.00645834322169649,0.626791579862209,0.000923898109767284,0.0292663258430895,5.17687956096241e-08,0.0127172655637482,0.0955033538731285
4017,4798,4.72813108885577e-15,0.00132062982939882,0.916628694489296,4.14603839548763e-10,1.28072728742982e-07,5.75229813315011e-22,4.18337520263669e-09,0.0820505430105925
9459,5879,0.575907677347871,0.0715258256511468,0.14028102099965,2.40308814271825e-05,0.000588266532343199,1.30911845104725e-12,0.0577689852385445,0.153904193347708
6082,8156,2.26985904568776e-07,0.00447400311589177,0.92432385410768,8.14489881954859e-08,5.79845191842921e-05,1.38772695677982e-17,1.94474271726703e-06,0.0711419050796342
3810,5637,5.15255235900148e-08,0.00991587672428898,0.790243043420523,2.47999281691978e-06,0.000245704078002448,2.54131781845215e-14,0.033237682703607,0.166355161555212
4499,4439,7.3992780654935e-12,0.0024338421754972,0.949915593706837,3.58166527311907e-07,1.4844125545044e-05,2.40474293731703e-14,1.76281237197292e-08,0.0476353441900464
8221,2282,5.41294415809284e-14,0.00297340326597012,0.885414087925376,2.13777681920787e-08,4.81341781251971e-06,3.13432622444273e-16,0.0308773995112154,0.0807302745018037
3880,3599,0.362159695147528,0.00229295471685864,0.563587121024444,5.86640393449788e-08,2.41331086486566e-06,4.47947230938717e-19,0.0131721951258222,0.0587855620104427
3948,5397,2.58420042208291e-11,0.0118650681506764,0.795769629762185,4.73056559226772e-08,7.48616504836587e-06,9.02545289305132e-18,0.0550494191988427,0.13730834939175
9943,3362,1.30253559161312e-05,0.0159071763525833,0.834490102544376,4.01533374733285e-06,0.000104215824821688,1.65890665907854e-13,0.0384783512063239,0.111003113382066
7049,3601,2.02409721965137e-10,0.00565811796452387,0.779823644167121,3.15104085115923e-07,4.70022414168574e-05,7.8820636765401e-17,0.0700111746302864,0.144459745690157
5946,5039,1.41592172497778e-12,0.00358212615388233,0.716801286142602,7.84391594139745e-08,1.20978018136721e-06,9.2918935094895e-17,0.153101177991705,0.126514121491054
3535,2999,0.55230304800177,0.00610240187850762,0.404174430083738,2.42338169912534e-09,1.7360128192164e-07,2.58239939175645e-20,1.72750637770189e-07,0.0374197712606832
8978,3601,0.00398343830328598,0.00447814477779158,0.874712315223763,1.74294239150607e-07,2.2527786151254e-06,4.77152315327579e-16,0.0223050236661329,0.0945186509561715
6014,6597,0.394608997764037,0.00243216884890055,0.547150530735309,1.11202509032856e-07,3.30755552607407e-06,1.39656190110031e-15,1.11875649997736e-08,0.0558048727061513
8217,9475,7.31601371175354e-13,0.0104949042275594,0.935459022000536,9.26387796546172e-10,6.77891614760276e-08,1.32376955965496e-20,6.36523760378895e-08,0.0540459414032479
5808,4079,2.10279886679844e-13,0.00315865237745143,0.846777058110129,5.99360692307905e-09,4.17022483318534e-07,5.55213312763799e-19,0.0251716241539242,0.124892242342194
7253,8276,0.0457039024117017,0.00609639410631536,0.786584194512461,1.34874516360341e-05,0.000334071699815282,3.44298501399025e-11,0.0252624253748469,0.136005524408794
6978,8516,0.352817029267071,0.00878403233807671,0.565441500289969,0.000478171881887969,0.00442645326292066,1.5727266911893e-08,0.00877737758021272,0.0592754196525948
7804,8996,7.24803062833184e-05,0.00474401221099332,0.869757533256186,1.21709026080536e-06,0.000148877194483014,2.1391371378063e-13,0.0199698826458003,0.105305997295779
6704,3720,1.60118296530811e-11,0.00229974070986586,0.752808825604097,2.35021259393966e-08,5.67587271938894e-06,3.53292901777337e-19,0.0401177246070327,0.204768009688148
9943,1924,3.47947262069162e-12,0.00659263630368136,0.945674548191105,1.82236500878042e-07,1.55649491205679e-05,1.3984509227839e-14,1.9358105965002e-05,0.0476977102101334
8357,5160,0.594888412548588,0.00836937256974246,0.326711755222542,3.50833925474116e-06,3.09733492190122e-05,4.23668653540309e-11,0.00139544854123823,0.0686005293870486
3396,5397,1.16947069151567e-15,0.00477465127751033,0.909487431255836,2.45922953095153e-10,3.98349664310092e-08,7.81993742170962e-17,0.00100404051430507,0.0847338368714579
6908,9595,0.0244159108508898,0.00909993630584037,0.80843236788491,0.00303172662625567,0.0523697936222505,6.00560005818319e-10,0.0157376282452148,0.0869126358640785
9323,2043,7.94380155575054e-16,0.00422363008903968,0.943319945766665,7.15087227306437e-10,2.06523773288468e-07,3.01258978768468e-19,1.0908106131689e-07,0.0524561078243731
4359,8514,4.79815741948397e-07,0.0107243532990488,0.881422010539431,7.62958538845842e-05,0.0105232515767527,1.08224862952146e-10,2.43226216808296e-07,0.0972533655806989
6843,1802,7.17038578980899e-13,0.00400433922928901,0.871954429010879,9.13555937589094e-08,1.98815556718161e-05,1.81417414677427e-17,1.09063765606298e-05,0.124010352471289
5327,1562,2.02950504468911e-07,0.00161393646555589,0.841653683332927,3.8751430201614e-08,7.76189354522286e-06,6.76081862617542e-17,0.00978162405931322,0.146942752546724
7115,9235,0.160614976224095,0.00958102448739986,0.734792073493088,0.0024828374710048,0.0218044238974519,4.53114394093495e-10,0.000154957551798291,0.0705697064220482
6564,8755,0.423946756560806,0.00609957508253995,0.501563683352094,8.12317126324334e-05,0.00148731038735075,6.27098983879006e-11,6.7354997965571e-08,0.0668213754868691
6497,5518,4.41786722650527e-06,0.00881847941510559,0.78408813751177,0.000139163030403621,0.00828126882088428,2.48273510425578e-10,0.0340146182620724,0.164653914844264
3808,8035,0.236435990980355,0.0102165307415371,0.665125473673589,0.000295219957392263,0.00875988294058536,5.6915372449474e-10,0.000472202071218338,0.07869469906617
4775,4918,2.71314777387914e-11,0.00335603567866704,0.661263233145223,3.24822892752917e-08,8.20768104226027e-07,1.29692971635383e-15,0.171412968533268,0.163966909365316
6495,9355,0.49737215836283,0.00586084507266354,0.401554981206196,1.02230430955578e-05,0.000441907169746451,1.86974708466295e-13,1.01946103615482e-06,0.094758865684245
3122,2280,2.08710274693538e-05,0.00317444109212481,0.917042788898988,1.3891724974624e-07,1.83250792728787e-05,1.82468901715397e-16,2.39943168086368e-06,0.0797410355532143
6358,7676,7.49224823633125e-07,0.00332771810275558,0.931563087852756,6.63379708004512e-08,2.79765720996895e-05,3.71110619902207e-17,1.45513349850764e-05,0.0650658505746097
8632,5879,0.391984506559372,0.0133150281253555,0.50241043729737,1.79364806942592e-07,8.14429851934694e-06,6.73134721143827e-18,0.00396184203077314,0.0883198623238037
5601,6117,0.431160796014605,0.00165713355413354,0.509007052325665,3.48647689114956e-07,1.16654932351898e-05,2.61286756152637e-14,5.56726356863912e-09,0.0581629983973826
6567,3241,1.67586785008248e-13,0.00312214845266568,0.798443416435581,1.41565734608503e-08,1.7730770840634e-06,1.11060605885602e-16,0.0635151441226603,0.134917503755268
5532,5758,6.00703585799294e-05,0.00414025714305351,0.922709208544952,7.23181719132834e-07,7.29030489376383e-05,8.07429509482478e-16,2.79219204281721e-07,0.0730165585035525
8701,6479,1.15490046337915e-06,0.00876305431020449,0.917784414456612,9.12914088100652e-08,9.60297269566019e-06,7.64786966564525e-17,3.65868586452804e-05,0.0734050952099702
9942,3602,0.113733637816111,0.00964528318164669,0.738657315048607,1.71282166967725e-06,0.000101037253260252,2.05050725067908e-14,0.0206199527448743,0.117241061133811
4842,8635,9.68495775138592e-07,0.00898408452366394,0.916767812061331,3.03977426167148e-05,0.00685751191050608,3.20650685903918e-11,1.95755560203577e-05,0.0673396496780216
8083,3002,2.7316993690698e-15,0.0026199275024342,0.958493455139711,1.41521033849708e-09,1.66460765726642e-07,1.15405870972463e-18,0.000107567395723458,0.0387788820861526
5257,4559,4.6734334177753e-12,0.0111352985675334,0.705450205408513,2.56332795235737e-06,5.78571193016573e-05,6.04559696701428e-15,0.0860178739666214,0.197336201605398
7601,1683,2.32174302481683e-09,0.00714811350569126,0.839443702166734,2.30552583242415e-05,0.00159146855168425,2.80864308911459e-13,0.0177133777364421,0.1340802804591
6772,6478,1.4386667442196e-05,0.000891761420153687,0.934647722631108,3.22143452843068e-08,2.69724407424955e-06,2.50990872472309e-15,1.5858733224685e-05,0.0644275410896496
3535,3959,0.121754541595484,0.00140587637050347,0.850306410437731,7.71142503619304e-10,1.56296500460532e-07,3.70812210174475e-21,1.04242321456546e-10,0.026533014424396
7115,8995,0.00316657833002469,0.00310742393553659,0.950897764051925,2.95430332424667e-05,0.000929534715403455,3.16289601074089e-12,7.07902414598892e-08,0.0418690851404639
8634,3242,2.0131263624541e-05,0.00596986961242895,0.943896778529256,1.65248167160982e-08,1.38486880127414e-06,9.20100823958024e-17,0.00020224870262696,0.0499095704984451
7943,6598,7.54798957137434e-07,0.00381913195524924,0.976251221910708,2.64518374176721e-08,1.93905350675395e-06,2.57619507783949e-15,2.47894298733184e-09,0.0199269233507959
7117,4200,1.96642259719348e-07,0.0127238116462682,0.588301864329754,1.59406122860632e-05,0.00139194704175054,6.13346283645285e-12,0.0808323142567316,0.316733925464817
7048,5519,0.396277047330584,0.00314099014051461,0.550922440129299,6.53097703488693e-06,9.38816205392491e-05,3.77862105153704e-14,1.02628434446614e-09,0.049559108775706
4430,4798,1.85720931167551e-12,0.00214715366169585,0.903658847605342,5.56321554077556e-07,4.34395539684538e-05,1.54296023015686e-16,0.0347257478893971,0.0594242549661851
9252,6719,4.70473075575059e-15,0.00305332107009266,0.961865350912667,2.59074823526298e-09,2.6719666721687e-07,5.05001412687755e-19,5.46321779104173e-09,0.0350810527666024
6084,3840,7.12602886755221e-14,0.00324799567758324,0.83506879479271,1.70643912198192e-09,1.35284268659035e-07,1.91656091703933e-20,0.0142267023496018,0.147456370189326
10354,8158,1.36089330796029e-15,0.00266161844197149,0.921398313348456,3.63194103672967e-08,1.41762442166206e-06,2.53420921416056e-15,3.22745810464219e-09,0.0759386110382781
7324,5039,0.325855097992254,0.0134488840931212,0.484595250042428,0.000128090744831203,0.00303821706033725,1.19962742416951e-07,0.060836974622428,0.112097365481857
9250,10075,3.33977529820937e-08,0.016250442226857,0.846521689746113,5.38958932159912e-07,2.77879501822834e-05,1.17970421912795e-10,0.00661566927411878,0.130583838328074
4910,10433,3.77691856765098e-05,0.00996258384679967,0.837937332922327,0.00162651607558478,0.0734601733112976,7.38189275832237e-09,0.000733577642575265,0.0762420396338467
4086,3719,0.000712776698773233,0.00293705537372482,0.840329215846972,9.46956441839636e-07,2.12812750244838e-05,1.8869608245823e-18,0.0589694918140356,0.0970292320350283
5532,6717,0.000116670088594732,0.00244760576010045,0.894934992852917,6.96185883609387e-07,0.000132730303052634,4.56186548131727e-13,0.00347334872078941,0.098893956088206
9941,7678,4.22102712483627e-12,0.00334341351359464,0.835739333667076,6.94796292526336e-08,5.27560263205363e-06,3.5609143838772e-14,0.0765759868180709,0.0843359209147408
8975,9835,9.71628198774892e-07,0.0781193048997297,0.7142900313056,2.82222141671714e-05,9.54951311667979e-05,1.51783766433579e-12,0.0357229334393225,0.171743041380297
8288,6478,7.45039430870443e-07,0.00608730821233546,0.939683884918855,1.52146213850546e-08,1.5686319905507e-06,2.35719290252002e-18,1.42085057178408e-06,0.0542250571321953
3878,5997,1.1100504624233e-08,0.00974062684281703,0.701400246388999,1.59021496660637e-05,0.000982234274212303,5.31811808106309e-11,0.0659416025761336,0.221919376614487
2984,3958,8.52870227415581e-19,3.30795128869107e-15,1.94671031221792e-15,5.44441221905795e-22,9.13034649513244e-21,1.6767592964368e-22,0.980475617189585,0.0195243828104096
7253,9235,2.78922465793629e-09,0.00485622999674153,0.872874581065727,4.14257306843179e-06,0.000708942198966629,9.34553903067063e-14,0.0432746017526264,0.0782814996235516
5807,7676,9.67575455089643e-08,0.0118063523871995,0.716452178165866,2.43716596165021e-05,0.00306148426483681,7.08711192690642e-07,0.120769034655981,0.147885773397762
9802,8397,1.33447705471557e-09,0.0188450871788353,0.67568082638515,4.15298955412611e-07,1.41786336611784e-05,1.03129967853544e-10,0.194888048800292,0.110571442265499
7873,9835,2.7614938510585e-10,0.0109953908078022,0.903813066620691,5.14706580288269e-07,7.82283027428172e-06,1.67003624631927e-13,0.0102096007308087,0.0749736040275272
5601,5158,6.06257615896017e-11,0.00573693658324119,0.846334658773706,4.10278323413118e-06,0.000155916486944655,9.83891474451748e-16,0.00228936315866538,0.145479022153582
7119,1802,2.64946300801852e-14,0.00338649936137978,0.910988923247685,1.40976134461059e-07,1.05952937728047e-05,1.37319052951385e-17,6.55243132498029e-05,0.085548316807752
3740,7915,0.00265145557244124,0.00374137745660096,0.841176072436082,0.000318905605880621,0.0454379897430857,1.46934703279707e-09,0.00609367338631821,0.100580524330244
6429,2521,2.29281053279752e-15,0.00165917359918677,0.850947136607966,2.21746068510888e-09,4.46539170107273e-08,1.11914350189777e-20,0.0670444791475574,0.0803491637739097
10079,6000,0.50394269634417,0.194780835566877,0.0686930412906678,3.0230727580868e-05,0.000395172710235465,3.27885309724071e-08,0.054875818551603,0.177282172020334
3879,5517,1.46281509345833e-06,0.0305774100450879,0.661880895983382,0.000297812489684715,0.00400922479327711,1.44500469038772e-09,0.103039532634373,0.200193659794098
10078,7438,2.31784468006252e-18,0.0029069404936873,0.957692949733976,2.20076648266548e-10,2.10933997296599e-08,1.34454402618156e-21,2.82691991498175e-13,0.0394000884585778
7945,3002,1.66039784531902e-10,0.00466657327402981,0.736662857548008,8.27978800842039e-09,3.95178694767669e-06,1.30856097046067e-12,0.175044520000475,0.083622088943403
5945,6237,3.67985908565312e-09,0.0265073487731617,0.216874255288788,7.15392922695561e-11,1.10180600075059e-08,2.31019560340859e-13,0.552953473626341,0.20366490754202
7459,9355,6.68633581595642e-15,0.00416914671812788,0.953245603222816,2.25650097387663e-09,8.35531662812939e-07,1.26192185861889e-19,3.71780387181811e-07,0.0425840404904987
7185,7677,0.000255683467585636,0.00412210522496568,0.917018251427628,4.14668760828137e-08,6.69618309900495e-06,8.85137270923244e-18,0.00227374311733397,0.0763234791125112
9251,8157,6.79930242441549e-09,0.00825356509668746,0.862168574267078,1.26582991052227e-05,0.000398001466074411,2.87896473558941e-10,0.0132256773510394,0.115941516432817
4703,10073,3.1623337115403e-08,0.00731550000101319,0.898073943384692,1.32953556853624e-05,0.00775206377501761,9.85495829301573e-11,0.0010051903980337,0.0858399753636713
6082,7916,3.11233430339052e-05,0.00962937321248401,0.779702738937202,9.0800219826041e-05,0.00812341669426665,1.60221217797518e-10,0.0582384968221561,0.14418405061081
4500,2760,2.01555414301582e-14,0.00225410458547783,0.925857080451458,3.19580394117107e-10,4.60452200050568e-07,6.09835643977967e-23,0.00505710389454981,0.066831250296714
4843,5997,1.64050123909456e-07,0.00301212688656579,0.931666505038719,1.25738498986488e-07,3.83718804807731e-05,6.54746315849898e-16,9.12596224869157e-08,0.0652826151459881
5875,8755,0.354912298478286,0.0102422592833326,0.549827270905784,0.000399986722512918,0.0238368624468404,2.34911936912405e-10,0.00773382805820465,0.0530474938701277
9253,5040,0.170002201246131,0.0251504185027138,0.609975890891409,2.2329106019568e-07,3.03693387225319e-05,4.55346077649073e-16,0.0306150389038842,0.164225857826079
4568,4798,2.29764754182008e-07,0.0129391191081801,0.685290507519017,1.34632425149665e-05,0.00136673398009584,7.63816062517546e-13,0.187113224173444,0.11327672221123
4496,10193,2.54821618616784e-11,0.00615638506018368,0.947562051719615,3.20785106151222e-07,9.61896281763525e-05,4.46323283691325e-14,5.74608481739655e-07,0.0461844781729103
8565,2402,6.17648789824887e-19,0.00261865587948767,0.951537763508945,3.06790121353694e-11,1.06536869097428e-08,8.81441363779296e-24,2.68095009926465e-06,0.045840888977102
6015,4199,6.05527816526156e-10,0.00457051446053873,0.852502665624217,1.36530365357531e-07,1.42131150206953e-05,2.18651891021121e-17,0.000251030705463039,0.142661438958867
5326,4679,8.40340360419652e-08,0.017695006707773,0.539024911474674,9.12579138526729e-08,3.34080603311157e-06,9.37820915135167e-14,0.309468394081263,0.133808171638214
3809,7315,1.40517372417257e-07,0.0111842503565614,0.722214150354568,0.000249083911908188,0.026461764773943,3.37126659504184e-11,0.0189177313550592,0.220972878696875
8014,2402,1.56193770452883e-11,0.00590229442106605,0.800249534953177,4.50940566436501e-07,5.35925965671558e-05,1.01248871061461e-15,0.0560704072992773,0.137723719773725
7735,9355,0.0111297612596889,0.0283004361380499,0.678194083399052,0.00166287249496795,0.00569836200360264,7.69279304363587e-09,0.148031827510522,0.126982649501324
9666,5999,0.477634195709098,0.0218979535471993,0.398823807931108,3.39247703915594e-07,4.12925929966106e-06,1.22607621820264e-17,0.0153374847601422,0.086302089545449
10011,4681,0.397918373390124,0.0316044642164902,0.407393231891883,6.42975137544577e-07,3.29123166947082e-05,1.38649261772713e-13,0.0606099088823956,0.102440466327137
9736,2523,2.05065825547224e-16,0.00109939754188905,0.958190273680642,5.652965424994e-11,1.87566437672272e-08,2.16046155895119e-22,0.00043101413186624,0.0402792958324288
6219,10314,9.70147549723637e-05,0.0134928496142884,0.849899471685889,0.000761827741258705,0.0424055246323708,7.03446902514845e-09,0.0184992193461165,0.0748440851906354
9323,2523,2.19723187759279e-17,0.00309613473717935,0.965356185092,4.75268716387767e-10,1.26645359377643e-07,4.06900700480061e-22,9.32664281118308e-12,0.0315475530408658
7529,8516,0.23252750499993,0.0157394870207944,0.676477137339048,4.77230696255206e-06,0.000121396281174822,2.7049690197271e-14,0.00500469206317426,0.0701250099888893
7874,6958,1.21102980572133e-09,0.0036356319250108,0.960497816991881,8.3615122089245e-08,2.74069211846702e-06,6.01142784972286e-16,3.35821183354657e-06,0.0358603673530036
3397,4678,0.146081261152368,0.00141909337323094,0.785466901543287,3.21588722325676e-07,5.06380230049101e-06,1.45766396413148e-16,1.67602546327524e-06,0.0670256825146284
8841,2163,3.7474524194825e-06,0.0215920020924444,0.790944231949879,1.7522934648887e-05,0.00061581037557749,7.58069403138918e-05,0.0422934846240415,0.144457393630675
8837,10315,4.32697601181508e-06,0.0237354961316695,0.857886393532425,1.14188836415489e-05,0.000184499606470275,1.15429370197848e-11,0.044818972918901,0.0733588919393376
9457,9476,4.14044067195983e-13,0.0126407990853157,0.922690137877177,1.21838095855836e-08,5.16496763444793e-07,1.06352619713321e-16,0.000257050533184601,0.0644114838233353
10012,2763,8.19352943088163e-07,0.00702605664787156,0.848350111812142,6.82631203522184e-05,0.00246715779520023,9.9384996867272e-07,0.0401518064075752,0.101934791013947
6221,4799,2.11833496132358e-09,0.003973298987935,0.823145065389008,2.82881482314879e-06,0.000260862143546257,1.12259465015007e-13,0.0246574360289813,0.147960506517259
6289,7796,0.00527277018200529,0.00608051336654005,0.717471272695208,5.71307859427358e-07,0.000160471168945567,8.45587481141941e-15,0.155487477279197,0.115526924000236
5119,5997,0.502187693977371,0.00216640393194921,0.431305436064676,5.24479811657795e-07,8.03115032332088e-06,1.35339667260854e-14,2.81842645707023e-08,0.0643318822115909
4291,6716,4.92465276176913e-10,0.00797195883543523,0.873155882743221,7.08051742816477e-06,0.00167408504406899,1.47265153586698e-11,0.000505072286650281,0.116685920066005
5117,10073,0.000110664640853775,0.0144476374980811,0.676392010619069,0.00396360501816769,0.18468166137651,3.93048792050265e-06,0.0209109106891874,0.09948957967021
5394,5518,4.87945462803932e-08,0.00469683944913396,0.892369010832049,8.0857262433537e-07,5.46124362245609e-05,2.64263355006021e-15,0.00755442913125155,0.0953242507841677
7461,5039,0.367076980268062,0.0350644817587279,0.389064226844522,0.000850446935053721,0.020799569056025,1.13967144683698e-07,0.0697754844544706,0.117368696715995
7667,6838,4.53426982093351e-08,0.00341989645027992,0.978756951278153,7.800328760657e-11,2.7243537521807e-08,5.25907777056072e-24,3.08963608500738e-14,0.0178230796072968
7597,9835,4.68753178602537e-10,0.0190438787214652,0.872388258479091,5.12949679570215e-08,4.01655296548818e-06,5.84982244891483e-15,0.0227088104524561,0.085854984030295
7322,7677,0.0454775747112995,0.00591701123261623,0.860306077662924,1.43038674016216e-07,4.93300375263224e-05,9.81280569603431e-16,0.00114353736419935,0.0871063259527597
7873,8396,0.0983453249539152,0.0102373127311677,0.814859665441281,4.00509761370016e-06,6.12787595510286e-05,1.3102732721955e-15,3.2027099250168e-06,0.0764892103065446
4428,9114,1.08388776044325e-11,0.00442601221967342,0.945780989974907,1.81407094925574e-05,0.00282699358234734,4.71087529022789e-10,1.50782733255026e-07,0.0469477122489198
5120,2880,3.90368764423575e-14,0.00345488538125589,0.861589427656725,3.79295252126346e-11,1.1375737096337e-08,1.46576778258226e-23,0.029136801245877,0.105818874302437
5602,2521,2.76522365025073e-14,0.00386178920431392,0.822714377836444,7.29305813032738e-09,7.17245068018116e-07,2.06121572086695e-18,0.0591979970052519,0.114225111415837
8494,7797,5.01420338429984e-12,0.00631010306290268,0.946168390143808,1.32652104733096e-06,4.14521509208801e-05,2.13601142758088e-15,5.57528745879374e-08,0.0474786723634297
9736,3002,4.11264917568146e-09,0.00371421618788901,0.921395396023965,5.68691457414057e-08,1.77495311069803e-06,2.67354910001562e-19,8.91211397013554e-10,0.0748885509620285
6360,3121,8.11913336868906e-14,0.00196397175591133,0.815327614511661,1.45820680881924e-08,6.41823509282371e-07,1.881816878722e-18,0.0549610607427371,0.127746696584032
9734,7558,1.74725135878504e-12,0.00525823637549493,0.929231435584147,1.79198757869542e-06,3.37568270132782e-05,1.73562936855343e-14,2.20872910517026e-08,0.0654747571367104
8769,7318,1.44119185494798e-14,0.00312070200100874,0.94081137590598,2.35460290489983e-08,1.52668686415411e-06,8.32766061729939e-17,3.27597184501723e-06,0.0560630958882582
3946,8754,2.69485027433095e-08,0.0113970883537879,0.945878753366657,1.29270255247551e-05,0.00316094498849775,2.15162622852149e-13,1.81870297148934e-09,0.0395502574981112
5668,9594,0.302506171337415,0.0366554893701227,0.54680851267141,0.000312284876140446,0.0287839760021518,2.55229832812992e-08,0.00237989402540506,0.0825536461943719
8082,4920,0.446138164914596,0.0103517170915853,0.510883197837699,1.47498513205836e-08,1.31147306406638e-06,3.7118844913281e-15,0.000443025318094956,0.032182568615106
7115,10194,2.16076550602465e-08,0.00801650714305604,0.911637296414895,1.39076786965677e-05,0.000865178010819689,2.9239906366267e-12,0.00085285735186774,0.0786142317900855
9805,3842,0.299203764857376,0.0177066270834765,0.455279927689807,1.67606912107205e-05,0.000475372094794625,1.81860981817895e-11,0.0835557368818566,0.143761810683293
5461,9954,0.0595845320993113,0.0070416243927761,0.759991973218941,0.00528839118077765,0.112061527483939,0.000266642238755203,8.43641768249616e-06,0.0557568729678172
4499,4678,4.05506006923913e-13,0.00405876925694277,0.934483540532911,1.70261625298014e-06,0.000218012741804989,1.47122211742563e-15,6.41529006104375e-07,0.0612373333226749
2915,2879,2.02800905245676e-08,0.00611019337113637,0.763314339990533,2.27336010192853e-09,1.05448486141462e-06,1.28822227150035e-17,0.140957305328457,0.089617084271562
5810,1682,4.16482698466588e-09,0.00376146769809723,0.759177710818364,1.73858123360942e-07,1.85817702606993e-05,3.48598903845193e-15,0.120375057635455,0.116667004054869
3946,8035,4.26456258966971e-08,0.00855949249345253,0.901025848226445,5.79953905756197e-05,0.00431719605587573,6.20996117031307e-12,0.000696700620592729,0.0853427245612219
9733,8997,4.17724377715667e-08,0.0167786498957949,0.801736439071162,1.23067744538978e-06,1.86991064116714e-05,9.24742398462139e-14,0.0233486946540706,0.158116244822586
4223,5637,1.52066200455248e-05,0.0225971115919327,0.673417001889885,7.71757275761642e-05,0.00645907527603037,1.12996263883597e-10,0.0885456887320933,0.20888874004944
5186,9234,0.000550246310857642,0.0306373868329779,0.513539992352855,0.0345234284350917,0.235661708932221,0.00753210617843103,0.0707364396690799,0.106818691288486
8495,4680,0.0112782237245825,0.00760711197971035,0.855788373268885,2.21937285526702e-06,0.000119254418430447,3.20250480390593e-10,0.0347959896914325,0.0904088272238538
4497,8994,2.1045005845046e-07,0.00750604952256869,0.855645033183786,0.000489841310904687,0.0540003890294416,5.42589440450767e-10,0.0070764421276114,0.07528203383304
7049,2881,2.85079582861086e-11,0.00975569620679682,0.523604285055195,1.39643912729426e-08,2.39855734889728e-06,1.0150635310354e-14,0.276651114062654,0.189986492125096
6977,9475,0.0396901821096848,0.0094490179053776,0.793418611573611,0.000627810126364812,0.0268548374370225,1.54792044770097e-09,0.0407143453967716,0.0892451939032467
8910,1803,1.02688738621015e-12,0.00587059312404322,0.885316807546045,6.38549216454315e-08,6.2567351567636e-06,5.78082033605133e-15,0.0161991641948514,0.0926071145439495
3327,7195,2.4581049852543e-07,0.00901336921191693,0.807027544170733,1.00462734919506e-05,0.000995083369663808,2.05228462266636e-10,0.0656932346821607,0.117260476276307
5327,3240,6.48534165750336e-13,0.00330925229003288,0.736520642051798,3.38093587066081e-10,2.2628960530474e-08,1.73142463066755e-20,0.144726451224161,0.115443631466306
6771,8875,0.537284226550999,0.0186999123089435,0.375209254295843,0.000433800300839097,0.00502961059514841,2.05542121786226e-11,3.98566734136442e-06,0.0633392102603309
4428,9833,0.000144638674519358,0.0114020557298429,0.736726036544885,0.00217323849016539,0.0557385542066021,2.44909584409281e-08,0.0453379980661283,0.148477453796898
5325,7316,7.28777998424155e-09,0.0086048111392337,0.854528189322309,1.0656558850966e-05,0.00138083396484702,6.73265624412071e-13,0.00286035755738691,0.132615144168919
7253,8995,7.19654741047912e-09,0.00491108998936952,0.933715769995794,6.61256032801473e-06,0.000609149246075586,8.50094278344865e-14,2.83091765757838e-07,0.0607570879200349
5669,8155,3.05520507927963e-08,0.0106236262954016,0.860089008847561,0.000120535834319656,0.0224924209465526,1.25896046042698e-08,0.0140805822896132,0.0925937826448962
8080,8996,2.93980957266408e-13,0.00402100826966944,0.944653378551506,3.84211287911056e-10,3.49146682339112e-08,3.32877907593896e-21,2.19679342781236e-10,0.051325577659972
8425,6718,1.96221656789908e-13,0.00254924872465688,0.954072651220223,1.12043359508657e-10,2.57140185479852e-08,3.31780520657704e-20,2.07025423872183e-10,0.0433780740218365
3671,7555,1.16571698931311e-06,0.00735884106356229,0.882858339862986,7.7730170938391e-05,0.0171498601664937,2.32004894165628e-09,0.000217163600187575,0.0923368970987935
8494,6119,0.161461763884257,0.0107140354044615,0.704761745123355,6.0908388712001e-07,2.01303647395074e-05,6.67362210513012e-17,0.00721341298268427,0.115828303156615
4293,2640,3.61741502884508e-08,0.0051784504192688,0.834199761733253,5.25803180052225e-08,9.79356006077886e-06,2.5186588248706e-14,0.00692579626553601,0.153686109267387
5463,6837,5.7104386305856e-05,0.00755306241359363,0.86511282566689,3.74112700184124e-05,0.00202393157673017,6.00192165524672e-11,0.0134360891068723,0.11177957551957
6219,9834,0.223580226796577,0.013393266506523,0.655232199658987,0.00230185167701812,0.0475672473341873,1.35504916379115e-08,0.000217765305355758,0.0577074291708604
9044,10195,8.36395988864706e-06,0.03846501883685,0.70491926909698,2.83255801070818e-05,0.000437329684408479,2.09054794437316e-10,0.0880557356243832,0.168085957008328
6496,7197,0.00460781846727876,0.00623608608403547,0.605014606972428,2.38497418816381e-07,6.29643792143276e-05,3.1271950370919e-12,0.282427399636158,0.101650885960339
5392,9594,0.00842936231979611,0.00671692174909076,0.863091055954046,0.000483980280935922,0.0415335055133159,1.78594461495575e-07,0.00592927145732288,0.0738157241310309
6360,2881,1.00991429217165e-13,0.00348267296099581,0.84598828817138,1.53158549951176e-08,5.9358731139377e-07,9.08496967589417e-17,0.0200597647295702,0.130468665234787
7943,6119,0.403165127767188,0.0118567060417443,0.541518423516365,1.675955411044e-07,3.82323844180278e-06,4.01102832923245e-15,4.30563753958194e-06,0.0434514462031767
8633,3721,0.131095666066469,0.0395025189834527,0.758670101669901,1.48335624460397e-08,1.6622055189454e-06,2.26518308758874e-18,0.00255032585976846,0.0681797103813276
3603,4798,7.04122683404807e-07,0.00172455482396926,0.916407658655074,5.49998342686868e-10,3.04358218977086e-07,6.37668770603746e-22,0.00995702719328233,0.0719097502967734
9253,5520,0.502590481846125,0.0358052990377172,0.302802535999678,6.1730238652572e-06,6.59066379340903e-05,1.58711353199393e-14,0.00999293352375352,0.148736669930911
8496,3481,2.52189800507379e-06,0.0284614993870086,0.921273030146277,2.09351488132634e-09,7.43366668780572e-07,3.46456736833678e-16,6.10215142569958e-05,0.0502011815942687
4842,8874,1.67243451353322e-05,0.00536512121606544,0.904472583050846,0.000161514367704247,0.0204715726337034,1.33960455272366e-08,0.00209202049211456,0.0674204504983855
6221,5039,1.29734226382996e-13,0.00936103668849759,0.886050482424952,6.5397921137974e-07,2.18044160343336e-05,6.7082273465829e-17,2.20672622536708e-06,0.104563815764949
6497,4799,7.28950531663027e-06,0.00806996396107261,0.749433293424018,7.369769419581e-05,0.00331993994200672,1.76241483255722e-12,0.0554734217126749,0.183622393758953
7392,6118,0.0408597684631976,0.00424862623197149,0.873669228409652,1.63708608651876e-06,3.71006720018223e-05,5.0873432377167e-14,0.00255970111909745,0.078623938017942
4567,7436,0.00908350577485428,0.0443476920650313,0.45982296021321,0.015066009838954,0.189044787747526,5.33034587565794e-06,0.112927176252379,0.16970253776217
8083,2282,7.86408977622905e-12,0.00941502084552708,0.585562474836054,1.1967036841823e-08,4.85749230255387e-06,1.10383055392442e-14,0.284271205254895,0.12074642959631
5601,4679,2.76260897818808e-13,0.00850711061429221,0.788678248948087,5.81153226824003e-08,2.17575404281871e-06,3.69309621927908e-18,0.0808314804087012,0.121980926159278
5945,5758,8.82783733127886e-08,0.00670986830379906,0.908523319227776,1.65023055324876e-07,1.77321842200651e-05,1.20638013188674e-15,1.84963730536344e-05,0.0847303306097217
9114,7438,4.23784921867457e-12,0.0050611927305704,0.826633098299075,1.53148946252928e-06,5.84525203603939e-05,7.13553475789604e-14,0.0290884918561985,0.139157233100024
4084,8754,1.7504582382542e-07,0.00890871373947271,0.884522915975752,0.000559009663414512,0.041170535293443,2.03912071277469e-12,9.05814937270699e-05,0.0647480687863275
3258,6356,1.59343517280809e-10,0.00813778179440967,0.785124408075044,3.82670547898932e-07,2.30971948221503e-05,8.00227993203091e-17,0.0591452412305683,0.147569088875264
3328,3839,0.0411124032852349,0.00564298133008482,0.877191451530738,2.03082905496146e-06,0.000478311694037518,2.74302559002174e-16,4.03829458360357e-06,0.0755687830362659
7048,4799,0.0230157236165446,0.00506032484721739,0.788338639743293,0.00010753889902609,0.00428804472270624,7.51042921044696e-09,0.0273480191913661,0.151841701469417
7323,5998,0.339837251062068,0.00584294342281864,0.609045556959066,2.04780551670878e-07,4.31955268312682e-06,1.78194775793525e-15,4.47105226000948e-06,0.0452652531705503
6219,8875,0.38512734647869,0.00962082866544623,0.541489700602351,0.000331298886411375,0.014237041328251,1.21405025481022e-10,1.15194861050906e-07,0.0491936687225836
7185,6718,0.262977039835613,0.00546415350106261,0.691965410060778,5.88180150593528e-08,4.14855323600064e-06,1.85027079786911e-16,2.63164536684388e-05,0.0395628727776271
4981,5757,0.0783022483755404,0.00215247851979675,0.850771941381025,1.13457881995785e-06,0.000104584303344733,4.63344750993932e-16,6.38991680446981e-07,0.0686669738497927
4635,8275,2.16483976342708e-07,0.0108834257174417,0.822461455573668,0.00127878464015115,0.0571583799190429,1.2873910988303e-08,0.00872778443699385,0.0994899403548155
10149,3722,0.121821536426368,0.0132294991763594,0.767643087234142,5.68219004046229e-07,4.96494712157599e-05,1.62601646905559e-11,0.0139643169645373,0.0832913424921135
7942,9475,1.48050928310308e-07,0.0309439609949694,0.230930764382576,6.49646691168944e-07,9.44295702791314e-05,2.35634163926575e-06,0.66048223002085,0.0775454609920664
3535,4198,0.110834518043233,0.00454379688715979,0.820138861891593,2.63697098716669e-06,7.26212799713533e-05,2.68073934028964e-15,3.89442857025969e-09,0.0644075610326242
6290,5878,9.62984702105247e-11,0.00292800751680094,0.912750784212298,1.16137264963111e-06,2.258845132833e-05,5.00846124209826e-14,0.000768894050098328,0.0835285643004761
5878,3480,1.28935378029671e-10,0.0396948362419059,0.326609501328348,2.10430455148651e-09,7.02220293594789e-08,6.08176847885142e-16,0.523767264074526,0.10992832589995
6357,9834,0.00204941275700314,0.0137106506444472,0.874181844612837,0.00144757946951128,0.0465984202666236,1.09201245710686e-07,1.12826185329722e-06,0.0620108547864788
7530,6598,0.0868457197873725,0.00466195682598198,0.858173032310353,2.95057979272727e-07,1.30758728228608e-05,3.75665945242363e-16,0.000219038828447842,0.0500868813170423
4362,3719,1.04663927428301e-07,0.00270536468174014,0.85242361354994,8.65388089506173e-08,5.59733028989243e-06,3.3712345800492e-21,0.0179198849570696,0.126945348278225
7738,2642,2.7936542078431e-10,0.00336745995051933,0.870118031119734,1.72301022081848e-06,0.000171530095844268,2.69874524042665e-15,0.00169073576221518,0.124650519782098
3809,7555,6.49469033383183e-06,0.00989501771266233,0.803797096962731,0.00011057971644603,0.0111103719880281,4.95449779885502e-10,0.0195025336610814,0.155577904773267
7394,2522,9.71420662714842e-14,0.00317128413551849,0.734585280351953,1.95372674916235e-08,6.13219120007087e-06,1.12368186358904e-16,0.142187245084664,0.1200500386993
7738,2162,5.10843758859092e-12,0.00555810401011818,0.682668730446165,5.24473911661529e-07,4.98096492567794e-05,8.41109262286924e-15,0.127968410968359,0.183754420447073
5325,6357,3.71661255437171e-10,0.00301808435747656,0.891503809520456,6.97907919191584e-09,2.07553207782712e-06,2.84343054502357e-17,0.000598702965869799,0.104877320273379
8769,8037,6.55588484140813e-14,0.00706290345319408,0.918594910509331,5.34572998139343e-09,1.95939433377146e-07,1.85950659817403e-17,1.05907097196842e-11,0.0743419847416558
5049,6357,7.25637013006014e-11,0.00266797069731079,0.932607927795771,3.69028753177412e-08,5.28635825328458e-06,2.58931293176593e-15,1.11855658514692e-06,0.0647176596166379
5461,10433,1.42527360461137e-08,0.00424434805186979,0.854297439770408,0.000440226829335242,0.043170432514563,8.2830878624061e-09,0.00818826119055332,0.0896592691074464
6979,4440,9.50066091565757e-09,0.0131270175333886,0.578534271759171,5.28231078321559e-07,1.91812213021665e-05,4.74893594989802e-13,0.107872780564185,0.300446211189739
7600,3361,3.06704613424045e-09,0.0256924729615292,0.392225645855144,4.30040780892722e-07,7.70202484658313e-05,7.49867148692927e-11,0.321160366413124,0.260844061338923
3948,4438,3.13435078220943e-14,0.00186864834961279,0.996220910172465,9.01652839138194e-12,6.28239595683747e-09,7.14854004341211e-25,3.28005214341636e-18,0.00191043518647795
7254,6358,3.28966822434663e-05,0.00724129217948383,0.93683996477675,1.26531554272213e-08,2.57969005902309e-06,5.59592373100364e-18,5.4839556357279e-05,0.0558284144619513
6632,10314,0.0102313818635919,0.00890760538086366,0.869614584607404,0.00229767083315409,0.049499547696831,2.22743840247699e-07,0.000203020356338774,0.0592459665179761
6705,2042,2.99237053087406e-11,0.0168002504725078,0.290923295757385,1.52244038300177e-08,1.50050242351165e-06,5.47472980775142e-11,0.535679169313119,0.15659576864549
4221,8994,1.86750045479335e-06,0.0134075152870612,0.821094996461923,0.00244602674596266,0.0968419441107508,2.46414527741715e-08,0.000952469515433868,0.065255155736961
7873,9355,0.000142410240502635,0.0321470834919746,0.24458045456184,9.37952327031314e-05,0.00575785237219547,2.17757971695314e-05,0.574045351830942,0.143211276472672
5874,10433,0.170202883153306,0.00935395879939235,0.730108888844194,0.000502054953017789,0.0179075514852738,2.22112343594631e-11,1.16584426332476e-05,0.0719130042999721
8012,7197,3.44714545839896e-11,0.00605621754344751,0.910029749117554,3.50985232086175e-07,1.51319119248113e-05,1.60462459069851e-16,1.69828508240999e-05,0.0838815675565462
6978,8276,0.223887545725627,0.00321933038396174,0.68770228830001,6.3173740182342e-07,6.79832569079858e-05,9.96534000967467e-13,0.00302942997878789,0.0820927906163065
5188,5638,1.23378354265029e-08,0.00458658269221443,0.849903332587682,2.03752336688902e-06,0.000285170462711353,8.08212487037342e-16,0.0048362035486996,0.14038666084749
3465,6956,3.81620499045988e-07,0.00728126109467098,0.797241997175341,0.000399305770168427,0.026274256852142,5.15608712791789e-12,0.00308945217598375,0.165713345306039
9665,6959,5.18679816227202e-18,0.00248736942322658,0.959237528814435,1.93683794781468e-10,4.01523434874538e-08,6.06050912475804e-21,2.0521745743585e-11,0.0382750613957893
8703,3122,1.95042535370032e-05,0.0154398417294449,0.927668211085226,5.04338014126428e-09,6.99237302725697e-07,1.3989538899844e-18,0.00030527816291623,0.0565664604881925
4360,6596,2.32006763914206e-08,0.00776248766196845,0.853958699475193,1.78601220482364e-06,0.000363811720070357,2.08058975977886e-14,2.45741799019422e-05,0.137888617749964
10148,6599,3.24650920391867e-15,0.00329170986446157,0.938594719988239,8.54383701028784e-11,4.82575481598171e-08,5.83915865755342e-21,4.53070402837515e-05,0.0580682147640259
4843,6716,0.101324558816417,0.00602162317567423,0.782782642363793,0.000129540286449992,0.0079041287136082,2.40126421198695e-13,0.00130225766154862,0.100535248982269
9598,2763,1.0237287537241e-18,0.00167062400606664,0.950445681361776,1.9106910464968e-10,3.76849625097296e-08,1.21815178332496e-21,3.93011140705306e-06,0.047879726644719
5257,4319,2.74823378365836e-06,0.014983336927383,0.555095049866314,6.7792732550759e-05,0.000481048174692608,1.5446409542878e-12,0.154061375001707,0.275308649062025
5461,9474,0.090679557740817,0.0127537973542209,0.753807213812262,0.000116291681762481,0.0243114242669106,9.2352917162677e-10,0.020647375195343,0.0976843390251548
2777,3359,3.2916402899985e-07,0.00306303176252648,0.707576189786096,8.3551542983311e-10,6.62077596455536e-08,6.59286603785437e-20,0.190489061773237,0.0988713204708366
6774,2641,2.36846780205619e-17,0.00340899397328215,0.934358850187046,1.06193615720508e-09,5.7489681713496e-07,1.18109979088829e-21,4.54774738353703e-10,0.0622315794261442
8838,8157,8.01518754373455e-10,0.00415625710062905,0.935588155893981,1.03076403361713e-08,1.19642636275282e-06,6.40939001364513e-19,1.13476867698615e-09,0.0602543783350996
7183,10074,3.42453404592019e-07,0.0385578568457958,0.382329336609229,2.21352538376385e-06,0.000442016415447859,1.31802145320922e-11,0.295602440010404,0.283065794127154
5254,10073,0.000277501518745372,0.0152269753254565,0.592452487434751,0.0470589820791865,0.277357231061255,0.00017633595034066,0.00828651224146038,0.0591639743888039
9457,10195,0.000298238693883463,0.0059642840811857,0.85192922142707,6.6329405069225e-07,9.85339927717636e-06,7.03882249582133e-16,0.00255841853140283,0.139239320573129
7597,10074,2.2871494305524e-11,0.00688389107432096,0.896021932770712,1.179513917262e-07,1.24272559327656e-05,4.22140265157758e-13,0.0106570301303133,0.086424600794036
5049,8035,2.02524069213661e-07,0.0341011017659926,0.519299611742973,2.68546180048945e-05,0.00794502969594632,1.90131787508022e-07,0.297740110726181,0.140886898795046
9664,9116,2.20886027377672e-05,0.01975333093288,0.774336360109202,0.000758420345769746,0.00192429970896148,3.80983730604432e-10,0.0405096759591788,0.162695823960286
7046,9355,2.71985028581442e-05,0.00776192837530201,0.929002708489286,0.000121064227532203,0.00364160245143266,2.67746637269129e-12,3.44286904784619e-07,0.0594451536640065
4638,2520,1.11645634322012e-13,0.00244048568832899,0.888816292044349,1.22333944212892e-09,1.90631170084466e-07,7.71228435541812e-19,0.0107472751025051,0.0979957553101961
8218,7557,2.02453468126377e-10,0.00787059154504083,0.909449555992502,4.76151176382256e-07,2.30293011657994e-05,9.01649641312427e-15,2.32011972665342e-07,0.0826561147956802
3259,4198,0.422588036190224,0.000840980411480624,0.566252117264476,2.5224375640252e-07,3.5827897709378e-06,5.55549660218351e-17,2.02211535504999e-10,0.0103150308980803
6565,5878,4.14207632346428e-08,0.00328461407183483,0.930407325535374,5.30623637993703e-08,6.90892850278522e-06,3.45718136940509e-17,3.01680375530873e-09,0.0663010539643578
5256,5997,0.664496215256604,0.00444917760400082,0.267374605061833,1.93778860702995e-06,2.99279357327699e-05,5.14148300378525e-14,2.31651157100781e-05,0.0636249712374606
10148,5640,0.920412287003791,0.00576806444446313,0.000237369639226176,7.34578867882547e-09,6.46150511373245e-08,3.35397372472657e-16,0.00280897479277987,0.0707732321588997
10149,3003,6.34425240447634e-09,0.00185593177444564,0.959449186766745,1.18731525769636e-07,7.63746018360545e-06,6.93812133710125e-14,1.66245688029374e-05,0.0386704943539751
8355,9955,1.91253058633793e-07,0.0163320393092505,0.917878150714271,7.69752231750166e-06,7.69319621856866e-05,4.21473843579725e-14,0.000303501974831199,0.0654014872640434
4912,5638,0.000180933103816157,0.00335588275844608,0.895533784972318,2.14122448109144e-06,0.00013389087468859,1.31903626492209e-15,2.44365308725782e-05,0.100768930535376
8840,3601,0.00293855689456052,0.00592554090686788,0.906063533577549,1.4457436584907e-07,2.97669368930399e-06,1.09999308478008e-15,0.0016308805877545,0.0834383667652121
8080,8516,0.0722831176625967,0.00444319676584252,0.8428751211149,1.71514131317635e-07,4.51363021722248e-06,3.43237720527016e-16,3.01077236493759e-07,0.0803935782350755
3327,5996,2.44676090590419e-07,0.0167428759248898,0.41005730646021,1.85670197588329e-07,1.36717059645218e-05,2.48445587928217e-12,0.209883318041463,0.3633023975187
6428,5878,2.87992948108541e-11,0.00507313636878344,0.871976107446997,6.06647338333171e-07,3.82114517186254e-05,1.38218244081469e-13,7.14071636230864e-07,0.122911223984588
5258,3360,6.25643138946634e-09,0.0227638459845308,0.343455752436916,7.01365946645467e-09,6.52381868731158e-07,5.08178069356904e-14,0.490258558134232,0.14352117779231
9458,7318,3.34165076139657e-06,0.0103617048381139,0.846398414960498,0.000230435376417448,0.00742672545863283,7.14672234384925e-09,0.0102392561284501,0.125340114440404
8564,5040,0.319683539959316,0.0187249198989735,0.581983056500142,2.33282492105075e-07,1.92824122586196e-05,3.56604403043285e-15,0.000357908627305154,0.0792310593195083
8906,9476,1.04802498619474e-08,0.0259536802997786,0.882776323140296,1.09540831507344e-06,1.26131325803843e-05,1.70169317385279e-11,3.89887817372812e-06,0.0912523786435893
9804,4801,0.447011751941904,0.012329322616216,0.417851512126499,4.34214400616544e-06,7.62154971961298e-05,2.74050836448989e-14,0.0160121354373004,0.106714720236851
3328,4798,1.66989269575971e-13,0.0043116996873282,0.892722205391087,7.13734278910497e-09,1.55480996205444e-06,4.10370987522499e-18,0.000299186367804413,0.102665346606309
3809,6356,1.10178473248337e-08,0.0120449771399838,0.769186967050042,1.10720445205386e-05,0.000648099898834206,1.94948681518391e-12,0.0119374229378255,0.206171449908997
10011,5400,0.594021913181238,0.0834404195579217,0.175443166396139,9.11388579992219e-08,7.44408978455855e-06,3.01410738786799e-16,0.0373761801661898,0.109710785469869
5049,6836,0.021455074626767,0.0106631762878707,0.820672110145351,2.8246503748062e-05,0.00194148894580444,3.63369731813529e-12,0.00690562532178888,0.138334278165036
8907,8517,1.59669802065974e-12,0.0122103831075356,0.896231302024081,5.18693602399266e-09,4.99795633033805e-07,1.448598394127e-18,0.000657277110665521,0.0909005327735516
4772,9953,5.36112334665265e-07,0.0157569807147931,0.88855076314412,6.75378078597373e-05,0.0103552895649935,5.30429861000077e-12,0.00383250548628329,0.0814363871643111
8495,3961,0.0480001577419298,0.0166325993787748,0.837536914984251,5.4591629670338e-08,4.83378473350441e-06,5.71819104280913e-15,0.010173139430064,0.0876523000886113
8496,2522,4.15110686109621e-21,0.00168999109221081,0.988178998975084,2.61881609818894e-12,2.07292054937008e-09,7.11892076796479e-24,6.59926025152933e-14,0.0101310078570994
8564,4081,0.0660769135583463,0.0333565824668702,0.802076458607889,9.70702353514768e-07,4.35967665435503e-05,9.06569341430708e-13,0.0202461562564888,0.0781993216406022
5600,7796,3.70311847232502e-08,0.0391751653512467,0.39774620473275,4.21847128739338e-05,0.00560973023668901,1.96866506830682e-05,0.385606849209487,0.171800142075085
9942,5280,0.362788213792187,0.031776690841515,0.538460593858959,2.98887688468027e-08,6.37504299179724e-07,3.29117024759951e-17,0.00722347874638655,0.0597503553678843
4982,2880,9.27626232501948e-14,0.00170292642975916,0.885313118500858,4.68962006238496e-10,8.20816358750978e-08,1.65853859888122e-18,0.0190166746397135,0.093967197878979
4982,4079,2.39262988388946e-13,0.0038816332883576,0.866607761097474,8.92378062687398e-09,1.36034989639664e-06,6.09184623499454e-17,0.0162581206480678,0.113251115692184
4084,7315,0.000168549285056074,0.0422625995368754,0.607791353547006,0.00163960384536081,0.0895508813017925,1.65604894901471e-08,0.061170293592771,0.197416702330649
6702,7796,4.3663704635501e-07,0.00459479635094601,0.920025638874943,4.13549376282057e-08,3.92781158477057e-06,1.00837480054999e-16,0.000513414130436901,0.0748617448401056
5187,7316,7.07391587835073e-05,0.0254826186947186,0.634482714185805,0.00270221016456505,0.0869359178123557,0.00114636107501684,0.067818226828802,0.181361212079953
7806,4680,5.37467922223484e-11,0.00286225786794488,0.946630284178426,1.53059578299558e-10,3.58938878869205e-08,3.96045757209445e-22,3.57691964325193e-07,0.0505070641609704
7459,9595,4.5451395001102e-13,0.00761922869938167,0.905677817996156,1.86221133314358e-08,5.35182652155571e-06,1.64460467442597e-18,3.82346374507807e-06,0.0866937593916275
5463,5638,1.82107533097235e-07,0.00408935762760721,0.896517503328946,5.11218059888523e-06,0.000242801693827419,1.30188188194246e-13,0.00114277710092252,0.0980022659604344
4428,8874,2.39167470388561e-05,0.00867135603104539,0.80588740907577,0.000988729541081223,0.0719903715071871,1.33040250775195e-05,0.0201610874978971,0.0922638255749023
3534,5637,5.53442228721724e-08,0.0214653810717795,0.769085388978457,2.30417920477915e-06,0.00011694329462304,1.3753731986769e-13,0.0261867184464329,0.183143208685143
8979,1683,2.74180982241024e-12,0.00334119836019914,0.881370452167379,1.53233125565405e-09,5.81406254596268e-07,6.86946361438515e-18,0.0307891894075335,0.0844985771235608
5119,5757,2.52407035114413e-05,0.00228709513802072,0.914116140159946,1.58736222690112e-07,2.01526721132298e-05,6.12384440717456e-16,7.38613937385287e-06,0.0835438264508113
6081,9834,0.623233804428651,0.00496871264196871,0.292541592473301,0.000137228461702022,0.00556366929789715,7.26587620320958e-11,2.38602940670055e-05,0.0735311323297541
4432,1681,0.00156404216918694,0.00852465678998609,0.800161187927641,1.11467927595258e-08,1.50136027534758e-06,3.63001416784518e-17,0.0233253661927218,0.166423234413396
5185,9953,2.2790147512513e-06,0.0224172901421003,0.740170393488725,0.00443225083036509,0.12586166499575,0.000276880401263707,0.00653004156362824,0.100309199563416
8010,9595,1.62101014170144e-07,0.0290135877094889,0.780926436724986,1.46645861732035e-06,2.42552348510315e-05,1.50982186858458e-13,0.0823078677344533,0.107726224036439
8633,4920,0.391981737299748,0.0105183682455423,0.518771294054758,1.98186410731918e-06,8.72880618550821e-05,1.16026893844654e-13,0.000850784198866418,0.0777885462750077
10218,3602,0.102221687676789,0.00871147038191377,0.780144444530341,4.92699082652605e-09,1.08268497452649e-06,8.48749100737526e-19,0.0102051606408942,0.0987161491580969
4430,4319,0.0258946018067803,0.00456877288861915,0.873216736388799,1.7583256972003e-08,1.55970370999577e-06,1.4670450642181e-19,0.0054834591893457,0.090834852439489
5809,2401,8.3895514229376e-11,0.00280345037271599,0.816425709427665,3.39856000403051e-08,2.04501277378525e-06,2.65180945308751e-18,0.0469876419863361,0.133781119131013
8908,6359,0.0247618873957838,0.0060436578678933,0.895605808260761,4.07333287671558e-08,6.7715418751641e-06,3.43392243696126e-18,0.000429223785017133,0.0731526104153413
9113,8637,1.6686240097008e-14,0.0052822939289762,0.909060077384206,1.46150269557124e-09,9.11237760384085e-08,8.42618929826213e-18,3.61451240980521e-06,0.0856539215891128
7529,8036,0.0575132245098116,0.00948779730359103,0.846014481090795,2.08591666902299e-07,1.7130061409499e-05,7.45461936951163e-13,9.6581740053153e-07,0.0869661926245803
9667,2403,1.44716511541925e-16,0.00158367383957246,0.958786716600828,1.41270522091915e-10,1.69754766637328e-08,1.58766742770068e-20,7.57813399435758e-08,0.0396295166615121
6701,10194,0.140049425210219,0.0170345296414648,0.709701534342448,0.00254117095409905,0.0569838420000277,1.32595262960184e-07,0.00392994111638685,0.0697594241400909
5809,3360,6.77769037350303e-11,0.00399106276246942,0.619257193666296,2.69407322537856e-08,6.41228623751825e-07,4.32514359143036e-15,0.210329076561688,0.16642199877241
3397,3479,0.280067356599171,0.00233705748126106,0.67582994097782,1.31312655896517e-08,1.36096081959415e-06,1.65114387112699e-16,1.9254560257296e-08,0.0417642515951022
9251,7917,7.07140763250721e-11,0.0113614078795436,0.896658744375063,2.12287925984654e-06,8.99654794331695e-05,1.29618640362688e-15,4.49338376306245e-06,0.0918832659322223
8012,6718,1.08768532337867e-06,0.00518990416128294,0.923535836412368,1.81660853505714e-07,1.10372256268471e-05,1.40311388288179e-15,1.57102656383341e-06,0.0712603818279799
8148,9355,3.7390349235595e-11,0.00709273325845928,0.907925802363049,7.97669784649084e-09,1.60454141849538e-07,4.35036860259529e-17,6.64617445574552e-06,0.0849746497358063
6566,5159,7.47255963537465e-11,0.00935957468118752,0.738203217487203,4.39965817233614e-08,2.86773098303659e-06,6.37961484955622e-17,0.104893619048661,0.147540676980658
7390,10434,1.77173133023962e-10,0.0125450770879301,0.810429725160368,2.55160567075727e-07,1.47469264804986e-05,1.00539230342502e-13,0.0447141561286533,0.132296039358727
9735,5880,0.761168658906563,0.0662656115158498,0.029866511199686,5.18320373281342e-07,8.93370237325121e-06,4.65797000684562e-15,0.0529385249948446,0.0897512413603052
4635,8515,5.99294784202386e-07,0.00573011273005812,0.939335724858289,2.18128902437745e-05,0.00294075217582408,3.13202724540982e-13,1.89120664007635e-08,0.0519709791384213
6082,7197,2.77295701935025e-11,0.00280804176868839,0.948005802554721,3.47556682488473e-08,9.9344362600947e-06,2.03647404929869e-15,3.22727953119095e-07,0.0491758637289775
7252,10194,1.09855334821406e-09,0.00749978152973078,0.876104689748972,1.39796590636059e-05,0.00130299559529648,1.77615732180093e-11,2.0081965444705e-05,0.115058470385178
3260,2999,0.254931335242218,0.0059673475806514,0.618218932282512,1.5226963789471e-06,3.4713926074768e-05,1.07546025581823e-14,0.000296846676709439,0.120549301595446
9735,5400,0.298548863099517,0.0753925649151937,0.487896755290308,2.0695995238739e-06,0.00019707653316828,1.2182000107665e-10,0.0428480458888212,0.095114624551648
9872,5880,0.851957687385665,0.0277049665001668,0.00207865549761241,5.48781041526103e-07,2.99054298651105e-06,4.63334591689358e-14,0.0259212469836629,0.0923339043088186
5601,5878,0.0204618218127708,0.00411695139767454,0.889280818424545,5.26031505395653e-07,2.95214207044675e-05,2.1279937985627e-15,4.16431909773344e-07,0.0861099444808873
6703,5638,3.63232199081468e-10,0.00353605475822032,0.882995490851205,1.72585335093953e-07,1.30651349834894e-05,2.11029778981302e-18,7.15236045834701e-06,0.113448063946566
7463,2642,1.24871417992373e-14,0.00348463200294354,0.892774958397989,3.42738456603242e-08,4.81658185855492e-06,1.61039889135945e-18,0.00150200046878726,0.102233558274564
7668,5879,0.176413750695891,0.00607007329231145,0.7428739514176,9.76404512601181e-08,1.22231994292841e-05,7.85260446655959e-15,0.000768047301448507,0.0738618564528604
4291,8394,0.108813484961296,0.00773277971621715,0.752756740607676,0.00122444215226655,0.0429631929785942,1.86595620365062e-09,0.000291546746659634,0.0862178109713347
9252,6239,0.206710512514454,0.0281424510192497,0.653548289818613,4.59739465707507e-06,0.000234451044051826,4.82675225188306e-11,0.00589627238577087,0.105463425774936
8908,4920,0.090434707549697,0.00982684316586194,0.572127350257878,9.03116339601899e-06,0.000291997380371416,1.42446735257492e-11,0.0291816714412513,0.2981283990273
9941,7198,1.66336327738779e-16,0.00459620119626383,0.935003915368407,4.00767513939464e-09,4.72886066244925e-07,4.56371530204343e-17,3.6927267968898e-10,0.0603994061723151
6495,9594,0.00106190429831939,0.00559255633199241,0.88205686757082,0.000415454251210372,0.0289553165306361,5.64648313235786e-09,0.00165626567976911,0.0802616296907695
8080,8276,0.00721238594278941,0.00347360184003127,0.92708187382258,5.68127377270354e-08,4.46787677243976e-06,2.50141339704109e-18,2.08403546916167e-09,0.0622276116210533
8290,1683,5.74437768825926e-08,0.00884316592802488,0.625221535325725,3.82905047452397e-05,0.00217917206210293,3.09595729395997e-12,0.124619664334985,0.239098114397544
7186,5519,0.728842914235093,0.00291514939576602,0.230592701679541,6.73498429194132e-07,4.71212644298725e-06,7.77671254032466e-15,8.1902102045884e-09,0.0376438408745102
5601,6597,0.283890327116475,0.00413609550202178,0.644237913646728,2.6227846581733e-07,2.36063880769831e-05,5.51804470053448e-15,2.24495384567409e-07,0.0677115705728429
8358,3481,2.03083046218943e-12,0.00365533422983288,0.968432742388238,9.24755299361444e-11,2.59525255651505e-08,6.61630351153748e-22,6.716123215329e-07,0.0279112257225761
8840,4800,0.176007502198059,0.00395931969132984,0.772972590920305,5.47467045126288e-08,2.84754680057329e-06,3.94590579259256e-16,0.00026498459342102,0.0467927003033802
8493,8277,0.132721713974457,0.00436459843693389,0.759607601838285,3.25994837848371e-08,2.00830434351042e-06,6.45655181964147e-17,2.85942394604332e-07,0.103303758904102
5324,7556,5.95214624891598e-11,2.28458666675747e-05,1.90457724376556e-05,1.20690912554857e-10,3.58942622943168e-08,4.9694552214841e-09,0.917630678946809,0.0823273883701561
4635,8035,4.43264705213274e-05,0.0217788420551048,0.626685380060452,0.0169322139277878,0.17422216235046,0.00311318047281127,0.0450752197503325,0.112148674912531
7736,6958,1.43509353637327e-12,0.00216307356073596,0.96880276656433,2.02614828781542e-09,2.27670682803448e-07,8.76018312537043e-20,6.04738964748516e-11,0.0290339301161938
4222,8514,0.0121323104962878,0.00486384129705475,0.872348866320482,7.53520955143668e-05,0.00740251457859177,1.9375703190547e-10,1.59329096052424e-05,0.103161182108707
4981,5997,0.00650105400572089,0.00310074119142123,0.905041980592991,1.64363420984812e-07,3.80560106436775e-05,2.0049115802121e-16,7.56811463814967e-06,0.0853104357211638
7735,9835,9.47413144698527e-12,0.0101651504208591,0.811220874364213,3.43051422682889e-08,2.7243077613585e-06,1.73514992708524e-10,0.100808180706952,0.077803035712083
5671,3600,1.02292278100799e-11,0.00546041298812224,0.734598144714643,1.35737648367071e-09,4.45705911034594e-07,6.61485418208003e-19,0.0740257460484788,0.185915249175239
7114,10434,0.000146642958698653,0.00348429086714298,0.947613356294824,8.09816387368673e-06,0.000339602009193537,1.96791807321297e-12,5.55262833170838e-07,0.0484074544414656
5875,8036,3.37541808238408e-10,0.0098390862499804,0.900665666525379,1.78779645981219e-05,0.00288591558355132,1.78905426576424e-12,0.00155146186565105,0.0850399914715096
3949,2280,0.233820601549787,0.0138899571345503,0.704110499240687,1.25148130709153e-08,1.92368490402233e-06,2.02817277808418e-17,3.71567156966514e-06,0.0481732902036891
5464,3000,3.13271668487938e-08,0.00541732807488874,0.825829211802289,6.89931106366873e-08,3.55491093126112e-06,5.36252076422391e-16,0.0604510681449815,0.108298736746631
8010,10075,0.000332159100926465,0.024196282760699,0.8469756591515,0.00138722684395355,0.00150663980450923,1.32044376283924e-08,0.00150224819226724,0.124099770941707
8840,3841,0.0988805978118028,0.00839296873483928,0.773207659614829,5.49541103716802e-07,5.81021235772174e-05,1.09816509820707e-11,0.0180072264072693,0.101452895755598
5738,7076,9.63086607562322e-12,0.00331972822008924,0.899159781529891,3.6359669004572e-08,1.49167381324768e-05,3.97827272719679e-14,0.0053751815012062,0.0921303556413418
9390,5520,0.421391558597226,0.0287649087848672,0.390757015479965,1.12782208714555e-05,0.000214000982067041,1.48971795574415e-13,0.02178918221969,0.137072055715164
4776,1801,1.55934512891773e-07,0.0085371517998766,0.829049194938865,2.84217248477189e-07,4.1790910911488e-05,1.67610441347503e-15,0.0458621817692366,0.116509240429347
5255,9114,4.99223765421794e-05,0.0284894217186274,0.635927587768593,0.00532358881364715,0.114521173283205,1.79884940950226e-05,0.0938331181139886,0.121837199431301
6842,3481,1.44092151805739e-10,0.00515134696980232,0.827206851420514,2.30899594167336e-07,1.43274066789954e-05,8.91422138085301e-16,0.0232553634416995,0.144371879717619
6633,7916,0.0402244051925807,0.00697631706477349,0.844071104508332,4.57197166287261e-06,0.000374423325182417,3.48857586307558e-11,5.50070208910267e-06,0.108343677200493
7597,10314,3.05584692318211e-13,0.0309687610629952,0.894305363480349,1.24180940583993e-09,1.15455792229929e-07,1.64678182036484e-17,4.28530776355115e-05,0.074682905681113
5187,6117,0.458317733242038,0.00286048025069416,0.459120010890166,6.17929798654517e-07,2.14288844890309e-05,2.34759690437951e-13,4.52569484105617e-08,0.0796796835456314
8908,5639,0.367930356800417,0.0221310724509508,0.49223546761341,8.54630062885529e-06,3.40820774469541e-05,6.9099604042319e-13,0.0156135403484194,0.102046934408036
6567,1802,9.42504506170443e-16,0.00287397437900122,0.714990842808178,9.50187495114535e-11,2.20577485201819e-08,4.1113794446487e-19,0.0994855177739148,0.182649642886138
3259,5157,7.04092871656218e-13,0.0015639155083869,0.789547573732742,2.63075318384799e-09,1.01571374617498e-06,4.79910158213181e-19,0.0688977796258286,0.139989712787839
9460,3722,0.244814183302446,0.031131420089245,0.479773650210647,8.91635397577459e-05,0.000697790037180083,1.33564999386017e-14,0.0321135670843829,0.211380225736328
3948,4198,0.00196610647524112,0.00236928502523061,0.984162726788812,2.40392438247212e-11,1.42524963400816e-08,4.25596045999719e-25,1.03785978705423e-14,0.0115018674341704
8424,8396,0.0436129245874739,0.00455395926843385,0.854334941032495,1.90521502769535e-07,3.33549728276801e-06,5.10612691443123e-17,3.20279960806381e-09,0.0974946458900126
7875,5519,0.378594600188724,0.064288920048389,0.499277087169438,1.15914250908968e-07,3.05615579131372e-06,8.6906549540981e-15,8.93226314520624e-06,0.0578272882602523
5602,3960,4.59117679538787e-22,0.00168673488398721,0.885612637907326,1.98074965210853e-12,3.55847331405647e-10,8.21729526981274e-27,0.00589884054487029,0.106801786305989
9527,8877,1.78378183864898e-10,0.0116860740920398,0.847082433894772,4.94348040264607e-07,3.07434237078299e-06,1.19646221352951e-13,0.000327803056722295,0.140900120087558
3327,6236,2.13130216552257e-11,0.0120209519799595,0.733351697495723,3.77282147233888e-07,5.09302780391765e-05,2.13101273420653e-15,0.126145416631567,0.128430626311249
7116,6598,0.00893477011097358,0.00415375260188926,0.906154197864075,8.23375483298494e-08,1.13112802773076e-05,1.0862725838451e-18,0.000993367484904306,0.0797525183203322
8838,7438,4.37259366063168e-11,0.00393103369977054,0.937849604610605,2.58730225112359e-07,1.15698941920805e-05,1.1443103094946e-14,2.19115534661527e-08,0.0582075111099166
8976,8157,8.56873233926281e-06,0.00730294108438716,0.881599925059658,2.46941546950306e-07,1.15280784265185e-05,1.46680205777666e-15,3.91839886391072e-08,0.111076750919652
9323,3242,0.0529886204307007,0.00589397804357555,0.788840126711836,4.87461133176108e-05,0.00274832646545751,1.6329458101419e-10,0.0377314879942127,0.111748714077606
4015,9353,1.65753839828695e-05,0.0211975749872909,0.83155579959377,0.000512164070529027,0.0496197833126551,1.11865828858331e-09,0.00332633911864423,0.09377176241447
5393,7676,1.12990095286129e-06,0.0132232976364115,0.636548397610833,5.34486605765926e-05,0.006110241200172,2.31305132536205e-08,0.175068985411057,0.168994476449484
8149,7917,3.66079517341748e-11,0.00540260101761321,0.952275982715965,1.84435662385859e-08,7.07574519468243e-07,2.80867827311783e-18,6.07190687617554e-12,0.0423206902056561
6841,6118,0.000320069193051237,0.00211598641852758,0.915426059396501,1.32388861555911e-07,2.40617913878195e-05,3.13043612655394e-14,0.00132819800621491,0.0807854928054247
8425,7677,8.64305925248787e-15,0.00310135973268019,0.931297090994074,4.61274021300551e-08,4.41719874620833e-06,3.9023414541909e-16,1.65096381595962e-07,0.0655969208507072
7736,7917,1.36930445655275e-05,0.0101614584671326,0.86162434097051,4.60341720823686e-06,0.000212874195230883,1.11003134848137e-12,0.0172358000966179,0.110747229807625
2984,3479,0.0116758239729678,0.00352710946737195,0.904461026791589,4.25970861533634e-07,2.77071531320078e-05,1.95469566810494e-14,0.00768422954562942,0.0726236770984286
4773,7795,0.00156967034314485,0.042629297328165,0.529113431940446,0.00978279471808418,0.149945215324195,9.1552453345639e-06,0.0585805966619704,0.20836983843866
6357,8875,0.111573745908532,0.0121425036734327,0.725158455841092,0.0070459138076402,0.0751887606658144,1.75068036315697e-09,3.8379116404844e-05,0.0688522392364034
8772,3002,0.0324260143078594,0.0289770962581519,0.790631312499689,8.89275694772971e-07,5.24072314524151e-05,1.35441878151539e-13,0.0216673328186834,0.126244947608333
5668,10313,4.96974426973579e-08,0.00934786635107988,0.890957849936382,0.000121372219262823,0.0130979813369239,9.72538255480682e-11,0.0042120103528832,0.0822628700087713
6150,9714,0.396970792783651,0.0113201614200305,0.47620067410604,0.00448249844005011,0.0381103691693648,3.409975691227e-08,3.7867657025489e-05,0.0728776023240806
9872,6599,3.80363474196059e-16,0.00674619913100372,0.960530545367762,3.30322697728157e-10,2.80635020740139e-08,4.47024054961746e-20,2.59877429545725e-09,0.0327232245086347
10079,6479,4.15534585614094e-09,0.00764964652311292,0.885666206642697,2.04307027705376e-08,1.9119103221973e-06,3.12394041986425e-15,0.00683801940732532,0.0998441909304911
9461,1803,8.9023282098133e-15,0.00305435633033801,0.956641780936425,1.67085438394372e-08,2.23591681274847e-06,1.02093201893808e-16,1.84278186797484e-09,0.0403016082650889
4566,8155,1.51285983600375e-06,0.0183863548786994,0.775864049772212,0.000968354825013982,0.044917042655707,1.01982037029541e-07,0.0070526654503357,0.152809917576159
3259,4438,0.0352959410203761,0.00353189191858701,0.885788379815923,1.22833475820972e-07,1.3888679396129e-05,6.0722298356335e-15,0.000832504841881667,0.0745372708903538
9183,6359,0.166744229765386,0.00838649254837969,0.747908609344713,2.08194957934985e-06,2.99892908275415e-05,6.02693536588918e-13,0.000765531196787584,0.0761630659037243
8151,4081,0.50559292537593,0.0376533624545128,0.320589058396425,6.17203567335524e-07,2.56694425524294e-05,1.66408383964217e-13,0.0336330146011085,0.102505352525737
6359,4320,8.0306646048721e-07,0.00495045546126584,0.75087487138446,5.066217445043e-05,0.00105514332285551,1.5946595780726e-10,0.0568586034327088,0.186209460998333
5119,4559,1.28489617931161e-08,0.00465447815673463,0.883085234552465,8.72172712792774e-07,5.22983880457803e-05,2.2443804907848e-14,0.0301603784720454,0.0820467254090124
6359,4559,3.84518918895016e-05,0.00761148951325187,0.794168010788374,5.42497145760526e-05,0.00283213556325339,1.06416773932543e-10,0.0441947630859727,0.151100899336266
6082,9115,0.000172741117359796,0.0122359711058608,0.882890570762498,0.000484081724070444,0.0373521277982723,1.7746706681543e-11,8.27948115760567e-07,0.0668636795260764
3946,8514,0.382179584256212,0.020519522277038,0.511168295994538,0.000412778988995005,0.0232125890752207,9.38774029160031e-08,0.00343527683946744,0.0590718586911254
7392,6358,0.00239238288228977,0.00391223320299026,0.925265187630752,4.55823060880161e-07,2.40574784583029e-05,1.52469886722326e-15,0.0011094150257547,0.0672962679566921
5530,10313,2.33545348312155e-07,0.00333255363909477,0.853087772755433,0.000500260936786977,0.0415837399396997,1.03033839627002e-07,0.0097547489180504,0.0917405872317474
6220,8156,0.484716376961581,0.00434334775493159,0.428448459214925,1.14460620145045e-06,9.93998115071401e-05,9.15617000937294e-14,0.000100148285203923,0.0822911233655581
7529,7557,2.36141819794221e-12,0.00221095288236593,0.969763612200333,3.21777219350998e-09,6.77850830560901e-07,2.58055285027901e-19,1.43037176979624e-08,0.0280247395426189
6704,5159,0.0494654796644883,0.010922385567233,0.568897309410301,0.00345793710746345,0.0201479830114754,1.88800779312019e-06,0.160729197740991,0.186377819490255
9667,3122,3.96641897434948e-09,0.00288249894433875,0.93458819303344,7.80811645888177e-08,1.6637381331662e-06,1.42391910815836e-14,1.19519368951076e-07,0.062527442717121
4499,5158,1.1011624644044e-10,0.0119338440017191,0.727753084798433,5.66294969941439e-06,0.0001176037282549,1.59157185412531e-12,0.0521451082688203,0.208044696141365
6771,7916,0.00682808522926334,0.00854824951225219,0.684940014145563,2.40146533275758e-06,0.000121719118352052,2.52086000648245e-10,0.128424778583618,0.171134751693533
4634,10193,2.05465192903918e-07,0.00756133520912212,0.889365251376048,3.06859353556408e-05,0.00583282167127503,1.35503841945457e-10,0.00826254665361623,0.0889471535538862
4980,6956,0.00016475593100442,0.0118040669544783,0.816181107352926,2.46146747716479e-05,0.00314872643246624,6.74173884888332e-12,0.00741779447638716,0.161258934171225
8908,6119,0.467808329453691,0.0216107711123617,0.416666952946855,1.18821039991576e-07,3.57204252925202e-06,4.17460917067668e-15,0.00158309998153284,0.0923271556419863
8150,6478,0.0106781220881512,0.00395404943341272,0.928569947483843,2.55891040438673e-07,1.27346803380797e-05,6.54055068127923e-16,4.69947449863564e-06,0.056780190948715
10079,5760,0.792879523191639,0.0823426838834201,0.00430113880078659,3.23490507497296e-07,7.18705287299202e-06,2.97888912309815e-14,0.0103732410996511,0.110095902481093
8495,5639,0.589303081681249,0.0477661523644239,0.314355664011727,2.9598693792399e-07,5.60215898716113e-06,4.10405796878492e-13,0.00179983344813688,0.046769370348127
10150,2283,1.10147087733451e-08,0.00672613091668156,0.900362803699366,3.44369493133889e-06,0.000177957305359695,1.05239294263217e-12,0.0057755688023626,0.0869540845655379
3467,2400,0.163787895998387,0.0073631329796594,0.768145606981078,9.51401755784566e-08,1.13273358806218e-05,7.47481489074082e-19,0.00500736678633513,0.055684574778484
8906,10435,0.0295566171330178,0.0470284143656807,0.753428656888457,0.00111144644118241,0.0285777527947012,2.20086752752082e-05,0.059719254473781,0.0805558492279045
10146,10196,0.450745957354971,0.023172851182387,0.399345363428511,5.20444843808344e-07,3.39520240481164e-06,3.4965665277077e-13,0.00701872546450528,0.119713186922027
4844,4079,2.6541786807145e-06,0.00156158667778464,0.873408939406083,6.83273207028538e-10,1.34046010696604e-07,2.00569182130229e-21,0.0156888153348367,0.109337869673331
8908,5400,0.378842715387774,0.0313397409266968,0.542439347898985,8.77189177330024e-08,5.25407968334275e-06,2.9430507959751e-15,0.00214303724640887,0.0452298167415316
9667,3842,0.147343475505631,0.0599013212143983,0.599684387677908,0.000194170143399966,0.00592312883632706,2.08533018726715e-06,0.0498127515923529,0.137138679699795
9389,8637,1.2171085731013e-12,0.0101773416171584,0.871009814893632,1.0722961043608e-07,4.90064139592623e-06,3.68242185210946e-11,0.0397636497575699,0.079044185822592
7390,10194,2.95309742803452e-08,0.004626358659754,0.895044230403889,2.07725231597696e-06,0.000112823039071746,1.7813193687117e-14,0.00420411673690027,0.0960103643770772
5323,10433,3.48149828719196e-07,0.00532268720741421,0.895213155915169,0.000176486107110656,0.0168075925657262,8.10060293842807e-09,0.00901115234216578,0.0734685696119825
8564,3841,0.00292480376913109,0.00868476082641165,0.891449341206666,9.18539972796716e-08,4.28221662908755e-06,3.70704318293822e-16,0.00399400960976328,0.0929427105174017
2984,4198,5.27134528201208e-12,0.00408539964765718,0.861625403628286,1.48268071420716e-08,2.68227893622051e-06,2.55810934445393e-17,0.0552600152812488,0.0790264843317936
5600,7316,2.18099433892016e-08,0.00497242570101467,0.925712279971599,1.0713826490196e-05,0.00202691314312713,2.81646403520949e-11,0.000606035341392063,0.0666716101782688
3808,8514,0.536700235920727,0.0156081174120639,0.35418618918585,9.97359832081604e-05,0.00402101237345831,4.43179888213498e-09,8.08165372466202e-05,0.0893038881556477
3397,4438,0.650574893127737,0.00713719634479723,0.284818383969282,1.45105813711461e-08,9.76186617776802e-07,1.72990742663954e-17,1.83113833018772e-10,0.0574685356778709
9940,8637,1.85508031685372e-11,0.0194030139231015,0.595128474266116,1.81831477090498e-07,4.76615255961327e-06,1.97675424863859e-12,0.245021538237247,0.140442025568971
8083,2762,1.07566462405273e-16,0.00156672924186732,0.953417385653599,4.45554830857523e-10,9.17819929560112e-08,3.6156424723404e-20,0.000528454392007848,0.0444873384849775
8079,10195,3.12901712428447e-07,0.0354419836919078,0.867239836185059,1.66320036427188e-06,2.16566662394487e-05,7.60566367114578e-14,2.94387005359592e-05,0.0972651086541055
6498,2162,1.39589424056334e-09,0.0168253416970161,0.383284371441094,5.49454943550783e-08,8.8796799200743e-06,3.21561685994013e-12,0.46815410169611,0.131727249141256
8013,5279,0.501692056028539,0.0168686786914213,0.448462486496461,1.69299117480282e-08,3.8380965363167e-07,8.19430390761992e-17,1.8953773822838e-05,0.0329574242701901
10010,7079,1.99780279961459e-13,0.0058919095908393,0.926546898673083,4.54895649562711e-08,3.36897067665316e-06,1.46566324902621e-17,0.000555378572984332,0.0670023987026521
6701,10434,0.157988160051673,0.029478887829666,0.669941370746684,0.00387519786599166,0.0797489628207218,1.20612438522453e-08,9.5539106036614e-06,0.0589578547134154
6978,7557,0.00543412022788795,0.00570648976595192,0.836231456403858,7.91174779317097e-06,0.00036705974119853,2.27074787304592e-14,0.0298623786759426,0.122390583437346
9874,3482,0.146864747108335,0.004703710639765,0.757528814320742,2.15324732167469e-06,9.29702761709557e-05,3.62642837159189e-12,0.00198868080744769,0.088818923596592
4428,8395,0.00114155484188888,0.00792619368098182,0.879355005318607,0.000416189992381312,0.0346144072716565,2.02184035822893e-10,0.000513151302290408,0.0760334973900098
9323,2283,8.64422601247136e-16,0.00184453943484035,0.957496408013467,6.80157929662914e-09,5.98427352168934e-07,3.41028626412523e-17,6.67970720529787e-06,0.0406517676155552
5530,9594,0.071585645268392,0.00973777336014975,0.769477660171789,0.00119619544143467,0.0536731251856628,1.91231166223183e-05,0.0160045512103226,0.0783059262456272
4979,9114,2.31139683931039e-07,0.0222223926315508,0.484964247991888,1.87572252963585e-05,0.00879607363073645,0.000634331476296942,0.380359895770371,0.103004070134176
8079,9955,6.10565940756967e-08,0.0294342604584595,0.851422158517076,1.55825908186929e-05,0.000152744795064295,2.02332028696388e-11,0.0175721772311495,0.101403015330605
5188,4199,1.50768681541332e-08,0.00309392231850003,0.824567475328266,1.05339107710834e-06,5.3159082791968e-05,8.29106077591829e-17,0.0657657320421844,0.106518642760312
9458,8277,6.78256368015098e-11,0.0137151620015091,0.839982202168896,1.79306107344225e-06,6.58168603185069e-05,1.53179763364006e-10,0.0136678138700791,0.132567211817119
8013,4560,0.313091440241923,0.00710169473800435,0.631613999840089,4.41114996870685e-08,2.32802590466448e-06,9.09614998291439e-16,0.000132624450388274,0.0480578685921899
7115,9475,1.10389629483711e-08,0.0138414045071378,0.925585258389273,3.8389191251046e-05,0.00287163593329055,5.52441090502889e-12,1.17840968133325e-05,0.0576515168377466
7394,2282,8.81787758636271e-14,0.00199418293032482,0.846227050043036,4.25210026777859e-08,5.8623310039255e-06,8.81120068605929e-18,0.00117225339771901,0.150600608776825
9323,1803,1.36084092078811e-16,0.00201551284810064,0.957256137207102,2.75273309915242e-10,8.76419592918517e-08,1.17583612670457e-21,8.18008919034813e-09,0.0407282538474757
7737,5279,0.405871210547395,0.00456294650002528,0.519394640914954,2.13730883975122e-08,7.00363985047095e-07,2.02479231785112e-19,1.13593455899523e-07,0.0701703667070959
10216,8877,8.46668767541336e-12,0.0124022761229415,0.566042080227645,6.8597923877149e-08,5.31555141377339e-06,1.61769013148457e-12,0.22696115328431,0.194589106205682
6015,3720,1.99945343913705e-14,0.00797521157675436,0.880647798711278,6.82064137229886e-08,3.82951679277154e-06,1.75263548656296e-17,0.0128879328526436,0.0984851591360971
10077,9596,2.29271921111001e-05,0.0132904245874124,0.804716638245457,3.34008900764946e-06,0.000281687086254242,6.6162860218358e-11,0.0495236420923871,0.132161340641207
9322,3482,0.163433845764345,0.00570393927980679,0.690493255817113,1.44584097795117e-05,0.000552253794534276,2.23196867883222e-10,0.0145843919099583,0.125217854801266
3191,2400,0.0200770695747618,0.00537202797727901,0.852092655849421,1.96596189849181e-05,0.000159790026024891,1.48776660722306e-12,0.000977147629134917,0.121301649322906
8012,5519,0.548445762417235,0.015167983317381,0.389748525998383,5.19047507942739e-09,2.50146445518095e-07,8.39767899192093e-16,3.13962038039088e-06,0.0466343333096985
4772,9234,2.77286048738545e-05,0.0164100833792233,0.724905018193404,0.00276356057504914,0.137284880121227,3.06842620983841e-07,0.0311746792930761,0.0874337429905252
8839,6479,0.036250973257878,0.0105078279213876,0.883581561125706,1.36679394548871e-06,5.40489035727088e-05,4.59811393687272e-14,0.00443706339464093,0.0651671586028229
5463,5878,0.0346094366906516,0.00351479615018157,0.846288812600504,1.31276340492144e-05,0.000592704919964377,1.95846751088405e-12,1.07029647937844e-06,0.114980051706211
3672,6116,1.20848792266473e-08,0.0135958507165372,0.770571096629743,1.66766340713425e-05,0.000776567737212741,6.17245846293819e-13,0.0303002502615039,0.184739545935435
9113,9596,5.78475578374792e-11,0.0122791798759239,0.9065032288003,3.55811107483147e-08,2.61737828403241e-06,1.39160039140845e-14,1.76185016118894e-09,0.0812149365446697
8358,2282,5.46994679818099e-20,0.00134335410220437,0.950308708853388,2.06395259739235e-11,4.48332897648345e-09,6.97074148672263e-23,3.51139026082008e-07,0.0483475814014128
7528,9955,3.13091493644418e-08,0.0389651968147971,0.481376872265532,5.63103505507713e-08,8.89416440092545e-06,1.24381529388246e-10,0.396680492585421,0.082968456425967
7944,3721,2.69768448082428e-09,0.00709612089597817,0.946283447660992,1.1203176751994e-09,1.38648580487768e-07,4.63282702286492e-18,2.65384382053264e-05,0.0465937505382417
8149,8636,1.03489620068011e-08,0.00500749760545604,0.921803399181156,9.75056631271229e-10,1.1812409054572e-07,6.22470938683955e-21,3.09790824145039e-10,0.0731889734554885
8082,5160,0.49315111591213,0.00301152222068051,0.462694412710275,6.60854286377238e-09,2.32128816994186e-07,1.66137977920888e-17,2.24137895826316e-05,0.041120296629972
4704,7915,7.61970073572312e-05,0.0309219856303567,0.612416122847774,0.0115434000273293,0.159822106463544,0.000189338005438076,0.0306636196930776,0.154367230325123
6014,6357,6.66046703303511e-11,0.00125208967801701,0.958991284875857,2.0804698385233e-12,1.34482680451511e-09,3.74704149651263e-25,6.49685335475946e-11,0.0397566239676451
6564,9475,0.32387043738093,0.00887404852575198,0.586456433858615,0.000104503981706292,0.00559553212661223,1.05153913734739e-11,1.09638326901016e-05,0.0750880802831789
7186,5039,0.516595783372311,0.00312106942697933,0.375235964032745,4.73730391856689e-06,0.000186354850164582,1.45488740833934e-13,0.00772639270969504,0.0971296983040408
10077,10076,0.380804308920357,0.056206661602216,0.449380445624482,3.04188819292821e-05,0.00146925751567049,8.00205605902547e-10,0.0154465812357418,0.0966623254193979
5532,5518,5.7347130681229e-09,0.00550315202797464,0.779424205278749,1.08851176411669e-06,2.82615316614054e-05,1.08649426287613e-15,7.0083799594235e-05,0.214973203115543
9939,9836,0.144999763337197,0.0269213012419161,0.72283048813501,7.15022921421083e-06,0.00052868090100617,3.03069004040641e-13,0.00321861451830987,0.101494001637043
9458,7558,7.98450823916382e-12,0.0034884691046293,0.86048601929692,3.93402913041023e-06,7.12758122190314e-05,2.0071095417127e-14,2.26187089180385e-07,0.135950075562008
9254,3122,3.90567952191826e-07,0.00342515740354381,0.961113117447828,7.18597347552994e-08,7.64288502626287e-06,7.34100133585619e-16,8.47560666288263e-07,0.0354527722752478
4568,5517,0.00773005464145171,0.00976406258783292,0.736523880189572,0.000530478005585671,0.012544302197349,6.46638379722453e-12,0.0410662225490569,0.191840999822686
8082,3481,6.24885566576927e-15,0.00301149050927017,0.975182100430953,2.41629405819103e-11,2.04644377125371e-08,4.66327070483058e-21,7.17399739498309e-09,0.0218063813971726
6357,10314,1.14190079539874e-09,0.00510600352028359,0.598330470057434,2.39967048918009e-07,3.36141012941947e-05,1.15948523501498e-13,0.196705637311759,0.199824033900164
9112,10315,0.000112624902822077,0.0160917141002684,0.807622728563342,6.18686900978722e-07,2.58885719296409e-05,3.42530259763398e-14,0.0218689672674063,0.154277457907296
5396,1921,1.62143782709147e-08,0.00441172238892207,0.800827504401372,4.68226767258368e-08,6.01827693906472e-06,9.62826067432603e-15,0.0688747174434729,0.12587997445223
7459,9835,2.59042034966818e-11,0.0161973241079178,0.517548402353697,2.32335406440704e-07,9.96024634886823e-06,3.41537767807824e-09,0.332761267063582,0.133482810451766
3947,5877,7.96930614454723e-09,0.0123781692022039,0.838334655109843,8.09735768359547e-06,0.000749116865308485,5.60822771869242e-12,0.012887725137385,0.135642228352661
4566,8874,6.61164042988829e-08,0.00813525099979768,0.883423699519915,0.000256678035026206,0.0341465589007334,1.0552125177553e-10,0.00204121722652399,0.0719965290960786
5462,8515,0.00549788586340628,0.0495930186381395,0.535159478056526,0.0130176246225618,0.162971124591015,0.000279615215297596,0.0775512487374817,0.155930004275572
6770,10074,0.186697240631747,0.0120773367605212,0.669350888611305,0.000347360573033091,0.0125338252680461,6.63604584507981e-09,0.00351118410604562,0.115482157413256
10147,8517,3.08163782791163e-10,0.0138407505908019,0.667571534015105,3.09707976592044e-07,9.27463967657126e-06,7.59789529796642e-11,0.211206455964631,0.107371674697666
8356,6598,3.24948962665207e-09,0.00518844587075674,0.948842699362894,6.14255660314483e-09,3.87580171736386e-07,7.25575903735769e-19,3.54630082278659e-09,0.0459684542478306
4223,5877,4.12990991675015e-05,0.00881711062583575,0.80936025634723,0.000345873650645239,0.0209130621036105,1.76023505270818e-08,0.014909235338913,0.145613145232247
6083,6477,0.761932020263868,0.00339136993249457,0.185361961454902,2.75705080405195e-08,1.99744260813092e-07,4.41291653061337e-17,2.58215268685083e-06,0.0493118388812805
8287,8396,0.0181289677290406,0.00570422881159926,0.930849606431339,1.03341449072552e-07,4.38186653825485e-06,6.10770324393872e-17,7.99738498091573e-11,0.0453127117400605
6427,7077,8.83756541420538e-08,0.0170236497686616,0.574768730620535,6.75611384811765e-07,0.000248406649140329,2.1678882626376e-10,0.281484588943432,0.126473859814403
3673,3479,0.569781246539742,0.00942004374841355,0.369694791797439,5.34223539038439e-10,5.34687758423082e-08,4.81080348459155e-18,3.08077394454414e-09,0.0511038608306318
7253,9475,1.93422514042815e-13,0.00466638291341238,0.665796274076862,1.09966656557677e-09,3.76975278995256e-07,1.36555043470192e-16,0.186751565195197,0.14278539973939
5532,5278,1.16235707885456e-09,0.00825675921183092,0.867385805669042,0.000411307274293093,0.00618678547668325,2.10480247005956e-10,0.00415440604717744,0.113604934948136
7117,5159,0.639414665642481,0.00878478188906537,0.294037546285139,8.5132269340333e-05,0.000773344274720854,2.67431416261627e-09,0.000135425886655774,0.056769101078284
3122,3239,0.161777362356102,0.0160787589654472,0.70980505870287,3.2048100434233e-05,0.00336230148127555,1.75668390880934e-13,0.00370772132139709,0.105236749072298
8011,9116,4.69021228959042e-16,0.0063314586452333,0.943818591410301,7.2822065633396e-12,1.56314762608345e-09,1.84251935434887e-24,3.01521304116533e-13,0.0498499483737334
4637,5158,1.42669921065017e-10,0.00718217707010112,0.629081961555044,5.20997042269613e-07,1.0567989929071e-05,3.5753212664826e-15,0.150380004213436,0.213344768031774
9185,3721,0.200897484378319,0.0170050283629018,0.513273678135351,0.000177974321138341,0.00615142666734369,3.77433054848141e-08,0.0712906585918305,0.19120371179981
10150,2763,6.60178858954167e-11,0.00828288378249644,0.927239076709115,8.61786097818237e-07,3.32540356133362e-05,2.35307841164625e-13,9.6978422506508e-05,0.0643469451979179
5393,9114,0.0343406550323009,0.0249954400637918,0.747286419656593,0.0004190178439061,0.0436579959318495,1.78031964824033e-08,0.0330690481854083,0.116231405482953
5188,5398,6.45244481255665e-10,0.00593250816160819,0.715669891561928,9.29206484446586e-08,4.64980218207853e-06,1.09417490284094e-16,0.138250168304336,0.140142688604053
4773,8515,1.45398018929811e-08,0.00742664950768684,0.932257948088383,2.54100408463543e-05,0.00410803330691075,4.67571895269626e-13,1.36998450221228e-09,0.0561819431459187
8770,5160,0.394127665552418,0.0380347074629517,0.430100743936231,1.8943816153652e-07,1.31049903672147e-05,5.70774635868525e-15,0.00556633057684973,0.132157258043015
4982,3839,6.58085087998979e-09,0.00173415114842728,0.878453628091229,2.47985089481745e-08,1.44906273748508e-06,2.8241233940502e-18,0.0440061671135551,0.0758045732046909
7805,7317,1.44383292632247e-10,0.00617645721097459,0.924801565319061,2.5008467428669e-06,5.35365282993703e-05,3.50294376279954e-14,2.23494892417012e-05,0.0689435904612618
9185,2523,1.13970585852844e-13,0.00696089202977069,0.906816013046734,1.48560127147701e-08,8.63188001868629e-07,6.38631215257084e-18,5.91584232966093e-07,0.0862216252951333
5805,10553,0.154808508566156,0.0104119259297909,0.528016505902586,0.011635667262167,0.183091746096947,3.67894599809115e-06,0.00547583691449515,0.10655613038186
6633,8635,0.506283154065652,0.011356478151583,0.397507370159167,0.000480565103723974,0.00372600443362086,7.65554407440064e-10,2.63020436041886e-06,0.0806437971163383
9802,9836,7.03984692050326e-06,0.0228500873744751,0.83619855200945,4.30831553144749e-08,3.26351871002376e-06,3.12599675647083e-19,6.98316341760156e-05,0.140871182533113
4776,1561,7.99433381145229e-11,0.00650924448210288,0.858603538867226,7.33937768092649e-10,1.74130263918378e-07,1.11282847362241e-18,0.0521929087224473,0.0826941329840784
4912,6117,1.63867087601081e-10,0.00383147443035006,0.634949310544574,2.83365098023154e-09,1.83592886235459e-06,7.19041460706384e-14,0.236897158812971,0.124320217285653
4566,9114,1.86464418196587e-08,0.00956245588792154,0.852175515767003,0.00036342944465509,0.0436921403517515,2.31457931189311e-08,0.00294650154896855,0.0912599152074648
7597,9115,3.15298389522917e-06,0.00347240280565345,0.895189962146288,3.18413148982609e-06,0.000137066875032575,4.38845376347258e-12,0.0315555130727315,0.0696387179805214
8355,8996,2.13617978062526e-14,0.011053896660527,0.896471712281265,9.78842480617482e-11,9.50146293179656e-09,9.57466222511574e-21,6.05088307250395e-10,0.0924743808537511
9736,3722,0.0313657936443045,0.00371826093220717,0.803472301032692,6.10738369031293e-05,0.00074660501154669,9.83126957655564e-10,0.0394545317843625,0.121181432774857
3671,8274,0.753456037163096,0.0101275681585763,0.133276965918437,9.81130982904646e-06,0.000197811986804946,4.72620104748344e-13,3.22928068377108e-07,0.102931482534716
6013,8275,1.21397556364037e-09,0.00575082522173595,0.929793751887936,2.67242169478819e-05,0.00291728013630928,1.40437935003491e-10,4.15470884979719e-05,0.0614698700941596
6497,5279,4.25805526950933e-11,0.00691046754614167,0.795547834199324,1.63473903958142e-07,2.61391119303862e-05,2.21227233711834e-15,0.0527764110048936,0.144738984621224
6772,5279,1.3691490998836e-06,0.00588270726119597,0.871871677431939,3.11509891940299e-05,0.00135185005360517,5.11963531031321e-11,0.0214951122804022,0.0993661327833675
8286,9595,8.97297524616816e-14,0.00937384970358628,0.916623857898932,1.41356366554827e-09,5.36910566141106e-08,1.65002818254603e-17,9.427951784501e-10,0.074002236349977
5876,5878,0.00679324612976993,0.00407224866396215,0.922053172049678,5.53983695783152e-08,4.86134800865317e-06,1.35849584646107e-16,1.34130334438839e-07,0.0670762822798767
7530,5399,0.506918248334184,0.00879670829830909,0.434746057620966,8.18970141851403e-09,5.18925643782301e-07,2.87664831385553e-17,4.3003434029565e-08,0.049538415627762
2846,3958,2.55923035120645e-14,4.15440219161413e-08,4.20055825668417e-08,1.13411855833014e-15,9.28972992725497e-14,5.53144783466236e-17,0.866608001215475,0.133391915234801
5325,7076,4.86027871319376e-05,0.0105560840876754,0.868586198775764,1.16819852409868e-05,0.00245775877123587,4.98358559943783e-11,0.000742543397925054,0.117597130145191
8563,6478,2.90523339832370e-11,0.00288123783480211,0.957378747357839,2.09135370371009e-10,4.58817434975393e-08,1.42682863419728e-22,3.96569443055416e-09,0.039739964721733
3671,8035,0.292244486946989,0.00929990741622247,0.583400740980211,4.27292997472683e-05,0.00159819083248891,7.24541153653328e-12,0.00341196369255583,0.110001980824541
5668,9834,0.0527153591611041,0.0102164276920672,0.730308145065158,0.00262047022971321,0.0953421199623446,2.41522192827028e-11,0.0174749580593231,0.0913225198061375
6495,8396,0.612334086786893,0.00666920047542734,0.331397310910652,1.05158272495756e-07,1.26941293368407e-05,6.13476164017188e-14,1.05692588989502e-08,0.0495865919700977
7804,9715,1.69258668299044e-05,0.0185520495077335,0.821634099509244,5.81603898693477e-05,0.0019990361726148,7.94031628264136e-11,0.0406161157936569,0.117123612680649
6150,10194,0.00215947648793354,0.0116573721763937,0.827588900051079,0.00189514002349369,0.0751625584460504,1.37824466592251e-08,0.00416912610558028,0.0773674129270222
5945,6477,0.20270892992861,0.00165447238608103,0.775243156876699,7.61771884195769e-10,7.95053684369488e-08,1.56142466861654e-20,3.11669886985954e-13,0.020393360541158
3465,5996,3.94266297371691e-09,0.00774540783711916,0.69557860099363,3.44927951915927e-06,0.000261922310914139,7.058207400654e-14,0.0635364303857686,0.232874185250316
8150,5759,0.621612544755148,0.00438175036487195,0.298210549168803,1.24834327627411e-07,1.18451066668027e-06,7.00481227330726e-16,0.000790039448184828,0.0750038069179974
6359,4799,1.6244548287144e-06,0.0060190527898211,0.839288492970321,2.13903510326139e-05,0.00209169193108196,3.68489203992777e-11,0.0309450387650669,0.121632708700999
5462,7316,1.21155952397324e-10,0.00594008046672152,0.863696094281123,3.11804808535685e-06,0.00143620759396483,5.43779670325041e-10,0.0371224471260068,0.091802051819163
4912,6597,4.54127767045936e-06,0.00410041787822087,0.913134388818196,2.6470576617802e-07,4.03686366594824e-05,9.81103445986512e-16,3.46729233061348e-06,0.0827165513911551
6084,4319,2.4120238566822e-14,0.00251587864656987,0.831306500446423,1.40097526260268e-09,8.47709948448054e-08,9.68913803395942e-23,3.53681558839635e-07,0.166177181053454
5807,7196,1.02114543310033e-09,0.00242819103215353,0.934484891994029,1.25122696736673e-07,3.1743269829651e-05,1.15617193115061e-14,5.25728321959188e-05,0.0630024747279379
8151,3361,1.63664374664655e-15,0.00320941338334616,0.976551405534255,1.91932233765404e-11,5.94263294490788e-09,1.78257410811105e-22,1.56110328717743e-09,0.0202391735594683
7942,8756,5.03601565784279e-10,0.00484276056893656,0.911098058897444,9.21212500578563e-06,0.000488532464229512,7.29610230326658e-12,1.70625940983589e-05,0.0835443728393876
4152,9353,4.07992014546892e-09,0.00505324745139661,0.920037750288505,1.67352484037233e-05,0.00191895937315814,3.25151024350562e-12,4.33027631780394e-07,0.0729728705277327
5875,8275,9.37413186181208e-12,0.00730123099644908,0.923056872005589,3.69462971069549e-06,0.000818931785317761,5.86719230457481e-14,7.57162119595516e-05,0.0687435543615407
8495,4440,0.126457527137957,0.00555728575219995,0.752153026319272,7.61902014121168e-05,0.0011525694338782,2.45158592311012e-07,0.0480100256214655,0.0665931303752227
7117,5399,0.461571483854441,0.00537744305924572,0.467225400289979,9.71422891702687e-06,0.000687175703777563,4.22275205900873e-13,1.18434831299817e-06,0.0651275985149037
5877,5158,5.01299109106856e-13,0.00766553198428297,0.729952669807309,3.29996746566939e-08,1.54500269542485e-06,2.21140352835672e-15,0.16683589394761,0.0955443262579246
3811,2520,0.263454390331972,0.00455742696873696,0.698845093599975,8.04714915728003e-10,2.91831318337762e-07,1.38334569278549e-19,2.75183187653519e-09,0.0331427937114509
5050,5877,0.000392429812833781,0.00220520738862174,0.92076987574433,5.74479334167937e-08,8.73428727492053e-06,1.87792666201908e-16,1.93090072732412e-08,0.0766236760099989
4292,4798,1.30331396737369e-16,0.00314430826020623,0.931750453564396,1.60328295949979e-10,7.28054643067736e-08,5.51878690906397e-23,1.50709952109653e-05,0.0650900942143939
3395,8034,0.119831635325401,0.00798174009483848,0.771896060921851,4.6411907378461e-05,0.00297477788176817,4.93192529304352e-11,0.00568469474821954,0.0915846790712246
5601,5638,3.22900426413814e-05,0.00917065515163729,0.870295508635646,3.94440304798972e-05,0.00108850631383251,3.44861582194287e-11,2.66286843499148e-05,0.119346967106927
9392,1684,2.85142138088534e-17,0.00386083227771015,0.894319767299332,9.82626815747987e-10,6.63006949528089e-08,3.69049090282936e-21,0.0214884149766192,0.0803309181630166
6150,9235,0.00680620042101921,0.00888311889399045,0.764402535049135,0.000842629346591783,0.0709846700217284,8.42920384982584e-07,0.0538804414200275,0.0941995619271226
3328,4078,0.082508736844706,0.00369037741667768,0.829301679792704,4.31461262511816e-06,0.000270846112735708,5.26422140548879e-14,1.0781899395214e-07,0.0842239374015052
10147,8997,9.95384199655484e-07,0.0158608880703673,0.646022257832629,0.000185647118180435,0.000591122666420541,5.51018596058085e-08,0.169287473721623,0.168051560104721
6220,6957,7.079414658045e-11,0.00239033174764197,0.952326888727228,1.91887090433426e-08,4.01583203055613e-06,8.6203773631748e-16,5.77189383271139e-06,0.0452729725397624
10080,5041,0.846887322697882,0.00815802063067104,0.0113619735917052,9.0840938720617e-07,7.8444435509971e-06,1.45395798989712e-14,0.0340573396523734,0.099526590574416
7118,2282,9.6834373730103e-14,0.00246405437164812,0.670117176548543,5.09933958904191e-09,1.43103932030369e-06,3.24938358664424e-16,0.190717810289565,0.136699522651486
7049,3361,2.85059351829951e-10,0.011847707630715,0.473511221511761,3.73969624828295e-08,5.63260691862823e-06,2.42305946846831e-12,0.302392050763217,0.212243349802943
5807,7916,4.10727211339368e-06,0.0111343962156405,0.799700098808092,0.000757877919475812,0.0564439192547308,1.10423848394491e-07,0.0403176440065951,0.0916418460995037
3673,3719,0.638320306705966,0.00360977792236915,0.353379141292893,1.53328324749683e-11,1.84498616253751e-09,1.90944564304895e-22,1.13894126864416e-11,0.00469077220706396
9734,6599,5.46469940838267e-16,0.0025292113987753,0.958135005412725,1.31925204536389e-09,1.53888919113549e-07,1.94146053880331e-16,1.52398667001038e-11,0.0393356279650877
10215,9356,1.98995346835947e-07,0.0265141475570054,0.680117516244873,4.1974497495628e-07,1.7954453879636e-05,1.86467626102768e-14,0.0944283964134047,0.198921366590497
7945,2762,7.37059010393922e-16,0.00244361691893892,0.920541391279141,4.07251938586204e-09,1.70295926663214e-06,2.17429236872016e-19,3.76115912972686e-05,0.0769756731788359
4222,8275,1.884321308251e-06,0.00663214649753948,0.947902505871716,1.99371066835358e-05,0.00208851440733102,5.3105733754694e-14,1.11398905653928e-07,0.0433549003964628
5396,2880,2.30708770894512e-07,0.00185898082833895,0.754285261951151,1.39198287273078e-08,5.03740491468713e-07,1.59238235594672e-18,0.0604123728932186,0.1834426359582
6083,6237,3.62690803708196e-06,0.00155549095687854,0.954234701721408,1.43272654839985e-11,1.20015090712404e-08,4.27753631081183e-24,8.9297272790647e-09,0.0442061594681125
3603,5997,1.08198840053136e-11,0.0113559996329456,0.741683818232007,7.87750465037867e-08,1.37482210717916e-05,2.21310392593991e-14,0.0740809459017018,0.172865409226385
9597,4920,0.314164656829974,0.00488761345968764,0.592758538657705,9.90900172376705e-09,5.83482336582086e-07,8.29779681815828e-16,3.07883528812785e-06,0.0881855188260058
10078,9356,1.57965422377371e-10,0.0183567970509653,0.778174438650631,6.95536482580895e-08,7.21609295805467e-06,1.5409510251918e-14,0.0661823755513258,0.137279102942491
6013,7796,1.29579650677527e-08,0.00731471890874157,0.58427079698622,1.29523253685847e-06,0.000179236045247174,6.6663089820475e-08,0.247540220582366,0.160693652623834
6081,10313,0.00230759062148825,0.00733538800827492,0.862164230981825,0.00160989391049561,0.0637111976665113,1.94412966831986e-09,0.000127146500903635,0.0627445503663717
7323,5519,0.47453709751413,0.00635420477641407,0.468589012336412,6.10732086111871e-07,1.21462422862265e-05,4.63545713499544e-12,5.61505893222041e-05,0.0504507778047142
6014,5398,6.28703020241391e-09,0.0155695652751633,0.825933918186906,0.000154340534561509,0.00164214623576684,1.38964659670238e-13,0.000185858283841588,0.156514165196592
9596,7798,9.57075034461607e-14,0.00475204208826541,0.91319944892804,4.14327947293304e-08,4.72704990684088e-06,2.25173456977754e-16,3.090221014431e-07,0.0820434314787952
4083,10193,0.00748205447816742,0.0090483188594077,0.873523507073408,2.360252949826e-07,0.000110328696517195,2.27800703166873e-16,0.00150381331009865,0.108331741557106
2984,2999,0.0392959819819051,0.0316353186686304,0.288240778312596,4.61965017320048e-09,2.92124647802367e-07,4.84225962187074e-13,0.463785457928066,0.17704216636402
8150,5279,0.45856387225997,0.0181614766704067,0.477400756760004,6.1508215524787e-07,7.76094847460506e-06,1.31961909392823e-13,3.79435108252842e-05,0.0458275747680323
4844,2880,1.14476520760761e-14,0.001951086175942,0.887739882744133,3.7565436886175e-11,9.02798529528429e-09,6.25042571860419e-25,0.00063587907912662,0.109673142935236
5944,8156,3.36142520422708e-10,0.00627573095945206,0.923889470605726,1.62881418421594e-06,0.000328061523325496,8.10224804608147e-14,5.22041658542927e-05,0.0694529035952339
3671,7315,4.40946815382484e-06,0.00877769969971791,0.835194838097806,5.6700877578026e-05,0.00538319940838094,1.15984054248098e-14,0.00405190467300444,0.146531247775347
9320,8996,8.2538285363844e-15,0.0259028123653257,0.871996845442579,1.47866601318111e-09,4.09129614039002e-08,1.55071349024561e-19,2.44115898434555e-08,0.10210027538887
4704,7675,1.75049436739099e-06,0.0134818715765035,0.761152800988919,0.000491708193372684,0.0301546980876321,1.60750681199182e-05,0.0552519752309398,0.139449120360146
7875,5040,8.56596385500263e-05,0.00495590611772354,0.887129309134925,1.14524571724798e-05,0.000833004441492054,2.08151395147309e-10,0.0239681181362512,0.0830165498657347
6839,9235,0.775689301558139,0.0136751589758078,0.172503918320055,3.2508609209406e-07,3.06450424887929e-05,7.10984498249012e-11,7.81946412817465e-06,0.038092831482191
4911,7076,9.0672171886654e-07,0.0109604098676352,0.739440505222268,2.5205146542594e-05,0.00248873413811174,1.41830394387153e-11,0.0133145237359235,0.233769715153617
4844,3360,1.44636532861405e-15,0.00118175051165363,0.927380136594744,1.19924205728503e-10,3.99444263234393e-08,1.18005406218052e-22,0.00784856622058765,0.0635895066086624
7806,5879,0.157677268005522,0.00575015036937137,0.787386696318303,1.30532755338271e-07,4.99730740015033e-06,3.88508841743813e-16,0.000198147975413992,0.048982609491234
5051,2521,7.71484127604073e-12,0.0033002737872802,0.807466836009581,8.27437825543141e-08,1.46874389600293e-05,3.84176620858608e-16,0.0548118064964574,0.134406313516224
9529,2882,1.58903492637144e-15,0.00192411208336721,0.95178283778106,9.92133005554296e-11,2.86414978938321e-08,2.11667476023342e-22,8.60864507265535e-10,0.0462930205339959
5599,9474,0.495425448785406,0.0157383758383268,0.395584229798153,7.78497378891564e-05,0.0151718161804471,3.20321995819215e-11,0.00342692396032001,0.0745753556674258
3810,4678,3.42062889207611e-05,0.00319418111895766,0.934550900096018,4.28414811461327e-10,2.61298930925455e-07,2.2747352884567e-20,3.56015661218855e-09,0.0622204472086012
5532,6477,2.16055117669739e-06,0.00432396671433828,0.776915917202475,7.87570870743261e-10,1.60368314325827e-07,7.93640898665362e-18,0.15172665285296,0.0670311415231654
9599,2283,5.03693756202048e-16,0.00368623120354555,0.9310753793641,1.39895209494673e-09,2.16521284124197e-07,2.89214653046946e-20,0.000105926316883922,0.0651322451952336
8218,8037,4.29897035454595e-14,0.00322919503558548,0.960408071666318,1.21887622915328e-09,1.90749906380203e-07,5.81216897839838e-19,4.07716342756056e-13,0.0363625413288628
6839,9714,0.00584079166006525,0.00457495436066444,0.893628389916012,0.000176819624504965,0.00393955608969709,7.20145143454523e-12,0.000380682087892031,0.091458806253963
5806,9834,0.544160645030385,0.00521419123550848,0.369434100653747,0.000244115085310921,0.0068242275681471,1.36015181877402e-09,0.000513205737864965,0.0736095133288849
8565,1923,3.08370710077329e-20,0.0010957282114531,0.955090930402983,6.21713518537973e-12,4.35729027481447e-09,3.61114590783361e-24,2.25225479231869e-09,0.0438133347698014
4636,6836,0.000511748855098747,0.00701447505111497,0.896352441079118,2.48010174283746e-05,0.00299604742934873,1.45224075455879e-11,0.000874335960103527,0.0922261505932647
5392,10553,1.43885795460655e-08,0.00460362688026012,0.892487886026514,2.91879063807539e-05,0.00282530383447815,4.65162311929262e-12,0.0317314226484114,0.0683225583107245
8356,7078,9.28408465364294e-11,0.00756919955685053,0.907447606378466,8.70044378264058e-07,2.09803776553542e-05,1.74005545164638e-15,0.0161727957739895,0.0687885477758177
4843,4798,2.94179083663875e-11,0.0217827461509909,0.431247325929456,1.44146303926014e-07,1.19645665730948e-05,4.16857922806386e-12,0.427385196731243,0.119572622441846
3948,4678,6.34588836036163e-08,0.00164343990910721,0.957856752526307,2.21717391833849e-10,5.56673989452523e-08,6.01858431365583e-25,8.29743793035289e-07,0.040498858472793
8565,1683,4.5201290582344e-09,0.0081938727202907,0.800033420566821,3.14285378256901e-06,0.000280212522930228,1.88408551711001e-12,0.0782858000481699,0.113203546765993
9597,6119,0.475085759173244,0.0391061468199893,0.369787060297136,9.58730721332499e-07,1.3371714075479e-05,1.95070431057263e-13,0.0217920661829445,0.0942146370816941
3259,5397,4.01481227083079e-10,0.00837293619016352,0.696970077678907,1.80499387298491e-08,1.09396234323968e-06,1.91495738252458e-17,0.0626127266955468,0.23204314702162
5048,8994,1.64481841067368e-06,0.018268666919634,0.116708189057271,4.90670622559807e-06,0.0010497782578793,1.96794857342072e-05,0.752068577869255,0.111878556885591
9390,6958,1.50435708501278e-14,0.00404082978717123,0.934899729766928,3.53107679369559e-07,6.79181632304554e-06,3.83165483351857e-17,9.30375672764625e-07,0.0610513651462104
10081,2883,0.0032863437217226,0.00850213030621026,0.727363167087526,0.0164019500346377,0.101766063574713,0.000388973151245521,0.0466122671321119,0.0956791049918332
5258,2880,4.03417547233839e-08,0.00158671473926797,0.857552949116645,5.95536877985819e-07,3.41500226520126e-05,3.47594468545561e-15,0.0441212472273102,0.0967043030154891
9596,8757,6.52870353295941e-11,0.0141099135651348,0.803704981580373,1.65520215848447e-06,7.51708954589739e-06,1.78230322887632e-15,0.0101411541903895,0.17203477830711
6081,10553,2.19602169223938e-05,0.00451709232757772,0.91544161165495,4.36009749382554e-05,0.00602405196856033,9.49074836060691e-10,0.000414819963645307,0.0735368619443308
5530,9354,0.340622977400107,0.021448418463041,0.47350666304501,0.00028788700022934,0.0313209173448018,3.65020670637574e-08,0.0192540253273112,0.113559074917433
6704,4200,1.19143376617233e-11,0.00470191466603104,0.776566162867967,4.75075747095385e-08,4.47971494354625e-06,7.55301336308154e-18,0.0251811628446618,0.193546232386908
7049,2642,3.66934963100314e-11,0.00481144200428502,0.81608899659742,9.66261677999036e-07,7.09352990653993e-05,1.80800593824976e-15,0.0112204756070932,0.167807184193763
8012,6238,0.0302426863227115,0.0104031883195487,0.887506197344619,9.75242302661897e-08,5.38243479790961e-06,3.81772319126504e-15,8.44682959832502e-07,0.0718416033711295
4844,4559,9.1822264064956e-06,0.00519394517624143,0.790373660510188,0.0165574606506058,0.054696440246245,1.83467783860996e-07,0.00922815121141377,0.123940976511116
9459,5160,0.273978043642982,0.0517545904071127,0.42632584618191,4.99818142955253e-06,0.000246443110974691,2.17138206841287e-11,0.011485594090599,0.236204484363278
5393,7436,2.75478094515323e-08,0.00701262006267876,0.50394289757137,7.01779576346325e-07,0.000305325881029966,8.41632069878231e-08,0.3317190629192,0.157019280075129
6772,5758,0.00197530832811322,0.00348150392409201,0.888417025332574,5.00504561537155e-06,8.56414058933785e-05,1.86424237124222e-12,0.000312213668720561,0.105723302293128
8081,5879,0.0710061566463104,0.00779757322291205,0.82610480332221,1.97335513988825e-07,9.57871058833313e-06,2.98619902113675e-17,0.00360468437369249,0.0914770063887732
6291,3960,1.9098889982178e-12,0.00255253260384161,0.816251413508128,5.25186606217537e-08,3.76956509510361e-06,3.88261551365036e-18,0.0337505186713402,0.147441713131025
7323,6957,0.115058064951874,0.00816818046248938,0.827874416872595,1.07076601965663e-07,1.10713064898538e-05,5.97913236470347e-17,5.82322002477004e-07,0.048887577007947
9736,2763,1.06572216011533e-15,0.0019312162371831,0.953285065676492,4.29238934005798e-10,1.23877400253696e-08,1.41525352441614e-21,6.86732257162802e-09,0.0447836984020219
6153,4679,1.07987529230991e-09,0.00769110834824253,0.814473552799261,2.56233952603672e-06,0.000211322648120311,8.33355681630806e-14,0.0446488085179752,0.132972644266916
4292,5757,2.82838017484678e-07,0.0209194938180383,0.49453558736193,7.45125328965488e-06,0.00136499411802334,4.63853280494255e-07,0.339843346421774,0.143328380335647
7944,5399,0.504118974528953,0.012700292260673,0.431346009455954,1.83349440560057e-09,1.14526700817862e-07,7.83119762350805e-18,5.96071480890027e-05,0.0517750002461357
4637,3480,4.00067270968701e-16,0.00221723002316439,0.907419448357934,8.06884905662976e-11,3.8286240759158e-08,3.58210516945595e-20,0.000452562775590911,0.0899107204763808
3466,4318,0.638803027189749,0.00562401478692048,0.313406511741862,1.03430207203116e-06,2.9688395284035e-05,7.02725711450616e-16,1.56754780992202e-09,0.042135722016564
6977,8995,0.509691826262728,0.0054521198072875,0.421042927786665,0.000141353364827175,0.00152868379906346,5.36028687387708e-12,1.21627366235353e-07,0.0621429673467024
4498,7555,0.0127930047237768,0.0329817967959343,0.467364328810775,0.0289426909555493,0.227879572564142,7.56886157796189e-05,0.0650154101169378,0.164947507417105
7116,6118,0.400765767500782,0.0462789288778104,0.466262736866075,3.87576177399019e-06,3.99660862819035e-05,7.97359244463266e-12,0.00642736897051156,0.080221355928792
7876,1683,7.31171461284975e-13,0.00417262233441774,0.905189122169332,4.37954128759164e-07,0.000125498934164329,2.85769892809351e-17,0.00216406120596552,0.0883482574012606
4910,9234,5.78885529077145e-06,0.0232493902529114,0.472623109706258,8.52479396728179e-05,0.0166930117235716,2.24255545310637e-07,0.352344055881188,0.134999171385562
8495,5160,0.440754695052184,0.00946398884699377,0.428721848058986,2.78641922046465e-07,9.14431503286634e-06,3.52418532451808e-17,0.0280215893696609,0.0930284557152203
7807,3481,2.29985246895072e-06,0.0448229144128551,0.440080831400433,7.47328968037752e-05,0.00517762208366032,0.00132098941630504,0.38864598090173,0.119874629035743
7943,7317,1.85629302168188e-11,0.00321357391009533,0.933491497791661,7.66862494669555e-08,3.28114750184654e-06,3.24640859386178e-18,0.00285661995093447,0.060434950494995
7666,8996,6.09193751443139e-12,6.92687697107541e-08,2.61775955891412e-07,1.01685130295098e-11,5.49577503771257e-09,3.75571506751025e-12,0.952303857399529,0.047695806039954
10146,9716,0.000443211992303371,0.101385447774281,0.599276870398999,1.87956775664875e-05,0.000589086965568712,5.91610667039068e-11,0.0725045136801842,0.225782073451937
5048,9234,0.000269134378782427,0.0291207929843343,0.423468871735709,0.00127362890543968,0.0947855046840742,0.000380821760548232,0.307709687143011,0.142991558408101
3191,3119,0.114142798263495,0.00524650063593749,0.791233017889177,1.47794252799164e-06,0.000109840354774943,2.62692963009073e-16,3.63629939580168e-05,0.0892300019201293
6360,3840,9.78457744775251e-09,0.00888531788097699,0.768110972665638,2.97736229395631e-05,0.00111785931262096,6.25167084518444e-13,0.0620440844885143,0.159811982244108
8703,1923,6.89761047280763e-15,0.00344902698307774,0.939863418464227,9.80664809685154e-10,1.32739801022382e-07,1.41470258588949e-21,0.000940289517901307,0.0557471313143214
3742,2160,0.57736580130992,0.0151223415407545,0.31915551220858,8.59248688754046e-06,0.000179190568936997,1.34495384563092e-11,0.000283682818593943,0.0878848790528775
9045,8037,2.42870494755713e-10,0.00741647321992192,0.89229609266963,2.29374158878451e-06,7.9031201071774e-05,4.40498795469895e-14,1.82776115109766e-06,0.100204281163722
7321,10074,1.8473540258592e-10,0.00536062859193223,0.923049980413979,4.76802333177179e-06,0.000469296857245143,1.67884512503563e-09,5.54656432334936e-05,0.0710598586066974
8700,9116,3.91828254261214e-07,0.0280665816201183,0.828802582793585,2.49126861264916e-06,0.000342033929755936,3.88228461017869e-11,0.0759012644053944,0.0668846541154569
3877,8394,0.510517146528473,0.0146791286412665,0.350833225492032,8.09154965084072e-05,0.00409528203746712,2.9264237153765e-10,0.000767187921103722,0.119027113590506
6499,1442,1.0275807094657e-12,0.00268104492570333,0.90557767519271,1.7830289202878e-07,4.66644705277024e-05,7.26959574448675e-17,9.85248264379395e-07,0.0916934518588754
3878,7675,5.61724099871309e-05,0.0128420434568683,0.793510356780272,0.00106881540561894,0.0579174111137185,4.16156098295152e-08,0.0112454459247717,0.123359713293154
4362,2281,0.018512951865002,0.0043432833949091,0.818353947008502,1.01897048889213e-07,1.02088952790613e-05,8.18521933194183e-16,0.0706597069530636,0.0881197999861949
4155,3839,0.000245255327357774,0.00392739551025322,0.909330300295876,2.39859141749978e-08,1.40178866510022e-06,2.42553889600789e-17,0.0255475163814255,0.0609481067105078
4980,7196,6.4948013035003e-08,0.0329021412660155,0.353396838507,1.98961427898095e-06,0.000269233986734422,1.36214152221722e-09,0.322918783872878,0.290510946442939
3811,2280,0.491234649742373,0.00345360210988693,0.464195041007679,1.05713134120643e-08,6.35239615961538e-07,4.17033968322745e-17,0.00145490876636018,0.0396611525627712
3602,8154,0.385014593056339,0.0178264191743294,0.480686500154776,7.39453800878316e-07,4.53815944015846e-05,5.46719378261089e-15,3.83391248458881e-07,0.116425983175099
4362,3000,2.04657983655357e-11,0.00271262124268034,0.848876049055155,4.01461523184513e-10,2.72144759115673e-08,1.31491788638576e-24,0.0286304833117482,0.119780818754013
9457,9236,6.98053392101488e-10,0.0144349735667307,0.850229105637273,4.28056522084062e-06,1.18755941108876e-05,1.13646993752134e-12,4.08572203712693e-05,0.135278906717103
7668,6118,0.298071606283187,0.00596244690236119,0.639412959265227,5.68422265679871e-07,1.26206652137977e-05,4.40187277588735e-16,0.000985975201924677,0.0555538232598203
6567,2521,3.65231106122534e-15,0.00223564985881322,0.826411969852909,1.73547889417124e-09,1.53251869719374e-07,9.3991220433047e-21,0.105695687680819,0.0656565376201066
9048,1803,2.5455175542835e-12,0.00507386380744023,0.908817789623163,4.88234210633681e-09,1.74422533449495e-06,6.37527843312725e-16,2.2221788501612e-05,0.0860843756706725
4499,4199,0.593204499885956,0.00886690633715996,0.206525021684429,0.000660991501089451,0.00345448351645315,3.90644538704352e-11,0.0537044915456432,0.133583605490205
4568,5038,1.56001489114082e-13,0.00577694870228537,0.85437327787645,8.52797588785697e-08,5.58965882564271e-06,6.47902801239203e-19,0.0338288182171243,0.1060152802654
7256,2522,1.26918045895946e-15,0.00200796156089526,0.909392202368378,5.66816773681923e-09,1.67598968325861e-06,2.49828221747882e-20,4.40159541046455e-09,0.088598150011279
3191,2879,0.466275582019347,0.00473486745711132,0.403737695563044,1.06311120330665e-05,0.000199282492958041,1.62138279312677e-12,0.0113307264637453,0.11371121489014
6566,4919,1.94788945008801e-08,0.00601974955005292,0.781091468376553,5.479270320763e-07,6.93114115076615e-05,3.77074163168672e-13,0.053922119822484,0.158896783433099
9113,9116,4.36222372843453e-11,0.00609358021389751,0.906129111426281,4.27408571235993e-07,5.00411948232463e-06,1.39783818846943e-10,0.00439903894587538,0.083372837702487
6635,4559,1.18705212431919e-09,0.0058878076464294,0.68873422712275,5.32263946735131e-07,2.37678023767173e-05,5.75257202091789e-13,0.0954813165079701,0.2098723474689
6979,5878,1.83162651156361e-07,0.00645560549611251,0.944475410191327,1.24042271512632e-08,1.5766141679473e-06,1.25004001162397e-16,2.94466280730684e-08,0.0490671826848864
3534,5157,1.00306646805858e-13,0.0035173172944791,0.755599403428343,1.14413616201681e-07,1.13718900512074e-05,4.12837198745913e-16,0.134513007444511,0.106358785528899
6013,9234,0.0731731856322093,0.0102456547060447,0.737080413201962,0.00351720491410292,0.0508824081401502,5.15802582846884e-08,0.0317778413792672,0.0933232404460049
5392,9834,3.4095344200293e-05,0.0155254850506953,0.735668695922207,0.00495404052515723,0.175523058572828,3.87075879566766e-07,0.00573236246661192,0.0625618750424212
9666,6479,1.22808522637022e-11,0.00504736209858471,0.935485334045857,7.93095646267203e-10,1.66019043643803e-07,1.62956408685024e-18,2.01617865461821e-10,0.05946713682952
7392,5399,0.170951386500894,0.00711701687766459,0.745349700645655,5.12485389508447e-06,0.000143545886753742,7.29465293997151e-12,0.000203365533860463,0.0762298596939831
8011,8396,9.87919003453953e-05,0.00371398131332753,0.943702466412492,2.27023443833324e-08,2.10062084533525e-06,7.73660941225957e-19,1.83484883135117e-11,0.0524826370322972
8425,7917,4.5238254372912e-16,0.00376553494452962,0.944714464041549,3.91813253262258e-10,2.03715264587672e-08,1.02442921535998e-19,6.31146288628248e-12,0.0515199802442694
5946,4799,3.72782245787857e-08,0.00692495619270609,0.270093306045673,6.96233186164254e-06,4.80289541364712e-05,1.33650709583821e-10,0.388640626015942,0.334286083047805
7253,9715,3.96072714347365e-09,0.00561212548409817,0.889282327385327,1.69623465537436e-06,0.000213234012439385,1.37453278972351e-13,0.000400551745124612,0.104490061177491
7734,10554,1.20196394893593e-10,0.014558829237374,0.854953952864974,1.31060992274857e-09,5.34954373029749e-08,7.25976243684179e-20,3.79712098418763e-07,0.13048678325931
3466,3599,7.9589794017542e-05,0.00192902061159297,0.978275459579993,5.09380379330656e-11,4.85840160144975e-08,1.5819251694603e-22,1.26393237724006e-15,0.0197158813794411
8631,7797,7.08492195352397e-13,0.0055660385821106,0.927605264166525,6.87903115305935e-08,1.03568524519465e-05,9.23937766598883e-16,6.26310525288458e-10,0.0668182709815815
8014,2642,1.13317199298403e-12,0.00242468501681344,0.816229465676575,7.2841785347964e-08,6.16377578799424e-06,7.9240297098831e-15,0.0970226126055879,0.0843170000823093
9530,2403,8.56252128961221e-18,0.00261313580216352,0.895220249504923,2.20015850950324e-10,4.10095739278158e-08,3.94158590532413e-21,0.0533896199489371,0.0487769535143872
5324,8275,3.20894185410915e-06,0.0296407674232151,0.522742914810019,0.000117116793845968,0.0429937920012686,1.18999566821637e-07,0.262752837947034,0.141749243083197
7530,6118,0.14799262353412,0.00289008338811479,0.774013777918745,2.08577982382765e-07,1.27635897075753e-05,3.52094337107348e-14,6.10797276480342e-05,0.0750294632636469
4843,5278,1.41059970940542e-11,0.0145894762300083,0.431123851547081,3.30004607463565e-09,5.81622287828085e-08,3.09330267364749e-17,0.321105969783054,0.233180640963476
7669,3481,0.00150627197951724,0.0591759067264499,0.358990405357473,0.00354061125648732,0.0739810193251514,0.0500782049450847,0.259311223358241,0.193416357051596
6840,8516,0.185624769406557,0.00784772973684494,0.744069734186302,5.54564011144619e-06,0.000310833477608312,3.94790929570897e-14,1.70962425340091e-05,0.062124291310003
6634,6957,0.158127718773261,0.0163244547356541,0.650629373425648,1.50494738404919e-05,0.00100963667423505,5.34267818820388e-13,0.0443002703573972,0.12959349655943
8909,3721,0.0828244239171512,0.00627885751590492,0.838671979150212,7.00844176477685e-08,1.97390600391157e-05,2.50138991934714e-13,2.60844992654691e-05,0.0721788457727595
5465,2761,2.2542980527918e-14,0.0042401382737989,0.905481036823648,8.74341931316883e-09,1.11069728995937e-06,1.43269681271043e-20,0.0120207484826308,0.0782569569791902
9942,4801,0.52691522266355,0.0297840113885256,0.2912488301237,3.11691762395413e-06,0.000138336347182655,7.41339153659277e-18,0.0310293799763757,0.120881102583041
7598,6958,5.77170478986006e-11,0.00237996000800665,0.980884713228406,1.84614083842024e-10,4.65532776445447e-08,2.08285859991363e-21,1.71249139186424e-14,0.0167352799679615
3258,5876,5.72714420558378e-10,0.00512787508726637,0.699896348002967,1.48802808147128e-08,1.11178056245858e-06,1.12154938630342e-17,0.0446971979534237,0.250277451722786
8700,9356,0.00858191583649754,0.00765527777852137,0.926096435279442,3.70790462553287e-06,0.000153936522084933,2.71531211571694e-11,6.80803598288253e-05,0.0574406462918466
5805,10313,2.56808753394046e-05,0.00754684102743437,0.926987402459332,0.000106442835838099,0.0191638155578938,1.28106339782162e-11,1.45635823003991e-07,0.0461696715955284
5256,6237,2.95489755777728e-07,0.00332581030986436,0.939423907444379,9.93553626759741e-09,2.82493916863157e-06,1.8215456151018e-18,2.19372855844695e-05,0.0572252145957111
9595,9236,2.60060010046834e-08,0.0243868232603433,0.855264621444365,1.46909771378133e-07,3.49052699400356e-06,7.38023701345623e-17,6.63653056432291e-05,0.120278526546882
8563,7437,1.22060879792523e-10,0.00527561929005176,0.916351512071691,4.80262430658554e-07,2.59533983805049e-05,4.37124491447942e-16,4.28924206997919e-06,0.0783421456133143
6909,8636,0.232718761428185,0.00711592812958508,0.667094162194876,0.00167038978545564,0.0122800411611143,5.22954637201876e-10,0.0125483712383122,0.0665723455395176
9939,10076,0.0727528158561413,0.0214724003261257,0.771296923153129,3.97259820852869e-05,0.000477292183918155,5.52687729825671e-09,0.0301461254486673,0.103814711523056
6563,9954,9.73996216632728e-07,0.00987806707788708,0.900824232328694,3.83325137512809e-05,0.0142469968359027,1.48449112779691e-12,0.00333686975566762,0.0716745274903959
10011,4441,0.137294833860594,0.020804799823363,0.705916073302611,1.38319065016812e-06,0.000215996920320877,4.58191589273951e-09,0.014248455963512,0.121518452357033
7875,3841,0.0411795758639025,0.00429966595914444,0.885492596955057,1.29700301150671e-08,1.96928492490503e-06,2.19982267873688e-17,0.00299581296576156,0.0660303660011798
8355,10195,3.35539580800702e-09,0.0637672172236153,0.783369081802221,5.0554674547037e-08,3.56569682676264e-06,8.6634876533443e-16,1.53438074625138e-05,0.152844737559803
5394,6956,8.89915740311117e-05,0.00745858291037073,0.816173089131625,0.000124524096511991,0.00859627701488529,1.4886630050175e-09,0.0230701376880578,0.144488396095855
5048,10193,1.71928433236895e-06,0.0156937757153258,0.763460854585892,0.000392100055587574,0.0387346374394819,1.57153560651526e-07,0.0549429628642081,0.126773792901611
7738,2882,2.44844333010427e-13,0.00296042076048194,0.890588968016339,5.48302932495611e-08,1.71555603206078e-05,1.82560247437082e-16,0.0192863199657212,0.0871470808665985
10079,6719,2.49830307916033e-17,0.00315161678994839,0.957409782815082,1.60110970716033e-10,4.97339113226369e-08,1.10081905443974e-20,3.19075413720018e-08,0.0394385185934058
4913,2760,5.27964071720266e-19,0.00108712963435898,0.924233235594499,3.56186042312781e-12,1.58340293718202e-09,5.0126921440826e-25,0.00422049348928241,0.0704591396948946
9528,5040,0.233495487495791,0.0121228553446443,0.574922683103201,3.58441799889148e-07,1.09096413894868e-05,1.4334179256528e-15,0.0422895060975201,0.137158199875652
9460,3961,0.213861949752317,0.0304655007921311,0.524357001306361,0.000846718672618047,0.0288360351767415,8.51167907436662e-06,0.0270689344987703,0.174555348121987
9736,3961,0.0152311167348578,0.01699058876414,0.893819047941147,5.16602774378539e-08,4.04268263041278e-06,7.38815037181145e-17,1.1531934141683e-05,0.0739436202828061
7460,9115,1.50758551752245e-06,0.00436274461763362,0.894756667567621,8.78209343003713e-06,0.000740695712674882,2.4901228094556e-09,0.00395902760212841,0.0961705723308715
8632,6119,0.285685903711178,0.360813061259849,0.0748471363730241,2.45554451168433e-06,6.17002952744092e-05,5.77849708668074e-16,0.0797706725772903,0.198819070238872
10217,5280,0.470758406743502,0.109811984677538,0.315902206209482,6.0539526845557e-07,1.10746970881708e-05,7.58523484633989e-13,0.0234378525324122,0.0800778697439517
7528,9235,4.46142816914832e-11,0.00348370759009846,0.929764902835317,7.36793579336986e-09,1.87965355130918e-06,7.01473200492901e-19,0.00139506603107255,0.0653544364774105
5807,6957,3.43128552870056e-11,0.00281473363180631,0.945464275892697,2.92793885245701e-08,1.28192016782851e-05,1.44899207917466e-16,1.02558176296854e-05,0.0516978861424876
5186,9714,9.92356568906689e-05,0.0154112648280285,0.603456200136767,0.0192632898247199,0.225983909452077,0.000313743269009501,0.0359070904718876,0.0995652663606195
4085,5397,1.20124065144173e-08,0.022823883305804,0.597998033115754,4.48267415153901e-06,0.000160246812419591,9.81696975055027e-13,0.133478163715005,0.245535178363478
7668,6358,0.0859492280548312,0.00743378074560119,0.845686118802002,1.54713293999461e-08,7.28658208706611e-07,1.57123128922306e-17,3.66988186690057e-06,0.060926458386161
8358,3002,3.18965442533032e-11,0.00202262017757453,0.954923248508155,1.28321610405753e-09,1.89943670695977e-07,4.94805975242841e-20,2.47303983383482e-06,0.0430514670156532
10146,9956,0.303419005059537,0.0392961263948059,0.572163082179453,1.62983393382018e-07,2.37913025294801e-05,1.82565618643657e-14,0.00339825940224379,0.0816995726780192
6220,7676,2.88213201639207e-06,0.00748227571031639,0.702104204679003,5.59663148591073e-08,1.46036401518881e-05,6.67202295838876e-15,0.162202547501033,0.128193430371159
4221,9234,6.30565596037434e-09,0.00635832995000697,0.885043128060788,0.000107254186951792,0.0344402867368578,3.62441381854676e-11,0.000734569476608245,0.0733164252468866
9045,7078,2.34674177329698e-11,0.00423793843227476,0.941218087092605,1.79872374338662e-07,3.3153754484004e-06,1.7326624147805e-16,3.93806773374189e-08,0.0545404398231523
8149,8876,2.17641282951061e-18,0.00521352789633135,0.966907475443518,5.53240726890675e-12,2.50025380441105e-09,1.30678479143321e-23,2.20802967801927e-14,0.027878994154342
8978,2882,3.14923489181757e-06,0.0103171335299664,0.91940822730289,2.43249582024673e-06,0.000142723415164509,1.49946194483816e-14,0.000388201782376877,0.0697381322388752
5118,7196,0.000358675247370945,0.0128711450774921,0.739692170927518,0.000177951839141859,0.0152786686347491,5.2627626548266e-10,0.0343261191542068,0.197295268593245
6636,3121,7.80953478360773e-10,0.00498065938979969,0.788518073759595,5.79080014345887e-06,0.000332418974815119,1.30369755304431e-12,0.0562263586807374,0.149936697612652
6081,9354,0.123539479860227,0.0366203674103069,0.438331485114587,0.0091661881438504,0.108019555639754,4.17850342446471e-07,0.11673636353111,0.167586142449823
7256,3481,1.3700130683935e-08,0.0109343932508554,0.448473972312594,2.95114541117895e-08,4.67878047718985e-06,1.1048058917022e-12,0.349269032414787,0.191317880028597
4705,6477,7.38525436385875e-08,0.00702654347381582,0.866182272873809,3.3870641160257e-06,0.000682005506278766,5.60713368010175e-14,0.000710179515662522,0.125395537713718
5394,6717,0.000101455280288678,0.00555737120194086,0.855987094862039,8.45582157847342e-06,0.000659665009909045,8.82940483266742e-12,0.0247442274654857,0.112941730349929
3122,2999,0.0261647154054602,0.00979208194619371,0.771026012196632,2.44796990108266e-07,1.30933197243368e-05,5.27721441930506e-14,0.01511537190164,0.177888480433307
8772,2762,0.100203820948683,0.0148395649174765,0.821047923442032,3.10392464473316e-09,6.52549376638795e-07,5.31490695585153e-16,0.000115548386882812,0.0637924866516243
8493,9715,9.6391697898917e-09,0.0288250937290646,0.85163967069661,2.8521526560422e-08,8.84366050659418e-07,1.48216268752711e-15,0.000169891689411551,0.119364421358166
5325,6837,2.59901394624196e-05,0.0054919289305102,0.892070544079826,1.98316973252013e-06,0.000358592611647949,2.65793697884373e-11,0.000288710504621617,0.10176225053762
5534,1442,1.58712088161108e-11,0.00480385427469541,0.823418442126819,1.33980668191784e-08,3.37492314536581e-06,1.67249224701191e-17,0.0422847103681157,0.129489604893286
6222,3840,2.55435220591576e-11,0.00600099861545211,0.806722312621864,7.94546924975882e-08,3.00754176977976e-06,3.67402197892478e-18,0.0236127170568408,0.163660884683837
8081,6358,0.000441110876181144,0.00496814921973313,0.926631303890943,1.28900485043838e-07,1.2922277563202e-05,2.86690659420812e-13,1.69498749480978e-05,0.0679294349598596
6908,10554,0.309993351410424,0.0170325925237156,0.555176556765162,9.97196987049289e-05,0.00614037727776225,5.2344269619605e-11,0.00983579822546109,0.101721604046426
5946,5518,1.12058691149091e-09,0.00770639313152638,0.841075934772317,1.51825549701017e-05,0.00061875463241641,4.8815262446383e-12,2.24784499156531e-05,0.150561255333386
7945,3241,1.80026003078146e-10,0.00289433860090358,0.864453823873619,1.73180486637728e-07,9.83771671000743e-05,2.10236999664888e-10,0.0496428462170883,0.0829104405705399
4360,6836,4.87396523128528e-07,0.00819182913469955,0.845247535074691,0.000105983504837238,0.0146615876801977,5.61098546589033e-12,0.00626172233562859,0.125530854867812
6771,8156,0.0591306236509626,0.00544318352231439,0.873604231755085,8.60392235547876e-07,0.000115919854152952,3.6211502252275e-14,0.000155130678966137,0.0615500501462474
5051,3480,2.34004275463036e-11,0.00799818579859466,0.77852757566368,1.68416311047016e-08,1.3617094544949e-06,3.33549234292682e-19,0.0654414779777683,0.148031381985471
3464,8394,0.630187361287607,0.0114166756803939,0.23523517604949,7.23542020329133e-06,0.000595013458104567,2.19082296003786e-11,0.00092899993451795,0.121629538147776
4980,7915,1.42491181514053e-05,0.0556655294003674,0.251864484313103,9.49402159440733e-05,0.0248973955851227,0.00167150692762359,0.584461484187895,0.0813304102517927
3740,7435,5.49516372334545e-05,0.0145953915458668,0.79538054889188,0.000287464420480916,0.0234107574793022,3.26137013824801e-11,0.00577426535349868,0.160496620639124
7119,1563,1.30380294599466e-17,0.00365785075817887,0.921184543339767,6.13827003002299e-10,3.03065771817804e-07,2.51160737903764e-22,6.0638959408103e-10,0.075157301616066
3740,6236,9.83110410854225e-10,0.00490768509910631,0.862409322426353,1.09966062139864e-05,0.00181703709824087,3.60967719606978e-13,0.00170811013874502,0.129146847647869
8699,9835,1.80231523584125e-09,0.0223962679094716,0.730183214882413,1.80613212477585e-07,3.99675276690869e-06,3.61965126809907e-11,0.129727438139944,0.117688899863681
5599,9954,0.001205839245963,0.0136811806732271,0.715297177970322,0.00581500537131895,0.144318743015643,3.03040660685255e-07,0.0215691606246531,0.0981125900582119
5050,4918,5.46336581934641e-09,0.0145781347478125,0.568447346081442,2.37364019838729e-08,1.80104586225405e-06,2.67780263858176e-16,0.279184571257547,0.137788117667568
5186,8275,0.000111311701829359,0.0225117763903618,0.651595215872197,0.00539324137259022,0.128269637759098,5.27596973072808e-06,0.0471012031472683,0.145012337786924
8703,2403,4.68247353477402e-10,0.00765372078598963,0.877111630065261,4.39092381115201e-08,4.32549251031062e-06,2.95706253266025e-16,0.0133457752007254,0.101884504078028
7805,6838,2.04995634918424e-12,0.00303651547785087,0.968754252883456,2.20295527721621e-10,6.56385173063378e-08,3.02756799263884e-20,3.40796208103057e-12,0.0282091657744229
9597,5160,0.0984540705232031,0.00962845785345983,0.671521690991634,7.68920572107921e-06,0.000264584952580835,1.11256848891889e-11,0.0460747684314841,0.174048738030792
4567,6477,1.86045392402479e-07,0.00695901975011789,0.878879658353822,1.80106910497014e-05,0.00188302391970581,2.24905189651644e-09,5.23269880037952e-05,0.112207772002856
7598,8396,0.478049464687332,0.0252810572611532,0.370856549203283,1.00797554442009e-06,1.84119940663221e-05,2.78770004537561e-15,0.0114503439189167,0.114343164959702
5255,9594,0.0187942287449439,0.0186416308381967,0.756072832748974,0.001738880387032,0.102256182894416,1.93129221147491e-08,0.021895942078533,0.0806002829949823
9117,1923,7.95331588844114e-11,0.0089793214389185,0.869113582992315,9.60104351124042e-08,9.78976105133466e-06,8.23643168176578e-14,0.0313178215464374,0.0905793881712271
7598,7917,0.272104537981553,0.0132485529396658,0.598439425874681,1.26478794396205e-06,5.88495722328387e-05,3.91289825027875e-17,0.00171491561549488,0.114432453228428
8081,5399,0.401787841753662,0.00734985222972882,0.444778177134415,2.41804287607327e-06,9.25719443814932e-05,1.46613233480797e-11,0.021521246762555,0.124467892117721
7530,6358,0.0392429285301249,0.00787686271172889,0.869838087351724,1.3319801738918e-07,6.03579377065064e-06,9.07157026021965e-16,0.00266049677919093,0.0803754556354425
8080,7317,3.32427659818835e-09,0.00635102663297872,0.90714275937536,9.34472256127705e-06,0.000249056899976898,6.43580303551029e-13,2.77740696400867e-06,0.0862450316372387
10010,6599,3.11055901909141e-17,0.00764538516933849,0.951699904259429,8.0395222321595e-11,3.21710828280475e-08,2.53784928161032e-23,1.6861327854581e-09,0.0406546766336221
7253,8756,9.18181772639728e-06,0.00697801154277043,0.927287289310169,6.46227712070628e-07,4.83822967624932e-05,4.3391984803153e-14,0.000134572841431027,0.0655419159633849
4636,5877,0.189283521288454,0.00413216949250502,0.735172219490367,2.32587746046405e-06,7.52819882401608e-05,1.92894512559333e-13,2.79033050996454e-06,0.0713316915322703
4638,1801,1.94931972437904e-07,0.00429479330066459,0.882204861212902,2.17309080901515e-07,8.30206852732541e-06,2.48920914584826e-17,0.0137879242024569,0.0997037069743957
5876,6597,0.313920424518857,0.00368798453974777,0.633986581547127,7.66041620095507e-08,6.59992345091517e-06,9.70083794061228e-16,1.62417125933939e-08,0.0483983166249414
7532,2282,4.6379324296728e-14,0.00236071298818376,0.895880828831823,1.7321390506665e-08,1.46267197791823e-06,6.94138571047324e-21,3.87706541987075e-08,0.101756939415924
7528,9475,3.71933191750482e-11,0.0368408449141262,0.798097189120535,2.06934293565764e-07,9.23363464443133e-06,1.27003910662075e-15,0.00833177961390564,0.1567207457453
9942,5041,0.381447585739105,0.0180349494647972,0.513539427429404,8.3546950681275e-08,4.73862470438075e-07,6.89791040224633e-16,0.000158890837925263,0.0868185891193469
9734,7798,9.38567858955676e-16,0.0056188588341233,0.934312665270792,1.07491986033755e-08,1.35288426572419e-06,5.68969944704855e-19,1.05061248548555e-10,0.0600671121565578
6220,7197,1.62351694859418e-13,0.00351613980226025,0.96651459102061,1.5076066068073e-08,4.40260418511683e-06,5.43099784210251e-17,1.60511981443603e-06,0.0299632463769021
9457,9955,0.121072736760487,0.00460815585563605,0.75606058150929,2.00405098813093e-08,1.86394773805142e-07,9.59893168128401e-17,4.53920326688841e-06,0.118253780236037
8221,1803,1.22156911926202e-10,0.00330658061985732,0.636856095649095,3.48162882159997e-07,2.96553474562036e-05,3.73436032339137e-13,0.215559658273366,0.144247661824813
3604,4078,0.215287958687781,0.00252338663511249,0.745779690319027,1.28475894007784e-08,1.47378010722897e-06,8.81329929190811e-18,2.50674256904447e-10,0.0364074774797088
8152,1923,6.90287295817263e-15,0.00416319069541557,0.905134735283477,1.2319973276979e-07,2.24548876760711e-05,1.10277956403352e-15,0.0111395241611873,0.0795399717725035
4705,5278,1.10305993043208e-14,0.00840299516789947,0.704614991695633,6.61331219949586e-09,9.57501247285636e-07,2.77015505125942e-18,0.15634633450867,0.130634714513227
6495,9834,2.15181555276998e-08,0.00807047111414011,0.886571119182709,0.00202593846904702,0.0413444689163309,1.07632147000938e-09,0.00102874793560919,0.0609592317876866
9597,5400,0.421010619544009,0.0303332903174269,0.454409392131192,1.05742229561963e-07,3.32942255463389e-06,1.58963210923187e-14,0.0168159159646811,0.077427346877891
4156,1921,1.50619012315193e-06,0.00122179488112669,0.903131360293796,1.3127524945087e-08,2.91221199118436e-06,6.61411052041891e-17,0.0169688935011746,0.0786735197942632
6015,3480,8.28528474721828e-08,0.0113204580700634,0.566165619421084,3.90018316751197e-06,3.44598469488807e-05,5.25288860906662e-11,0.287600564214914,0.134874915358446
5254,9834,3.86068965403014e-07,0.00487955293688702,0.802608452592658,0.000453772369565502,0.0705159040848389,6.05740552239631e-08,0.0212850114758343,0.100256859897195
4221,9713,0.000147780590798361,0.0135320675606837,0.866503409183086,0.000299170023368036,0.0139051971379609,1.42550286837209e-09,0.00712011245331922,0.098492261625281
6014,5878,0.00161413730192294,0.00226573635579582,0.911994562377315,4.68037223171097e-08,6.96414681332149e-06,8.47374834960661e-16,9.82184536133835e-07,0.084117570829894
9872,7798,5.85364463154574e-16,0.00347727823618131,0.934490081266029,3.47706978298377e-08,2.42371255310942e-06,5.45671590461698e-18,0.00239090557410449,0.0596392764404337
10215,9117,1.32541333396896e-10,0.0276946337277235,0.623087004056864,1.77289012040158e-07,5.00668078726677e-06,1.39444550281611e-14,0.141598999415429,0.207614178697629
9941,6719,1.12580003449006e-18,0.00296568100168372,0.964666276626668,2.78555139822279e-11,1.49848707596296e-08,1.28998438932293e-22,3.68430568260636e-12,0.0323680273552377
9804,5280,0.337823722086961,0.0560305675315333,0.483463898786176,2.38780897938028e-08,2.01488810683962e-06,2.78457735631469e-18,0.0208159746336513,0.101863798195482
8494,7557,1.79199506655681e-12,0.00597642793408428,0.929913007130742,7.26351934202922e-07,2.83689761488826e-05,2.31154927843227e-13,3.54329605220299e-07,0.0640811152754624
6563,10434,3.78535100827781e-06,0.0101041968730315,0.866890768789906,0.00061419629721395,0.0373227235154533,3.03145074998391e-11,0.000328924617265523,0.0847354045258066
5118,6477,1.51711864074123e-06,0.00506503061633405,0.865516950860691,1.42945376180206e-07,3.42351728501904e-05,2.100427138535e-15,0.0459234798240749,0.083458643462031
7736,7677,8.99699118193801e-12,0.0058335791689661,0.914591116475472,2.00081393942646e-07,1.04750310301042e-05,2.13668807082287e-15,0.00918866380150278,0.0703759654326359
5670,4319,6.04526933801902e-14,0.00487388270836016,0.778994579166467,5.32642111467097e-09,3.05318697849672e-07,5.85505477636545e-19,0.0519568308821888,0.164174396597805
8978,3362,0.000494404349740762,0.00862112390440578,0.85136127775409,2.42261760448362e-06,4.49996924743485e-05,1.81408967480434e-14,0.0139408796133892,0.125534892068277
8426,5280,0.544874038639295,0.0116197558320871,0.359160802006939,2.15435805199268e-07,9.06845844365471e-06,1.53448809220964e-14,0.0268888989863731,0.057447220641042
5808,5758,0.035203546122733,0.00238737116313755,0.882750505546397,4.20988703035564e-07,6.87162265266218e-06,5.87456957658951e-17,2.49072635511574e-08,0.0796512596491129
6701,9954,0.0339889897300421,0.0116344168216026,0.85443030282539,0.000576876015362799,0.0284259112094896,1.64409783113124e-09,1.93335608620738e-05,0.0709241681931529
2915,4078,7.54984856547923e-13,0.0100084534946215,0.0175585359726495,1.52117619570173e-12,8.87528296757707e-10,1.95456837422788e-11,0.888867748418477,0.0835652612049018
9871,8757,1.97769983835308e-05,0.144511731427613,0.569757485909258,6.67234781831813e-06,0.000159700429225321,2.33305289016963e-10,0.096026347342598,0.189518285311799
4223,6117,4.1843564023218e-08,0.0133010415933076,0.636645997857533,6.84776969521662e-07,5.62524537476189e-05,3.86589687971561e-13,0.153138101779897,0.196857879694595
5739,4439,3.00156833595011e-15,0.00239733646791664,0.789855443640769,2.97059461364775e-09,2.14748524212591e-07,6.61558705999688e-19,0.0566202645700173,0.151126737602175
8768,9715,1.08138191398415e-13,0.0113974377396417,0.917054689280616,1.27623717977913e-07,9.99532525307095e-06,1.03154464089852e-12,1.45099403924892e-05,0.0715232400892386
7323,6238,0.0675201283224839,0.00548797285568993,0.859167599696532,2.32373975093915e-06,0.000121232810344448,2.55722979926392e-13,0.000590476216638934,0.0671102663583039
6359,5039,1.80829621402835e-11,0.00481493277118087,0.899598379422316,2.80922521861997e-08,5.32936793108764e-06,6.27268610968636e-19,0.00579498485901288,0.0897863454692244
5258,1442,0.00471119997671094,0.00715124620149027,0.7654499851974,8.29451401334997e-06,0.000679855127832988,9.38043632720938e-13,0.0817425612510363,0.140256857730578
7874,6478,0.00656456299099805,0.00545189155352462,0.907885767286197,4.28546095390836e-07,5.59536117564134e-06,3.25477049870562e-16,0.000240671151451202,0.0798510831105573
4569,2880,4.06036545462648e-09,0.0140182492005159,0.799070072602213,3.03103353333078e-07,5.25182119435186e-05,4.47796276284031e-12,0.0551712331436683,0.131687619673463
8631,8996,3.05788790295695e-06,0.0110886290874515,0.93320305129478,2.05500566367137e-05,0.00103350769670724,3.51359856880972e-10,0.0123793698997313,0.0422718337254307
6427,7796,0.00255267863315393,0.00180233445751543,0.889339129568261,1.36209380093427e-06,7.18529114025719e-05,1.0219953590139e-13,0.0301132049859913,0.0761194373497728
4979,9354,1.46841417876182e-05,0.0109406689143019,0.705047195450809,0.00324363335094406,0.105430063159617,2.69666379721659e-06,0.0721845785647827,0.103136479753961
4842,7915,4.02167296352837e-05,0.0280962414748046,0.709375302459625,0.00183639235065384,0.0714697732485863,2.42469771351865e-05,0.0484316735685549,0.140726153191005
3191,3599,0.0173737150101979,0.00525181266869251,0.890130001106117,7.18835078484134e-07,9.61234662031282e-05,2.54925637514706e-14,7.15970276678407e-05,0.0870760318860174
5534,2641,3.01384502574655e-13,0.00213274465414756,0.854309590271749,4.91345658671705e-10,2.40261669248636e-07,1.10819785221543e-20,0.0366762615153881,0.106881162805399
5737,8995,0.0176246000633266,0.00946410589883905,0.786014187090101,0.000714668664933093,0.037170859595075,1.37789344240275e-08,0.0175594108909988,0.131452154017792
8426,4800,0.126047800884814,0.00581066284948124,0.790679317572116,6.03032417545008e-08,4.1222129826834e-06,1.85752293173188e-16,0.00671491111835271,0.0707431250590109
9047,3482,3.73707416678015e-05,0.00703657851206626,0.88171767375284,1.31078419218534e-06,8.31720043744707e-05,4.08926804727422e-10,0.0140647592952979,0.0970591345006346
5806,10074,0.0034844876404749,0.00952823524344654,0.80270863146815,0.00898118050845122,0.113932164734889,2.59190799616956e-07,7.64028754485825e-05,0.0612886383383409
9461,2763,1.08189506889359e-18,0.00356709670347969,0.969064239107265,8.6509824188534e-11,2.50448803864104e-08,1.15870404093938e-22,1.7450122860526e-11,0.0273686390404149
7459,10314,1.28726830456415e-08,0.0166454260111673,0.747543466955967,7.90103356791139e-07,2.72088244096451e-05,2.88330231921997e-10,0.154246758086259,0.081536336857826
5048,9953,5.14007866821732e-05,0.0165830663000915,0.695720867185019,0.0058501241133233,0.169372819373015,2.71221558047342e-06,0.0252490461797235,0.0871699638465654
3466,4798,0.0928531714292755,0.00407802045476836,0.769088883904275,8.34314263576777e-08,6.97142882053558e-06,6.01861938979513e-17,0.0243663020682987,0.109606567283135
4910,8994,8.1379318672242e-08,0.0157206250641027,0.688900070951752,2.72860952266997e-05,0.0129999289457566,7.44793489580301e-08,0.178589048854023,0.103762884230471
6494,10314,4.00814526233618e-08,0.0113752841070579,0.845901887114581,0.00093314992717154,0.0486794773178466,7.82865727510912e-09,0.0130996632209368,0.0800104904022967
7185,5998,0.369988313070116,0.0706952019191892,0.516845276255829,9.44834742823598e-09,1.84900128949449e-07,9.36005655930575e-18,0.000144496598605174,0.0423265178077844
4084,8035,4.45662615653914e-11,0.00471450454286254,0.899884805478968,7.47787826660332e-07,0.000229456186912524,3.91711445219081e-12,0.0234017958648747,0.0717686900900723
9322,5400,0.53709086230969,0.0479980594643566,0.207585575084496,6.00634520974334e-06,0.000201456510099881,1.97094152791827e-13,0.0323921234026777,0.174725916883273
9664,8637,5.6994100214161e-09,0.0181981413521024,0.788108901241222,1.27610555374754e-06,2.41476877530738e-05,3.99239256951457e-13,0.0318324905793917,0.161835037334168
4361,4678,7.9550725694324e-18,0.00208812859838833,0.956603493991366,7.11292181251745e-10,1.50954842726137e-07,1.43725080040103e-22,1.74032657721736e-08,0.041308208340845
4706,4319,9.56952440267531e-13,0.00123514880547198,0.90002782298465,1.41498455599339e-07,3.99339477334363e-06,1.23023957116016e-17,5.72424051548591e-09,0.0987328875914513
9735,4921,0.477691976566833,0.0499671543989989,0.351702045622195,1.95091349423298e-05,0.000183367190505021,4.23426165787178e-09,0.0202467503345992,0.100189192517664
5738,6597,0.558742235568339,0.0029676443224265,0.401559885997132,4.65301671181934e-08,1.11457405371601e-06,2.87977833674001e-16,8.66132862502232e-09,0.0367290643465525
4845,1921,3.97352940734432e-09,0.00264479554732511,0.789680079796106,3.07234143168465e-08,1.46754015040193e-05,7.95132765438077e-17,0.0585629693326035,0.149097445225518
3672,5637,4.39975339577766e-09,0.00968123737601998,0.783450587733119,1.04385856446302e-05,0.000521982873776321,1.1383012306912e-13,0.0377230283156589,0.168612720715914
10218,3123,0.00750282851300824,0.00818436998268972,0.7970632125796,1.97054476541359e-07,2.86796279289359e-05,9.61890990499241e-15,0.000816068195561362,0.186404644046725
4083,9234,1.81002668891815e-06,0.00546253183665051,0.895038758167485,0.000189225842028615,0.0330305612010439,2.27825554398535e-10,1.31741973978541e-05,0.0662639385008796
5737,8275,3.79118797097059e-08,0.0154398008916172,0.862705347915698,0.000287444456360087,0.024581679535879,1.04408315476233e-07,0.0051248028270433,0.0918607820532073
7184,8875,2.08732107027127e-06,0.00369752542719971,0.938686618124094,4.8039451372526e-07,4.55946862030255e-05,1.56836178233493e-16,8.38786670424897e-10,0.0575676932081327
9045,6838,2.51604237580328e-13,0.00497261147408889,0.960211596058375,1.36003204730216e-08,2.27472216629079e-07,2.8422088007912e-18,3.47185826204926e-11,0.034815551360029
8907,8277,1.60521138806139e-05,0.009002661953061,0.896381663535573,6.10827467327228e-08,2.27561626036665e-06,9.7624408531146e-16,4.73999494321278e-07,0.0945968116989833
3603,5517,2.51486428032195e-11,0.00286695998380119,0.792506748062869,1.13652853032678e-06,0.000185132936254232,1.49198112528085e-14,0.0496272412249885,0.154812781238393
9048,2043,1.74276966947378e-11,0.00432402876935814,0.908400258636937,2.38644444757353e-07,2.54246177823119e-05,3.46205892032856e-14,0.00350343722638922,0.0837466120876258
5118,6956,0.161720426828771,0.00503175493468603,0.705937945227216,1.25059839680693e-05,0.00109834422133718,6.56284746727949e-13,0.002245070868646,0.12395395193472
4566,7915,0.00041889349946305,0.0243195852094117,0.65829300304027,0.00638682801418259,0.129514008697533,2.9277512186826e-05,0.0536064887325726,0.12743191529438
4014,10073,1.30299809615959e-05,0.00689096960335798,0.886957128399628,4.09342868385114e-06,0.000433144603653438,1.68210700966969e-13,0.000823258216364577,0.104878375767183
8907,7797,1.21832715450658e-14,0.00323878915725132,0.939930453789789,5.33084738375695e-09,6.10857885973077e-07,2.90073137349771e-17,1.60820907409494e-11,0.0568301408481319
8633,3481,0.0691941044672056,0.0145558975878047,0.824753020009756,5.45454297051512e-07,5.44927806371043e-05,6.3761087909251e-14,0.00351382335495669,0.0879281163452794
6773,3840,2.84123009624097e-05,0.00815650922174062,0.696423275266736,9.56827003961135e-05,0.00138726496224871,1.87101024851377e-12,0.101162713427463,0.192746142118582
7666,9715,2.59633628465592e-08,0.0389964519368162,0.750405529727782,1.48580285334494e-07,1.00780967626455e-05,1.06762467600534e-11,0.127862174608977,0.0827255910753376
4980,7436,0.011852448434724,0.0220240383635888,0.577217017538159,0.0106965457155872,0.125950423327313,2.70345748254701e-05,0.0810293552121991,0.171203136833603
8082,4680,4.89066985576205e-14,0.00470539025765144,0.96681157239441,5.55369707569791e-12,3.21942562668232e-09,1.42519881951654e-23,5.05529884194677e-11,0.0284830340723576
5602,3480,5.58548507151034e-12,0.0127693891891737,0.51785291494967,5.28507812194943e-10,5.80357272323309e-08,1.64499691858139e-15,0.280439215350065,0.188938421941269
3535,4438,0.2750004398775,0.00105735782306988,0.680936727192077,2.9581806631825e-08,4.86519444196945e-06,1.08753496798305e-15,9.30552875175522e-12,0.0430005803217987
9389,8876,6.55598807807248e-10,0.042774635167626,0.828582803709225,1.9527242422339e-07,8.60078072095923e-06,4.83585866854832e-16,0.00118259941650761,0.127451164997897
4569,2640,3.80886660652257e-09,0.00342176742317921,0.89862928017864,6.27987297467486e-09,2.5448241659577e-07,9.31457645174998e-16,0.0187611073831943,0.0791875804438299
9803,6479,8.91399526522445e-11,0.00952065803937643,0.905234956228232,1.19693519371718e-08,4.58474755405424e-06,3.34913300840866e-15,0.00186766191568281,0.0833721270106594
9598,3482,1.97067349917125e-06,0.00413925170702427,0.896902515427005,3.58646359056465e-07,2.3673372819774e-05,1.95484283071926e-14,0.00115511670987905,0.0977771134633945
7945,1563,5.40671134476226e-12,0.00956156384508369,0.843347551188498,5.37212744220612e-06,0.000711582945184008,1.58269168664247e-16,0.000387197436747894,0.145986732451637
5738,6357,0.261638890279487,0.00263506829501109,0.672517293389902,1.28849428814711e-07,6.11508518414063e-06,3.52410122610676e-16,1.32056566631412e-07,0.0632023720444199
8837,9595,3.83298112854389e-11,0.00388972833961144,0.951116605463514,1.80668436176154e-08,1.13863968572994e-06,6.78807444965276e-13,6.49179948383676e-08,0.044992444533342
4223,5158,6.50075553071563e-09,0.0129162705199174,0.684311415268726,1.17139310970921e-06,2.830662555267e-05,3.24376453417491e-14,0.104654331506638,0.198088498185268
7459,10074,5.07577926753527e-10,0.00795921603574291,0.881396376590164,1.47032905969689e-06,0.00017186381478103,6.78903103182115e-14,0.015751321396656,0.0947197513259508
8630,9955,6.00777085758764e-07,0.0350290376004032,0.719293579401681,8.15176161101181e-07,8.23492213126468e-05,2.63165851776926e-11,0.0819329831132643,0.163660634683775
8218,8516,0.000212316212748038,0.00406894765956877,0.883535711571785,4.29086651611897e-08,2.04870932041431e-06,4.94957639057494e-17,1.02949338981014e-08,0.112180922642978
6496,6238,0.000406792209009057,0.00834242400487064,0.842612513553851,2.966161586284e-07,3.98999129527227e-05,2.72232410859436e-14,0.0416298160741386,0.106968257628992
6152,6118,0.00128227536151403,0.0145791182523979,0.343779632998509,3.0370711502045e-09,3.41676690412288e-07,3.34354736622169e-14,0.475045748947419,0.165312879726366
6564,8515,0.5955740244379,0.00888052519014162,0.335805488058663,1.41823575363406e-06,0.000106556285063886,2.30403738615538e-12,4.86636865982306e-07,0.0596315011533081
8080,8037,2.9582477844705e-13,0.00469499258323062,0.966787115708359,4.67946177085988e-09,5.34332170442759e-07,3.5286789416084e-18,1.7664247076492e-13,0.0285173526963058
5876,7316,9.1548032636535e-05,0.00283260584630263,0.94986851545314,1.42914215197297e-07,2.8788568244897e-05,5.87265309698636e-17,3.8774539310054e-06,0.0471745217315299
6843,2761,1.38287288808307e-15,0.00284459672222394,0.896574099104412,1.02333477456322e-08,2.53354233893522e-06,3.3696055951541e-18,5.74162763607679e-05,0.100521344121315
4841,9594,1.77051900833658e-06,0.0196127422173643,0.704106948530196,0.00114362085397256,0.104313915079283,8.80427299578967e-08,0.0625332903865577,0.108287624370889
8768,9476,0.00311320090149142,0.032365248070316,0.866264038469288,2.26958955241245e-05,0.000754208182434942,4.33175617647607e-10,0.000394797917200449,0.0970858101305696
9046,5400,0.525866741869261,0.0626764880226599,0.338657154775301,6.61162129842061e-07,3.95820211518351e-05,1.69788792108397e-13,0.0203858719362211,0.0523735002131053
4705,6716,3.00630851251868e-06,0.00850090129196419,0.911848843040224,2.11218293585486e-05,0.00332016933137743,4.20957196725967e-13,6.91256981822449e-06,0.0762990456283241
6289,8515,0.00133899227029942,0.00544670192940792,0.926935029359796,3.01492789833088e-05,0.00240351442362222,5.71927050969751e-12,0.000878691069968247,0.0629669216622037
7116,7557,0.0712844165360064,0.00521406528225791,0.842849975088246,9.49561124578066e-07,2.35352407014511e-05,2.62027442484692e-15,0.000343609860038159,0.0802834484316228
6633,8396,0.0869863072137142,0.003169752033993,0.854933308599058,4.87613734100313e-06,0.000147324588807472,4.45842414983645e-14,2.20758987049383e-06,0.0547562238371714
6222,3360,1.13979961831674e-11,0.00360361734835285,0.819942814994787,8.49140083002199e-07,2.58759131125616e-05,4.14034950560526e-14,0.034501356016595,0.14192548657563
5806,8635,0.00149459945073893,0.0147237464194534,0.772267907999972,0.00490985074894845,0.116549936906383,6.6305378275825e-07,0.0185689099445695,0.0714843854761518
4359,9234,4.78525059088777e-11,0.00838190158669249,0.945076089617353,2.27463846582302e-05,0.00391474873659642,5.01481483920455e-13,2.0090878686619e-10,0.0426045134254375
3879,4798,2.90262595741097e-11,0.00262810242703773,0.82476913562412,2.02380425628719e-08,1.99633146049276e-06,2.02461496232843e-17,0.0227348301284518,0.149865915221861
4360,7316,7.17663303211812e-05,0.0165395513629791,0.732958339240917,0.00267173430345113,0.0873643083723759,8.41275565094174e-07,0.0274328633527092,0.132960595761682
6015,5159,9.66648120297561e-10,0.0114487916807074,0.85922192460035,9.21473644494714e-05,0.00100307608244683,5.98009073156708e-11,0.000187357049334236,0.128046702196263
6083,6957,1.30201074488104e-16,0.00219706898599916,0.968788484954924,1.35433368717346e-10,1.16649487010945e-07,2.13134007924094e-19,6.80874763535334e-13,0.0290143292734753
5050,5638,0.105254420958581,0.0089878955013292,0.704682655192777,7.59284805741243e-05,0.00300114189385942,7.70976405431333e-13,0.0325740965342299,0.145423861437878
4774,5637,0.00820908580296373,0.00450527385737958,0.850192619718452,4.3742702200584e-05,0.00149768602693556,1.26879616910709e-13,0.000327426023824921,0.135224165868117
5876,6357,1.95580249116093e-12,0.000978994390248253,0.982581445067843,9.3006980506088e-13,5.6414804156473e-10,1.57172273662284e-25,1.4454327558942e-10,0.0164395598303315
6359,6238,0.0751579299999431,0.00368810744094151,0.751666918342362,2.43935244481298e-06,0.00023165484279237,1.82906357540923e-13,0.0788962580140065,0.0903566920073267
4704,8155,0.00030729947043736,0.0341096620392546,0.643024629031597,0.0035222823797289,0.127984420474059,6.97525487019369e-06,0.0555506312237815,0.135494100126272
6427,8036,0.294072686733785,0.0127698934679252,0.541814763614349,3.10983256539503e-06,0.000393761437045652,6.33768902594281e-12,0.0285833493191081,0.122362435588884
9528,5520,0.692499739639172,0.0698345057096987,0.0944065513839567,7.22068257612737e-07,2.30155572015241e-05,1.06303620308703e-14,0.0148173472581532,0.12841811838355
5599,10193,0.00110206168645313,0.00824930459345676,0.676078080042032,0.0109616395668715,0.196545893780478,2.28532269774456e-05,0.00643861894926393,0.100601548154468
10147,8757,2.30972908760022e-10,0.021200991987988,0.0627463677335254,3.91962596961487e-08,2.61832818578744e-06,9.88870787760966e-09,0.719631295625151,0.196418677009209
7390,9715,2.0562067048574e-10,0.00516328742509679,0.913335163271128,1.95278097143659e-06,9.25465433228479e-05,7.75546652554353e-14,0.000699409472087823,0.0807076403016945
8082,3961,0.515740181582062,0.0336670811085862,0.392644180994214,4.69227306869617e-07,1.27198437639014e-05,5.52289393136866e-13,0.0105478894961882,0.0473874777473262
8424,10075,1.47972134350762e-08,0.00823729435125563,0.863052287882829,4.40732524879755e-07,5.05353879303734e-06,1.81194816021205e-12,0.00189224878512409,0.126812659910448
9458,8996,3.23058000011487e-10,0.0158665642886936,0.850890404900311,6.13179873931145e-09,2.47930168526491e-07,1.11048832524031e-18,9.57179740891338e-06,0.133233204628562
5255,8874,0.000597270148743095,0.0162889690963978,0.530459313438189,0.0113582601175227,0.124846495360471,0.000100081146410911,0.182124832940997,0.134224777751269
7942,9715,2.62232970430239e-12,0.00390242091277304,0.892499768902558,9.20800766156831e-09,9.92068679943469e-07,4.02817371365206e-17,0.00879858747628832,0.0947982214290703
4567,6237,3.34342103057393e-11,0.00315264206163323,0.928407624765854,4.37821636367801e-08,2.23700770983942e-05,5.10471663257259e-18,4.07664224499127e-08,0.0684172785133941
5600,8275,3.48978276738558e-05,0.0113420393953748,0.790328594436585,0.000906593968347887,0.0799971877288233,3.11802634779203e-09,0.0273922707420482,0.0899984127831209
4841,9114,2.58623602432092e-05,0.0193206848927631,0.708602598807855,0.00237790380505789,0.109520361495467,4.46774762420159e-06,0.0573698337193668,0.102778287171623
3465,5757,1.63548128212021e-09,0.0135476521832488,0.628948312279569,3.71080125093539e-07,0.00013832018704724,5.70802860635367e-15,0.0969621451705473,0.260403197463975
8286,10075,1.75675974939431e-08,0.0196660638061348,0.870221961698704,8.71695770674995e-08,1.71711631372225e-06,1.8236629313233e-14,6.85237260875471e-06,0.110103300269046
7944,3961,0.457214051336077,0.01774041204903,0.481677962793742,3.07563520935361e-08,7.34887430873683e-07,2.25960510994075e-16,0.0010908978210274,0.0422759103563406
5531,8395,4.74553068592638e-06,0.00977285771035917,0.784152391131154,0.000511163619441908,0.0416940783651921,8.18980284545226e-09,0.0621449430089533,0.101719812444411
5393,8155,5.18362094920269e-05,0.0218906797666232,0.550778642167848,0.00605054906075503,0.118828861925949,3.65526552760649e-05,0.144202026509101,0.158160851704956
5874,10673,0.151018395324322,0.00745945650991356,0.749089727172369,0.000305465598977833,0.0149472405025307,1.32430168140722e-10,0.00377718828398987,0.073402526475467
4085,5637,2.84029920873543e-09,0.016239511723796,0.498814277878803,6.23626267492127e-07,0.000251415566526006,5.46950101907149e-13,0.279855714817438,0.204838453546323
9802,9356,0.304958679857078,0.012041756521852,0.533079018033324,9.4635850942751e-07,1.27134561181143e-05,3.88975640075106e-16,0.000705710806208,0.149201174966911
8357,5879,0.33105540809194,0.0165835973291328,0.572249895093993,3.53956410743932e-08,1.58510630800165e-06,2.40685611315919e-18,5.5896569781222e-05,0.0800535824132037
8977,5040,0.232313602187102,0.0238579608234105,0.429798279306829,3.2751083784387e-06,7.02931640198492e-05,6.18279305223578e-16,0.0297297371666323,0.284226852243627
3671,7075,6.73845094357797e-10,0.00786263845190215,0.811065116705859,1.68296822085484e-05,0.00102496316578097,1.9276239408246e-12,0.0261040257556644,0.153926425562813
7807,2042,1.09823149511724e-07,0.00819637260624351,0.78336210681097,0.00037660116428528,0.0196046461080975,1.46073318437639e-11,0.025759022346945,0.162701141125702
7944,5159,0.307241455201289,0.0146507333977462,0.587578111541451,9.27703285529106e-07,3.95826643901071e-05,1.83170369360604e-13,0.00912748901861898,0.0813617004730362
9251,8876,4.63047665286049e-13,0.0144829157311203,0.802711193696909,9.48645253889438e-10,1.15408928457196e-07,6.83909794705545e-16,0.104055840393499,0.0787499338204347
7600,2642,1.13790866223203e-09,0.00425908462509608,0.922092453206038,6.4718551627033e-07,3.54779293888365e-05,2.96719441933109e-16,9.67387570105215e-06,0.073602662040351
7391,8995,4.29759093907468e-11,0.005845121332717,0.949910338570127,8.49016440354134e-07,9.32142871427839e-05,5.01438439916318e-15,2.66672568461963e-08,0.0441504500833349
8564,5280,0.28339135210124,0.0235013723623343,0.589950627492145,1.49526927225863e-08,2.16129502560606e-06,1.9353404061006e-14,0.000828512409098419,0.102325959387444
9528,5999,0.360570911825877,0.0351639439621248,0.389873887866053,4.03547198646321e-05,0.00101755892010341,4.47709772473499e-13,0.0627499579309107,0.150583384774619
4154,6716,1.43481033000488e-10,0.0106482631354004,0.762300061121273,1.81861972380312e-06,0.00051794420532651,3.41192694784472e-15,0.00491935273296954,0.221612560041822
6839,10194,0.384630039579725,0.0153031122015802,0.478673910993335,0.000175768985704516,0.00320873422748299,4.04910000231001e-09,0.00192937609103541,0.116079053872037
8976,7917,1.87597378070991e-15,0.00618837849727094,0.921591087423118,3.55692726644299e-08,3.53434324203123e-06,5.96886769260476e-18,2.54167963951359e-10,0.0722169639129265
6152,4919,1.52585147635217e-11,0.00842655584177702,0.810615947867635,4.99974647165712e-07,2.62347208700782e-05,7.21280456135106e-15,0.0383488593255655,0.142581902254239
6014,7316,4.37142518235747e-06,0.0019680326828042,0.93623249216532,1.42661828871762e-06,0.000188179444013652,4.54821872722014e-13,3.62353552415137e-06,0.061601874128412
7325,2642,1.70264609981948e-15,0.00410117901862228,0.786933661082824,1.2797097934158e-09,4.53122863272944e-07,8.76411767788003e-19,0.0833925443235078,0.125572161172471
9044,8517,1.08508345433371e-12,0.0179739972556165,0.883522443045124,2.32822048704226e-09,2.53717748047208e-07,8.13087540390354e-20,1.66434537396904e-05,0.0984866601984663
5048,9714,3.93060497754764e-05,0.0202702297098887,0.699696512952492,0.00770217909985079,0.185212913062495,4.7643658176053e-06,0.0108440183170475,0.0762300764426332
3741,5277,0.000353970606075643,0.0294052357254528,0.613908688163622,4.17180428162353e-05,0.00246906720531288,7.75320543304747e-12,0.100033908170932,0.253787412078036
4155,4079,8.03510594973691e-05,0.00293721544438717,0.946719043332058,6.88740852869284e-09,7.3616709388551e-07,3.70621700511735e-22,0.000308906868980382,0.049953740240575
8768,10195,0.0146182786402246,0.0898401276362084,0.737135435454283,0.00301229662945296,0.00150448769767902,1.29765327709563e-07,0.054976542963924,0.0989127012129003
9113,9356,0.000245598783900635,0.0369408630392265,0.817676302074113,4.17176974750876e-06,2.3110363174843e-05,1.03692823067198e-13,0.000468483770839416,0.144641470198894
8494,6598,3.94128826014911e-14,0.00253207508447709,0.971217802851154,2.7884288679505e-11,9.89915016490549e-09,1.97568700221487e-23,6.41653925528901e-12,0.0262501121308781
8219,5399,0.521581213245197,0.0105560108324855,0.406933049244048,8.10047242491064e-08,1.00329236776205e-06,2.45718682407391e-15,0.000105836976561867,0.0608228054046129
9872,6839,5.20843995419022e-17,0.00370199008896814,0.955859526331447,5.22990888979748e-10,1.37735090223029e-07,4.67777700951321e-21,6.7064646931602e-09,0.0404383386150388
7667,7797,1.57920042596763e-08,0.00381404639513577,0.928494152443602,8.72261305664125e-08,1.14938750467718e-05,2.55090289889157e-17,9.12900976143222e-05,0.0675889141704667
7048,5998,0.112681986819101,0.0112348699594607,0.814501441784449,1.82306524136912e-07,7.40975023174413e-06,2.49024492527261e-16,0.000160320976970084,0.0614137884032627
6290,4919,7.72054114529914e-12,0.00574077445636812,0.898142360406562,6.49994031811078e-07,5.66904569477077e-05,3.82670175228337e-17,0.00111190855945628,0.0949476161189132
5876,7556,2.56682373298769e-07,0.00806871387298397,0.881598523736311,0.000387080552993855,0.0278062986157899,2.68126213689376e-08,0.00293374490046986,0.0792053548264563
5668,8635,2.26358290627935e-08,0.00738847974818326,0.884197522405265,0.00011846056697795,0.0171438942949081,6.70595250313893e-11,0.00679830181279097,0.084353318468986
6358,7436,0.149816230180022,0.00513312382605389,0.725705221408999,9.38705641036992e-06,0.000324392884159064,2.95124090242027e-11,0.0353491981685895,0.0836624464462536
8359,2043,7.52500133902965e-17,0.0039743243374793,0.921131382478222,4.97674114903836e-10,1.45414814438555e-07,1.18427105913505e-19,0.00795277905106266,0.0669413682207469
7183,10554,0.11475690750841,0.014816485124952,0.776522641713108,0.000214194819151277,0.00846754166216321,4.0296101347899e-12,1.51505033824162e-05,0.0852070786648035
8220,4201,0.48241612957079,0.039080661964524,0.369086230948346,2.63134527790218e-06,8.32355552664488e-05,4.59851475260154e-10,0.0130909061947731,0.0962402039611714
9940,9356,0.0176967680026174,0.0118309248554205,0.778432872697827,1.84480301348771e-06,0.000180080361287478,7.2379439514133e-15,0.0504406825920589,0.141416826687768
9182,9236,2.06221592970582e-05,0.0513585713471186,0.804416568053392,2.52031644949866e-05,0.000134051073730096,6.31089333583865e-11,5.61915958825659e-05,0.143988792542975
8977,5759,0.296619839441031,0.0290497441370878,0.578864988293089,4.62259522300035e-07,9.37902244048529e-06,1.64201139821584e-13,0.00773966600212537,0.0877159208445393
6084,4080,8.0298827082085e-12,0.00631454442199384,0.841354136088834,8.97381621631602e-07,3.29037644854564e-05,2.74889622747827e-16,0.00118528179199421,0.151112236543041
3948,4918,2.51620827816966e-06,0.00295425817328532,0.858514266314178,1.35627838151794e-05,0.000678493364610369,7.50618246330372e-12,0.0278478526684595,0.109989050479867
9253,5280,0.807239424400341,0.0197355598794349,0.0292826744738386,2.69166656041047e-07,4.28916398872154e-06,5.81904417053001e-14,0.00140083283094565,0.142336950084737
7804,8756,2.60160356339668e-08,0.00910505544937824,0.930047784331593,1.27324885119396e-06,0.000116114155469536,1.93395406925378e-13,0.000203758834633815,0.0605259879638455
4637,4918,8.99958188197743e-09,0.0367517350164692,0.408986224318557,6.8389333745532e-10,2.50644587219442e-08,2.53588691012528e-18,0.377118627570704,0.177143378346336
8288,6239,0.000104796906848149,0.00872757868179608,0.918659087352882,5.19188108097374e-08,2.19680831851815e-06,3.64533460816786e-15,6.10135647731646e-06,0.0725001869748636
6495,8635,0.796025382574464,0.0059989043555455,0.14730514248041,2.70837711100218e-06,9.91155795479965e-05,1.34724349168723e-12,3.96614370760597e-06,0.0505647804878663
6979,5639,0.00536368277250582,0.00546824989760888,0.943352331752788,2.13795943318242e-05,0.000945291408306098,2.04159372205749e-11,2.07681912537276e-07,0.0448488568721307
6632,10074,0.0151535032103131,0.0136493252325796,0.756383284755887,0.00621239294373446,0.10187359572075,5.69296567990504e-07,0.00500449962288471,0.101722829217283
3810,3959,0.326720411555349,0.00123874160838412,0.655436555536675,2.69435161594971e-12,7.46685522563108e-10,1.34236857156193e-24,1.8996546788184e-15,0.0166042905502099
5324,8755,9.18017448245164e-09,0.0100097538462312,0.748084525244632,2.55820928513365e-05,0.00396217490306857,1.89567859507541e-09,0.10519542058833,0.132722532249034
5668,9354,0.704269791976203,0.0149476839018473,0.222394211101002,1.09424310291414e-05,0.000787888476208408,2.41077874286811e-12,4.55109637603228e-05,0.0575439711475392
6014,6118,0.00417213377033139,0.00358103535205061,0.926532811837544,4.61574329753769e-09,3.56620950684629e-07,2.77592003885375e-19,0.000115431134104653,0.065598226669275
3260,3239,0.317435938876913,0.0175171642780649,0.547588132508804,0.000138689241175638,0.00888277833182069,9.06344814883536e-12,0.00112960742005301,0.107307689334105
4083,9713,0.047870849933288,0.0118078429555411,0.681482893561198,0.00576860475007588,0.145353246536566,1.53298158556797e-05,0.00745183397218987,0.100249398475286
8976,7198,4.19847622061596e-11,0.00598790838524668,0.923506817459175,2.73140540781334e-05,0.000188727952242364,2.82340056512939e-12,1.22502961571931e-07,0.0702891096014883
4705,6237,5.83375919173866e-10,0.00499417873102154,0.938136326325241,5.56555485441086e-06,0.000941444975770879,3.00752238279826e-12,9.20359911779493e-07,0.055921563466817
4841,10073,3.2977069510101e-05,0.0102384569998561,0.774845915741825,0.000346145352207119,0.054823409903513,1.11420786435915e-08,0.0300195142156885,0.129693569575321
5946,5278,2.5391816977183e-11,0.00920841433205038,0.890497586297079,8.67578661847832e-06,0.000194519015378152,5.66932920081003e-13,8.00157478255665e-08,0.100090724527167
8083,1803,5.05074380108136e-11,0.00393051756286897,0.591882897206736,5.13655614306861e-07,4.16070303901661e-05,4.5117097391982e-13,0.231723544444165,0.172420920049267
3673,3959,0.812739448124584,0.00600018065201202,0.162940631517227,8.73399360566256e-11,3.91399722644526e-09,1.60921051598097e-20,1.18733915618343e-12,0.0183197357036525
8014,2882,1.50397017172257e-13,0.00288103323812273,0.901287083913252,4.49928299819426e-09,5.7258731349583e-07,3.87805215803053e-16,0.00814088218470252,0.0876904235771752
6291,3001,8.49310809197998e-14,0.00360310881818722,0.884326616079367,2.80656443198013e-07,6.88367756777542e-06,3.86949857732281e-16,0.000948247674980882,0.111114863093368
7046,8636,0.133204682253667,0.00518159093414707,0.733871099046553,0.000145814142193364,0.00628498322701836,1.76188286881686e-11,0.00518193470614858,0.116129895672655
3604,3839,0.504817141207096,0.00327905705991383,0.459002417211067,1.49590976556545e-09,8.48664245317911e-08,8.90285298971376e-19,9.02882971806471e-09,0.03290128913076
5530,9114,0.150759596642098,0.0444214673203899,0.574593638276395,0.000712637018587109,0.0789275186321989,4.35772402632192e-06,0.0130165314637106,0.137564252922594
9390,6239,1.43771905461076e-11,0.00414295455820152,0.921526028997475,4.92509554421147e-09,9.47783189495705e-07,3.38831138580635e-15,9.85363300652308e-08,0.0743299651853276
3741,5757,4.09711859396519e-10,0.0120467474460946,0.741104467497823,3.26603127082381e-07,2.76386618144294e-05,1.20570982742532e-13,0.0382629100245226,0.208557909356786
4635,8994,3.03083378182156e-08,0.00764776020719523,0.83445379812824,0.00136423196169573,0.0645161639230432,2.97540144971024e-07,0.0101228796751711,0.0818948382561714
4290,8634,0.0521944021628947,0.00553856741886399,0.849480286989295,0.000184673831393376,0.0177761376760631,1.72987253710286e-09,3.02008509480181e-05,0.0747957293406689
4910,9953,9.40272218104709e-05,0.0187001318956447,0.617252039750297,0.00968010728208799,0.210174710945062,3.5001235049834e-06,0.0417849774217996,0.102310505359792
2846,4198,1.20771914219195e-08,0.01137932901038,0.552644196191415,1.43470492690879e-08,1.29567953817357e-06,3.11645905505747e-14,0.328509879088314,0.107465273606081
9736,3482,4.81557574922524e-05,0.00253773428447583,0.908135699053997,2.80578591537877e-07,3.44968980919475e-05,1.17040996652495e-15,0.000779673454286934,0.0884639599730637
6636,2402,5.63776560634809e-11,0.00296440738843165,0.808439802373047,6.24950332707937e-08,3.47882703096628e-06,4.51563182949189e-16,0.0901474844600623,0.0984447644000171
6774,1922,2.89756696053517e-13,0.00261364338432156,0.753153916639857,1.45482864858837e-07,6.17344085713787e-06,3.60677487468902e-17,0.0744909806607926,0.169735140391017
8910,2523,0.00163848095696703,0.0252278462543147,0.823353583267825,2.33240457626023e-06,0.000118657190161797,2.05729590105907e-11,0.0460824781455507,0.103576621760031
9253,4321,0.022363398785635,0.00836620146152,0.876663092403352,1.35453243093576e-06,0.000181768284504919,1.49599209954598e-09,0.00132141004009709,0.0911027729964682
7805,8037,1.16358199436233e-08,0.00530276452057677,0.925543011314442,2.45908845953475e-08,4.23156555360291e-06,1.28661540870871e-16,1.87960798484851e-08,0.069149937576643
5946,3600,8.57969195847214e-13,0.00375237153164897,0.830010501642248,1.29600163271093e-07,2.73245693356924e-06,2.69842246478851e-17,0.0621180878009418,0.104116176967207
6013,8515,1.10544892062745e-05,0.0107360968620838,0.712940824938938,9.83186782219987e-05,0.00950344885778443,3.93099692083943e-06,0.132668087202634,0.13403823797421
6426,9714,0.00668337033691143,0.0187947367424032,0.792369547910941,0.00625337937630351,0.0965424442188241,1.38963148867963e-07,0.00193080938540193,0.0774255730660656
6084,3121,2.48957878088206e-12,0.0067654426822554,0.758296054090031,4.49651161706169e-07,1.89722584286825e-05,6.65888106451202e-17,0.0458515782359176,0.189067503079716
8427,4081,0.268099431203625,0.0210286499702677,0.651247480960517,4.07288736384185e-07,1.13288457855805e-05,4.57650716878051e-12,0.000496698407309644,0.0591160033191821
5739,4199,2.13227341215387e-13,0.00540924926787638,0.796672861593114,1.80568089837546e-08,4.76166115330349e-07,1.20180966265263e-20,0.0402697947564546,0.157647600159418
4017,5038,5.21988386701059e-12,0.00345344453938783,0.831180518096319,1.64014085791578e-07,1.3892588054643e-05,3.7005662983793e-16,0.0309577023834254,0.134394278373507
6496,6477,0.0142669497843579,0.0102979003195439,0.626737570040497,0.00067555446011963,0.0039459680459658,3.2807192289622e-06,0.21994491302969,0.124127863600597
3464,8154,0.519779392949287,0.00514705898292874,0.385620226629153,6.03401611377303e-05,0.00311806916511583,2.89794375649031e-06,0.000451669507799085,0.0858203446608221
9182,9476,0.006315186089425,0.0422756478043687,0.840040559853867,0.000193382203932895,0.000206380256488999,2.0906126625126e-10,0.00694168784632599,0.10402715573653
3810,4918,5.74277560859484e-07,0.00629625095496825,0.434946569358905,1.16794653911935e-06,1.9197709920334e-05,1.78617926128959e-12,0.315523738409924,0.243212501340397
8014,2162,4.61065158917595e-11,0.00503376989862681,0.85454375669263,3.55493155620514e-05,0.00331254956000225,1.73121855808434e-13,0.0221953299942891,0.11487904449261
10080,4561,0.685071915681725,0.0620111451355873,0.0789290975417248,3.34810094981598e-06,9.92552536116896e-05,1.10231360264552e-11,0.0733379825469387,0.10054725572844
8562,8397,0.00797022928988194,0.0055534955061271,0.848965547915319,1.10940046811177e-06,9.12273154786257e-06,7.54392491081964e-16,1.2706819189108e-06,0.137499224474736
4776,2041,0.000172721613366755,0.00556485241627625,0.859449703603589,2.58605805969658e-06,0.000147088788564558,2.32236116067829e-14,0.0115422244429118,0.123120823077209
6566,4439,2.97241192102787e-06,0.0111090865226877,0.749407528231496,2.06776863478753e-05,0.00111446052122753,8.72850524928225e-11,0.0437459770279907,0.194599297511044
4569,2161,1.68463447250794e-10,0.00258996431270899,0.823713207547478,1.37068904605201e-07,1.38040556188429e-05,1.08515761670126e-15,0.0365060206085851,0.13717686623824
6084,4559,2.61765832784452e-10,0.00480014855109493,0.740756490590158,3.82628089589209e-07,2.20389268373517e-05,5.07346216631915e-14,0.0914077240484074,0.163013214993597
4430,5038,1.65521468610723e-09,0.00770966741915588,0.753337895985683,1.1446546283905e-07,4.32227716439744e-06,2.32597324446989e-16,0.0869703358273037,0.151977662370015
6221,5758,3.18857379741071e-09,0.00542730975325304,0.879927257484277,1.64488831680524e-06,2.6393523237887e-05,1.66209561281814e-14,0.000390523592090459,0.114226867570235
6359,5279,1.14171988495388e-14,0.00697339692126018,0.903778995908596,2.04059640594652e-07,1.03185556421938e-05,6.38938013233254e-18,1.13004811623196e-05,0.0892257840736878
6359,5758,2.96319283778143e-09,0.00434587603347018,0.892822828879374,3.38640865490719e-06,7.24892030369027e-05,1.82111725388384e-12,0.00536323283641627,0.0973921836740333
9597,6359,1.55859844791252e-11,0.00281554947595541,0.948896774245058,1.06929186526534e-10,6.9031077732386e-08,3.92851429771485e-21,2.32180695738952e-10,0.048287606893213
5392,9354,0.112263047670127,0.0163006439499501,0.671586101082775,0.000179386495612993,0.0383719651960043,2.94816836285953e-07,0.0590990971589838,0.10219946362971
8702,3841,0.0013003069356534,0.0109346100616437,0.842385967826772,1.2740205811231e-06,0.000137448150159928,3.06766555196532e-12,0.0250500775510226,0.120190315451099
8013,5040,0.211571935745434,0.00728421699672347,0.72334734880138,3.21806633901424e-07,2.67661565631528e-05,1.89783487632485e-13,0.000462181098091344,0.057307229394985
5462,8275,4.39413585270926e-06,0.0329450133691119,0.623774792067533,0.000140783637143692,0.0218189425434828,4.37340318835885e-07,0.176392792184119,0.144922844722438
8977,5999,0.445119275424437,0.00925547650844448,0.436975391588615,6.64435680830353e-06,7.48867855129503e-05,5.83272273139305e-14,0.00254536930032064,0.106022956035803
3533,8274,0.855837197150435,0.00533012186153024,0.104944121401157,2.33870041690655e-06,9.12409335937791e-05,8.5659912013608e-08,2.71059787578992e-06,0.0337921836950786
7461,5519,0.433384075322161,0.00503046809477296,0.505930350200346,1.75814141498757e-07,7.59849884055489e-06,1.74344113134412e-13,3.33419179860758e-07,0.0556469986503844
6289,7317,2.05830663637182e-13,0.00290127158161217,0.945766994928117,9.96242376157425e-09,3.86326953013702e-06,9.38272172567847e-18,5.60855437553407e-07,0.0513272994026735
8287,7917,4.74839437282401e-14,0.00469205565261797,0.961141395042729,1.2931674409486e-09,2.71608907176001e-07,1.3041643595595e-19,3.74660779344969e-13,0.0341662764021561
6292,2042,1.77796216109364e-10,0.0039238216132995,0.799247240684116,3.83683520625724e-10,6.13468691899456e-08,3.79142221039805e-20,0.0957463932811217,0.101082482513114
4567,7196,0.00895756983171232,0.0385392538537947,0.617039146942277,0.00758397929756409,0.120180349015211,7.91748506172312e-05,0.0286514122501923,0.178969113958632
6772,5519,1.11842106862139e-07,0.00358272785931004,0.904270532357017,5.12254865167908e-06,0.000196787823418794,1.48858570127763e-14,0.00438122873152659,0.0875634888379544
10146,9476,0.124998220184272,0.0963668857143987,0.485311135892709,1.02360130751565e-06,8.80568372258961e-05,6.6911032027616e-11,0.142815988486702,0.150418689216473
6360,3600,6.20231581383473e-09,0.00632900460247567,0.636435560092445,5.83956764466345e-06,0.00010440388219245,3.95533300537121e-12,0.190374644459223,0.166750541189748
7738,3361,0.000701953447063308,0.0188762436454069,0.560705024495988,0.00124741981082584,0.0480203484850544,0.0185494948238033,0.228635561743697,0.123263953548161
5533,4319,4.60005996653327e-13,0.00602876698691317,0.860657901883352,3.83769613315837e-08,3.50699723629382e-06,1.70193264311405e-15,0.0209138236538455,0.11239596210123
6497,4320,1.09142431942311e-09,0.0120260734433022,0.791506000008144,1.19454991704505e-07,1.19710433967393e-05,2.23789670334916e-16,0.0164384068229124,0.180017428135829
6841,5159,0.00156372142469279,0.00458146969119766,0.829120926031745,0.000515885321580117,0.00698114670330709,1.84332010342715e-10,0.0123059736062399,0.144930877036906
4014,9833,4.73994301623493e-08,0.00745099021702694,0.901980686084314,2.78124419403511e-05,0.00314422132431766,3.3444142480373e-09,0.00174312418047641,0.0856531150080798
7735,9595,1.3161712132649e-08,0.0237018007668843,0.856470230981636,1.27932159840954e-06,0.000109964278963321,8.14359763498906e-10,0.0215329695226944,0.0981837411521519
7184,8636,0.193300501094424,0.00686623364593986,0.731269371687759,4.64369618559497e-06,8.95923187765219e-05,8.32742262635141e-14,0.00124002592799265,0.067229631628839
4360,7795,3.76858762255706e-07,0.0355759567409825,0.362157141473134,3.27640856012007e-05,0.00397536276355714,7.31028799838344e-05,0.437003142238555,0.161182152959424
5393,8395,5.99010389927716e-05,0.0199813541183054,0.666412613952418,0.00869963941401415,0.154044858677142,0.000643372622557994,0.0343418988173624,0.115816361359208
3465,6716,9.25226227611164e-06,0.00876740492257646,0.747811353130237,3.02082105160072e-05,0.00129552228379879,2.6067964173934e-10,0.0879686272481525,0.154117631681763
5877,4439,1.34299340863485e-15,0.00281307184331648,0.840246075622117,4.68002809434537e-10,5.46584873161649e-08,1.24424859971813e-19,0.000761005784186628,0.156179791623889
6221,6477,0.224875026710849,0.0100683645683305,0.571745937981881,9.29281511876114e-06,0.000596505544144902,3.31086351454288e-08,0.101312315669284,0.0913925236017563
4498,7316,3.44978120742923e-05,0.0196959156162125,0.612453530799609,0.011788547695062,0.127921562029185,9.73102193728872e-05,0.0270781243183666,0.200930511510118
3947,6117,3.8266973920516e-08,0.0183387961291944,0.702118722206358,6.75266671879522e-06,0.000840307601049674,4.34534548063091e-08,0.10174801709836,0.176947322577891
3672,5157,7.29683079586725e-09,0.00530919933012535,0.525482689349054,1.87060473456163e-07,4.04377432764433e-05,3.37099181035246e-10,0.290634212596996,0.178533266286145
9802,8157,1.08316839814864e-13,0.00497304041885199,0.920107721567475,4.98988842473198e-08,2.54151087845233e-06,4.47669302154482e-17,8.65201519435215e-10,0.0749166457386005
9804,5520,0.233429931605306,0.0309591904115148,0.618173005585909,2.23323533419738e-07,6.88126824083429e-06,2.07762565311699e-14,0.0233233399350068,0.0941074278704687
10216,8397,1.10359080444326e-13,0.00701600346045214,0.933041141066282,4.60167408768522e-09,2.54674440355253e-07,2.07125775293797e-19,4.83911445292457e-10,0.0599425957131297
9459,7078,2.56711322266618e-12,0.00525032812448225,0.895192653870104,1.13374346425484e-06,3.37325126276392e-05,7.07045284463329e-15,4.95607424907855e-07,0.0995216561393232
6564,8995,0.0504459512315661,0.00649818283911155,0.861250364272784,0.000433561483809112,0.0191813809880036,1.81408923043818e-10,3.15600300054896e-07,0.0621902434030163
8907,8756,2.3931961334861e-12,0.0139136758534269,0.902362411602385,1.65848438915585e-09,2.10567318105365e-07,6.17817076975391e-18,0.00651709890897906,0.0772066014070129
3398,2760,7.41476108961512e-06,0.0285076897464777,0.337065370268785,4.12967446377888e-07,1.74160343226871e-05,3.10281971821359e-08,0.467894154112124,0.166507511081557
5738,7556,2.00595854112711e-10,0.00569343611178844,0.921130196779132,0.000100309794715472,0.0114340664722648,1.11218123212137e-08,0.0135464670595392,0.0480955124601516
5738,8036,4.41510637660465e-07,0.00639382667665,0.872306622890652,0.000135359459977687,0.0149435690993955,1.37601328031679e-08,0.00525949659248552,0.100960670010068
7805,7077,2.11049875726672e-12,0.0034216639951545,0.936159982052331,7.50868085428172e-08,2.52451822002627e-06,1.72281089475126e-16,1.37325991735234e-07,0.060415617019384
5670,5278,2.13251760789195e-11,0.00482738672733985,0.862418295937745,8.37997969854348e-06,0.000364144544887443,6.07992791230244e-12,4.07550668933583e-05,0.132341037716031
8702,5040,0.498448921581557,0.0259123712144996,0.372056719802558,2.1008657044489e-07,1.02899206341256e-05,1.26028199884668e-15,0.00127237341638723,0.102299113977793
4291,7675,8.6151242281496e-08,0.0209069001323574,0.634542998510412,4.55456744751701e-05,0.00536653069837208,1.76948464371324e-07,0.175522626105576,0.163615135779101
5739,5398,1.0933876095309e-10,0.0218605690082329,0.769891932447118,0.000183056746483594,0.00217662516317381,1.4658770835336e-11,3.58015463181824e-05,0.205852014964676
5464,4199,7.15999270648784e-11,0.0016946136486466,0.844692577097651,6.86532432731554e-08,1.6003184873735e-06,2.20948177697782e-18,0.0535995539415287,0.100011586268843
6634,5998,0.00346566908814374,0.00746482815324973,0.900066134204839,1.27751479967627e-07,1.47082644371125e-05,4.00317730956954e-15,0.000839337013506365,0.08814919552434
8909,3002,1.64559455843028e-06,0.0044812866610691,0.957268229037794,5.62691579810319e-09,1.51291998740639e-06,1.43128883358738e-17,7.86398053418937e-08,0.0382472415198704
9526,10075,0.334848913545973,0.0250380518414635,0.522541954373604,2.43176937493754e-07,4.77515684426872e-06,2.41792493609211e-12,3.7292836272128e-05,0.117528769066488
4707,1921,3.41285137048372e-06,0.00547640730562908,0.836353484152791,3.72588133861141e-07,1.64302283384417e-05,2.35979235561521e-17,0.0402305666181791,0.117919326255558
8771,3242,0.15394059368838,0.00689129203914774,0.75543325089032,2.6583809589603e-08,6.15004136524832e-07,5.19722121870879e-17,1.74408540769e-05,0.0837167809401287
7803,10194,3.21628336654235e-09,0.0187057030158909,0.898334656017331,3.87638193589209e-07,1.24397974825758e-05,1.31505343574381e-15,0.00125598219675134,0.0816908281180658
7323,7197,0.131691114477002,0.00334015729487768,0.833864275061691,3.57632177543127e-09,4.46376471527936e-07,8.00895499173388e-19,1.82569222471264e-13,0.0311040032134543
7393,5159,0.216977399106901,0.0103574469353807,0.619669835191808,1.36821088426583e-05,0.000511591020558047,5.38819304087719e-12,0.04024250188137,0.112227543749751
5186,8755,1.62957639214075e-08,0.0246211716997724,0.633037632087598,6.39575692644466e-06,0.00119812030630337,1.98781123855578e-11,0.121362036892541,0.219774626941217
9595,8996,6.41511436170762e-09,0.00908595902811863,0.812091252293064,9.08450613618522e-06,9.05114591941818e-05,7.8569362946472e-14,0.0329661311925701,0.145757055105724
7872,10314,7.6440474787519e-10,0.0345036537382037,0.862841860640953,4.90758882933835e-06,0.00010388191572111,8.68831061373715e-11,3.48333877830275e-10,0.102545694916671
3466,4078,0.00239121487566501,0.00269029556479563,0.946677604940412,1.09504548482325e-06,8.44803476746496e-05,2.46127718990478e-15,2.18574269107433e-07,0.0481550906516961
8496,2283,1.8758824558917e-20,0.00138413596695924,0.959815309775129,3.80348847886784e-12,4.34969198257939e-09,1.87791951623173e-24,5.06338064989405e-10,0.0388005493980779
7324,4800,0.283216369081841,0.0155070445043532,0.457567091209438,0.000176320574240119,0.0130851715475292,2.93530731441963e-07,0.0943234867492001,0.136124222802667
5257,5038,1.68556932720646e-08,0.0254949653094315,0.738155781742242,6.89641667151595e-05,0.000937404657279206,5.23404412670929e-11,0.0447821226605686,0.19056074455573
4706,4558,7.78354977665888e-14,0.0046007839549271,0.89827203746646,1.30364309087775e-06,0.000248336820463708,1.02614830501931e-15,2.88440798099191e-08,0.0968775092709
5669,6957,6.20224398066234e-08,0.00489478711397699,0.906202516615939,1.04422075564568e-06,0.000147733946749934,6.33236516668126e-14,7.23285253671138e-05,0.0886815275547081
4842,8395,1.40615442626819e-06,0.0279188906079408,0.711556809997378,0.00197621605739844,0.0995363625871899,4.13124465398026e-08,0.0217701406877989,0.137240132595421
7532,1803,2.99453614337205e-12,0.00523636627739591,0.848258128965457,2.02550430390093e-06,0.000236548142441455,2.68321047500058e-16,0.000516967523019597,0.145749963584387
4017,4079,0.0051867607843425,0.00539848817652543,0.933932490168854,3.97051685642515e-09,4.88313534328048e-07,2.63001944105753e-22,1.03880178187942e-08,0.0554817581982085
6633,9115,0.598941246253512,0.0104858367129663,0.34035804105363,5.7950021158761e-06,0.000138133510863443,9.33266184712243e-15,0.000695880130077879,0.049375067336825
4362,3479,0.00980458917246965,0.00369907175377947,0.687078184816095,1.58991854377582e-08,1.5632841128947e-06,4.41433468818684e-22,0.0957188720900531,0.203697702984305
7187,2881,1.32933211374516e-13,0.00453136080666257,0.86006476710804,3.17093298163331e-08,4.18657559666168e-06,1.4569091882223e-18,3.91575786920144e-06,0.135395738042369
8562,9595,1.33917471472567e-08,0.00410673401435731,0.951533906535795,2.32561313677198e-08,4.95443329033888e-07,2.24278150080477e-18,2.89156320875223e-05,0.0443299117265525
8148,9835,2.11432519755568e-12,0.0355059048873028,0.875773616816129,8.22178984655396e-10,6.84916509986486e-08,6.48334411116143e-20,0.00160733934568135,0.0871130696349423
4360,8275,1.7480410827752e-05,0.00583865040472536,0.91224207136518,7.65671357850764e-06,0.00177043547487804,1.67330213321091e-14,3.22618100878718e-06,0.0801204794497852
8151,3601,7.19565765485089e-09,0.0113968150926039,0.934763395739702,2.17421459303211e-09,6.76233427471996e-07,1.72346233885923e-18,0.00156313406386538,0.0522759695005293
9943,2163,5.08306750611242e-10,0.00537342341629731,0.948475685675532,9.28305303078535e-07,6.04845890233659e-05,1.24943347179775e-10,2.45068816415204e-05,0.046064970498953
9184,5640,0.420020775483754,0.0206509714475351,0.399700318129018,3.15795243520428e-05,0.000312984651492523,1.82140249438987e-09,0.0366818229279716,0.122601546014474
9940,7918,1.64201665062689e-14,0.00573915943302067,0.905296671440229,5.62659561682346e-09,7.71355077701352e-07,2.75191326863155e-17,4.30394374624996e-06,0.0889590882013141
8631,9476,1.0185314713273e-08,0.00740167770337122,0.92097840379485,1.24882756245352e-08,1.04268899552914e-06,7.38823441372233e-19,3.6536604150473e-07,0.0716184877731513
5118,6237,0.115255378348785,0.00164222911440748,0.83484049321523,2.61001145746598e-07,1.7588243580302e-05,1.86580025295484e-16,4.20813742730442e-07,0.0482436292631084
7804,9475,5.14762626371761e-11,0.0144199722548828,0.642556050256402,7.40832767916116e-08,8.16197413974499e-06,9.95323760265618e-13,0.286937343535011,0.0560783978438163
6013,8995,0.136296519025233,0.0131361974255629,0.670022488608907,0.00171983496108977,0.0808876892887756,4.95864449614551e-10,0.00092604826447515,0.0970112219300923
4843,5038,5.42364123641819e-11,0.00734222669321757,0.668363138903902,2.57169819714036e-06,5.92720767979712e-05,2.24820916438026e-12,0.200767216030435,0.123465574540966
6977,9714,0.344412919736012,0.0167801514579555,0.548281280813998,0.000210453377441746,0.012230278719248,4.06144433033948e-11,0.00123259144920625,0.0768523244055243
9802,10075,1.58922924109439e-05,0.00207347909301268,0.93949260137522,7.73920367975566e-10,2.89065977084845e-07,1.34180096763226e-22,1.5868373613413e-07,0.0584175787157225
6013,8755,0.434053020850786,0.0119143495735031,0.483496977632051,0.000149980259167171,0.00627611353979686,2.4589176753213e-12,0.000962202637836157,0.0631473555044004
7806,5159,0.281683373617342,0.00612260626806761,0.625760242368034,4.19346128814987e-07,3.49297763230647e-05,6.71281971410008e-11,0.0197289971540045,0.0666694314029724
7185,6238,0.150143468534586,0.00528635805678399,0.79045923443723,2.43699567137054e-07,6.78819102786695e-06,4.52389911333147e-14,5.56698859078974e-06,0.0540983400921686
10218,4321,0.407791624652498,0.00596593284313091,0.508361551185778,8.38965210161726e-06,0.00023794828554097,6.97748373279748e-08,0.000721325739325075,0.0769131578667883
6219,10074,0.0254529264977361,0.00994469042450336,0.798199149148554,0.0020549441159205,0.0858934637025835,4.22053884764119e-09,0.000351086628090219,0.0781037352620736
6290,5159,7.61263184777163e-12,0.0110836735436669,0.899481591069612,3.50196180760694e-06,7.67397594428955e-05,3.16213392182268e-14,7.98935689774787e-07,0.0893536947221367
6702,8755,0.335483039447856,0.0087687017711147,0.603389811158953,5.05157648798026e-05,0.00121093604460652,2.59840344186793e-12,9.08665357177734e-07,0.0510960871446349
7601,2402,2.33118544469555e-12,0.00449306692140138,0.869548863476238,2.92498322834017e-07,3.36002134211448e-05,5.49544762260112e-17,0.000210311940009146,0.125713864948276
4772,10433,0.0438998155579493,0.00729059640376825,0.817478982196473,0.000449323159991152,0.0173822918117249,3.34819500804721e-09,0.0120311713714227,0.101467816150476
6497,4559,2.65972643835868e-05,0.0142960089287131,0.773526504166881,4.352083709263e-05,0.00260686209866092,6.04607748443587e-11,0.0442182303212778,0.16528227632253
7532,1563,2.14144186922794e-17,0.001679067323095,0.945533426080194,1.27020869560811e-09,3.30525949538366e-07,3.1288085221867e-21,2.6055753241793e-10,0.0527871745399949
9735,5160,0.462033632522036,0.0606741743633092,0.352905546183303,1.69368509533793e-06,1.99083544715726e-05,4.54620885062445e-11,0.0197872859905531,0.10457775885577
6221,5518,9.58532355778893e-16,0.00165791898129881,0.911984896305438,5.13108875583493e-10,1.37193120228615e-07,6.97781990704891e-20,8.16937286185367e-05,0.0862753532784151
5670,5038,3.27275503970908e-11,0.0108635579807559,0.878347436522051,2.61604022808861e-05,0.000590048452110826,6.41436994207784e-13,5.99279653211259e-06,0.110166803812901
7117,4680,0.151785740147472,0.00349039361289258,0.720148273971752,5.24357302219392e-05,0.000815436441538054,6.30821610725963e-11,0.0147514465660366,0.108956273467005
4705,5518,0.00074149169304447,0.0104322133437136,0.799500846548427,0.000145416561098029,0.00701202248855023,1.02029531850983e-11,0.0237666083456699,0.158401401009294
4845,2401,1.00376311776047e-08,0.00120789680682899,0.839267459637638,6.50232044764492e-09,8.75717182671171e-07,1.18203696947016e-16,0.070450694255744,0.0890730570426548
7874,6718,6.32058385753329e-09,0.00532013912966416,0.959443834585658,9.56377324181638e-09,5.9638727898896e-07,1.40709236096225e-18,8.58267685016331e-07,0.0352345557453571
10217,4801,0.112102246493958,0.0134456721089846,0.752106606025874,2.5346260377509e-06,8.68464633137349e-05,1.2426776016924e-14,0.0279499472971425,0.0943061469846773
4156,1681,0.0115403996298276,0.00927697438987882,0.816972537469053,4.23081120347427e-09,2.05149274547167e-07,3.59605750181217e-17,0.0394442811504521,0.122765597980702
3602,8394,0.843246680502617,0.00304578780218569,0.0619179677511262,1.14145969070743e-06,2.03280380309433e-05,5.59887338407547e-11,4.79742033325545e-07,0.0917676146483274
4223,5397,2.57548393367359e-08,0.0138279019414767,0.796854802314937,5.35614609551222e-05,0.00265313440162486,6.00697872706256e-10,0.00934767483298781,0.177262898692481
8289,3601,0.0737900776064711,0.0215668979593303,0.839798732040879,1.81818561384777e-07,2.53529163610641e-05,8.98097649940359e-15,0.000399319874944318,0.0644194377834439
3672,5397,1.63589703827965e-08,0.00567927181366815,0.738899632912216,0.00237941949599042,0.0124096374220924,3.02374194374209e-05,0.0441931553914882,0.196408629186137
9943,3122,1.48589162035321e-05,0.00992078900350451,0.904707814350212,5.99885889127189e-06,0.000370016898991124,2.39421899303393e-09,0.00462121083037326,0.0803593087476059
10148,5161,0.472579557458521,0.0286697596936429,0.397490111590646,8.87096524358447e-08,6.469222718677e-06,1.39648446811964e-15,0.0213437708399527,0.0799102424848647
4841,9833,3.35547875380012e-07,0.00706861144667062,0.880945444150341,8.28110638946689e-05,0.0156998237313071,5.32317590802373e-10,0.014242592638989,0.0819603808886044
6773,3600,2.31470020430312e-09,0.0111275551147293,0.74365565444301,6.52183016179807e-06,0.000250226763071662,5.9514059508523e-15,0.0390431721332601,0.205916867401062
6015,4439,3.27815761705395e-13,0.00466287745560294,0.746978197743014,1.76038226598043e-08,1.69616906353698e-06,1.21712053783491e-18,0.0441729034295902,0.204184307598579
4568,5278,1.50717598421465e-13,0.00313478847631262,0.822029490352647,1.62273034088394e-07,6.84094254014777e-06,3.19963174317179e-17,0.0384970282531483,0.136331689702167
2846,2999,0.00608769118723703,0.0105786022436686,0.476703080940797,5.52929799340436e-09,6.8438723537048e-07,3.91935801984147e-16,0.349164526673431,0.157465409038333
7460,8156,0.00177477635067824,0.00461302573298019,0.909872568584523,1.69612473982849e-07,5.91962389535336e-06,6.3905594640155e-15,7.35371353713324e-05,0.0836600029600715
8150,5519,0.31314981981176,0.00620220360539201,0.589763295399158,2.17914846280649e-06,5.69158763232738e-05,7.06584379197848e-14,0.00778343644413893,0.083042149714694
9183,7797,2.39529206412098e-16,0.00305398854913087,0.920338875728348,1.85977287432375e-09,1.84149113222154e-07,4.48008356407467e-20,4.62518509763804e-10,0.0766069492511162
7943,7078,5.8918445966013e-09,0.00893949392628096,0.924517931213206,7.48295777270456e-07,5.00558010712648e-05,2.13863602323712e-14,3.28510916110955e-06,0.0664884797626371
6771,7437,0.266275579728835,0.0144975996523354,0.560613662815728,1.83006778129233e-06,0.000140139792990969,7.69306679856911e-14,0.0325753721852343,0.125895815757018
9805,3122,4.33803618261848e-08,0.00421726481772836,0.870728506400787,8.62325733344666e-08,9.64025515776301e-06,8.28085575321182e-18,0.0228639856004408,0.102180473312951
9115,4800,0.130627635542707,0.0179774748272766,0.651622006550272,1.67195541078681e-06,2.7630289689348e-05,2.38504793169501e-13,0.0223023972154169,0.177441183618989
8014,1683,2.1125332298764e-10,0.00419778812065661,0.665313022993457,1.62383657766417e-06,0.000190437609125982,4.44239870893209e-14,0.122896142198103,0.207400985030782
8975,9356,1.1334639635611e-07,0.0271386424778102,0.875626039638885,4.59655379316416e-06,5.29808684801517e-05,8.8030059562885e-11,0.00100923011722284,0.0961683969093826
6013,7556,1.6778713647176e-06,0.00420276711366126,0.880538762377456,0.000230303657462632,0.0180682427444264,1.69545574742697e-09,0.0160932268890574,0.0808650176511158
3466,3839,0.207025610278725,0.00515728334244735,0.711340679016787,5.84570894693448e-05,0.00253002360605344,3.82339225729222e-11,5.80742864629714e-08,0.0738878885539979
9252,7678,2.86043449736076e-12,0.00611532656788998,0.913875020916562,2.18876508583525e-06,5.25236593656335e-05,9.42295970042969e-15,1.68873671370557e-06,0.079953251351513
8495,4920,0.245534736804411,0.0160343115724653,0.631062336420647,5.58076530467245e-07,1.27907906028468e-05,2.22072392103398e-14,0.0230468865221125,0.0843083798132089
8148,9595,3.81054813199108e-06,0.0273933107836563,0.869009711468201,5.18688362812685e-05,0.000148652413702798,1.42858898598033e-09,1.55903556171114e-05,0.10337705416582
7184,8156,0.0401012586592614,0.0144403881171519,0.837830214607712,4.83034095184624e-07,0.000157495844268049,1.24060012571702e-12,0.000111325095138304,0.107358834641132
5531,8875,0.0032561630305341,0.0188893257882924,0.706445695417922,0.00630684277016727,0.109213885048698,2.31202316659209e-05,0.0355431249188944,0.120321842793827
8150,6958,3.86187425962913e-14,0.00807947637172038,0.941414614748891,4.02991411323813e-08,2.11448372079394e-06,9.0826029717944e-18,3.43552646725836e-07,0.0505034105438414
5187,6357,1.53895372084398e-08,0.00783136824564016,0.426267732302313,1.73693770092633e-07,2.10014175304967e-05,3.66467318796161e-10,0.405792444952893,0.160087263631849
3809,7076,1.11701581577697e-09,0.00539866183787797,0.798305446235204,5.98650316783256e-06,0.00215201420485737,6.17951454046375e-12,0.0697090709789392,0.124428819116758
4568,4558,2.79140759563592e-13,0.00361054032237787,0.959761326797335,1.33146125942444e-07,2.10637094366826e-05,1.27258379734634e-18,1.98741477223795e-10,0.0366069358257038
3741,5038,2.51407085647731e-06,0.0143065725435367,0.399805595706043,2.73551953045718e-06,1.43821234515096e-05,4.11654871488165e-11,0.42626488638004,0.159603313615376
8427,2642,6.02759198590002e-22,0.001139364690118,0.985837358280188,8.00292928669432e-13,8.35970226922479e-10,6.036250036607e-28,6.57201228733314e-13,0.0130232761922668
8565,2882,0.000176787356788495,0.00589111917407652,0.918973593093465,2.99818199892286e-08,4.91926725575684e-06,3.49453598347841e-16,0.00176128946451968,0.0731922616620738
4430,5997,1.53091381386494e-05,0.011373600249906,0.818094997109967,4.69931775885516e-05,0.00568619944009188,1.78828933424828e-10,0.0242288738998038,0.140554026805675
9667,2883,5.56304326299834e-17,0.00381575054466625,0.950984431719046,2.8762408961317e-10,9.65420538348546e-08,8.28838325575826e-23,1.14350816337085e-09,0.0451997197631019
8907,7318,9.62497881106121e-14,0.00355947085646965,0.947642611737877,8.76858233190697e-09,1.71739998582539e-06,1.83547049667615e-18,3.71184277829099e-05,0.0487590728092059
7118,3241,3.98200297347589e-08,0.00547986849206092,0.840989397231458,1.526144922774e-07,1.86187013526501e-05,1.9948369205667e-16,0.0232001755236643,0.130311747616941
7115,9715,0.0547175587103518,0.0171971521732906,0.827112504009242,0.00236268244057167,0.035285907385016,4.93817485157094e-09,2.72678080505812e-07,0.0633239176652728
8700,8157,8.22213017457617e-09,0.00568799837154646,0.886803625100496,8.79410442721159e-08,4.46832712152595e-06,6.43152618610735e-17,2.50571076346292e-05,0.107478754930027
6635,5039,0.000300221569005817,0.0208044533168219,0.511327686071728,3.12841591645396e-05,0.000388591199371608,3.30548993206629e-12,0.155585795353642,0.31156196832696
5464,4918,8.38903377842231e-12,0.00805031177983719,0.83688928963775,1.45880664908913e-06,2.66853923367696e-05,3.43693474232595e-14,0.0148681078263914,0.140164146548612
9183,6838,4.07896405983399e-12,0.0035307099831794,0.936034027776365,4.70280221062784e-07,1.29574356951544e-05,4.27807348465489e-15,8.59319395948044e-07,0.0604209752010605
4566,8395,5.42432773032284e-07,0.00857771073841643,0.904854226720317,0.000115075872210811,0.0175038540161966,4.68896571814011e-12,4.97136188007884e-05,0.068898876596596
6012,10433,0.0101184692218113,0.00607880936865491,0.86147024771817,0.000508523325128157,0.0235088741530682,1.52055844239098e-11,0.000312711337834461,0.0980023648601276
4428,10073,9.46955578995977e-09,0.00708138000606023,0.923380654248829,9.2981754201043e-06,0.00268223014303191,5.36445663746753e-12,0.00206349604643966,0.0647829319052993
6152,5878,8.47754270604133e-05,0.00462029155041509,0.884264672055553,1.33720321536092e-07,9.87782428928346e-06,1.04337205467721e-16,6.74309576163107e-05,0.110952818464745
4911,8275,0.00165254594925312,0.0170601414004756,0.594720293530432,0.0134268499681845,0.173309276544597,0.0130764630027968,0.0314488810445092,0.155305548559752
5671,2401,1.26465728175762e-06,0.00670351298979966,0.763631308130027,1.61148712925785e-07,9.84936522264747e-06,3.29782416429311e-16,0.05512888237888,0.174525021330076
7045,10554,0.52903807628276,0.0108337298041259,0.362750500663445,0.00148119184560012,0.023857799353227,1.06708809523572e-08,0.000792396873751063,0.0712462945062104
7529,7077,3.65067682111369e-06,0.00344992101648301,0.978720907889153,2.96828844696711e-09,6.16255052832618e-07,2.91491127882974e-19,9.71463907401108e-10,0.0178249002227377
7874,7437,8.57320839704965e-12,0.00425505199363203,0.935062653373815,3.83014090432876e-07,4.43739162521074e-06,7.69246421653539e-16,1.37718915040662e-07,0.0606773364993483
10009,8997,1.73359754049833e-05,0.0277419431183283,0.717706537855019,0.00235150315299452,0.00144514965249384,1.26195325299882e-08,0.107623390789786,0.143114126836441
4500,3240,4.432650072221e-16,0.00262825901163916,0.728728912088112,1.41122457625033e-08,1.03762166821557e-06,4.92667404028154e-17,0.142742246606176,0.125899530560159
4913,2521,6.22732722244133e-08,0.00173155598302133,0.868387666828369,5.21425350039543e-10,3.34770087536756e-07,2.18764635674452e-22,0.0256686441943918,0.104211735429433
9874,2523,9.82750550336272e-15,0.00318056941685132,0.958360341796397,2.63691848798052e-08,5.42178790052647e-07,1.14828165486904e-12,1.72850860864545e-06,0.0384567917290098
4911,6836,0.00794635083370507,0.00775148043632203,0.843768050923843,3.26816961222697e-05,0.00397073979883868,9.45415867294243e-12,0.0013716444375984,0.135159051864116
8286,9355,6.65056115588054e-15,0.01147864101384,0.92149730253713,2.23959170968151e-09,1.40137415710474e-07,1.95096145014023e-19,2.16540355543052e-10,0.0670239138554753
6566,3720,4.33285598777946e-10,0.024046179814112,0.567279266944642,5.94164760105045e-07,3.5757101212739e-05,3.95501380988742e-14,0.164976376175657,0.243661825366291
8699,10315,2.93083708799155e-07,0.0405777623900317,0.838369980538301,1.76815608909541e-06,0.000208662471115861,1.71574444793e-11,0.0378319496721464,0.0830095836714496
4361,5158,2.66621314403211e-11,0.0103110778063002,0.817749089349518,2.32547214767989e-06,6.76031291560469e-05,2.35874982201419e-15,0.0102121215373183,0.161657782678896
8496,3721,4.03869647576823e-06,0.00923882343669678,0.882584353755383,8.2150703618895e-08,3.80222420364676e-06,1.00773308152133e-15,0.00928966481224647,0.09887923492429
7391,9235,1.39842262214478e-12,0.00956553862257433,0.650446134488459,3.66357216317306e-09,9.02257428473166e-07,1.14380690090378e-15,0.272387601420364,0.0675998195462018
6704,4919,4.77898277527889e-09,0.00649716447709034,0.664892909302203,1.16504143090847e-07,2.44024584204178e-05,1.95755962711016e-15,0.109817424427546,0.218767978051613
7873,9595,2.00153774762102e-06,0.00819827339307881,0.703223106489596,1.0676878480648e-07,1.51739799399483e-05,6.74456176459243e-13,0.232376969961524,0.0561843678686541
7462,4800,0.266948231046885,0.023614455680958,0.330972177473169,0.00756790925285267,0.0895928205196587,0.00280769481917133,0.120697218531736,0.157799492675569
5189,3480,5.93848925203922e-09,0.011050570421198,0.563972128070139,8.52033168103515e-09,7.78248199488706e-07,2.99836164665592e-19,0.247554226298747,0.177422282502896
8357,4440,0.385716846423738,0.00827379669646367,0.564038030872405,8.45621950271891e-08,7.081992383477e-06,1.70785289141346e-13,0.000122086886117589,0.041842072566527
7601,2162,2.64612467345634e-14,0.00167000703775838,0.89743640669555,1.29875553595564e-08,1.43851190177839e-06,5.35196324964384e-19,1.96311871173368e-08,0.100892115136021
4292,5038,2.40947790643978e-10,0.0124032102291786,0.737329768362919,1.85502730784656e-06,7.5357091647387e-05,3.33577803495273e-17,0.0755869560442586,0.174602853003741
7806,5399,0.608812190375989,0.0106307406437639,0.335837919611809,1.59945055251032e-07,1.05954134579086e-06,8.03441000316537e-17,0.000620918056357549,0.0440970118256796
3947,6836,4.13973205065863e-10,0.00627845065799197,0.817999168622619,7.56001959378417e-08,4.40489484563572e-05,1.49832517972005e-14,0.0325286320957117,0.143149623661037
7461,5279,0.18229836631823,0.00776922881125509,0.719686317390187,4.25622449172637e-05,0.00106590077907185,3.87993116322579e-11,0.0159727655834445,0.0731648588340951
9596,7318,1.51469248246592e-13,0.00468130137923557,0.908176654099398,4.29405869674467e-07,1.20453139253652e-05,1.81054108352105e-15,2.57840442763944e-06,0.0871269913969909
7670,1803,1.87382170416479e-14,0.00380874096033699,0.90919614836719,5.89664515278666e-07,4.32597369640337e-05,1.70116715744489e-16,8.76141308793224e-07,0.0869503851296657
8976,8397,0.0837814192669568,0.0191373737502487,0.77682016576571,2.04008145571106e-06,2.35072122163402e-05,1.41712869861196e-14,2.85879252306592e-05,0.120206905998167
9873,5160,0.505434080916575,0.110086815736522,0.232341343848935,6.01417690839456e-07,4.46677249444488e-05,1.00246920473231e-13,0.0515966744168631,0.10049581593837
7253,8516,0.242572388107358,0.0066710915714872,0.660992970944324,2.82899943394305e-05,0.00054350252764083,9.84230978455964e-11,0.000312812364175916,0.0888789443922517
3396,6116,5.3342442364197e-10,0.00133502129181053,0.764505920614577,3.83824849756147e-06,0.000247052237937917,4.1695052053748e-11,0.036945426916514,0.196962740115544
6222,2641,1.26666535972253e-15,0.00268476286711135,0.890822753493284,4.80002370621789e-09,3.93919573786904e-07,6.68061431998348e-18,0.0175513651090369,0.0889407198109692
3946,8274,0.0698238115825326,0.00263852574984505,0.846020990537012,1.64309964386754e-05,0.00372919719062098,4.73341024175186e-11,0.000759598240147906,0.0770114456560682
8565,2642,4.6136021082974e-14,0.00363252357789603,0.94677314017913,2.75765046638281e-10,7.03124196183578e-08,1.70970459359826e-18,1.89079557595699e-07,0.0495940765751855
9874,3242,1.64824116389215e-07,0.00860947420159291,0.885014835192416,3.610144152248e-07,5.43070031090999e-05,1.53833240375933e-12,0.038172216238506,0.0681486415243061
8910,2043,4.59003437817373e-11,0.0117523429440529,0.872385629159314,1.09102574202797e-07,3.56753966308763e-06,1.1971187101428e-15,0.0213518146193694,0.0945065365891248
9667,3362,7.62118262163216e-07,0.00348735468526941,0.923806760987742,1.15012475842632e-07,5.4728333729356e-06,1.88735112539091e-15,0.00264257047507769,0.0700569638877984
6219,9594,0.0284083267726482,0.00424463755147745,0.886376442009208,0.000119210682110198,0.00988707110571928,3.69509863926253e-12,4.58290461884211e-05,0.070918482828953
6222,2881,4.85082121560143e-15,0.00267834358723548,0.870217919777981,2.8582969651381e-08,8.01163458044243e-07,1.08396186643899e-18,0.00478130717349914,0.122321599714852
4085,5877,4.23769943040073e-05,0.0122945616641869,0.776416323850745,0.00254850524308668,0.0641310647909366,3.96301885956278e-08,0.0221571282401418,0.122409999586411
7945,2043,1.5547881838537e-11,0.00260846761612006,0.677514742291857,1.03764918872613e-07,1.46444883941157e-05,1.3128400436253e-14,0.158969085598672,0.160892956224477
4980,8155,1.53367688593534e-07,0.0172300344906941,0.809305847039974,0.000114010717068935,0.0247970275541191,1.53616123231118e-09,0.0284251921387047,0.12012773315559
3672,4678,0.0951517854333665,0.0014779040455842,0.874285392314471,2.00466320019197e-08,7.50989272381929e-07,7.71794443923289e-17,1.59731798039714e-12,0.0290841471690761
8080,7797,2.62429590709417e-12,0.00723412250119014,0.951283302134747,1.66289428012748e-07,6.20766277573577e-06,1.6320098635087e-15,1.45932972156866e-10,0.0414762012633006
7667,7077,8.67090074846824e-10,0.00315351048536478,0.909621455307508,3.60265352894246e-07,4.73148483495592e-06,4.30953212256975e-11,0.00384908531467651,0.0833708562320769
3947,6596,2.83052092512425e-13,0.00782645547227352,0.775490447648206,3.37617452484463e-10,8.75531038330022e-08,2.46815553147239e-19,0.00212617444267837,0.214556834545837
9596,8277,4.95557923604823e-13,0.0127001339966245,0.899237315233972,5.69282862824024e-07,1.30012596558225e-05,7.8884561840665e-14,2.44680069482823e-05,0.0880245122193618
6082,7676,2.61537034856767e-07,0.013195719658457,0.599284018899633,1.76786406092259e-06,0.000222300191441366,3.02720843510028e-10,0.251755847946478,0.135540083600174
6636,2641,9.2210505166244e-20,0.00152137908364229,0.939275543177197,1.23851994973372e-10,7.11242846623006e-08,1.83958849336969e-23,1.18805230318157e-11,0.0592030064791434
5531,7916,0.000106145580472812,0.0367759421856402,0.717690070788905,0.00271941411664361,0.101300219826683,1.96810578431344e-07,0.0279831446922743,0.113424865998803
4500,2520,9.87686874870523e-09,0.00321247129861076,0.823010784996964,1.36541259890189e-09,6.76743639459264e-08,1.06988052819502e-25,0.0481270874232863,0.125649577364494
8837,9835,6.06102531063334e-10,0.0416967867851152,0.494662851142093,2.01519912004047e-06,7.40218124510787e-05,7.203369084894e-13,0.0822386660820359,0.381325658372361
4084,8275,5.74470566989594e-05,0.00500198080923716,0.917385275762073,9.38273073356213e-05,0.0131721097964255,7.83356152173469e-08,0.000240699936351133,0.0640485809962634
8772,2043,2.33328696420956e-10,0.00972238787195094,0.894128884840737,1.82783538085934e-06,6.46438058596939e-05,2.41435245696153e-14,0.0152647944009758,0.0808174610117432
9665,8157,1.58807433172852e-13,0.0119093019903337,0.906262170753636,1.66948091432011e-08,1.57258158604584e-06,3.63073953536383e-18,7.49709506153347e-09,0.0818269304823811
6979,4679,0.00181588163507852,0.0125924268446402,0.608779085286492,0.0002104618616186,0.00732087727322807,1.79679363760591e-11,0.0963755182849607,0.272905748796014
4429,6956,1.04077258233041e-07,0.0078780105598372,0.854027140065659,1.95422902499084e-05,0.00261767292611389,4.86186987738709e-11,0.000608939796730923,0.134848590235532
9184,4920,0.0955492090034051,0.00838556718991959,0.765896245371721,3.54248383632755e-11,3.57944230416751e-08,1.81563450890425e-22,0.0116493013217482,0.118519641283358
9114,6718,3.01249024408924e-10,0.00399146348040793,0.929674289562917,9.26923619158311e-08,5.40446692064821e-06,3.31199115988463e-17,0.00041784136654416,0.0659109081295996
6083,5518,3.91782053639168e-10,0.00784336604982134,0.891786922512514,1.04169254711232e-05,0.000256198521918121,1.28543010832813e-11,5.63855404595833e-05,0.10004671004518
9871,9236,4.19891649519625e-05,0.0239944254380807,0.741244333902744,9.5575213433753e-05,0.00711078058186204,1.07493806401548e-05,0.0760293753372017,0.151472770981086
5120,3600,1.1801779967733e-10,0.0044617097523294,0.890110101891358,5.53622000909737e-09,7.0396878760062e-07,3.62243015106819e-17,0.0234573812626942,0.0819700974705932
6773,4080,9.44383180761191e-07,0.00608218026746107,0.769311429100224,1.04243374897474e-05,0.000540715761704852,5.32728850864477e-12,0.038806088837811,0.185248217306802
8837,9116,1.0880811609322e-07,0.0156819488078849,0.895909052399572,3.1650592553254e-05,0.00172866153551142,6.26070819685401e-08,0.000464895112452572,0.0861836201368282
3396,6356,9.16513767371432e-11,0.0111595301747791,0.538947611991215,3.50690837827831e-09,1.04812012974892e-06,7.08224266602618e-15,0.361843925436808,0.0880478806785013
8493,9955,4.30785382507076e-09,0.0140417200290844,0.89113447502939,3.09977124155202e-07,4.96598463138458e-06,2.3251956679781e-14,0.000583693883898913,0.0942348307879935
8356,7318,6.78898257313945e-12,0.00394912251037559,0.93840872881565,3.40082672221293e-06,4.47729391947691e-05,2.13441575608143e-13,6.59988039195668e-06,0.0575873750206629
8769,8756,5.03001044805136e-12,0.0151932916762626,0.918257955233939,1.52212559248344e-08,2.02287651592461e-06,1.84385576110649e-17,1.29708794629904e-07,0.0665465852782016
7873,7917,1.74499288736326e-11,0.00633635797193019,0.932685021789318,5.04464660843324e-09,7.89285510882821e-07,6.12508440862043e-19,3.26542324055294e-10,0.0609778255646019
8840,2882,0.110465443356428,0.00501387251028762,0.812785040593663,3.17828914822466e-07,1.51959498521297e-05,1.0521741979806e-12,0.00681429262531053,0.0649058371344923
10148,6839,2.60077137799531e-19,0.00533945130008879,0.973452400235441,1.53843725153476e-10,2.12391566688052e-08,3.51418028073473e-22,4.0450570052301e-14,0.0212081270714289
10078,7678,7.82429986694564e-17,0.00652716744310051,0.927553430613488,1.31876116665602e-09,1.92076137120246e-07,6.26780978910302e-20,4.48190337833254e-11,0.0659192085036938
3949,3000,0.103746693857843,0.0060086326306602,0.783680976046757,1.65722524001518e-09,8.92650883679017e-07,3.00041933725441e-17,0.050194652813021,0.0563681503436091
5946,3840,2.32867020788899e-11,0.0035998830847459,0.850939346016365,2.22761693164779e-06,2.03404028668111e-05,2.71782871102436e-14,0.0335994369397577,0.111838765916019
5324,9234,0.0560588788480368,0.0267806216346713,0.626845003855527,0.0018985945627883,0.135843049402099,2.88524949044432e-07,0.0568949825030655,0.0956785806688634
4913,3959,4.62105246139319e-14,0.00202981350740869,0.918177043919416,1.04229825119353e-09,2.46947062988574e-07,4.41089716030092e-19,7.80373421180137e-05,0.0797148572416496
8907,7078,7.24953539050089e-11,0.00386396852414698,0.945697786788712,1.69947220031133e-06,3.99331404521403e-05,6.8764840264816e-13,6.1283297729101e-10,0.0503966113884722
8149,8157,1.18081047709669e-09,0.00380811120944842,0.977828668286622,4.42811568985737e-10,6.64768808290312e-08,5.60538054245876e-20,1.79107924058552e-14,0.0183631524034091
8839,5520,0.284466575916112,0.0155675306893071,0.646361548650882,7.78641005956035e-09,8.58592182858828e-07,3.59025311184804e-18,0.000761894806650745,0.0528415835584559
3329,2160,0.00251448387176375,0.00272405228532492,0.944645694835436,1.70266383272233e-07,3.00595817665848e-05,6.06212415345932e-17,1.92978550073532e-06,0.0500836093738245
10078,7918,1.08440499139707e-18,0.00257907719597342,0.897566110051762,7.38041874839347e-11,2.31563862136323e-08,2.11014395502672e-21,2.24594074278114e-13,0.0998547895218496
8080,7557,6.74513412912578e-07,0.00704981962775616,0.922712707770962,1.7387259210817e-06,8.65944664291413e-05,5.49001945082939e-13,7.21792546411021e-06,0.0701412469695059
9182,8756,1.55493438840935e-12,0.0123603909482909,0.890490491686388,7.33193316498957e-08,6.05955863080187e-07,5.46050878128151e-15,2.1082243306156e-07,0.0971482272661332
7805,6358,0.221814986477707,0.00466218220407769,0.713499911744204,1.18525923502303e-07,5.604034358293e-06,1.25752575208592e-15,9.10746260521928e-06,0.0600080895511227
3949,3239,0.0175175401639922,0.0159152217253656,0.808501916646105,6.88456165041907e-05,0.00475038713367154,1.27409016960393e-10,0.0850931433799336,0.0681529452070184
9114,6239,0.384528253030712,0.0106803619001995,0.4884878038636,4.02229095037856e-07,9.64124273493197e-06,2.14406201703822e-14,0.00774402284227099,0.108549514891366
4843,6237,1.50876181034456e-07,0.0024947527235683,0.907909931271343,4.93506973670051e-05,0.0023790940854156,7.98975954410825e-12,0.00381110442802231,0.0833556159101135
7875,5279,0.219708985576863,0.0048166376649684,0.693354339000126,3.52892019096484e-08,1.35761284464541e-06,2.10146164171902e-18,0.00345695488528106,0.0786616899707149
5603,1802,5.80984932070416e-09,0.00580420859408459,0.725526048096851,2.81988754153445e-08,1.15045180271366e-06,4.12264595802416e-18,0.091035168367381,0.177633390481156
4773,7556,5.6477055153455e-05,0.0163388560642375,0.694973247115228,0.000379057146163487,0.0308158968390347,1.13271700186045e-08,0.0340486271485189,0.223387827304494
8633,3961,0.0106251052880583,0.0104604731918623,0.912572912598739,1.06345127638915e-07,9.06132675908556e-06,1.25759327805137e-15,0.0083657620973677,0.0579665791520843
4361,4438,8.79800815106319e-17,0.00237535101984288,0.956167397735769,1.49628470039748e-10,7.85369418005079e-08,5.24240631791119e-23,9.60956366213635e-10,0.0414571715968612
8770,6838,1.76710892137777e-15,0.00247674373588861,0.974389673027924,4.29533368653986e-10,3.8292504040879e-08,1.57281508379282e-20,8.61011166729677e-13,0.0231335445132877
9803,6239,0.352500362167651,0.0298826478759366,0.442100734047304,1.49433369280754e-05,0.000127434563338799,4.68917801313653e-14,0.0272394414623642,0.14813443654643
9183,6599,9.47930133347986e-08,0.00335223289012551,0.9272846302403,5.23576250329169e-08,2.52657403661524e-06,2.74530561406715e-18,1.78398356845192e-06,0.0693586791613308
8977,5280,0.336967306277641,0.0211484433920193,0.561985761621371,2.72698203487455e-07,9.93330724980487e-06,1.71267238657959e-14,5.35199448287334e-05,0.0798347627586688
7254,6118,0.599966644938038,0.00542639080389941,0.367556349698335,5.87980922860024e-08,1.06413451843665e-06,2.7509078463585e-16,6.82285951661434e-11,0.0270494915588889
6910,5279,0.0340730777199896,0.00524324030448968,0.853305049615789,0.000208175654468212,0.00516562907208659,5.1629866586335e-13,3.12432920057101e-05,0.101973584340655
9734,6839,1.52289209344729e-21,0.00220361779810753,0.941730912638403,8.55292105409253e-12,3.70647682877167e-09,5.77284748562541e-24,2.55295180281403e-11,0.0560654658229303
7048,5279,0.356527409132067,0.0101590433775666,0.517681941668118,0.00010621042939489,0.00187417327044053,6.2145145591873e-13,8.66163851832838e-06,0.113642560483273
6977,9235,0.303948458402085,0.00881564187630246,0.656743800287875,1.47443412079703e-05,0.000755266915781193,3.06861887279694e-11,3.35146343117765e-07,0.0297217529997189
6842,3960,2.39069735063818e-08,0.00476660393549577,0.771942549455709,2.32141034202282e-06,0.000269528083053759,6.08757624765322e-15,0.0293582512805996,0.19366072192782
9115,5520,0.609157893372695,0.0552469719097677,0.237649670352763,1.91424383668011e-05,8.32484109790671e-05,4.020090445826e-13,0.021497418317667,0.0763456551973584
7807,2282,2.49727896916433e-12,0.00535450201388927,0.555885664954078,5.64745312128015e-08,4.2467884560374e-06,4.12484063295151e-14,0.242877576006872,0.195877953759635
7394,2762,8.11204837285589e-16,0.00149208376054249,0.916454931084062,3.36363994458637e-09,1.16393807373476e-06,4.56228619076975e-20,2.21744322341273e-09,0.0820518156362382
8081,5639,0.602684552795366,0.0222396640643753,0.354837457822792,5.14234396610943e-08,1.38375611729907e-06,2.38929792151516e-15,1.14708711913475e-05,0.0202254192667155
4841,9354,1.01554983034031e-05,0.0138385570203391,0.676181187426184,0.00581935784076042,0.136108415551879,0.000271931979507781,0.0549142635454984,0.112856131137527
3122,3719,0.0308060716073502,0.00360593550732236,0.871063686927852,6.40560852541427e-07,3.19357811463401e-05,4.7059028969055e-14,0.0122433696133647,0.0822483600020648
8011,9355,2.50610892278885e-08,0.0161415359756026,0.789317090835477,3.79064815612897e-07,3.20611710508173e-05,6.22811796894889e-14,0.0925269456067254,0.101981962285177
10218,3362,0.173551666797585,0.00373868793010545,0.710677950171882,5.59175031464804e-08,1.13687951118823e-05,5.35147121598107e-14,0.00487241014791105,0.107147860239848
5806,9354,0.727973121431307,0.00929791413842519,0.193678722174333,1.14808814219357e-05,0.000746130564156016,1.2215948978894e-11,8.69210304352002e-05,0.0682057097677062
9872,7078,6.33591941110494e-16,0.00316165871449914,0.923473997951856,5.73307575448876e-09,5.70317344250007e-07,3.74474105118803e-19,0.00209408526572372,0.0712696820175002
9391,3362,0.181123774135338,0.00836231884172467,0.684426120357124,7.82441893962763e-06,0.000142735126112122,1.23370751756689e-11,0.023604274169122,0.102332952939303
9321,5640,0.641929216892728,0.042219899466075,0.159399281856929,1.43614120116694e-06,3.79450161322436e-05,5.90543118889834e-14,0.0338942983181607,0.122517922308715
6701,9714,1.34642484765382e-07,0.0101323827659173,0.933869237671091,9.00559933081641e-05,0.00759562623590766,1.59892450926797e-09,1.07499525851526e-07,0.0483124535928407
6633,9355,0.772182092797572,0.00491095743250448,0.164142833424183,1.51744439665493e-05,0.000181642700895373,2.41133869208022e-12,1.92080571325484e-07,0.0585671071178958
9047,2283,1.5827648995023e-09,0.0193157129098099,0.785246539514592,1.82124723109974e-08,2.18508863532855e-06,1.16930991770632e-16,0.0823885573643922,0.113046985327333
5601,5398,5.09058519774788e-10,0.0131236827030619,0.81876121643587,1.16795171585646e-05,0.000139822336182627,1.20549945772271e-13,1.69480986518818e-05,0.167946650399896
9599,1804,7.42004098416199e-14,0.00365828234241755,0.928186008573057,1.80636720967752e-08,1.65080457135208e-06,5.71221733107519e-16,1.42366839016796e-06,0.0681526165478169
3878,6716,1.8406453863335e-11,0.00587594294639392,0.858956393045752,6.78860147615104e-08,7.93281770353009e-06,1.57321275285256e-15,0.0353173621217754,0.0998423011639524
8908,5879,0.46555274926992,0.0167165269355923,0.445438106947099,3.04944525417629e-08,1.64101968577008e-06,3.2049591729786e-16,0.0129906378525974,0.059300307480653
3464,8874,6.10641516637904e-05,0.00313189930144696,0.925578608283263,3.40589360437737e-07,4.80669772338436e-05,9.42859721815313e-13,1.71716943065419e-07,0.0711798489791458
6084,3600,1.50854604112715e-12,0.0046784856629241,0.843460561643745,4.80295394632839e-07,8.76991588277478e-06,3.57060478986931e-17,0.050137189554923,0.101714512925622
8632,6359,2.29787230114651e-05,0.0079071212502193,0.914830574849064,5.38289469932738e-09,5.59754245202563e-07,5.25104666532058e-20,2.45222765775261e-06,0.077236307812907
6705,2282,8.78140815634959e-12,0.0017213364826336,0.837402053607919,1.71205093621918e-07,7.11177141736484e-06,3.52713589770683e-16,0.040858644950212,0.120010681973943
8840,3362,0.0246830356598187,0.00862210910278901,0.900164231096875,1.54374052795616e-08,2.47057363003831e-06,1.06514101541884e-17,0.00719548443676665,0.0593326536927156
4980,6477,7.91126165891051e-10,0.00263194324036624,0.919879818917315,1.584090760256e-07,4.44429418729738e-05,6.26040520223947e-16,0.00665910779071973,0.070784527909523
8220,3721,0.246592265987346,0.00974219898825287,0.680264770022989,1.45063477828859e-06,2.17021706440784e-05,5.14050274578428e-10,0.000600943697826159,0.0627766679841136
6358,8395,0.608215814498203,0.0135935504363399,0.31382556080936,1.46092955774651e-05,0.000319934729915358,2.82951993150126e-12,4.82351859317803e-07,0.0640300478759155
5943,9834,0.825286462132355,0.00379994194840945,0.0957942448993769,0.000294616760827621,0.00225003623493929,2.86466128752196e-09,3.72716327026605e-06,0.0725709679961603
6289,7077,3.91009129962975e-10,0.00263386182141293,0.946510009169041,3.7698184995732e-07,2.8009710988893e-05,1.32663807043838e-15,2.4750005547872e-05,0.050802991920149
5187,6836,0.108357818356125,0.0136710701362999,0.682503080646054,0.000137130249077925,0.0105999358265384,1.39490643409858e-09,0.0414753077994357,0.143255655591562
8150,5040,0.204867751990533,0.00518687099528014,0.726679949913057,6.01926506436121e-08,1.89719016372972e-06,4.93463886875604e-15,0.00156195497002501,0.0617015147482856
9595,10195,0.317646629402966,0.0213426169470693,0.578881896348443,3.60976397676701e-06,4.59080907843604e-05,3.7519041812908e-12,0.00240300682686707,0.0796763326161414
10079,7198,9.46581590702628e-16,0.00593680174998026,0.926273967638034,1.04691703295058e-07,4.02034284374933e-06,3.06609880780072e-18,2.53698385623987e-09,0.0677851030404534
5324,8035,0.00128973577980316,0.0297467516335512,0.559178381034167,0.0273188569542094,0.191783673606979,0.000236449460914399,0.0672845860671946,0.123161565463181
5875,9714,0.379093940750891,0.00740143963292378,0.51601335052402,4.42465240092792e-05,0.00677692771119414,2.60934038723068e-10,0.000493792897015911,0.0901763016990123
4016,6476,8.65059018747499e-11,0.00663401663451454,0.758490467414612,4.38385582707466e-07,4.56973608299561e-05,5.69461292122006e-14,0.0617240624263058,0.173105317691592
9735,4681,0.339630165111357,0.0107586842963607,0.528054497335122,4.47721743586252e-05,0.000770040093736349,3.54514125020971e-08,0.0229898507529652,0.0977519547846876
6084,4799,2.50931076889193e-09,0.0113307190075787,0.595033879441197,1.25685829752961e-06,9.8337234199436e-06,2.51122183886327e-13,0.183772237454371,0.209852071005574
9254,3362,0.296312912192634,0.00363382048690378,0.597374750586154,5.89468447419114e-06,4.6657732836257e-05,6.34727550301361e-14,0.001603180907933,0.101022783409001
8699,10075,3.6902420282562e-11,0.0302538202946086,0.806324602954019,2.33508680730602e-08,5.44978269323419e-07,1.07267141327304e-16,0.0495822110871391,0.113838797298193
5808,4799,7.66872258508462e-11,0.00699615656289513,0.835252411127026,5.47715715169575e-06,0.000116823513002838,2.26567672954105e-15,0.0457190173531477,0.111910114210087
10217,5041,0.437262232898955,0.0313058761863242,0.356764828441149,2.04760518471639e-05,0.000546804610906265,1.35447722192001e-12,0.0510387745875068,0.123061007221957
9458,8517,1.01067281546498e-10,0.0338527126789098,0.795838327842052,7.41583539241739e-07,7.29720905146671e-06,1.06126515634354e-11,0.0521294236589458,0.118171496915822
10012,3003,0.0106426594826114,0.00926249851339388,0.660603402515929,0.00981488655307477,0.0542009793986298,0.0201637934633713,0.0775053065270189,0.157806473545971
5806,9115,0.200043876850844,0.0137610184090081,0.560353368752238,0.00391157776591286,0.0849883543411758,2.70660509253035e-08,0.0229995161126673,0.113942260702103
5188,5158,1.35047380275564e-08,0.00598688069566625,0.710085736077728,3.18715820519347e-05,0.000140632809911722,5.06715357912104e-12,0.133482822100288,0.150272043224549
5394,7196,0.00132224193772292,0.0162540607414774,0.749493055394912,0.00130687321307549,0.0756320894344083,2.33821498412747e-07,0.02477188193279,0.131219563524116
4705,5997,0.000390315381187846,0.00510164443208731,0.923024670611657,1.45177112591892e-06,9.35228556213687e-05,1.58180632963134e-13,2.39905428525307e-07,0.071388155042734
5736,10673,0.00865627573604174,0.00671325640801509,0.860961090056209,0.000226304390401727,0.02421483903264,1.00097593993415e-08,0.000694218994156404,0.0985340053727769
6426,9954,3.33368604880748e-07,0.0105544140566742,0.907131147591606,0.000378146475807548,0.0185653165123418,2.40443064556439e-10,7.07337232794091e-06,0.0633635683821947
8562,8636,1.13572325201497e-07,0.011897760541719,0.877992901257828,3.39515019146995e-06,0.000449961678155485,1.47443535693429e-10,0.0357573407181323,0.0738985269342047
8630,9715,1.2594776376576e-07,0.0036034553443148,0.912210740781074,1.18971261075142e-07,1.79519818230366e-05,8.56962261045426e-14,0.0013970176750945,0.0827705892985834
6497,5039,8.83103461308876e-06,0.00252359887157855,0.779107806324187,1.50110487814049e-07,5.21241180808122e-06,3.70922711324892e-14,0.0514116150906014,0.166942786156687
8562,8876,5.08741347866053e-08,0.0131829236347335,0.91470436431195,1.68879737097638e-05,0.000890743910650417,1.8148124552946e-08,0.00881689984842636,0.0623881112982709
9529,3122,1.268683035683e-10,0.00272551433018651,0.941449656620398,2.3543179567224e-09,4.19003042046805e-07,1.02771283374862e-20,2.96600166501572e-07,0.055824110965021
9254,2882,1.47836070911893e-15,0.0033578923862984,0.931793953161466,7.38988138830202e-09,7.53255696917002e-07,5.68687185157374e-20,3.41712886477124e-08,0.0648473596353675
6912,2162,7.15973911253182e-15,0.00287966823676039,0.682936837748868,2.58716123264815e-09,4.93883058954488e-07,1.57387841446967e-18,0.149816611905983,0.164366385638161
3259,3479,0.0319757036449334,0.0036681179483666,0.904447789557114,5.32763950884359e-07,6.26190010662345e-05,8.9998972077068e-17,3.08443660771097e-05,0.0598143927184914
3878,6476,9.15487310101109e-09,0.0112951395695675,0.790061030052596,5.70427700614861e-06,0.00139328313483151,3.66461475873611e-11,0.0439812560726613,0.153263577701818
5532,5997,0.203523775038851,0.0031476969035249,0.722375626203149,5.81679111659175e-07,5.6275013653488e-05,5.43639004872672e-14,5.2624711256269e-06,0.0708907826905299
3603,6476,7.9649205514199e-12,0.00512937952998388,0.903850055965815,2.67379781650966e-06,0.00014142659277364,1.40843362128818e-14,0.00505966475093113,0.0858167993547005
3465,6476,7.87523561553688e-13,0.00239345184229578,0.824533172230094,5.46419337259716e-09,2.55431489997085e-06,6.58561745785714e-18,0.0164003487010196,0.15667046744671
8563,6239,0.0040905070280577,0.00477849734953148,0.899393454430083,5.96735220078747e-08,7.70778394354842e-06,8.06462137395393e-17,3.63925990989757e-05,0.0916933811357629
8219,5639,0.378612524500905,0.0165464684028117,0.441007581311924,3.51783447383833e-07,1.72323580799754e-05,4.23723904627226e-13,0.0451695895438095,0.118646252098599
6980,3720,1.00795427456322e-10,0.00615129902747187,0.671968109662021,7.3682270004419e-07,2.45655529784771e-05,9.19985807973396e-15,0.122165461955254,0.19968982687877
4979,9594,6.30353969439512e-06,0.0126093394195537,0.742819852745351,0.00285063011597916,0.121725198339983,1.9957043492425e-08,0.015614626801074,0.104374029081321
7944,4920,0.00955525300477912,0.00733638473426321,0.904332717905765,1.5456187654865e-05,0.00067169692308908,4.37912777873807e-09,0.0172315233520228,0.0608569635132986
3671,6596,3.56887567518465e-10,0.00623007741082068,0.836740517380868,2.1183434002835e-06,0.000635463718209959,3.88653317759481e-13,0.01020145364068,0.146190369148745
5944,7916,1.95298010746738e-07,0.00772178414174141,0.84737157804097,4.71996219181818e-05,0.00607729571245025,7.19236939908445e-10,0.0177243983353342,0.121057548130338
7254,7557,0.0105123163827447,0.00332551175157223,0.922732067041204,1.72948336950327e-07,8.68207017335612e-06,1.15748266548781e-14,0.00177938399314871,0.0616418658128083
8979,1923,4.93086739490391e-08,0.00744583998633307,0.832914943510606,4.29778158523812e-06,0.000349539635576589,2.65180843834765e-14,0.0359093193671712,0.123376010410027
8358,3961,0.14676297084193,0.0135051729041171,0.788028560953116,1.46120510141178e-08,3.2439256435782e-06,2.08333278589546e-13,9.34549721839043e-05,0.0516065817907495
7735,10074,3.07700631843356e-10,0.0407256157696195,0.895203792229029,2.83360953691262e-08,3.08261988749723e-06,9.88040101633222e-18,5.84857116959632e-07,0.0640668958805508
7530,6838,0.0316032417859377,0.00329262386132371,0.938635825243896,3.90596240008468e-09,6.04771835062149e-07,1.34598865085822e-18,2.92879037592787e-08,0.0264676711431415
4704,8874,5.20974023689728e-08,0.00847854650435283,0.917173008356976,3.31532401859915e-05,0.00812560959378219,2.0866890836351e-11,4.37927157095115e-06,0.0661852509148627
6702,8276,0.00458790687023431,0.00275907011404214,0.946223877077584,1.9490512270498e-07,3.74115439623593e-05,7.81164056726003e-15,2.7010667390009e-08,0.046391512478379
6977,9954,0.465172166273298,0.0169350692038053,0.468134279047557,0.000188323825139252,0.00300271478305429,1.01105323195142e-11,4.99286386036386e-06,0.0465624539931759
9596,8037,3.43272412822514e-13,0.00706563752895381,0.884801009915574,5.0103158861997e-07,1.65120390655277e-05,2.60257619151713e-15,8.04226173920788e-08,0.108116259061855
3742,3359,0.530682669674383,0.00570023048821893,0.402759591747573,2.65497991466178e-08,1.20310444107566e-06,8.61852327448328e-16,0.000941816706841555,0.0599144617287419
7186,3840,3.28058597222075e-09,0.0135042065357158,0.475586143484326,2.99620379972147e-07,6.48865783155635e-05,1.20570954773431e-11,0.341299296468731,0.169545164019889
8011,7677,1.48905076392159e-12,0.00587558986004175,0.936081008566827,3.88126363529222e-07,1.99061045249813e-05,7.50648921711192e-16,2.94877878839135e-09,0.058023104391974
5531,6957,2.87103601600918e-07,0.00597029480115524,0.881715775254819,3.07508941976054e-06,0.000702862640864702,2.94887928606037e-12,0.00972632982284335,0.101881375284347
4566,8634,0.0313374317079913,0.00533931315014375,0.889677094566482,0.000148096914907407,0.0132828251628846,3.99566742747876e-11,2.01273230776609e-07,0.0602150371844033
5118,7436,0.00452415748256963,0.0339846015404926,0.521313198318951,0.00808211130774389,0.12140747040293,8.5092401318798e-06,0.0949506215083889,0.215729330198792
9392,2882,1.03121064890845e-18,0.00106398997520654,0.99411721031083,2.22731674806628e-12,6.9204529871594e-10,2.96670118547432e-25,2.56790072334257e-16,0.00481879901969024
3121,3958,1.17413122505882e-07,0.0040213869530207,0.715912025567984,1.22528075314015e-08,1.08682098888988e-06,6.775401042108e-19,0.205485195990391,0.0745801750016851
6979,5159,0.451415915886733,0.00467923847840179,0.468891679607036,9.39500616796381e-05,0.00137011126658128,1.98499626799324e-12,0.000120108948067118,0.0734289957495168
5188,4679,4.90240178660211e-05,0.00996733972849376,0.625965679457331,0.00472610318951494,0.0168523992494103,5.84771289223829e-07,0.21685762583682,0.125581243749274
7597,9595,6.54640582238857e-12,0.0306479189131112,0.754479223624433,1.576523225445e-08,1.02972621146826e-06,1.18877236233352e-15,0.0506271726042644,0.1642446393602
7186,4080,1.490911914137e-05,0.0178144768830375,0.640439151640677,0.0005503612658333,0.0175772496133217,2.25227908467205e-09,0.118018386352189,0.205585462873522
6085,2881,1.3460726508114e-13,0.00367796966561883,0.843774440247164,7.93252371083397e-07,6.36316478835217e-06,2.08422120193158e-17,0.0438801734008721,0.108660260269051
7256,1563,2.82492540515367e-15,0.0023327300945647,0.890694095437894,7.15526534685393e-09,1.38547231375481e-06,8.97296123681675e-19,0.00151293297083071,0.105458848869129
6911,2881,7.06535829039915e-12,0.0053327463313347,0.754975788992356,1.73224530546833e-07,2.80785187448183e-05,1.58861430349327e-16,0.0387454584265984,0.20091775449937
5325,6597,3.42932487873068e-05,0.00464313442603728,0.855994533275537,1.60599127992223e-06,9.98596026618615e-05,1.46843879341226e-11,0.0214773954543629,0.117749177986649
9320,9476,0.00399359377834448,0.0305084943958384,0.842223506863461,6.70285244518923e-06,3.42001927293478e-05,1.13932681253955e-12,0.0230497457945864,0.100183756121456
3809,7795,3.35662151068847e-05,0.00744873593601606,0.885646073308155,0.000232814841063876,0.0293656370983777,3.79613923913177e-09,0.00518245254087254,0.0720907162642692
3535,2760,5.47008014209885e-05,0.0113105300817783,0.608012134532821,2.45450046416389e-07,1.39099035274674e-05,6.64127281335212e-14,0.274397484412708,0.106210994817631
7599,6478,0.000162115987348853,0.00213250005730164,0.954192330039871,6.02710681382728e-09,5.58800370424027e-07,5.42047998522152e-18,4.08827851402596e-08,0.0435124482052158
8563,7677,2.84072149029359e-12,0.00421741704089781,0.941094205577999,9.32551059391799e-07,1.23366700081165e-05,1.02363270487472e-14,4.21044814594095e-08,0.0546750660527027
4152,9833,2.78926838868938e-06,0.00636971356884621,0.914954284401362,1.83317820619552e-06,0.000246564449157261,3.33148820960245e-10,3.274923886686e-06,0.0784215398770043
9806,1684,1.33848897116965e-12,0.00320689996411108,0.935321207754737,1.09602839451571e-06,1.5791794345242e-05,1.58373816859289e-13,3.90694304542398e-06,0.0614510975138694
8907,6838,5.40687829220739e-05,0.0089830408254171,0.92393292658741,5.06854325181694e-06,0.000160026639951536,4.16129104698931e-14,8.36677661841044e-06,0.0668565018443873
6564,8276,0.759688797270262,0.00410990739821616,0.207638277932449,2.37938265873155e-08,6.94033266767448e-07,2.10588542887827e-15,4.49427429488542e-10,0.0285622991225505
7322,9355,1.75487077344557e-11,0.00438718964110813,0.608172315880408,1.23098913243631e-09,6.14683664031194e-07,1.75746659300423e-16,0.24556012969615,0.141879748850132
7184,9115,0.0103006044560577,0.00777874255511051,0.905826551549364,0.0011912670971409,0.0183227345275301,2.86944981453567e-10,9.69982962369789e-05,0.0564831012316149
6910,5998,0.112541687866002,0.0103189273026842,0.800260752956885,2.78662597406021e-06,0.000216787469358555,1.16355165410044e-15,0.00190723565600954,0.0747518221230856
4153,8874,1.86339613058387e-05,0.00868900194314065,0.891375886207591,0.000796374997096554,0.0413570827410085,3.32486760557723e-10,5.33351767851325e-07,0.0577624864656031
6908,8875,0.653766974911593,0.0236798328117578,0.262649233549834,0.000696323860932007,0.00772981317906416,2.07294031798656e-11,7.80954201120228e-07,0.0514770407118891
3536,2520,0.0150524782970234,0.0115908070012198,0.859580517466685,2.85095161718314e-06,0.000396875989719808,6.43825751891921e-12,0.00790214491232303,0.105474325374974
3467,2160,0.447361707291737,0.00612050026464454,0.513074212078921,3.65867471450526e-09,3.51511666092748e-07,6.86292509406559e-19,6.1791258832429e-09,0.0334432190152309
4774,6117,7.01538247002519e-11,0.00443301166470982,0.940576014256586,8.85673105260005e-07,0.000164780525345366,4.74953287353506e-15,3.14772295259261e-07,0.0548249930378001
7049,3840,3.72729321747652e-08,0.00397211489293277,0.682377845886275,6.19527410169912e-07,6.6094440444051e-05,1.22842368625262e-11,0.148608540840257,0.164974747127465
3603,4558,0.126229968384627,0.00365251122654815,0.821420171267927,1.93212424686611e-09,1.5633856986226e-07,7.83232299849621e-23,2.76535903966544e-11,0.0486971908225503
3053,3838,8.2198052715139e-11,0.00908572542166227,0.548628412317196,5.44484996385326e-11,2.88964510303858e-08,1.81498616239976e-17,0.328175896739772,0.114109936488273
7873,8876,8.2442440315743e-07,0.0156659116581104,0.911089369785838,3.7263599450823e-06,0.000125171076135079,5.3574031827665e-13,0.00201666730390638,0.0710983293911262
3673,2280,0.802271431188789,0.00659426889303385,0.161173964823505,1.34938155046872e-09,1.35867145831204e-07,3.29272603545683e-18,8.94927403200974e-09,0.0299601889288714
3739,8394,0.585772013384487,0.0101915198757629,0.240969925475088,0.000130066811812687,0.00223644135404247,1.33022068665457e-09,0.00622894733962397,0.154471084428963
7392,5878,0.176900892338044,0.0185693542523653,0.739855777441643,3.14715925715276e-08,2.52768004618572e-06,2.74584537490665e-17,7.74390208326898e-05,0.0645939777954762
5392,10073,1.4481458290282e-07,0.00787442749306851,0.855524173327566,0.000716060201962724,0.0759368454446782,1.90672034102234e-10,0.00048717104753884,0.0594611774799308
7049,2162,2.29399506852795e-14,0.00306428269989837,0.831172575635112,1.35880129866234e-08,4.00049432283819e-06,9.28030987275966e-20,0.025095234594891,0.140663892987739
5188,4918,4.03655644935164e-07,0.0195357886045635,0.359255964010196,4.74733820690417e-05,0.000591256931069722,4.89362952159516e-09,0.430062478565765,0.190506629957062
3329,2640,1.07683407446275e-07,0.00290861952108361,0.918890892925951,1.96753207435796e-09,8.28895106843453e-07,4.49586560765911e-18,0.00186004462989363,0.0763395043770254
5599,10673,0.000119288855363962,0.00612482396203729,0.837057001161409,0.00145242562843888,0.0545315242027534,1.10922114052526e-09,0.00965628665754405,0.0910586484232319
7736,7437,6.2446974488286e-09,0.0118415508471515,0.933386487163999,5.88029180779382e-07,1.48266286553752e-05,6.1831149583253e-16,2.92852415440616e-05,0.0547272558447714
8289,4081,0.0897645445249847,0.0147693748787236,0.786727162863744,3.12482407407243e-07,2.91942163998967e-05,8.94671316484251e-13,0.0165332022810375,0.0921762087518084
6219,9354,0.0203204394390554,0.0154343902249418,0.751523634825961,0.00147772180396948,0.0743853694086793,1.12931626479676e-08,0.0227786047767189,0.114079828227511
9665,7918,1.59917972916109e-13,0.00640453613761128,0.913846168997968,9.8528244329475e-08,4.30067628517025e-06,1.04279254018526e-16,5.6273139593947e-08,0.0797448393865919
9185,2043,5.93406941353442e-16,0.0010506217097254,0.928891653672906,6.62769592432054e-10,1.3976243434519e-07,1.37364434993179e-19,0.000271686706368147,0.0697858974857954
7599,4800,0.0682999978832685,0.0415605388383647,0.346636377010157,0.00302943428986623,0.054193498445905,0.000175231899003645,0.300033141016313,0.186071780617121
4981,4559,0.000331487023407999,0.00309651206678651,0.886486619940119,1.32417210781038e-05,0.000561334862550064,3.33343849076585e-14,0.00924253208893041,0.100268272297095
5600,8035,1.84665955943249e-06,0.0102000308094164,0.800042596537527,0.00137363138986471,0.0833654278862787,2.11104368189701e-07,0.0182140192549616,0.086802236358024
6151,7556,1.92650364002251e-08,0.00863861370803949,0.759160011823121,8.8174416825045e-07,0.000226577606025633,2.5956585840948e-09,0.124504135319988,0.107469757937962
9251,9116,1.57769139270784e-07,0.0240777098678625,0.83642670705666,3.97984859357608e-07,7.84529534738698e-06,4.2909540288116e-13,1.72714014859532e-05,0.139469910624217
8011,8636,4.28955107264229e-10,0.00370114222783242,0.933489253240151,1.05857880025287e-08,9.12384109831813e-07,8.60248638160207e-18,2.21120803748325e-08,0.0628086590210834
3189,6476,2.02081962282589e-11,0.0332510535707281,0.376143424235514,2.10032129030267e-09,7.6510393413773e-07,7.10967635356321e-13,0.455670515151741,0.134934239816843
5877,3720,4.89971009478372e-16,0.00288072987717338,0.89547211218796,2.8902498057841e-09,2.32329551099142e-07,1.20513364649336e-20,0.0072723057402433,0.0943746169748216
4224,4199,2.03765469689341e-10,0.00143251644653185,0.941979836531213,1.83026358400728e-09,6.6517503998359e-07,1.20599116188459e-21,0.00016252385686458,0.0564244559563215
9116,2882,3.03890276467663e-13,0.00349513767446178,0.927890464647623,1.74223763549014e-08,1.09171871083197e-06,1.05863389187413e-18,2.95469832204031e-07,0.0686129930666914
9803,6959,1.67325337114544e-19,0.00165141822262698,0.974207403953676,1.48753790842503e-11,5.63539926898165e-09,5.90036524647367e-23,1.09741198012584e-12,0.0241411721723248
5534,2401,6.7841964140466e-12,0.00257486566256147,0.834056071527039,2.52585859882381e-08,9.05749252140949e-07,6.84496356648097e-19,0.0466869564870321,0.116681175308745
7393,3241,6.70381831715948e-12,0.0110440393893084,0.313252087228713,2.5209565514824e-11,7.04622181731656e-09,5.78917548547029e-17,0.526755605774399,0.148948260529444
7324,3601,1.67947339913596e-09,0.00752949885512645,0.660883763132761,8.03166806356452e-08,6.51651667927212e-06,9.24744294561632e-15,0.16067010795185,0.170910031547421
8494,7078,7.86142592585317e-15,0.00360657337752757,0.966079229690921,3.48609270471318e-08,8.98069153367555e-07,4.10916218448194e-17,5.42881665225209e-07,0.0303127211197975
6633,9594,0.000470148786272679,0.00779878862973493,0.908456723126098,0.000723254139318068,0.0290609851140556,1.51997442212515e-08,1.89756742082531e-06,0.0534881874373559
8217,9715,2.39692319184516e-12,0.0436983995890109,0.883724004321083,6.83421345572694e-09,1.69992826119593e-07,1.55093424208492e-17,4.49327873956694e-09,0.0725774147671909
10081,2643,3.62364965393499e-07,0.0136534520254292,0.867588275905041,0.00101080184489739,0.00597799708722741,0.00296318677469811,0.0223168018938421,0.0864891221038998
9388,9596,4.83985558867322e-07,0.0139642493438801,0.854769051300665,4.71013504092204e-07,7.9390978825968e-06,3.22625261620552e-15,0.0341187591017969,0.0971390461567093
7046,10074,0.0247907729387552,0.00932929142622379,0.824462621223847,0.000518806335270378,0.0236123141044332,2.73250225356052e-09,0.019808720703903,0.0974774705350655
4083,9953,0.0013874590545393,0.0140183801377184,0.895781141513805,2.0145891584356e-05,0.00341567438591737,1.53859335480732e-10,0.00302055039786235,0.082356648464714
3120,6356,2.16313901494915e-10,0.00257795371400137,0.767110318717912,3.71665624820334e-08,7.433916894212e-06,3.71586031292676e-14,0.0951891194942212,0.135115136774058
9252,7198,4.7536482527461e-11,0.00443264257887533,0.914200686175727,3.2367798885912e-06,5.87854110705447e-05,5.04400508667578e-12,3.45368564165653e-07,0.0813043036332939
7049,2402,1.29919275247456e-13,0.00124493953849158,0.920089063075296,1.99149628682564e-08,4.49682188435974e-06,3.96284696499001e-19,8.62399955093444e-05,0.0785752406537257
6429,2282,9.16118617962702e-11,0.00884796348335637,0.630153179310983,1.36535310260231e-07,2.2216544164396e-05,2.32481171530932e-10,0.233046302198861,0.127930201603232
7460,7677,0.00172736930230471,0.0110743626706665,0.921842259578436,1.69688405853711e-07,3.22330743502701e-05,1.21094367157369e-16,0.000488559683918877,0.0648350460019173
4910,10193,1.36156692651664e-08,0.00897828915711803,0.855273725013345,3.0977598690609e-05,0.00515614176125599,6.28653871866789e-12,0.00235308820624976,0.128207764641385
9668,1684,3.86298370915464e-14,0.00471936282696321,0.92810055415846,1.28532571615878e-07,4.54915973400932e-06,8.7542793057897e-13,5.43261175752738e-05,0.0671210792037821
4361,5877,5.95073965109769e-09,0.00509378649579679,0.818572648905111,3.85718529642932e-06,0.000612365887345594,3.27828155425912e-12,0.0424385221426017,0.13327881342983
3466,4558,0.109237530070142,0.00245944076237467,0.842426396425847,2.98687341764209e-07,1.24590468554212e-05,3.48730926401186e-16,5.80183005616593e-10,0.0458638744272555
5943,10313,0.156879884463289,0.0205501016214547,0.575535612659255,0.0228759018436803,0.153465628343406,5.95670857238532e-07,0.000385557542443801,0.0703067178556138
10218,4561,0.12804760048674,0.032705268131082,0.684120581054335,1.04840895012796e-06,8.12616746490928e-05,1.34752566746884e-13,0.0393079629336884,0.115736277310421
7460,7437,0.0286557977126686,0.00234069747583193,0.946062946350564,1.59902405074315e-09,1.77594419557989e-07,6.38563777050101e-22,3.04334706378532e-11,0.0229403792370583
6153,4200,2.06647981935783e-13,0.00481084869144994,0.819394753127989,2.24731150014181e-08,3.36783822448154e-06,3.25023936995714e-18,0.0244708066082463,0.151320201260769
8634,2762,0.0801685076113712,0.00703106394051747,0.817572611342033,4.48286286254306e-08,4.81941112264953e-06,9.6525650146212e-17,0.0104610867458138,0.0847618661205136
10080,4321,0.409820475037905,0.0254549212964956,0.441395078588675,8.25083923388756e-08,2.01032752678554e-06,1.16462676682393e-16,0.0313317328350763,0.0919956994059292
4500,1801,0.0801412458578082,0.0138549463205129,0.703966976146527,1.10805158490591e-05,0.000362571996036337,4.26304353643117e-14,0.071993906398047,0.129669272765177
3327,5757,1.51589680900348e-07,0.00959386457422122,0.625253754152244,5.68851113827741e-06,0.000481262282797906,6.61444850111406e-12,0.114085519814548,0.250579759068755
9737,1804,7.03938245588948e-11,0.00373504286652681,0.923838272227144,3.98534997589e-06,0.000288224694432438,6.29209803704129e-08,0.00103279464710021,0.0711016172234464
8631,8516,1.39093670770347e-12,0.00636484486524612,0.901255774016501,2.38180352623161e-09,3.66150042987162e-07,8.93720028278217e-20,1.90429210437871e-11,0.0923790125659727
6359,5998,4.13642584495711e-06,0.00705529320353782,0.77340476546789,4.81412518696025e-06,9.09972976143351e-05,1.0669042195093e-13,0.0595256651761312,0.159914328303688
10215,9836,0.11431601481767,0.0510082798246708,0.652805382127313,7.3360078159912e-05,0.000840514933231346,2.39626701289386e-11,0.0551744044228694,0.125782043772123
10078,8877,1.51474885363563e-10,0.0318249694217495,0.313772610540151,5.79118176505677e-08,4.61189604072429e-06,1.35470145912619e-11,0.399412137346813,0.254985612718406
8288,5519,0.768279794601543,0.0328956055186433,0.121558893608983,1.56017031104355e-06,2.88722922658987e-05,1.234015228291e-14,6.64110276530591e-06,0.0772286327054763
4636,5637,0.149639449391601,0.00517918645100748,0.732746273708526,7.28800222266341e-05,0.00236532791538559,1.53340786663855e-13,6.62875434146632e-05,0.109930594967685
7806,4920,1.0798162526907e-09,0.00374105487113344,0.89804585998723,7.94290837411059e-08,1.10273769479593e-05,5.17470360413516e-13,0.00591337137146955,0.0922886058838013
9943,2643,5.49439342150288e-07,0.00646311043760837,0.882915319214827,9.09596804355523e-05,0.00391898650313309,3.97839726038816e-07,0.0324599216618058,0.0741507552231215
8770,6598,3.00744783840765e-11,0.00865457096672373,0.954910466657843,6.64316111143606e-09,3.14550235448454e-07,7.36767863236215e-21,3.91208157922198e-08,0.0364346020311463
9392,2643,1.39743042973898e-21,0.00307946535949597,0.971070072685284,5.76706867356492e-12,6.18042094334561e-09,3.09556807551614e-26,3.39740132623742e-14,0.0258504557689981
9873,3962,0.194154175262856,0.00643321137811858,0.735190214954848,1.38998883343742e-07,1.0502653517617e-05,1.38035440364573e-13,6.93784412926138e-06,0.0642048189075089
9320,9236,6.02868759023198e-10,0.00792462915049596,0.872689775293358,2.58492098676669e-09,1.66148795269222e-07,2.24983697774604e-17,4.16652406730931e-06,0.119381259695493
6291,2761,1.0696948131781e-13,0.00230088993750358,0.857185325102141,4.98948624889261e-09,2.33011589955499e-07,6.71780596738432e-19,0.0143966975620731,0.126116849397099
5874,10193,0.0746674427593584,0.0124419030751121,0.714611199318228,0.00767763793438699,0.0959547127285716,3.27090254328824e-09,0.00483564180507772,0.0898114591083629
3603,5037,7.82373111319205e-13,0.00327789924742077,0.630692170083095,3.22355685301485e-09,2.47015012351588e-07,1.51570510848471e-16,0.194191168254393,0.17183851217574
4430,5517,2.61002876680893e-08,0.00860965232511612,0.700962489034129,7.09379112572627e-06,0.00122673055103857,2.19370053096029e-13,0.064637662075521,0.224556346122562
3949,2520,0.549506299764644,0.00649973221098836,0.395646801411259,1.02786904384963e-08,8.40619176382333e-07,2.91147974500018e-17,0.00299427988634685,0.0453520358288953
6977,10434,0.307522294266697,0.00993421522020054,0.609681249205597,2.46211615240974e-05,0.00207381094187655,1.75101251843724e-10,5.37099465254989e-05,0.0707100990824788
7393,3960,0.143658423820201,0.00949556423090512,0.534353244078963,0.000208478964590257,0.00551333027810889,6.86431826329996e-05,0.200271625996607,0.106430689447992
9940,9596,0.0772726907537643,0.00739044468766085,0.775488824623957,9.90866007854919e-06,0.000236192780642533,2.49916917680814e-15,0.017433471881309,0.122168466612586
6702,8516,0.0668968533446,0.00450856442354467,0.814822259014947,0.000139034182317373,0.00266368640447561,3.00077604036509e-10,0.00143939602130781,0.10953020630873
9045,7797,2.54805154742024e-16,0.00305751746474791,0.945855659451816,2.99986810398347e-09,2.96392181349462e-07,9.76421371504837e-18,3.97882334404641e-12,0.0510865236874075
3603,5757,1.45556768575712e-08,0.00447518632154414,0.746745688163635,1.50373565968446e-06,0.000151746732187143,5.9597411828197e-13,0.0472408071712338,0.201385053319467
6223,1682,4.29160976375102e-12,0.00456869489117027,0.729179068823689,2.78471904435622e-08,2.2956299099987e-06,9.50474673152686e-20,0.113185441098427,0.153064471705322
8357,4920,0.479123581564417,0.0364760051867961,0.408130673111327,5.56562215292294e-07,5.46833687548027e-06,4.54442909829417e-13,0.000105308246127173,0.0761584069917885
6426,9235,0.743991157792067,0.00636774553709722,0.204503379395767,1.06240126401246e-05,0.000455413279989661,1.75482752257599e-12,9.93591256942303e-05,0.0445723208549907
5737,9234,0.538551614568615,0.0142021988503342,0.308316818339813,0.000623166720546632,0.0128247114255874,6.47217636319769e-08,0.0120333902578804,0.11344803511546
4844,4319,4.48226311415525e-11,0.002466414506993,0.90134862320322,2.50977581900712e-05,0.000341961295470686,3.63423340344501e-17,0.00365184640955264,0.0921660567817509
3810,5157,3.19479853613887e-09,0.00973062383837966,0.645022011317535,3.99410430808282e-07,7.0926415650722e-05,2.17674525605184e-11,0.168007628945565,0.177168406855873
5394,5758,0.000140389900392973,0.00349020319313651,0.854649985088876,4.42049479994255e-05,0.00313146462711978,1.49378374524992e-11,9.71780852207732e-05,0.138446574142317
6908,9834,0.284513458577975,0.0130466144753092,0.636457125434661,8.53710118573228e-05,0.00228378788380728,6.71857892381704e-12,0.000732982455342095,0.0628806601543286
5325,5398,3.31161328471934e-10,0.00682401305600984,0.804935721722053,6.75950341186747e-07,5.73198150825561e-05,1.31235352142388e-16,0.0587718959326943,0.129410373192658
8013,4320,0.64894009855235,0.0664489356817202,0.178746458021909,6.52451266318457e-07,2.18961234221856e-05,6.89451149255199e-13,0.0210300192089195,0.0848119399597233
7669,2522,8.12595336045121e-10,0.00435578306812224,0.847939424437617,7.86365869475363e-07,9.74351879376972e-05,1.01983796831326e-15,0.0161128345366991,0.131493735591158
6222,3600,8.92688495303994e-14,0.00489244993911328,0.812499130370007,1.31291178558747e-09,1.55557781831253e-07,1.2004311051585e-20,0.0523747040275373,0.13023355879256
4225,2520,0.0271851376326603,0.00465039579325255,0.763111053465588,4.85012907382473e-07,3.212766826141e-05,3.25724961129254e-15,0.0714738746054666,0.13354692582186
5947,2401,4.62854811548199e-09,0.00334190340134841,0.81914725165413,3.0625765264382e-06,0.000122328622210251,1.18592209831744e-13,0.0457706332519689,0.131614815865149
8908,5160,0.319608110981929,0.0090823166410103,0.580249412671898,6.59307405064815e-08,4.3754083209595e-06,5.70541081332735e-15,0.00250097049563329,0.0885547478704619
5737,10193,2.55773229413156e-07,0.00855146948967267,0.789997107153666,0.00616888141630031,0.120891504081407,8.33378528771958e-06,0.00196896452104567,0.0724134837793905
9595,9716,1.04458662811464e-07,0.0192524232355754,0.811223457124753,5.68447032356365e-09,6.12866727395257e-07,9.36421572921106e-20,0.0107723930814614,0.15875100354835
3879,4318,0.163689857930894,0.00251464736394116,0.825490574551752,1.80978463000305e-09,2.13048160672863e-07,3.02038728108771e-21,1.91895536564748e-12,0.008304705293548
6153,3720,1.76115133312075e-12,0.00470581592268094,0.831071203093824,3.0667569103814e-08,1.20416068383865e-06,2.02519984913169e-18,0.0197852846937636,0.144436461459718
3328,4318,0.452820121053905,0.00181010900321983,0.495484111632799,1.11766488722578e-06,1.83541774195186e-05,5.71193282512955e-16,4.69591779279671e-09,0.0498661817718509
4153,6956,4.41339119689528e-08,0.0132738599716105,0.728320351360299,2.17863703939025e-05,0.00167421946548543,2.57977649105692e-12,0.0973917451325468,0.159317993563173
8979,2163,8.23034568317536e-09,0.0102108024151093,0.870960729727045,1.23711551112356e-08,1.09322831682677e-06,9.98601368287284e-16,0.0220200061055892,0.0968073479224383
9321,6599,2.76679425972183e-13,0.00237469365459257,0.93070498185223,1.99711884309549e-08,2.05773943663292e-06,1.13008911428012e-14,6.71565454662119e-09,0.06691824006661
5395,5038,8.47811449085526e-10,0.0135607858961162,0.802828546881953,0.00011853919639282,0.00113334202736801,5.0183087710305e-13,0.0170706076111049,0.165288177538751
4084,8514,0.256542461985373,0.00887025167733789,0.654573465883875,0.000145348576217143,0.0154267202601331,1.86924031609564e-11,3.11426601171299e-05,0.0644106089382546
8562,9116,7.16613262767374e-08,0.00707207817590124,0.914079330726253,3.20869583403316e-06,0.000220213580614399,2.57633909436398e-08,0.000153688990034741,0.078471382406645
7600,3601,0.196532708984768,0.0263716961697224,0.389382750068521,0.00311916796916281,0.0502976042945549,0.000890585597860462,0.173370301344508,0.160035185570903
7187,1922,8.49504151852724e-15,0.00365736115522955,0.681888543317486,6.07447560126135e-09,1.39725955753556e-06,9.72767028237405e-17,0.197478942268122,0.116973749925121
7048,5039,0.823273465505069,0.00851054503370434,0.116171374377593,9.20049245468251e-06,0.00010735535617508,2.16832633000691e-14,3.88684176071389e-05,0.0518891908173752
7597,8876,3.44176633948347e-07,0.0153562063247577,0.81076042899015,3.88884520762837e-06,0.000264205042671273,5.12988591060279e-10,0.121681783008119,0.051933143099472
7118,3481,4.00603245786105e-10,0.0177583596438408,0.273784730385419,1.38726471127004e-07,1.36561412594471e-05,1.71079764077231e-10,0.563684495473783,0.144758619057543
5946,4319,1.78969513574412e-15,0.00280734280697372,0.874420861722494,7.63859163747905e-10,1.71962996019075e-07,1.53177943816962e-21,0.0134605235139367,0.109311099229739
9940,8877,3.44389192212053e-10,0.0803658931457515,0.644439966994371,6.67929401037519e-08,6.52251251690725e-06,8.44609391927729e-11,0.136046106770179,0.139141443355391
4844,3839,0.00279642135737618,0.00505105413976782,0.820576186209982,2.79184411294743e-07,5.36269191422073e-06,2.00276546815394e-13,0.00868651406441623,0.162884182351932
4292,5517,5.30250992521248e-05,0.0380526862077603,0.589203930170703,0.0230671870530926,0.143576288550688,1.3272480417081e-07,0.0527485820553764,0.153298168138324
8220,3481,6.55715446628224e-10,0.00454878158456483,0.961958317775194,7.78192218174164e-10,1.94156972057902e-07,2.83445939218673e-19,0.000115571973314457,0.0333771330760474
4017,4318,0.123060956579199,0.00293067938712565,0.801146227761338,2.58579457193489e-09,6.65265867872638e-07,2.16756035482688e-18,7.89649821998807e-12,0.072861468412779
6357,8635,0.0184646545058603,0.00565147200319446,0.895638240007042,0.000670106470885303,0.0162256130798447,5.81050313901038e-09,0.000570208363768532,0.0627796997589017
3811,2760,0.468812057886685,0.00564989843832131,0.490571071213084,1.34906440594114e-08,7.35380335609481e-07,1.31012631762809e-17,9.11988735643811e-06,0.0349571037035741
8770,5400,0.557182162769184,0.037339191975875,0.32080241674818,2.24509365695382e-07,1.49524491813352e-06,1.70170055120328e-15,0.0011747279177986,0.0834997808346765
4914,2041,1.52082243319574e-11,0.00164389962598051,0.8138364582557,3.34409758348389e-09,1.09571964239323e-06,7.51124574693308e-22,0.0493311455347239,0.135187397504647
9254,1684,2.12067994250591e-20,0.00251681441445187,0.98205724539876,1.13413080768769e-11,3.07081083775668e-09,6.53290157247474e-23,1.28499855881361e-08,0.0154259242546498
7736,7197,7.30069544941954e-08,0.00642633073937697,0.921153990108157,3.66300831155776e-06,0.000166854038683177,2.97833054349032e-14,0.000105656912397321,0.0721434321860897
3465,5517,2.98885177227047e-14,0.00162706704532643,0.894267047567004,3.15215961859834e-10,3.74423773454657e-08,6.53628236851899e-22,6.62353543747588e-06,0.104099224094609
7737,5519,0.337203727544701,0.00714002136894226,0.592661659137112,1.41548716607441e-06,4.14035116764602e-05,3.55914196947887e-10,0.00145661249701516,0.0614951600974732
4498,6596,3.18621956588597e-07,0.0126245851702392,0.817400587250269,0.000208602186242669,0.0146196310339624,2.66104501203892e-11,0.0129474221981657,0.142198853512553
6083,6717,5.16372913050568e-05,0.00197488649057035,0.950347594011849,1.24341503326307e-07,1.92415843907075e-05,2.3173820680604e-14,2.77960003422672e-06,0.0476037366803243
10287,3722,0.237537345426096,0.0069636042594577,0.68914539365966,9.05406381780078e-08,5.85474599052752e-06,1.68905508790987e-16,0.000245733482150795,0.0661019778860064
7050,1682,9.10972130283061e-13,0.00355585535212237,0.876591676937928,2.40626966623722e-07,2.76462653150301e-05,2.75086118281454e-17,0.0037419074458324,0.116082673370925
6771,7676,5.9342680289005e-05,0.00909427952338963,0.905551104420579,2.81604444396485e-05,0.00135318905969267,1.24294269088159e-10,0.00111120140900482,0.082802722338311
5462,8755,2.59576285702187e-06,0.0138065365925378,0.691934836328394,0.000157300519731951,0.025493660799884,2.21610035615187e-09,0.103970224287985,0.16463484349251
8289,3361,1.71425619870074e-18,0.00209382474408097,0.98224631139127,5.02635743787514e-12,2.49485862875847e-09,2.24185357251497e-23,7.51805805829493e-12,0.0156598613572454
7874,7197,1.12598282165353e-11,0.00378558384474751,0.946779610969624,1.0462974548471e-07,9.58223235333988e-06,6.06347945714499e-15,5.84686194042729e-06,0.0494192714503229
8287,6958,2.60477198817784e-12,0.00458431965595,0.957824170254867,1.51470981402977e-07,2.20494996436798e-05,1.46562615095656e-16,5.75556144982805e-07,0.0375687335598081
3811,3000,0.255543297952148,0.0103018119143723,0.411444476903537,9.72863352330276e-07,3.66527596438213e-05,4.92329051893952e-09,0.21496744639996,0.107705336283696
4293,3839,1.71261151552534e-12,0.00376239203954598,0.822859567996292,2.18579053953027e-10,2.81030301227766e-07,6.51410269811052e-20,0.0756693845904885,0.0977083741230807
3396,5157,1.38101245508963e-08,0.00715000751632665,0.710608764801452,1.68921997751914e-06,0.000188205331848391,1.80247798803807e-17,0.123919759735023,0.158131559585248
4980,8395,2.34495814337671e-06,0.0143143237740023,0.757061957924468,0.00100717608626478,0.0586854177326315,1.17008575037443e-06,0.0172562819455109,0.151671327493228
8838,8876,4.87553252113388e-11,0.0166175669662887,0.897483209066936,1.98016787869535e-08,3.16430152438248e-06,2.03826740752777e-15,5.68620028523496e-07,0.0858954711947861
4154,5517,1.03489337981015e-08,0.023504342866848,0.573851778316108,1.01060851411739e-06,0.000267339340365753,8.02874439053553e-14,0.166798574333187,0.235576944185963
8632,7078,5.53374989231333e-14,0.002991326847121,0.929443293995386,1.83062376764885e-07,1.00324770850956e-05,4.4694678609087e-15,2.87551796363512e-06,0.0675522881000079
7391,8756,0.354231986809963,0.00372209255328308,0.591827808771819,1.12840952397699e-06,9.81565032841053e-05,5.34984058619515e-12,0.00198035594380423,0.0481384710029728
9737,2043,9.86875691818778e-12,0.00619098329922945,0.730928672082177,7.63025212469048e-09,2.03055359062903e-06,1.80356859169129e-16,0.169061064648815,0.0938172417760669
7461,5998,0.480072718254381,0.00288209770460458,0.496404930627416,1.24791164124261e-09,4.46309651686847e-08,8.05915934867792e-20,1.40838989440467e-08,0.0206401934508226
6773,4559,6.40251099200099e-14,0.00420841913680298,0.641982258201845,4.95048924799318e-10,9.63821988315338e-08,1.23335008075004e-20,0.0789644898680656,0.274844735915975
8356,7557,1.07310533893618e-09,0.006421293230415,0.90459908669614,2.21403860321197e-05,0.000419960473053622,3.5868899426251e-12,8.96023623414265e-05,0.0884479157753251
3602,7675,7.16286597089993e-08,0.0101728171778834,0.865577536908314,0.000151635955342155,0.0113806490193802,3.35007353211964e-12,4.09870865108076e-06,0.11271319059842
3535,4678,0.202561772037987,0.00424165821087214,0.718515496752927,6.17852113123859e-07,2.8168160569003e-05,4.22242034907209e-16,3.73890077976329e-06,0.0746485480847521
6497,4080,7.4205654757359e-09,0.0061385123675212,0.787692646650899,7.28473147219465e-07,3.52934308787581e-05,1.62917335409846e-14,0.0317219473582471,0.174410864298725
5465,2281,1.01335327171939e-09,0.00798051554109466,0.74622504941579,1.14149060328786e-08,1.59046344965971e-06,1.3773206942661e-16,0.115567610485335,0.130225221666071
3741,4558,0.109915044115425,0.00395889788152278,0.863992473212993,6.27789109470158e-09,6.50615285099663e-07,4.32997638184126e-20,2.62617016326495e-12,0.0221329278942567
6429,3241,3.7391436997117e-10,0.00560988669321056,0.527321690781282,1.05646289083033e-07,8.80158680326044e-06,2.33678160737527e-14,0.297917971826216,0.169141543092261
7530,5639,0.189599147828746,0.00614186013060112,0.755795219604904,7.26829017209582e-08,5.61107350843921e-06,4.32323429737457e-12,4.52997626072213e-06,0.0484535586987544
5671,3840,2.02813912774077e-10,0.00396500174492229,0.848141415945679,2.40534193398131e-09,2.46697532681953e-07,2.22157092887946e-20,0.0514681507911672,0.096425182212543
7531,3001,3.65675610348027e-12,0.00362290115226434,0.848862670260897,1.11844098941195e-07,1.25682779360985e-05,7.14457855299545e-16,0.0100034001396971,0.137498348321449
8288,5999,0.25843479272848,0.00214825951739529,0.697914737717979,2.14571556420418e-09,7.38186241964579e-08,1.11773058696174e-20,6.59950065399994e-06,0.0414955345711521
7670,2282,1.22179223335823e-10,0.00568629996648771,0.740951688326778,6.40412302484094e-06,0.000289731987682739,7.10996448553419e-15,0.0660698878601679,0.186995987613673
6083,5998,0.0872372922873702,0.0057304537477557,0.742263105648677,7.76240749522514e-08,7.17011589412458e-06,3.91546724416061e-16,0.043833926649323,0.120927973926905
4221,9953,9.22477022337439e-09,0.010393530590767,0.884991012038845,6.17513017206874e-07,0.000394759774229097,1.25523793891324e-12,0.0109712750155712,0.0932487958415449
7116,8036,0.169796515918999,0.0119939924079772,0.757991635537319,4.19468736051558e-06,0.000231430416119474,8.98918759803613e-10,0.000393217295154271,0.0595890128381519
5875,9474,0.543667392124813,0.00795286801469975,0.345967775784986,0.000294683575511457,0.0229806617373888,8.00180456237487e-07,0.010393720513965,0.0687420980681792
3880,2160,0.258436107133469,0.00182523586828944,0.68160385238625,4.53202969540473e-07,1.58750982966256e-05,6.49664492188547e-16,0.000132762475612805,0.0579857138351114
8218,7078,2.36570192588033e-16,0.00247030113753184,0.966572826781407,1.15510578338803e-09,1.41920602998971e-07,1.09225813483991e-18,2.31390767750674e-09,0.0309567266914444
8907,8037,9.76912735739212e-13,0.00814362984464367,0.919105367254603,1.43642244688367e-08,2.56940051616652e-06,7.70448971533141e-19,1.60715210899692e-11,0.0727484191189642
3465,6236,4.2909456217699e-07,0.00444396704980529,0.7482985117136,2.55388814675512e-06,0.000180654751282656,2.56724267992212e-16,0.0656560213144496,0.181417862188153
4979,10073,9.55051054964927e-05,0.0220862238121995,0.57021464014989,0.0253442459407291,0.222550059390852,0.00055600813633067,0.03121301454656,0.127940302917943
3398,2280,0.187668199319787,0.00642154646795946,0.752910320934605,3.95481513676707e-08,4.06055977557709e-06,1.60916007132114e-16,9.18299602680287e-07,0.0529949148701192
7531,3721,0.0844780654786543,0.0119571838194922,0.646293713391114,0.00016110660171065,0.00524995922256604,1.57962859067741e-07,0.0901268600469033,0.1617329534767
5531,7196,1.06260983920354e-11,0.00538354348225915,0.883057469309269,5.45070515558992e-07,0.000110769644774301,1.18814360330949e-12,0.00669849745810238,0.104749175023265
5531,7436,2.63727484239237e-07,0.00968679128950189,0.85307311575284,2.87317078517563e-05,0.00384470542825143,6.24020293722777e-09,0.0595681500246084,0.0737982358292592
7670,1563,5.32361330423025e-14,0.00249832440860744,0.916440831384912,3.0440612739836e-08,3.73349446511498e-06,2.13109721807231e-18,1.1240529367968e-09,0.0810570791472968
10010,6119,0.679242141895252,0.0662563375382728,0.0978211571809869,9.42382469356154e-07,2.25125463827244e-05,1.49610563864781e-14,0.0191868371909258,0.137470071265695
5599,10433,8.70649720079628e-06,0.0081068041204876,0.807756791360099,0.00190050084539302,0.0894920841991046,7.90302691294868e-09,0.00174118200020434,0.0909939230744835
9185,3002,2.41437913955815e-14,0.00306469708756894,0.951915691810508,1.45693622910235e-08,1.25201432441339e-06,4.2701544774704e-17,9.90614899484527e-10,0.0450183435275973
9733,8757,6.34174472122579e-09,0.0205929173817936,0.747160646793711,2.2508214243551e-06,2.2567067559231e-05,2.46864494525332e-13,0.0758431346837653,0.156378476909755
9322,3961,0.116227179711972,0.0100730294138706,0.728171631225786,8.80223736940693e-05,0.00357616571376255,1.71251543743573e-08,0.0152381175287098,0.126625836907051
6772,6957,0.3949020948583,0.00686558300289608,0.49741034021216,4.48374164086045e-07,2.00286717728155e-05,4.90299469780766e-14,0.000836286525542804,0.0999652183551148
5393,7915,9.02103709661834e-05,0.0307085955052268,0.609612485990631,0.00262173554543529,0.115020284396112,1.05385095003658e-06,0.0591765101600926,0.182769124180586
9943,2883,0.00018942374083887,0.0153261469982823,0.668400660437688,0.00387506541167536,0.0470191900482174,0.0160345785759911,0.0886979539756588,0.160456980811648
8356,6838,1.0114217225292e-13,0.00320912431599498,0.927120024829468,1.36490528814489e-09,1.3839649940653e-07,2.00082989936174e-19,3.18604735896179e-11,0.0696707110611708
5740,3960,2.24893355950139e-14,0.0029431054314255,0.834372253952024,7.34725071006063e-09,6.30268918172013e-07,2.06807914838831e-17,0.0950032068282341,0.0676807961721253
8287,7437,4.56850338834125e-15,0.00577632153861983,0.936433376876134,2.37343486444481e-08,1.14648236119988e-06,4.90948436838044e-19,2.24514756638658e-09,0.0577891291233846
3396,5637,6.6008211771324e-06,0.00684620621181473,0.772161136079743,4.64306501612227e-05,0.00121403618074214,1.63656346988329e-11,0.0388876533193648,0.180837936720631
5254,10313,3.2770467376489e-08,0.0132321905233687,0.79415411975896,0.000385594102087199,0.0885014125890979,1.38813469358594e-07,0.0289400416708034,0.0747864697717457
7047,7677,1.35405617861322e-09,0.00345994105080785,0.902021669016982,1.48941921842637e-08,2.39525072864137e-06,2.44690969671399e-18,0.0263432634884473,0.0681727149447863
5395,4319,4.99745313446018e-12,0.005786609152448,0.831579341071259,4.14128734076898e-07,8.47048662558349e-06,3.92569356010959e-15,0.0492911748116264,0.113333990344306
5464,4439,2.56226182613299e-09,0.0112436319320111,0.858700470119641,0.000279836074707607,0.00100305805409245,1.22937408330003e-12,0.0362700981064955,0.0925029031495607
6426,8755,0.046919541131419,0.00776683621740551,0.816629282514037,0.00294282125827437,0.0583965521964994,2.96619287189798e-07,4.78112033618065e-05,0.0672968588597153
3673,2760,0.625791370144222,0.0126146249178225,0.321169414823745,3.11126271559388e-08,1.57166220007534e-06,2.52429231283517e-18,2.24405895424582e-05,0.0404005467498405
5600,8515,8.33946758722546e-05,0.0175124430868644,0.687136554356442,0.00321612134831363,0.136735583985862,1.90052786029586e-05,0.0357609946997985,0.119535902568244
9253,3841,0.0912947023892409,0.0436079456251823,0.443180549747407,2.17899698984296e-06,0.000152272310251998,1.1674183559226e-11,0.251074265853595,0.170688085065658
9185,2283,1.23451069915931e-12,0.00467569385674726,0.857794297258712,1.23423766568795e-08,3.51261085087044e-06,4.96482875671751e-13,0.0694358674826924,0.0680906164468899
8427,3361,1.81769654250902e-16,0.00265450433660148,0.982795475618055,3.59846845185063e-12,1.91873480565662e-09,2.24873225705381e-23,1.12640533151984e-10,0.0145500180103696
4017,3599,5.51862075027751e-12,0.00626021036124891,0.930686703250961,5.67400657589854e-11,2.61450150610935e-08,5.47907958281612e-22,2.52882415083553e-05,0.0630277719390081
7323,5759,0.0113614452757178,0.00487827903316586,0.914294348407622,1.10542029456911e-07,1.1155030554854e-05,8.25466736845086e-16,2.42384797252372e-06,0.0694522378629368
4911,8035,2.41294817111811e-05,0.0231398396906976,0.662274672809616,0.00129484946956034,0.0570070361180864,3.16083217998112e-08,0.0993827352163626,0.156876705605644
6701,9475,0.367711729973835,0.00957466104299626,0.575481175919196,0.000161259482107218,0.00336793203715633,7.33447129990809e-11,9.59945733897414e-07,0.04370228152563
8289,2882,3.76089980422264e-16,0.00215577290256913,0.967639866815039,8.70977269106847e-11,3.58374760425448e-08,1.15649598461735e-20,7.71533136556925e-08,0.0302042472045037
4361,4918,2.98430634910627e-12,0.00241645813387439,0.881429825914272,1.33729696024831e-08,6.62175315598944e-06,8.80899542991444e-17,0.0269687419254572,0.0891783388972868
8152,2163,3.80574732389477e-11,0.00863421801469382,0.478339770226992,1.44098585647753e-08,3.286074009441e-06,3.55904080341211e-12,0.361379232576485,0.151643478656344
5531,8635,0.000104916556245647,0.0133084946096301,0.709577359260371,0.00941849768299402,0.156846909619303,7.69966229572067e-06,0.0243270215782011,0.0864091010309594
6150,9474,0.101439911222148,0.0105758434126123,0.669549246075319,0.00161831629580256,0.0469079591063156,1.68196906507544e-08,0.0678449337902971,0.102063773277815
8149,7677,1.16410006684985e-15,0.00316435730604772,0.956344297983123,9.41246956367285e-10,1.38456748784741e-07,2.01880413145513e-19,4.08694819648131e-13,0.0404912053124238
3534,5397,7.63956588393679e-12,0.00845870488271226,0.775871951645911,3.51910418756277e-08,1.0593239585469e-05,1.75408363700417e-16,0.0547502285922269,0.160908486440883
9666,4801,0.455548189798273,0.0394397466282453,0.282993099440347,2.64858471966387e-05,0.000627811182322761,1.48388147014715e-12,0.026612212721624,0.194752454380507
3190,3838,0.064002785740578,0.00850115645497026,0.774306529194029,1.46538406847876e-05,0.000679613204349556,8.95003599983836e-13,0.0553753221796519,0.097119939384842
4706,3599,5.37134950888231e-11,0.00209538622677883,0.823490844952163,8.79908018030252e-09,4.98635887726938e-07,2.71118387951545e-21,0.0454808111302416,0.128932450202135
6567,3480,2.48516882120152e-07,0.0120750166674826,0.612213966966302,3.5503532437489e-05,0.00069048800781316,1.81312963282951e-12,0.0996644141875238,0.275320362119746
9321,7318,4.49294591536119e-06,0.0080149974490501,0.862329923863857,0.00276606843785726,0.0222278652670567,4.6203785322639e-08,0.00413962139575026,0.100516984436728
7188,1683,3.18900892880348e-16,0.00228990737828906,0.923983918183257,2.56504272688048e-09,1.41896420068127e-06,1.18503876588457e-21,3.58005748568413e-09,0.0737247493291531
5187,7076,0.0846324494178127,0.00879663716313235,0.74810233384168,7.6300153706718e-05,0.00726101408841902,1.23810457983025e-10,0.0011179663056913,0.150013298905747
9941,6239,0.266507608723421,0.137950184931333,0.368502217338762,9.07288330589565e-06,8.70585578740034e-05,1.93981865004301e-12,0.0517137757300169,0.175230081833347
4567,7675,1.4597626931188e-06,0.0251682229643782,0.720236089764564,0.000604018429446205,0.0315345788927281,2.16673632955617e-08,0.0747242597284093,0.147731348790418
7806,3961,0.364719554377487,0.0121535789004133,0.494041820927946,3.31451044200319e-05,0.000817597238890392,1.25572017780659e-09,0.0358581860757498,0.0923761161193735
4775,4199,1.31796233941509e-15,0.00170771606749148,0.936195033488588,3.7513781528163e-08,1.85977934714084e-06,3.64026070323607e-18,0.00204409062490151,0.0600512625258885
9460,3002,1.04565263834795e-16,0.00208023574999797,0.966439805560399,6.98371281152897e-11,4.89033567897799e-09,3.67502449714689e-23,5.57708393165776e-14,0.0314799537293742
3811,3719,0.587540820216743,0.00380750796791765,0.357945574064453,1.62939714214547e-07,4.33356703605679e-06,4.87441854220973e-16,0.00029669393432935,0.0504049073098058
8424,8636,3.381526568895e-11,0.00645905980065093,0.732833022010411,2.29651288486147e-09,8.60354414558628e-07,3.3046339038368e-15,0.190104433640134,0.0706026218640577
5808,5278,1.07603461437553e-13,0.00587650668883768,0.892718933557944,2.31188135441563e-07,2.34671472471109e-05,9.6947780926344e-16,1.43042997662724e-06,0.10137943098775
9046,6119,0.439164575496958,0.01304984750427,0.445793693858091,1.43151728463754e-06,3.81051656394146e-05,3.78498606323533e-14,0.00671782412645475,0.0952345223312645
9183,7078,8.12859823618021e-12,0.0041992438366057,0.924985662659683,3.02372770118668e-06,3.59195274433368e-05,9.95031574425165e-14,2.00510100618271e-08,0.0707761301893289
4567,6716,2.03148739678652e-07,0.00807053123434623,0.888353542115984,0.000131107145862753,0.0101720614229865,2.23647229275146e-09,3.08869436995409e-05,0.0932416657519093
7873,9116,7.25883083071534e-07,0.00593549792815189,0.857252810081803,2.15795426750425e-06,8.69363696810062e-05,2.09868762574408e-11,0.0312759669179699,0.105445904844057
7737,4320,0.280286983575763,0.0309281086776829,0.361615113440461,0.00658404751384972,0.0605199360321664,0.00508216457287796,0.136532251236979,0.11845139495022
4704,7436,6.4171758546137e-05,0.0220585494159978,0.689491183041595,0.00216925923149429,0.069099683231433,2.49118887065743e-11,0.0247679944412845,0.192349158854738
5878,2521,1.38757268570598e-13,0.00333109561098774,0.885119828700641,7.36303185617786e-09,3.89767844221398e-07,1.57051518936962e-17,0.016324286022494,0.0952243925348629
9321,6359,0.0109124833530752,0.0164592029623608,0.853546950774788,7.78826199608868e-06,0.000446075518194464,4.49696853813487e-13,0.02008656457838,0.0985409345507554
5187,6597,4.94614037005917e-06,0.0123305501473831,0.715721752227702,1.25990138555967e-07,2.28120047529311e-05,2.61823272212381e-12,0.172740406540654,0.0991794069463805
9527,6958,7.11126669775114e-14,0.00398519548075675,0.873622789410526,1.22160674893956e-08,1.2674237549614e-06,1.97064920223528e-17,0.0376150691360581,0.0847756663327654
8356,8037,1.10128556989433e-11,0.00582776555235344,0.925858369967165,7.13540269925802e-09,2.32749240419186e-07,3.94048855465413e-18,6.9043204475354e-12,0.0683136245779209
4980,6716,0.18160903322033,0.0086528471562384,0.719482235166903,0.000235658578830653,0.00518768647255933,1.11447998572294e-09,0.00153111506097697,0.0833014232296808
8634,2283,8.90848611691522e-14,0.00344730462210971,0.9111536634671,4.23493246787926e-08,3.17082263430411e-06,4.96038978283547e-16,0.0126692351758827,0.0727265835628584
5601,4919,6.18510558234868e-12,0.00695336286723798,0.849155418117677,2.4071029391373e-06,3.4492934416101e-05,6.99150301615378e-15,0.0248603804974311,0.118993938474107
4703,9833,9.00064845472169e-06,0.00784381599163169,0.89844193044993,0.000274016905400418,0.0292981328951959,3.64663306432229e-11,0.00634119230997015,0.0577919107629512
8564,4321,0.178550262510179,0.0219534770873488,0.6780027048873,1.60709759747764e-05,0.00122920287080245,9.9150737104619e-08,0.0160749149512147,0.104173267566443
4705,7196,0.00737947622243201,0.0311606839996231,0.606868278623998,0.00913291680107533,0.11145513782475,1.94857271805599e-05,0.0499893543651365,0.183994666435805
7046,9834,0.304256895110922,0.0123190153152882,0.580963099984997,0.00347869860756151,0.0317711543238625,5.21761013152339e-09,0.00237565508727597,0.0648354763524825
6289,6597,0.0248490566641529,0.008805078043426,0.689428902251372,1.19089973858018e-05,0.000356034979978651,2.49563169477195e-09,0.112560266355071,0.163988750212981
6429,3960,7.88215101722287e-08,0.00728755874798715,0.742823539191459,3.0623625289442e-06,8.38574775969059e-05,9.25562674446567e-15,0.067516342091889,0.182285561307019
4774,6357,1.15772060878841e-14,0.00246039745278009,0.946382913789631,9.7934410482781e-09,4.08662553661441e-06,3.62137909994882e-18,2.50457034085485e-10,0.0511525920881429
4015,7915,1.62240380322492e-08,0.00695795903345138,0.741409197268095,2.29841384720534e-05,0.0057466441127763,1.62536431607785e-09,0.125192530113767,0.120670667484036
4705,5757,0.0972328086165609,0.00259583344914997,0.841977930065811,1.40649580053834e-07,1.77773215797996e-05,8.99129570348995e-18,7.20934027110197e-10,0.0581755091763845
7735,8876,0.00217727258675312,0.00904277556287094,0.797037167653638,1.77719230527485e-05,0.00167687447214047,5.23489858517694e-08,0.0838924418499125,0.106155643602646
9047,2762,8.65019313325068e-11,0.00404399521571862,0.935521645685132,3.12537842121904e-09,1.00210117096152e-06,6.75031783467955e-17,0.00056102126638964,0.0598723325197089
9526,9596,0.220728489412818,0.0113116731758016,0.583071408217359,3.42118921991267e-06,2.57509686887765e-05,1.58499121000511e-14,0.028876858894384,0.155982398141712
9319,9716,0.0562531935932122,0.0328285312615868,0.780941191903313,7.58040574570232e-05,0.000809487863222551,2.51982885367707e-11,0.0255073303663872,0.103584460929623
5254,10553,1.00597616060679e-06,0.00506073893965724,0.634794498098871,0.00441957902197725,0.111676757040293,4.5202891776791e-07,0.122036721078636,0.122010247815487
5462,7796,0.0105035175777878,0.0275255922002421,0.532549736497385,0.0173623803262503,0.158095858406841,0.00103587109725779,0.0669226875560221,0.186004356338214
6912,1682,5.81658847287796e-10,0.00264088412556458,0.908786361203219,2.16000791856529e-07,2.53631752201688e-05,6.37165354954996e-18,5.21447686632115e-06,0.088541960436679
3672,4438,0.260280949140951,0.00217606534940732,0.712276135479241,4.11194577343516e-10,5.78771619055028e-08,2.74762408708941e-20,1.27469167424679e-14,0.025266791742032
5187,7556,1.44439982598271e-06,0.0271239156330893,0.509372085966864,0.000243728520398762,0.0276709145670573,5.83067637409987e-05,0.259774086746885,0.175755517402138
8978,3122,1.24909932575972e-05,0.00488744835179656,0.916365472496474,2.30238567018592e-07,3.22565129986024e-05,1.51933929449063e-14,0.00287431815657798,0.0758277832503132
8079,9715,1.2431404155417e-11,0.0427315903357415,0.832416800032259,1.28395223315298e-08,6.73331224350559e-07,7.60946824377594e-20,0.000957582146729302,0.123893341302092
9733,9476,0.0539696645628274,0.0108393639838293,0.763782014859481,1.17261393808008e-07,3.62183253705684e-06,1.99411207694498e-17,0.0241725625231785,0.147232654976753
7324,4080,0.0554870860268654,0.0041433211631408,0.753379497814375,2.28027558125448e-05,0.000515532974123378,4.81383330315479e-10,0.0843768964086361,0.102074862375664
6291,3720,2.76842503893448e-13,0.00131701591247993,0.773362448674811,4.95342245265084e-10,5.19518092510406e-08,5.84192439794812e-21,0.110238404769165,0.115082078196115
6290,5398,7.84617739112081e-16,0.00305975757965329,0.920817374563196,3.03122047909748e-08,3.85701268294009e-06,4.26644935164601e-17,1.90426028393106e-05,0.0760999379294232
3741,4078,0.840973804370674,0.00828594379234098,0.136394578665497,2.10632434049393e-11,3.18007894641773e-09,8.31537661342941e-22,2.15243660390075e-11,0.0143456699488214
7738,2402,8.00254156990627e-10,0.00761173804592122,0.733304002925143,6.59321899849048e-06,0.000949956797482482,1.07927727885001e-11,0.129608006499444,0.128519701701964
4015,7435,1.96428168390416e-06,0.0124170621058743,0.737378551973676,0.000949988209207864,0.0470182413790889,1.8256768627386e-08,0.0269354989407817,0.175298674852919
4360,6357,7.58658691471513e-10,0.00816240693586201,0.860403389411219,4.92530934667214e-05,0.00420270393513856,6.62464698167407e-12,0.0197207199943309,0.1074615258647
9596,7558,1.16069324715279e-13,0.00486597331251548,0.918649611838846,1.11819802557406e-06,4.79254347011303e-05,1.48620489050662e-15,6.18898561105125e-09,0.0764353650268084
8287,8157,4.74296480885842e-11,0.00484726701622918,0.954879322946784,9.58274404116967e-10,1.06606069926225e-07,1.26168101113844e-19,4.4918839638255e-13,0.0402733024247631
5945,7196,2.79775751616705e-09,0.00312210051609559,0.951121857161654,1.67218870106735e-07,5.24573651392981e-05,1.78751132397903e-15,2.26743363236097e-05,0.0456807406041578
6498,2641,4.30104593665394e-16,0.00207327647482977,0.923219615930983,9.7655996355729e-10,1.65381770260053e-07,3.79150357317724e-22,0.00145040862408548,0.0732565326117709
6153,3480,6.58833581292353e-10,0.00871274633192827,0.779176973718054,2.33352296706876e-06,5.15299802420409e-05,1.15207432901668e-12,0.0864580333142067,0.125598382472616
8286,10315,0.00114858383520826,0.0170871234234157,0.888897885867996,2.32087636184896e-06,1.89797574589986e-05,1.59338572216693e-14,0.000528996903842544,0.0923161093357005
3811,3479,0.170342682325784,0.00751260548184453,0.761491544270817,1.55389029940787e-06,1.95969526919223e-05,7.00826697684561e-12,0.025888811854911,0.0347432052166436
8013,3361,3.02854400473733e-12,0.0037271143275628,0.93641010748547,1.72599122294639e-08,4.68191240024111e-06,3.96410754576886e-13,0.00726590781743757,0.0525921711937921
10146,9236,2.53963102856341e-07,0.0329024628243844,0.636314686804161,9.85268092862911e-07,2.4685080069672e-05,5.99549254286912e-13,0.120419011358197,0.210337914701392
4913,4199,8.56345814283666e-07,0.00251349902256584,0.903167942271357,3.49146587584489e-07,5.56045992557704e-05,2.12281963870983e-18,0.00235719843346116,0.0919045501809587
6770,9595,1.10525804873287e-05,0.00505075575515762,0.942537540578103,7.27855901161421e-05,0.00438985324260446,1.23529708102809e-12,1.71228912922648e-07,0.0479378410233835
7186,4799,0.174902168497572,0.0098908940966416,0.641047136375011,6.3432737995143e-05,0.00136028034720534,1.2762590483794e-09,0.0457252785226581,0.127010808146658
9872,7558,5.46241171111149e-14,0.00526954972251356,0.913491570066185,7.80242109638814e-07,1.97743903727882e-05,3.12144492438063e-14,2.07796778041232e-08,0.0812183047990554
5669,7196,2.66912674825294e-10,0.00220232913497693,0.925763202529928,6.71896620667706e-07,0.000260334788161549,9.79928340959486e-13,0.00126004140170268,0.0705134199807175
3946,7795,5.04428688073596e-09,0.00673456583578016,0.871355857746414,5.03801065454176e-05,0.00959275917920098,2.49463839792849e-11,0.00620190040081549,0.106064531662011
4567,6956,6.62783973733064e-05,0.00879500344671066,0.856130818401438,2.94762346834166e-05,0.00635648167226724,2.82362413717254e-13,0.000911871819873734,0.127710070027371
7944,4680,4.70260738982848e-11,0.00204940416447423,0.980953606251353,9.84024972895182e-12,4.08720218627692e-09,1.18688561852332e-23,7.242159444388e-12,0.0169969854328619
6152,5638,8.96762526815479e-11,0.00537649984991232,0.893186252996733,3.19739223154405e-07,1.03941918728384e-05,1.47045226885761e-14,1.45785726330884e-06,0.101425075275305
7463,2881,4.28215413957842e-08,0.00485693270932703,0.853974037296167,1.11802641315328e-05,0.000474063538672327,1.64272799731845e-14,7.32245493298216e-05,0.140610518820815
6360,4080,1.52596416533258e-07,0.00746782014758735,0.743581679614998,1.06260481493686e-06,0.000127330321099593,2.61319857610336e-15,0.0806931686463639,0.168128786068718
5185,10433,0.000475680058090933,0.0081293617358042,0.701528675278793,0.000108517006953848,0.0148148625848144,1.41277703044419e-06,0.143497845162512,0.131443645396
8562,8157,7.70152863996908e-05,0.0026975268791428,0.90068558725502,8.6614081674742e-07,2.23430152478947e-05,6.05060168626878e-13,4.71015480765736e-05,0.0964695598746916
10008,9716,0.078751029683505,0.011575137864879,0.731017267065141,2.1576820208303e-05,0.000680744194018686,6.78061911679341e-09,0.0311566037546666,0.146797633836962
7460,8636,0.240997824977286,0.00410384746874485,0.628288853952596,8.64234168838623e-06,0.000123572000889215,4.98754442460783e-12,0.00289919571117687,0.123578063542632
6498,3600,3.13025044624394e-07,0.00783325840988664,0.67113286691511,7.22410804576219e-05,0.000979066672881482,1.84615914647229e-12,0.0974007940088033,0.22258145988597
4291,7435,0.000800344016977239,0.0324140844815318,0.496905910250447,0.0213648183053933,0.222972899614957,1.1386507272825e-05,0.0741960712539574,0.151334485569464
8906,8996,1.40374233802132e-09,0.0168562882165424,0.923347473036204,2.99203848046724e-07,1.2018067497473e-05,1.07546980869122e-13,2.30933339911015e-05,0.0597608267380669
6495,8156,0.553790225214037,0.00583490482332503,0.395296529847932,3.96826296613477e-07,1.6034174481758e-05,2.69703516489103e-14,3.21857053467091e-05,0.0450297234085538
6427,7556,0.569471889433247,0.00811599808725394,0.383682384010391,7.18212364688065e-07,7.46689322518177e-06,3.70453145818465e-15,0.0116197842500274,0.0271017591134866
5257,4079,8.17883762569536e-14,0.00141736509914015,0.886469610720541,1.03808556866444e-08,4.00532968053486e-07,1.57445701008845e-16,0.0227580642427576,0.0893545490236556
6773,4320,8.80710732246291e-08,0.0146336398555178,0.523659319340024,8.17465605129276e-07,4.37047485078531e-05,3.26705750462432e-11,0.194189518265463,0.267472912221138
7668,5159,0.0775874147015069,0.0109401514623955,0.739488488284287,1.11733277928116e-05,0.00145205336368473,1.31520945022655e-10,0.0470820686109384,0.123438650117874
5255,8395,5.28249783872315e-06,0.027388896368724,0.672316505132586,0.00344916596682197,0.0987068868458044,1.20290001137054e-05,0.069898777916168,0.128222456271943
4428,8634,0.00157393966111291,0.00826807605693478,0.855701357375313,0.000218453125813968,0.0157497596543621,4.7462569457024e-11,0.00589538690839546,0.112593027170605
4222,6836,9.45769679199816e-08,0.00820169048254598,0.830598058141014,1.65995444936975e-05,0.00215215497820825,6.21066975584311e-10,0.0285479555568402,0.130483446098863
5185,10193,4.03821647594392e-05,0.0136694195868014,0.575376287857965,0.0338303572685193,0.23804243432076,0.0114042585710142,0.00845344818074266,0.119183412049438
