"x","y","Cardiomyocytes","Fibroblast cells","TMSB4X high cells","Valve cells","Erythrocytes","Endocardial cells","Epi-epithelial cells","Epi-mesenchymal cells","Immature myocardial cells","Macrophages","Vascular endothelial cells","Mural cells"
16790,13596,0.973040095134815,2.03189470917358e-11,3.52069761460584e-12,9.47967861319316e-10,4.13237085832152e-34,0.000490122940743838,3.60943985892785e-23,3.67077352536467e-25,0.000180860218345283,0.0262888409634805,7.97708082326214e-08,9.48312078055953e-19
16103,16250,0.965830255181689,2.0663659923981e-21,1.10730312020119e-13,1.31527599857016e-22,3.83179707391669e-28,3.55100986154198e-06,2.93607032411887e-42,2.03240045662296e-28,0.00629818410260078,0.0278680097055502,1.87681994552559e-13,6.47823559074349e-33
18589,12387,0.669009686862408,1.08438611881806e-08,7.10842835217022e-21,0.136492642806657,6.79501353764216e-27,0.0209235464630356,0.0713524649978892,1.64946081339028e-10,0.0510494389940619,0.0459720679249063,0.0051913396114069,8.80133082697914e-06
8477,14095,0.917698746294211,7.55162251987978e-17,1.34516112695042e-16,4.2435036900627e-19,2.75998266305601e-06,1.64105523834116e-06,4.72656605280387e-34,6.99246139632288e-35,0.0300957686095689,0.0522010840482111,1.01078675991478e-11,8.81288402511091e-23
14165,17218,0.922210198247418,0.00200264388330759,2.37006212536017e-13,0.0280169019908743,5.20016856458067e-09,0.0201415776761554,0.0110646899041245,6.17353817754028e-13,5.11619132044705e-05,0.0163721503473034,8.90189172913858e-05,5.16519192984984e-05
13596,9986,0.949722639369983,0.000190705385864921,6.61968922618112e-12,0.00435205535448112,2.51880313431289e-07,0.00780307303895295,2.40822404985973e-08,2.23275041669651e-13,0.00216504030162724,0.026721584170505,0.00904339466409717,1.23174509197492e-06
15273,17216,0.788360123162677,3.00370736251764e-05,1.40074933032665e-14,0.00914213971413108,1.30578139187921e-26,0.174093190466522,6.86395656981232e-08,2.46199353076336e-13,0.00350628297649688,0.0172303272722986,0.00763783061960584,7.48183530623803e-11
10840,17707,0.970396731926561,1.04256139130868e-24,2.91761605090153e-26,1.75425750839836e-25,1.13405483113398e-95,6.16954803119389e-09,4.96620657260939e-07,2.51807827763397e-35,4.60072967605214e-05,0.0295567579864732,7.88878187472019e-41,6.94417623549185e-32
12364,17463,0.923342119313138,8.31649972736536e-06,8.36373451716926e-19,0.024960197348029,2.47696756732793e-30,0.0290427301255813,4.69391157131344e-14,1.09082276464375e-10,0.000105100764515791,0.0215062873548197,8.02740247898307e-11,0.00103524840478535
11938,12401,0.94645365708619,1.7424296351012e-07,1.6528626787569e-17,0.00542901824421565,1.80188606059104e-10,0.000191292846763847,9.78887336875476e-08,3.03222104450237e-14,0.00700157967714642,0.040748718417297,0.000174154984123486,1.30643234714668e-06
10145,16503,0.963367980420845,9.50447247887987e-28,2.18340211755329e-16,3.99227970569767e-27,1.00631448322886e-37,5.00184299169957e-07,6.42679635457736e-35,1.03868714078576e-37,0.000912378074669217,0.0357191411283674,1.91818739196172e-10,3.60599972775374e-31
10280,14815,0.798436880027809,1.24374161840573e-08,3.46018021085562e-22,0.117191224692771,3.21184402401966e-57,0.00874498522082044,0.0186866168180958,1.70310879330424e-06,0.0230076824551111,0.0339308063250414,3.51872674576193e-24,8.8914141068022e-08
11235,7339,0.946791334957844,0.000102057791246363,5.15288295929473e-09,0.0001744517452519,1.19351599494058e-26,0.0139075351106255,2.11551966162624e-24,2.85640110011008e-08,0.00282232306731762,0.0332423246359609,0.00295993897478964,7.02730125523237e-14
15679,12152,0.929873333941997,5.27852967575581e-05,5.72106375819883e-16,0.0186031980504424,4.62702336628023e-26,0.000984488699697408,9.68588690279315e-05,5.95087378838958e-11,0.00345774511308509,0.0414436201652807,0.00548785342760635,1.16376596068291e-07
15955,11669,0.957296248565664,9.43394844489981e-14,7.53110815086106e-20,7.52737876937111e-07,1.83275778276357e-71,4.53796310148852e-10,2.56615448520209e-22,1.72282391237566e-19,0.0015915884627231,0.0411114097798023,4.90062690521926e-23,4.34358276057533e-14
14833,4921,0.923584723805994,2.20309303492823e-32,1.65827445306635e-22,2.1464293221713e-34,9.77541262562113e-50,3.66387795093324e-16,3.45931129537999e-47,3.1586746125938e-39,0.0152798634390592,0.0611354127549464,5.17885192527425e-30,8.0150785028329e-37
12216,12882,0.937588603473287,6.73679308805786e-22,4.20758918102265e-31,5.41452938405402e-13,3.06947061036443e-51,5.39216431393385e-13,3.96055957896318e-36,1.37746653553107e-26,0.0192523221679987,0.0431590743576335,4.67285189451703e-30,2.66818963693562e-28
17337,10220,0.961545355653103,1.70722326478967e-09,1.33256017388772e-18,0.000134407332642426,8.58870956409062e-34,0.000157727834079605,2.66398499911516e-20,1.67498528126571e-24,5.78841252460699e-05,0.0351969004602934,0.00290772288741184,5.03392146377525e-18
13605,14326,0.602319346947429,6.16609204473763e-05,1.74435589364186e-26,0.249320853721276,3.85778457700598e-35,0.00812507358580316,0.0662394789959394,0.00121518320585201,0.0125715994315717,0.0124799852330386,1.84956223849214e-28,0.0476668179586432
14719,17217,0.863993855648526,0.000108080896334057,6.18989114237429e-08,0.0254911090057789,3.24658192238099e-17,0.0557074357223359,0.0112590848650908,5.96900913998135e-07,4.53076649722883e-06,0.00628860444656643,0.0327334724223869,0.00441316742665843
10413,12163,0.943282237917104,0.000884765701949679,6.3677836099325e-11,0.00329815366434011,8.9997155501449e-15,6.80823454165154e-05,3.46489535303912e-10,4.08987851457398e-16,0.00488540759716836,0.0449504166353409,6.35022379418136e-06,0.0026245855047098
16653,14320,0.942396728186093,0.0026041455029798,8.86228157513833e-06,0.00802002019094984,3.33078594692655e-07,0.00734131069192449,0.00167024606086483,0.00078188055274456,0.000612006127518289,0.0271092352612919,0.0094552179932824,1.40721807657907e-08
12200,4685,0.946550314904548,0.000931048828398528,3.02012680296726e-06,8.75793499140264e-07,0.0012011593380247,0.000394544288368272,2.25568304515154e-24,4.07717245170461e-20,0.00119634284963036,0.0482187493756946,0.00150256237998886,1.38211504465363e-06
9715,9512,0.946250866828359,1.14288945132936e-29,9.31349012509049e-22,8.38836859935465e-32,5.36659286880187e-29,2.77686181494541e-11,2.32721850538788e-38,1.60322754973969e-40,0.00158514078912873,0.0521639923547344,9.36520141865587e-15,2.0305638591115e-32
10686,9751,0.931622729218174,0.000346943808592028,1.09005648912531e-15,0.00983366115313176,2.46126076591812e-14,1.94820139840243e-05,2.07144442612392e-09,6.14905264489057e-11,0.000584853147268167,0.0544352926806653,0.00315703548842478,3.56799152924202e-10
14556,4921,0.925459089293715,0.000313487049071686,1.54698801136457e-12,0.00102359672751324,4.62349562417894e-30,0.00205646984996744,6.80409276267767e-19,1.96015666411281e-18,2.57863761483042e-05,0.060554366380491,0.0105672043073729,1.41732062700109e-11
15670,7812,0.932507022617863,7.37951528670814e-28,1.87189277015238e-22,1.71383953805614e-26,1.95721540973663e-48,2.66459941640283e-10,8.08877309595701e-38,1.51824315581687e-34,0.00241440037297801,0.0650785767400167,2.68219576795289e-12,1.81233097575022e-27
8466,8309,0.949017996358482,2.50817108504002e-39,5.56612713327273e-33,3.21824063982455e-39,1.11147520178936e-51,1.88539926089535e-15,3.17303899039809e-37,1.19961647085193e-45,0.00442992317951028,0.0465520804620057,5.22627258560739e-40,1.26759846143169e-38
15543,13840,0.925526225456554,4.16808776273547e-08,1.19024884994812e-09,0.0186038786015832,5.33946907549e-08,0.0204117322696443,0.000115443471626435,6.10066175846668e-14,0.0167317225359246,0.0186108886553597,5.23807759951393e-10,1.22196221242903e-08
11643,3722,0.940967406748898,2.32455597637027e-12,5.23754477211995e-13,2.86866610555198e-12,3.44200153885187e-22,8.70231066077872e-12,1.63492714547649e-37,4.91831064337182e-27,0.00341062862712388,0.0556219646095591,1.93407750845218e-27,2.05082319160422e-19
11923,5168,0.939530029401633,0.000150518978244625,3.26514987270879e-09,0.0100823927217023,1.51472708488095e-05,5.80602425853218e-05,8.14101680536895e-14,6.3408623872858e-08,0.000819379143085153,0.0396768393771916,0.0096675642344546,1.95639967369554e-09
18314,13352,0.866719349603304,8.54848346600718e-12,7.35400503346778e-34,0.0573580733065886,1.67069750347671e-92,4.04009806438718e-11,0.0385717930669175,4.98170185331943e-08,0.0373496794715632,9.79730119665317e-07,2.01720179848377e-27,7.49555387439637e-08
16363,8052,0.943997074892614,5.46594085645458e-29,2.04447194599549e-23,7.42629812564332e-32,1.51556827135976e-44,2.68048918024129e-13,1.60248273338304e-41,1.13529098933395e-42,0.0042645159400188,0.0517384091670993,2.35156731664325e-18,3.12952314908407e-30
9869,16985,0.987843426495497,4.55448479866834e-30,5.54517093154609e-20,7.9118094439522e-32,2.77958707655964e-19,1.49086656999214e-05,1.5066207342027e-38,4.61612947625025e-41,0.00143687404241455,0.0107047904860451,3.10343185014941e-10,1.90250290935873e-38
15954,11187,0.879900480779529,9.50035265575518e-07,5.34125291877682e-10,0.0179571552113703,1.11748996770855e-48,0.0598658931768742,2.29631326132376e-09,1.02695344066694e-10,0.000915315574566078,0.0399255815228041,2.44463236676099e-06,0.00143217613408972
12336,3479,0.943019659752712,3.08855256568888e-11,3.09530113506814e-24,0.00411488378097232,2.17157992167184e-63,1.26094889924247e-09,6.29812298932568e-16,2.63826331039628e-12,0.00029060575119927,0.0517623160528846,0.0008120176176327,5.15750126039755e-07
12343,7337,0.950873301597902,1.54124837405254e-10,1.35911496271664e-17,0.00126821138480053,9.26993453054551e-28,2.06202774254694e-08,6.64765726712896e-27,1.662524353631e-19,0.000587719516902461,0.0472707467247113,3.16825677454234e-14,1.24982125958636e-12
15402,12635,0.939931051608624,1.40010234765583e-05,2.22841437699704e-19,0.00544339826572239,2.2593623058461e-30,0.01994527054731,0.00462670770251404,1.32573727351469e-07,0.00136974710451712,0.0126739482544208,0.0159952164820682,5.26437619369497e-07
11506,4445,0.945640502313464,8.305805590876e-28,1.29658557378138e-17,1.29875618544775e-28,1.05693208401829e-40,2.90472105677945e-14,3.76622676747791e-52,1.34236428305092e-47,0.0138446086338758,0.0405148890526308,1.96510591650925e-33,4.99407752065749e-30
14025,16495,0.966198399366241,2.55761781975504e-08,2.10429646176155e-14,0.00315624052277048,2.56737839427812e-21,0.00489706294497767,1.6463214979595e-16,4.00173917233145e-10,0.00765061545097094,0.0143227935059762,0.00377486223267755,1.30848778764795e-14
12081,14570,0.248862388744013,5.98274242077708e-08,4.8284430272015e-26,0.466442750974685,2.36251736519665e-51,0.0880257973170519,0.116091681759427,1.56659885026213e-08,0.0403947564313039,0.039153592063882,5.18155352235104e-33,0.00102895721622415
15388,5402,0.929415436540336,1.30927747768455e-35,1.63372099153187e-26,8.30717164580848e-33,6.33183605070144e-51,1.42435689290679e-20,1.21006037864871e-51,1.69488366706684e-40,0.0104464636182408,0.0601380998414233,1.01417782327688e-44,3.13946587401044e-37
12773,14328,0.955442880301683,0.00092909109813266,2.80467365862193e-14,0.00566385639746403,6.86160126770862e-18,0.00103185505592705,1.41416899838358e-11,9.88714811216928e-14,0.00896059787495291,0.0279601269123287,2.22123628464206e-12,1.15923430213301e-05
9984,5172,0.949651255454397,9.66290891824082e-41,1.29733592317592e-24,2.46534758876168e-39,5.13140896190994e-48,8.80764436830095e-18,2.34947171718433e-59,1.14158066959522e-46,0.00763009694714172,0.0427186475984611,1.34445058281202e-41,1.86249157290608e-48
13175,7335,0.952628848905554,2.21651560869064e-14,2.25169647299606e-13,4.71297109191104e-17,2.11059720806176e-07,0.000156696292066929,1.06822095894634e-26,3.12922374996765e-24,0.00222652475364619,0.0373951382753631,0.00759258071340114,1.62734282589125e-24
10009,17708,0.981517985167756,1.25944109133413e-27,4.27036306000997e-15,3.22022324610007e-31,1.78551509502281e-31,5.67837049946848e-07,8.56524768725705e-41,1.6609094177335e-33,0.000604876976797033,0.0178765700183927,8.07163396706607e-17,1.08107502804644e-40
11650,7097,0.953716985046218,1.90042814413437e-07,1.47750493800519e-09,0.000186862068678444,3.53154541041231e-40,0.000144627254237396,3.20846397470507e-17,1.77405146782785e-15,0.0106381651943334,0.0353096665243009,3.50213217697512e-06,2.59733594672459e-10
15683,14563,0.92684626137002,2.28557497277561e-08,8.7126215999264e-20,0.0194851934086031,1.63966746590791e-53,0.00497945357709995,7.43744147957839e-15,4.07442722185355e-12,0.017625529171641,0.0293621415129625,4.01160699125692e-26,0.0017013980998422
15404,13599,0.894711792592696,0.00349894562352993,1.01001610689431e-06,0.0101471214148075,1.4253474493973e-16,0.0315598858243363,0.010223104295905,0.00274634224997203,0.00108067570913151,0.021564234788879,0.0212440019848913,0.00322288549974422
8059,12891,0.909071505548942,3.45982458138189e-12,2.47296559307924e-25,0.00171325369851264,5.68280251267926e-55,4.51925881544051e-09,4.35247370108311e-06,3.96021533501243e-08,0.0242298520231462,0.0637530554619161,0.00122793666886981,4.02836411168283e-14
8476,13131,0.94696319373258,3.51959107874693e-28,7.97442714005517e-30,8.35612964460645e-19,1.42646678309792e-60,9.16053225285203e-18,1.81434434063143e-49,1.03023369755115e-32,0.0100240192900355,0.0430127869773844,4.06474831516914e-46,1.48012117925017e-26
8187,7345,0.914706680855128,4.22920029297971e-06,2.05806930601977e-12,0.00839419187809682,2.26757325309396e-05,1.82307434702838e-06,2.8571217756792e-11,1.51482391125125e-15,0.00314397255801296,0.060247772975683,0.0121936910157175,0.00128496267956032
14137,3717,0.864407123305264,0.00197387670183346,1.0041689050835e-16,0.0504339957095428,0.000194743651195367,3.8398630657936e-06,0.0218510474788159,6.74822097468077e-07,0.00966457858776446,0.0514701197604207,2.05197441804833e-12,1.17947649953759e-10
12904,10229,0.955482428544994,2.89270145728965e-06,3.34567029373126e-17,2.97370026745818e-06,2.93653647751778e-22,2.6288482869443e-05,5.9765453396415e-23,8.40474418074226e-18,0.00277744421150708,0.0416174468170316,1.44587594714434e-12,9.0525540427273e-05
18313,12870,0.894864134477698,6.04036708810022e-08,2.06784128546575e-25,0.0571458603144865,2.46191670556896e-68,6.65998056989843e-07,0.0382184903540739,2.31953173057614e-08,0.00770831751214743,0.00205671808136715,5.58715777157647e-32,5.72966318231769e-06
11112,14813,0.341157074916675,0.000134687020402109,5.53750461268281e-08,0.223176826684954,3.72737877624706e-22,0.071306493753929,0.0449713332647076,8.35420702948797e-08,0.0310855768037358,0.110927269082626,3.07864652211137e-29,0.177240599555854
8748,10719,0.938471005030385,2.31894959229482e-28,2.51352531312136e-18,2.72008462656531e-30,1.19544643795661e-22,1.29120807522461e-09,6.86120762004441e-48,9.73605834761395e-33,0.0162231506472727,0.0453058430311345,1.02881882529408e-17,7.67214508467746e-34
15409,16010,0.960650266842916,9.90521257017307e-11,1.04593015368493e-12,1.55930993108446e-15,4.91254097645994e-42,0.0108687467876072,1.61868298090935e-13,1.01379504931687e-17,8.48779294315945e-06,0.0249130484130032,0.00355945006326323,5.94315231450128e-15
15536,9982,0.955934501699344,1.91405807977779e-07,6.15310227333055e-11,9.31728310658698e-07,1.73350600294074e-14,0.000609477855582856,5.19331184412009e-15,8.55670425913966e-25,0.00489559529701193,0.038545315435196,1.39865171926443e-05,2.79216837826911e-17
8339,14337,0.918336654307382,8.09372030773467e-15,1.16829485123628e-16,3.37786906670655e-17,8.88901035793564e-20,1.96012788048866e-06,3.01560678168359e-16,1.86010379534652e-32,0.0230675706950541,0.0585938148696745,1.32302925007132e-19,1.03149722423603e-20
11785,5409,0.943221594319174,1.45389782380436e-10,4.45479720192445e-13,2.11926402497201e-12,4.39188100236011e-21,1.17091507068727e-05,9.40484563426926e-27,9.87099750866672e-24,0.00516224677172789,0.042978110274631,0.00862633933580228,3.36722482262359e-15
11787,6374,0.85529665567603,0.00626739889650593,8.72173992482125e-11,0.0422839615072896,0.000990965096474672,0.0230099426349061,0.00374094197296424,5.08451648608352e-08,0.0097521081033326,0.0485495337026649,0.0100646237274973,4.38177499522166e-05
10144,16021,0.952552716581388,4.95580544735162e-10,2.24090815404252e-17,0.00889952420756496,2.21023113337786e-36,0.000507510503024176,1.17513546097568e-05,5.82391896838828e-08,0.00134081612584114,0.0256338420955037,0.0110537803887212,8.57663264923762e-12
12072,10230,0.942910893436416,1.39063247521867e-13,9.47087217048092e-15,1.86981135361875e-11,1.74883836388884e-21,4.47162349610942e-05,3.31697644595298e-33,6.55576725116474e-21,0.000911478057650395,0.0561328962406265,1.60114997794525e-08,7.77051813479147e-19
13319,9987,0.923326985012586,0.010163888134067,2.17853666516622e-10,0.00647551003953893,2.48013188681394e-06,0.000434728517060108,7.9733853413039e-21,5.88706541074521e-09,0.00290695399701273,0.0555219743825946,0.00116320903136685,4.26464896841828e-06
13735,10227,0.951517458571104,3.9139859161803e-14,3.02831943680776e-35,2.28930444098012e-06,4.45773143551694e-63,6.08939108795783e-14,1.05853736720529e-32,7.9271345350283e-21,0.00156101879629127,0.0469192264455606,5.69396872453027e-26,6.88250310348321e-09
15116,7813,0.948414073136051,1.64592623722179e-08,6.41731057345211e-17,5.28729565322317e-05,8.86196773972945e-36,8.18533086408697e-06,3.07773264620198e-22,9.79952100483016e-20,0.0083685920215977,0.0431554431167653,8.16968649390216e-07,1.02774059729193e-11
12776,15774,0.941141427424719,5.39971802494007e-15,1.44495270598402e-07,2.9964654520633e-05,1.11135560344109e-23,0.00743668780709239,4.97820196520143e-15,2.15571157275227e-21,0.0152946021723229,0.0360971724842914,9.61772659372633e-10,6.62155978015468e-19
12219,14329,0.0294822621054155,4.84675794499425e-08,8.10580715443414e-37,0.669509017763357,1.50327991571409e-57,2.57538588682078e-13,0.154446641975429,0.0204927100009396,0.0663794347441882,0.0264038098779335,1.49184016810766e-48,0.0332860750648999
17482,13354,0.983401058096589,2.19618416880861e-12,8.22031568344325e-25,1.34395750692875e-09,2.10634660203643e-68,3.6074367868308e-07,9.43990593058382e-17,5.23391933187896e-20,0.000466223828802496,0.0161323559847719,4.319989595299e-15,2.19172429706934e-19
12780,17703,0.0268756917251411,2.87335694526625e-06,1.72556809010098e-26,0.401423602149842,1.05439804332721e-34,0.159376337548315,0.277617390402014,2.24541010996539e-09,0.0286894978852808,0.106000718880274,8.50231349438956e-12,1.38857982755499e-05
12079,13606,0.934334798807265,7.98214759812974e-08,1.48878281210734e-15,0.02465301364733,1.38176413370944e-14,0.00680216307426712,0.000173395857590337,4.82302703317986e-08,0.00265530086070433,0.031316198212035,1.34536005074093e-07,6.48669530411243e-05
12765,9988,0.908458006243634,2.85854091847085e-08,1.31429262454006e-16,0.00024420490056771,8.01449759850018e-09,1.42100739903485e-08,3.93216139824256e-16,1.9467278309424e-11,0.0241628409300367,0.0671348970321774,9.37429582428748e-14,6.404200819177e-11
13884,15290,0.968590398011757,5.30222048213832e-08,6.3570671456032e-13,0.00191528889502615,6.87051570206489e-12,0.00571971862641414,1.71422852902073e-07,2.18262534420716e-06,0.00477598865786174,0.0118367381452393,0.00715941233993594,4.82458572814791e-08
9297,8307,0.949994615949004,8.19685672778613e-08,2.648441358436e-18,1.54148871373077e-05,1.82238444919728e-12,2.18311530123469e-07,6.15903367612824e-19,1.18955634163943e-13,0.00708856071219096,0.0429011081343831,3.51088138111555e-11,1.37552005908155e-13
17755,10942,0.946331528367899,7.00284480467859e-28,4.90466290243241e-23,1.1260647233221e-32,9.44072677449535e-35,1.37218791547799e-14,1.83750785837971e-48,3.14328749788642e-52,0.00969357865704994,0.0439748929750376,1.82290573560502e-30,5.2375402053487e-37
14700,8055,0.961005855240189,2.54988232572017e-19,3.89784445348918e-20,1.15465681777759e-17,1.53656510781037e-35,1.37022773714691e-09,2.63727971104491e-39,7.33770690246932e-33,0.00363607062265423,0.035358072766929,7.09225984404788e-25,1.71608662665793e-24
7910,7346,0.938493730478204,0.000360819117455323,2.85098827808238e-13,0.00224770223530924,0.00809242424447534,0.000868643092686395,8.43809601975388e-14,2.33268342809657e-08,0.00526948132412765,0.0360245832142093,0.00478902095078524,0.00385357201554352
9021,8790,0.937452975502701,7.01084628634273e-25,1.33174640313337e-23,1.24249962372765e-27,3.67860611483197e-22,2.51443835418431e-13,1.19691563280922e-45,4.59231683517607e-38,0.0120275063614389,0.0505195181356087,3.78126074300998e-29,1.4486649066945e-36
15393,7813,0.886721719041323,3.97200670625337e-05,5.96221828609264e-13,0.0105721187417514,2.54642672225443e-35,0.0196743094215857,5.1999404554045e-28,3.72264423602559e-14,0.00103005893941154,0.0538631864817909,0.0151027284589621,0.0129961588474793
13868,7575,0.947406049901938,6.60182939042676e-12,7.15865410405718e-18,2.68689287106179e-05,7.44012756058934e-41,1.42280458932724e-10,1.27497001371697e-18,5.28163126058438e-17,0.00157554476368075,0.0509915362216546,3.33140676904667e-11,1.81946984565844e-12
15401,12152,0.853790996029324,9.09890931272308e-05,2.05818368847854e-18,0.0874024097744496,2.54983836945303e-12,7.78205087355987e-05,0.0124699163740529,1.88959634664324e-07,0.0189750043436611,0.0271708107522598,1.59588663941935e-13,2.18641620457048e-05
9154,6138,0.934598670354967,3.82211453140097e-29,1.47677469655499e-26,3.65611575541339e-27,5.80003421469903e-51,2.9374650159654e-12,2.15346454822609e-54,2.87617099500766e-41,0.0085459637973315,0.0568553658447642,2.19568238512679e-17,1.73067138171514e-36
16649,12391,0.940722685885744,1.07696777342322e-15,1.18133351560504e-24,1.10266558861315e-14,5.0134269058117e-26,3.40116497153254e-06,3.73537213095175e-31,5.13025311827703e-34,0.00105779995296131,0.0565901886269638,0.0016259206447034,3.72464364058402e-09
9314,16504,0.938097740610376,1.56293730566544e-19,1.88879478608286e-10,4.09885523342933e-20,6.5398845038434e-28,0.0498894547200163,8.56491333746338e-12,9.97640470490825e-23,5.50726514828736e-05,0.01124756220709,0.000710169613590336,4.1323446589054e-24
17064,12149,0.936110031367721,5.16296998211736e-27,9.48296460457132e-27,1.9896600941249e-27,2.84560473285464e-69,4.17084943366989e-15,4.41990982951309e-31,3.84820251016943e-39,0.00547617289270248,0.0584137957395725,4.32385007702042e-20,9.5810063834448e-28
13743,14085,0.843247059310472,2.580326926962e-05,1.62505262749628e-14,0.0325787303994171,1.98600765333093e-52,0.0382189726542105,0.0159847518463155,6.83515626539737e-08,0.00350280605536823,0.0340893506560638,2.39939943865918e-06,0.0323500580578659
14438,15289,0.94509243190037,1.19318572919883e-10,5.16959596781997e-18,0.0246293452705801,7.24329044637107e-35,0.00572188133910244,5.93486018434373e-07,5.64199075097136e-09,0.00960789000895564,0.0149478522317772,1.14987784333877e-12,7.3755467333338e-13
7923,14096,0.829127808497773,3.09082519078531e-07,1.43010202332591e-26,0.0817341192007052,1.16823990190161e-48,0.0174717516405418,0.0250194589948594,8.19147050734366e-09,0.00358500514844385,0.0352396848239807,0.000921364086681503,0.00690049033302535
9032,14094,0.947746685133624,8.99668037889586e-18,3.01255643006477e-23,7.20748908734943e-11,7.28439973500593e-32,4.48151923626538e-09,4.74354728941523e-38,7.53635318575333e-26,0.00528041687907687,0.0469728934311337,2.57123633883023e-12,5.45683029014151e-20
14572,13119,0.20947579001576,2.9696378358884e-07,1.60281261990525e-36,0.437554039739795,4.47868003464646e-109,0.00151001597775327,0.147381588719892,2.65642130610212e-07,0.000519682980896738,0.0377792361502915,9.52210610144838e-33,0.165779083809696
10558,15296,0.899158352825474,4.06355998502717e-09,8.31792952036346e-17,0.0227941300454203,1.05541371183119e-53,0.0483858601393218,1.43531233017265e-11,1.49734603654101e-14,0.0015618184284659,0.0185155055715073,0.00958432591039195,3.00149103248355e-09
17759,13353,0.982815470062918,5.52926143493809e-37,1.08620114754957e-21,4.57555831946701e-39,5.36791614698309e-18,0.000952028385961198,6.92064926628417e-29,3.18425782353728e-42,0.00299584745176516,0.00846241867345794,0.00477423542589769,8.71148190672685e-49
16640,8051,0.933388407917236,7.04473633394429e-08,1.04383073864842e-14,1.83531989748627e-05,1.76181350170708e-41,0.00113764305297155,1.5652301100486e-16,2.24454523905884e-17,0.00349122467611341,0.0447273891548508,0.017236589844657,3.21707822689807e-07
16238,14562,0.945260075704135,3.05092670297293e-32,1.26210259497978e-08,3.54146370205723e-38,2.84464934007667e-41,0.0345957807249804,1.95084755271919e-34,6.88942322646948e-43,0.003106412662267,0.0170376866689138,3.16186777385225e-08,5.32915261008563e-38
13598,10951,0.869529032505377,0.000277146635605376,5.80633607675386e-16,0.0458475686105163,5.54047205097594e-35,0.0121023111493669,0.00322885890684032,1.061600975092e-13,0.00662838531048493,0.0556937133172291,0.00669231389304303,6.69671430762496e-07
18449,11664,0.882661601732796,2.5149586636378e-06,7.6959410651118e-18,0.0343624992490918,1.57678794398761e-57,0.000300989127050386,0.0308545236791832,4.13421573889306e-12,0.000227148227362012,0.0402277831796987,1.67999893132482e-08,0.0113629230420308
14166,17700,0.731261706236231,0.00168471962949894,3.24710275926639e-09,0.0453992132985228,0.00264536276448153,0.137274589058183,0.018490487112569,2.09491049745688e-13,0.000865208737634837,0.0268584975750297,0.0270155171719745,0.00850469516856171
15396,9259,0.94690660699576,8.6348913742664e-06,8.62701157542332e-14,0.00498003624596525,1.28461945972267e-28,1.03863448036915e-06,1.28655494778997e-19,4.06577179710449e-17,0.000557058620380347,0.0471437063630719,1.35804821014618e-15,0.000402918248880085
13462,12156,0.95568654074289,1.42170455673796e-10,2.00061592237811e-18,0.00404243646062186,8.33420945073124e-23,6.6108107299944e-11,6.7061672599185e-17,9.0811929221964e-15,0.000516572850392795,0.0397544497377363,7.37282814917959e-20,7.11641458733094e-14
9156,7102,0.945476268842247,2.7591253968682e-16,1.75987726127004e-23,1.55098080146803e-15,6.88622023405997e-42,1.03352905086954e-14,5.06631107782731e-36,6.26048212313312e-25,0.00290620563054232,0.0516175255271987,8.92911984128076e-28,7.08646965829501e-18
15530,7089,0.962989946088492,3.24329049305287e-21,1.56885199116641e-17,1.26247280707752e-18,4.90013582822622e-59,5.83953608179453e-10,8.17875526981057e-23,1.53779572511448e-32,0.000263065647578919,0.036746987679813,1.6257871444073e-13,5.11328536767616e-24
16639,7569,0.866286340029731,0.001111106939118,2.42225932790614e-10,0.0219983223781445,5.00496962286658e-21,0.00266900879044011,0.0122685608770805,1.35288540747108e-11,0.010755249861208,0.065862803305118,0.0189254650387318,0.000123142524673086
10820,7581,0.95112518750493,1.30414203629527e-19,5.62496949236589e-15,1.22065440288409e-16,4.61799904247589e-53,1.97716627177857e-07,1.23093498617513e-22,1.38553999717722e-29,0.000230592091159586,0.0486440218407955,8.46482367404331e-10,2.2178960735534e-22
16082,6124,0.847318797693753,1.13406400665933e-07,9.76302371218418e-23,0.0570070794210967,1.06571429869995e-55,7.52047658090795e-06,0.0152823946256096,4.99279682568674e-09,0.0151697633391333,0.0652142878016913,3.71218887188826e-08,1.12104870885479e-09
9580,11200,0.95250350995282,3.85109011783137e-09,1.19472807500853e-18,8.25032543381658e-07,1.839310224202e-30,3.71163231157671e-09,7.99659621759173e-42,2.14122739880811e-18,0.00757949929717408,0.0399161581532449,8.43273121959391e-24,1.49551061485505e-12
11806,15535,0.864704440056609,2.57603218899351e-07,3.50916771106986e-12,0.0593763493729405,6.47338841850857e-34,0.0428751875226944,0.0141165342855294,1.21468989474169e-10,0.00410875221058327,0.0148112780221114,1.20411042530951e-15,7.20080133386774e-06
11387,13848,0.00464176746913766,2.98544015263082e-05,6.16899410438372e-07,0.501306582526486,1.14780619698679e-14,0.262128222236287,0.0690850430451734,0.000131917628006595,0.00371642487155,0.107335984860384,8.07875430176264e-08,0.0516235052744841
15253,7090,0.934909749475553,8.77818195479503e-15,3.82076633988377e-14,9.89973699431483e-07,2.61633614441068e-35,0.00788001509755146,7.10333146891755e-16,2.90980949052121e-17,0.000519174028258018,0.0432282896847122,0.0134617817401784,3.82734696084309e-19
10701,17466,0.892353800945607,6.44502827330403e-09,5.83957861879822e-19,0.0064325596670554,5.72915431830051e-56,0.0815489732644425,1.06771811586215e-07,2.91912376252474e-11,0.000512573028344197,0.0191519789114583,8.94295483273149e-10,4.27661740759935e-11
13195,17461,0.977488838964237,2.77951230104386e-10,3.75521394193266e-30,0.0145490616765704,2.22734476443948e-59,1.86435101012115e-05,4.55076403568612e-15,4.49944317270225e-14,1.18803159529356e-06,0.0079403671861732,1.89752619422198e-06,2.82712764448706e-09
11386,13366,0.237469804686415,2.36951235272976e-06,4.43237611691614e-23,0.343337510072759,1.56389774785452e-88,0.184201530762221,0.051880438591944,2.04907369347706e-05,6.05007640501483e-05,0.126346647675003,8.99018415862616e-11,0.0566807071084185
14155,12396,0.953579258669652,2.03905228404298e-08,1.01132220021343e-20,0.0168321519282623,3.35467574292839e-49,0.00135577335572233,3.72255818274922e-18,2.55495152912113e-14,0.00643137098171186,0.0218014245901352,3.43069680719366e-11,4.96613605686041e-11
15248,4679,0.870110356818401,0.000366197484261396,1.13490104590902e-23,0.0411355617595084,2.55458201322377e-47,1.1479675994356e-05,0.0392169427305654,6.0279010805269e-10,1.74633729814541e-05,0.0490807783511481,5.49656697249543e-12,6.12191988531738e-05
11921,4203,0.956849756025996,5.0909974251317e-18,1.09076603643111e-14,1.78972792073295e-20,7.08438150036589e-32,4.70477490914363e-07,2.76760754972411e-27,2.59605173504247e-32,0.000715292512028248,0.04243433112012,1.49864353789307e-07,3.2044833830718e-26
16104,16732,0.819648710873512,4.87383904320567e-05,6.26130976052286e-14,0.0733902191723698,5.52903992661895e-07,0.00694583125298275,0.053929701916051,2.60264286788168e-09,0.00305383351477601,0.0314120177003705,0.0115703598867843,3.17860234218365e-08
14019,13602,0.933355008229957,1.8795111016011e-05,1.26916219500547e-13,0.00686561984190752,8.63250577181453e-13,0.0119867512029158,0.0020477807826264,0.00235967912584246,0.00590163453970725,0.0347994129963476,0.00113040397723457,0.00153491419145505
14293,12155,0.554505103556254,0.0031450325421152,2.02476340680457e-05,0.144583392829612,0.00649627818242542,0.101802350085515,0.0230390748498615,0.000593269447742696,0.00956472669497478,0.040473941669596,2.67418379550476e-06,0.115773908324039
12624,9265,0.949562787848771,1.60467841424183e-26,1.39588733292013e-17,2.10385965951446e-25,3.77891487470212e-43,6.96314988616519e-14,3.43719894259014e-36,6.00586194929578e-34,0.000257864802722865,0.0501793473484365,1.41417886934446e-17,4.51883781381597e-25
13048,13363,0.937794763456689,4.71980095647326e-11,1.50556834918797e-17,8.71206943312422e-07,9.99212685144647e-49,0.00516947370364761,9.70465292001923e-18,8.7962425119962e-13,0.0239599744219227,0.0330738024794296,4.34405482722286e-07,6.802778072776e-07
7774,8551,0.937260601405765,0.00317534254936176,9.91617832781508e-12,0.01065081549902,1.15089326694398e-16,2.13658471704404e-06,0.000455552709152322,1.44261431261327e-14,0.00346155940682755,0.0411346289973728,6.9715016461101e-11,0.0038593627681375
14717,16252,0.971236551665509,8.67207675846227e-10,3.33178108602239e-25,0.0143119263961039,2.21378457396369e-80,0.00548856722256631,0.00196761514148463,1.62979836216537e-15,1.64634824630673e-05,0.00525360734795001,3.26779438879158e-09,0.00172526460891891
13185,12157,0.946243595813706,1.27469431124008e-14,9.4428582923836e-18,5.04604452740221e-14,4.36078086591688e-24,7.54604223271858e-08,1.04154937232977e-32,3.50227689566326e-26,0.0130142294066165,0.0407420976459708,1.67322101888623e-09,3.48756187091821e-21
16098,13839,0.938384621633791,4.87092916706635e-05,2.41718655097085e-05,8.62213557596343e-05,0.00634415546735144,0.00936774710484067,3.45841504716358e-05,6.05059584522444e-08,0.00272700742221694,0.0352889068114234,0.00769196054235505,1.85384865169798e-06
14008,8298,0.953190148833657,4.05241636301757e-13,5.26018024302939e-18,6.10073477261785e-11,3.23418275778824e-23,2.69565061846512e-08,2.83354641036189e-34,4.32251828168966e-25,0.00109316706668671,0.0424018799778977,0.00331477710366883,1.70628255387535e-13
10404,7341,0.954985356222241,4.76151259624506e-15,3.84319580341671e-28,1.31022130421514e-10,3.07586418885957e-71,1.35314049507389e-12,1.52661301011745e-30,2.25425321806366e-20,0.00107152974077916,0.0439431138670278,2.09006028474763e-27,3.75717894317012e-11
15124,12153,0.875297586409838,1.75761879264462e-07,1.26741124764402e-13,0.0439030717241421,5.41033044987612e-20,0.0241725217808967,0.00772184566673959,0.00179687965744922,0.000120179473780182,0.0299303689761804,0.0165239196507418,0.000533450898226143
11507,4928,0.9412314297279,2.93708395431036e-27,4.48091817702686e-22,1.48812113771741e-28,5.61276185709573e-63,1.96994881843853e-11,1.54729891210225e-34,2.96174235244194e-36,0.00418571404511836,0.0545828562072826,2.96274287185838e-17,2.61505508106742e-24
9572,7342,0.934529289223809,5.40827683115879e-17,1.92863698473168e-30,1.62293938099212e-08,4.58202834247217e-37,4.55752403092319e-15,6.61777710286295e-43,9.24206627520636e-28,0.0156818920630971,0.0497888024836942,2.09942437146857e-24,1.0954139168357e-15
8603,7585,0.905031509220874,1.03603585320924e-06,2.53384137142856e-21,0.0309431844060739,2.0421460260376e-05,0.000493943507254725,7.98850730445424e-09,1.98018139400993e-09,0.000922846385696493,0.0460682295264386,0.000459235042609719,0.0160595844462501
18033,11424,0.648626148445805,0.000780351432241959,1.33758846892646e-22,0.10014531136502,3.11854363704384e-19,0.0392474419148135,0.0646944927633483,2.38038024429826e-11,0.00427529315282455,0.0619077791985583,0.0708857588933867,0.00943742281019825
12485,9024,0.95246574182884,1.36877541905689e-08,4.39358802622501e-19,3.15364360207534e-05,6.11836019548323e-47,1.18880271832751e-08,1.50869303609447e-26,1.35197801630952e-19,0.00355258242483775,0.0439496563275072,1.4878837127235e-11,4.57392133825116e-07
12474,3238,0.948471791402937,4.1889666737497e-15,1.67614271513679e-17,4.73615748536987e-14,2.00287034971276e-35,4.70811689798077e-12,2.02238697400832e-29,2.23880419468008e-23,0.00249429261879601,0.0490339159720579,1.44949879229085e-12,5.56997860427122e-18
12484,8060,0.954106330953617,3.7048038410398e-17,8.76733134507977e-11,1.42132069822483e-17,1.24405343488345e-12,5.47910316947875e-11,2.94423652592272e-21,5.8113412281945e-25,0.000787513442240521,0.0451061554604342,1.52146781873093e-28,2.02382311368605e-21
9309,14093,0.958166193454055,6.82077131165106e-12,3.41187297873706e-23,0.000813920407941724,4.49956066076713e-56,5.73941032509882e-07,5.59095753317433e-21,6.67846703605578e-11,0.00140785265953209,0.0396114594635617,1.2814527391693e-16,2.70945917968149e-13
10674,3965,0.956719072074788,8.45309063111857e-19,1.65671449619224e-15,9.48171198099231e-18,8.99445169394067e-35,1.99721251831022e-14,7.12033810827e-29,4.62051037052662e-30,0.00109961238156391,0.0421813155436267,9.4340048479671e-20,2.02930872934547e-18
16379,15767,0.911268903748239,3.36273500922834e-12,2.08797714320056e-15,0.00224621048173139,3.58979610851931e-35,0.0511541776289106,3.15524500828961e-16,4.83237559457873e-16,0.000231712292771431,0.0350986359785411,3.59866414879746e-07,2.61530108235162e-14
13722,3959,0.967884405154397,1.61317807742449e-21,1.54617423408781e-26,1.60077393841476e-15,1.5472852466982e-46,1.14408825555242e-14,1.44028279600312e-38,3.93496626035052e-20,0.000409618365046813,0.0317059764805434,4.68625129155792e-28,1.73191071924125e-25
14713,14324,0.963143278757037,7.2322967993351e-11,5.51576830944412e-10,1.06159242576967e-09,4.19010787742628e-43,0.0111351120999368,0.000284838594842763,3.05598793058842e-13,0.00242185947804637,0.0230137653923975,1.14399194137565e-06,8.33368587737829e-19
8061,13855,0.832015944516661,1.58137575566693e-06,3.28654959654841e-19,0.0643525311180492,7.52633858516006e-06,3.34468678894748e-06,0.0272082705829094,7.92598349441182e-10,0.0238041652558003,0.0526065805011025,3.26702754981611e-08,2.2161474127709e-08
11372,6615,0.943518253773823,0.00122454043987876,2.95163142965048e-19,0.0281979074574033,1.06781724244988e-37,0.00311116282779032,1.5651615461123e-19,4.81800652306852e-15,0.000510042721247193,0.0234372357322004,7.89992855834063e-07,6.70547962702984e-08
10557,14814,0.814122837966917,2.34597579678153e-05,2.7274519015148e-14,0.0878638948373352,4.67853871142135e-28,0.0381282311489093,0.0124223657103249,7.70325772468272e-07,0.00287048061228891,0.044567809151122,3.92943023764326e-08,1.11195032325062e-07
16786,11667,0.947165731334244,6.95982975850264e-24,1.00779048659915e-30,6.75312390800043e-19,6.57057307382706e-67,8.23517907260258e-11,9.72174669135126e-50,4.88578997664711e-39,0.00185559322203644,0.0509786753613681,4.4018151866638e-19,5.81687371134617e-28
11244,11679,0.928774904474435,0.000677616631320464,8.53847370809348e-13,0.0258863047430646,0.000943078557846249,0.0195763152033819,6.96907675619876e-13,8.46699991951777e-09,0.000638051322531099,0.0235034363947286,2.8420276797338e-07,1.37368653402205e-12
7779,11445,0.944912890059542,3.99357367138587e-05,7.53590662333395e-15,0.000223976621453613,8.34782185342059e-15,3.5649790674043e-06,8.24441297620667e-26,9.1285042961407e-17,0.0106135480512863,0.0442060845166492,3.03182298426582e-11,4.95324117245237e-12
13878,12397,0.926858269109456,0.000325422911584997,2.46958960733239e-13,0.021040324221408,1.34822475727037e-17,0.000664477482690713,0.00067926051750703,1.89965146691194e-10,0.000602108114987267,0.0384857352488606,0.0113439300795843,4.72123708913272e-07
13029,3719,0.624879586218809,7.25414588647652e-09,7.86697246827322e-17,0.0559135612743002,1.98368172163511e-37,0.134509233643225,0.00725864555590532,9.17693625726176e-16,0.00207676356287118,0.0555891448793707,0.0201310753453455,0.0996419822660256
17062,11185,0.936206832473863,4.52365426309128e-06,8.66889374443606e-20,0.0120912293396794,3.93161782805528e-30,0.00499396776265231,3.36373971800632e-16,6.27541620781836e-17,0.00028348667341396,0.0452536819452106,0.00116627760295678,5.47960277508535e-10
11110,13849,6.99103801872368e-06,4.56399187985976e-07,4.66095924048017e-14,0.595427628457229,8.16448083006372e-29,0.261592056134498,0.0631163944947423,0.00073389047327688,0.000109368698563242,0.0759544867130965,1.98141241281153e-08,0.00305870777721704
9448,14334,0.940384411412456,3.71667045419008e-12,1.14393788347908e-19,2.05697809240759e-08,2.18555939152457e-13,4.99524358914183e-05,7.50726601419211e-20,1.13056599451503e-18,0.00133953985528287,0.0447511380467723,0.013474937675187,6.93856909356085e-13
9430,5655,0.943593476319174,1.54370181423034e-20,2.84714466922375e-15,6.11089044879577e-22,9.51299400517227e-09,9.90405590475302e-12,2.41419004253788e-44,3.93793710453405e-35,0.00136892782804363,0.0550375863298815,4.75645515647962e-25,2.78820771732785e-25
13468,15049,0.875408783530375,8.63234042800841e-06,4.81162718482113e-16,0.0428790292440726,3.10221927553925e-06,0.0193657615349409,0.0149248863970807,1.15131651222587e-11,0.000657279175479656,0.0388138941090432,0.00791834515065219,2.02862871387867e-05
10129,8788,0.959753989205009,1.99636945395981e-16,5.29734819395831e-21,2.21141214453252e-10,3.47592863937947e-59,1.60650701406295e-11,3.75058916413979e-31,2.65174701194769e-25,0.00940417228544435,0.0308418382723398,5.52952093275778e-20,4.51262182387582e-19
17478,11425,0.935258441474107,1.931552649217e-12,3.58611313375541e-19,3.4857146608315e-06,1.27540415633505e-43,2.19686565990704e-05,1.81246736992121e-22,8.89878713566318e-27,0.000570981811865705,0.0526409682778566,0.0115041540629791,8.02206850342347e-21
13186,13121,0.922282816798487,0.0178763431237078,1.32903024231537e-09,0.00771827376109943,0.0016058310590799,0.0056767814957271,8.9951199491907e-07,5.89946330143064e-05,0.00121215899819761,0.0435669361866183,9.63070093199889e-07,3.29501011231149e-11
15681,13116,0.960445298547222,0.000133282741072329,1.96473242209625e-17,0.00393362792368069,1.4443065172692e-37,0.000283089587549785,2.23738499417911e-18,9.02342139452261e-14,1.94462650036554e-05,0.0351800607321401,5.19417534064045e-06,2.79005367341743e-11
10410,10716,0.96582560145806,2.32580686526641e-11,5.48857717916398e-23,9.103108542557e-05,4.31870099964594e-58,7.79517171653957e-10,3.00473215576869e-17,3.89621486341047e-21,0.00226522776094116,0.0318181388232903,6.84253639408147e-12,6.26654089145053e-11
8473,11684,0.944852953180512,3.90224224475972e-15,4.904106009082e-29,2.82697185126497e-09,9.42503792712117e-64,9.33337910953682e-17,6.80304992363286e-35,3.61562937432331e-25,0.0123258052936339,0.0428212386972668,5.65382921744642e-43,1.61153395006722e-12
14563,8779,0.946352674025219,0.000240480820622184,1.04805767499552e-11,0.0155487777465766,3.12609784097173e-22,0.000360896695577372,6.30912348609786e-07,1.58532069893469e-12,0.00876166598931512,0.028655979733754,7.88886718827344e-05,5.39263869365018e-09
7777,10480,0.946440076606871,1.45082431189555e-28,4.55482484231136e-24,1.23037999915361e-23,1.03222466191466e-49,6.25568958509485e-14,1.00072394079729e-37,6.74358910567322e-32,0.00185898890680821,0.0517009344862587,2.75929994439122e-32,5.01599118455905e-32
16518,16008,0.974874781201982,3.3938390502299e-41,1.70773979654734e-22,1.10360115522472e-43,1.05275596775335e-50,5.6741329712796e-12,1.44549685965108e-32,9.06160163499179e-51,0.000203668069440026,0.0249215507229039,6.6700849487296e-18,1.40945167405152e-51
11667,15294,0.77057065388784,0.0112172741813922,0.00104683698875664,0.0682099370689423,7.35477556603159e-05,0.114234543278071,0.00904677905972986,2.43208326217402e-08,0.00325460751627773,0.0204897425942009,0.00184310264169932,1.29507065967887e-05
16507,10704,0.871226905382896,0.00308149079883202,0.00103778301572622,0.0212124948288413,2.59953376846231e-20,0.0604541112921589,2.51815660892132e-09,3.09166468786277e-19,0.00228316618468472,0.0331662668785536,0.0074556465174023,8.21325827486669e-05
9304,11683,0.938146329102031,4.25911551931906e-18,1.9466822558462e-28,1.51351794666938e-15,7.54660130621332e-51,3.38058095609131e-16,1.94983786999625e-30,1.91788037590453e-33,0.000113772375919524,0.0617398985220479,8.19188179652804e-26,5.26943764789253e-21
10143,15538,0.919172331893689,1.24199518204883e-05,9.31720694477816e-24,0.035570275780566,1.05565708916293e-28,0.0223958555677845,1.77390873354972e-05,3.1199157644783e-15,0.000198611731122017,0.0152285136479207,0.00740420828654799,4.40532109925507e-08
8202,15060,0.654870145427057,4.6503912170693e-05,8.29047743820305e-15,0.153129649992692,0.000360126918069317,5.0690075792659e-07,0.0872667751151717,0.000338692565560963,0.0514787262617165,0.0525013745587741,3.03739602800494e-20,7.49834802175412e-06
14295,13119,0.69279202017103,8.65962802467885e-05,5.88711003957604e-19,0.118916619797624,3.48538524120041e-66,0.0164930789888919,0.0563054582420343,5.39958039553926e-05,0.0397138300562021,0.0341964650149116,4.62668229143419e-15,0.0414419356450994
11645,4686,0.946702900152558,1.33727707418727e-24,1.26229494106414e-18,3.89328716312156e-26,4.82485199411462e-40,2.51495578668099e-07,5.59563907584133e-45,1.99861483500993e-35,0.00904914797058274,0.0442476982272644,2.15401586215062e-09,2.93040664010103e-31
11946,16258,0.92658064445035,1.73890965687303e-05,2.65360508160981e-16,0.0425773502394967,9.85269755539652e-43,0.0181898398926589,0.00402403786613889,7.17386829385074e-10,0.00108067618764679,0.00753006119385568,2.74796244416113e-10,8.11005571799602e-11
11791,8302,0.892563695497159,7.97476033589377e-05,4.08856607095633e-22,0.0471629338963733,3.17239621487525e-39,5.50444722443547e-09,0.0115730150801766,1.63181063301156e-05,0.0123942772885667,0.0361955298503957,6.44083784568588e-28,1.44771731927766e-05
15398,10224,0.911938043488177,1.6701736736599e-09,9.11699204747687e-21,0.0186573321749437,2.04606945798075e-33,0.0380583367492034,4.33660069829112e-12,1.76632515494444e-15,0.00210759113842837,0.020393975518464,0.00884471921767184,3.85992917650358e-11
13604,13844,0.925618312001499,7.05771508545294e-08,3.05423550467925e-28,0.05553794650092,2.30196962341284e-40,1.45887504390758e-08,0.00830266796586429,2.74365190152105e-12,0.000340396151603076,0.0101565667875257,6.59614892468785e-09,4.4018827793718e-05
17341,12149,0.961494257268808,1.54972900199032e-28,2.87274611093338e-21,1.03856287793035e-28,1.46708981920057e-29,1.32821700198756e-10,1.18127877628548e-33,4.33226435056766e-34,0.00022681183602923,0.0382789307623409,1.76859241376638e-19,3.30317838569802e-37
16234,12633,0.919637311726434,4.09328791917973e-07,4.72581842419298e-18,0.0259813628463467,1.60815333616063e-41,0.00020305329889082,0.00825620681607343,1.71800241253404e-12,0.00679099320350036,0.0360008369852044,0.00312982123629367,4.55674705870862e-09
18310,11423,0.764614939085977,2.59577381491996e-09,8.5557766896241e-24,0.0957153068458612,5.59270988913229e-52,1.53586725968205e-08,0.0964971755202933,5.36916234821806e-11,0.00941988721530365,0.0337526109224518,4.82808159654033e-10,6.19191665236128e-08
17485,14800,0.973565314242575,1.35057716454143e-46,1.23200627282733e-30,1.91016486622258e-44,5.96308998234108e-75,7.84436277045442e-14,1.68710091822566e-46,9.01841381984799e-49,0.0110935740056026,0.0153411117517443,2.40320697900904e-29,1.83034492920273e-52
13860,3717,0.923645308537513,4.46827733405193e-07,4.09497387076871e-19,0.0253174444208346,1.7675047215446e-15,7.28024842696097e-10,0.00139433419917045,7.19584487633607e-14,0.00581730851973742,0.0438251567652701,4.89640167083131e-21,1.642603022717e-12
17056,8292,0.762222286163157,2.08891850671836e-08,1.55711008880102e-34,0.0902603755056587,8.11354426305974e-79,4.72260206177577e-08,0.0834051894451182,4.21958092790557e-10,0.0264527323179578,0.0375916493158177,2.49988816095918e-14,6.76987151014134e-05
13728,6852,0.94984580804953,4.18046216556024e-23,1.02367165561537e-24,2.40814464344365e-20,3.02472796435744e-49,9.22574599093236e-12,5.14271543020268e-28,1.20665286638249e-24,0.00864819696656669,0.0415059949746778,4.64181065407444e-21,9.37613423111223e-31
11374,7580,0.92102498267296,0.00580667366928437,8.87863301171229e-10,0.0195445449570416,3.65458379552354e-13,0.00429733051629882,9.34725418281638e-17,4.51557502653668e-14,0.00260989522767797,0.0467143084427585,2.2567723937143e-06,6.85331103621125e-09
16783,10221,0.931978527775622,7.7641438481636e-09,1.66873917079678e-18,0.012522836163225,2.75478200771133e-35,4.94666710291226e-07,7.00393524538955e-05,1.84575694075612e-17,1.51109037320826e-05,0.0463683620455646,0.00904462131120569,1.73429446425926e-11
8609,10479,0.944889944366804,2.47193749817506e-13,6.43287615252175e-16,1.4552085360804e-12,5.77264526835794e-11,9.19165345104432e-07,6.74381516872633e-38,2.14134078318928e-25,0.00294338814377928,0.0521643294105464,1.41885377074191e-06,3.25458486513266e-13
12337,3962,0.967711708771672,1.02710225824564e-31,3.10373166606561e-17,4.98386347586895e-37,2.81349397864195e-24,2.98137691091259e-06,1.45561039596876e-46,1.86329958774473e-40,0.000365246218248382,0.0319200626882076,9.44961545297512e-10,3.99344290863631e-46
9176,16746,0.939674006436578,3.88050821343028e-05,1.08044024103822e-08,0.000619299809513608,3.00320256934306e-19,0.042812651655006,1.57856951492697e-06,1.2691960889764e-09,0.00229878531803948,0.0145548283603597,3.26952551389261e-08,1.74972963675022e-16
16793,15043,0.965948196542665,7.21391373936774e-24,2.8748627818451e-18,3.50696767192563e-22,3.48037155048663e-54,0.00995730835338124,1.26454303401598e-23,3.2322228403136e-27,0.000324174563054418,0.0235843805307555,0.000185940010144264,5.75042042507688e-30
11101,9509,0.951285875886493,1.24327220194474e-17,8.63850966200278e-16,2.79011825253861e-20,1.48835391272014e-39,5.22827395054806e-05,2.59209692523353e-35,6.20688147891825e-21,0.00141201433096847,0.0434077126896594,0.00384211435337242,6.63830537998842e-23
12756,5648,0.954417011524047,2.04233350178474e-19,2.86417200647133e-14,1.78514013294294e-21,9.2683400698328e-38,6.55431526782668e-10,7.55175399691477e-25,1.75728566970232e-20,0.000310459823003263,0.0452725279968705,6.18944407669634e-13,1.99397353688331e-25
12491,11917,0.915821561062924,0.000560873120333581,6.31137315328877e-12,7.9847663702057e-05,0.000313961856874535,0.000722100663294428,2.15421054863001e-23,9.28733896985049e-19,0.00634218282642286,0.065243726077019,0.0109156542674385,9.24556795637101e-08
10831,13367,0.672155120670378,0.0053339232109285,0.00013291206757445,0.112419458494147,0.00635763173274237,0.101766401962931,0.00812529450445292,2.74143177544868e-10,0.0279742612168876,0.0482113577006686,6.41704060193008e-06,0.0175172211245453
11240,9750,0.949404562136896,3.15015981543662e-07,7.70301197598319e-16,0.0125094877135902,2.66593597187708e-39,0.000237877965403181,1.25938060389802e-16,8.40185383953126e-13,0.00219237349389678,0.0356553803284515,6.15460364439382e-10,2.72947907170158e-09
16502,8293,0.931063988935385,4.61195662327644e-07,2.48067605070242e-18,0.00659783226758009,1.86492326557175e-68,8.4401668440205e-07,1.92757064752173e-07,1.95831102171587e-11,0.00383832648967829,0.0584983423150657,2.20024464045069e-09,9.80305157551164e-09
13054,16256,0.954260389897995,1.08959387199581e-11,1.4564748490382e-17,0.000629488176957764,1.41201003594663e-13,0.00136945905074265,1.22930042594302e-14,1.46501857546295e-12,0.0213830824280794,0.0209873915798509,0.00137018672372016,2.1301393550787e-09
13607,15290,0.91394267253659,5.83984496152693e-06,6.3740147396773e-18,0.0215297524973251,3.55119912871427e-57,0.0167842668776341,0.000124586201770395,9.98800193166733e-07,0.00468625340009966,0.0302463091385626,0.012675573682994,3.74701986904518e-06
10972,14090,0.0027208934751944,1.05369267644779e-06,1.27919699912549e-27,0.746908106053962,1.11057263403013e-40,0.0575427339067917,0.0785301642511017,0.0282454410937434,0.0328360658160571,0.0521961441978466,3.21905605663536e-21,0.00101939751262681
10279,14333,0.634353568508473,2.31442205762691e-05,2.08549960234268e-12,0.230653696562052,2.85800182820821e-12,0.0448806660028789,0.0271350875339484,0.00011725481836391,0.0185093818169762,0.0340082105353709,1.03150281092779e-18,0.0103189899964171
13326,13362,0.934230892628181,3.57048650493567e-08,5.52217631158056e-18,0.0163834256000789,3.78308218486845e-16,9.38032999890102e-05,2.03134584060496e-16,2.43426591399419e-13,0.00318438883204918,0.0436019259844749,0.00250546962511757,5.83250005340603e-08
11782,3963,0.956028647809101,1.93923938066899e-09,5.26002422302988e-18,4.48174316954795e-08,7.14290185447087e-31,2.53574063652924e-10,5.4559054812211e-40,5.83097334496836e-19,0.00142962515508237,0.0425416800255278,2.89877379291135e-17,4.3697641261532e-14
11932,9507,0.958146161870735,1.3352740566983e-06,6.63080422422711e-12,7.80918347486323e-06,1.11645236545809e-42,0.000364576231740701,2.11178497817256e-11,8.14221683989935e-18,0.00131963576135391,0.0394069348283769,0.000753546817748968,4.76481781682004e-12
16093,11428,0.930234906556085,5.41972646135264e-06,8.67321087689624e-17,0.00971885708649886,1.9051345073826e-69,0.000954751264230245,1.06831659648612e-23,4.34178024233103e-23,0.00040654247262017,0.0586794709218186,7.2961518258634e-11,5.18993245096471e-08
11370,5651,0.932950215666975,3.37618325794339e-07,1.54562093807923e-11,0.00127510261498929,7.80575873877337e-38,2.13989726854007e-06,9.26362119650114e-31,1.0685373168396e-17,0.00816779296154321,0.0552514105984082,0.00235300062626265,7.70535566552562e-13
12213,11436,0.95361626996226,3.59041234913537e-06,1.12470064115612e-20,0.000490384798562255,9.64127182129771e-30,7.33244003007284e-08,6.60742020712847e-15,5.05223143986102e-16,0.00037880269458732,0.0447323332294862,0.000597282862173854,0.000181262716173787
8055,10962,0.924846465293068,2.61820130861198e-12,1.53815926154674e-21,3.97147722314207e-15,4.27030229799338e-15,8.14395481432849e-13,3.23902608522321e-23,3.59123681555387e-31,0.0262120223720042,0.0489415123314872,6.29554502896149e-21,2.14144079502591e-16
8758,16023,0.938556855339564,7.36494525193147e-27,1.33760616829844e-14,8.0102430329192e-25,3.39201343040797e-44,0.0538351891540387,2.12227525380871e-09,5.74152047903608e-31,0.00504368809885278,0.00256426528514577,1.09788853871763e-13,1.1227283727314e-34
15827,17215,0.956656641893244,1.40962950415732e-09,3.48249225080416e-19,0.01540376529829,2.70868659568826e-37,0.00769885264888475,0.00940231963003271,9.73038238459128e-07,0.00143970229655922,0.00831678413649142,0.00108095964862925,6.56449162884545e-16
12062,4926,0.95846155549881,1.31866913191121e-32,2.29010313477679e-24,7.21565570835519e-33,1.05655562403679e-42,3.73000523259765e-12,1.00915751252934e-56,5.7517265849569e-42,0.00335117340581427,0.0381872710916457,1.76805822763216e-20,2.56099945946666e-34
8326,7586,0.915571797872188,1.07555437907665e-05,7.55271583631175e-18,0.0367231613629786,2.56821468233773e-32,1.99867088200267e-06,8.95256540441486e-10,5.63244292374338e-10,0.00103223930708917,0.0466394299890468,4.9145225475762e-17,2.06157955242357e-05
10421,16020,0.97620953914057,1.3633420048273e-14,3.70423332761161e-17,4.18379900674988e-12,7.20034364649957e-08,0.00151289671465547,9.9690158198215e-22,7.72012642848795e-20,0.00951218955818471,0.0126854741786662,7.98284002899799e-05,9.9339644241865e-27
17067,13596,0.980252803883743,2.1791128420282e-26,1.09436006101548e-19,6.90505928099347e-20,8.97641713238098e-34,0.000335167754437713,6.13732625082212e-35,5.21818602457014e-37,0.00170296938188713,0.0177090589638616,1.60707029287421e-11,1.50041967125625e-41
17615,10701,0.946936187472931,5.90011403153789e-24,2.31914217268525e-20,2.27506632081884e-27,4.80749905476426e-44,3.25410322745939e-09,4.53054201694814e-40,4.693016601206e-40,0.000646682031671899,0.0524171268007906,4.40503814208579e-10,2.77333155819419e-22
12893,4925,0.955117915553265,1.90063662834227e-05,2.89312722585916e-19,0.000945374863201537,2.84796294348961e-42,1.1558934671523e-10,3.16606526537312e-42,1.34175483492734e-21,0.00315172554680872,0.0407659133250644,1.83253912282697e-19,6.42297871448063e-08
8342,15783,0.875181669505311,1.68183591814361e-11,1.75793169875581e-31,0.0619943866632773,1.33910621815538e-72,0.00501362530088321,0.0494840559178473,3.75275741750267e-14,0.00398193232008632,0.00434432344436926,6.83132471482724e-09,4.49449157335703e-14
14578,16012,0.942780368348033,3.50051308781535e-09,1.41272767068914e-16,0.0286023157194984,7.48809808477307e-25,0.00356127734743734,0.00128504279439457,1.75917809845752e-09,0.00270976837195027,0.0161238707396744,0.0049373496973077,1.72201342419171e-09
12205,7578,0.93017412124606,0.00014124715962868,1.84293517671275e-15,0.00977013990931831,0.00691754529332079,3.8300866326392e-09,1.0053505982923e-12,3.24108770975976e-13,0.0076072717652238,0.0453896620447234,5.57679907406813e-21,8.75030704020188e-09
17058,9256,0.95113568396253,8.33876948078629e-45,7.70084546438379e-25,5.45427003809146e-46,3.17699001756871e-56,3.57606867850135e-17,1.34811951980048e-54,2.0642958203824e-59,0.00585816584929673,0.0430061501881738,2.39842927422451e-30,2.5525403802143e-56
12221,15293,0.864463816626993,1.36248729529717e-06,1.12168070471412e-11,0.0386751130717717,2.56344103437795e-28,0.0558524945299485,0.00921846844791321,2.70140811873172e-07,0.0146502932361151,0.0171379906276314,1.74301971495846e-07,1.65183315178936e-08
12355,13123,0.9299241800912,1.22548142182289e-08,3.1138268177535e-17,0.0100003205300044,1.57954015754797e-05,2.81929922946195e-07,1.11475223642912e-29,1.47799385551684e-21,0.0141603410788903,0.0458990687134781,4.2135152279159e-26,1.14590272831174e-13
13458,10228,0.934401931258911,2.44825348675963e-11,7.0883929486215e-22,0.00442740911831674,3.22805614034923e-49,0.000906788796158771,2.13716254245755e-22,2.81830570893226e-22,0.00806029171646854,0.0522035094252877,6.96592435323232e-08,1.13078805313837e-12
13461,11674,0.859147068605067,9.80949367985361e-08,1.06504498747931e-25,0.0809253997007051,2.48690972929555e-48,1.2096385043099e-13,0.00935105507892206,4.56545955349715e-07,0.0167145607426681,0.0338367828858988,1.12756544667646e-33,2.45783457255188e-05
12349,10230,0.950121946602305,0.000202724767349038,7.43071976809977e-15,0.000114921929864598,0.000218858403383975,5.76479729098529e-07,2.57303171690976e-14,4.13828960570905e-13,0.00509989822117795,0.042830564814414,0.00141042670429933,8.20770302899464e-08
15546,15286,0.922617971370555,0.00014137270268381,4.73085513990772e-11,1.09365017950547e-06,0.00380193054932204,0.0259718266979448,0.00129794874692937,3.28400981047242e-15,0.00111906244691761,0.0210767341015985,0.0239714392807293,6.20405827983513e-07
14156,12878,0.873753450936566,0.00125858517474001,4.85873834087401e-18,0.0530969030858182,2.16912365822199e-41,0.00528232726503707,0.0116122977925321,0.00106917095584135,0.0218593557316775,0.0215615495998572,2.15003138826532e-10,0.0105063592429273
12340,5408,0.95639068425273,1.99197345824601e-17,1.46491903836493e-23,3.59951718108273e-10,2.85937235368964e-39,8.92764994298367e-11,4.84457184307059e-38,2.64127121450329e-24,0.000680559765397784,0.0429287555326404,3.60308388232518e-15,1.89456460687294e-17
13455,8781,0.928992671169032,4.6687879838958e-08,3.30044187599115e-20,0.00129667848837694,7.51192658381495e-29,3.61574179877591e-08,3.09150700159833e-35,1.27910388841433e-21,0.0161528591259552,0.0535577067243118,1.59693904125513e-09,5.00871093627739e-11
8050,8069,0.94649794534038,7.54248471995499e-18,1.52635183511075e-22,4.17415062907221e-17,2.41793271655671e-18,8.91982440988739e-13,2.05882748656639e-22,2.47196616062218e-26,0.000630683417023989,0.0528713712417041,3.0433474360481e-27,1.42950954001476e-27
10269,9511,0.839348484077075,0.00923881078689486,6.22422406007778e-12,0.0428382511061532,2.34145343525135e-05,0.0574901377030033,1.74245970080727e-06,1.53441758927668e-13,0.00189550854506715,0.0481628148260598,0.000348750035884362,0.000652085919431679
11515,8785,0.93627380340739,0.000972158196115139,5.99513555389308e-14,0.0228200104093474,1.48067213027957e-17,3.19579201913372e-09,9.24016003300554e-12,5.83618316696438e-16,0.00102213948993747,0.038911204590048,9.26954822867325e-16,6.80702068072126e-07
13468,15532,0.938260000249964,2.5482258220642e-06,3.18339707872441e-13,0.00909077855801149,1.76664222720231e-18,0.0141328890508988,0.000303648293809114,2.08278750180204e-14,0.00547351446452949,0.0299866882441705,0.00274993190670235,1.00575343743306e-09
15120,10224,0.949048980344544,7.03040415539896e-07,2.177666873468e-18,7.10881349097233e-08,4.69309416423171e-33,0.00375544422679493,4.18586660374639e-14,1.84412502500609e-21,0.000754445601183665,0.0464210137258647,1.93413000589437e-05,6.72961568358432e-10
9856,10717,0.958233501673795,3.84545334233201e-17,5.7887826074627e-13,7.78899316734916e-20,0.000513459362960967,1.42633589843342e-05,2.24613997197895e-28,3.01964318016997e-30,0.00408247813457081,0.0366692981814204,0.000486999287690004,1.01823342172493e-26
15125,12635,0.616281440776816,0.000285844931240246,6.79795010244494e-31,0.130422624275122,7.51861732496102e-75,0.102536418256066,0.0570191238640321,4.49314878090212e-10,8.75210256834445e-05,0.0209293348442603,0.0466666574701889,0.0257710341072767
13881,13843,0.849017247789701,0.015807285047922,0.000448438162429061,0.0427521980454426,0.00347508731323785,0.0219605064142337,0.00833651455816903,1.90687370268682e-10,0.00610838678727755,0.0494219763295803,0.00266955779668041,2.80156463940437e-06
14440,16253,0.933680439239113,0.000103752937250096,2.15650965766184e-12,0.0137989342676392,0.00173169393402053,0.00205033452303793,0.00318878619003057,1.40629993118313e-12,0.000667739576224472,0.0271526365007892,0.0176245671502024,1.1156781298611e-06
13038,8059,0.933430054943647,7.98865059599293e-24,2.80509621519591e-25,8.58976968694383e-19,9.81299828137891e-34,1.47387166873326e-10,1.62573705023265e-30,4.8134020260593e-19,0.0053547726327414,0.0612151722762249,6.76116766648239e-17,6.18345598536742e-26
12629,11676,0.912567956688135,2.48515176251042e-08,2.6504765198817e-21,0.001594720648554,5.28761787500892e-51,2.6006644482726e-16,3.8645375613069e-29,9.74053303045627e-20,0.0097487132674331,0.0760885813345217,3.36293076650301e-31,3.20983831083537e-09
9436,8548,0.94743991251162,3.21356669683377e-10,5.33914283558323e-11,3.72805147071759e-15,0.000523634525469079,0.000529259414728139,2.20868377047487e-22,7.28903048054779e-20,0.00949816197080829,0.0419309159949078,7.81152077150327e-05,4.11124260981141e-19
17622,14077,0.869713155524381,0.0023496160587014,9.44012652580092e-09,0.0328284681035608,0.00242853637596944,0.0784286454125011,0.00233305607912875,2.54215958117671e-09,0.000881721057404894,0.011036708472291,8.95949108231159e-12,8.09248158183106e-08
17335,9255,0.946380217275831,5.74785427391368e-20,1.10569070113508e-19,2.60923316574322e-22,9.0359602417164e-24,1.21527819513638e-05,4.17372309655868e-32,4.89356270148751e-28,0.00315219754190998,0.0496755869136513,0.000779845486656755,1.56824420531171e-24
11237,8303,0.923416384364661,2.3061083785705e-06,3.82855932065451e-15,0.0384220377330636,1.27428235980355e-29,0.00150126447360392,7.44017015416087e-07,4.44097858251807e-11,0.00168170419115246,0.0349755158886633,1.53754245299236e-10,4.3025293607537e-08
12761,8059,0.960154434707664,1.10347082694368e-10,4.20203436260175e-14,8.22431215341341e-12,1.64523539807261e-19,1.06760897753262e-05,1.17810268723746e-18,6.44289183315515e-20,0.000135383458106369,0.0396994758977384,2.9727300148799e-08,8.02210411580173e-13
8750,11684,0.947095675000556,2.83396210395941e-17,7.44148213190485e-17,1.23536078185566e-14,2.2889300911073e-33,8.07433761569109e-11,3.87757036391903e-43,2.49358808679097e-30,0.00940989100504101,0.0434944339136466,2.46447211664098e-23,6.92600750196142e-23
13471,16978,0.89981584741861,0.00267157344134767,7.4979898751207e-15,0.0155715090999709,1.01077122742279e-20,0.00696804099118465,0.00668804365312094,8.0257956355779e-13,4.44981220607166e-05,0.00847034342023886,0.0588870833502877,0.000883060502368168
16227,9258,0.947876458217399,5.97766160069741e-06,1.77036710749563e-20,0.00631850143899801,6.23013890853225e-25,3.22194016388519e-05,6.60015090040998e-21,6.06150469527968e-19,0.000937495001167203,0.0385961335606919,0.00622988978573822,3.32493276578115e-06
11663,13365,0.764701436548983,2.38203797902144e-08,1.03372560489802e-23,0.0771349252697117,9.04509099837297e-61,0.0853684825117936,0.0138364638443452,1.12085162467321e-07,0.00130168959363295,0.0574306753931349,0.000187364315293348,3.88266175624143e-05
10405,7823,0.925052268189597,9.67132822605842e-07,2.22055357686018e-16,0.0148801704476524,6.12795798028333e-20,0.00113296405570547,1.25306692800388e-06,1.94529752907054e-11,0.000892771478456253,0.0580377825917608,1.82086893375333e-06,2.14869036583928e-09
18037,13835,0.989018735610229,1.69055048967569e-45,2.20466575768577e-28,9.94819089911116e-43,1.14404576801562e-44,9.02528433686547e-07,1.61501956907694e-38,2.11651350723796e-51,0.00969822915168553,0.00128201086855826,1.21841093529547e-07,1.27537795109223e-60
16097,13357,0.965399170053448,9.24292102422261e-07,6.94008346365477e-16,0.00136601896541328,2.81573461945266e-08,0.00110727331858194,1.08410637154506e-10,5.84534133080031e-08,0.000487279090410828,0.0269535358885012,0.00468571129331979,3.7905151812349e-10
9020,8308,0.948335966539951,9.35419895644587e-05,2.18140201311938e-18,0.00114045641012175,0.000476120394900728,3.87384981300537e-11,3.92486604748988e-28,1.14541000543967e-21,0.0009798705163291,0.0489740117262883,4.4459970435538e-20,3.23841061328375e-08
8898,16746,0.954531599722256,1.50143333044057e-11,4.48600467902115e-12,4.8719688003502e-13,3.17400575460031e-12,0.0379415692923835,4.19363930025405e-19,1.1427699783299e-26,0.000390643936565659,0.00673599993891716,0.000400187086716079,1.40086122172363e-17
14838,7814,0.962079409700676,9.51661355997479e-20,2.1203627182881e-17,5.83688607258144e-18,4.00819001822647e-53,3.16766855140066e-08,2.45957009062836e-39,2.35973720317491e-32,0.00118846202490336,0.0367320965977352,1.2481136540673e-16,5.77270850544882e-21
11508,5410,0.946808397603053,9.17425903217579e-21,1.09221172915326e-22,3.69082512918976e-14,1.18216986337216e-42,8.07468791320006e-10,2.31769646632833e-17,2.11852328757787e-24,0.0119305343465238,0.0412608747044743,1.92538442853346e-07,1.53884205237493e-21
16652,13838,0.926492187276712,3.70723072417211e-07,0.00176656889124767,0.00103239281981438,0.0100004462329374,0.0319281701155858,1.09090407657321e-11,6.00043415766612e-16,0.00418836118949114,0.012857828470438,0.0117330550469131,6.1922287877346e-07
17343,13113,0.982227940671418,1.80839635760704e-05,1.64726282683337e-21,0.000305363294548478,2.86066765751456e-74,0.000916467435228575,1.38810541271191e-13,1.10574305950445e-20,0.000136110387999363,0.00703461047452,0.00936142374731854,2.5252436396816e-11
8745,9273,0.948107816898305,7.89278991714242e-21,2.0557787778879e-23,3.18055378209181e-20,3.20685133019058e-37,1.90318878801525e-14,2.22054063366103e-34,2.32272784013859e-30,0.0023363046092917,0.0495558784923838,3.00455019472862e-29,6.11383875689827e-27
7917,11203,0.941526845422517,7.26023251405597e-13,1.06330592847685e-07,9.98930347443113e-17,0.00152209393887292,2.42327936921632e-05,4.70031820765994e-20,4.1607492074642e-26,0.00982751660115695,0.0470375425143124,6.16623981294162e-05,1.65452448911865e-21
14017,12637,0.920929476364285,0.00120956270709246,4.11361051442203e-16,0.0205073248921379,6.12772412387157e-36,0.00323535343466938,0.00572397627824512,7.6234569963657e-13,8.89104441909718e-05,0.0325414063003609,0.00957534960479617,0.00618863997345973
12640,16980,0.946227216894037,2.21585349912257e-07,8.77545632603684e-23,0.015913035070929,1.91066309620208e-27,0.0149745007977015,2.20786633086668e-12,4.04982424539691e-19,8.67058481974963e-06,0.0195489316411446,5.14098733781151e-06,0.00332228243647277
16083,6606,0.929367353862438,3.28497685353605e-05,2.38598801956536e-16,0.0164759469372111,2.16430957477413e-29,2.94964572330112e-09,8.96277808292781e-08,4.72713836724331e-14,0.00402536978042114,0.0495289261122061,3.57795866268089e-09,0.000569457383755475
13039,8541,0.933138923614007,6.21870738581861e-19,5.2479982969476e-23,2.31223277340778e-19,8.13887450030218e-47,6.72292137171584e-13,8.39678931552049e-47,2.48653257247284e-32,0.0141134407872613,0.0527476355980599,2.21352550422507e-29,6.02537566416439e-24
10264,6618,0.953370647600107,0.000629355316626848,5.97093352082004e-10,0.000328316200400055,0.000338595368111336,1.90403004149277e-05,5.12656374973253e-22,9.63117559315106e-16,0.000880942404827822,0.0434692185323647,0.000963883581911919,9.8140910430834e-11
17336,9738,0.955381292303387,7.05089630554311e-18,2.00279424999897e-16,2.18280234861273e-15,7.19113527156924e-34,3.6017939799454e-07,5.18476641256038e-34,4.57015077594484e-28,0.0041313976848442,0.0396649967559271,0.000821953076441073,1.61573850645582e-24
10132,10234,0.950470877337931,3.4654571237408e-33,2.00566204664178e-30,1.5587816044491e-34,3.1019410632527e-59,6.72849850765088e-19,7.43158203020336e-42,1.71863731629907e-48,0.000809128477091635,0.0487199941849776,8.3247050923175e-39,2.87719099333516e-32
12638,16016,0.883620924998077,1.55030163098681e-09,2.29553592551669e-14,0.0315858464151409,2.05468548002003e-26,0.0445056029737588,0.000319495380944626,4.18454265973926e-16,0.00262184600819993,0.03083689382084,0.00650832576296317,1.06308975049833e-06
15539,11429,0.94986917620124,2.19394861997426e-15,1.03317043424444e-21,1.07313733795164e-12,6.1115389740431e-37,1.29582718876376e-12,1.99053838600027e-17,7.01472218259433e-24,0.00200900364773142,0.0481218201486578,2.77027190595329e-20,9.55085322540181e-18
11652,8061,0.827377096423503,5.48244112876759e-06,1.30306783725077e-05,0.0510571854139966,2.62483472469055e-11,0.0483100415852909,0.000461382189647824,1.49406702315751e-06,0.0243279302509839,0.0484269721197584,1.13539124699506e-09,1.93836686550195e-05
13882,14325,0.795730385874986,3.02573341818524e-10,2.626732216483e-36,0.120802433433286,1.37028538622409e-93,5.89682876545776e-08,0.0203873676469885,4.10858559295086e-07,0.0247698496659355,0.0206627473701161,6.11163863213921e-47,0.0176467458792683
12086,16981,0.939560132105187,3.68849184453206e-08,1.15194271216062e-26,0.0473961500127808,8.94884436170648e-83,0.000729211490593837,6.63467013205869e-05,2.47772896302542e-08,0.000662414036665296,0.0114870947590308,6.5528984544735e-06,9.20363337590743e-05
10696,15055,0.862339974586602,2.79465495539185e-07,8.5368015763875e-17,0.0559444065010452,1.65161875153936e-45,0.0635859961555273,0.00966191620519048,2.3282791153339e-11,0.000166644853934841,0.00824897470151816,5.13292133009101e-05,4.78294102408061e-07
15821,13839,0.921279301029583,4.62000648926488e-10,2.02436401515982e-07,6.27892084729726e-10,0.000791546014814984,0.0268288954784602,0.00684081291149351,6.44474599209775e-17,0.000433395773769288,0.0350338871079636,0.0087919563530633,1.80455779894063e-09
9848,6860,0.922157719655755,1.32000827550406e-06,2.66220355853396e-18,0.000477472761438492,1.76250081090634e-44,1.79059049002123e-07,3.82095968147192e-31,2.80160885407769e-22,0.0196629066793317,0.0577002350091418,1.81890218994549e-24,1.66827008060327e-07
10700,16984,0.969750298697865,2.33073094853245e-14,1.39811376671438e-12,1.7834149818665e-13,2.31547175040113e-27,0.000214745927788907,1.74944357014899e-24,7.98912467802724e-28,0.00109602997717032,0.0269848473929942,0.00195407800258145,1.50295418634965e-20
14995,16734,0.93567391259153,2.05917062477481e-05,5.06622058473028e-19,0.0178702009084262,1.46366704389806e-29,0.0163952586061908,3.13507892333495e-09,6.61068274513855e-10,0.000133089361362209,0.0299060701803011,8.72666177224927e-07,1.83617882101093e-10
13867,7093,0.934692927301541,6.22205982267206e-17,5.90430310199954e-22,1.10556529242617e-16,1.22111039595814e-65,3.67070722150049e-11,1.25371708566339e-33,8.68628142402176e-26,0.0172480282652573,0.0480590443964948,1.38062528411715e-20,2.27815259983038e-19
11646,5168,0.946406988635426,5.00873220416348e-23,1.99590626893194e-19,6.09415507000839e-22,3.33813183337348e-30,2.19470007511986e-12,1.02617484011955e-47,2.74560247632123e-33,0.00739689145615531,0.0461961199062241,6.31274608514404e-23,2.80922946178448e-25
7784,13855,0.914523473437511,1.15030394615087e-08,1.24478943327709e-22,0.00515463159988684,3.68553397060488e-46,7.38879480839807e-10,1.40239184620615e-08,5.75070125676743e-13,0.0289658380816469,0.0500304011169331,1.54648700867029e-20,0.0013256294976099
10816,5652,0.930767780136564,2.57801555744501e-09,7.22468454107643e-08,5.92262616275079e-08,0.00275423614522423,0.000395884040772621,1.17119162598848e-12,1.55406715126694e-17,0.0131247450554369,0.0529572050206012,1.55491070354492e-08,7.24011850870587e-19
10266,7582,0.937623866123743,7.01739222005063e-07,1.79472641354255e-17,0.00227703657293416,1.41200667375282e-33,0.000322339430945363,9.12997283203104e-13,5.96509842998888e-15,0.00166399827959755,0.0541514310639349,0.00396062678743201,1.27188803044753e-12
10281,15297,0.835189817592679,3.11823029801298e-06,2.83936528010899e-18,0.0812142350253935,3.0918139676135e-31,0.0345832609326773,0.0127240339140143,5.33178709297555e-05,0.000865398447572882,0.024220682450122,0.00932966798517593,0.00181646755113765
15392,7331,0.950651540546714,0.00464668937979321,6.45546647731854e-11,0.00148155787962699,2.29422565966302e-28,1.42522733900123e-05,2.74758757791464e-10,2.34976266908095e-17,0.000576557414563141,0.0357544189212709,0.00446964567880219,0.0024053375665258
11253,16500,0.950224248435771,7.89255710792383e-12,5.33475618213029e-14,0.00137639525031471,8.11318946637777e-41,0.020033328665239,6.59817540959345e-06,9.30125412669028e-15,0.000968125252795472,0.0273913042124827,3.16602085843048e-14,7.97474933850965e-16
11810,17464,0.970626521467978,1.6291051841319e-09,1.15160027947596e-24,0.00916573287812982,6.43645123565556e-32,0.00011243318041849,0.00529932041895237,2.23532201145986e-07,0.000110952480085459,0.0146842343557472,1.73727947977395e-11,5.80040009422561e-07
12492,12399,0.903719115139813,7.62304331923887e-20,2.44389433932972e-16,4.50310592575212e-16,1.68478168549055e-08,2.15102070237132e-08,5.3331253356554e-27,3.44672759020431e-16,0.0463185650699154,0.0499622814322465,4.08344754855799e-16,4.53630365825286e-25
14580,16976,0.925135065646584,5.53055658892653e-13,4.60081274543273e-11,0.0131274410648875,7.42676942062107e-77,0.0471509213378001,6.14715920809598e-05,2.95530998866512e-17,0.00503351241078352,0.00949158765442751,2.46865653605398e-10,9.09079765253202e-15
16360,6605,0.842991878981922,0.00173857961646951,3.42951413578507e-11,0.0571200184221597,1.50354177293229e-18,0.00726669003268602,0.0194703616821037,2.06654721801744e-09,0.00158036361917352,0.0563529801259739,0.0133692472024513,0.000109878216218265
12894,5407,0.95579668725619,9.72010509574851e-12,3.63600719729881e-14,0.00127595802573476,2.1519550186955e-44,3.99792229534731e-08,9.24036152422245e-22,7.60865853121764e-15,0.000513446778414082,0.0424138679463868,2.41621759287833e-16,4.28736877613425e-12
17763,15282,0.938976884071081,0.00603021153953633,1.10335790599727e-10,0.0175143021528603,1.10887900261863e-29,0.00930556058225688,0.00192844913563099,0.00281549071181019,2.58366496653086e-06,3.0253517258811e-12,0.0234146443002024,1.18737282941554e-05
14574,14083,0.978911337491212,8.21314785814831e-16,1.03364184388328e-14,7.62680919743205e-09,4.41543691560201e-39,0.00257919099062754,6.25714020710971e-05,1.44276432739415e-06,0.000635344901427759,0.0174372043898109,0.000372900433703204,1.84895848500834e-18
13182,10710,0.949221893073337,2.10064972839523e-12,2.52919071506143e-23,0.00206248495895143,4.54323981889795e-63,5.34512998416848e-07,1.75555218693141e-31,7.35488112565729e-25,0.00730434921861963,0.0414107350318944,7.35888039635066e-14,3.20202487138395e-09
14835,5885,0.947984745565191,6.53324861167215e-21,2.28187002217771e-23,2.80619664199442e-17,2.07156495066057e-51,2.36241613838918e-14,1.05172463086894e-45,2.68750700253665e-32,0.0030710286698999,0.0489442257648852,2.28467487399621e-33,8.38276708684984e-22
17477,10943,0.972631290756739,1.47971941351431e-26,8.76723702955158e-33,1.30357211323503e-17,1.66813939867255e-67,1.21990488674205e-09,1.75427824257372e-40,4.03048725626251e-36,0.00054671560397388,0.0251610561692728,0.00166093625010985,2.03964936593884e-30
8888,11442,0.937424946541064,7.65447914309161e-17,5.63231474181792e-21,4.5366789087118e-12,1.76443025762292e-34,6.01782682284636e-11,4.86173944869985e-50,1.71909949019879e-25,0.00483827716045747,0.057736776233761,2.20517215270765e-15,5.65457532106955e-27
14281,6369,0.934856547342724,1.20903399834416e-12,1.73706007294546e-20,0.00300215584160003,3.71681265331454e-31,3.03925190973258e-10,2.36280694267356e-17,1.9766571175078e-14,0.000102284523170387,0.0620390058703844,6.11696616823912e-09,1.11102956907369e-15
11669,16259,0.923624085333883,0.000384512386273311,4.61899804374888e-12,0.0256175054443743,3.28593581490967e-26,0.0305653069541797,0.00927190122623371,1.74229401402092e-10,0.00109555284745495,0.00943354705060924,1.48172019399933e-13,7.58857799540175e-06
14431,11913,0.045709450802736,3.13501499994274e-07,6.1556589308659e-33,0.672031732794762,1.89779990060941e-37,1.27621465690631e-17,0.0565806977623075,0.109415104373257,0.0623073048405291,0.00707884519934763,2.87278741468305e-38,0.0468765507255598
8889,11925,0.931828076532801,2.1535305606089e-18,9.10951347859788e-23,3.49789999743127e-12,3.34273753318451e-49,5.60689799229023e-14,8.3786849703278e-40,9.76193107472967e-25,0.0150478667105919,0.0531240567530527,9.68725845331778e-28,1.7679524635615e-16
16237,14080,0.901425505334614,0.000607008953732704,0.0122419463679787,0.00213533219861624,0.00352335870467265,0.044227781550967,0.00011228858215787,1.86960524394133e-06,0.000605975840935353,0.00995442245639255,0.0167922591421888,0.00837225126249982
11665,14330,0.0483375619202842,9.14629568368037e-05,5.07946014080889e-09,0.445964930406787,2.81915503305184e-18,0.198233570734523,0.0848829935641026,0.00242325086287534,0.0118385413120091,0.060126368990879,6.33750729731192e-12,0.148101314165905
15957,12634,0.891921266480682,0.00849877790434893,1.24020611478668e-07,0.0195835903596523,0.00767021633205279,0.0195951790255744,0.00535085242857952,6.79206549626452e-06,0.0012931457857649,0.0405556984071601,0.00545007834605845,7.42788440187376e-05
14561,7815,0.958140542144285,2.13667501573641e-17,1.83770924353226e-15,2.39167870862621e-15,4.82566368739214e-34,0.00025327235582676,1.35452964866212e-33,1.9226745972457e-24,0.00430527079229706,0.0373008245590258,9.01485609523583e-08,1.88842073146503e-18
9451,15781,0.9220696912647,9.69021019903088e-07,7.39531718007676e-20,0.0424523174150946,9.24887315028306e-14,0.000441483366791096,0.00018566037315336,6.04685322801239e-12,0.00108965017020392,0.0301977977134052,0.0035624265026828,4.16680985409738e-09
16374,13356,0.978017157013446,1.56363764251469e-08,1.06452418301997e-10,1.57012385229772e-06,3.04598104322481e-07,0.00299258233026862,5.97449389893027e-18,5.33467173792461e-19,0.000185329763946992,0.0188030404031493,2.4404011070413e-11,1.21280216356269e-20
7912,8310,0.925539708489868,3.06485129989371e-16,2.42649434178932e-27,1.22671089650381e-15,6.92501233528396e-52,1.13334947397355e-18,9.92736650311197e-39,1.03439263618365e-28,0.0108821024243548,0.0635781890857755,8.34993607062272e-42,1.20979593140872e-20
10261,5171,0.931972447649258,2.58542140323384e-06,1.32008143718916e-15,0.0132012710147574,6.54908897664284e-29,2.65854344749194e-07,3.51753736139062e-16,8.07131649259452e-13,0.00177721428944752,0.0530437122777666,1.37490660304137e-07,2.36600155296929e-06
14856,16493,0.960115552937551,4.28089026844631e-09,4.57864722200446e-20,0.0186375840195151,4.1066160284259e-51,0.0162050544626215,3.875916176604e-06,4.61881050188628e-14,0.00013020339128835,0.0049076945748786,3.0408375801023e-08,8.65601133554266e-12
8477,13613,0.931671601424788,3.72343734354702e-15,3.66834321303453e-16,1.98457517640965e-17,3.13646906138723e-20,1.50810301654821e-09,1.95717764782158e-46,7.40892354723256e-26,0.018498493710365,0.0498299033567398,3.64622801531525e-24,1.14059179082191e-24
14971,4680,0.929078047129955,0.00504998352208515,6.02435728809712e-10,0.00258288943071393,5.63988698418067e-20,5.6312704465382e-05,0.00616279705856073,1.56553454774021e-10,0.000831111768856718,0.0465376450193504,0.00970111416311647,9.84439069857989e-08
17892,10219,0.942779175965993,1.70750025497737e-09,3.64530970674304e-16,8.69846242164524e-05,5.73295931486011e-49,2.50100613453638e-06,6.35270848911795e-10,2.11758543389974e-13,0.00390307349921558,0.050998343754053,0.00222991833517971,4.72224837578375e-10
10003,14815,0.909465040962414,0.00659963196141726,7.33345252849333e-12,0.0397513408198212,2.33190230425671e-05,0.00901557089549681,0.0027712645045734,3.99647610796251e-11,0.0088730907428732,0.0203426922311038,3.40715120219786e-12,0.00315804880855282
12890,3478,0.953876076091403,4.63873317493748e-08,1.81370167511263e-20,0.000585567111010316,8.74409365381874e-48,4.37442019231999e-05,4.26218088935473e-11,4.52017807711712e-11,0.000547653347643201,0.0449468221372415,9.06202057438088e-08,1.54178908983325e-11
8876,5656,0.926923796755723,0.00978614766923533,6.13556800435482e-14,0.00318460864898393,1.20513358151569e-22,1.2767218174169e-07,0.000227495903728663,5.10749925829832e-12,0.000268488421567734,0.0579905153701731,1.04606506910916e-13,0.00161881955313273
11656,9990,0.942982901657721,1.38733477712958e-07,1.35070965131321e-16,4.26640714481208e-06,3.70076117376459e-22,2.64706874946984e-05,1.28314143778554e-10,3.41479328910334e-12,0.000426794857395506,0.0449878283940621,0.00816541759820537,0.00340618153276948
16091,10463,0.934470631486277,1.7810492988633e-08,2.12296350418813e-15,1.06448259325963e-06,4.11875045364047e-46,0.000418082833755243,0.00200730981374791,5.00995266142359e-18,0.000399827344339721,0.0408723244697384,0.0182072627584977,0.00362347900055532
15397,9742,0.96692838377702,4.77625680349585e-15,2.51078522480831e-14,8.09184599276766e-18,1.71583067215409e-33,2.5474888175636e-06,6.03408594483348e-22,1.32854212711819e-22,0.000989482330240811,0.0320760223801035,3.56402378794244e-06,1.25638622408243e-19
14840,8778,0.936638904687636,1.45845873512786e-08,9.82361799945464e-16,0.0130949168144078,2.37631786790304e-34,0.000142950680824636,8.18920227318323e-16,8.19756940320933e-14,0.00346344661032605,0.0419155550456675,0.00474420385936838,7.71709851682309e-09
11378,9509,0.893769255723788,0.0139243816842213,4.18823154911969e-10,0.00332805561066642,0.000776543689767523,0.0289705915088322,2.63860366368545e-21,6.99066609036343e-17,0.00420342161599727,0.0515831955229413,0.0033363002734305,0.000108253951531948
13169,4442,0.962339027419504,1.94129730116907e-24,2.40416273784888e-25,1.76190694509538e-23,3.49430091070716e-47,1.74750051728303e-10,2.60508508303583e-40,1.64501890050001e-23,0.00188398851173384,0.0357769838940107,1.22582818695006e-15,4.95780660190624e-28
17753,9978,0.963366865055137,1.31069249024015e-06,4.55789908300475e-20,0.00122261929799959,9.70177430505911e-36,8.04939461174173e-05,7.9581752583614e-05,1.55480710599266e-15,0.00435187484151102,0.0308271337517959,7.00299689661202e-05,9.06933978497487e-08
17055,7809,0.929314389562184,0.00482768203721569,4.81823348101256e-23,0.00430116923601199,9.57305460785953e-05,0.00151364925797907,1.24967989412901e-10,3.21041199706078e-15,0.00530058613288966,0.0237127222885892,0.0309340708140805,4.98718983974149e-18
10423,16984,0.983390660053203,3.10886076927207e-08,9.97604549933356e-08,0.00145475971528945,7.00884043823358e-15,0.000579974081391092,1.29686827564368e-14,6.07209999061976e-14,0.00138158445006298,0.00912996502212127,0.00406292582878846,2.74687463611457e-16
18588,11905,0.864131773252992,2.66240381667791e-11,9.27896773387028e-40,0.0809974056630454,8.30565518996445e-92,1.19147424729011e-07,0.0398868157679282,2.44389279037027e-09,0.00163820901616662,0.0133456746812938,4.8581016395076e-13,1.46578789372539e-13
12897,6854,0.947492313332358,1.98489792379384e-07,1.51230066735554e-12,5.54449856204066e-06,3.0835622523081e-15,7.57951729908641e-05,7.18087845772856e-24,7.90984431028967e-14,0.00168572632924763,0.050740420239416,1.92086081447805e-09,1.51780637813065e-11
11936,11436,0.956488677399525,4.05629677787469e-32,9.29581498624987e-29,7.27196102494663e-31,1.21676171853975e-71,8.25213232475977e-10,2.67710150825719e-49,3.58134607101137e-41,0.000316350242119775,0.0431949715331416,1.36621473108917e-18,8.46117998823998e-35
10954,5411,0.94096678838694,1.41960771718898e-22,2.93460638259765e-19,9.35858582239757e-24,1.4439481023205e-29,1.97364442904298e-17,1.36194126698672e-46,4.06668404768349e-38,0.00928194863534,0.0497512629777197,1.18848449171958e-37,1.75480966623338e-27
13591,7575,0.921707998091245,1.90039107793746e-28,7.15889469541175e-22,5.13386459847745e-27,4.13174678617185e-37,5.06195981989768e-12,4.19034330383353e-41,2.04618818059086e-35,0.0274657566948887,0.0508262452088045,4.83315552791273e-32,3.78002353409927e-31
14853,15047,0.979162868652733,3.84467148403349e-13,2.66728290132556e-15,0.00263428935984418,6.46084499563158e-40,0.00199693473756595,3.01405429483932e-39,1.33931473187263e-20,0.00158694870074715,0.0146189583540121,1.94686830959145e-10,2.39667526788023e-14
9706,4690,0.934783913511352,2.28370669357154e-19,1.35447382212509e-17,1.72762569435221e-18,1.34450719994192e-29,2.28819110538411e-14,1.77937031062122e-36,3.21373411898538e-29,0.00117505466239114,0.0640410318262344,2.42202721679774e-20,1.14628913076697e-24
9315,16987,0.926982025811214,6.31132977950903e-09,1.0819056115421e-11,1.18590139194994e-09,2.06809361918043e-09,0.048821610968548,8.14470488073307e-08,1.32429966787805e-23,0.00114507041000599,0.0230424612627352,8.74052430407946e-06,1.92327993342931e-17
9866,15539,0.760302420404389,0.00225677257902299,1.52403893103242e-10,0.0908445394477404,0.00214973896981688,0.0588777020060988,0.0390297596841752,5.69167228670135e-12,0.0104776780969805,0.0360610477360709,3.34811759624246e-07,6.10584977309550e-09
9165,11442,0.904860154187685,3.95996886723508e-24,1.83329390635227e-27,2.95313132357253e-20,1.0729573690103e-52,4.05289602770073e-14,4.65006398233079e-42,1.7886375672608e-35,0.0162905008644367,0.078849344947838,9.20691636567472e-19,6.43955664574168e-29
15126,13117,0.933345258803832,3.0771898369352e-05,1.10074315609985e-12,0.000400388072407637,2.55079121216019e-12,0.0143873035375611,0.00234121024431231,6.59728523060516e-13,0.00211888634856727,0.0316902225925141,0.00858385973793471,0.00710209876019027
16377,14803,0.955250158938026,0.00526132740152931,1.8890269181386e-16,0.00732075056026643,4.69093065785838e-20,0.0190844531339476,6.92527380673426e-14,8.39716903326382e-13,1.23554290745617e-05,0.0119186648711227,0.00114371797295167,8.57169217216625e-06
16509,11668,0.93622992503484,1.9751815253912e-06,2.51935065114649e-12,2.89715275929491e-06,3.17147724728076e-32,0.00393623944921999,6.5144786515734e-28,3.56197799472185e-17,5.50136485811468e-05,0.0505893420379331,0.00917216364907001,1.24438435519871e-05
15527,5643,0.947877345227821,4.23277318039179e-25,8.13874156019886e-28,6.74139744114153e-23,9.56135883195246e-77,3.8961620540382e-18,5.68011666961073e-29,1.8599382002615e-33,0.00054485566272657,0.0515777991094524,1.10633483563565e-33,7.69233439389004e-23
15121,10706,0.950200114922136,0.00238412737262703,6.04870134740662e-14,0.00659525198271161,2.21548214195067e-06,1.33446911511319e-07,0.000152210133834102,1.27289486363084e-11,0.00305230884563255,0.0376032510264039,1.02421513004211e-05,1.44623511033202e-07
8049,7587,0.950491640948681,1.29004821016899e-07,2.26980698826509e-15,0.000131207806303823,4.12851417488711e-29,0.000497896928526829,1.17483119898472e-28,8.26781413600658e-24,0.0037381311311004,0.0449834626058657,0.000157531571911366,2.7877856622407e-12
18171,11183,0.35442302119014,7.5675068886799e-06,1.53939973080576e-29,0.276622762405851,3.45929362453592e-34,1.21561398009365e-08,0.211491988335141,9.26181792745564e-08,0.0948937273122825,0.0523562873585292,1.25230129297515e-14,0.0102045411168353
13888,17218,0.743126975870969,0.000852104836343357,3.27070043870054e-11,0.0274300452180472,1.12453105962608e-24,0.155914193521592,0.0110612133786029,9.10255452158663e-09,0.0120924591537475,0.035540967128872,0.000851419946002416,0.0131306118105618
15269,15287,0.915153240091779,0.000438184538240015,5.79840979657926e-08,0.0203977829784796,1.06857541268333e-38,0.00235243577407001,4.84492449900392e-14,1.50366401178014e-13,1.4959081690162e-05,0.0392349518908567,0.0223286536287535,7.97340318348068e-05
11789,7338,0.955506414560966,1.11231641006558e-21,2.4288326599755e-22,1.09220069578708e-17,1.02828750091795e-30,2.50204256053335e-12,1.17951718694507e-39,8.89704402564401e-34,0.00777956926409076,0.0367140161724416,1.10482040749476e-32,2.78271811374931e-26
13334,17702,0.98880581878456,1.6365951975323e-23,5.00516941804921e-29,1.29385385365281e-20,1.8573289557098e-64,9.04524906003933e-05,3.93607997459692e-12,1.57610751843403e-24,0.000843273122697271,0.00914223506948693,0.00111822052871924,2.50946943235972e-20
16787,12150,0.949360976757703,4.78693300790017e-16,4.47864527261888e-29,3.28639218463716e-08,1.34460680047806e-58,9.64210013717755e-14,3.27134018048132e-40,1.1603007638027e-28,0.000393756770244878,0.0502452336032169,9.62581584861695e-21,4.8168280232455e-12
9859,12164,0.947328148405715,2.75726916857077e-27,2.97279667220388e-27,1.43145728924796e-23,7.04967905264802e-47,1.16748657190172e-12,2.66316556422178e-37,3.36928990133853e-40,0.000318756453062756,0.052353095140055,6.54113208163529e-17,4.44318465120042e-32
14704,9984,0.873164128733096,0.00219066527970189,2.14055312445618e-16,0.0402787896658681,0.00148953691065187,0.00342814215250905,0.00536274853298485,9.21082804357631e-10,0.00570925482975495,0.039868993004959,0.00627217094792364,0.022235569021468
16918,8533,0.945473077667129,2.63150056568376e-24,2.23592299366566e-26,1.28642389181737e-14,3.98350309196642e-73,7.40198304510045e-16,1.59173899159004e-46,7.55232919791533e-32,0.00437837781444913,0.0501485445184086,1.25280026937992e-31,1.36269739639653e-26
14993,15770,0.938778300288349,2.93129601148001e-09,4.15221248114797e-11,0.000173814987417421,1.66049376108055e-28,0.0265935976782531,0.00392468005592856,9.08953676077836e-09,0.00392437146236483,0.0250904369376292,0.00151478652770129,1.63831069016679e-15
9444,12406,0.934807256905204,7.07980155557386e-07,1.07374248317922e-09,8.31968951847783e-13,2.38516903198194e-12,0.00462190166044354,2.69341432756653e-19,6.33929837406754e-22,0.00315701514872105,0.0574117973844682,1.31984404806999e-06,1.97547063400874e-17
14703,9502,0.957595025138519,0.00138607650537558,1.46657770395982e-07,0.00444142118397051,3.70880982737295e-19,0.00317938894007197,5.54019454895719e-17,6.65386423811542e-08,0.00434001941574427,0.0290578080189299,4.70757894398671e-08,5.25186549063057e-10
15960,14080,0.940506246732475,9.89479728875239e-05,3.22408105277709e-09,0.000428495001294636,0.00393693426483569,0.0089507003836525,0.00503699306843578,1.4329566288694e-05,0.0105459461484393,0.0208661920203628,0.00961520916865179,2.44859519818942e-09
8475,12649,0.959710402840466,1.00664158086893e-25,6.4021511991973e-20,8.26314705046025e-24,2.82980873593426e-41,3.75448834338295e-10,1.54347305420672e-42,5.24765303801137e-27,0.00605997343094486,0.0342296233531402,2.28252259182779e-19,6.65035594783242e-29
15271,16251,0.961303116451323,2.89519694413223e-18,1.17631156669569e-32,0.0189594935445111,1.04607613459663e-86,1.79714947194194e-10,5.48739063912915e-05,5.71877820486194e-20,0.00311772717220546,0.0165647887413695,4.48474770219507e-12,6.11633592586573e-19
14984,11430,0.939501209891971,1.77005525681125e-05,4.52487665402568e-14,0.000103376629819001,1.21682369896036e-13,0.000620703681060929,6.40717411641463e-10,3.13140006147025e-16,0.00815152847013468,0.0486721939942043,0.00293233549294983,9.50646407542099e-07
15669,7330,0.948799742351335,4.81964087582355e-29,4.7006135740608e-26,2.2360823731819e-23,2.38455406564964e-65,1.16397352880239e-14,3.23642585502734e-31,5.35867776191744e-26,0.000774072136367753,0.050426185512286,1.48370329517119e-32,7.58625037815032e-33
14579,16494,0.975067029956621,1.46678742256655e-15,2.4385564187011e-26,0.000124536296738196,7.15919116707006e-87,4.27351422664003e-09,7.00915616669763e-17,1.7424304098011e-18,0.00017817497621807,0.0246302544969067,2.86533749420196e-38,1.06273894853778e-20
15804,5642,0.742921108209367,7.38416118986845e-06,4.20952255616765e-28,0.0756352797037319,4.22332058934179e-45,1.06129195916237e-09,0.0729780348901018,2.15039530841205e-12,0.0334121973388155,0.0750459354127405,2.7048195087667e-19,5.92206109485639e-08
8749,11202,0.940613654493717,2.22077116742397e-14,8.51874636336945e-26,0.00145083697009509,3.5034633257688e-46,3.53741498204038e-13,7.62595594787339e-23,3.38004929391979e-20,0.000286008289479535,0.057649500246331,8.15822847765417e-31,1.66774875112401e-15
13725,5405,0.958052878273172,7.94491851055847e-24,1.99434499107215e-23,1.13877230768995e-26,3.55946130647718e-32,4.75481471448752e-09,6.46360961197928e-30,3.6877115764836e-32,0.00341392523019509,0.0385297992263517,3.39251546694186e-06,3.35333482527616e-25
14972,5162,0.938062300186546,1.55320800579417e-32,7.90845289181927e-28,3.1135639621059e-32,2.50060488341758e-49,3.13229864041805e-18,3.24780539863237e-52,2.7161726084585e-45,0.00443375499267902,0.0575039448207746,4.03529392112878e-39,1.4401941825125e-38
9575,8789,0.941382066120924,1.20678981228761e-13,3.2169542051637e-22,1.58019468199279e-11,8.78443804422005e-51,5.94251795492435e-05,1.67694570995955e-30,2.12372770160709e-25,2.38677537480929e-05,0.0557723681689652,0.00276227276089054,5.96875144999814e-20
11660,11919,0.91814220915731,0.00617636864286112,8.70902186560578e-17,0.0159190533535801,1.13485364194536e-29,0.0107659818084691,3.47911524289998e-05,8.10830728892594e-07,0.0025746716467243,0.0463821582492879,6.69475931481509e-12,3.95515191443242e-06
11394,17223,0.965128829298116,1.28235944775371e-22,2.49054085840538e-22,1.05690198300543e-20,5.64988461738065e-65,0.0141735257027616,9.49007835311054e-07,1.59272234503659e-19,0.000631484461177451,0.0095761202015148,0.0104890913285944,8.72451501886701e-18
11229,4446,0.930092599049288,5.3531727215743e-06,7.06747224833022e-09,8.94692677765652e-06,1.11242296685216e-08,0.00870998822646732,9.21854201908488e-18,1.7087310754649e-21,0.000427128333124054,0.0541390053758347,0.00661691343829731,4.72857878806893e-08
12914,15533,0.936585802056552,6.67382311378262e-08,8.11590334939104e-20,0.0210681038787483,4.40424292625511e-61,0.00437287532777681,0.0126024009740933,1.03532998430481e-08,0.00695251223693978,0.0181373920960012,0.000280836336488542,1.86882805598558e-12
16789,13114,0.981362302851249,1.17017831005723e-40,1.64154937212138e-21,1.22566813135729e-40,6.9430669549467e-42,5.53507290273023e-10,2.05697512848837e-56,1.70680782363083e-52,0.00124725008656741,0.0173904465086759,1.31468329303466e-18,1.07189367622905e-54
11108,12884,0.620191811835974,8.92404382315648e-07,4.68045052898708e-08,0.118654912158329,8.41241996974848e-18,0.178288953549624,0.0213141325471235,9.82838029872634e-11,0.0205732475727013,0.0409589439814618,1.44491941380001e-05,2.60985347624776e-06
17486,15282,0.922342395608721,5.55888092230303e-12,2.19085814630981e-15,2.3437560329103e-11,4.26146205047079e-22,0.0106384031315649,0.0122280317234586,8.74025129927135e-30,9.5844828027788e-05,0.0473481645519756,0.00734716012725367,4.45449512595184e-22
9577,9753,0.958385329071848,4.52566304513902e-11,1.64573951572247e-16,1.09150792386622e-11,2.69295870974092e-09,2.25000484628101e-08,1.61163843617528e-28,9.76875529122367e-28,0.00206783314854939,0.0395468125304237,1.27955416508721e-21,4.60859605552859e-19
13873,9986,0.846206747570757,3.17250014812645e-05,7.20195118144647e-18,0.0688390825592745,4.50817800487233e-52,0.00701347661292014,0.00683525171631477,2.31636601564912e-08,0.000424495623399976,0.0521563325952337,0.00019384848750339,0.0182990166694554
13037,7576,0.950137871688885,1.84753701410794e-21,8.29390923370616e-19,3.16046796661953e-19,8.15174406437464e-18,7.7151659044575e-14,7.99257302772133e-41,2.7307198741447e-31,0.00548224319195293,0.0443798851190846,3.99244570823468e-38,7.2618355039126e-28
12633,13605,0.90814971940215,0.00602118330832842,7.04390628651776e-14,0.00897432491243855,0.000957682923238243,0.00416924307716857,6.46307722617221e-11,1.91002350806614e-05,0.0275527946382418,0.0441539518866292,7.30266710119901e-09,1.992249355908e-06
16917,8051,0.880433806654222,3.07078424362323e-05,1.06094663361579e-18,0.0390494394252635,9.36761176016595e-36,0.000125378131759647,0.0183486247444894,4.57173949210527e-10,0.0032276610113227,0.0464731499232667,0.0121238762457228,0.00018735556434339
17615,10219,0.947954334197294,1.57631005092739e-21,1.29762596872632e-25,7.03942297406543e-24,1.31897800570806e-35,1.40952658414291e-08,6.34425744177777e-41,2.35730746075914e-36,2.56110892406709e-05,0.052020040617778,4.21043307279865e-13,1.23974422213908e-28
9860,12646,0.930018519339061,1.7423355421153e-11,1.29499876104899e-18,9.9976635674424e-12,1.16907378383234e-23,0.000101560438335157,6.99157472891727e-16,1.36567360546226e-20,5.68408505157993e-05,0.0463123777781744,0.0235107015664916,2.17227424054503e-18
11385,12884,0.437375587146539,4.71616597853906e-05,7.28497057455758e-18,0.245120278586023,1.04602854989201e-43,0.147509580745635,0.0225934728741296,0.02028288829457,0.0338738831787726,0.05103693853813,1.31344112165559e-13,0.0421602089762849
13331,16255,0.943964669539659,0.00570973831081774,1.25756851011529e-10,0.0108889544667804,1.73324787605817e-06,0.0109467667053155,0.00253575333036183,7.32600187709354e-05,0.000642126685166013,0.0222811885251889,0.00295580883805352,2.06253711668641e-10
11532,16982,0.956742428549505,3.76645676359483e-07,1.28919489245615e-06,1.40087332035435e-06,6.69830897005877e-05,0.0180905963470188,3.92768407022217e-23,4.31606553645251e-20,0.00253205592247201,0.0225054445487746,5.94248286357931e-05,3.55724795213316e-15
12636,15051,0.88818237351412,3.48233901732105e-08,1.36029681779232e-23,0.0418589486863567,9.74927201305309e-31,0.0243776767984015,0.00384584637232049,9.92814586792689e-10,0.0242751769648134,0.0174596771138279,2.2247136408475e-08,2.42486818585814e-07
11529,15536,0.830820759502647,6.78619687940037e-08,3.96243675982903e-13,0.0694823812652875,4.06892427848044e-20,0.0606658709830005,0.00131581166647569,1.8457495953779e-06,0.00116009633212913,0.0349050093518712,0.00164815271699882,4.56963000866699e-09
13460,11192,0.214388533273493,1.13963212556725e-07,9.80040146527481e-18,0.327357305307422,3.57437277857511e-52,0.197512530949511,0.0636056504873079,1.0886200134984e-09,6.59953783058438e-05,0.0898588592938351,0.022647465990739,0.0845635442675525
14005,6851,0.951922495785924,4.49270228432465e-28,7.27479430681625e-26,2.1824864588638e-24,6.63444187260347e-72,2.60432202921315e-12,1.10940328905802e-30,3.42115286955231e-32,0.00350813756047521,0.0445693653765469,1.27444914610753e-09,3.71926667592739e-26
13328,14809,0.515696292670395,8.26461784152255e-06,1.10863502579721e-28,0.274523384929645,2.78773222639406e-44,0.0358152426348334,0.0870613225926968,6.90472181789553e-05,0.0332765659124819,0.0453212024686865,1.50510447650102e-20,0.00822867695524088
15541,12875,0.966251215096868,5.46228721596571e-24,2.47881415458149e-19,2.72234658668852e-20,9.2750620870069e-55,0.00135411079866831,1.82278468157092e-20,1.65475420982429e-30,0.00694569420837023,0.0226217550192284,0.00282722487686503,1.99515476977122e-26
11393,16741,0.994353061944085,1.90413453325235e-29,5.6828722097069e-19,3.94882594945666e-30,1.91984425456895e-36,9.2978623521827e-05,1.2860678433031e-33,2.14698028379723e-34,0.000614262671283838,0.00493969676110881,3.62563748563857e-18,1.94816219561444e-41
17210,15765,0.97826023644594,6.49566002687744e-06,5.98815304179337e-13,0.00233255963130176,8.88925860881864e-22,7.00285970631231e-06,7.26737001491008e-10,1.15743758284182e-10,1.83526144429669e-05,0.0163448032316419,0.00303054852396986,1.89890650190573e-10
11095,6616,0.92180346595987,0.00178746326269217,2.96652761935923e-08,0.0236374800550055,2.61974376431009e-19,0.0207612745413256,2.12629953999742e-20,9.24616235578992e-11,0.00174583736058895,0.0302614282264645,5.05249219221786e-07,2.51558709645523e-06
14300,15530,0.972889494252803,1.42920432380282e-21,3.5267091181685e-22,7.50197235812993e-18,3.60502985101772e-33,3.24072106814753e-05,2.86025028454506e-21,1.91787459106795e-28,0.00353971829446417,0.0235383801989718,4.30792710723913e-11,2.93985107512477e-28
15394,8295,0.916524365011782,0.000230001910769784,5.41974478808875e-11,0.0203492617818823,3.56979577414191e-11,0.0032668591750871,2.39921119643294e-06,1.0750221131192e-15,0.00131849100613127,0.0520156911291519,0.00607697554783234,0.000215955136270561
8884,9514,0.938082346095878,2.84603553633839e-13,1.23586042257946e-20,1.52460787604755e-11,2.34126731376544e-37,1.34798482668333e-09,3.02181907764777e-25,2.44749278460631e-21,0.00973621357356074,0.052181438967039,2.93876995666618e-18,6.93030823739117e-15
9296,7825,0.940928694707011,4.98660261897667e-23,2.23727003255475e-21,2.75104077398043e-24,6.01708972268616e-28,1.11943242815175e-10,3.44106144103983e-21,1.09618225284764e-33,4.94797918831083e-05,0.0589748868421883,4.69385469742572e-05,1.21712715898426e-29
15532,8054,0.944175067047148,5.03757082974154e-10,1.2137220483386e-25,0.00234343687373038,6.31872321637513e-84,1.04540222504672e-08,8.23500382718251e-20,2.74167095419876e-22,0.00298251638331964,0.0502901350565433,9.21057634694866e-10,0.000208832760421424
16242,16490,0.982008824734811,1.07476270041078e-17,4.92145917918859e-20,4.13127247173226e-16,2.18477692701643e-39,1.87193156746957e-08,5.83168781577485e-30,1.31228567246176e-22,0.00155518418059753,0.0164359723652754,1.72749960641128e-20,3.16805608243769e-21
16085,7570,0.946008009552963,3.00508121150217e-13,3.16294695773033e-22,9.29958960447852e-08,6.58079376323371e-85,2.65765960232838e-11,1.43966501653745e-28,9.41579634190362e-25,0.00454506501653258,0.0482203297460214,0.00122650266168084,2.94290511075514e-14
12481,6613,0.952121290559848,3.24789587709869e-06,8.03657861842597e-15,0.00185265106789922,3.70188092931106e-17,3.99718312998136e-09,3.26794629804086e-22,1.28409837454493e-18,0.000220662512400803,0.0458021263512669,2.8597425427587e-19,1.76155166917022e-08
11514,8303,0.825509315964353,1.2352962218029e-05,4.33454420177536e-15,0.0593580294211894,1.442804668701e-38,0.0819870322632736,0.00197217302891184,1.47474969861167e-09,0.00913454611767007,0.0198039378163628,0.00132822967441143,0.000894381276855929
11920,3239,0.937682854177238,8.06501185551701e-06,2.98210279061848e-21,0.0103138611524183,8.12048445177484e-61,3.7887696396902e-08,1.52511627809243e-05,9.83865253564366e-17,0.000416525976253106,0.0515517289210681,7.31502129086657e-12,1.16757033745517e-05
10550,11439,0.947677719789374,1.57833723749134e-09,1.24672789053961e-22,0.00596443852832341,1.78813580318808e-79,0.000579735418283171,1.77370391343675e-50,5.67321150444441e-18,0.00534683652152997,0.0404312681614554,2.4375802567827e-12,2.59102369073431e-13
16784,10703,0.855771793986435,0.00768624922165302,3.03585923046988e-05,0.0112460096034948,6.8796216949504e-20,0.0581076728010175,0.000455975474445787,6.75993860766941e-20,0.000904643847991153,0.0582070112096797,0.00757097718456434,1.93080784140346e-05
12083,15534,0.874025997803076,2.19372153136995e-06,1.28620443363764e-12,0.0425573554932825,0.00036771151277703,0.0368503692859639,0.000242765260332922,3.71111982220763e-10,0.0207015487645412,0.0252520572311018,5.52893165191091e-10,2.10154569572234e-12
12912,14568,0.879774957004135,2.52855817925507e-06,1.30121091550951e-23,0.0528506662558455,2.94250287677688e-51,0.0235615225111044,0.0114787709543777,2.6620956110776e-06,0.00118367962452569,0.0187072138403836,3.65862692379983e-05,0.0124014128865994
15689,17456,0.989483815979581,6.99150992177906e-36,2.41499947563293e-11,3.66057553711631e-40,6.18119606107146e-46,2.69545162951096e-07,5.40714558709219e-43,2.95036053982307e-44,0.000100623405353669,0.0104152910457524,8.38941836047777e-19,7.37449659256566e-45
17199,10461,0.961071859689131,3.45118558976499e-12,2.64610090391734e-24,9.76725376276083e-05,6.72926078459794e-72,6.82813946528205e-05,2.07872002983806e-34,3.21997610710254e-21,0.000691045975704821,0.0348293176088677,0.00324182279055328,1.1881539316807e-14
17893,10701,0.95405797567817,7.19762234314046e-07,4.51897675199643e-12,2.31649500109636e-08,1.00028714415771e-11,1.92408264843972e-05,5.73156718178951e-22,2.61536351161933e-16,0.000200459018863383,0.0412088006684319,0.00451278059680672,2.69536734267722e-10
15408,15528,0.934274855114618,0.00456791839035797,3.76819002443486e-05,0.000337786110080348,8.10185171599135e-11,0.0161414264694906,0.0051601060937115,1.42842604743535e-18,4.27378363317617e-07,0.0225166996294298,0.0111641316254515,0.00579896720723444
14697,6127,0.947541076571823,0.000126787016263707,2.25899796843225e-10,0.000222205717777515,5.42814137313291e-22,0.0010760871820633,5.74037423781617e-29,8.46903286168922e-18,6.24515241024488e-05,0.045224341685471,0.00574697818746165,7.18891379643655e-08
11102,9991,0.946055673495876,2.28410446711875e-10,1.71663881582622e-22,0.00749933404246994,2.30289954842561e-41,1.55538688194337e-08,2.47941485377691e-28,1.29610229195424e-14,0.0011615659705054,0.0452832031647726,2.07508922849228e-07,3.51611139731797e-11
16090,9981,0.92861242186319,0.0131378121713841,7.92705027207987e-08,0.0123962814802457,3.97673642464644e-14,0.00871955362745469,1.68120805169401e-06,8.38558934695415e-12,3.821466846085e-05,0.0328838151799736,0.00420913034736511,1.01017494593689e-06
8196,12167,0.944053534426118,6.56355998212963e-28,4.33847434954304e-33,6.14018538874563e-26,1.33060291063636e-53,1.39459477038975e-12,1.73814508879067e-48,1.32108840366585e-39,0.0143748885238193,0.0415715770486608,7.72992083842391e-15,1.21643363874526e-28
13327,13844,0.886897064992715,0.00671775736279951,1.70848485928685e-10,0.00813127560583378,3.16092790418238e-07,0.0613063843949636,0.00470541537317445,4.61704526787604e-11,0.00256457481130445,0.0136615756071012,0.00205963527474973,0.0139560002675485
10813,4206,0.929050083212927,1.30114319392302e-33,1.67946352267547e-22,7.05620336477052e-32,3.33775343948344e-46,1.31326427489405e-17,1.76922242782841e-44,1.97341385593523e-41,0.00754329213923869,0.0634066246478345,1.5307640119492e-31,9.89915003180433e-37
10269,9029,0.92508074680563,0.00257154537942512,6.14915718396493e-05,0.00438718824511571,2.06239648767535e-09,0.0114917752847433,0.000105183304334097,5.21029316555805e-10,0.00895367892327504,0.0473482117405563,1.63318248138963e-17,1.76161655106909e-07
17481,12872,0.914218420842083,0.00823643702282746,1.1711804800501e-22,0.021457380331694,2.86373791450237e-24,0.0217197305749937,0.00174686377558022,1.00203224047565e-10,3.24350675941785e-05,0.0284517757464472,2.68717341977018e-06,0.00413426936515745
11655,9508,0.958260813215372,5.51149098576851e-13,2.8321428933254e-23,1.2357915079426e-07,1.09378859133159e-43,3.60916572430746e-06,1.8765367959858e-20,2.22208496975684e-13,0.00607546902473502,0.0356567396869807,3.24322526700215e-06,2.10199687366499e-09
14004,6369,0.894156363771472,2.23202153874305e-06,1.69347918159831e-21,0.0249310465153469,4.28807319537462e-45,0.0094366762135362,5.06020210080748e-18,3.29776956240902e-13,0.00752454067745192,0.0623691144183214,0.00157995328164595,7.31003572816284e-08
11926,6614,0.964623872445322,3.53878604591556e-09,1.0945806131193e-11,0.00829019011198144,6.57758035787554e-29,2.16958065903758e-06,7.37908667093437e-12,4.62295451049415e-17,0.000175471923382689,0.0269005146042831,7.77777644514285e-06,8.15292332309969e-13
8474,12166,0.942507489617672,4.0285877259643e-31,7.2970312519836e-22,4.15620502561037e-32,3.9461856731389e-29,1.28139739718822e-11,3.08639179763682e-41,7.94439430077518e-40,0.00678876221705326,0.0507037481524606,4.04084379775079e-22,1.47666792123079e-38
14715,15288,0.909253774001854,2.43096635149841e-05,9.74259389855752e-12,0.0361667738060837,1.44691299655429e-05,0.0262441631339274,0.00773904725569666,8.7838319741929e-07,0.00426818577525278,0.0158214036447115,6.53532912222131e-09,0.000466988660724168
14698,7091,0.941862161295162,8.6969302526143e-07,2.89763399434655e-13,0.00631203434685824,1.30327538252366e-44,0.00024064148446099,3.82895051810516e-19,2.5321599463044e-12,0.00102502896566963,0.0496595586184773,6.95203270932021e-05,0.000830185266431904
10827,10956,0.941976257584757,1.27980532549521e-05,1.48392998292911e-10,0.0101595323193053,8.51730047595988e-24,3.87447157239935e-05,1.27631381160659e-13,2.49006534677019e-14,0.0103591514732,0.037453515676848,5.73408474337602e-12,2.26308098880573e-11
7772,7587,0.924957942664264,0.00184513006909839,4.24467400692334e-12,0.00151219315312179,0.00834856144904953,0.000353909797793323,6.07603168382308e-22,8.81084889144701e-19,0.00380654667593967,0.0427789459532394,0.0118664102409957,0.00453035999225359
12639,16498,0.932708544091267,2.14681630554194e-06,0.00017644780256978,0.0236701986078408,1.42885427852871e-12,0.0265299671417533,0.000320043484904965,1.70721542591846e-08,0.00749204736285967,0.00909997968124072,6.07937586657379e-07,8.83647612143501e-14
9862,13610,0.379364399235398,5.3485198481136e-10,3.09530634084862e-30,0.484239521763998,4.58801666254817e-59,1.41272107233261e-08,0.084070870142943,0.011090458124965,0.0374929787133114,0.00251677567947684,5.71368645336687e-42,0.00122498167784471
9026,11201,0.829457704562923,4.66355207072561e-07,2.04450749181357e-17,0.0686589899680866,7.14131609703745e-69,0.00641285726698014,0.0049807235503666,5.46263663214987e-11,0.0132116655316964,0.0576752637836098,0.0074427120125292,0.0121596169139748
9305,12165,0.93948152509546,1.22458337124972e-19,4.33152038086821e-17,4.04993065032461e-19,2.03249165731321e-10,3.05924667484059e-10,1.3267304692909e-43,2.17837638285653e-27,0.0151891119876926,0.0453293624076736,7.7155390918472e-17,6.35648583987729e-22
9167,12406,0.933103704141094,1.80481269718006e-18,1.52423353451531e-21,1.00772904280062e-10,3.93502935836585e-44,1.08423275039034e-09,9.89733086373188e-31,1.04570455613337e-21,0.0262129706181005,0.0406833240557984,3.89288036501018e-17,1.10611814402804e-15
11383,11919,0.893538009418336,0.000287531562395649,1.16470147073617e-13,0.0564577913367288,3.25045613408482e-14,0.00240185223274057,0.00714511086251533,2.32874827773612e-08,0.00453265925446898,0.033551335015052,9.0998992763692e-18,0.00208568703013135
11096,7098,0.944885160031313,0.00254249115290176,8.26383928789342e-09,0.00502850627213152,7.82219776337827e-12,0.00184948684766578,2.32207749020459e-13,5.73861918419351e-07,0.000550141620955991,0.0288834258355336,0.0162535801183491,6.62598733744707e-06
10543,7582,0.928076216326987,2.96207498978659e-06,9.42047187803011e-07,0.0197124057055623,5.90397004569968e-27,0.0174691519437895,2.42603908907385e-08,5.25299329871061e-14,0.000957549710823239,0.0288753686728093,0.00490368935487139,1.68990253643847e-06
17203,12390,0.945421248519273,2.94578149613299e-08,7.06836422521017e-23,0.0147246057573139,4.48586428775973e-57,3.89555347323259e-08,0.00161283453772003,6.85641618990599e-09,0.000264122878620192,0.0379771107225964,5.45969740428387e-12,2.30925069548907e-09
13188,14086,0.951105547907918,2.15629203410113e-07,8.49787057151277e-21,0.00179644771433761,4.80267354666607e-27,5.86596151812221e-05,4.54904909403826e-07,4.50075979900844e-12,0.01303319972161,0.0340029709087617,3.47135108724896e-15,2.50359357422118e-06
15944,6365,0.934390145311254,1.86419755500925e-13,3.75655986610331e-22,2.36583458756787e-10,4.10682593463066e-62,3.90182543388272e-13,5.22830411729632e-22,1.57804913116787e-19,0.0133386475647531,0.0522712058597306,1.05273635418455e-18,1.0271025907108e-09
16240,15526,0.94712367598082,0.000184905405163567,0.00354167620329235,4.81413927749537e-11,0.00291441128866706,0.013676144442973,0.00435404365462618,1.13788989584663e-16,0.000128608571477803,0.0280765344047939,1.96122773645989e-14,2.53866173349478e-14
11943,14811,0.596172434904841,1.85533279125257e-06,1.33496432752447e-22,0.0641663351971041,1.68013983838085e-25,0.130142316603901,0.0388964115376643,1.01917045230076e-10,0.0559810337884159,0.0213775354702707,7.57912511386618e-07,0.0932613191505836
11672,17705,0.870449650146892,1.61365650933196e-05,5.85108192909409e-18,0.000896570062033088,1.51855742969906e-23,0.0591849663842109,1.69530191477474e-11,1.27145511247913e-16,0.00031178598554909,0.0162726752974064,0.0454555759413333,0.00741263960052838
12617,5408,0.939698136244069,0.000153031588680958,2.65600817275292e-08,1.49952729144726e-06,3.64388042309052e-06,0.0244477742445328,3.06671004110897e-20,6.91293381008702e-15,0.00141592984132398,0.0342791032472689,8.54628997420188e-07,2.37324051001632e-10
16641,8534,0.955643428498608,1.63825979128114e-31,1.62578549339217e-21,1.82185948430472e-33,4.80420023865081e-53,1.65513484911472e-09,2.25474527105745e-31,2.61412483190211e-44,0.00323873945118992,0.0411178303923366,2.73036465909604e-12,2.08931381160395e-42
10563,17707,0.851997936729025,3.15617845453415e-07,1.24599552725999e-17,0.00401151458433948,4.21775641467536e-28,0.111278521791557,1.25577559692797e-24,7.47008759345669e-26,0.000113177965997166,0.0319450508855601,0.000653482425675731,5.20573586583135e-21
12223,16257,0.97765859581206,3.18792094570665e-10,2.30212131988464e-13,0.00453616184321926,1.23958930229043e-41,0.000233302729104785,4.42874479265021e-07,1.64402549110437e-16,0.00142602085720696,0.0108579642873457,0.00528751127725405,3.07172182590658e-13
13176,7817,0.928996655624138,2.72951694893987e-08,3.67530127584017e-12,5.59288133618011e-08,1.31375222542085e-10,4.2346096768921e-06,1.11039668027619e-21,1.87826384594406e-17,0.00417436822975496,0.0647203232822505,0.00210433489509698,4.95538624980617e-14
10538,5171,0.943052620668984,1.24000776218434e-18,1.46726501754843e-17,2.31937922834907e-18,1.02665527026182e-24,6.97085284875847e-09,2.83841704880535e-45,4.2790751246878e-31,0.0046588668478099,0.0522878827399053,6.22772448194439e-07,1.36480837508934e-23
8742,7826,0.923492497326628,0.00555700711716495,2.20001586663693e-12,0.00832366478534173,9.81113776074028e-20,1.38305215501371e-05,5.96346485947011e-17,5.16172304964691e-17,0.00186067888749673,0.059737332769838,0.00101144495626092,3.54363351948071e-06
17612,8773,0.725656851270557,1.02099345312151e-12,1.69405999869629e-49,0.152381831455752,4.81244387491527e-99,1.28723400927676e-28,0.0886770742955577,3.58945678855714e-11,0.0160787814436828,0.0172054614594056,8.70607588010166e-62,3.81291774697897e-11
9017,6861,0.937945029469827,0.00200477806692543,6.34477503914675e-11,0.000600309407581838,1.50018066983011e-08,7.25413021362099e-08,6.40334489413437e-26,8.19546099179177e-15,0.00269371373048438,0.0438001937285125,5.79023945173554e-19,0.0129558879901043
10677,5411,0.945749969684796,4.90966636264505e-31,1.02463491025002e-17,2.83332120903882e-31,1.33430371886245e-50,3.79767953723266e-10,8.27677401880513e-44,6.39843302335582e-40,0.00671494518724705,0.0475350798239056,4.92428378497933e-09,6.68726380850806e-39
8621,16747,0.928538929275315,5.74887609030887e-12,3.85547671589166e-26,0.0424883696136495,1.19973501237166e-34,4.62548370492406e-06,0.0216747375813137,2.05640376040633e-11,0.00729333801970053,1.86044539034995e-21,9.7628450098924e-27,3.24474621642415e-15
14849,13118,0.376449463787797,0.0127801431882589,2.14573381671014e-10,0.120909997392694,3.44839939446672e-10,0.187233548240773,0.0442384964622717,2.67608852765859e-07,4.06764357314569e-05,0.0653469097415025,0.0364831991959941,0.156517297386711
10123,5413,0.937912435082836,4.30147276717587e-17,7.07072574239213e-23,9.54413205748018e-14,5.66571942861236e-68,6.55276212142615e-09,1.81404938977599e-40,8.96997734551925e-26,0.018395468075455,0.043692031766656,3.8787761659442e-08,1.97344335821377e-08
9582,12164,0.939033280191214,5.814220857162e-30,1.5518941257935e-21,7.75298972368766e-34,1.59071199152677e-45,6.41442986463595e-12,1.30445622693372e-30,1.53389212529075e-37,3.7152285589868e-05,0.0609295675106512,6.13094098552317e-12,9.03817263927385e-34
8881,8067,0.919977238901843,8.21189563262124e-22,1.61405313516632e-38,1.08601419304282e-10,4.36334764423356e-78,8.64473351663808e-21,2.32536571622355e-44,7.46050435693665e-25,0.0216007524036265,0.0584220085859289,8.87551775942155e-52,3.18112540962751e-22
11651,7579,0.939377060093409,0.000344890635706909,1.52607860589358e-06,0.00347258799044871,2.67913361854916e-11,0.0168272987382358,1.75918808801124e-23,4.94331479654809e-14,0.00727308658181292,0.030241500922186,0.00246118907893343,8.59853820566884e-07
15262,11912,0.918374539955197,9.02192662300888e-05,1.29713643869187e-15,0.0262344460366648,4.82071233969115e-35,0.000391373364523562,0.00481998851698384,2.27139801357527e-06,0.000603511078165754,0.0494836480249219,9.51500985903933e-10,1.40779723740517e-09
13040,9023,0.925698634890328,5.93990209487068e-06,5.23737095046545e-14,0.00294722028242856,1.39736362163533e-41,0.00195698660508847,2.14760217041334e-25,3.22687521852035e-12,0.0146824338652977,0.0546699756497756,3.88081451814909e-05,6.56526100615111e-10
14142,6128,0.948000392195451,4.8857720362689e-07,1.4526268029304e-17,0.00454654592016907,3.15752069056804e-45,8.25013516274726e-09,9.81194263590424e-15,6.11715249797317e-10,0.00042624441077939,0.046722326150708,1.30751029668507e-16,0.000303993883828615
12487,9989,0.916705069045063,2.10682369876969e-25,7.20527712073631e-23,2.91869064757191e-25,1.39350111493421e-39,2.1896879697717e-12,2.62951450267189e-42,4.79030972028451e-39,0.0383552083446227,0.0449397226081243,7.76249416464675e-29,2.36181626721256e-38
17066,13113,0.987894956959594,1.10594745941621e-10,1.04467312724236e-28,0.000116665396703422,5.00785926864503e-63,0.000390339742962991,9.7197278133493e-17,2.08797078310192e-13,0.00478412718328697,0.00671103193477515,0.000102878671865014,8.63020646038533e-15
13192,16014,0.968359401666304,1.27777159020337e-15,2.15773000248059e-11,1.85793892355423e-12,2.63180084646182e-17,0.000101189216433165,7.427162488595e-09,5.03537530146635e-15,0.0011531829394446,0.0293688514173222,0.0010173673098913,8.17936909928205e-16
11795,10231,0.947938171200876,2.63851240382967e-08,7.40226418358811e-14,1.04881382644389e-05,3.68339872283146e-20,2.06215090448853e-09,9.11945149769578e-25,3.475147711191e-20,0.000860666482401074,0.0511906452892856,3.76245664007594e-10,6.55783403040586e-11
13588,6129,0.948556975265009,1.45616197650837e-10,6.02002185504175e-14,4.03801101220631e-13,8.57189635046049e-11,2.21775967614265e-05,6.41458404688603e-36,1.33580441443316e-17,0.0101273009871122,0.041293545893552,2.57660577107297e-11,1.71709955506996e-23
11098,8063,0.93851249350865,0.000426585573364798,5.81460481807685e-15,0.0138297093135893,6.58734763722905e-31,1.00894395381765e-05,2.23704580067017e-18,7.30255384183147e-13,0.00486314113477576,0.0359450579951538,0.00641285191767586,7.1116516618833e-08
15263,12394,0.708002515175622,6.59491244236876e-06,8.94167714442868e-18,0.148362506183173,1.9931327026474e-19,0.0871017714084633,0.0279048733328368,0.000793234404364409,0.00398473532170387,0.0215948204873889,0.00184987898325508,0.00039906979075025
14432,12396,0.463159615378072,0.0204257367788003,0.0208940749949675,0.0892188859614979,0.00574431948720566,0.206400075255933,0.0377767137049462,1.23105842825834e-09,0.0002105222278336,0.044587623778765,0.0257675253682292,0.0858149058326918
11533,17464,0.939269785880203,0.000667867463765306,4.19708879306814e-12,0.0280403150091296,8.72356741180699e-28,0.0157492630926145,0.00867659941425346,6.61915246870838e-12,1.53751963496842e-05,6.88834841464417e-35,0.00758036923885366,4.24694014322116e-07
10542,7099,0.934893988547977,0.00382598781900643,8.91620359972022e-07,1.57894427845481e-05,0.000785820909798934,0.00146042622648019,3.09801570409974e-17,6.51515535093406e-14,0.00130452124550934,0.0519454623802315,0.00576711180711701,6.69990270391219e-13
12493,12882,0.925938611500552,6.16778050327095e-24,9.43568814290674e-21,3.04416585564548e-17,3.38411620730012e-44,1.03473695530942e-11,4.76774095739382e-35,1.56366511540306e-25,0.0198421442741591,0.0542192442149416,2.4862156738482e-21,2.90911546415029e-28
9177,17228,0.976042621910117,2.78068224728443e-06,2.35574186017621e-10,0.00469660019048669,9.45980742236787e-21,0.00488553854465631,0.00156404917931504,3.48705571775513e-09,0.000889145869061972,0.00905847158607543,0.0028607883073148,8.09568087101234e-12
10829,11921,0.958027007793613,1.95918276069222e-10,1.12571534186343e-13,0.000996096679441877,2.8588333954015e-21,5.13995880366297e-05,0.00218732704499503,1.83418568656052e-07,0.00423274955870388,0.0342483138940821,0.000256920474925024,1.35160263578353e-09
11788,6856,0.901040793143013,9.91524004549991e-09,5.87198422213054e-20,0.0251934765777873,1.2722490904295e-29,3.53746254492772e-08,1.00826720126259e-11,2.06700211804125e-12,0.0115962055014188,0.0621694792063102,9.4989363245049e-19,2.69455086190541e-10
13590,7093,0.928476229795845,4.31226067671421e-34,4.57710177619732e-27,1.22725696986935e-35,4.72934387040798e-63,7.48167878989873e-15,3.77318627542517e-53,9.61420701789663e-48,0.0244263485931596,0.0470974216109882,2.43949406886933e-33,7.39504160828419e-43
11784,4927,0.959864047108962,3.55751726679064e-22,5.74739022744547e-23,2.65025711010702e-25,1.0835919855254e-36,2.08439626842939e-12,1.31168562395521e-27,2.96388362381739e-36,0.00582500490341101,0.0343109479855422,2.20170912930903e-21,1.22608985555115e-26
14693,4198,0.871052998604984,7.24511869256091e-05,3.0189008569287e-19,0.0335862377331568,9.99326413838193e-32,8.08630364595268e-06,0.0488983216805692,1.03134174668057e-10,0.00518202702048145,0.0411112943592191,2.555249625579e-11,8.85829823311344e-05
17621,13595,0.963645226185827,1.59143442018728e-20,1.86811852231454e-27,2.01671262593352e-23,2.45050037703243e-44,0.0145155983867186,3.3141852963396e-31,1.22741252976751e-33,0.0156839638244129,0.00615496252669804,2.49076342935331e-07,9.7339745155631e-32
8738,5898,0.920963898895945,1.59036069005507e-09,4.43894101507507e-19,0.012157424736927,7.46914424560304e-47,4.09717698309958e-09,4.03626834988541e-13,2.93198645892042e-13,0.00444568600833791,0.0624329846557691,1.44314622735913e-11,3.54598497250016e-13
16499,6846,0.833830197034928,1.03683187884265e-05,3.60507331437963e-21,0.0221944737243715,5.42475824794587e-59,0.0558592703954092,0.0221216797726282,6.36290392199311e-17,0.00163353622154014,0.0409672072191561,0.0233831028493397,1.64463838413827e-07
9431,6137,0.945600835054779,1.57129081837799e-11,3.0595320941613e-17,9.28040406411427e-10,1.99181336948092e-35,5.56820029479635e-10,2.08330274419258e-37,3.70128830164531e-21,0.00687698768455054,0.0475221757588758,1.1271887081359e-15,1.22060731991744e-12
12488,10471,0.933125873716436,1.46404006998148e-09,2.28975733330292e-21,0.0014458627884526,1.10905449522745e-31,2.94585786699323e-08,2.4535183468779e-30,5.98633321068644e-20,0.0103717530834141,0.0550431713027079,8.94706351623092e-07,1.24134800187866e-05
13449,5888,0.953418790181655,1.05032529343086e-22,6.36374194374358e-17,2.76932955430093e-27,2.47188975181383e-30,3.21458355111702e-08,3.74872367606629e-33,6.45177069595528e-35,0.00301389537104306,0.0435672823014538,1.20283184557515e-14,1.78042411462558e-27
9987,6618,0.927445468991653,2.58229172672051e-05,3.91742097160771e-10,0.00214278152602451,1.79996814005073e-46,4.09332143073967e-06,1.62722129421441e-23,1.84951736363094e-12,0.00789832630210525,0.0624833111245138,1.60688685637527e-07,3.47347282388541e-08
16517,15526,0.95967531304404,2.4489833178666e-07,2.76081433684706e-16,0.0017680209797735,6.32977047372703e-29,0.00527033841017925,5.51940221056947e-08,1.44655342225479e-08,0.00268926977791717,0.0305967432170395,5.2659990736636e-15,1.31574422803957e-11
12082,15052,0.81033547396245,8.03859065855155e-09,3.69046738149552e-15,0.0602982278343724,1.41274535398963e-44,0.0743552230650174,0.0076248492813054,3.3559281440432e-11,0.00785094586104066,0.0395292315728837,1.12357500727697e-08,6.02911502664438e-06
16221,6365,0.858475598072834,8.68631646892932e-05,8.34900105008386e-22,0.047831746990362,7.70064951540582e-18,1.19260534762521e-06,0.0310183740779842,2.36332972534559e-11,0.000679560628402994,0.0517056021021506,0.0102009657534618,9.65811337561715e-08
10969,12644,0.907301628308591,1.57986644793264e-12,3.4236266947813e-19,0.0367923724934759,6.62891824192778e-75,0.0288052948957992,6.96272564596292e-06,1.09469542842798e-06,0.00669402561698413,0.0203830209098591,1.008851824967e-10,1.56002517514055e-05
14994,16252,0.942286863599897,6.53158984533442e-05,6.34367309025874e-09,0.00826614993656551,3.36222142274417e-16,0.0126710854513814,0.00465683685811919,6.83394547625117e-08,0.0034936754314064,0.0285599840248187,1.41151915340007e-08,1.03898891980595e-12
8048,7104,0.927133811121945,6.23762064788948e-06,1.69876929854256e-15,0.0129613884196376,1.1519851720391e-52,8.99846048772848e-05,5.39159445918071e-09,4.84249032992345e-14,0.00397892844995034,0.0512242407047857,0.00432059619075749,0.000284807495753614
17895,11665,0.875747952422172,2.72740663573056e-07,1.39723107357737e-18,0.0355525817230818,1.2015796443484e-57,0.00301565936196023,0.025395594436744,2.55452828970224e-08,0.00528473073163595,0.0493295904638694,0.00567322662861179,3.65945978904323e-07
9437,9030,0.950485131148334,8.57834885452623e-15,1.680555879914e-23,7.1162437267838e-08,9.29490468441562e-42,7.58334867640387e-09,9.27504378672347e-41,1.24481416888087e-27,0.00700941702201516,0.0422605365873694,0.000244836496487237,3.72387963946203e-20
12613,3479,0.913987632346245,1.57492271483985e-13,1.02660550875774e-10,4.00534560714163e-19,0.00709347389987858,0.000144589322470421,4.35799306499311e-19,6.42553398121432e-23,0.0150451247842619,0.0636341395281311,9.50400161947718e-05,4.3698425086342e-20
16366,9499,0.961333133355958,5.67506897732853e-12,1.7870741129578e-23,3.26679095025023e-05,1.8205668627899e-41,1.68816528981857e-07,9.21352982144759e-37,4.08195651599805e-28,0.000161444978393808,0.0365672660795647,1.52040215279735e-06,0.00190379845222388
14303,16977,0.767941777560192,1.29727672666707e-05,2.68834660102702e-05,0.00643171310648925,2.87905973324824e-22,0.156042318901464,0.00310430796504674,7.5743345024186e-15,0.00245885707274498,0.0185311705157709,0.0454499986448607,1.46816673962249e-13
16375,13838,0.957450544426412,1.7291348484139e-11,6.43013162280294e-10,4.37349400571722e-12,1.06537152600114e-19,0.00353701110818893,1.37244491285121e-15,1.14037715916159e-16,0.0246824645794378,0.0143299792203267,9.49047069679067e-13,5.67827768374314e-15
8608,9996,0.938846211271502,3.94578231757365e-19,5.60527075436744e-22,8.75091006415246e-21,4.3640018892811e-30,5.21820219628894e-10,3.36164587916943e-34,2.52847226603232e-29,0.00959803060095787,0.051555757605718,2.14597656779288e-15,2.60811076677769e-23
16792,14561,0.95887377675267,3.96197042458239e-05,7.40771712361599e-11,0.00401686461162175,9.99029849716072e-26,0.00717422603669572,8.18754173171822e-08,1.13710014426072e-12,0.000300848468026377,0.0253756206583012,0.00421896177440017,4.34077898039409e-11
16921,9980,0.944920636849585,4.5757211245279e-08,8.08231941210188e-15,0.00641878552985775,6.45156841546354e-29,0.000264607180194547,4.95162424135165e-12,1.30336032226752e-22,5.53061531939887e-05,0.0449811278204384,0.00335949070282262,1.73677235969537e-12
14417,5163,0.960157013718969,5.06239344843301e-20,6.68619729840682e-13,5.73315717710404e-26,2.02299821454616e-29,7.29459482362283e-06,2.34827178538041e-27,3.48277997611445e-35,0.00302106682942861,0.0368146248513184,4.79197414902726e-12,1.99350852423203e-27
9845,4931,0.944321104495496,2.47692307184623e-20,5.42162326417292e-20,1.09828076210361e-22,1.56364371017552e-32,8.25100768259588e-12,1.71344053815478e-38,2.20496878608964e-39,0.000299296192634612,0.0553795993036187,2.26458524139927e-19,5.92924436220392e-29
7913,8792,0.723088307965487,4.33740022356757e-06,6.33173071254423e-22,0.138304100963317,2.36587159419906e-45,0.037930129887193,0.023032073670757,0.000185519809296567,0.0174417784489815,0.0588087249081504,1.72291222402638e-13,0.00120502694642204
13447,4924,0.949618837597064,1.31758379929311e-33,3.45168291235573e-32,9.03550766470991e-32,1.04349312952949e-41,7.76979538967892e-19,2.76579462137383e-52,7.20986308762037e-49,0.00509691710248841,0.0452842453004474,2.01504088237827e-29,8.00715125481628e-37
14291,11190,0.929123097242595,3.83845011495502e-05,1.24621346177383e-11,0.0156768196059326,5.94339374401833e-20,0.0109145515507144,0.00243033199701004,1.33344559137981e-13,0.00321272360013282,0.0315669093684572,0.00572888918544932,0.00130829293596373
12480,6131,0.95212740761982,1.86194637320948e-23,1.99290143846682e-16,4.30014461550883e-22,8.54172627057509e-43,3.72766531066532e-14,1.10357560747501e-35,2.32790607234331e-29,0.00119749495913124,0.0466750974210115,1.71075297722153e-33,1.20680059780825e-30
9168,12888,0.919676342465453,6.49144444335784e-30,7.05860181469377e-29,6.05935785338449e-27,6.3053383050178e-59,3.9369356321154e-16,4.04431946261299e-65,4.14513518790421e-40,0.0248566895080206,0.055466968026526,4.76429262310663e-41,7.13271524845771e-36
8190,8792,0.93330462608206,1.09366603343599e-15,6.72163423697341e-22,2.54940699774682e-10,8.39981096942147e-39,9.34870680293445e-08,2.63452778759368e-07,4.88497815799066e-15,0.0052304951825613,0.0614644986119423,1.94461377036567e-08,3.48250524190212e-09
14277,4440,0.958328267158156,4.62990008490735e-39,1.45509760119311e-34,5.09352056705363e-35,3.52836886242396e-87,2.42072174836436e-23,4.18589340999286e-38,1.06686017722347e-41,0.00190586908296154,0.0397658637588823,2.61947553318477e-44,4.66303148344131e-34
13030,4201,0.941516824370489,8.26405627801867e-10,4.63160899725848e-15,1.45135965304573e-11,8.31499239077639e-27,2.98946022081616e-16,7.12261887853457e-29,9.76734093708409e-27,2.92643594459603e-05,0.0584534102724753,3.51460376362846e-41,5.00156665242533e-07
18035,12388,0.58353578828319,8.18727462610616e-09,2.87670752204858e-32,0.204855213468376,4.15505746392586e-26,7.61471974741737e-16,0.125298136862407,3.60969180943855e-10,0.0129425135227106,0.0733683314010559,3.66307118620652e-33,7.9140166526044e-09
9998,12404,0.959163289528692,8.02208309411552e-13,8.51866682194515e-14,9.27923965543634e-13,4.75920236787144e-31,1.56292263950333e-07,3.65875909256732e-23,8.331184522621e-23,0.00475912942386512,0.036077423238016,1.50128543882151e-09,1.40623959227298e-11
11922,4686,0.933241880617974,2.1721729852667e-19,5.97153728897172e-13,7.48860304084335e-22,2.29052545403964e-18,2.78354005841029e-06,2.76564617795093e-31,1.47812886244017e-32,0.00410072113027066,0.0480174494910336,0.0146371652200664,2.82190020683567e-25
16934,16248,0.973033393126901,6.36687236528576e-13,5.26097044991353e-12,1.00259936357118e-17,8.88140593684885e-14,0.000462564032325097,6.80042048564315e-26,3.46331552653062e-22,0.00020660456962578,0.0239717411717127,0.00232569709344889,2.16261490856218e-21
9570,6378,0.915732134420866,0.00191779215649101,2.02759304725766e-11,7.20342120214437e-06,1.68640368770872e-05,0.000613659481440483,1.29748119225128e-22,1.8538513044569e-14,0.0107778856099248,0.0707478490462157,0.000143810694132048,4.28011125566098e-05
13586,5164,0.924079784839909,1.65449423150409e-21,1.48530734906365e-16,1.68544479835209e-22,1.1020066783468e-35,7.75632559205573e-06,7.67482607902884e-37,1.65703315752631e-33,0.0293396810732575,0.0465722297634318,5.47997809651666e-07,8.09774197162807e-28
9015,5897,0.941346335631959,2.78637724551715e-24,1.77370142820558e-25,3.80445552040299e-20,1.18077450756072e-48,1.00333543715617e-16,1.83685737738671e-48,8.40802442597464e-33,0.00644085992352981,0.0522128044445113,9.43716968971054e-24,2.78637101804119e-21
10282,15779,0.960084494065562,4.46821067826125e-07,6.36169911471113e-20,0.00339354570696937,1.92464575675722e-17,0.0101608742920615,3.56689075133169e-12,8.4598538123456e-17,0.00028988514546563,0.0151730547373896,0.0108976924385233,6.78939365587045e-09
12908,12640,0.928472396227448,5.04269193682377e-15,3.91419887141058e-18,2.13495318261868e-08,3.59277993230504e-40,6.87190862192285e-13,5.95872912088807e-30,2.07230579481569e-23,0.0131949469373469,0.0583326354849812,1.50995164213382e-18,1.00772479116717e-16
14986,12394,0.638865761853115,5.95718754206272e-06,1.60139650376688e-17,0.141939520272509,4.28789734104687e-46,0.100829423242078,0.0193474155740036,1.18728683604418e-07,0.0230646243850679,0.0423614705053248,0.0041064690226673,0.0294792392290076
7914,9274,0.944258899512439,6.83071700768948e-19,1.13289530234741e-22,5.82192255157267e-21,4.24983997791963e-23,2.99564177695334e-12,7.83567514676761e-35,6.14875734519356e-29,0.00449005659737009,0.0512510438871958,1.54713013906915e-22,9.14206058648963e-20
11786,5891,0.958685016766637,4.1904154102812e-11,1.02404316886379e-18,1.90919104786302e-07,1.92825836819357e-46,2.53575377843963e-05,4.90309845408527e-27,1.04850672523659e-19,0.00225264185917656,0.037420546653072,0.0016162462222859,3.53012328601756e-14
12635,14569,0.838054504908083,4.85725484559219e-06,1.36796258609818e-09,0.0835241910690297,0.0015229691809642,0.00734036636278759,0.0253838953428509,1.17258833782584e-06,0.0332504759452713,0.0109175289484417,6.31179171542993e-14,3.70313621617698e-08
12074,11195,0.932066816445981,7.93460573316266e-14,2.09279938040705e-22,2.8494279176876e-09,8.11422839675419e-21,1.73082114007823e-14,3.00235570629549e-34,4.72472003795965e-22,0.00698067891529294,0.0609525017240883,1.34087343499809e-24,6.51136758813148e-11
17891,9737,0.847982727202728,6.85950878364295e-07,4.12249223852318e-19,0.058415352560307,9.30861247650662e-32,0.000102080407240335,0.0224781952731536,1.17023067516497e-11,0.00735912424846888,0.0397432544669498,0.0239178478039969,7.32074574971116e-07
15677,11188,0.944203566181851,2.03518910973888e-21,7.39711842769067e-30,4.1177956460364e-11,1.27029972105369e-74,3.35768543616332e-12,3.34829452231396e-39,2.4750386070568e-29,0.00708253518387613,0.0487138985897372,7.27531883845363e-21,8.98769873005878e-17
12899,7818,0.953210325457181,1.01249276230474e-31,1.97662119123351e-23,6.62963556272415e-33,1.37720712860908e-50,3.48781151033092e-10,6.75214540534427e-47,6.10867764719573e-42,0.00567061404741949,0.0411190601466183,1.21695383876528e-24,6.55877375159792e-38
8201,14578,0.723817322405486,1.45880534602128e-07,6.47725299601619e-25,0.143199096216322,4.35844302909801e-52,0.0323701774009015,0.0403757657378508,6.75031039530159e-07,0.0011529797195605,0.0582368993145284,0.00084542765759107,1.51063618600793e-06
14832,4439,0.877779920612129,0.00277186036896819,9.21517230138102e-15,0.0496111401263616,1.35358877094207e-20,0.000157754188596236,0.0312762700257526,1.83034846240843e-12,0.00124434825835036,0.0371587052867502,9.89744827212719e-12,1.12135471622044e-09
14021,14566,0.872314774463811,2.82940142776535e-05,5.0786986002518e-17,0.0487807229767195,1.22664148036736e-18,0.0240486160947481,0.0198630259964293,4.32781682252205e-06,0.0030452479326258,0.0235634743394354,0.00613697725862331,0.00221453910650768
14562,8297,0.96915997657589,4.30495806659395e-11,6.58858693912725e-17,1.06680833450717e-08,1.10157228595368e-28,4.45992537486902e-05,3.15534548575086e-35,4.23878736594771e-21,0.00311765920519828,0.0276777510353225,3.21870727147796e-09,4.47169240615089e-17
11653,8544,0.873995010314158,2.74027824485356e-05,6.96150924321589e-16,0.0545029710903435,1.88026083634943e-38,0.000108669080261778,0.0151471894516061,7.7649641999419e-07,0.0105049409789687,0.0449064650569918,5.03020403466417e-20,0.000806574748800953
11380,10473,0.950819681083458,1.24465769728166e-10,3.8286617959607e-16,3.3885490553989e-07,2.64836751609881e-28,5.52802386849079e-11,7.43478157557237e-24,5.45465163183037e-16,0.00207827658195356,0.047101703299922,2.51012838403657e-15,1.12973222553405e-14
9581,11682,0.926647926875764,1.39528033865159e-13,1.1261345578601e-16,5.96958695538873e-13,2.5754033820065e-21,9.35433700648966e-08,1.49674336575813e-26,1.19647770270673e-22,0.00104712547817064,0.0694765549958295,0.00282829910612865,4.19317972001477e-16
16931,14801,0.974638772507088,8.67101833499478e-30,3.72682358778926e-20,2.580161123964e-28,5.27306138539846e-49,0.00256406128000591,2.81335990662139e-37,1.63131151592115e-37,0.000540364758106478,0.0222562855562884,5.15898511079126e-07,4.57069562517198e-35
18590,12869,0.935577124597305,0.0193756615008537,2.03086435504297e-14,0.0106794085408734,0.00470090519757875,0.00129383854053455,2.32488581005225e-05,6.0838306495041e-15,0.00680451571489345,0.0215452970498342,1.89004881727533e-16,8.59228495101494e-20
14980,9501,0.952861292963294,6.90317348467286e-08,4.6878264988959e-17,0.00840804173141498,5.74757669877117e-57,3.25820706211034e-07,4.59986694768297e-09,2.05361317414824e-14,0.00209109923957703,0.036639166567989,2.99919707932481e-16,4.53959836297635e-11
10823,9028,0.915675317811909,0.00751888913531245,2.86596685899134e-11,0.0244978046341589,0.000484186392369008,0.0140329670970252,8.85983483494531e-10,2.38452856891348e-10,0.00109316320850768,0.0366951189972336,2.55138032145017e-06,1.90066705266901e-10
10956,6375,0.945666510392547,3.00937274189094e-23,4.85045541982044e-22,1.41206106927437e-21,1.94625739638507e-46,1.27334428703038e-09,4.14663755200695e-27,3.13815648977849e-33,0.00140143035598772,0.0529240988603478,7.95911777355325e-06,2.89260911799596e-26
16101,15285,0.970249234978291,7.94550222781276e-10,1.76427157307052e-25,0.00491438070908495,5.03781835459043e-83,2.30981548780337e-08,0.000174964732319693,5.36606531656299e-11,0.00470635982871652,0.0199547171549421,5.41348981359406e-23,3.18650279916481e-07
10976,16501,0.972673598354848,4.49393185282829e-26,2.67293611339043e-23,1.5207141968669e-22,8.72683138297293e-51,1.61768314738458e-05,5.14174528757922e-34,1.25265053287601e-33,0.00505820060519334,0.0219718969818426,0.000280127226642136,3.97151735187684e-33
12770,12881,0.914076040553392,0.00555817773892108,1.16934369378766e-06,0.00226228424402833,4.99100778978192e-07,0.00142554983132634,1.79412303353559e-11,9.67537544091838e-14,0.0247796061186639,0.0518957976669748,8.75383690786611e-07,4.9190628965838e-13
13052,15291,0.880720594378289,5.24978112644693e-09,4.12799071864511e-17,0.0505539956520567,1.74337739782812e-60,0.0141612070684169,0.0189233256928624,2.53922629632254e-08,0.00873955403937984,0.0202756959324077,0.00589633476145518,0.000729261833087889
11519,10714,0.935868776566355,1.69935635411888e-09,4.90353499196097e-20,8.52071663934586e-08,7.06663509175149e-43,1.13866499118739e-08,5.32112702661756e-16,3.10731034791199e-23,0.00288442536511104,0.0612466997753438,2.68607863342909e-16,1.61888179536123e-14
15112,5885,0.956393181279684,1.01769409765264e-17,2.82415778769475e-16,6.86225228699893e-17,1.57395886652419e-41,1.21126723178105e-10,1.9981663748044e-19,2.44645978869772e-28,0.000109892396761653,0.0389995269052825,0.00449739929714485,4.81824864725216e-17
17618,12148,0.831144199700003,3.85401302522436e-07,2.64175276822137e-22,0.118253402553414,1.67387428198665e-31,1.52385810167401e-06,0.0190754993360209,1.40598971072556e-08,0.00309701919463901,0.0283931557909213,1.5691499320598e-14,3.48001056853627e-05
11090,4205,0.944997533567236,2.89812427472976e-26,4.76356943451407e-13,1.45123863830805e-28,4.71957946579257e-24,1.62644916751745e-09,8.38919255497996e-46,7.12773860543617e-39,0.00513593589243292,0.0498665289134051,1.55175799467199e-20,8.59624929163312e-36
17198,9979,0.955707235170495,1.46882510595503e-13,2.21518712184301e-14,3.04735392254287e-13,1.34535305419096e-26,1.91620266451559e-05,2.98357149522253e-23,1.01726982329485e-26,0.00052758718469184,0.0425067445114738,0.00123927110617311,4.69501488691775e-14
8599,5657,0.862297597001364,0.000395302413971219,1.23045865483594e-17,0.0697060653175469,6.02458828424523e-26,1.64413415933374e-08,0.011169367465465,2.09588984171068e-09,0.00269531901796484,0.050638953031218,6.1683587687439e-19,0.00309737721523867
14558,6368,0.945621728390839,2.5401589974645e-16,1.91101243355775e-13,8.55876400961743e-11,4.60259532335986e-20,2.27970775789665e-08,3.74357820005769e-41,1.18253311197664e-30,0.00243946838555653,0.0519387803407481,1.51098639366671e-28,1.73939221858847e-21
8062,14337,0.326503884601282,5.89256599878014e-08,2.45289608362823e-28,0.378600980027898,4.4420830980606e-54,0.00646664890278335,0.110756619072051,1.59398762222735e-06,0.100442821018272,0.0743221043321922,8.08701003216338e-07,0.00290448043123614
13745,15049,0.940370530170532,6.16036154768601e-06,2.78581211713303e-17,0.0130758933049349,3.49768426295324e-32,0.0140667273280101,1.05155454111157e-10,2.74983002950241e-15,0.00735592505243719,0.0203440537058116,0.00478070960207265,3.69495896579282e-10
14276,3958,0.754992354938447,3.69424317877759e-07,4.89897729217209e-21,0.105809864301586,0.00169289565756622,1.63906276918762e-06,0.0610843525487194,1.71086221406682e-09,0.00753508798387391,0.0590976927440226,0.00978558417170122,1.57456134338386e-07
10821,8063,0.945829852374511,0.000105675880418055,3.14473556797837e-14,0.00651287466631759,5.5593099339387e-30,1.02340849750782e-06,6.65997715238101e-06,1.74983516017364e-10,0.000250104367958649,0.0472679866228319,1.04966906701685e-08,2.5812030607512e-05
11921,3721,0.932180237275249,1.78496767946785e-06,1.2112233550483e-11,6.17039038894604e-09,0.00078930643183946,2.1738633114869e-09,3.79452598653168e-32,4.97385436519796e-21,0.00365507084481178,0.0633735921237807,2.52001585551806e-15,2.70912221383216e-13
17068,14078,0.94719685126015,0.0003572106847863,9.50796767125817e-13,0.00195372527572708,4.27196392000803e-14,0.0234786147544634,1.17045368110889e-09,5.88370518141188e-13,0.00160624369401889,0.0102137115516445,0.0151936414984978,1.08676967171091e-10
7785,14338,0.843186429748809,1.18145049960697e-06,5.32015543244194e-19,0.0626037440165336,5.39198610157455e-31,0.0229634453298768,0.00892123841557203,7.17512994280183e-09,0.0179944220240081,0.0367531149195249,0.00177137519536776,0.00580504172467803
12619,6372,0.946442174394933,2.48675399720472e-09,2.57078761902355e-11,2.1649307393631e-05,4.14731922157353e-22,0.00348551848455519,1.60142309280565e-25,4.46685094823484e-19,0.00287971229166889,0.0471709416151531,1.39352652143673e-09,3.07312931689318e-13
12341,5890,0.947984015331095,2.10315972515162e-12,9.88164044319691e-14,6.16292536478052e-13,5.65025650387269e-23,2.0363925535258e-07,1.82647024963887e-29,3.01618800536468e-24,0.00192697492884985,0.050088805997146,1.0083574465194e-10,7.35909785471232e-18
14283,7333,0.942004148504102,7.57717861510024e-27,3.46244495316933e-25,4.80750192126888e-23,1.53557221658144e-66,4.01318816211304e-16,4.41421491387073e-36,4.19854871041118e-37,0.0154493598006111,0.0425464916952863,2.26308076670017e-26,1.33181789611645e-28
16925,11908,0.940886850530124,1.85716198772493e-12,8.6140702022215e-19,2.17396863260465e-13,1.64248706122946e-43,4.94710216062595e-09,7.39640403754584e-41,4.15832988346586e-29,0.00112159279411843,0.0579915517265794,1.38710704715949e-15,5.69974725728378e-16
12621,7336,0.93846661571982,1.36274364599645e-08,5.99070249299802e-21,0.000206331787576483,8.06108294230569e-22,4.48853482617585e-06,0.0013285373493843,3.59806485225199e-19,0.00103899259504048,0.0522156159807605,0.00673939300259516,1.14025605322524e-08
8606,9032,0.938272024942615,2.06849292768331e-17,1.02705830244107e-20,4.63856664478024e-13,9.04370472608393e-53,2.79260225556531e-11,5.33586090955307e-31,2.76904729495881e-22,0.00620416456961485,0.0555238104593806,1.33442433529231e-19,9.06536076646726e-21
16232,11669,0.956844973499717,1.83679924151755e-23,1.89973665969965e-19,9.03432814936319e-24,2.19096935190846e-36,0.000388629963707481,6.63673739906545e-39,1.53262335815978e-30,0.00331466579082517,0.0386121439012025,0.000839586844547846,2.23093628343784e-31
7783,13373,0.835415178735784,3.11989230793892e-07,1.75281788249912e-19,0.0750142476624346,4.82648516309691e-35,0.000204673679796515,0.0296798285966883,1.93473472328761e-07,0.027317329276721,0.0323682243866146,1.21983322893448e-08,9.25223279648328e-13
13874,10468,0.961816024226127,9.08547602271395e-10,1.67420961319851e-11,0.000636330770266989,6.58251296102599e-32,0.000230523468078201,1.0330058964095e-15,1.03242769884425e-15,0.000725726785848331,0.0365913937649292,5.94393370730963e-11,1.95048603738366e-14
15268,14805,0.941456925895269,7.16710710105231e-06,0.000666880652038812,0.0125849575235291,0.00767616291046856,0.0218412284424583,0.00333245095302809,1.21791662535671e-13,0.0026847905329301,8.39330479874521e-06,0.00945101688130352,0.000290025796952662
9716,9994,0.940160073099675,5.83149684696262e-08,4.22324870343842e-22,0.0030673561766153,1.74310550281279e-46,0.000811561652584022,3.3004309032992e-22,1.92306926310082e-13,0.00955488110093334,0.0464012296914736,2.46695294694862e-13,4.83996331109387e-06
17487,15765,0.910308213111326,6.57283430676174e-08,7.52121898174576e-31,0.0149287431765626,5.18425223647761e-45,3.53552268002031e-12,0.0226658425786633,7.44835352897141e-16,6.3886856467363e-06,0.0341541860944295,7.05795486055059e-17,0.0179365606214925
10550,10957,0.927457008973013,3.53441257190261e-10,8.75859387228338e-16,0.0148425888454489,2.18158341333725e-70,1.41052400174534e-06,0.00203938867924683,1.02856871000106e-12,0.00749244213321237,0.04816716046236,2.82455474416105e-11,5.99213424204101e-16
12476,4202,0.939067396819122,2.64597229097074e-43,5.19099437083771e-34,3.18371641604673e-46,4.94430222262104e-95,1.37525247682833e-20,4.97834519548643e-44,2.98895298626935e-49,0.00733419790378813,0.0535984052770901,2.21765165727359e-37,1.50128872308859e-43
14695,5162,0.940795438399936,3.298748117336e-31,5.22773330791676e-21,1.11609836875289e-29,8.91454016697207e-55,2.71860846224917e-10,5.00958532965286e-44,9.72470115409746e-42,0.00414775402365625,0.0550568062022556,1.10229118644867e-09,1.69204749228319e-35
12909,13122,0.940139709731925,0.000239476374345904,1.48636720051341e-15,0.00846548350127227,4.55941012016252e-27,0.0107887425878392,1.05518997106198e-17,3.60790894201266e-10,0.00909159890256321,0.0312593673332276,1.56174366251484e-05,3.77140927449189e-09
16656,15766,0.855095796128209,0.00155691233859185,1.07241099579286e-07,0.0530139288332933,3.65072477387886e-17,0.0633370093657922,0.000638713214105185,1.23816973365798e-07,0.00084196139677955,0.0255151008887289,1.767052547026e-10,3.46599721408525e-07
9731,17227,0.966786989691401,8.55708984963548e-24,6.33736516178349e-18,9.37009203459898e-26,2.41560160958496e-40,6.98863730342417e-05,3.41516400616364e-25,1.22939481089531e-30,0.000641905075156183,0.0186564754648422,0.0138447433955666,5.67862821179748e-28
8600,6139,0.92329119257923,2.1047161936822e-05,4.65434836292916e-13,0.00627420590206274,2.15016993188448e-20,1.5352420426035e-09,6.76947539777417e-16,1.7955414845251e-18,0.0147654832905842,0.055648068631983,2.04185358587878e-21,8.98495260693344e-10
9300,9754,0.940391410756846,1.90265686800785e-13,1.22188497190856e-21,1.6494241257683e-12,1.67292365806687e-29,3.43287594339168e-09,9.39570425517917e-31,4.16288036305123e-26,0.0027705695677177,0.0568380162407202,1.79356595686518e-30,5.22717426701494e-20
14436,14324,0.949543346409436,6.7942573735226e-06,2.49063840783367e-06,0.0164457476879014,3.56496927454013e-22,0.00824331455650685,0.0016711910631035,1.07943019724908e-10,0.00740088152004279,0.014817789840838,0.0018684436389105,2.7953696018131e-10
18039,14799,0.967816867410348,1.38201957609014e-05,1.37070452379676e-21,0.0174281644311112,1.69914245693024e-55,4.77451378672485e-08,0.000316303675124599,4.22128624280845e-16,0.000662797508447477,0.0137619967328099,2.29938489095788e-09,1.87436010573898e-12
9725,14334,0.95485635737332,0.000785077297611943,1.67526875316442e-14,0.00577182271316065,8.32673470294553e-10,0.00515670243814135,0.000111429197401331,1.25575333674464e-07,0.00628470425470522,0.0270316898594525,2.30205810376081e-07,1.86025237291837e-06
16365,9016,0.959027256329759,2.33372248467171e-30,1.29707738273345e-35,2.96769385334977e-24,2.81011195486239e-77,1.13590815553858e-10,3.03235778083953e-40,3.20096641956048e-42,0.0097018419544589,0.0312709016021916,9.65949773378984e-18,3.28097261001406e-32
9585,13611,0.946846011554436,1.35575608411407e-09,3.8795338264432e-25,0.0032218984077863,1.87393740108586e-59,3.17317698416928e-08,1.38595599809814e-10,2.410613139379e-10,0.00073970238067348,0.0491915610108211,4.4181971723271e-13,7.93178658642412e-07
10555,13850,0.643296271914985,0.0020925738369029,9.02935740756334e-05,0.0883607790235974,1.14486637688377e-09,0.101547799292811,0.0309270015578601,0.000121424756691596,0.00655516100019268,0.0400347358060826,2.63101189376052e-08,0.0869739317818152
12344,7819,0.918309409043185,0.0022565681576856,0.000278071108115869,0.0258765876211689,0.00340774762026328,0.0125816146476957,1.53684269693046e-06,6.19691153260628e-14,0.0055416802392226,0.0313616337159653,0.000384254762773472,8.96241165031061e-07
9310,14576,0.944394204897623,0.000386938797845212,2.70579204868401e-13,0.00123832129294567,3.319558607653e-12,0.00636940939902633,4.50456779600423e-14,3.59905448998264e-16,0.00362039374639646,0.0391963552189006,0.0047943766435737,5.29454697572112e-14
12198,3721,0.93653514039587,8.08117650995472e-36,2.81518046576586e-29,1.24213513035747e-39,6.83066790002768e-56,8.83735774986605e-19,1.13681128136553e-72,8.1278460663055e-62,0.0167628592643889,0.046702000339741,2.97335806852052e-47,3.9658018794593e-45
9019,7826,0.933893645486624,1.43793079908511e-08,1.34376402721055e-14,2.01559119099358e-05,1.05865090581742e-17,2.18028945247868e-07,5.0236524355508e-26,6.73054797188281e-20,0.0106404932676341,0.0532712776350444,0.00217419528164099,8.87946457759381e-12
13454,8299,0.909084438499637,1.19779398960543e-40,8.07369519519728e-37,1.81784313356578e-33,9.83902116238612e-71,5.31561547230813e-20,2.29843133010774e-51,1.41518680531858e-44,0.044314802737601,0.0466007587627619,1.65598685377522e-54,1.57637178228119e-46
16513,13597,0.779377419178444,0.00484757847735761,3.12705478664382e-06,0.0830025787157214,0.0060034187716362,0.0614257069389245,0.00902510659316815,5.80038020541125e-08,0.00355113581357447,0.0457253079459973,0.00674996264994368,0.00028859985664375
12916,16497,0.952523408759361,7.26816229449467e-09,3.49865620344944e-15,0.0215741500194011,6.4794789421716e-29,0.00198601837843964,6.83031550017549e-10,9.88848788858447e-16,0.00424741298565544,0.015898350600937,0.00377065123374543,7.12621350046172e-11
14416,4198,0.868680418651769,0.0076890908690484,1.71556877243612e-10,0.0109706538020271,0.00661928985515918,0.0274939505706258,0.00155711959753295,5.87278719960868e-08,0.00268094464959768,0.0516198636756408,0.0226879756466502,6.337825204347e-07
13313,7094,0.940598512472558,1.05668526200866e-39,1.21843503949286e-29,1.30085331406849e-39,5.1100026619871e-57,2.01929942045548e-19,1.24750417430526e-50,3.09392399876202e-52,0.0158297878184134,0.0435716997090285,2.77090601022897e-48,7.24218426593728e-41
8617,14336,0.923668386260557,4.23418260239466e-19,8.88081705868487e-27,4.14166371053228e-11,4.04987008539162e-56,8.48838961144586e-10,9.19625848456903e-27,7.6332637211694e-22,0.0302619940259216,0.0460660064719613,3.61235130439194e-06,2.43565465585292e-19
10824,9510,0.94403001172538,5.97819689588739e-08,1.10852097512044e-09,2.66389952769256e-07,1.88175608791171e-16,2.27046030610151e-06,7.02921552344886e-14,7.84207752333354e-17,0.00182240244401456,0.0513661008173838,0.00277888727184258,5.59515755725332e-13
15117,8296,0.956200699826938,5.98743035791441e-10,1.39039736187074e-14,1.0118484551605e-08,6.05008727274807e-35,4.72968965345801e-09,2.71586415685294e-19,1.96998626167136e-22,0.00145053698480588,0.0423487477203144,1.65458201289966e-11,4.46451787838854e-12
14417,4681,0.949062612937061,7.8532521277222e-36,7.66910631632585e-30,1.50509333721543e-32,2.55383463986358e-59,3.78033244399916e-22,8.18749243347737e-36,6.98756947817298e-48,0.00649122852318116,0.044446158539758,2.97499165535744e-41,1.62853234265597e-36
10968,12161,0.908597267721947,2.68618662947423e-07,1.55948602330658e-12,0.0227488224810125,1.23759504275658e-09,0.0207580020260948,1.46148608408396e-13,9.93252221704545e-08,0.00804639759436738,0.0394903522025337,0.000358766315279532,2.2475578945932e-08
14442,17217,0.914203448035369,6.0146887020683e-06,1.14242460135034e-11,0.0130090802547233,2.20347979432773e-17,0.046529944938626,8.34498518952692e-18,3.48759956964602e-17,1.42683800702179e-05,0.025209050910468,0.000882802243796169,0.000145390536821152
8610,10961,0.94774131666739,1.04708995006343e-22,3.79785581411859e-25,9.56819957211156e-20,2.26403927555231e-51,1.07047974356655e-10,1.99817265868373e-37,1.93569429227984e-30,0.00322608243976965,0.0490324272724852,1.7351330693745e-07,1.50458610932623e-28
12771,13363,0.911459213133327,0.00230015036139074,1.10878915535675e-13,0.00630589188300459,3.36260123197817e-06,0.0143557646846028,1.99883173040043e-05,1.61756585686836e-08,0.00674215017910261,0.0583386602534351,0.000412169269573439,6.26331412583873e-05
15254,7572,0.946926820222799,3.22452243770056e-22,1.84646559604386e-27,6.71400204310157e-14,7.86673950054063e-68,1.47994343908016e-12,3.46983175816208e-43,1.40203558913352e-30,0.00714728720832053,0.0459258925673337,1.08646798446795e-26,2.51429499456552e-21
16362,7570,0.941835255030217,3.43094431808534e-09,1.95991230590324e-19,0.000303982233678871,4.75072133663181e-59,2.21553642214501e-11,9.22910618948921e-12,1.74065458007491e-11,0.00783256146692959,0.0500281826027661,4.29719037887816e-18,1.51866728034898e-08
11798,11678,0.889217184813519,0.000209265338241688,4.52851681690005e-12,0.019431176753922,0.00349584859538503,5.79080731408723e-05,1.58481276797696e-17,1.63660203762425e-10,0.0243973164316214,0.0630015621536303,2.4435572386743e-05,0.000165302099964098
14145,7574,0.941703783532145,6.05368974183355e-21,4.04576929240137e-24,3.92114612763268e-15,4.2279915525561e-42,9.43214518217278e-15,4.09301187120427e-32,4.39324621678652e-33,0.000835194482109454,0.0574610219857323,2.44743682794655e-24,7.98843929541878e-20
15405,14081,0.927937550692519,8.59667495080223e-05,3.86407991651049e-08,0.0149610157684393,0.000617123350105933,0.0272941877632235,2.0410006201276e-15,2.4443714619516e-06,0.00504532429596641,0.0146599840412021,0.00282495467789301,0.00657140964887972
9713,8548,0.929757248139829,0.000836981177585764,7.09500903578641e-16,0.00441337762486703,4.97483799225944e-33,1.72662528233085e-09,1.8577237727988e-19,6.48110780103623e-17,0.00100528486433885,0.0639858444462771,5.27832714217401e-16,1.26202047578515e-06
15675,10223,0.947737297727187,4.12585638460204e-20,1.8324304631104e-16,3.46275003672641e-13,5.06290526004673e-50,0.00455456873692349,3.22455129037867e-26,2.79022908655589e-23,0.0104138869133355,0.037280439411703,1.3807210504966e-05,9.43254348629106e-17
12637,15533,0.948496624931539,0.000389129297881839,4.44076728631197e-13,0.00589327447581068,2.4681014460468e-28,0.0181782575364944,3.84662546406054e-06,1.73114556128021e-11,0.00405737195738771,0.018198356651698,0.00449802599233177,0.000285112513637195
10283,16261,0.963600817477698,1.22072548691616e-21,4.89677111100405e-17,3.5986766798602e-19,8.4306792161279e-44,0.0099425392489456,8.47981309897291e-19,2.88530302785452e-29,0.0149845067763129,0.00942235922211758,0.00204977727492577,3.4424930434767e-24
11381,10955,0.90186253676958,2.53624435751856e-06,5.45024046186639e-16,0.0069461017303566,9.12141105348444e-35,0.0260374422618541,3.20660683431155e-12,1.10203421503525e-13,0.0142786336296389,0.0508483458214838,1.860555071691e-05,5.79798869531909e-06
9301,10236,0.942565407166091,3.08936586312998e-05,6.51312818015785e-13,0.00547647035706238,7.11451145369518e-38,0.00819825164440028,6.31116916596276e-09,1.83703973993239e-08,0.000844141379029507,0.0375472642157336,0.00079113240503411,0.00454641449180005
8478,14577,0.912485215403141,6.67171493681488e-27,2.24026349238097e-30,4.01237749468095e-21,8.61377644675194e-51,4.47385877161191e-15,2.73903386127481e-42,6.76339910065757e-32,0.040566666462513,0.0469481181343415,1.08379618278959e-39,2.5568444865356e-30
13309,5165,0.957307886034892,3.54420707400124e-22,1.50266294508611e-34,4.90806959946064e-20,4.22801735078619e-89,2.08290411037068e-19,1.24745552296897e-44,1.07070558953364e-30,0.00629200034342931,0.0364001136216762,7.66300151992267e-60,2.09574249678431e-15
8877,6138,0.931940343436185,7.34965725520119e-09,4.64942399874583e-23,0.00542280523571735,1.28729738450934e-36,5.71926512988333e-13,5.14308881668613e-16,8.65931406476548e-15,0.00240796781671998,0.0594390506615126,6.68759288073038e-20,0.000789825499627156
15550,17215,0.899851742121406,5.50238794531975e-05,1.26021429491086e-15,0.00146626754121668,4.45262153678144e-69,0.0750192182443566,0.00191197063864103,2.82112803224216e-13,5.42870395280443e-06,0.0165527363502725,0.00468950075469311,0.000448111765724554
10274,11922,0.952802661914522,5.98305206239432e-21,1.86493232394878e-23,6.0579744569892e-18,1.32122107147135e-69,1.50297151856812e-09,2.93084401004452e-28,1.83751260074184e-25,0.00313840433311008,0.0440589322493904,5.83667137459126e-15,1.66313313130049e-23
13583,3718,0.949315281369831,2.90167592408716e-05,1.50081687387314e-15,0.00154961332035463,4.74515807374251e-29,2.34545700781766e-08,8.61821678061139e-21,1.62361152345626e-08,2.52777812101698e-05,0.0490807709912365,3.4913137885902e-16,8.74395537219817e-11
12199,4203,0.944487110674646,1.19389952876283e-18,4.8511160843066e-10,1.7766208871047e-28,0.00114405491910013,0.00109918982405015,2.04432743802945e-39,7.91375132140092e-35,0.0050841863681595,0.0481847621611299,6.95567802856139e-07,1.12485073878693e-35
15682,14081,0.921844597313463,6.96066232199857e-05,1.85211793052156e-13,0.00964118617121433,0.000224110001212295,0.00395228313042298,4.01632844902208e-18,3.8753629617232e-17,0.0158339621942803,0.0361801614213157,0.00684257982124433,0.00541151332344215
15406,14563,0.926236547374757,2.37526557651074e-06,1.26704723695498e-17,0.0241240973486723,1.06471773613483e-54,0.0102086523237428,1.21229647791552e-16,8.69620460525206e-15,0.000774649973062013,0.0239214577548281,0.0147321643443791,5.56149731915923e-08
10690,11680,0.939693835363791,0.0147900587077804,2.06318345475502e-11,0.00139339084847309,4.43054221149921e-28,0.00133883604617525,3.82547015197042e-17,9.73718368974523e-18,0.00648515430902267,0.0362345128967847,8.05908220669693e-15,6.42118073330742e-05
16368,10463,0.959969792924518,4.56793695204764e-19,4.99200033671966e-25,1.57448073716834e-17,1.61501937606764e-65,3.12415402847309e-08,1.60393914522939e-31,1.39908193169017e-30,0.00725836304734866,0.0327718030657337,9.72085926740080e-09,5.8963621786872e-19
17339,11184,0.959235826275765,2.42176607338966e-11,6.02114793162381e-17,0.000163433690916939,7.10461730302852e-42,0.000156756838123944,1.77621362311533e-24,1.69059501375643e-18,0.00446935365762984,0.0358562087279156,0.000115457504991576,2.9632804397985e-06
13608,15772,0.953522285396447,2.00432155016999e-14,4.33232886567617e-19,2.04871002447079e-06,1.22169964231177e-29,0.000418018550436115,2.04202429251359e-20,4.00900932533604e-17,0.0281613784592525,0.0178962688838202,6.35136117518636e-20,3.24253875558375e-19
12203,6614,0.895926947924844,1.20059554495576e-05,3.42292538066789e-13,0.0328605680057732,4.96087051242681e-14,0.0170641524198348,2.32707026473741e-06,4.37020014726375e-12,0.00360581704163413,0.0458430904747194,0.00468509033607401,7.66643843511249e-10
16926,12390,0.89444064745074,0.00189927151143176,1.10556902519523e-14,0.0338610674398734,1.76003239309152e-21,0.0173180434222359,0.00110320115489574,1.51923609731848e-13,5.2790683493182e-05,0.0360243470056931,0.00536072560927224,0.00993990572220172
16224,7811,0.95818925416572,4.13150017582702e-12,1.96784650010142e-17,1.97018559388708e-05,1.33614853510948e-39,2.50838139405587e-07,4.32175985018275e-18,3.95797544792872e-19,0.000881429262393168,0.0408491430692469,6.0220803154882e-05,1.27533605234892e-12
11369,5169,0.956582780116547,1.91397833410402e-34,9.84936531557783e-29,3.8814232494086e-32,5.72079812612144e-55,6.14754872593114e-16,1.93983916482235e-43,5.66952329129007e-45,0.00122814449996381,0.0421890753834881,5.24690381695058e-25,2.28037044806195e-37
10952,4447,0.944803146309986,1.84271707364559e-29,1.16580131030231e-20,5.76937498795405e-31,1.26193954992606e-41,3.12858644546812e-14,3.89713881219317e-49,1.55305443235834e-42,0.00243305425018548,0.0527637994397974,5.67469251689133e-34,3.18326702083413e-35
16654,14802,0.973721993949744,6.38170782950852e-08,1.03817803497462e-11,4.64009848677892e-09,4.50755786850869e-12,0.00033669699678867,0.00384179206870205,1.93621417896557e-18,0.000934113411693143,0.0210138782851738,0.000151422109879122,3.47059526120653e-08
10539,5653,0.957057109095819,4.75122459730352e-13,6.2474341527026e-14,1.29416312966392e-13,2.73780612927221e-28,3.65797217256504e-05,2.87646804908725e-24,2.43967030719585e-22,0.00503791368860622,0.0378124079373798,5.59895558022256e-05,2.03874027109806e-17
14022,15048,0.888819131915855,1.14621190460292e-07,3.91949141381495e-19,0.0299916190532034,3.84067736193492e-24,0.0337865734107671,1.54247157868438e-12,3.28718905015881e-10,0.00959372638001788,0.0212478156804928,0.0165533668322355,7.651775976386e-06
14420,6609,0.90848364589006,0.00355518496794475,9.40087797808187e-05,0.0209462688096217,3.08125280664969e-17,0.0227124981268127,0.000191430621885319,6.68660537342127e-11,0.000256890945586784,0.0437560074710491,2.7579373483838e-13,4.06432011720392e-06
12769,12399,0.945773920666825,7.57807410050809e-21,1.27095800936954e-18,3.62349512330453e-21,1.66672436247738e-24,2.01410438871047e-12,3.378013658211e-13,9.89429350991144e-22,0.0204175901794707,0.0338084891513521,5.25591998740011e-34,9.60164129683544e-30
11790,7820,0.937462750132822,5.05746092425335e-05,7.69373397022924e-11,0.0132821124188929,1.10973647203967e-31,0.0126741329690274,4.49596074885295e-11,9.57503437424572e-09,0.0109584445506392,0.0255713923577025,1.50389425255167e-07,4.32875317279847e-07
15129,14564,0.952586816730685,1.89047453865124e-08,2.20246922038402e-17,0.00727788230162341,1.23186602983596e-30,0.00107872301961694,2.12733350357361e-19,2.89645159013815e-14,3.29614830841405e-05,0.0254469713032363,0.0135766262486751,8.30473552029656e-12
14434,13360,0.606786544730715,3.55273109185105e-08,2.40742348122553e-21,0.168394531313767,1.69793248963752e-62,3.65698794276804e-10,0.0670720996959478,1.31024682941705e-05,0.0341931300027625,0.0549274638488219,8.55262935028364e-31,0.0686130920466815
11648,6133,0.873968062799357,0.00446611832749444,6.65688041666604e-10,0.018532168827988,1.05395481588866e-15,0.0390610840906857,9.16676091173127e-22,3.12557996340731e-13,0.00043562302770245,0.0536031817757488,0.00993354643688263,2.14048139068716e-07
9850,7824,0.94374154579371,1.50372302454364e-05,3.41223654103404e-11,0.00623533847652266,3.00842415953278e-40,6.55899420277144e-07,1.28303678236194e-29,1.67101142360806e-18,7.40823521976414e-05,0.0411250250031819,0.00880831269767999,2.51292000608347e-09
14422,7574,0.955395268800439,2.3863682096004e-08,4.77005592273296e-20,0.0086322731361203,1.09327554027052e-39,8.31654666985679e-10,2.69651021506615e-33,7.17210967548544e-18,0.00185438041771214,0.0341180529503923,1.90786283027355e-34,4.77646466968553e-19
9308,13611,0.952357527644318,1.78731995174206e-14,1.05368136167549e-18,1.24635356807844e-14,3.1474231599817e-22,1.56202163968607e-09,1.36100286289934e-24,5.40784953701671e-30,0.00893896535090758,0.0387027617342036,7.43708518552014e-07,2.44073642343033e-20
9294,6861,0.930461865608036,0.000205974153537352,5.08120252646996e-11,0.01149470463622,1.15277026186792e-14,0.000331485941942884,3.41208486217611e-16,2.68789472730281e-15,0.00194727402727475,0.0555579855911478,4.9821160474659e-07,2.11779409655258e-07
18315,13834,0.964120761785755,1.65816196992193e-09,3.643110129842e-17,0.000419758271705314,4.33664548437162e-30,1.73832981734992e-06,0.00928515520309265,2.97353680551097e-11,0.00113977389674107,0.0139402571840586,0.0110925536404929,4.40096825539303e-13
7774,9034,0.679835548692525,1.62701548945224e-08,4.78505625400136e-25,0.179539725859826,2.66884433825282e-62,0.0192585793455153,0.049974821692059,1.13416634805459e-08,0.0200481436825953,0.0506047326879142,2.88219328361298e-17,0.000738420427745824
9863,14092,0.539332196771077,4.33576784497955e-07,4.77611356514571e-20,0.202517439697103,1.10457599070562e-26,0.180191226609039,0.031623664443017,1.3735408431476e-09,0.0291374042753133,0.01719762666318,2.47216609623392e-18,6.59094573290144e-09
11233,6375,0.84224453088713,0.0199339927003474,2.40126451642791e-12,0.0349602359675943,4.94886748332801e-22,0.0279333643734997,7.26369544199495e-05,9.18972426496104e-11,0.000148129624530108,0.0435983048552545,0.0268049212250719,0.00430388331785323
12486,9506,0.937088139349457,3.99872148990845e-17,9.31810065001237e-18,3.60339051024451e-17,6.2639861953754e-36,6.84276165519084e-09,4.00531355208991e-30,1.35626132683203e-28,0.00862327980522255,0.054288574002559,7.81081591599042e-17,6.3429430026921e-21
9290,4932,0.871573767316759,0.000344323463347886,5.33011613824812e-20,0.0586717253400606,0.00393530476281389,0.00119261188992665,0.00897147035349685,1.49554077381951e-11,0.00941266926224705,0.0370373449820682,0.00884830239859992,1.24802157244624e-05
8469,9756,0.934502059939375,5.49472757258402e-29,9.58228171938469e-28,6.79792041961688e-26,3.49045855897465e-62,4.02790553804138e-15,2.73409778752043e-32,1.35776377191646e-29,0.0180770827379034,0.0474208573227179,3.30674010794662e-26,6.96842141197637e-31
14278,4922,0.949441827554211,5.33277029495409e-06,3.63914747109586e-15,0.00060659167222676,4.85847237893733e-46,0.00394038498302039,2.36361355863738e-15,2.03171796984135e-16,0.000487967185587905,0.0414017549626207,6.2472060525609e-09,0.00411613462482626
9440,10477,0.893154729164322,0.000559773310464007,5.12400139230248e-08,0.0211872312973886,0.000138163346665966,0.0309911446424596,7.52870422530704e-05,6.21194661467421e-10,0.00351139550657035,0.0396503643667015,0.010731405127876,4.54334090350816e-07
15528,6125,0.947937184433508,5.20300471934442e-21,1.81786516784049e-22,2.65845333214119e-17,2.43670465704412e-46,1.41495257830758e-12,7.15236366400609e-39,4.28692789273157e-33,0.00424397088481622,0.0478188446802611,1.27214086972333e-18,4.44315200189491e-24
9016,6379,0.923261315253287,4.29028089401982e-09,3.03482430576265e-16,0.000464949023122206,6.48568093523142e-28,1.03129167692351e-10,4.55728749596716e-40,7.89789915421316e-11,0.00272824002526785,0.0735374728878383,8.54814164454197e-17,8.01833809549038e-06
14424,8538,0.945384479661544,2.15636950497776e-16,1.23958721056285e-17,3.24173592421456e-14,9.5537301859582e-46,5.71195408357755e-06,1.45867507442861e-36,1.39586251869146e-29,0.000359896450592434,0.0540900257225677,0.000159886211179857,1.56301135225689e-18
9441,10959,0.93634298642689,5.75711339518198e-15,1.91729719581695e-14,5.24449469248454e-14,2.59184660518587e-33,0.000457906914390455,6.88429913063162e-29,2.66030346529607e-28,0.0302174284482259,0.0317848975073809,0.0011967807030354,8.27690816791177e-18
15403,13117,0.970614179149282,1.67520318632829e-14,3.18683698082179e-13,3.00812904863117e-09,1.30668273612939e-52,0.00152687196476987,7.80202104740219e-13,4.01328635657875e-18,9.84776909934384e-05,0.0277603521587067,1.16027001308272e-07,1.77980707409248e-15
8200,14096,0.914876405123334,3.15636076830279e-05,2.37239622651695e-12,0.0175999797381806,0.00175236749953793,0.00582520900699644,0.00531795399511837,1.02183827696483e-11,0.00392141418318515,0.0439220996823168,0.00675300705516042,9.58965981089509e-11
13043,10470,0.942337748246352,1.75879343443299e-07,5.80077662615994e-16,0.00072105760582875,7.73191137245977e-21,1.42647369982872e-07,3.37703350207448e-14,6.83125960132235e-14,0.00581576629701069,0.0511159873163689,3.68722341897611e-06,5.43478420443584e-06
17756,11424,0.962265062624224,6.77050786167266e-09,2.43364041177615e-22,2.91492979961791e-06,1.09328136391003e-37,2.50236300000259e-08,1.09766726728008e-22,1.94608258992742e-21,0.00211265855051873,0.0356193321012013,5.83870076095858e-14,6.01240217909815e-14
13033,5648,0.941891328431308,4.8061120119721e-11,1.46638345142725e-16,3.80662577801353e-06,3.66433785046248e-39,1.03289754845506e-06,4.62213840551848e-20,4.46336692623721e-10,0.00824099621015164,0.048533714776294,0.00132912056451922,2.39281072744711e-15
17475,9978,0.936767219213992,1.10980162081662e-22,2.4763523816615e-22,1.56990090117038e-21,1.20799818319176e-39,6.88486577325074e-14,1.89479768099957e-40,6.23898968398468e-32,0.00591620783770134,0.0573165729482383,3.22441647863177e-23,1.69282993974354e-28
17348,15524,0.966974172505584,8.42913517278405e-07,1.02891202987903e-20,0.00513413894443506,6.40034988410594e-73,0.00143120645500513,0.000131210261969,3.84208482858444e-13,0.000162395118707895,0.0232644711087875,0.00290153701695923,2.56746506382022e-08
7646,14097,0.89806226604529,0.000280090598264294,6.56867482433879e-13,0.017017636177468,0.000832599996172448,0.0103614262028947,0.00030416905490659,5.12170746692594e-17,0.0257288598408083,0.0474129520453516,2.41348599337809e-16,3.81872347448341e-11
14285,8297,0.95243526933341,1.73945320344851e-22,4.1213681699263e-24,3.52494333803018e-23,5.51807203833692e-50,1.70900659154344e-15,1.49763833199256e-39,1.18382004568807e-33,0.00087645214279298,0.0466882785237948,1.21038648065136e-37,5.41625280927577e-28
11657,10472,0.944107463909064,6.07226612026684e-09,5.04733203417092e-17,0.000829562737018878,8.543154325768e-38,3.1357206642546e-09,7.08038996861522e-18,1.43851036283853e-16,0.00405453578209134,0.0510083973893391,9.25982691656145e-10,3.00485169136985e-08
11670,16741,0.984818753121517,2.09981438064624e-14,9.82020642848158e-17,3.95743298624342e-12,3.20187566157878e-32,4.32585362967385e-07,5.29572040409138e-06,2.91557275168317e-19,0.000336817907799007,0.0148387006609384,3.42300721234894e-17,1.89076304953024e-17
9989,8065,0.952612952596509,0.00031838509965062,4.27853033254284e-13,0.000999671196985073,3.17915053172527e-17,2.94436347177468e-08,4.1424524128031e-26,1.08064338017835e-16,0.00475759717578768,0.0413113504028698,7.06809583615453e-13,1.40834276987638e-08
15255,8054,0.91467006143741,2.18117601793936e-09,5.68979020189254e-20,0.0178756149900272,3.83443093435058e-56,0.00333307398555202,6.46643730188433e-09,9.39820569005872e-18,0.00811932515281898,0.0454802828829688,0.0105216310997717,1.80383782082207e-09
14560,7332,0.958808203265016,1.81461012724566e-09,7.59018675498399e-15,2.67192352116727e-07,2.39188800956698e-41,0.00349886375143827,7.92049478754121e-26,8.45293770872717e-16,0.00332343419145798,0.0332793789530072,0.00108985083210986,4.41892328289435e-17
10836,15778,0.951576509758851,2.05561065906142e-07,3.27006230274279e-17,0.0193491481383634,6.16319901468276e-42,0.00455495794323897,0.00556488645534067,2.88211131695819e-08,0.00392338484759352,0.0150302808896394,3.01802914832969e-09,5.94566765330942e-07
13170,4924,0.937022827932074,2.01133627956045e-14,1.25763938624028e-16,2.17469098614747e-16,5.33091905968728e-27,3.01522600316757e-06,4.8840661270044e-35,9.72366416158179e-26,0.00935912036651193,0.0536148783115689,1.58163816865689e-07,4.45311488924987e-15
16780,8774,0.94468484655703,9.82829332592229e-28,5.73869995873553e-25,7.02491910160175e-28,7.75478731027795e-44,5.741681856855e-14,5.67494822260891e-48,1.42974958252218e-44,0.000131841510964658,0.0551768945313891,6.41740055928667e-06,4.78798267694355e-34
11232,5892,0.965800155100044,1.16869329569663e-18,7.01469484384268e-20,5.38970395900834e-18,8.74324630822178e-42,2.17603700416759e-11,8.33423987805671e-39,5.28016771339041e-30,0.00113301507133241,0.033066829806863,6.83129006258769e-28,7.44279593726723e-25
16930,14319,0.980172602415008,5.29368080354722e-23,1.21365667927334e-16,2.78737314758295e-18,1.67674334782352e-19,1.54775675612242e-05,4.54249786383018e-17,6.69568381108543e-22,0.00576602909601575,0.0140458748280244,1.60933898738339e-08,7.28897308840014e-35
11248,13607,0.129736988487276,4.93242214271984e-06,1.31687378517379e-15,0.414366596732898,2.23201081680214e-50,0.0396482320218197,0.081857051275295,3.66762415931746e-05,0.075631058410071,0.139950431831578,5.13812551082448e-15,0.11876803257732
16230,10704,0.959312224772006,2.7971247018683e-11,2.0574555210842e-20,3.00953961040747e-09,2.04625083041657e-83,0.00801032449993671,2.479892582471e-22,8.56905612797655e-15,0.00462459010914996,0.0266099788926991,0.00144287839038417,2.98304498558754e-10
16239,15044,0.951976898579978,1.13413317517578e-05,1.75627600600191e-12,0.00506697422639856,1.65310121348356e-44,0.00010021152736421,3.1771169600195e-20,1.49447051159537e-12,0.000260139414085657,0.0340593494802068,0.00852500976622686,7.56707377770555e-08
9993,9994,0.964286748631754,2.2563321291429e-33,7.26579966339893e-23,6.45819356328948e-39,4.84727545205124e-49,4.76754753831854e-15,8.83793944130604e-38,6.82724277111369e-43,8.38787426831268e-05,0.0356293726255577,1.41505580464652e-24,2.07646651505201e-39
8601,6621,0.921329360080621,2.26872099387226e-05,1.37521105556284e-16,0.00254005429857289,2.13731976824346e-45,6.78132617001764e-06,1.14020400384211e-23,1.11248115626745e-17,0.00289341449967358,0.0597269459520927,0.0126957943926383,0.000784962240292948
8468,9273,0.950969760987582,7.119641388991e-27,4.15384987799495e-26,6.3823935399817e-28,1.23071888643655e-37,6.2299730719637e-14,2.3397776731626e-46,1.67376103595135e-42,0.00281379398765253,0.0462164450247035,3.58729674130181e-34,5.97388190638514e-28
8053,9515,0.938545232148291,3.80996529767491e-33,2.80048271374358e-27,3.89532456395279e-32,6.55724007796975e-67,8.18776936147056e-12,6.29178303969696e-32,1.83058904354448e-31,0.0136293159454523,0.0478254518980693,5.5840529051491e-19,5.69919045825925e-29
12497,14810,0.702121611680798,2.01780752680231e-07,7.81845248020087e-21,0.197854324533049,4.82185789649614e-65,2.49780981019881e-06,0.0458836381219552,2.05429620380512e-06,0.00640000333948596,0.0476770043212174,1.51496991368766e-30,5.86641167279637e-05
14842,9743,0.953420774875001,1.88902933540958e-10,6.20693631137402e-22,2.02802398919787e-09,1.34998102623243e-41,1.39619727788995e-07,4.37428054290498e-14,3.81736032411173e-16,0.002657016405448,0.0376499690201034,0.0046510491582761,0.00162104870447269
11781,3480,0.924859487512202,2.54028334601487e-26,1.37582356870173e-20,7.30782398419054e-27,5.77830363617583e-36,3.58345341426237e-14,2.44528681931417e-36,3.59795695840738e-35,0.0131297222221669,0.0620107902655949,8.56485400049831e-22,6.48950119462141e-29
8204,16024,0.952121828588228,1.63884157228825e-05,3.34708753036686e-09,0.014140873249377,6.28019230139492e-30,0.00730626463087116,0.000358581052318863,1.99054966110073e-09,0.00177149200364154,0.0242845667222029,5.47449425281424e-18,1.67388693720734e-16
18038,14317,0.950781285808192,2.25266978655163e-07,3.92489984881946e-21,0.024966116028748,7.27871361538149e-60,3.63985411597016e-06,0.0183061193855941,1.8283389565144e-13,0.000247202579748327,0.00569541107643583,1.76433580734377e-19,4.03655778463637e-15
14015,11673,0.938018878931299,3.63039242405948e-10,5.36366870014247e-23,0.0105030418621394,2.16987935056438e-52,7.43184194266885e-08,2.3990937965236e-15,9.57457886098006e-16,0.0129106702869415,0.0385673312337661,1.89193604166437e-11,2.98547239806431e-09
12896,6371,0.869440062940124,0.011706001913186,2.44038580391359e-05,0.000350942423235723,0.0059106415477787,0.00762825847719048,3.43687298033223e-07,4.48039615762604e-10,0.000849360394720139,0.069015147908533,0.0290956954430055,0.00597914095884944
17620,13112,0.963639075796012,1.01223113800845e-08,6.47193870028653e-23,0.00309655765896242,3.12465759336162e-49,5.8773352797613e-07,1.66293504742376e-10,5.29035206849037e-14,0.00814511164599828,0.0249700307583011,0.000148626114453585,4.0871744789621e-12
11940,13365,0.825954778322873,6.39740037620518e-07,1.48250157047524e-11,0.0732557721028258,4.56282662395111e-51,0.0465727427083125,0.00273283078579745,3.42377179900186e-06,0.00919503722930436,0.0412874691585005,8.07262859465158e-10,0.000997305358462409
13584,4200,0.93255806151287,0.000116848650541784,4.59965500797943e-19,0.00146937088939543,9.11179988031724e-12,7.70183816968373e-07,2.46860047514164e-34,1.49142529461143e-22,0.00432574761912231,0.0615282738806568,2.32601023414674e-11,9.27231224520356e-07
8323,6139,0.947181995851766,8.98157999832284e-18,2.56124060076017e-36,0.0161416211250622,5.77319577867989e-99,2.85888404669716e-19,0.00233801657808682,4.94017289804748e-20,0.00559711595635618,0.0287412504887287,1.89026809961972e-57,5.46112733555539e-19
10562,17225,0.883475557637993,4.49020321514307e-06,3.71742364114932e-16,0.0446237018252773,1.04443016879595e-39,0.0443800929522611,0.00113454080278958,3.50378073213647e-13,0.00126047907694463,0.0251210593021553,3.34639588773159e-16,7.81990123726435e-08
8064,15301,0.926674986039201,8.72167614188344e-09,4.4372260344315e-10,0.0221912358994335,1.64773590853232e-37,0.0112225775283462,9.61234913468565e-12,2.61649289072522e-13,0.000306629554005403,0.0391397565926399,0.000464805211101095,4.7053737136133e-17
9710,7101,0.946845783924748,1.26891508916487e-10,7.26316605670114e-22,3.37385482336464e-06,3.43581861273161e-29,9.7327726213348e-12,1.40337179246279e-47,3.77767444569411e-23,0.0107626598422905,0.0423847137829152,8.46447766973621e-30,3.46845859854499e-06
17345,14077,0.889566422743037,5.19196117607553e-08,8.09388874891165e-15,0.00108652597872775,3.80091455982215e-22,0.0758292004431806,0.00564738451891755,2.72441128382351e-17,0.00173774056190637,0.0230991624123474,0.00303348167085478,2.9751408304125e-08
17344,13595,0.974185033698971,5.93211189806644e-17,3.54797035114573e-25,6.60779771420527e-06,2.38016521228633e-50,0.000394247327330589,1.1898021542108e-13,3.69268945820927e-24,0.016533837305722,0.00888027387014331,2.06533125063373e-16,2.3329794703563e-22
8052,9033,0.944379832302295,9.66921876336757e-10,2.71124660422841e-23,0.00073387374177153,1.78244284236692e-75,2.58638958281886e-11,1.9130335200259e-18,8.30846250428637e-20,0.00292178076354394,0.05196446729846,1.85073128339917e-13,4.49009589791577e-08
10416,13609,0.835138239239567,6.59273280529929e-05,2.04562550919034e-14,0.054458921348743,3.10187709747872e-09,0.0539522887547572,4.44808858094826e-10,7.21810345089303e-14,0.010875877949624,0.0455086476771641,4.72090204002749e-11,9.41081038885086e-08
12494,13364,0.917037972830817,0.000873996330167762,3.52477563490146e-08,0.0113478653871593,1.11616192523582e-41,0.0163511618419816,0.000312470179895496,1.52371189871289e-11,0.00325215802873906,0.031134368410768,0.0196877479882398,2.22373923826876e-06
18174,12629,0.898234289371482,0.000125053004172051,2.69126329744953e-09,0.0442325081049833,0.00135231771268108,0.00454136133360122,0.0315652625181473,7.49307509577828e-08,0.00392082989313767,0.016027902707964,3.25063751143639e-08,3.65225441724611e-07
16645,10462,0.860373337075763,0.0060009015023425,1.46417364052759e-08,0.0366823782952966,3.31927847787826e-07,0.02736422108735,1.47102831138881e-17,1.4941716126308e-10,0.00249995992575482,0.0544953084060993,0.0125207906968387,6.27562915534311e-05
13181,10228,0.940251567124711,7.50665629009994e-33,1.11820704410972e-27,1.09567841521025e-28,4.81474085242626e-73,1.9996816437573e-16,9.9187177135483e-39,1.98164336788154e-42,0.00846885414552931,0.0512795787297596,2.05434122206222e-26,3.23679325210658e-35
11805,15053,0.519241026784218,0.0107654941337487,8.63040174969646e-06,0.140735220326725,0.000153708853399068,0.220319547864414,0.0100640202291095,2.62987297713174e-09,0.00771420653991992,0.0488941307436036,0.0160836509293189,0.0260203605639213
10260,4689,0.923508514599184,0.00165261592957207,5.65459628718876e-05,0.000372780422496937,6.78498217190198e-07,0.00121304698945299,5.32524796600509e-12,8.52983484207465e-05,0.00271487451220708,0.0587290959518993,0.0116665238484989,2.49318536319645e-08
8893,13853,0.926193938228081,2.26777420507809e-29,1.02036106889083e-19,3.78597837921902e-32,2.75806945533651e-38,2.00858016139628e-11,2.56910223418063e-40,4.63290018244393e-40,0.0191297055373762,0.0546763562144561,6.29481608112276e-16,2.40347598809537e-34
11384,12402,0.325145418421708,3.00100541157423e-05,2.69643330255835e-07,0.151373934158575,1.66006607496534e-32,0.391854899589859,0.0428554299034086,8.44426173833849e-08,0.00225260387659759,0.0820528937652937,0.00442189757159019,1.25585729057119e-05
16381,16731,0.799151557470001,0.000585650753018571,1.6416940143183e-09,0.0881313144932182,0.00550351005599021,0.00027793483982269,0.0419318508350013,2.3234900437069e-07,0.00640060044609378,0.0387025166738628,0.0192336148994976,8.12155427958862e-05
10420,15538,0.906810041007753,1.77088939296886e-08,2.96478784867234e-27,0.0665738831252839,2.51728878040758e-54,0.00283917543153245,0.00836355321669221,1.24732175335837e-07,0.0129466411884624,0.00246655761399441,7.04568178376715e-10,5.27064437765623e-09
18030,9977,0.637389998892066,7.08449048612623e-09,1.98494429919094e-26,0.151027728702762,4.77964622224097e-36,1.36330699812214e-11,0.115998526609919,0.000302056150237889,0.024656172568803,0.0706255089642166,6.02143259781327e-24,1.01387207077374e-09
10399,4930,0.926622225554222,6.53394418075995e-61,2.89778314267151e-38,2.03992954430206e-58,1.26066003737338e-87,1.64854317423199e-23,1.93620614127967e-72,1.02741003624112e-70,0.0183897106456814,0.0549880638000963,6.37516768651321e-54,8.71343429179733e-61
9846,5413,0.939040722131175,4.94604627864491e-30,2.0031255080459e-22,3.21998899194915e-31,1.30045280430579e-42,7.80853177423444e-16,2.01456764068999e-45,4.12859423156494e-38,0.00123410518706001,0.0597251726817641,1.00724270861775e-23,2.08792552396128e-28
13179,9264,0.936769976854944,5.75522173524529e-16,3.70561451118429e-22,7.74022011756718e-16,6.3735393308114e-33,5.54751264178304e-12,1.089370336606e-38,1.16122256822438e-25,0.0117431826530846,0.0514868404843139,2.10868536238928e-12,1.40326257223947e-19
14566,10225,0.920854359806856,9.57854613739136e-09,1.59975813666957e-22,0.00931570645879019,6.38820697673343e-42,0.0145759172145416,7.94071773472459e-16,1.52703093070242e-18,0.0108030613860245,0.0438911983883649,0.000549140724070178,1.06064428053328e-05
8479,15060,6.77786332086928e-07,1.63446694558464e-11,2.13665601127972e-31,0.689775049472562,3.84238892724526e-55,1.37128731460529e-13,0.200096021216097,6.66995122003051e-05,0.0847963061441612,0.0213445727944591,7.74483995150227e-26,0.00392067305770681
13318,9505,0.948023607437878,9.95655513362633e-13,2.92537586937062e-21,9.31300718652254e-11,8.43922714175847e-23,1.28302432226311e-13,1.75472322559408e-30,2.7559507911128e-26,0.00743436438611544,0.0445420280816695,1.04199877501057e-30,8.27351250600869e-14
15963,16009,0.942090562800551,0.000444156287863782,5.86660672062911e-06,0.00354862266341958,2.80717573260492e-21,0.0137466871180325,8.77252668961121e-15,3.77555705285732e-17,0.000116469577659071,0.0276771210123285,0.0123660375409491,4.47639246663405e-06
17072,16007,0.96310033062495,4.34302943904084e-66,1.6472028721613e-26,1.44035261698345e-71,8.74861478725814e-66,5.20239295513997e-22,3.73408663482411e-54,1.06966627750112e-78,0.0173177311322044,0.0195819382428459,2.39054127691482e-45,6.2070298213147e-82
14836,6367,0.943809220049474,4.38573247594677e-10,7.29179084528462e-20,0.000245371945864911,2.23961178142656e-43,2.5563256481162e-06,1.97173968391423e-31,5.41264111788983e-21,0.00409704472520072,0.0518458059234746,5.89900392334202e-10,1.86407381703363e-12
14001,4923,0.959911177168414,6.08458730648432e-25,4.43569800018456e-25,6.45554788603748e-25,6.87609204382005e-41,3.34242028496435e-17,1.01465360785255e-39,2.14890596171803e-38,0.0046983435747549,0.0353904792568315,5.43146964306762e-38,6.12227811446988e-28
12075,11677,0.919836541024337,4.22251725177435e-05,2.00606454326946e-15,0.000993740656889854,1.42703369297413e-33,1.3927009052299e-08,0.00089107849255854,7.17477311492004e-08,0.0126388766572112,0.0608388290686376,0.0047586206333642,2.61974170133215e-09
14988,13359,0.92494630161235,2.06890964002104e-05,2.58372115421522e-08,0.0121203224760484,3.45352822376197e-13,0.0297563841988762,0.000718515621582078,0.000353734390575198,0.00618854332305681,0.00975188819153844,0.0122646652247475,0.00387893002726859
15529,6607,0.938147757528507,9.98380520370484e-23,1.8916032645814e-21,6.53488662907699e-20,1.39314295798253e-44,6.23924544874954e-18,4.86727662419611e-26,1.09084463105529e-34,0.00431732648301113,0.0575349159884818,2.65489486777317e-29,2.7979138048296e-28
9435,8066,0.9339526242296,2.39968271136536e-57,2.84004675762469e-44,1.74912921905296e-49,1.23399835985137e-91,5.99593235052446e-18,1.27101401779449e-71,2.75333221416221e-65,0.00833714585522242,0.0577102299020307,1.31471105062963e-11,3.68763861100202e-52
14843,10225,0.937728408725261,0.000115091975932636,2.76654272621462e-15,0.00588121050662244,8.28010787246241e-13,0.00105237081406157,0.0012591914730597,7.53887809181464e-15,0.000200589168597736,0.0474775863157566,0.00355113985689454,0.00273441116297588
12615,4443,0.956251792991049,1.38495758861875e-29,7.6113119577673e-24,8.65820729966213e-32,2.31071189729099e-43,7.72696686384443e-13,4.62230367135127e-53,2.02643019647782e-38,0.00163919841745268,0.0421090085907255,1.64638055441207e-32,8.37473640268294e-41
13883,14808,0.932038728603199,0.000212644271146797,5.33022288762577e-17,0.0172569581024338,7.60279283847463e-33,0.0132922264737972,0.00512722478731145,2.86255096812801e-08,0.000702414876508369,0.0158881550978325,0.0154135957154714,6.80234467898316e-05
8895,14818,0.96109556998963,8.59041073966709e-19,3.13911060084229e-24,2.32269667783246e-21,4.79860798064383e-41,1.41672547204387e-09,1.39917970403672e-50,1.462121224576e-27,0.00704442177001678,0.0318600068236279,8.48776133508334e-28,2.31241561291897e-31
9868,16503,0.973475215069307,3.96128963106693e-06,1.97958618312471e-12,0.000494991627188806,0.000379755354633051,0.0114136162280016,2.77957520078075e-06,5.53882591037811e-18,0.00192028728926985,0.0122253276626613,8.40582495217634e-05,7.65260504280263e-09
13311,6129,0.955270258136491,8.08537917908665e-35,4.64833733594247e-35,6.48624502773112e-30,9.37858173521648e-73,5.65583556662871e-20,1.32818456139542e-45,4.35799458755557e-38,0.00542546891446009,0.0393042729490486,1.0554422740569e-48,5.2981865792757e-37
18031,10460,0.855624834731686,0.000471500723070719,3.27934144132761e-19,0.0406112753402979,1.26027688475145e-09,0.0177533628055952,0.0308065770929126,5.5448546078412e-07,0.00273461822377953,0.0314681825307089,0.0205104367094875,1.8656096723788e-05
12207,8543,0.931546540699255,0.00317478076019782,4.45270436167237e-10,0.000962996971536458,0.000232448697085042,0.014404831692872,1.08302532383785e-13,1.72135205689575e-08,0.00856064079604747,0.0320032195844763,0.00911452307997196,5.96584914097422e-11
15410,16492,0.938702695854983,2.16185555442078e-05,6.68685130773226e-13,0.0179235700632982,1.85561271111102e-56,0.0067748200550864,0.0102013269454321,5.67948417271192e-06,0.00610401800798727,0.0202572214090895,9.04909411359783e-06,5.29624644350503e-10
16779,8292,0.953356959580175,3.56600914634689e-12,3.45963853161457e-18,1.9642168747386e-10,3.33581805265455e-47,2.87924774901647e-11,2.39464070826823e-25,2.57549058324759e-15,0.00419379634341566,0.0424492312040323,1.26414932491028e-08,2.1012683250141e-12
16086,8053,0.943905202217719,7.97154472181378e-29,8.18625229953313e-23,2.11680005476704e-29,1.11206798008797e-46,2.35376466777102e-12,5.60552747001919e-39,5.65604665216653e-42,0.00259248562398435,0.0535023121552744,6.68782065165667e-13,1.21137708426176e-36
11366,3722,0.940570196352948,3.35420347477631e-23,7.35967530838651e-21,4.08980230467367e-24,1.39424000328561e-32,2.69686175954697e-10,4.03861740235449e-27,3.30592728765095e-25,0.0149664248829007,0.0444247426065934,3.86358878721002e-05,5.0844501779377e-25
15964,16491,0.934495586381451,1.95844719142818e-10,4.73015151053811e-16,0.00031034206603706,1.98278406817886e-16,0.0106115636037074,0.000288050152485811,4.93054846489498e-11,0.000332311988335572,0.0270870040114445,0.0268751415513875,6.16742155140705e-16
12478,5167,0.945090267786198,8.0859237684852e-27,5.65212228817123e-15,2.84303897733384e-34,3.2667804383633e-29,1.24203194245492e-05,6.97494166019944e-50,1.10915682355409e-43,0.0237671487412321,0.0311301631448641,8.27592924273298e-12,1.50970102721168e-36
12895,5889,0.938768298081832,2.53862298288119e-16,1.82227782081464e-22,2.84522929208537e-09,4.57906050319298e-54,1.92853128689769e-08,8.83639769693653e-16,9.56604225412985e-17,0.0128600593963652,0.0483716203912593,3.63778411759225e-21,6.96377385421083e-20
15806,6607,0.952583179828088,1.89004420579607e-20,3.7828315920599e-16,1.47453056876219e-19,3.55689298730871e-30,1.09185595981847e-07,1.75173594115766e-37,1.97249068033671e-36,0.000502767352918667,0.0469065976375877,7.34599580960653e-06,3.54371666362678e-28
10835,15296,0.793170946837151,9.51294474255284e-06,1.39912061805398e-10,0.0714534131169999,4.92312936529921e-13,0.0636112630182366,0.0196158511325572,3.61110639420004e-07,0.007910188619046,0.0259160363015896,7.13096687534919e-06,0.0183052958117584
14430,11431,0.644212290495982,7.31808671527633e-06,2.51831480029837e-11,0.121853999612103,2.65566588355215e-25,0.141409728437402,0.0169705825073173,1.41221673365105e-08,0.00924507181897545,0.057810663025272,1.1030770715615e-05,0.00847930109816741
12759,7095,0.935784414716185,3.71557442775323e-22,6.19980710181978e-19,1.07920723482102e-19,4.39100419632309e-19,1.19479206800918e-11,1.2757191789678e-39,5.15847205598916e-26,0.0161196480734623,0.0480959371984048,3.93004152667988e-20,5.49595833838235e-25
7637,9757,0.877249787786304,4.35932258800111e-06,6.42095293472183e-27,0.0434858458946487,5.97256511862952e-41,1.47466399985056e-13,0.00444118286647244,2.97962469813197e-09,0.0105717580953211,0.0642470630548601,5.28986572496162e-31,3.35657517556349e-14
13032,5166,0.926557640655798,0.00876387717702576,3.33338946182968e-10,0.000742750962184166,1.51850295899305e-09,0.00750723924880755,5.18882080987632e-10,1.13025988645989e-14,0.0024977507165713,0.0539193475164588,1.1391352374991e-05,4.36654794280962e-14
11111,14331,0.00172302553090776,4.36219781952035e-06,1.93161859241543e-16,0.69114272150463,1.51718462572245e-20,0.088274889891875,0.0920901177585152,4.06159104403693e-05,0.0419692765884945,0.0431255970229866,4.3585987308985e-23,0.0416293935943307
14428,10467,0.864295044041181,0.000242605090459632,5.42452502984912e-16,0.0333236162465778,1.48507782267423e-28,0.0389824803927626,5.79076921943665e-12,1.46770912608682e-14,0.000731999644851681,0.0479784733747064,0.0144196398278533,2.61413758017379e-05
12482,7095,0.947849901260748,9.25428906251542e-07,4.4685588596597e-17,0.00104253891866751,1.09612821926531e-41,6.5880356774959e-06,2.89829494309259e-15,1.21923409250591e-14,0.00107479849178451,0.050009579659884,1.49402624940266e-05,7.2794182306632e-07
11107,12402,0.896137874107916,6.52621062259896e-06,2.1985042806513e-12,0.0501370992511892,3.21084056224737e-26,0.000347507596454605,1.16501566400404e-10,7.44222733835005e-06,0.0265022903318057,0.0268610039367151,5.15524662282355e-17,2.56219257990018e-07
9573,7825,0.946728965310402,1.88789439182492e-08,1.31152068890961e-18,0.00642804603474454,8.23252074633222e-22,2.51416656672367e-11,1.71787902828767e-42,8.29027363449402e-22,0.00326403020283372,0.0435789395067768,1.50043008402397e-14,4.11427867498312e-11
18309,10941,0.807147318806472,6.65243946204769e-07,6.20549006547086e-28,0.0742553297965687,5.06754833597078e-38,6.64857962350805e-10,0.0694316929673098,6.04324467596496e-07,0.00632596669717323,0.0428348603059747,7.2556402678246e-19,3.5611932298446e-06
8605,8550,0.93540452061497,9.56551386923171e-30,3.19359049496943e-25,1.23663209368852e-34,1.25696438495444e-50,1.9127044532696e-18,4.03913644624533e-48,1.51491617342824e-45,0.00584300610645268,0.0587524732785776,3.87387695305754e-40,9.39003723998597e-36
12222,15775,0.941258398444408,1.11487827349043e-08,6.555214949981e-14,0.0261626376803139,7.92197847189187e-37,0.0150571168075894,0.00208489590398202,3.32574037698215e-11,0.00270139980914308,0.0127355401700768,6.55700414529846e-15,2.37435444807082e-12
8332,10479,0.934897882893153,1.01681166922272e-14,7.35787337888771e-21,1.61122092233301e-13,2.73476209291165e-25,4.04905716723244e-08,2.14846618682713e-40,6.62010249679954e-25,0.0094763809911718,0.0551493136045923,0.000476382020324784,1.47426796556157e-14
11930,8543,0.945055708352893,5.93111461233228e-11,9.01845951117694e-26,0.0218761157504457,3.9129393018937e-45,4.40340865676323e-15,4.35027626036249e-13,6.99400673553235e-12,0.0022938279908468,0.0307743478385581,1.09769969337957e-37,5.1188861768889e-13
11241,10232,0.948169980515926,0.00170239887953643,1.35963555978128e-08,0.00881756868783125,1.05620215612963e-07,0.000905876706831794,1.6083870590491e-17,1.88290199599489e-14,0.00280208216096018,0.0376019379209039,3.59113606882317e-08,5.91325700012401e-14
15685,15527,0.969466379920845,1.46100196778697e-20,1.14075215997265e-08,2.99718639609399e-23,9.35907891509902e-33,0.00150871083571915,2.68911194403061e-10,2.52411459844414e-24,0.00129807861840367,0.0234846742066796,0.00424214474191941,9.10252976362444e-28
9175,16264,0.990120402249848,1.89736624184535e-13,1.38853420841302e-20,2.86825508254874e-08,3.80338327050757e-26,9.71000252181869e-06,1.28846420785393e-06,2.97147955504842e-20,0.000429006977338595,0.00943956261093479,1.01240814897909e-09,1.43358825968632e-18
12757,6131,0.932094758292095,2.72705086487823e-06,2.73219378781031e-19,0.00481146464958935,6.75333029188951e-28,1.12872477717542e-07,1.50921342785026e-14,7.71679304298954e-14,0.00277750569308087,0.0603134027802301,1.29886343489758e-15,2.86615680933538e-08
17762,14800,0.967438396377872,2.31625770500364e-10,1.74637083413801e-11,0.00231295746307125,0.00338118075686331,0.000105344047272745,0.00255401752645198,1.00102571340245e-18,0.00365596380431152,0.00417883283309896,0.0163733069419683,1.90417897725358e-20
9589,15539,0.833824505076185,0.000189018615523733,1.72259482582835e-13,0.0795134932412331,3.44207612491607e-20,0.0169738952420135,0.034276792192084,5.66201519905474e-05,0.0103238618288341,0.024383858138741,2.71200010325146e-06,0.000455243513119882
15808,7571,0.890089581915445,0.00121980934774025,5.99593030667526e-12,0.0195322693571757,2.84237422385304e-39,0.0155657294465031,0.000927949460760591,9.53804488471616e-13,0.000541080955176418,0.0432831625605034,0.0203751435754412,0.00846527337430441
13307,4201,0.909569656988011,0.0017210856446105,2.07287902145779e-21,0.00924147734414854,1.38634197326207e-42,8.93406816036415e-05,1.53601187496179e-13,6.81280135228933e-13,0.00519629102888523,0.0581569367661725,7.48169925596961e-13,0.0160252115449853
15959,13598,0.900828703556748,0.00126583258649961,3.69523095973166e-14,0.0218344202132238,1.26001574796014e-07,0.0482123160502612,1.43765990696471e-06,1.47888396179665e-11,6.88300795719446e-05,0.0277882261999836,6.08418629388559e-08,4.67955409897014e-08
9446,13370,0.946860232451969,9.15116885947585e-26,9.7410674124101e-19,1.33850084418125e-25,3.6735653840441e-33,1.51444388536365e-06,1.33784945032367e-35,7.25704499848266e-37,0.00832419095924035,0.0448140621449054,9.68346092397192e-19,4.62040073156111e-38
12339,4926,0.956684428736483,4.01659210141064e-37,1.01564977348645e-23,2.00998108040322e-39,4.11060097234476e-68,3.17480054956947e-17,1.79648692933999e-42,1.60175625432353e-43,0.00291078451434527,0.0404047867491712,3.8767873448663e-45,8.17746841010747e-45
7498,9516,0.934579557112356,0.00646740504787845,3.61069321294013e-13,0.0212702061148026,4.92456303678382e-12,0.000528887044886577,0.000852194181547304,1.99181843106376e-09,0.000811491808672738,0.0333074671890888,0.00218278949239636,1.12674602908974e-11
10561,16743,0.99036952146861,4.97640195166979e-22,1.54213562746642e-17,3.70808735129195e-22,6.3728453534508e-31,0.000307128973086735,7.4182232756392e-39,2.27947482929149e-32,0.00659545732600322,0.00272789223229249,7.16356614736029e-15,3.11558817632944e-33
15817,11911,0.947457563275019,1.50001877559269e-09,9.02684376531407e-15,6.49615483098232e-05,5.45391927507092e-34,1.79401000962292e-07,7.56701894291332e-15,6.53857052692566e-20,0.00144422036983062,0.0510330688659817,3.99504557960204e-09,1.04477710457169e-09
15680,12634,0.941521671383637,4.58441565739872e-05,5.77029927828234e-12,0.00243728587552234,8.86248867232039e-15,9.70412689742818e-06,0.00330807751439535,4.58071757046693e-12,0.00457740777333436,0.0474731012691966,0.000626907889342237,7.40859961650614e-13
8470,10238,0.950824180106702,2.24719474800245e-19,3.4157739163694e-26,9.02809439232743e-13,1.01832652336943e-52,6.69509612503727e-10,8.20396126027132e-25,8.36088126791001e-24,0.000634302735409047,0.0485415164791828,8.29354837548374e-12,6.1457804201841e-22
11504,3481,0.928998451097404,0.00601388942501125,6.19132983250911e-13,0.000526830234218206,7.98876355881755e-18,1.0260883601547e-06,0.00710886910773888,3.0821639434747e-13,0.00301040714408415,0.0543370325789312,6.52812020360266e-07,2.84151130461738e-06
14976,7090,0.948807169120729,7.63944327960855e-11,2.3074281802353e-18,6.2177817038017e-06,1.1419628896746e-30,0.00398106998430061,1.52662485133861e-20,2.48677689901058e-18,0.000120430666919286,0.0337830477607834,0.0133020646072572,1.91229512811907e-12
17752,9496,0.953157646307087,3.71768259794722e-07,1.17167323533903e-17,0.000112584609822096,3.46226817562801e-34,9.25431831866824e-08,2.28402070308639e-13,1.13920966518769e-15,0.00704875181671622,0.0396805529383378,1.42072924548863e-11,2.15748286849648e-12
11106,11920,0.955709455802182,3.3139127987885e-05,1.6812751939418e-11,4.74547720694289e-05,2.29512689550794e-07,0.0118688569457178,3.88663742530549e-06,2.44873813562846e-15,0.0104116407988646,0.0219228267874043,2.44913551476341e-06,6.04633291078573e-08
12762,8541,0.938620576898584,4.90697872520335e-05,2.53014514441938e-16,0.000805322925088178,3.53028768432253e-28,0.000153342857029537,1.46751121990556e-27,1.27026108770113e-15,0.0070951689447303,0.0527198308638579,0.000556687662398632,6.10575498392777e-11
14857,16975,0.891170344715231,2.37019021443602e-07,2.86651061055853e-18,0.00998229333695122,4.45036650450637e-49,0.0679837330885395,1.67996425659278e-07,3.44196570500124e-19,0.00231900115241876,0.0285442088786289,2.82114314214997e-15,1.38127807120132e-08
17070,15042,0.977551523584357,9.78671613112703e-20,4.40865893413887e-21,1.16293582453204e-17,1.78455939757687e-60,0.000353956174052544,4.32179280190435e-30,1.46199651376955e-29,0.000136881030360674,0.0218931534788861,6.44857323440266e-05,2.10796793603709e-31
18726,11664,0.932931308221327,4.29819494377183e-07,7.34612127755651e-27,0.012348084205732,1.05987072841533e-76,1.16989843155198e-09,1.25740264936622e-10,5.65767458082018e-18,0.00845295552666019,0.0462672207880051,1.38879623364747e-18,1.43143103204152e-10
11924,5650,0.956418185903473,1.25928297299398e-13,6.73542352913553e-17,9.4243289286299e-14,1.989300245126e-29,4.80172065108891e-08,1.46440079605585e-39,4.67437093800043e-21,0.0055402484109368,0.0380415176675609,6.02624251170129e-13,4.10086811050035e-18
12484,8542,0.940907114305912,5.34907717343007e-33,1.64573024551999e-23,1.18966236537835e-34,2.58943424278017e-35,1.17246931895165e-15,8.44566324343409e-52,4.14396300182925e-43,0.00924072326668381,0.0498521624274025,4.9986589214209e-39,4.23961734588006e-39
13459,10710,0.939658206105055,8.65922836761717e-09,5.62650545746798e-14,0.0130052282615196,1.43628507154816e-13,5.58687632614952e-07,1.50320574828962e-08,1.40056378080847e-13,0.00439454771838751,0.0429414181767257,1.73589806655308e-08,7.26817137902113e-14
10977,16983,0.9698877750432,5.37700814942198e-23,4.69495639675233e-17,3.73976378424469e-19,1.41965117690463e-46,0.00162926825612309,4.17880955020625e-23,3.27479414453351e-28,0.00070195338339141,0.0176259067349099,0.0101550965823757,1.41302830861756e-26
14423,8056,0.950354748658486,1.24361153039123e-27,7.81410486289131e-31,1.05013186338935e-25,1.11075627083498e-43,1.98501571734545e-17,5.91576117963088e-40,1.08547257592015e-40,0.0146284555856093,0.0350167957559046,1.44613642355279e-37,6.03490675108858e-25
15537,10465,0.903075416775116,1.96331041381727e-07,5.33105118253667e-19,0.0304203244380791,1.48091715850675e-29,0.00859387864567565,0.00275680536381673,4.64418100993007e-13,0.000581413275917837,0.0460035132604158,0.00856737935727,1.07255220328512e-06
9303,11200,0.942469079298021,2.62344082622296e-09,1.76427298141127e-19,1.48704933875693e-05,9.80523587667976e-47,7.13276342232274e-11,3.45724626665838e-24,1.62482735772786e-21,0.00656287848985507,0.0509531125356779,1.64838748781093e-20,5.64882893549679e-08
14858,17458,0.775530266013899,7.10778130231588e-05,5.99922225874981e-12,0.0205156661315327,3.24899245464457e-20,0.138147329101196,0.00693592761398033,1.24720147833801e-16,0.00069110844445233,0.0341677769901576,0.0239408474336288,4.52130310850689e-10
9579,10718,0.814641824997697,0.0131502866033104,1.70245258443382e-09,0.0264597119709477,0.00211352350930684,0.0648610599867341,0.0085313290433406,5.46683413799992e-12,0.00356736214111111,0.042744993102854,0.0178660167387767,0.00606389019800147
15945,6847,0.940003929836502,6.10626572877656e-09,1.75890310445618e-18,0.0132716017844385,6.81745913750498e-38,1.45377457098083e-07,6.81191339197566e-10,9.7735135063268e-14,0.00561764489193561,0.0378590832535555,2.09793577314765e-05,0.00322660871082513
11251,15054,0.000521873432570598,0.000135102907813757,9.74011794260603e-09,0.481882591813268,1.71842670149099e-09,0.189942556555799,0.0797256995338883,7.33433253877318e-07,0.0343718452746818,0.0718136857206508,7.04548288598313e-18,0.141605899869529
12775,15292,0.821478817613943,0.0138260813948072,0.00137278261157844,0.0485330013872932,0.00249270652837984,0.056166299541927,0.0103912037238578,6.57306963728134e-07,0.000170580040868933,0.0344100143292511,0.00981874601312016,0.00133910950800982
7773,8069,0.915239100134359,0.0178007520976799,1.22601467518505e-10,0.00535238387252306,2.94168638921272e-13,0.000774343860026099,0.00355413132871268,1.97130801243337e-10,0.00114801966762005,0.0551734272680916,0.000956742837561459,1.09861339933474e-06
8743,8308,0.871378896964561,0.011055756922683,3.63261921936924e-14,0.0129393610866374,1.96169266022614e-05,0.00103903758942777,0.00125263546063639,4.34097857240546e-09,0.000169000536197782,0.0759734971813363,6.526661902196e-07,0.0261715403247133
14706,10948,0.944039841675128,5.48211157847702e-10,2.27135332459447e-28,0.000162360858482928,3.37471069656668e-66,6.73545506779768e-12,9.28653155554844e-19,4.27262931252447e-20,0.00278872555260055,0.0525253782181465,6.25935118995908e-21,0.000483693140695098
16369,10945,0.902377113724696,1.92642106205883e-05,5.8400364220092e-20,0.0287430073664306,6.11580399330688e-59,0.0167551745523931,1.3592673444577e-10,1.58034640757254e-06,0.00168067605824362,0.03667698207364,0.0137399439305255,6.25760111624052e-06
16791,14078,0.95207147305919,0.00580144490043387,4.16988579947093e-12,0.000632990556455647,0.00682879288270673,0.00345042619449091,9.59047080248379e-10,2.21965332740578e-08,0.000425504290952465,0.0235526011905323,0.00714637754647346,9.0366219014175e-05
14997,17698,0.94109273700042,0.0082419369843817,3.1688397471832e-18,0.0100928858456356,0.0004145312407751,0.00944359697599216,1.95071099307866e-16,2.47533261918682e-05,0.00344283458797586,0.0200862515729574,0.000291818105859245,0.00686865435981059
11797,11195,0.94114071269246,3.41871608829492e-05,4.95834445311223e-20,0.0052565144993452,8.36031882902297e-32,9.12512875447484e-07,1.95721269331169e-24,2.62672982386405e-13,0.00730878979617234,0.0448673810651371,4.93786649763899e-17,0.00139150227286456
10544,8064,0.927984840099809,2.42939997837437e-06,3.44499931597461e-18,0.0265000548751865,2.07477639239135e-42,0.000227520871883063,2.32414908423768e-09,1.43589727495299e-12,0.00121239536500103,0.0440726313795583,1.63233195775241e-18,1.25682998970412e-07
13729,7334,0.940696611750483,1.1843296173161e-15,1.49809892683654e-19,2.32738960229906e-12,2.90724743135198e-33,4.0212055952582e-12,1.01561059187214e-29,3.22961956196956e-24,0.00759067619719599,0.0517127120459705,4.1332568391377e-24,2.17100451430942e-16
9728,15780,0.92533773882535,3.02001389889356e-09,5.70442009956493e-19,0.0263692684720637,7.71158739952456e-18,2.03375968662734e-06,0.0285200211687315,2.12016170755151e-09,0.00621019577741727,0.0135607368565403,3.31160167863974e-14,1.73371078251685e-15
14996,17216,0.911938301743607,2.16368024935967e-08,5.26784095531313e-15,0.00226259616315225,1.7192292991326e-55,0.0443141571192472,4.00946809470343e-10,1.13398193977472e-15,0.00457526851947031,0.0183115645903397,0.0185980897822919,4.41362340834229e-11
13726,5887,0.946308491481691,6.02510941100084e-16,9.6499394620578e-11,5.14910741845468e-18,1.21100255898919e-20,3.17840966401011e-06,1.80043270744104e-19,5.25818343636236e-22,0.00214782761014543,0.0515404237884957,7.86135036123475e-08,5.45688634130387e-28
14152,10950,0.961608810766985,1.43530703904068e-33,1.21014818319543e-29,7.37834734323254e-26,9.82455761598793e-77,6.93789547846648e-16,1.47283027457178e-38,2.17283018263857e-36,0.000235989369059833,0.0381551998639541,3.57589683317848e-23,7.18592593873786e-32
17071,15524,0.973704638522424,0.00503333514729708,5.64665690492856e-08,2.697552675147e-08,0.00587867703222368,0.00281810466735994,2.49025644769821e-19,5.95591434765213e-20,0.00618189865631174,0.00623415075126319,0.000149111774244434,6.78045755232193e-12
12768,11917,0.930623259785766,7.13875927505045e-09,1.2879441224187e-19,0.000369175022704724,4.91366028326085e-43,8.60501273252728e-12,8.72855615450564e-13,3.79357375009054e-09,0.0223430220121776,0.0466645216228492,1.18923156786444e-19,1.06146914419105e-08
15965,16973,0.93723687587579,8.43688620526458e-11,4.76762053807172e-20,0.0264548242043678,5.9971573886349e-49,0.000128925507060642,0.0136244583814535,6.45140118608934e-11,0.00737312844024561,0.015181787435152,6.66646842294941e-12,3.81165619105483e-13
13885,15772,0.924587735263372,2.67410869354939e-08,5.17407636563615e-17,0.0106314521246199,1.27133311583123e-19,9.01978694143695e-06,1.97293510826961e-10,2.06963667029274e-18,0.0367399962896835,0.0280317688288272,4.82590897587919e-15,7.68170932640637e-10
10139,13610,0.809840899136996,2.05050955998876e-07,3.37043437701067e-23,0.0875382716746029,6.79788286595702e-54,0.00121363410111005,0.0401783163965952,5.61821406577386e-06,0.000313254255770942,0.0609097760052655,2.31973010159644e-10,2.49326644892162e-08
13035,6612,0.936996223401473,1.04484892747171e-06,6.15198092959008e-10,0.000113741805977889,1.34056833507377e-14,0.00983470596914215,1.349755749944e-11,4.44219349678049e-16,0.00028753359969127,0.0441742273003822,0.00859252126545508,1.18024103021298e-09
16094,11910,0.945527194206369,6.39363362537039e-35,5.16572632105722e-26,5.46691442379487e-32,1.23863774899824e-68,1.86507541181586e-10,8.98585744116298e-38,1.07503030158149e-42,0.00240513519964177,0.0520663092397275,1.3611677541693e-06,3.74380241083922e-38
13731,8298,0.94510695710495,3.0132382489952e-27,2.15011830848919e-29,9.20696458527555e-26,1.27041978569222e-63,1.27685116623942e-12,1.53755914803535e-64,3.82985767506976e-42,0.00255090100447893,0.0523421418892944,4.53883780770638e-31,2.91692713414108e-29
9712,8065,0.938259894508038,7.49384513651494e-32,3.67164136565685e-29,1.69734119087581e-28,9.81761946135009e-28,8.16893049812045e-10,1.11461396823799e-46,3.42472777097815e-43,0.00180469574996257,0.0599354089193867,5.71955754609645e-12,4.20021716960247e-34
9302,10718,0.935646258771384,1.00090650794347e-14,1.07540608582233e-15,1.75722120406859e-12,1.53338605264411e-47,7.31094848129972e-09,8.15726262868216e-28,2.87910756705687e-21,0.0149257578345146,0.049427976081385,6.80344300779123e-20,2.89672831436469e-17
16646,10945,0.946352056951631,0.000900260015273527,4.57318511784129e-11,0.00226076068353361,4.67111547299883e-25,0.00182861834032024,4.29673950378659e-10,2.31245001748115e-14,0.00372159999460893,0.037584404650489,0.00735229867946161,2.09253155575917e-10
10965,10715,0.920783581122297,0.000504136779343262,2.690274120418e-08,0.0117617630893127,9.01169628917079e-07,0.0173126216473782,0.000343804379242895,4.59121864544648e-07,0.000315875682150473,0.0488572325198238,9.85025030850011e-05,2.10950831319945e-05
8878,6621,0.945898228569749,4.72147706383374e-14,2.8189435762715e-14,2.53802794245562e-10,3.93479259577984e-45,1.0773522647456e-07,1.18881444512742e-37,2.98606372624434e-10,0.00181941589978013,0.0512414905273411,0.00104075671541134,7.45442397706955e-15
7775,9516,0.93323240888178,2.49421664702456e-16,1.72091129584323e-24,1.66038248120755e-14,1.54808813267171e-38,3.14762877141238e-13,7.30616717607856e-30,1.78260741098491e-31,0.00898274354165216,0.0577848475762358,4.87930307426877e-28,1.45937508572666e-21
16235,13115,0.950771129185654,8.62134736684723e-05,5.52626570911742e-09,8.46285531213257e-05,9.21979633112046e-08,0.00770186736401743,1.72642858471596e-15,6.08136280345577e-17,0.000827683381497457,0.0342185034256982,0.00630987688900685,3.1050766849702e-12
9157,7584,0.937111211131416,1.80829240057681e-25,9.70227219331093e-33,1.36379029292186e-25,5.70516854515354e-65,4.1579278909618e-17,1.07870441877617e-36,1.28234255220171e-28,0.0316352116990335,0.0312535771695501,4.78240475396105e-46,1.63762037843554e-29
8619,15783,0.978688074602091,3.67821674038949e-09,1.94616341326661e-16,3.49693951735226e-09,2.73579170351019e-15,0.000763080327878587,0.000570319629875999,7.70568815754544e-18,0.000153436703096233,0.0198250815618986,8.62497448852216e-17,5.44983117281512e-16
9870,17468,0.973233425048092,7.14182867864195e-07,6.63145690617346e-15,5.36412561799024e-07,1.34130797998172e-29,0.000338930268001213,1.6905831147043e-28,8.37205356032431e-16,0.000178320034910212,0.0245784278905657,0.0016696461628741,1.19937328614429e-13
8461,5898,0.877424754088153,3.62460455596942e-05,8.83501063143289e-14,0.0549682835366274,7.30014567855914e-22,2.27333059256866e-10,0.000511288171708666,6.16437441695014e-09,0.0126207735969105,0.0544386481167936,1.62835567795533e-29,5.24514554660739e-11
9567,4931,0.928499709086152,1.58193060959377e-11,1.63637712746779e-15,5.22049383503221e-12,2.9749322503103e-37,4.58508487368651e-08,4.28931834316059e-07,5.40326759519976e-14,0.000571676985384295,0.0612034721206327,0.009724667004052,7.346584662418e-16
14425,9020,0.949796944389805,6.80889764114652e-05,6.73760566313139e-13,0.00611892776278103,1.19128057531625e-27,0.00405765627950258,2.65632829632821e-18,5.87185003382409e-17,0.00209562152577145,0.0349475687355328,0.00291519231516597,1.43563109829829e-11
9312,15540,0.890919958695686,1.59689115567857e-08,2.1790870802556e-21,0.0552391158614593,1.09769986601805e-48,0.0129051929838938,0.0261248533169769,6.74610920379208e-06,0.00259476663310268,0.0121029285283379,8.14487398942789e-12,0.000106421894283135
8891,12889,0.956965369189577,6.52441095569224e-29,7.28993850533147e-22,6.83014708039716e-28,2.69717724860958e-22,2.56019928239966e-11,4.56251404583644e-32,6.413334187208e-36,0.00212358875687776,0.0409110420279435,8.93930833092676e-20,9.48476002800774e-37
10972,14572,0.000101927515878822,3.15792895538989e-05,2.43813836757173e-30,0.666877800070118,5.39481244839654e-40,7.0817960389002e-05,0.0991355458523184,0.0283282506032573,0.0449316505771839,0.0185057434754626,1.20192288549519e-31,0.142016684655839
11935,10954,0.940905071425517,2.46872561609197e-12,1.23656016291192e-15,1.8503964315391e-11,3.72411509016084e-22,7.41287288000404e-05,2.82590455599802e-32,5.42959273738586e-25,0.00911186322419214,0.0499089336842881,2.91622861490191e-09,3.12716355788854e-21
14554,3957,0.925298090425233,0.00364791057187988,2.65568766942645e-11,0.0222306969089851,1.67441100152565e-06,0.000716606675257446,0.00408903181020161,2.55555321756921e-12,0.00735301965215805,0.0359382084947444,4.6815812194213e-06,0.000720079440207232
13747,16013,0.920053196690584,5.49474203469233e-06,2.52884474386893e-15,0.0193135167948267,3.13968345572375e-45,0.0195624836315395,0.00244515074612771,1.86974561257853e-07,0.0134749113608304,0.0215630475123027,0.00358108887089786,9.22676292742646e-07
11803,14088,0.265056623961162,0.000515949823014303,2.60657306128134e-09,0.354809295418535,3.402420921674e-12,0.170467287229498,0.0714183636979393,2.31416860432054e-05,0.0233593438111979,0.0587679510920865,7.51620375523898e-17,0.0555820406705479
17623,14559,0.981530206634524,5.3730919638196e-17,2.10834612381534e-15,3.06601003457461e-18,9.0278533499912e-19,2.01720059264002e-05,9.28325858050494e-35,1.34481100262107e-30,0.000110192160587932,0.0183391266212644,3.02577695238825e-07,5.25660436270166e-27
15673,9259,0.907045817605222,1.82174415071859e-09,5.743562268572e-18,0.0261051272120119,6.93251214167567e-82,0.00343891067840998,1.40797560215068e-16,3.13823542176932e-14,0.0153655291815622,0.038364551410754,0.00391092405747599,0.00576913803278867
10825,9992,0.943409058423352,1.86710610562558e-19,5.57277510656044e-26,2.23456962785749e-16,1.5317594999513e-42,1.44434105124571e-09,1.10020432588728e-40,3.74982390685738e-29,0.00398806407788809,0.0526028760542962,1.22140514369162e-13,1.78725424293132e-21
9455,17710,0.942439691199718,5.30114802577842e-05,1.37895034548143e-05,2.62645377758606e-06,0.000384185357946551,0.0267394550530609,0.0130992923090883,1.6587782734077e-14,0.00100525090056117,0.0123589915002926,0.00390370624182594,8.12432214684134e-22
17202,11908,0.955689723510742,2.59556071383761e-36,1.58524248916326e-22,6.44845433586708e-40,2.18473987031689e-42,1.47971251978521e-07,2.97275549156692e-50,9.11567259932768e-56,0.00900259880129059,0.0353075279206829,1.79603220432817e-09,6.74223664399738e-42
15547,15769,0.937797697029844,0.0112295077727203,5.57990163569524e-08,0.0107223531094663,0.00213654422019311,0.01479584299807,1.39904815049697e-08,8.53718364605798e-12,0.000129011335262767,0.0207114166990929,0.00239607861739423,8.14784199214407e-05
17896,12630,0.847714101698898,0.0110322415726367,1.13205407465164e-06,0.0192979137649463,0.0107006461998839,0.0351442107940086,0.0122297013774418,2.36060156588335e-08,0.020230421702906,0.025193693931389,0.00777740247088315,0.0106785108269163
17204,12872,0.863059282981122,7.08050066115202e-07,1.61574503641067e-18,0.0126669936670091,3.39328960331477e-18,0.0429232850198147,0.018310740114902,6.54439389993558e-16,0.00195555109940883,0.0145861472172678,0.0310351142464622,0.0154621776039466
11661,12401,0.782290114149078,2.10736476041651e-06,2.45979976083803e-19,0.0414914024559636,8.40549521399031e-36,0.106753257279087,5.6546766747143e-07,8.92026901553277e-16,0.0262581190700059,0.0431019829113152,1.66578520810935e-12,0.000102451300455957
15265,13358,0.910159280635742,0.000119979553189561,7.87868198507622e-09,0.0246315881432259,0.000703241651953061,0.0386919594783064,0.0003298656806287,7.21619120591452e-13,0.00185789105870862,0.019167214874974,0.00333031214004088,0.00100865890382684
10819,7099,0.855531786130386,0.00066097036486101,5.97389623168108e-05,0.0270614112156249,0.00192491383278296,0.0372686258406245,0.00620390201080297,2.83761455736937e-12,0.00422482459521917,0.0539511806473601,0.0129784880910999,0.000134158306083599
10408,9269,0.950712327174889,4.94746220343604e-05,1.41512810517117e-09,0.00416599718467998,6.38767280656053e-21,0.00266594936461395,2.57571900393686e-11,9.10383548640977e-11,0.00150438735331751,0.0408763332519581,2.55295165813415e-05,2.03347791551763e-15
10273,11440,0.952585889747401,0.00600800083835631,4.60335569770822e-10,0.0078105886230785,1.44789222260549e-24,0.000785683078520626,0.00014946360812265,1.39721591914233e-06,6.80802514133361e-05,0.0292317648941379,0.00326928109954461,8.98501831703877e-05
14564,9261,0.935817753535573,2.81504611016067e-08,7.20256233847869e-12,0.0207096269702668,2.23591677193605e-40,0.00960670398439799,1.53076305113482e-05,9.23652253095559e-14,0.00123708263504742,0.0325518526124991,6.16406603684226e-05,3.81358009694218e-09
14154,11914,0.770517640691424,1.53538114891626e-06,8.55199734593859e-20,0.0581907274504293,4.28249624329827e-43,0.0999694189449227,0.00555866087887575,4.67432370554801e-10,0.00463316562587765,0.0442676180761625,0.0165422700544272,0.000318962429299879
15391,6848,0.95627404273011,4.46116350805285e-11,6.66669131791897e-13,2.23185325772091e-10,1.08076160182549e-39,0.000437108094519136,1.71066636081851e-17,2.63204079265697e-17,0.00126334687710164,0.0392283608385833,0.00279714119122251,2.19933212749249e-17
13730,7816,0.922220202833035,8.54659318587367e-10,6.96094664493066e-19,0.00534637102374873,2.43715358420083e-35,4.34347873968816e-11,3.79880307566817e-22,1.26163457062204e-19,0.015817928383805,0.0566154968552797,2.45688825558751e-13,5.79227542815735e-12
9730,16745,0.980975473624245,3.71161537826935e-46,6.32878803040839e-31,1.0693638720449e-43,1.16301943262528e-60,1.21527859580239e-11,5.16467455298449e-45,1.66306703194283e-54,0.00901704024368364,0.0100074861199182,2.17227272961623e-21,8.71103859588083e-53
14003,5887,0.950810991733695,2.83857372178367e-07,4.11707444830755e-23,0.000668739660458632,1.61953254754105e-39,0.000186006301990602,5.89160128881798e-26,6.40070206797031e-25,0.00865612020424102,0.0396778580648841,1.67526444229104e-10,9.8318079348573e-12
7641,11686,0.85212367932319,3.52003492991691e-07,1.26058524161723e-25,0.0691202503220453,4.03373598308421e-30,2.67864204971135e-09,0.0221892344936372,3.41336611769577e-09,0.024978585016711,0.0315878852371748,6.05061697883149e-22,7.51174027099697e-09
8060,13373,0.926269965626442,0.0157488726974046,1.05526673416149e-08,3.02326487712773e-08,9.8061460957756e-07,3.39841238415346e-05,9.7833830256925e-07,6.58683551921567e-16,0.000167625531223599,0.0489861044298081,0.00879144221629852,5.63675309939836e-09
16226,8776,0.955577098909496,6.71517699730714e-34,6.9514182886607e-23,3.73395778369769e-39,1.15260201052842e-28,8.12957245427834e-14,8.12666318562584e-41,1.85672656211906e-53,0.000362475736409799,0.044060425354013,4.69235013158102e-29,3.51097369805723e-43
16223,7329,0.888574911644512,0.00599943590252253,0.000652668813504146,0.0387899072766575,1.8693973702317e-08,0.013234116370789,1.41146344280155e-06,1.66463094260932e-12,0.00792114664048305,0.0369553985408941,0.00783810470391478,3.2879947641545e-05
12065,6855,0.805579649244414,0.0022933653099382,2.17308786712708e-08,0.0434293010853796,0.000621374056634467,0.0838761584505053,0.0114799049841079,1.81575098285745e-11,0.00206557222004931,0.0479691633237744,0.00229103649138467,0.000394453084776126
14720,17699,0.93126038410621,0.000632656833995504,1.1684072355624e-10,0.0300578598487672,3.08618626641735e-32,0.017758946130492,1.31964563853133e-05,1.47700092844773e-09,0.00653671945945014,0.0129332626233229,1.83031688369752e-10,0.000806972764503274
12477,4685,0.946272493378249,6.23401414093779e-31,1.78045099337342e-15,1.31946669720147e-31,8.23554842839452e-33,3.65726577529499e-11,2.95379905848083e-39,5.00065842643335e-40,0.006384003296884,0.0473435032882922,2.25501773682333e-22,1.15620679310592e-37
10130,9270,0.726682620413681,0.0118811759884228,1.20193068587557e-12,0.106301575678823,4.49485366949833e-26,0.0709858896233661,0.0172023567389631,6.08649517563752e-10,0.00148737363070335,0.0334338500114149,0.0215672949719584,0.0104578623328158
9722,12887,0.945795976202083,2.67756963852313e-22,2.27465640947249e-27,1.51194420932054e-15,4.78004822902135e-45,8.43725704787292e-12,1.64751998356932e-17,1.1084500652499e-29,0.00598008351537306,0.0482239401382471,1.35858437967541e-10,6.15949901065764e-24
13333,17220,0.948174836379325,6.32216506426121e-07,1.73508353014222e-20,0.0309556217479132,4.77085187265654e-38,0.00010108835846937,0.00341333715210916,7.31192868818356e-14,5.65656756222426e-05,0.00037717558439245,0.0168111049102041,0.000109637975384651
15951,9740,0.918712414060106,9.21668772219695e-12,9.76188881457631e-11,0.00812248874718072,4.15116113961709e-47,0.019887560407587,0.00460649312656648,3.66371785015441e-13,0.000471502182400089,0.0392970639622699,0.00890247740668745,7.72374058441906e-16
13190,15050,0.348285764217097,1.55468945011993e-05,2.44911244852641e-19,0.360517755416677,2.78809380657741e-16,0.0473948437172933,0.108410748399554,0.00240694567686114,0.0463316941680147,0.0276463190457192,4.93121773905392e-26,0.0589903824642822
11231,5410,0.957962856026883,5.05989115099491e-13,5.05149559191922e-28,0.00361804914026109,1.81224370718393e-79,2.34710955823494e-17,3.28014145569667e-26,4.61933263105122e-21,0.00204647216361172,0.0363726226679764,1.11303214486949e-39,7.61942030474204e-13
10411,11198,0.959773384524695,3.30336766159361e-15,1.30518160684165e-16,4.16136469651002e-09,1.22144139880923e-44,1.14692051600771e-08,3.35793786893589e-20,3.09839376362853e-22,0.00418855834459239,0.0360380415001273,1.91769554330572e-17,1.22764646906626e-14
14140,5163,0.958016564507154,2.27999374283129e-17,2.54296133422583e-07,4.1677732570808e-16,5.94267450496213e-53,0.000173960178783686,4.70799880164918e-40,4.16143561649626e-31,0.00113769471209596,0.0406715263058323,5.9112184567758e-24,2.87185303044955e-23
10284,16744,0.97595648089689,7.86462048713718e-25,5.89777144550274e-17,4.77091962716791e-20,1.31560359448337e-26,1.97350636856768e-05,2.07283566991705e-27,5.61686543764205e-29,0.0014288316756762,0.0151838481734406,0.00741110419030717,1.35462723985778e-35
12905,11193,0.908204817101034,1.13712406531393e-38,9.47568351574094e-34,1.14425047328415e-31,8.45346877566368e-91,3.82642060882444e-18,7.01081273690359e-74,3.17115959814986e-63,0.000619827991213984,0.0911753549077525,6.40686070363724e-40,1.13159708595253e-42
13323,11916,0.631287275440731,1.30949159074307e-05,1.11432581006148e-06,0.166734517888999,1.95321518113652e-13,0.0228294595917511,0.0533912629809542,6.59500847184071e-05,0.0276725659182777,0.0483602759198697,0.000805179966752272,0.0488393029660334
16650,12873,0.722930630093377,7.69826142656629e-05,4.97822497996592e-20,0.089441236128784,0.0397705729594036,0.0140314291056713,0.0379988282508121,2.49421769914191e-11,0.012532229652641,0.0740064643395869,6.59371525680651e-09,0.00921162023680111
8189,8310,0.941059854231026,1.07335360564318e-37,1.67226454462051e-27,4.42456210065272e-38,5.72768278339576e-60,1.88623304712299e-12,2.17429528830064e-63,1.33926806384065e-52,0.00476503992234052,0.054175105844747,1.54925624260608e-29,2.41444263522842e-41
18037,13353,0.779605770755848,4.01744037478111e-06,4.8296175507292e-26,0.0992224102736912,7.71758925454017e-17,1.02262640757587e-05,0.0763388480152682,1.74475720971305e-09,0.0303213274934558,0.0144933059588864,4.76819067552032e-14,4.09205359527562e-06
14716,15770,0.909983060150789,0.00463013666793487,4.4947431647732e-19,0.00730340591433626,1.74014884769803e-42,0.0140014553620368,0.00104986541573359,3.93179181340545e-07,8.63945590757429e-07,0.0147738822805108,0.0242166367261062,0.0240403003577803
15110,4920,0.935209111387171,3.09633610289489e-09,7.77857525609976e-25,0.0086893703153334,1.24091057699828e-70,2.9309006764192e-16,4.33222894597801e-05,4.0243964741614e-15,0.00132616385334648,0.0547320288179684,6.55808448548842e-23,2.40380618762803e-10
11116,17224,0.974318212232481,4.80236009883111e-21,1.90619012814312e-18,2.00416673154004e-16,3.4769623337936e-38,2.04470714037947e-07,8.14602062504895e-25,4.63016331715556e-22,0.0124889236784978,0.0131926596183047,2.14958696985894e-15,2.7334838131467e-29
13329,15291,0.919762437028663,0.00448176980866166,1.12368573342346e-13,0.0235683547271097,1.46019837935479e-16,0.0157573217271169,2.77622696319107e-07,1.39931556471424e-10,0.00127345353034063,0.0284588496775434,0.00669750144607345,3.42917508721397e-08
12907,12157,0.931908620724075,4.12985820803257e-30,2.08594808194695e-12,3.94719133394667e-32,3.45505701864701e-34,1.8724956105448e-13,1.09973611180181e-18,1.10304011342669e-35,0.0111436595246266,0.0569460608555283,1.65889349717611e-06,6.33930124424341e-33
8899,17229,0.0161160441624106,4.28834009081472e-12,4.10369030582096e-43,0.393391521443939,3.16843759798986e-49,2.32491092992596e-28,0.380128849956298,1.22447441066511e-12,0.21036358443072,3.43538544616654e-21,4.79594651764672e-58,1.12004563432551e-12
11809,16982,0.991010439537245,1.05222779962785e-26,8.22049360686867e-22,6.53545329738351e-24,1.35944143081653e-41,9.35541293591186e-05,3.90984638058802e-31,1.11284063853758e-35,0.00036255193787891,0.0085334543955175,2.91503216552801e-18,5.87211732264695e-41
8192,9756,0.944532234445983,7.27953796944978e-18,1.40186904347297e-14,6.4435544520643e-24,3.38942836941021e-12,2.33634355552029e-07,4.24801319103121e-36,5.28864480190833e-34,0.00109576485687422,0.0531992530099973,0.00117251404938696,3.02757683591109e-21
10814,4688,0.942300779301631,8.95130236259967e-35,8.48953065095972e-21,5.2891242417788e-37,1.20888875547733e-39,4.84303625418836e-15,3.98024937679357e-53,1.27123016790731e-54,0.00464156671436311,0.0530576539840009,4.55146263419098e-34,1.80171439472371e-38
15389,5884,0.959756385151626,7.5324035915268e-14,2.04853828666354e-21,5.74905658832353e-11,2.32116151255063e-66,4.57586954390242e-10,2.65071372947579e-28,7.07871011375898e-26,0.00630026633043715,0.0339433480027246,6.65380338300367e-17,5.90349914004544e-14
9439,9995,0.950471638045286,7.57969990802462e-25,1.08520267380283e-22,2.69163852066998e-26,6.20710031808609e-33,2.39050866689646e-09,3.86252619692994e-50,5.83750697693269e-42,0.00795208501472278,0.0415762745494823,1.52007588513878e-22,4.94290300662337e-34
8340,14819,0.425343804090098,4.7117277463973e-07,1.06690642173903e-21,0.28205412257139,6.80056138722231e-10,0.00359992964923026,0.0957116511124907,3.96121396592115e-05,0.117838265576357,0.0649841752713302,1.47326574089801e-12,0.0104279677351394
7638,10239,0.897294076406205,0.00064561310007576,2.87122325655317e-22,0.030765636679413,1.15259864802174e-44,0.00146266102791062,5.88447250358657e-05,1.33455000834266e-12,0.00452058395971687,0.0502479980564463,0.0127103320369055,0.00229425400695619
11245,12161,0.858584612582679,0.00011308001008081,1.06506697416808e-07,0.0438342234692605,3.0134961438747e-49,0.0176791048401555,0.00910308651282929,0.000111840127751891,0.0223659269166397,0.0477710882544462,1.19806169726233e-14,0.000436930779447611
14284,7815,0.943416293108204,1.1193014276744e-41,3.25815055741373e-37,9.09155844972495e-36,1.0156970808538e-70,6.92173855512325e-22,2.35530296628931e-51,4.65620899231273e-52,0.00600009264962188,0.0505836142421743,1.43776874351396e-49,1.79004892240127e-42
7500,10481,0.820512707866783,3.13950586544637e-05,1.40225992429568e-21,0.0488626652340319,7.14301132069821e-37,8.19370050196029e-05,0.0325232930036769,1.28356127189666e-13,0.0174767316774473,0.0502106792147812,0.0303005909393527,1.24249091617164e-13
15672,8777,0.927518146696016,2.42896322177569e-08,4.24326000697223e-15,0.00472662221970899,3.6039575952441e-22,0.00341913380492187,0.00274769692183656,9.9938586939663e-16,0.0010478275267013,0.0409164924870506,0.0196240555978696,4.56257939654556e-10
16794,15525,0.971071960241269,2.41781158755131e-16,6.64671903828296e-21,2.95029396602227e-07,1.32571751775726e-34,5.81411908901821e-07,1.42429522585456e-22,1.56919941374773e-18,4.44340027195354e-06,0.0220412337291325,0.00688148618802072,1.11746302345321e-21
12630,12158,0.922559011291042,2.43654663665961e-08,1.9257403324991e-23,0.027204897369254,7.66385475604852e-30,1.07560692780623e-09,9.07010203667025e-16,4.36968031252728e-11,0.0061209399566636,0.0441151256902156,1.00132438340906e-20,2.08053864110184e-10
17194,8050,0.917295491066665,9.76880693570608e-06,5.3245370357853e-30,0.0153300041995746,5.9905684331783e-31,0.0119769268029119,0.000708010226693202,7.69039165311524e-10,0.00240263962449901,0.0355888870212479,0.0166882709699863,5.12447142337579e-10
8203,15542,0.968736563773866,5.52058965027612e-07,4.01188682008668e-18,0.0144811789220117,1.30438724372861e-43,2.98195697239835e-05,0.00485500680483506,4.81334193869832e-15,0.000287943898372395,0.0116089349722212,2.13466764681952e-30,7.2463881496191e-19
16655,15284,0.934704771580263,2.20451675742813e-06,6.84204756777236e-13,0.0268619351595133,1.10752099804964e-25,0.0162493696937658,1.98029677269068e-11,3.11139112216255e-05,0.000481236178304055,0.020615730900258,0.00105363803904064,3.89111965724023e-13
15257,9019,0.957113172857603,1.87487372958106e-09,3.37871299756426e-16,0.00104050696990928,3.91232058281243e-56,1.54759380687966e-05,6.32848536327813e-25,5.5906897207622e-14,0.00166669233003481,0.038452671665349,0.00171147834980152,1.43034323608353e-11
10548,9992,0.945675416856987,0.00284845823131831,5.77939946965129e-17,6.07579793733516e-06,2.30569100731355e-31,0.00488263867142585,1.58389154608026e-12,5.3118915754563e-14,0.000110165594157548,0.030280068455831,0.0161971760694017,3.21303975201748e-10
13723,4441,0.924255795873205,8.74813443545503e-06,1.76520399361034e-16,0.000377204698383595,1.69656497344725e-42,2.95233251544783e-11,0.00100790813131799,1.57468696948334e-14,0.013551066062317,0.0504102933961612,1.16506312115805e-22,0.0103889836746409
15533,8536,0.92527605791549,4.06061261305995e-11,2.12794992709198e-22,0.00382875499046378,1.32094234298137e-27,3.56536910302105e-06,7.37005541976424e-20,1.01986725691053e-14,0.00183524052695972,0.0594247174534402,0.00963166360279148,1.01135020348489e-10
8481,16024,0.955260058104979,0.00199459547580786,2.98087281363493e-11,0.000620214493301361,4.70014524245894e-11,0.0214154353021072,0.000544724257813775,2.44449394664446e-18,3.02833572511425e-05,0.0201340864182103,1.13084345121371e-07,4.89429374280356e-07
11375,8062,0.848849771198799,3.81185762465523e-05,9.73415524865246e-16,0.0272370850941808,5.3230090533052e-31,0.0736794847329297,6.70527343119999e-15,2.82292264860966e-11,0.00395474261623506,0.0364473301257482,0.00970052508200265,9.29425456209851e-05
16920,9497,0.944614855731859,2.17948436736821e-06,3.76795718709213e-18,0.0149676549437696,8.22396843775347e-43,4.50505439613147e-06,2.37477829526652e-21,6.52628271653674e-17,0.00137393130364041,0.0390159427129681,5.70148944115935e-12,2.09307632973703e-05
12906,11675,0.937137447411117,2.83917336301099e-12,4.16491763660653e-34,0.0054075052537159,1.3815710988361e-84,4.72613757832541e-14,1.0640805346405e-27,7.57124210706184e-27,0.00811985400530651,0.0492525535937981,3.95346318245103e-33,8.26397331759925e-05
11794,9749,0.93720111075753,0.00431588160156047,1.9138741629698e-16,0.0146682024807004,3.25633982708809e-13,0.00505747921395054,9.58956295782028e-08,1.25306743800856e-12,0.000156998967041907,0.0366795338977286,0.00191868317281209,2.01401146775152e-06
16638,7087,0.770614629883745,2.18621186041258e-05,1.96027573460091e-20,0.105294313573656,4.04978002275891e-38,1.36833784051998e-06,0.0718556935338029,1.5054027835533e-07,0.00132288691849882,0.0380169396871339,2.277909728743e-13,0.0128721554062126
15266,13840,0.897599939216009,0.0004633782727084,1.0402548499379e-05,0.0329237323493375,0.00268741429664961,0.0329135499891548,3.04771572752219e-12,8.26543911515571e-14,0.00697015185879689,0.0213820762694638,0.00503185951551558,1.74956807347066e-05
17060,10220,0.902385116783075,0.00851608927843998,1.7228925897165e-08,0.00503571127415209,7.47238146974702e-09,0.0350217504366169,3.09988608102595e-05,3.22853876775984e-14,8.47558614105163e-06,0.0485947031519167,0.000378895338498318,2.82345890095996e-05
12360,15534,0.877316337817086,8.83602903787349e-05,2.70966075867754e-08,0.0247757008617683,4.15687322977882e-20,0.0545219851954087,0.000672522885335423,8.42497297685899e-09,0.0112318427942563,0.028803843208941,0.00258349436603432,5.87705921044624e-06
13887,16736,0.919117091549734,1.05550500134937e-07,6.25619468992789e-12,0.00344044789344899,3.64591340310435e-15,0.02725893177305,2.64270623666017e-07,1.52741546158159e-14,0.00398181800049022,0.0256840475848277,0.0205172933709289,1.21172535933474e-13
13724,4923,0.941351286896525,5.00825291623839e-39,2.54073738304523e-37,3.77477651526819e-40,3.49845276621934e-74,7.79965615883524e-19,2.61400444362312e-72,2.64782848840355e-50,0.00406578966998318,0.054582923433492,6.055340251661e-40,2.06178606698707e-38
12211,10471,0.934629903999074,7.30791359753015e-16,4.5649250724609e-28,7.64865337437164e-11,4.73714781517947e-49,2.95870328380213e-16,4.65647826593218e-40,1.77152050884415e-30,0.000643917605197481,0.0647261783192409,1.88700664551721e-35,1.21096452806043e-20
7914,9757,0.847796491085563,0.000216466572031176,9.31075520532559e-13,0.0795015758989775,0.00118651617019321,0.0241258449009502,0.00942071137645606,7.12876161193007e-08,0.00129667146683251,0.0351131609924826,1.97935784222011e-06,0.00134051089012446
11942,14329,0.198087174367926,2.80243087004215e-06,1.09936121326279e-21,0.522221265395933,9.91534127405118e-26,0.0774193833409837,0.10186679716596,3.10883569797152e-05,0.0488141110412125,0.0490199566323762,8.65696914914302e-28,0.00253742126775874
12067,7820,0.939554164363562,7.32873707540942e-09,2.72084335418718e-20,0.0222678631852534,3.62782669091421e-31,1.91205505195581e-09,2.93199009963356e-22,1.1048083420463e-16,0.00468072209408882,0.0334972411163036,1.06709196420599e-27,4.89662610553828e-16
16501,7811,0.954512372315186,1.20664304974213e-36,1.07474018727502e-31,3.29495100664105e-31,5.14445688972034e-99,1.03620765717399e-19,1.05616889390813e-34,1.2838491176959e-36,0.00200331222774395,0.0434843154570703,9.89987275856209e-38,1.5470668289612e-37
15544,14322,0.879649486301675,0.000103418393905566,0.000362665127607306,0.024135383880549,0.000103514242569589,0.052669383508864,0.000942855437440868,1.55105756998129e-13,0.00109630525751748,0.0398007803047847,1.09616808865259e-07,0.0011360979281221
12210,9989,0.958015845806244,6.66942587779704e-19,3.95670867366654e-26,3.13136969242894e-18,2.39845257676756e-51,8.86165936979365e-14,1.49607104077851e-49,2.64865536816616e-29,0.00534845450348175,0.0366356996901853,1.09435478352627e-29,2.86131429816658e-20
10838,16742,0.972108727249898,1.19674455190794e-11,1.20180099048003e-18,9.68559447056657e-09,2.59792673952799e-36,0.00619784250295156,3.83734544302803e-16,7.37082299047582e-18,0.000206461547631042,0.0185941903621214,0.00289276863983569,1.2680487192114e-19
17069,14560,0.945252645010482,0.000209559499724314,2.82953558279893e-05,0.0137502939571194,1.4478522412564e-19,0.000242305991248887,9.85595391488426e-09,2.14430398521516e-15,0.00766201202673239,0.0328404506782171,2.63290842724338e-10,1.44273614012715e-05
11792,8784,0.893040329038611,0.000777425226738965,4.33795347824935e-08,0.0219946549242192,5.76741171623858e-18,0.0258679185623384,8.49920577726417e-16,3.4494772638952e-05,0.000403383865616151,0.0425115991018931,0.0153701506325814,4.95827221679871e-10
11249,14090,0.0711979770856646,0.000338414847099777,0.00295746744089085,0.35938916783875,1.03719672216485e-15,0.267152181880773,0.0454387278489373,2.12836717922381e-07,0.062125003750762,0.119304305597644,1.60633922084195e-05,0.0720804774805513
14012,10227,0.936684713505121,2.39390643057558e-09,1.12066376073429e-19,2.47171737788234e-12,6.53495173529912e-24,6.30345322602501e-05,1.48831114317922e-22,3.27773575225942e-22,1.74174184068964e-05,0.054125876576737,0.00910895391489719,1.65619966311535e-09
14441,16735,0.854409689743966,0.00675462924020997,3.0417399805711e-08,0.00743089640385657,0.00171011524689014,0.119089392373246,0.00161550783296928,4.11920121890133e-14,6.90737693242573e-05,0.00393510192893315,0.00443577356707145,0.000549789476091685
12085,16499,0.985673279276237,3.4836446891837e-13,1.06053370698561e-19,0.00365856270595987,1.90061102223631e-71,0.000290132535818862,1.13256599409715e-15,9.41970445478141e-18,0.00830340287088141,0.00207462247817574,1.17164817057405e-21,1.3257727753549e-10
13055,16738,0.932585886408935,4.47579170787592e-07,2.40176702950696e-16,0.0189786167580593,2.13064556680093e-15,0.00695560386406898,1.42954104233317e-10,4.90963463963881e-14,0.00102170916717122,0.0275596087723799,0.012884633731909,1.34935753005227e-05
15946,7330,0.941013200793311,7.89022828266132e-10,5.70976595987082e-16,0.00312115432557601,7.59504527725234e-43,3.0462117610432e-06,1.66620259625262e-22,7.34458315153195e-18,0.000628826512061124,0.0552337712102956,7.7019199011916e-11,8.09528580144317e-11
11368,4687,0.954449110334808,7.31649826399726e-29,3.82925329378295e-16,1.27796297898788e-30,1.05531657601629e-30,2.93040878058393e-11,6.20146991720409e-38,2.71320641795996e-39,0.00300712126269481,0.042543768373193,5.13342763073319e-18,1.33902874059548e-28
13469,16014,0.953037602858327,3.16640540657308e-12,1.31333141775618e-10,0.00461299116417237,1.34087046372003e-41,0.00985965851165315,0.00178563480506808,1.0579489917388e-10,0.00156590829694486,0.029138203782937,3.40601118379676e-10,2.00122095943133e-15
11234,6857,0.954273509269253,4.74090879825367e-08,1.37936755131927e-12,1.55417160806353e-06,3.08601763557401e-14,0.00185961521157967,1.75376618787466e-24,4.39260081694063e-14,0.00372314677059826,0.0401417639234184,3.11774824168506e-07,5.14681761284698e-08
8057,11926,0.904232878682834,1.89357274458297e-18,3.9041845233988e-18,2.12283090373409e-15,3.36699878339816e-12,5.91298966915744e-14,1.05351064800909e-36,2.73119615344206e-30,0.0436309506427241,0.052136170671014,1.25933773003195e-26,4.00094893618735e-24
10817,6134,0.942340270188516,1.0603868799224e-22,1.23239265742918e-21,1.45802246837298e-16,6.4698578132211e-39,6.98449935867226e-15,6.29665897908132e-29,4.05713572289988e-29,0.0100324764584128,0.0476272533530645,6.79499880050739e-25,1.10518529505688e-16
9591,16504,0.977330181217134,1.98249088931011e-05,0.00024373910319186,1.71668962682852e-06,0.00199174597951604,0.00124484987046481,2.17470591044941e-27,3.00207690295721e-18,0.000192602460130883,0.0189720931573198,3.2466137228808e-06,5.7511603075376e-18
10822,8545,0.956785478070241,2.71569724977622e-14,1.18695889914659e-16,6.57588027691857e-15,8.39982385531679e-26,3.78181621143373e-08,1.72273117906034e-30,4.25329773289777e-26,0.00148395400263718,0.0417305301088897,3.57959499639622e-14,4.27754912647615e-22
16361,7088,0.854376398863375,0.000320879162453955,7.25348632828627e-15,0.05227659904236,1.38377890620216e-29,3.51302773049593e-05,0.0109432372114397,1.50950863333626e-07,0.0079445022479074,0.0489139065602107,1.66572726416753e-11,0.0251891956674204
12066,7337,0.856864715520785,0.00211407980993038,5.73742402264891e-08,0.0247510085658433,0.00224148237313712,0.0660120985546616,0.000573369002048709,2.00677980171273e-14,0.0166695079995433,0.0307710497299802,3.11536205074577e-12,2.63106669519838e-06
11530,16018,0.915634006093058,1.97058191129103e-05,6.30053740549941e-09,0.0242397615884115,2.43981945148527e-15,0.0204845900488814,0.000134154841644026,5.73838208221243e-09,0.0215030281703531,0.0089526335207654,1.38342605170336e-07,0.00903196953624637
13876,11432,0.955065003113502,1.25628033447668e-08,6.57259221885727e-17,0.00101016957072813,2.48268717396079e-39,9.3758735598741e-06,2.82381435981504e-22,4.41068191174617e-14,0.010977382203531,0.0329380566673176,2.31245180886155e-13,8.28255331309633e-12
9569,5896,0.937207096513061,2.53056298330608e-19,9.84377237572567e-20,2.17918816046622e-20,1.12292264544399e-29,1.38358536323046e-10,1.37891504654334e-20,7.37431275035882e-29,0.00551331829064145,0.0572795850579389,1.90229867526503e-18,1.63630548133784e-24
15135,17457,0.824403756695335,7.83065611281267e-13,3.99937336250509e-18,0.00168163467807338,1.57224511254063e-61,0.148626517292644,7.79496697543818e-11,7.13950123740311e-23,0.00940976867670222,0.0158783224056346,1.72877991286391e-10,9.5076060790275e-17
12078,13124,0.924503728772102,3.97419091921891e-10,1.68170264783939e-13,3.31945200201155e-06,6.55037032124148e-32,1.87148739311856e-09,3.77835453126414e-22,9.92747967261766e-16,0.0241786727346781,0.0513142767721417,1.09784824916298e-28,5.25006553761655e-17
12347,9266,0.939356270890566,7.28395122009148e-05,2.391626973193e-12,1.36238542580263e-06,1.63359004505939e-14,7.86259222232637e-06,1.51527549690777e-20,1.70536424652158e-19,0.00266534286627426,0.0532140719025433,0.00468224984742236,9.37313616000993e-13
11239,9268,0.941232152264357,0.000275953452610442,1.0053483916541e-12,0.0023394174020879,1.85964857355973e-24,0.00296459951445645,8.4237386876523e-12,2.87685402375568e-12,0.00296004641971325,0.0459807667247275,0.00424700570645711,5.85032847236273e-08
12616,4925,0.953159896337396,4.88600305090549e-28,2.04740136307119e-19,1.08610058640811e-29,1.65833491382579e-54,4.2679797304505e-06,1.81025625843783e-25,1.48115588323149e-33,0.00388795993910477,0.0407998935678487,0.00214798217592006,1.27749359933251e-32
16511,12632,0.902787074111868,9.1236794492226e-05,6.11771688957472e-13,0.0195163996369216,2.9156320374324e-24,0.00030927722407375,0.000211755465679333,3.36997683203797e-14,0.0206914778993311,0.049226542542134,0.00671992445357471,0.0004463118712798
10695,14573,0.0131585329790348,1.57258679067822e-06,2.41892010974557e-18,0.637507237882089,3.82649843043782e-45,0.0323195268711852,0.146298361691957,0.00542492940202431,0.0460839701876366,0.0588687464628062,2.25935687960309e-30,0.0603371219364762
12202,6132,0.95522215839361,1.04070583714614e-10,5.82768818261877e-06,4.61590350217766e-13,8.9695131998122e-12,4.7238976691034e-06,1.00388964082216e-19,5.16128200276924e-19,0.002488124742057,0.0419950639794072,0.000284101185571734,8.40787368231342e-16
9999,12887,0.955019225071392,1.05312008839904e-15,5.86006466636603e-21,2.50665610508577e-08,6.23911393395866e-41,3.67397037149485e-09,2.12457739977938e-17,3.69116205823073e-23,0.0045666580184266,0.0404140881696483,6.81337691350201e-16,3.16864572601401e-25
16642,9016,0.95875095126753,2.27840432153863e-18,6.0417067867428e-19,1.16940995119459e-11,4.98371118326014e-46,2.5949419071441e-14,1.94626507105638e-23,9.16596444459009e-32,0.000454079389623894,0.0407949693311256,1.74628423655084e-20,5.48944350736724e-17
13187,13603,0.924636121608876,4.63870673468697e-08,1.15509494475887e-20,0.0403341430428649,2.39298707113781e-25,3.87788419584257e-07,0.000683670871459856,6.37666951459364e-08,0.00364256765372364,0.0307029549593769,7.15072060058075e-20,4.39215165046987e-08
9429,5173,0.931872330369338,4.3553626301329e-16,2.99429008314216e-11,8.39057822557074e-18,4.19487031245752e-27,5.4323264696608e-07,1.34087627007573e-29,1.12861242533903e-25,0.00954214273044223,0.0585849735204117,1.01172179230756e-08,6.61832463567045e-24
12358,14570,0.695355270858278,2.00938976420755e-07,1.45582603872926e-19,0.233645085576359,5.19319185685075e-41,0.00105186396394213,0.0451269992780601,0.00050107442242336,0.00672517232413054,0.0175137406422656,4.15256145811671e-29,8.05919955645707e-05
16657,16248,0.970257501885079,1.62708826236994e-51,2.14686149211412e-30,1.42783890314738e-52,8.94734299896141e-78,2.28691408653127e-16,2.09925690220451e-49,5.94794591568426e-64,0.000374039575899871,0.0293684585390206,2.11284611572548e-23,4.49416832463628e-62
13312,6612,0.926667263179197,8.45916543215103e-09,3.42031573053109e-20,0.00371984386386263,9.58447384104707e-48,5.91428151693328e-13,6.10407231017799e-29,2.55618093225628e-19,0.012330588192064,0.0572822963012954,2.80849263417699e-28,3.82398650344216e-12
11243,11196,0.818023255653258,8.44911645363254e-05,3.46150281771363e-12,0.0939996581125023,1.24669847463587e-25,0.00162833945600173,0.0213458640533804,1.04486262909972e-06,0.0244587255992056,0.0404510042430901,1.28412372750808e-17,7.61685193498247e-06
13721,3477,0.897734249028248,0.000177460269729923,2.24286672034565e-13,0.0364678892010312,5.00427728228857e-31,0.000333536670495997,0.0195162026774411,7.94609842730824e-12,0.00273555928471522,0.0430351024938264,4.47058972082836e-12,3.61871285564374e-10
15549,16733,0.922659100911707,0.00549428027185419,1.48495701638143e-12,0.0112481884988788,7.61253084208097e-22,0.0302076492291936,1.57949933380106e-10,2.95146319317856e-13,0.00245474087646329,0.0200548549722842,0.00788118507824261,1.64627840045588e-12
15111,5402,0.928799649916144,2.04376613260814e-41,6.99018519784045e-37,2.50594382731422e-36,1.47229642489251e-80,1.02999044684033e-28,4.32698093458403e-54,2.33333387615317e-54,0.00640375174302117,0.0647965983408351,1.10070062158291e-55,2.49733931085209e-38
13050,14327,0.921684296502517,0.00063937052572356,1.88711638143085e-11,0.0185875625732403,0.000134352485779558,0.0100753703103125,4.79042338175588e-09,3.94041262276678e-11,0.0179502506343409,0.0309287902413437,1.85676946060972e-09,2.12739779252474e-11
9990,8547,0.915451657797616,0.00133712575707753,1.81749024656692e-06,4.68060569062612e-07,0.00421278979141532,0.00419159510203651,6.18864530240189e-13,6.39262476588196e-17,0.00170779845779805,0.0644648171691074,0.00863192805668276,2.31683216798773e-09
14850,13600,0.897367250228756,1.70816268775223e-05,4.16683601899583e-15,0.0324712788613641,2.04379961650097e-34,0.0214027488341111,0.00316906922301851,2.7089900500386e-12,0.0203862764777294,0.0233351093232292,0.00182630922131654,2.48762008843297e-05
10277,13368,0.834407120683451,0.000904275738472814,4.35280879396637e-17,0.0855734604919833,2.11535380001486e-50,0.00228925489812092,0.0187825662659569,1.78202866023495e-11,0.0217534274635608,0.0264627333158695,2.08076164562785e-14,0.00982716112474371
13864,5646,0.95704672877926,1.13874159440368e-24,6.03319502607715e-22,7.11663470192621e-26,2.17490873267144e-37,8.13445511627711e-12,2.80947760339966e-26,6.62443058656411e-25,0.00609971025955772,0.0368535609530481,2.31251718813617e-25,1.36327570773737e-30
14982,10466,0.943929818626324,2.76617859346055e-06,1.57847673056265e-17,0.0117485627070172,8.28236921043688e-31,3.58789243481345e-06,4.43886034248814e-10,1.9617486017336e-13,0.00274131640569084,0.0415691350983197,1.71817435882867e-10,4.81247572051166e-06
15956,12151,0.934750566057348,1.1049985984532e-23,5.03740898640347e-28,1.43678619199933e-15,2.62725264138532e-63,4.80739375639444e-11,1.58202325173716e-36,8.00370117647335e-25,0.0186383456677181,0.0466110882268586,3.72740600822215e-22,6.37153681891035e-24
10418,14573,0.786620096574541,4.92389476152553e-07,1.06531265613132e-08,0.110619772269818,6.71299919049723e-23,0.0525043537607415,0.0213345354992466,2.39959566078701e-12,0.0041817677584597,0.0247349524892411,5.97250621559107e-19,4.01860295029365e-06
14290,10708,0.925747930452194,9.80777455249571e-06,3.48079679363092e-25,0.0150043118192934,1.85382391777134e-49,6.2338041939718e-06,4.67875846213609e-08,1.97160721068725e-14,7.25015568991594e-05,0.043159316405938,0.0153420452849804,0.000657806114344367
13600,11915,0.933526584019274,5.52381501221851e-08,2.34443545686035e-17,0.0116282026132119,2.02751762249602e-59,0.0048932843965719,1.47695710602472e-17,3.69096509554677e-14,0.00260774576845021,0.0385149301494142,0.00882862452393312,5.73290957576554e-07
14846,11671,0.768977065663243,5.28851475351506e-07,2.04892504528727e-24,0.144174111578178,1.9257846177257e-37,0.000602073699833439,0.0418932602035378,1.25466029229665e-06,0.00276737917595579,0.0286333701759646,1.82137860923047e-19,0.0129509559915192
16087,8535,0.942130629892796,2.50466395299716e-24,7.21705727787599e-26,3.40391272806912e-22,5.61918583881293e-39,1.95679159506512e-21,5.87306602926658e-41,1.08585989091332e-34,0.00625469110882498,0.0516146789983787,9.24466188929945e-49,5.13760655860268e-23
14848,12636,0.414940637051491,2.75921216453156e-05,2.29711349938526e-13,0.413620723423076,1.57886131731958e-38,0.00416951279479456,0.0673269304960197,0.000417567618360627,0.0129914027673749,0.0245989015296175,3.48067969293063e-19,0.0619067321973909
9718,10958,0.835091538943739,0.0270157864669821,2.64488795966633e-11,0.0349230680860076,0.00297377366524977,0.0314144898300872,0.00214449164946874,3.85665435940656e-10,0.00100716124355714,0.0654156369874724,5.60289787541024e-06,8.44981744635351e-06
9034,15058,0.92103970701207,2.53958017234459e-05,7.18710822715109e-11,5.19280262536979e-05,0.00146867056452288,0.000837710735686468,0.00308237615495032,2.2203549549824e-09,0.041005887349772,0.0321255827101629,0.00036273935248548,1.47093232302992e-13
14144,7092,0.943827653200181,2.80676776229598e-14,2.75126887460112e-32,0.0114772014214441,1.0021450429916e-82,1.31208411589554e-19,4.79019695867436e-26,2.75684571840707e-17,0.00252810136711164,0.0421670439251134,1.0938561036887e-39,8.61214171614889e-11
12352,11676,0.91822796679782,1.17388082435644e-08,1.48179421277382e-19,0.00782445883814572,5.98260718101471e-35,6.5581862441869e-08,3.42582274078927e-17,3.93611401224248e-20,9.77060390826156e-05,0.0738496862804559,1.04659754151565e-07,6.40705878316748e-11
14991,14805,0.944821954084725,7.65774766119177e-06,3.35220485991459e-09,0.0153178168497961,0.00928286648962801,0.0010576849289831,0.00204042385799608,5.50862991424153e-12,0.0109501994846083,0.0165213926006594,5.39899432086974e-12,5.92830638589844e-10
10692,13126,0.898639917427586,0.00357255914839114,2.15278274211517e-10,0.0342151658857272,0.00201089384529404,0.0215650709823316,3.67910956218744e-12,8.83263916895897e-14,0.00389669077017964,0.0359238131951301,7.16502813966206e-08,0.000175816876032763
10403,6859,0.950848067348028,1.53628775466318e-25,1.60442388254879e-23,9.12089087972372e-28,9.54265765079971e-50,4.12972676438359e-11,6.69542066817945e-50,2.7524421252227e-43,0.00188685332565508,0.0472650792850141,5.52091449606367e-15,2.98449255998258e-30
11367,4205,0.938520605617142,7.7504488734923e-10,5.71047365691632e-12,8.16707334452177e-12,9.95995795906603e-36,3.93322983301736e-06,1.97927341634387e-27,7.54103323621926e-22,0.00541059466325103,0.0560648577403239,7.96050662039907e-09,2.0548383572668e-14
8883,9031,0.935029919706283,4.84838721117565e-22,2.07226818603943e-28,3.06668726625613e-15,7.53965001363538e-73,5.76606433832947e-17,1.43025237023871e-35,1.93279217332812e-31,0.01321969169181,0.0517503886019044,6.11516977837294e-29,3.5100626005103e-29
9291,5414,0.929117165337094,1.36685480258867e-22,4.7080829162239e-24,1.41368470096189e-21,1.52744565566065e-38,7.10424782703909e-16,3.79569533971467e-41,2.17821616090463e-35,0.000633683428457866,0.070249151234447,6.5909710144452e-30,4.03152656631388e-23
13451,6852,0.936085029926308,1.06237541852782e-24,9.80476922360509e-14,4.67913584084686e-27,2.09877615834212e-28,9.17788919663128e-06,5.62800866935151e-40,4.96530512229709e-33,0.0151735666663729,0.048731352557283,8.7296074167436e-07,7.33760099710986e-35
16781,9257,0.933679431309404,1.92357696963563e-10,3.71930400590623e-15,1.50539818763642e-07,8.4650782329176e-45,0.00517826180367775,2.47206856093801e-23,2.35383391804507e-21,0.0107680679157964,0.0427365222728971,0.00763756596600736,3.70658042302771e-14
14163,16254,0.959668932703519,2.42329344356273e-08,1.03714745268563e-16,0.00951595789625524,4.33989600731148e-29,0.00748264334036861,5.127381090226e-09,1.0707144450476e-13,0.007044290859537,0.0162324695086615,5.5674920994082e-05,1.41024179052222e-09
13330,15773,0.926039699242349,5.14220208477429e-15,1.30315262520093e-19,0.00279137681650219,3.68293570658901e-60,0.0159981108987383,1.04746541714931e-15,2.89807819266923e-18,0.0351736481153479,0.0199971649270564,4.24894515559138e-25,6.91035919564733e-18
10964,10233,0.944400326463234,0.000208444589241058,6.30946039793194e-17,0.013830124231523,2.03312589992066e-17,8.18514726738446e-10,3.80881483860121e-29,3.89223509590053e-16,0.000490647817939935,0.0410702107213046,4.12165826725176e-18,2.45358242108638e-07
9588,15057,0.941137224004957,0.00507666580089836,8.85113953992328e-14,4.67297069789204e-05,0.00297873378271453,0.00231391342640912,5.95779525638813e-19,1.80534615086832e-16,0.0242712390618736,0.0241582032473279,1.72908170172331e-05,1.51734960833834e-10
17898,13594,0.934631316047394,2.16892371426013e-05,2.25403541060055e-08,1.83216439288541e-11,0.000490828455439919,0.0558956471155411,6.99119343268237e-21,1.11271038393448e-24,0.00580078874723784,0.00315970783856898,2.47855929727945e-17,3.89993721865638e-21
8887,10960,0.937738792325567,2.16742638767426e-18,1.04271834990595e-23,6.10575218831133e-12,7.37525548151084e-62,1.82522716672332e-16,1.52800135036141e-26,7.12289290872808e-27,0.010884791520758,0.0513764161475694,8.92824850655687e-29,4.27202312750804e-25
9170,13853,0.939292119724752,9.33140957060893e-15,1.21269141578492e-27,1.81751289110261e-08,7.06216155701579e-49,2.05377591599148e-08,2.13200239508736e-22,2.2829559521309e-21,0.0201436341550696,0.04056420737726,3.00204569890265e-11,2.01854663965671e-16
10953,4929,0.929870116121311,0.000841075627968469,1.45478796279298e-11,0.000110489791966194,2.76540914142594e-22,3.1284114167641e-05,1.27004987313447e-12,1.06240922374591e-11,0.0125331173368948,0.0561771555536411,0.000434171946364531,2.58948124468149e-06
15538,10947,0.924262563820024,2.03908518592280e-09,7.55691006860743e-23,0.01357323879119,1.03368197252502e-30,0.00840884987296371,4.48315538896119e-15,1.79004965872942e-20,0.000708339324059527,0.0451903305757843,0.00769239724104523,0.000164278335843655
10275,12404,0.927553290252006,6.51941044540918e-10,2.7355225949018e-19,0.00767647478436144,6.41019724335905e-32,2.12710256173188e-09,4.37085043027397e-05,1.32450828562617e-06,0.0048186507077723,0.0599057656658766,2.77475626691515e-11,7.82770604231646e-07
10560,16261,0.969228213394327,1.47376988156837e-23,2.11056355720255e-11,1.21017960729911e-20,1.88346831146674e-33,0.00234767514493169,3.10458746535453e-30,1.59424912031275e-30,0.00789723076867195,0.0205264744802246,4.06190739513507e-07,1.07289987449354e-33
9709,6619,0.93283294155332,5.02555705211007e-23,2.24272357432751e-31,2.99090456948136e-25,3.77608639225539e-36,6.39521376199414e-12,5.08289177616172e-39,1.4055709131369e-37,0.0112567951853732,0.0559102632540799,8.31448262907779e-13,1.59759965864741e-21
11802,13606,0.692556486114872,2.92760406238844e-05,1.26681282335107e-08,0.0716136024217159,3.57315642460959e-19,0.151652915947573,0.0182021023615028,3.84623075668218e-10,0.00675575471966982,0.0452787355789737,0.00790901445265912,0.00600209930965813
15668,6848,0.941906383789349,1.82028859344728e-52,1.12687563344405e-33,6.92296161005242e-51,2.91322603338666e-69,4.43832307842613e-21,6.0954974348398e-72,2.5125281806086e-67,0.00224771601551921,0.0558459001951318,9.42205278371463e-48,6.03085627104043e-54
13736,10709,0.949364508812448,9.32204940798715e-15,3.10970566052721e-23,5.25913073556688e-15,3.99666615162533e-31,3.05874763158506e-07,7.8780865885289e-32,2.02674895972524e-27,0.0064522619305999,0.03608706124104,0.0080958621411341,8.27871077580954e-21
11927,7097,0.912042101199306,0.000271079170426373,1.29469369442512e-08,0.0266759636940402,8.31705428436442e-05,0.00682246441765468,0.00278727202888254,5.98963076307046e-09,0.00624116802827787,0.0391587735051588,0.00591734666788281,6.41808959823303e-07
12772,13845,0.911734573352818,4.95867598095179e-07,3.40335928309068e-17,0.0252769102977847,4.05927073024826e-40,0.00450933185771481,0.00163619749653706,3.97559324586265e-11,0.00634111351099789,0.0505013728824569,4.67141543280115e-09,2.29215280554445e-11
14296,13601,0.807434416240344,0.00939639103409497,1.1185895968552e-08,0.0452845966491759,0.00348336128738696,0.0500191152097426,0.0111690536684392,2.6019200839924e-05,0.00398743326878415,0.0532107480466192,6.14746892218049e-08,0.0159887927339875
14707,11431,0.912854635471909,7.2465913839722e-05,8.56979792579059e-19,0.0206883951305395,2.29822886681266e-33,0.00478294560398339,1.39120117800599e-05,6.73858986032957e-11,0.00143573484392872,0.043508971495996,0.0103353404699134,0.00630759899072474
11522,12160,0.678067688421669,0.00615170153664673,6.82127795031968e-12,0.0674525587042477,1.70972755355604e-48,0.140141060348973,0.0304273532461967,6.44885064847398e-10,0.00187293589423081,0.0429248817968288,0.000216255481367522,0.0327455639181343
11804,14571,0.0369327096513639,5.66340517062446e-05,1.10320583182454e-18,0.407540610471481,1.92924161296953e-46,0.181880163231792,0.108260920644631,7.14189801453172e-07,0.0219271442068387,0.0651454438332757,4.63096093516408e-19,0.17825565971911
15686,16009,0.829373995246297,0.00301131238741889,1.05696344158211e-06,0.0393339926472474,2.63145975580948e-18,0.106700057809113,0.00498812366010174,1.56190782597745e-12,9.17741419504442e-05,0.0159898846190782,0.000508580899007556,1.22162478218641e-06
8191,9274,0.941143041359769,8.60723251286935e-28,7.92106965578986e-35,3.62051214371405e-17,1.53136039470167e-49,3.16404300962664e-20,1.67714423481287e-46,1.12695429021376e-35,0.0150055852440114,0.0438513733962198,1.04284333940923e-39,6.4763618573091e-27
8759,16506,0.942721379828556,1.61883717743451e-24,1.2443570316738e-14,2.27835488117634e-22,1.58541022003912e-50,0.0407620094123468,1.30586688281549e-25,9.29587951820346e-40,6.81801957615782e-05,0.0164478904277268,5.40135596469188e-07,1.07058469483059e-36
15400,11188,0.939329190712628,2.53472792525945e-08,6.12730560590839e-23,0.0033372947425164,1.20917894388379e-51,0.00119971626259847,4.53073296334084e-25,6.66522184720865e-19,0.00300049706941811,0.0513627581285358,4.24925622378268e-11,0.00177051769453189
11091,4687,0.937853534247324,4.22551832789651e-34,5.86081735152205e-26,6.57760587299179e-33,2.65169144631214e-74,9.15606409101132e-20,3.09783270732588e-49,4.9452620729309e-44,0.00296750339035469,0.0591789623623209,1.88214569531052e-39,8.28464232506422e-35
9721,12405,0.936012188109282,3.77258684827289e-09,6.98277855174278e-18,0.00303290901726041,2.53580984149554e-23,0.000914361460019358,2.90680868063856e-11,2.59110716786473e-17,0.000278242366264802,0.0508985087136426,0.00886378653178367,9.25721914537507e-14
9867,16021,0.919511961948259,4.60622279056506e-11,5.12711157840852e-29,0.00765401314492585,1.0047476096277e-58,4.59215646925625e-06,0.000608609716309998,3.15857429884466e-12,0.0363472419811725,0.0358735810024209,1.02901503326904e-12,1.92182582637559e-13
12754,4684,0.936785078799148,0.00070680681823613,3.25016135917402e-07,1.16929944513213e-07,9.63675253792224e-13,3.20685205087674e-05,9.46774871501736e-27,3.43463139607002e-23,0.00472028700560652,0.0566266703664785,0.00111157467570576,1.70718672717329e-05
16922,10462,0.957891887183941,3.66074202170904e-08,9.50882830574133e-12,0.00772241632976865,2.40475474460626e-23,0.000941318409919208,6.89010844295163e-28,1.46253381333131e-23,0.00073161511317129,0.0327127076451015,1.87003338876686e-08,8.3562828523982e-13
10142,15056,0.76726567523721,4.13133795566552e-06,6.48313962703829e-21,0.129854232126579,3.58660831172995e-35,0.0352328588353935,0.0305240887740728,9.91304881911744e-06,0.0106592293449988,0.0235431258760559,8.08009824301162e-10,0.00290674461090525
12063,5891,0.952466733490918,1.70387350696937e-05,2.68911287741419e-17,0.00295987335030627,1.16253736950874e-25,0.00100166944952877,4.76222749181066e-34,1.19398084525364e-18,0.00196755490227986,0.0415871225484041,7.52017219775336e-09,3.32103181156194e-12
9852,8788,0.952445601960676,2.21881259143035e-21,1.46387729684417e-22,3.58752119449435e-19,6.62290075324208e-25,1.12759942972365e-14,3.39261044769105e-36,1.33353477237424e-32,0.0109869457306318,0.0365674523086809,1.99374217071063e-34,5.89197549433605e-29
15943,5883,0.827157939591066,2.77247351537624e-10,3.65111635500397e-22,0.0634386424598154,1.09937581691535e-36,7.79658344045932e-08,0.0394614965219392,5.2850845156435e-11,0.0170531302578944,0.0528887128252571,4.80834378960072e-11,1.14660880338311e-14
9997,11922,0.943127385110536,9.57762826824679e-16,7.322220253784e-14,9.99542510600478e-16,3.1588354474773e-20,2.44350038461815e-07,4.07556787508866e-19,1.41229907765767e-29,0.0033991936164938,0.0523448782346921,0.0011282986881647,2.07325741630662e-23
14443,17700,0.856545020756432,0.00227973336100811,2.53598530452971e-08,0.000199461765818574,6.04189701718629e-06,0.0917061304022617,0.0102151598096843,6.53311777151287e-14,0.00857045691741307,3.89580387539059e-06,0.00217834229948816,0.028295731627083
9571,6860,0.92616272668353,2.0513848775795e-07,7.47437676732603e-16,1.70836415527294e-05,7.86262446402052e-48,8.50910233588118e-07,2.76715675804446e-23,5.24100310531265e-14,0.00289323077349597,0.0661022223869562,0.00482367441542097,6.05027011749162e-09
12498,15293,0.965679705630889,7.45703345931018e-07,3.43292683094354e-21,0.0165950753717178,3.67012213457706e-38,0.00115133218515799,0.00138964547822026,3.70634571241456e-10,0.000253834404196411,0.014922339773344,4.97098227040925e-09,7.31611151184567e-06
11945,15776,0.918955508973483,4.11226125789018e-06,6.52459708838964e-18,0.0360571963802109,7.43601202889216e-38,0.0142649367022828,0.00501798835918004,1.20278334086904e-09,0.00466194962542077,0.020950205355099,1.13221858963159e-09,8.81000080639114e-05
13609,16737,0.838508541657583,0.0010473833262073,4.45631817217954e-14,0.0508665759362946,2.86137765993939e-16,0.0504885357357787,3.72864882107892e-05,1.12363868398599e-05,0.01551566448061,0.0237100632961239,0.0189117054512895,0.000903007241017446
11371,6133,0.826452266899561,0.0139331388236773,5.00320362676666e-07,0.0370131174532956,3.68668849885479e-16,0.0664243608477563,5.67240225474242e-05,5.59973575537445e-09,0.00307153858502218,0.0363330770453084,0.0167152310741183,3.93286143521188e-08
14702,9020,0.937434009320166,7.73191140222613e-06,3.80119867560876e-10,0.00600667801131032,9.67676951586224e-20,0.00987396223548701,1.84755876802209e-15,1.4256239780269e-12,0.00499264753710423,0.041684858031909,9.3880330221141e-09,1.03183040742679e-07
12225,17222,0.917209264271857,0.00891951323000868,1.34727302774076e-05,0.0358724342746668,4.46224663531956e-18,0.00784442003380774,0.0038181988809851,1.37784667371089e-11,0.00186391944560003,0.0242133813346047,1.19163632113197e-12,0.000245395783222296
11114,16260,0.962490319675262,1.71808972057645e-13,4.6755234577533e-15,4.16551259272222e-06,2.63058875055251e-49,0.013782082610314,3.08254988394424e-36,2.98929978000452e-19,0.0103847986553,0.0133386335463541,4.1691719226802e-16,1.58776292334073e-21
10963,9751,0.934634580576542,6.97637900374544e-30,2.85070134300996e-28,3.03448185279166e-28,4.00594822269657e-50,7.94568593155302e-15,1.15149958925852e-46,2.16415025684037e-38,0.0168122980725282,0.0485531213509219,1.16579218670668e-35,2.09066751507402e-30
10978,17465,0.831088581577826,2.21782850947341e-06,6.02240892572906e-13,0.0567306750091818,2.07274282540081e-29,0.087308993478319,0.011765876735266,2.64106732810256e-08,0.00839911244302911,0.00470443823963886,1.31610175222359e-08,6.51159362818514e-08
10694,14091,0.626496073159814,5.34345026223585e-05,4.09824212276674e-18,0.195460838981627,1.82197187127351e-42,0.0128304333274124,0.0254287623062574,0.00275089235392706,0.00354417608500901,0.0676819387175199,1.14012108458103e-24,0.0657534505658105
15260,10465,0.954638741439153,2.05623960694765e-48,1.70478667816026e-27,4.82981088093793e-51,7.65121901142705e-63,5.28251839446414e-10,1.11610676593922e-42,1.32066367847146e-60,0.00330380465289664,0.0420574533796985,3.1749062012779e-18,7.17845682412238e-60
9164,10960,0.939588498035909,1.58995961256298e-28,1.249339119667e-24,1.0499766375367e-24,3.24578145331322e-43,5.31287260468671e-16,2.60853004490567e-46,3.51739197408963e-43,0.0104771675416277,0.0499343344224632,5.43673804807351e-36,2.02263447339112e-28
11092,5170,0.943466321556132,2.42514769584348e-07,6.44339969966704e-17,0.000737841804623412,1.93184851322792e-35,2.97798304260857e-07,6.38261388934623e-23,7.66805242832872e-11,0.00385208114849204,0.0515737584972235,0.000369456600381404,3.39322481094277e-12
9024,10237,0.940089074778157,6.05953459559808e-33,3.08280783067108e-19,2.26525990695238e-38,2.99721191899087e-27,5.86776676545827e-09,1.47679117129542e-44,1.29321818382993e-44,0.0196735916243631,0.0402373277297127,7.49455830432128e-16,2.01939342698075e-45
15401,11670,0.93655064245169,0.00713134501443606,1.15560139332349e-10,0.000838541780989258,8.38170055755425e-07,0.0039083068990394,1.82117041768014e-08,1.43246998022256e-18,0.00119393343631819,0.0423313412974428,0.00804501600212722,1.66206373516757e-08
14139,4681,0.958158303339162,5.84938088679549e-19,8.58142978646486e-19,1.50932618802338e-18,1.98903195143029e-35,2.52429918274065e-11,5.52524956604653e-38,1.74419848839477e-27,0.00263105584944435,0.0392106407861507,1.49629985743679e-21,1.9756915104993e-18
8465,7827,0.909425714118492,6.56781845804785e-05,6.79083221580495e-18,0.0221673453377206,6.13351592145691e-41,1.2339044052643e-08,0.00159060880504897,2.44500739005662e-09,0.000535473623628832,0.0563619067426469,7.74612777480228e-14,0.00985325840375361
11521,11678,0.863234361735491,0.00131458484941251,4.11804349351529e-14,0.0555367175851163,5.07559565541585e-14,0.00199271417456956,0.00992336091988749,1.05937842533097e-08,0.0262333445753846,0.0389493262546765,4.56218250024607e-19,0.00281557931158593
12224,16740,0.936512387464974,0.00249459153437144,2.05677790113579e-13,0.018623477805452,2.87349214215888e-21,0.0201582111405848,0.0041138707585107,1.18715815415258e-11,0.00430066506269538,0.0132251069470754,0.000171225661076419,0.000400463613182464
15249,5161,0.93544973855996,1.25039507751151e-13,4.23924144719707e-20,2.14185667322796e-10,5.35287459877913e-47,1.22936507070065e-10,7.83954661284758e-21,8.09773650163133e-14,0.00314854357433439,0.0614014520329219,3.85249275983415e-09,2.61642962727713e-07
13877,11914,0.934612912598576,0.000185967247487113,1.46772195367788e-18,0.0177021165493422,3.10846717487059e-22,0.00779462547875077,0.000749026381862899,8.1490402848757e-11,0.00268470790978223,0.0342490498140428,0.00132945010097937,0.000692143837686148
12204,7096,0.864410247489654,5.94001602982163e-07,6.50899564530719e-10,0.0570653719518436,9.06034625100879e-45,0.0460454272496617,2.72655734181475e-05,7.19898479751223e-08,0.00239239805567515,0.030051867043177,6.75518500408511e-06,8.09215627720416e-10
12071,9748,0.962275021509657,4.22154920857111e-14,4.46450885233715e-17,4.28029411037961e-18,2.27922684319495e-25,3.67951742916892e-06,3.71511272828022e-16,7.79381819577426e-23,0.00129276283106078,0.0364285358521497,2.89651797938896e-10,8.85503419314725e-15
10276,12886,0.91727635774306,4.65779811760642e-09,4.59492853189901e-20,0.015847675716664,1.27230206907576e-49,0.00784982760826396,0.00159595817316366,6.10254930078871e-12,0.0247722326628775,0.0326579434320277,4.20016048059747e-14,4.52480517947984e-16
16510,12150,0.94939002138919,1.67072764719698e-09,1.03977379017644e-16,2.05664426096131e-06,9.25819018947051e-30,1.8384941782043e-05,2.22646421544335e-28,7.54300016136507e-22,0.000498936732914891,0.0484582138915728,0.00163238472950779,4.33984781197188e-14
13314,7576,0.943861820714442,2.85589979968996e-14,1.39673363534707e-20,5.64889104010961e-12,1.29305173661753e-28,9.76018986445605e-10,1.41751596425666e-31,9.55544949547724e-28,0.00317575006572019,0.0529624282376221,5.18979399577431e-13,5.15338430403948e-19
10125,6377,0.947157655022307,2.18136669899869e-23,3.8108435507355e-15,6.93583256839982e-27,1.42765420482101e-19,3.69980493045007e-13,3.96806002146264e-29,1.78323664937112e-31,0.00260192749735428,0.0502404174799653,2.85419286974356e-25,3.82159538782162e-27
12624,8783,0.947268117342166,0.000399283970943498,1.98878474438106e-12,1.16556920708416e-05,2.0521016410065e-13,0.000890496532888913,2.77132344569789e-21,8.20725111474018e-13,0.00825858829927189,0.0403409754137966,0.00282852495731612,2.35778853155183e-06
9028,12165,0.925572278983223,4.74820459703052e-15,3.40723414522626e-21,3.08000208540515e-11,1.64248592531213e-25,5.31005887170454e-14,3.54525451934579e-32,1.14608713332632e-30,0.0218604002330345,0.0525673207528499,7.7022067532712e-19,3.51245389463648e-14
17899,14076,0.975500320978962,1.0675679220317e-14,5.57385778190546e-18,1.1578500206825e-14,8.22357462981653e-36,1.12067089794481e-05,3.21851917278151e-15,1.22424729889796e-27,0.00280599814310506,0.0216824741537049,1.52235271510643e-11,5.93256954754751e-21
14569,11672,0.641431659270126,0.000230499010461313,4.97058523968571e-15,0.14386442036024,1.64982720096334e-27,0.124252822140645,0.02036793325184,2.8823817569275e-06,0.00655226508429635,0.0289407612985152,0.00253321117427562,0.0318235460278389
12502,17221,0.942649045450352,2.07600841508285e-07,3.82991515565344e-23,0.0285168509658945,3.80114610477237e-69,0.0126079829755755,1.57948194239304e-09,3.10679854594015e-12,0.00161901095849102,0.0146064961452151,2.34108480933183e-16,4.04321041020945e-07
9586,14093,0.947054684135665,0.00361414244364682,5.54619380078367e-17,0.00925166720371631,0.000162410558641936,0.0108916787720149,2.95622286564302e-15,4.50683718543976e-16,0.000515405345450535,0.02850997467208,1.87783650038865e-12,3.68669027946904e-08
17625,15523,0.947563930867548,1.31586340111168e-12,5.43182518360692e-23,0.017048859783182,2.30477380394913e-23,8.02253101592766e-05,0.00430232447453762,2.68191088819455e-13,0.000646242820239671,0.0210345030536636,0.00932391368802013,1.06538535687339e-12
9160,9031,0.931454443190344,2.2067312631851e-13,8.64190577736169e-17,4.77982205428515e-16,1.28011936966403e-13,9.14668876722247e-11,9.46013000457035e-23,6.80316324918362e-26,0.00587132656961556,0.0626742298491782,2.99030410110926e-10,1.54044037958992e-14
18170,10700,0.631669891477202,7.18683688665266e-06,1.67978176081113e-15,0.137861661210566,6.92176960317531e-33,0.0531367157889006,0.111541973469439,1.41949833337208e-07,0.00476261283946078,0.0429859567838231,0.0180338541939164,5.4499704927937e-09
18176,13593,0.863883548055385,2.16657474027683e-11,3.57917305025683e-32,0.0546539853523419,2.73040707598208e-65,2.02828949633767e-10,0.0520460269825286,9.47689850153171e-11,0.021125374772437,0.00829106448952227,2.88537057767803e-28,2.8521987848288e-11
13862,4682,0.965474992555318,8.27805788608006e-07,1.66481660034024e-18,2.24726422928187e-07,3.33095336779403e-49,7.28974256889531e-08,8.37952691009397e-20,2.74791132581809e-17,0.0015950942471483,0.0294515643642399,1.33935324030661e-20,0.00347722340365621
9857,11199,0.776708451288666,6.1865267393639e-05,3.88144800186932e-24,0.0709068353863053,2.38865356533081e-49,0.0842245816415075,0.00501579821756956,6.98747183373848e-14,0.00349195400927838,0.043713692609707,0.0158768187834133,2.79608991904239e-09
12918,17461,0.914139255520701,4.99229104234689e-05,8.52215827123827e-13,0.0258409997211355,9.34645978823374e-11,0.0342164132338572,0.00579028177029769,1.95475818090337e-08,0.00073434785489343,0.0191833957107333,4.53636356311557e-05,4.28457865389981e-13
12357,14087,0.819102551550706,1.09244819432587e-08,8.8181744082473e-25,0.0853810583625026,1.10618347780338e-46,0.00934347751965149,0.0184080689471742,9.73891829440123e-08,0.0380041063395462,0.029579826299339,8.10243643462584e-06,0.000172700230980811
16516,15043,0.967010010459037,5.09832837443885e-19,6.532672640528e-14,4.30565615298593e-20,2.2753501165756e-25,0.0018550874096812,2.36445325740218e-21,3.1195087999427e-25,0.00322898159889096,0.0274942232205337,0.000411697311792234,1.02250566555568e-24
10141,14574,0.742172135792122,9.07137614362313e-05,1.76673696260862e-09,0.15208795830007,5.66304660192689e-07,0.0217908861822373,0.0301873791377854,0.00215195980587933,0.0343292206503531,0.0127871748066319,5.62965915530216e-13,0.00440200349152502
7639,10722,0.904934478002331,6.84660821678229e-05,6.70783760587056e-19,0.0194272532750736,5.93702069185277e-37,0.00244065840802894,0.00409999968316863,1.21050757960399e-09,6.05920270980158e-05,0.0564452845107713,0.0125213654689464,1.90133190628553e-06
9729,16262,0.952150174181253,1.3486560329777e-18,1.06078693869474e-13,4.79460441347999e-21,4.56684166838163e-28,0.00517783249336683,3.73712717235576e-06,1.87987650593407e-30,0.022653261213148,0.0197744654352391,0.000240529549714316,3.57966536876061e-30
16503,8775,0.945184753554587,6.82132880604459e-38,4.8817232885168e-28,2.47086513675828e-37,3.15702178816322e-86,8.01617597387221e-17,1.3511072910393e-58,1.53279026144075e-49,0.0106362528650903,0.044178993580323,1.28895074225073e-34,3.04614583652062e-37
9988,7100,0.920021311717852,3.59790037107762e-06,2.26305950407306e-11,0.01320127886481,1.15050570854674e-31,6.41731446877762e-06,1.4916853288619e-06,9.71968219516982e-12,0.00311186982465482,0.0567676627393177,0.00688556180079051,8.0812005633882e-07
8604,8068,0.934421163957903,2.67963206898777e-24,8.63201863703124e-33,1.88226072271749e-17,1.7497092076497e-49,5.99057589056112e-22,3.73712015241642e-38,1.86390124636996e-37,0.0100542826433847,0.0555245533987124,7.71699319630539e-50,9.57963411819853e-24
13472,17460,0.777693882029816,0.000113070427587559,5.87655868135331e-15,0.0684213640995826,1.08116271163962e-13,0.0495006674306056,0.01744691848733,1.05809555886025e-13,4.61355150153876e-06,0.0399208614566386,0.0468984904957316,1.32020986504966e-07
17338,10702,0.952803938696814,4.92381892994629e-08,5.56824888411863e-16,0.00309935332968453,5.29964244981681e-41,1.06175842944091e-08,3.511194316225e-16,1.64786802006359e-18,0.00034677830327107,0.0437498244249431,3.55268948229423e-17,4.53895126924827e-08
15948,8294,0.951495963010598,4.44491169435897e-16,5.94914232598585e-25,7.62960716637443e-07,7.63987564551632e-57,5.56776859429079e-07,1.03200548984874e-26,1.36823106944239e-25,0.00208771085040199,0.0443596614446972,0.00205534474625678,2.10469468052231e-10
13053,15774,0.901930544041215,1.89737957589287e-07,9.61171469794779e-24,0.00548238923992065,3.04750007204896e-63,0.0237499304795618,7.24347901763209e-05,5.28505975940068e-15,0.00276427020151282,0.0361548300288531,0.0298454088957448,2.58505271759913e-09
13740,12638,0.938759887981865,1.32188181435889e-06,1.74963422218905e-16,0.00119586377632785,1.12075607750482e-09,1.1856540005131e-05,2.63425930424791e-20,3.43885262306167e-15,0.00543738632683608,0.0484115465968033,0.00618181025247647,3.25523111896788e-07
10406,8305,0.848147287651805,0.00119824620249017,1.06219183300875e-12,0.0762645769624919,1.4032581749708e-25,0.0319378206778973,0.00978660746927259,3.83846313310891e-05,0.000484543101449065,0.0314180679859344,0.000671578735423802,5.28865808428798e-05
10556,14332,0.0183402412452695,1.74559957088147e-06,1.48443499117088e-23,0.669649626689466,2.91715880413915e-62,0.0224205785717411,0.104413010281441,0.00666871331404413,0.0693283004994694,0.0366043736993448,6.34817762277847e-30,0.0725734100996526
8194,10720,0.942962601778587,1.41836797388139e-26,7.97292024390914e-33,1.41045766374982e-18,3.51243843399137e-83,6.14804532661712e-19,1.77170086669935e-39,2.83979632255395e-31,0.0114989493696527,0.0455384488517597,3.91077923557036e-46,4.05332581215803e-27
8746,9755,0.936142464722411,2.58944362316077e-12,8.58356528512406e-14,3.20329499371973e-17,0.000457145880859527,2.61163624683445e-09,1.86093671898663e-33,7.15741345097752e-26,0.0020858334091171,0.0613145400463932,1.33269030066089e-08,4.33448691261715e-15
12901,8782,0.937860820110831,1.08099755626979e-05,1.55490389764924e-13,1.45035528603558e-09,7.26487284923051e-19,3.04555747808592e-06,2.36303321245353e-19,5.95831842586064e-14,0.0058691778252684,0.0562561448314322,2.48811298757425e-10,4.62660536238284e-14
13324,12398,0.918244220354983,0.00573996743757796,1.76504674297995e-11,0.00268795768848216,1.13082187718327e-08,0.000691938692177702,2.18566855398645e-14,6.87908074092609e-17,0.0194991035013535,0.0531336938694213,2.51069141423379e-14,3.10713008861355e-06
12634,14087,0.923631621898709,3.90469756711061e-09,5.07402818993066e-28,0.0172422386521462,2.76377465470836e-66,1.3167643474892e-05,4.37253195662611e-05,3.08296876815614e-13,0.0226716931853345,0.0363975480223802,1.28947553038569e-15,1.37338218802555e-09
13746,15531,0.936666395647359,4.42904144058938e-08,9.83720432169314e-22,0.0332967039735609,7.53254948652205e-34,1.1340728338085e-05,1.40448745808672e-06,3.51583506694971e-08,0.00301498504365828,0.0270090886212233,5.10642939984642e-16,2.0496364534851e-09
14990,14323,0.973920178501162,1.49494881136991e-09,1.67317617600904e-14,0.00682852918212897,6.11780931125408e-19,0.00120705264582384,1.08271331890026e-17,4.7369691254493e-17,0.00185412935179723,0.00779300774938368,0.00839701241096788,8.86637712907314e-08
10676,4929,0.933752795291105,4.71011266506574e-29,1.23799040576178e-22,1.25655491885792e-28,8.7028396064101e-45,2.29817092014068e-18,6.85181634530694e-50,6.82893320052915e-40,0.00579421112588045,0.060452993583015,5.7964018351443e-42,2.14552237240898e-32
17483,13836,0.975689527580708,1.93632302181987e-14,1.09722577519616e-11,3.613244163317e-14,0.00261494323035813,0.00620788471668296,1.95008894184698e-30,8.17290623992935e-34,0.00323332469895755,0.0122540411647973,2.78597468131853e-07,2.43004370510381e-22
15542,13358,0.9791482126281,3.08738620990475e-17,2.51286061494534e-23,1.46195066701073e-10,4.46692829535108e-42,2.19885202298007e-06,2.280335465611e-28,7.61647766677423e-21,0.000943586772879982,0.01990600128955,3.1125184077355e-10,2.61762739448253e-23
14147,8539,0.966398004338441,1.68699667603959e-26,6.2383922123785e-24,5.47244350356435e-23,4.58115249113655e-31,4.81886764539192e-16,6.60296435468269e-31,2.90521287451479e-32,0.000650955779332992,0.0329510398822251,7.47442760379034e-29,5.10660340373656e-31
18448,11182,0.730073526454227,3.13056556816003e-07,2.57908870757937e-33,0.117560165825087,1.49815275402941e-63,1.31085194239725e-14,0.0925300807961926,1.24076284270636e-07,0.000638696229672393,0.0591823060081281,3.84841333920069e-31,1.47875538382372e-05
14978,8055,0.95216813201563,5.64292609154732e-20,5.16107855074502e-14,2.57029106982151e-17,1.67386564214516e-39,3.33477085845956e-10,1.20886455214154e-35,4.41393039013241e-30,0.00932645751068547,0.0385054101401561,6.00194743899901e-18,1.47744295222202e-23
12061,4444,0.952426883758651,3.03006002707979e-13,1.28638144395583e-14,2.01937535003553e-14,1.3694553209237e-30,1.46707409780777e-07,1.11881134536609e-28,2.78787476285032e-26,0.000713255178567669,0.0468597143549529,8.22036670000614e-14,3.08765909816531e-20
11949,17705,0.911450295357264,6.97476619058483e-08,1.29843374131751e-12,0.00749263855143247,3.79357007970858e-42,0.0237024506049537,0.00739004088191056,1.17688424498678e-16,0.00684965426352129,0.0431148505919547,2.41402444622393e-15,4.04242637114298e-16
11531,16500,0.895560287909486,0.0285867845058317,3.30261250811553e-07,0.00176577518613625,0.00451555655254433,0.0361806118322768,0.00389726482370181,6.82952325100357e-13,0.00102311723895198,0.0206487800219422,0.00756185405043949,0.000259637616755915
8615,13372,0.937406633423948,0.000174579565564993,1.1311729926484e-14,0.000232331584363396,0.00215003296872963,7.94736279359655e-11,5.83278323181474e-18,4.27971673080385e-13,0.0110677283317978,0.0489686940454952,6.80783962702567e-25,1.8761470256168e-13
12501,16739,0.951877480898817,1.7866388512735e-05,8.51190214598517e-17,0.0144392653970986,1.66816579549191e-28,0.0130971078264285,0.00139199597755183,8.61229347009651e-15,0.00369211156690346,0.0154841639636444,7.98006558991726e-09,9.6931008742124e-13
9311,15058,0.935549066021443,0.000132677544733566,7.16451238868899e-15,0.00505674706367891,1.31255617405099e-29,0.00779988158738864,0.000122589494078186,0.00160094158828978,0.0134380298630934,0.0327439582821336,0.00355579046821529,3.18086938173183e-07
10691,12644,0.940253034522905,6.08349781037557e-06,1.02869634421563e-15,0.00749982963592996,2.81378738600018e-51,0.000173727125531045,5.66792492537444e-07,3.7819925444495e-16,0.0139349848630391,0.03813176587518,1.6656036386064e-10,7.52055038920291e-09
14164,16736,0.864518024953891,1.90798909901283e-05,7.64286961626499e-12,0.0283574640247436,9.32517073431603e-37,0.093432041856456,4.8065765289253e-05,3.38599973094627e-09,0.00117961379483854,0.0124207298338748,2.49659127785516e-05,1.05734952546808e-08
14847,12154,0.595953842189159,5.69801671296491e-07,7.74059397865682e-13,0.259127718691025,5.40124665714034e-20,0.0223862051492943,0.0375765024937125,4.7473582166749e-06,0.00691536927953202,0.0523687353034331,4.20351264641359e-17,0.0256663097331817
14983,10948,0.961525782379459,3.66067499150323e-22,7.83850133350313e-24,1.46176229250407e-22,2.77707295204389e-36,7.31088501812024e-09,7.52076073007028e-26,4.71628829720707e-34,0.000113384539720522,0.0383608257601236,9.81183601956188e-12,2.33116372613675e-26
8890,12407,0.939818996810654,1.08146888888054e-45,6.10245309143264e-32,1.56224943767893e-47,1.37030185958945e-69,3.10862746790815e-14,1.78101177432703e-54,8.31075016988137e-57,0.0248180003580254,0.0353630028312896,4.13100032257664e-33,1.62848300271563e-52
10970,13126,0.669083239806469,1.33585882716375e-05,9.3203900001064e-09,0.141711463080778,3.17284758617403e-21,0.109830150375869,0.0113267510830271,2.79646918601997e-07,0.0182408222705345,0.0474098297056728,1.8431200207785e-08,0.00238407769086897
10675,4447,0.94397868305923,5.86892974769841e-20,4.89792376727232e-23,1.66784101202587e-15,4.63740383862863e-53,3.23551823658299e-17,1.28688026608785e-40,2.00567080164883e-31,0.00883862150665736,0.0471826954341103,6.75581049477073e-39,1.09265376780891e-24
13875,10950,0.955786671059005,3.70423797444014e-07,3.84140431854417e-19,0.000715427157547824,6.89284798164817e-45,6.86880440291929e-11,2.16764143230414e-11,7.10463168848236e-19,0.00319178650658079,0.0403057068845759,4.43894337536756e-15,3.78781245558841e-08
15251,6125,0.955370793423434,4.6717727788459e-13,2.08483227794389e-16,9.82102832199637e-11,1.69890665862067e-40,8.74960895451235e-08,9.38197888063325e-36,6.45805805907311e-23,0.000572197274450818,0.0440569209234772,4.90310395662659e-15,7.83865380600013e-10
16505,9739,0.954145145586452,4.17127328058714e-16,1.14361728108427e-27,7.57337275384664e-07,6.07961349177051e-64,6.17542538694759e-05,0.000101567117669921,2.21495065234122e-15,0.00118000718800344,0.0444499955503241,6.07729654113296e-05,9.92025106042167e-13
14973,5644,0.95437004082458,5.35615929647607e-24,6.76862420872839e-28,1.76501835630556e-20,3.46597084701122e-63,4.96072625364704e-20,1.96510655893289e-37,8.53195392290076e-38,0.00127985907167633,0.0443501001037435,2.40349360834716e-46,8.95955789436293e-30
10407,8787,0.933096931454109,1.14738753690428e-05,2.0447007165194e-18,0.01167037129165,2.72291659494988e-29,1.93565405274287e-05,5.31258798766759e-18,2.48042746519452e-15,0.000122649661469483,0.0435715569201038,0.0115073817878517,2.78468917192207e-07
10960,8304,0.96413213981527,6.65391036276687e-18,6.05153002180843e-14,1.26340038633815e-15,2.57929957447212e-21,3.26869638767429e-07,4.92705682959756e-18,2.52899749889537e-17,0.000901177834066562,0.0349646601169375,1.69530882853944e-06,5.51965793230982e-11
12766,10952,0.919540658958443,0.00949878393641817,1.16778516847618e-13,0.00301887512974335,0.00148871895431159,2.87184579495114e-08,1.80959159197538e-12,1.65679608468584e-17,0.00345326432841877,0.0585064317168509,3.33569675228482e-05,0.0044598812879068
15809,8053,0.964316121321092,9.348311414493e-28,2.30138148939911e-23,8.06386640118037e-18,3.59354970490921e-60,1.32166993751588e-09,8.19574868047579e-40,1.4549796144128e-29,0.00586926418941895,0.0298146131407099,2.71088994177576e-11,1.68680984253077e-28
9158,8067,0.947406092274955,2.32209971780137e-47,7.71741083757392e-33,1.60987132871177e-45,1.6542677970887e-82,3.32482532390495e-19,6.73889605744674e-55,1.18503707887613e-54,0.000565973896715523,0.0520279338283299,1.52005247715603e-41,3.58114088944998e-52
9855,10235,0.952271014208611,4.55557174332152e-08,1.96657188608398e-16,0.00356145558056549,1.6767175546396e-13,3.28379489388622e-09,3.26383677233717e-21,5.33347964181038e-13,0.0044564457392313,0.0397110356226463,4.19713363119755e-17,8.73264588389391e-12
16236,13597,0.899726778466997,0.00168675286004469,4.28623543191812e-13,0.0446442577429445,5.94055766768877e-09,0.0232070490049468,0.00597821305167401,5.63028268494621e-08,0.00101445370802946,0.0237423156417964,9.30275438792080e-13,1.17278823665698e-07
12068,8302,0.941690811328695,2.60246337288381e-07,4.46129533959714e-16,0.0238979747151675,2.07130219130206e-66,1.70866736957182e-05,5.3713439290514e-08,8.68338220633091e-12,0.000817331032130384,0.033576471567323,5.44762111636192e-14,1.07144740175066e-08
12627,10712,0.942787050998431,1.56889263162627e-07,3.98078588835615e-16,7.83319520986379e-09,1.71200103148605e-19,5.20390141064297e-06,7.82398859782751e-21,1.61979636450278e-23,0.00561904048205843,0.0514925069170192,4.31814956293265e-05,5.28514829932413e-05
10422,16502,0.981662703341597,1.46435945389545e-28,2.18714113358581e-20,1.23731334949402e-26,6.22389416642742e-58,3.29820704893733e-08,3.94730015739418e-34,2.28387701390319e-38,0.00409114088302167,0.0142461227933109,4.79192457055413e-20,4.22413867312813e-39
12353,12159,0.756636065619431,4.10588112990152e-05,1.59226950412747e-15,0.118298003759903,8.76167775988296e-45,0.0309774076836404,0.023207932117463,1.83252242456455e-05,0.00402939960181644,0.0667686076317253,9.86181799927398e-06,1.33377324749427e-05
7915,10239,0.909996739549047,8.47802976445794e-12,8.58734193333027e-27,0.0420673809134719,2.39322933841787e-46,5.36866436040497e-11,2.20667494457108e-16,4.32599491910058e-15,0.00540882603033754,0.0424776752944743,2.96158305472463e-29,4.9378150500413e-05
13889,17701,0.965180659714382,0.000190752036548752,5.79475158852864e-15,0.00734690561215606,1.51920386741437e-37,0.0246445610786583,0.000829884155628824,1.5361977116022e-10,0.00177187852545588,6.24940768544964e-08,3.93684231022231e-07,3.4902545236756e-05
10549,10475,0.95161023133668,5.49265748145045e-12,3.43360847425005e-18,9.09469346272054e-05,4.44816256552846e-61,4.10713127799544e-05,2.73835296560694e-16,7.69110392161392e-15,0.000544191233093078,0.0472402281803326,0.00047333098850151,8.48542041542501e-12
9707,5654,0.771664732047293,0.00741038166691477,1.26320145675066e-10,0.0172272530537125,0.000214690291278162,0.0505300954031459,0.00919003174097369,3.67414659098262e-05,0.000513205548788452,0.0414332280868692,0.0352228192688071,0.0665568212999875
13046,11916,0.614844720400626,5.04218869430915e-05,3.06295104749721e-14,0.147888748804415,4.1479028147563e-27,0.104264959122604,0.0258394719244525,3.28159066599369e-07,0.0134509202719397,0.048415714313232,0.00555777292513449,0.0396869421915568
13445,3959,0.780730585011801,0.0104705948512837,0.00223576247450204,0.0449776829932022,0.00636693769778019,0.0671436120732854,0.0171389856709585,2.580028037502e-12,8.41545098416586e-05,0.043575946219832,3.78824937288677e-08,0.0272757006124396
12752,3720,0.950226505749919,1.93165118492327e-14,7.56775980209164e-20,5.66627787231638e-17,4.23114523115413e-45,1.14656918615996e-11,7.39320661408924e-34,8.01164749536263e-28,0.00178739266833612,0.0479861015671769,4.00479496762313e-21,3.08312723418931e-12
8611,11443,0.951639082274772,2.14484819895813e-12,1.97360673102985e-16,6.84347869242557e-11,2.74644950166734e-13,1.37179707049316e-11,7.58131065516489e-17,1.2648018126731e-13,0.000591093991654061,0.0477698179137075,5.73228009509181e-09,2.88753955595647e-12
15545,14804,0.935731647378462,0.015260013709869,6.6516045170645e-07,0.00487062526031922,0.00364091235259737,0.00063924468367952,9.66806156532867e-14,1.11641060473381e-16,0.0046075560183946,0.035248465574207,2.60696341379014e-17,8.69861922397277e-07
8056,11444,0.908364394482401,1.30540897090359e-27,3.40155976316399e-30,2.71793211017853e-14,2.02049005739711e-73,7.09571575262885e-22,1.07611775622269e-45,5.53358420541228e-33,0.0453795156344281,0.0462560898831438,2.24624901722375e-60,4.34339637860654e-21
11928,7579,0.945780092405302,3.98242415765362e-07,3.19303046844438e-05,0.00721254005399752,6.80611168977554e-06,0.00489587523864464,1.59604073630461e-18,2.28169016289476e-10,0.0104817252033072,0.0315308277425191,5.98037088763474e-05,7.60394365044241e-10
13171,5406,0.932823241280293,3.00476124335563e-19,1.88294608524686e-24,4.26262489560673e-16,2.20752485095518e-51,2.28272140027498e-11,2.72586546556058e-40,1.09642774564583e-28,0.00890088016621103,0.0582758785306684,2.93771973512442e-20,6.92250943582631e-24
12490,11435,0.94328844689235,9.07099085475736e-17,5.42834083608945e-20,8.97625739998931e-13,9.87190686289016e-38,9.19815510204829e-13,9.06937847683728e-21,5.61659398063643e-26,0.000942851841542373,0.0557687012641016,2.56134372836518e-18,1.88987004188881e-13
13749,17460,0.884709709803438,0.0131334307221186,7.09714547024382e-16,0.0499853959655663,3.84686727750098e-38,0.0461372718826609,8.42121024156822e-07,1.6973603088489e-14,1.40464363066308e-05,0.00233658886651071,1.30549740302156e-13,0.0036827142022269
14018,13120,0.928057562921882,0.00387265565930174,1.05348591291853e-18,0.0107488440795366,7.23452291273788e-35,0.000247711930406728,0.00987725839192263,1.40283749212596e-15,0.0032405740818249,0.0342239721795158,0.00946344963827492,0.000267971117333624
11944,15294,0.827553902220614,2.34822761081506e-05,1.47046447749618e-12,0.0677897943477244,3.97127883011001e-37,0.049712372260445,0.000457389870549593,5.79756819454836e-05,0.00582299283268387,0.0387197335573716,3.05609150176912e-05,0.0098317960360698
8331,9997,0.929295694347233,3.36505883052597e-22,1.10735159442146e-25,1.45193554783213e-16,1.90552950319963e-39,7.21796731171852e-19,1.50462595868241e-27,1.66951501573215e-36,0.00178355538104682,0.0689207502717199,3.79382315035261e-29,7.55094066218682e-22
17342,12631,0.75838527816653,1.46903257154811e-07,2.05738284849839e-20,0.128135909182078,0.000193570429772208,0.00785454636021853,0.0365431814813422,1.03009662824278e-07,0.000402268619535181,0.0437120187121223,0.0247703369223226,2.64021315889985e-06
15387,4920,0.917664631363956,6.55081231142711e-06,5.22239057566391e-17,0.023595318140204,1.00407952660859e-22,2.68624006936084e-08,0.00319120282970853,2.45699317294804e-09,0.000812183332826966,0.0475962595973609,0.00713382049016408,4.11407418215642e-09
18311,11906,0.626411847727976,0.000113957599336472,4.20510080095459e-23,0.125837477768088,7.74116748227642e-24,9.88168744528543e-07,0.128811226691547,2.71200949176573e-11,0.0251854453141641,0.0451083432952599,3.64169358789304e-11,0.0485307133713464
8464,7345,0.927934845857836,5.34268661747386e-20,3.71178139196464e-21,1.96678049898808e-14,5.68616456912662e-92,2.42123938240876e-09,3.68671121739567e-20,2.8258143148391e-17,0.00283700546074558,0.0692270441896506,1.10207050237935e-06,6.48992115155828e-15
18451,12629,0.890427234889707,1.75133947524271e-05,4.73340297001204e-21,0.0358859707185888,3.04245946595043e-48,3.52841682918106e-08,0.0336268920880287,1.32061369422119e-11,0.00644568939537773,0.0332089848157339,1.59939560904692e-08,0.000387663406480978
11505,3963,0.944496310686335,9.14204764166484e-22,9.10366047523888e-18,1.88545169551976e-25,2.27648328760788e-32,4.8057711992362e-12,1.60498884231326e-31,1.33705609224799e-33,0.00249940634494192,0.0530042829639172,6.41995212385602e-27,7.34133609501356e-30
15684,15045,0.947295298310859,1.84183360713298e-07,4.94345355312527e-09,0.00627181405078433,0.00130594487579352,0.0131136634340161,1.11234237084528e-11,2.13225842115911e-15,0.00406869664857758,0.0178101223324776,0.0101342324117364,3.87978153014163e-08
8063,14819,0.478455101796522,3.49202851827583e-07,1.1091892887008e-24,0.273089413882628,1.49808487801407e-56,0.068638719556296,0.0758100809300149,8.61996934261617e-06,0.0395479234301675,0.0593089703811173,1.70232708080871e-10,0.00514082068082763
12087,17463,0.931397853113115,0.000350462442322165,3.34684388296484e-15,0.0266302860346448,8.71454919528242e-15,0.0371742464237117,0.000297062029252083,3.06240592877382e-14,0.00240652371888725,0.00172165454211774,1.41537685922182e-06,2.04963190470838e-05
16923,10944,0.905437591667387,4.00373216435851e-09,2.99599257260976e-19,0.0240671951328708,5.52964394397103e-71,0.0107173351526836,5.07181126691046e-20,2.13395443043246e-12,0.00634408190778586,0.0534250293471303,8.76185386670957e-06,9.32409377840839e-10
14435,13842,0.610833446230099,9.74854259716326e-05,2.00128995412214e-17,0.138931706591999,2.53081242280411e-47,0.104661749093721,0.0415376943729566,2.38109187750095e-05,0.00113976106441049,0.0352338156587772,8.61778390080087e-07,0.0675396688648989
11103,10473,0.93167131971188,2.43111614164384e-05,4.33870789823859e-15,0.0315722485750894,3.00301756411588e-45,0.00265075361172257,3.48157398022362e-11,1.71306595491768e-08,0.00104929608616209,0.0330319105404348,1.6350280663064e-15,1.43147813468441e-07
8471,10720,0.950095083674121,2.97987991703151e-10,6.83546260494149e-21,9.94701274365432e-07,1.97921924525956e-23,2.23464896375861e-11,5.54227096321496e-17,3.86747339293073e-12,0.00870808129131623,0.0411958206844187,1.14756830402194e-19,1.93246676499305e-08
7776,9998,0.936222672915668,5.62224570418073e-08,1.341888498025e-17,0.0117448073422329,3.68180709750165e-35,1.28012674122723e-13,4.39845625687937e-13,9.37510432029025e-19,0.0030088789925397,0.0490235725241366,1.58109209587991e-16,1.20023974232745e-08
15666,5884,0.924060115456896,0.00151546428338314,1.28752172597412e-10,0.016015086631753,1.93634608904516e-28,0.000884046870519248,0.00188410353997854,1.6582822800657e-09,0.00156312461535601,0.048928732534057,0.00291622043738999,0.00223310384363221
14162,15771,0.96305517276428,1.23101534776711e-11,1.55298699019717e-24,0.0145999025495101,6.80770735628383e-55,5.80729008903944e-06,4.63288813071281e-06,1.05782885871903e-17,0.00039171345623218,0.0219427710392001,1.22973274435256e-15,2.46592055956017e-13
10826,10474,0.754972771151466,0.00388385076340263,1.32649221821527e-15,0.06168933376187,7.64820613263157e-09,0.0617222227316066,0.0125375859037265,1.41285362311149e-12,0.000125124295836717,0.0494633533951773,0.0405378521158725,0.0150678982314219
16928,13355,0.961413972610583,3.90127260904462e-52,5.49326756600395e-26,3.42274065601656e-47,1.23214283346096e-41,0.00256951039560728,1.69182118437439e-62,1.04509918390232e-40,0.0022740478992148,0.0337424690945878,7.19310158488994e-15,1.96775874006717e-72
15118,8778,0.941370698221509,2.04664990545419e-06,1.46423782638824e-14,0.00653316626352917,3.38571832933376e-43,0.00389562709800836,3.6933404964305e-06,4.94551006255421e-14,0.00215797139159263,0.0412938218187127,0.00474291480102331,6.04151585758618e-08
18029,9495,0.954924527333558,2.4174648580169e-16,5.02915695215685e-20,1.32648163914663e-05,2.22938712570078e-67,1.06160645649066e-06,0.00726501978975837,1.53618673608085e-19,0.00446645426723506,0.0325518279374276,0.000777844249172891,3.61409818393938e-16
16916,7569,0.923605565099475,0.00242268402487855,1.53990372131961e-08,0.0197928221265023,1.10256243191504e-06,0.000344016044710556,0.00633078259853162,8.15855549760277e-13,0.000331992877002946,0.0420441015107097,0.00512691724816086,5.07743371143368e-10
8058,12408,0.921247947723644,1.90908871305535e-09,1.57767633836761e-20,1.20119652010249e-07,1.38427674262878e-22,4.63100683712822e-07,1.25417828229979e-21,3.87419140257681e-21,0.0307143049643236,0.0480371479273233,1.42552851936887e-08,2.32432030572379e-19
15824,15768,0.979758987414935,2.24944464088416e-16,1.33871774665988e-09,3.97370516000275e-15,2.38601953549209e-38,0.00013920593222626,4.69342009008663e-28,1.54112370298102e-23,0.000613072203911032,0.0194879522074649,7.80902740808676e-07,3.31674537427383e-23
14975,6608,0.949716518537986,5.81591329091886e-09,1.41352517372852e-14,0.000630025177640519,1.47328935905825e-41,0.00558706807919423,7.30937252050537e-22,5.51561530441822e-16,0.00166142503215849,0.0409433831543789,0.00145759153927915,3.98266343455157e-06
15114,6849,0.908507880667915,4.28361924962432e-10,3.52844411338696e-16,0.0136895614831272,2.58723204032723e-62,0.0260279440533574,6.94346157348075e-21,1.02748371337494e-16,3.20200623548462e-05,0.0517425913613609,1.93836951700763e-09,5.15245364224068e-12
9171,14335,0.933322456831711,1.87650539968237e-18,1.93205171724674e-23,7.92815378713762e-17,1.04843844110126e-41,1.98016013710422e-09,9.32653642179115e-35,1.21789738383817e-30,0.0117648539205254,0.0549126872676033,2.44064819640453e-20,8.77049238563696e-22
17890,9254,0.750455035219054,8.03741649798892e-12,2.80241568306802e-31,0.102218577644943,3.51810578829383e-67,2.67798704562183e-12,0.0512111845516681,1.10382610759926e-12,0.0416638484775017,0.054451354095014,4.25850975099763e-29,2.37599502140027e-16
11388,14330,0.00391745467728585,9.05649365036516e-06,8.58938256118289e-06,0.574180351050723,3.68813003191179e-06,0.0813303150866021,0.0825420059257878,0.0216062003812914,0.0566099526743356,0.0250972997653272,2.41253873287231e-23,0.154695086432404
8337,13372,0.936744963576544,2.2013411167282e-28,1.53813993701061e-21,9.12521429551717e-30,3.57482991729753e-22,6.87852325652984e-17,1.01553364448342e-43,4.27022690364431e-44,0.0107086222682948,0.0525464141551615,5.5206539073831e-31,1.26530967848848e-31
13592,8058,0.940020085485086,7.61242835993515e-29,5.71014031654499e-26,5.72624525841568e-27,5.22874791507752e-60,7.36111135670293e-09,7.07055446419088e-47,7.98994360547584e-30,0.0152212441539333,0.0447586629998672,1.91436745778601e-15,7.96995773274664e-30
8885,9996,0.936135848706601,4.71461448079096e-20,6.14183666304951e-20,3.48179081264678e-16,9.51275048098265e-55,9.83188233824436e-13,7.38016203133384e-37,2.83211077311531e-28,0.0110153265031518,0.052848824789264,5.07597615039534e-19,6.28919658510448e-23
11105,11438,0.945871587508664,2.6282522380119e-13,1.46555285272445e-13,9.40068974322343e-07,2.73075591814517e-52,1.24123934544887e-06,9.48846072974729e-23,6.32042337587249e-21,0.0166335371816864,0.0374926940009201,1.41029556808018e-30,6.20881040302808e-21
8193,10238,0.94145059800175,4.84740404563347e-08,1.92472789616663e-21,0.0110161698753903,1.18395613614931e-51,2.98209622411073e-10,9.10230366937786e-26,1.31850543184299e-15,0.00318744854636423,0.0443457339881953,8.59575729077829e-20,8.16048643469578e-10
10828,11438,0.949014356784784,3.72825627669594e-09,8.73136953165063e-23,0.000882945765597259,7.08349981885468e-41,8.69758085980935e-09,4.86263921323402e-20,8.57801784056695e-18,0.0123569001171457,0.0377457849045836,2.04568567889381e-12,6.80939521007312e-15
8462,6380,0.909429467561624,1.82789577110185e-09,1.13775191143937e-24,0.0284911605099379,1.00697879720429e-61,2.47767806145916e-09,3.29589729622833e-08,4.3936601077068e-11,0.00147547292492369,0.060535398105991,9.17256013771141e-09,6.84544164793449e-05
15256,8536,0.962305677194018,1.79799408767545e-09,5.37702269486553e-12,4.3890011365994e-09,2.03577128327857e-26,0.000316909263354352,1.55283072609192e-20,8.04547757241373e-23,0.00199724787456504,0.031667121128097,0.00371303834757063,2.25206054338533e-14
15816,11428,0.942907743260422,7.06568251010169e-11,2.94632926017086e-17,6.76936008334057e-09,9.10813162075085e-29,1.96233975259427e-08,2.62483105274274e-15,2.10074770097277e-16,0.000245501444441139,0.0561705156861367,0.000676212774661483,3.70921161482411e-10
16241,16008,0.953478125707056,4.90173487011743e-32,8.10898366306204e-16,1.33865589101651e-33,1.27347132841669e-28,2.32428886557243e-05,1.89897420906942e-31,4.69343837733138e-27,0.00384587991961369,0.0307002584452346,0.0119524930394397,4.97139969892745e-40
13051,14809,3.00143021161418e-10,3.05932910174291e-11,7.60461627015689e-55,0.795768600985918,4.68579134364911e-111,3.72563700260762e-27,0.173212274220531,0.00568815774161691,0.00352026600370157,0.00162762591765184,4.75127977233556e-66,0.0201830747998441
9568,5414,0.940036256558915,0.00202492115241197,2.35016958878779e-06,1.46067730299876e-05,7.69264395260663e-14,0.000175733341642228,2.71786700283965e-40,2.97892221905087e-22,0.00904850320047731,0.0486976273565329,5.6502332547949e-13,1.44675999926489e-09
16515,14561,0.966308347799984,0.000742132137876362,7.48304111459746e-10,0.0111417295138161,2.66733334298634e-10,0.0028915410557363,5.04071072549628e-16,1.28136553912468e-14,0.00155708347818541,0.0173557370963248,4.97452444772878e-14,3.42790297614885e-06
14016,12155,0.925739075066457,6.41011362829326e-06,1.59531166053463e-19,0.0128267631731313,9.96508130838976e-17,0.00189793384969577,5.33122813384652e-07,3.53465497020926e-14,0.00066747648441021,0.0451263603498498,0.0137354371374165,1.07025619180283e-08
14304,17459,0.979668842555766,0.000789975623012444,3.35541633583863e-25,0.0193086743909828,1.05014619770443e-27,1.22030209241513e-06,2.54442400176124e-07,9.66564753829392e-08,0.000223309740184375,6.67721344151498e-09,2.93403603425384e-16,7.6196118721299e-06
11100,9027,0.950247347244345,0.00330849387274881,5.27817422949981e-13,0.00570673898095179,1.39318150653961e-13,3.97462498467624e-07,1.06290113697934e-11,2.78388055735588e-10,0.00251263313061441,0.0367253113207614,8.47476249745327e-14,0.00149907769831062
17476,10461,0.948661238815349,6.87414053085019e-22,3.23740027920198e-17,5.51229333304219e-17,2.47344327309182e-46,8.19746454260772e-12,8.99365822937505e-20,1.87927044643264e-32,0.000673958592996968,0.0506648025834559,1.77582638512395e-16,2.22730555338686e-16
10138,13127,0.828300549913705,1.78238628630593e-09,3.50522763648572e-17,0.0605386412307526,5.97102023249864e-35,0.0606327939448193,0.00497793234799154,2.10771943861659e-13,0.00544294223384007,0.0390815746843046,0.000985305940603977,4.02579213861512e-05
17474,9496,0.93383913542475,0.00146232513962929,1.26400761778449e-14,0.0146416218379896,6.16068165075674e-28,0.00270496119608201,2.75186922472006e-16,3.80635445966034e-18,0.00452717961161259,0.0428234881315021,2.08702673730233e-07,1.07995574727643e-06
17754,10460,0.95842080702288,2.36015170667798e-17,3.42246344996009e-24,3.68015495470297e-17,1.85236200450653e-47,9.40273472737484e-12,2.83948643941224e-32,4.6329127441965e-28,0.00059802840347282,0.0409811645642439,3.48272278801786e-17,2.03392629372446e-19
9163,10477,0.950677299860154,1.96184133839057e-13,8.56303329701784e-17,3.29047667868038e-14,3.16095619240958e-29,4.70676661500253e-10,3.57278535945215e-34,1.39848226757817e-26,0.00350947229744578,0.0458132273714939,5.50245832386636e-21,4.25541479172551e-20
11379,9991,0.954891388615695,1.67225092819389e-12,1.43824819045997e-17,9.88931774726377e-13,1.67360770200025e-33,9.71968752869049e-07,4.71644774268541e-20,9.53679628384639e-19,0.00114021409391747,0.0439674253189496,5.27890544029963e-16,2.38276684053855e-14
12891,3960,0.926788352386023,1.50594676800712e-18,6.08759706655234e-25,6.46764484409514e-15,1.04879835930711e-48,2.247839073166e-14,9.7661281907071e-32,2.93298910623789e-22,0.0134312693295911,0.0597803782843569,4.59149118371939e-36,5.63474579085302e-21
13320,10469,0.955361660695619,2.66490736791003e-06,2.24375683365472e-23,0.0014593358597735,2.41887739891089e-54,1.2839866885643e-06,5.68945088044381e-19,5.04729444198622e-17,0.00190809724759828,0.0412669545273392,3.09916963534658e-14,2.77558215786034e-09
16508,11186,0.964749072572729,1.52059700890332e-13,4.06951619472038e-26,0.00219484494418025,4.38762208465627e-54,1.46783622828111e-07,4.19904820237256e-17,4.99386296303961e-20,0.00119924219000851,0.0318566935086091,6.98176269414636e-13,1.23375951711503e-17
15810,8535,0.94491906354354,8.62615949611985e-07,4.91673811914544e-20,0.00404952951598909,9.14237598728613e-32,1.93303491593244e-05,1.37929976372792e-15,3.71815908568314e-19,0.0146728071047599,0.0363384067803156,2.49919037279756e-16,9.02846383877919e-11
11659,11437,0.953976699985436,7.28962579434564e-17,1.60572334218051e-18,1.07858372132445e-16,5.9932843513552e-47,1.33781383142892e-10,3.12628037321471e-20,3.02270016850908e-21,0.00741228391331316,0.0386108857933193,1.30162569431427e-07,1.15808616223828e-11
17897,13112,0.981345459525653,1.63442200529024e-12,1.94477311899129e-25,3.58152446749262e-09,1.13109445039336e-65,4.74378723345608e-05,0.00053033341927442,3.0720157810522e-09,0.000146166639700703,0.00928154188174754,0.00864905400611549,9.82359755147954e-19
14161,15289,0.928708721931444,7.17496419524998e-08,5.29328272265655e-12,0.0155074278726134,7.7431303070911e-30,0.0215243415186346,5.49302430334477e-09,7.20771246972326e-11,0.0033164514613807,0.0309394365326511,3.54336323502302e-06,4.39293921085104e-15
12348,9748,0.948628714859739,1.92386679116546e-09,3.02813312334687e-15,0.000130513715552656,1.30863160788501e-23,3.61419915321851e-08,1.12282235672212e-28,1.15687752062233e-18,0.00494955614573235,0.0462911772081292,3.48993458379697e-15,4.98178033797e-12
9166,11924,0.932053804002879,5.10371808475567e-17,2.03947299527682e-18,4.60768258130314e-19,2.38108675357703e-23,1.00220236091103e-06,8.59683701120549e-35,2.9454567933255e-29,0.020706160181941,0.0459640848781879,0.001274948734631,1.52561959194014e-24
14696,5644,0.958179103630202,8.9243419606925e-12,5.80256437664493e-15,3.23112823536979e-11,4.94584844935578e-36,2.24192383066568e-05,1.72011739075057e-28,1.88045823695309e-13,0.00064826549738651,0.0411375586280648,1.26529484251447e-05,1.61851771133722e-11
15671,8294,0.946778461831172,1.51441428984306e-11,5.95610954095655e-17,0.00494252078341616,1.29026945961052e-52,1.47879335270074e-06,4.30688055362296e-13,8.47478978628266e-22,0.000628977108368832,0.0443071685921752,0.00334139287593831,1.83111752065934e-15
14992,15287,0.963347625692409,1.19837470763768e-25,8.4576402640981e-15,9.95793694897302e-25,4.19464936276959e-25,9.57382152133626e-07,7.5249341829196e-30,3.77869512773918e-27,0.000451398593933626,0.0303813606763948,0.00581865765510228,1.39141144879684e-31
8616,13854,0.946073177022711,1.59209255259208e-19,1.02923506230578e-23,1.3705864816331e-16,4.25198028237966e-46,2.50941091540839e-10,6.90427997609221e-28,5.38065683802571e-26,0.0111060815250631,0.0428207412012843,3.65700663522038e-17,5.73006715042671e-21
13463,12639,0.960193488341808,5.63955480757953e-08,2.36252350868243e-18,0.00266111099877375,2.20415079692581e-46,0.000211097215226145,1.22624765052621e-10,4.97235449288426e-12,0.00769902394121654,0.0275767039654431,3.12637145397851e-07,0.00165820637724142
7916,10721,0.951119897899554,3.42119995604773e-24,4.60429868659189e-22,2.16907193901703e-23,1.79368563431693e-29,5.2949617698005e-14,6.43029392628019e-25,7.79042669341954e-34,0.0142945907851194,0.0345855113152735,1.38558516143653e-29,1.3054559761685e-31
9292,5896,0.931210554730169,2.77000386283778e-25,9.61878376768502e-17,2.28993739584679e-28,1.41672649604577e-26,1.53889541620344e-13,2.62838997846281e-48,7.40765514903954e-41,0.00841890338509329,0.0603705418845839,1.83709072210534e-28,4.11019614141231e-31
9726,14816,0.864814833016954,0.0186353879637509,9.33760348067904e-12,0.0243317498849616,0.000737265927088386,0.0368105867425287,0.0118167402920282,6.84701853188571e-10,0.000141601277259514,0.0243313009259013,0.0178058367462919,0.000574696529196143
15667,6366,0.948736403542773,2.31318805299206e-11,6.30971992239903e-18,1.57584425026155e-09,2.21112833881641e-16,5.34011049595885e-12,5.85271847547537e-30,4.14344916369039e-27,0.0027379013448593,0.0485256935075106,4.22095457807278e-31,5.41062415235518e-13
9445,12888,0.918701425247529,2.36907368514511e-44,2.6500077979665e-29,2.37167014569899e-40,2.4888119597611e-77,7.18641446429101e-17,1.9758460316013e-48,4.45419371769127e-56,0.00898077039697096,0.0723178043555003,5.3265547834987e-18,3.21209499707408e-45
16782,9739,0.948498235676151,1.24922072428052e-16,1.62996326831658e-14,6.69167508268599e-18,1.3079967997303e-21,0.00421185651461419,7.22898377933482e-29,2.20677238846465e-31,0.00250539851466723,0.0445139501727237,0.000270559121827705,1.32429835240737e-19
11647,5651,0.904944079248049,0.0123768692141943,7.46191091154883e-09,0.00704315627968622,1.96483626278094e-14,0.0114863109948855,5.46269625237547e-12,1.03901916666348e-09,0.000111322624880997,0.0460637264857797,0.0179745260493338,5.96777693349182e-10
11250,14572,0.194169002330678,7.30204446653839e-05,0.000699889244800133,0.397296020321484,5.168342573395e-29,0.100389833761426,2.79271029773763e-05,7.77664369730662e-06,0.00710936822106963,0.105275673307552,2.74970542614958e-19,0.194951488621651
8333,10961,0.937491376704456,1.23014655145245e-19,2.44584649715668e-20,3.42005795793875e-16,8.31942509679278e-36,1.05484742618407e-08,4.75224632649242e-38,8.93430123022371e-35,0.0116019701329041,0.0509066426141658,3.52969114667411e-19,4.04828350401092e-28
15813,9982,0.943680773164059,3.59654736255059e-05,2.77177324867964e-21,0.0212985310702577,4.68815080576068e-11,0.00092468670984209,2.87096761875642e-16,2.10584416834634e-16,7.1138817508623e-05,0.0339888135846956,4.78512275209737e-08,4.32819020768836e-08
14854,15529,0.830285882981038,0.00368243000142729,1.55794772184781e-11,0.0683346130410092,0.00687003550678711,0.06042793060718,0.0106191239276261,3.12252051781926e-09,0.0032842305679007,0.0164912550059205,3.55884531854563e-07,4.13933847886857e-06
13734,9745,0.347696932644036,8.72521989013244e-06,5.20474895562346e-19,0.211567774859676,1.04013729189547e-59,0.116574675059834,0.0416147201897335,2.70115788525397e-10,4.79418205018923e-06,0.0692557472187906,0.0635715428116646,0.149705087544209
9155,6620,0.773369138459272,9.55312686433297e-07,1.44603354768892e-20,0.128032213540019,5.30312133422315e-49,0.00214638522375337,0.02110247802126,1.23070008732965e-08,0.000521995818580843,0.0669054717027468,7.22836904699473e-05,0.00784906592421083
17073,16489,0.935487905788089,4.18040991484898e-08,3.47955227616383e-16,7.82829864000468e-06,1.30194598334607e-31,0.0256328032838211,0.00155287454923555,2.36263678459812e-16,0.00322294566251114,0.0255600057719832,0.00853559484162044,9.5197320986639e-21
12214,11918,0.935199306153936,1.16437766053911e-08,7.61484643716515e-27,0.00211871826921362,5.54077616305647e-35,2.23748023535553e-07,2.68953793722802e-22,3.93703299604031e-16,0.000626075551328472,0.0620556646046729,6.39458640189969e-12,2.26537677346475e-11
15682,13598,0.927582282139344,2.53167322067829e-07,1.92996643227173e-15,0.000324265942838839,8.1097507415142e-27,0.0360134914762103,2.02676321921809e-12,1.3289253283559e-18,0.000565278722099725,0.0259169742929476,0.00959745425719717,1.13784598446657e-14
17063,11667,0.957137706774348,7.11773562231586e-25,1.35182569436122e-25,1.04345753767138e-22,1.89506993918055e-49,3.74185804853855e-17,6.76612349486461e-41,1.1812212202096e-33,0.000282661452589043,0.042579631773063,3.1413729577522e-36,2.68199689431561e-27
15962,15044,0.978265189332101,8.17218905950738e-07,8.27244112769374e-12,0.00304265524193717,1.87454340504906e-25,0.00035527496345717,4.74751450700462e-13,1.12314756279359e-07,0.000301376411840005,0.0158034765008619,0.00223109800739289,6.67913464383263e-17
8755,14095,0.927292139608302,4.74473170815239e-36,8.91229079791995e-35,1.15594661229721e-32,1.22957309159954e-62,1.53732860232886e-20,5.64853128514249e-50,5.08964090224124e-48,0.0132728018478836,0.0594350585438149,8.02175711971533e-43,4.72282049571784e-37
14298,14566,0.905497465546868,1.68965824325802e-05,1.54255536485844e-15,0.0214363813202942,1.72408848212863e-35,0.0176704270479677,0.00484204881546281,3.99022559101801e-08,0.0215407585888833,0.0287906122410095,2.79870471260705e-07,0.000205090084353655
11658,10955,0.950261526033155,4.45503688540799e-12,7.09033356423256e-20,1.99763431948699e-08,8.60798363900378e-28,8.63992818097867e-08,2.08484298952991e-25,2.4807890957266e-24,0.00530633091035443,0.0444320366727387,6.40747168420931e-14,3.60823772327249e-12
14851,14082,0.958024545143728,1.44998283551858e-07,7.40076173701029e-23,0.00486560555877817,6.1989115415708e-58,1.18839056019534e-07,1.38000342935989e-22,9.31489284676611e-09,0.0174843780103757,0.0189664295263338,6.41196445005594e-25,0.000658768608551677
13467,14567,0.000927197233300332,5.9027304680518e-06,3.90690549548496e-22,0.6914478665761,1.09871144737242e-36,0.00140092012967576,0.162539264354204,0.030907417764998,0.0330021313574193,1.54180633843665e-09,3.69175001322636e-37,0.079769298312028
10699,16502,0.971102108244343,2.16091666948343e-14,7.89428786657976e-17,2.56581181078345e-18,5.97482065667324e-27,0.00310889878270105,1.68643359794252e-23,2.97069661548185e-26,0.00322430799640372,0.0210304073261452,0.00153427765038523,2.2222950075383e-27
17756,11907,0.8878994862106,5.86743296166055e-09,9.89053732015723e-13,0.0472018834726127,4.48394355747413e-19,0.00526233951951333,0.0111308826952982,5.05015798692965e-06,0.000643561634192194,0.0322443488567549,0.0156082021342112,4.23945040871724e-06
18172,11665,0.638520651328023,6.61319383159918e-06,3.7821245414834e-33,0.177635412969491,1.49541148020209e-19,3.78550191876423e-16,0.119518681856827,1.99038616380804e-10,0.0133257599547762,0.0501017564193357,9.31224905728472e-27,0.000891124078676959
16370,11427,0.94812126318247,1.55341505481081e-14,5.62693489802426e-20,5.78920729171635e-08,8.87345426973565e-72,6.73433684498469e-05,7.14809066857925e-15,7.94465398292417e-21,6.0412977296844e-05,0.0517509225652268,2.82235787516484e-12,1.16382576427983e-11
14282,6851,0.951387920964002,7.82622621807761e-05,4.58284278239281e-18,0.0226571775377714,1.92763173696336e-19,1.48358904152229e-07,0.00342936240335329,7.78161706006669e-10,0.000699761729842716,0.0216246653969825,1.0533955822848e-17,0.000122700568801793
10681,7340,0.927594575917466,0.0125473659180458,5.22419162014217e-05,0.0074361702740135,0.00176076276990867,0.00642780907643392,4.50061934424057e-06,2.7470325814193e-12,0.0039942453445468,0.0401815933147104,3.18762454956379e-07,4.16084127139175e-07
8188,7827,0.935611762331819,9.37603277542693e-14,5.87432346650036e-20,1.85363239142044e-08,3.49339593533924e-32,2.85105050233580e-10,7.03718579226436e-40,7.1977502476588e-27,0.0118929991680588,0.052495219678599,1.337573234762e-18,6.77250370201499e-26
10682,7822,0.952470913701962,3.77506388027436e-07,1.00856994881801e-19,0.00750025255802063,4.5702628560153e-47,1.88805157592167e-09,8.11797702129087e-10,1.61616791932176e-16,1.00156145464193e-05,0.0400184371012183,1.7524809700562e-12,8.16262720938533e-10
10146,16985,0.983730759516566,1.54901878832204e-28,4.95718566386113e-18,5.84577286032338e-27,1.12415634001542e-36,4.19825091687899e-09,3.62504674796031e-25,1.05600276380169e-42,0.000279051748991025,0.0159901845361911,6.92981975520364e-16,1.5311139552855e-40
11520,11196,0.936794648609743,7.29228758026261e-06,8.95370164436376e-16,0.0141184056450717,1.08674798974362e-26,4.24559027334637e-05,8.97020978445095e-17,1.56955982817688e-12,0.00773675362356727,0.0413003268826651,3.09407096382518e-10,1.16737661425318e-07
12767,11435,0.949680238776661,2.17305278002509e-19,1.76805670245606e-16,4.94311985082749e-14,5.35773019798136e-30,1.98929617424092e-07,3.57611564649277e-30,7.82855918438154e-20,0.00305593650885911,0.0472403431889464,2.32825958668736e-05,1.63507407085401e-28
10419,15056,0.916998178909743,1.86393537322398e-09,4.10087407416914e-20,0.0428588762151332,5.11907595071734e-40,0.00899101997584813,0.00907991014745854,0.00490300446756625,0.000351119375897434,0.0160649134508327,0.000752051044374422,9.24549211032947e-07
13049,13845,0.938058484013932,2.27235405659319e-10,5.27676997328237e-18,0.0112928254024378,1.37550412474703e-31,0.000171614788612923,2.85104210108689e-05,3.33029789336485e-12,0.00348534602328366,0.0469632173790731,1.09523348169274e-16,1.74108356226533e-09
11377,9026,0.949857324870808,1.34460679394275e-13,2.54972199704404e-22,9.31311040330133e-14,1.68625841163936e-52,7.85483100018686e-12,3.92765970196509e-22,4.53474002449492e-23,0.0120876963127106,0.038054978808204,9.99417901704387e-16,1.93462123461701e-13
11527,14571,0.0122870758599767,0.000137123441069592,0.000420938743203404,0.312941476251918,3.12842302098254e-14,0.219482106035432,0.0696466288971892,9.35062339156909e-05,0.0277042037343616,0.0788212465250166,4.82775328188498e-07,0.278465211502558
7920,12650,0.923365188185304,7.29789219886093e-11,4.68556515701484e-25,0.0191472842787936,1.73237638086615e-69,1.36036660219618e-10,0.00288374778596636,2.96457551992043e-07,0.00884678664595588,0.0457566518982416,2.54384104151071e-16,4.45391710938752e-08
15815,10946,0.894519851723528,4.36726375320599e-09,5.32677351076134e-16,0.016656203600949,3.25674499735928e-43,0.0373195495461123,1.16300648456749e-07,2.81421895259305e-16,0.0148600374121001,0.0293094826195606,0.00733475388921522,5.40621448931505e-10
14292,11673,0.732185511367629,0.000250003378070635,1.22265348705332e-15,0.0858902303613785,4.47520446328388e-18,0.0989212547561635,0.00910893276487017,1.97951577329193e-06,0.00903720311591509,0.0410865249285882,0.00630149559790081,0.0172168642137095
18169,10218,0.832488974340911,0.00172964049663795,6.06664273963315e-21,0.0264456997006526,1.16223018839009e-46,0.000588040479742669,0.0488909723786967,7.76498313463886e-14,0.00136266031698326,0.0640901943588791,0.0216132901094848,0.00279052781793402
14981,9983,0.909000208739012,0.000109966535882887,1.88822414091401e-23,0.0113636987666176,2.67694437899948e-35,0.00479314442894305,6.29552831181937e-05,5.44254442763699e-09,0.00888869075950426,0.042755441922658,0.0111625880735193,0.0118633000481997
13316,8540,0.930318066089297,8.92950326332322e-32,1.83534471324746e-31,6.27695328973732e-28,6.32424861141194e-59,2.68368925293003e-19,3.89153586461318e-40,2.25051289992546e-44,0.0217895216959125,0.047892412214791,3.77770089825503e-41,2.16156179947374e-31
16088,9017,0.950631014377521,7.71232600065813e-16,2.62114990462328e-19,6.17813877955563e-09,1.68613465893405e-74,2.55472484985851e-05,5.49978987812202e-39,1.24524432859962e-30,0.00333013397710267,0.0460132980697438,5.2619548025755e-13,1.48468064956419e-10
15812,9500,0.851603010854012,7.72907789166232e-07,1.23413443690967e-14,0.0493102217127592,1.64001981818017e-34,0.0638107612814454,3.4411051277664e-20,3.41219188218495e-17,0.00246963413144388,0.028849941300002,0.00392495652356853,3.07012889676536e-05
16795,16007,0.98454615753179,2.83728773558607e-18,2.44657542960713e-19,5.24425982147182e-19,6.9667280808383e-33,0.000781163512557493,5.74423786700834e-30,1.54169973460748e-27,0.000144540219891074,0.0145281383597035,3.76057977501501e-10,4.61700887892218e-24
15113,6367,0.945772709344122,4.92621942405932e-17,3.37241686184792e-12,4.44119776429951e-15,9.90641080131532e-20,6.46680452209954e-06,8.53869720141539e-24,5.19908604118458e-32,0.00134140821048808,0.0466183882479656,0.00626102738952538,8.66314797699686e-20
9169,13370,0.948061088402703,8.76219046553922e-35,1.16529896757394e-22,3.21066484509449e-33,6.58521861082262e-34,1.56989069292109e-15,7.68168144006941e-48,8.81666624124e-46,0.00872576223257666,0.043213149364719,8.17738970983705e-27,1.47771639234805e-39
14138,4199,0.928766523970561,3.23690492323086e-06,9.56194596668259e-14,1.3674480652567e-07,0.00263481853820093,0.000481625539536117,1.21009810402668e-17,1.04137240182068e-19,0.0103972873860183,0.0475997146183299,0.0101166562974862,4.21180997567781e-14
14010,9262,0.488345709977593,9.47070309555266e-07,5.03719544001088e-23,0.277397035187655,5.74202892601143e-41,0.0308114275090747,0.0750093441614458,5.75254947317945e-06,0.00103089472290903,0.0896514290751465,4.94924110190094e-06,0.0377425105052919
18036,12870,0.917776303052568,5.87666668826456e-05,3.15504610006184e-08,0.00102801849550046,0.001584750573697,0.0382323802340559,0.00672183385282817,4.97775426791439e-11,0.000533841870033674,0.0238243904601437,0.0102388235844061,8.59609646044409e-07
11941,13847,0.733033578090771,2.69368605554797e-05,1.87695437257256e-23,0.138644455927009,2.43649930283856e-34,0.0344638603111576,0.0353026408259185,0.000210968762000597,0.0061417370010955,0.0273870226903639,2.74400486573136e-17,0.0247887995311284
8325,7104,0.920241139628937,8.8182005759971e-23,4.90138436810943e-23,1.60234306293528e-19,5.78115212508896e-70,4.45389965477744e-09,1.69149404390097e-24,2.77244100120849e-24,0.0122629546559351,0.067495901261228,4.59821602374536e-19,5.94076579663402e-18
11937,11918,0.923818455420051,0.00125934111022132,1.58185063963532e-17,0.0211823754228054,2.70664202998814e-29,0.000494792926527138,1.23531676771391e-12,4.76933334443138e-14,0.000849912354893372,0.052361654959941,7.36962077121855e-18,3.3467804278171e-05
16932,15284,0.97689280240026,2.58946965935482e-29,6.0294298870338e-25,2.28593546050684e-28,4.19760018109496e-60,3.93852310257484e-09,4.48800255966459e-33,3.75209639559588e-29,0.000372427623921134,0.0221172790759027,0.000617486961393363,2.31499852247225e-32
14007,7816,0.940426077236646,1.9203552911168e-09,1.2381777985983e-26,0.00533337618813774,6.14600599086649e-39,3.16880081115598e-10,9.27311075325173e-25,1.80078349258449e-18,0.00518936192311286,0.0490483008442019,4.46836568818249e-08,2.83688700877622e-06
12226,17704,0.927609245363227,4.47780217371926e-09,0.000679804342198209,0.016876651936515,2.25152851069781e-12,0.0366157584374492,9.36666698471552e-12,5.25111323929846e-11,0.00179386552979794,0.0164246698440716,4.80922406102179e-12,3.59938255006868e-16
12751,3237,0.935863132423817,1.50723777688441e-18,3.31497840401743e-15,2.02650807560599e-18,1.14845086367794e-36,8.95455274311694e-09,1.04264045572948e-30,4.38599621509435e-30,0.00229760678146615,0.0593254005432344,0.00251385129692606,1.62114528222481e-17
13456,9263,0.924658149275428,5.57982396905314e-17,9.77891601794471e-22,1.27918474079557e-13,4.63497050060068e-10,3.40148850917957e-13,9.63773879645336e-30,1.19395297211449e-31,0.0124429697763669,0.0628988804842399,7.61126675223289e-24,8.83134176412468e-20
9986,6136,0.955117878769156,3.90116513975362e-29,5.7115945842455e-24,6.78536264739905e-32,1.70455767904711e-46,4.0170250169185e-12,4.15247575085925e-50,7.68467608368787e-38,0.00131328745030411,0.0435688337765234,1.05578002437412e-19,4.06661561621335e-34
14011,9744,0.828942762329393,1.81894648760582e-07,1.49144343158904e-19,0.0675388827309115,9.89825801944972e-52,3.1651942545566e-08,0.0266472740792501,7.24270090263347e-10,0.00239737979185679,0.050429131155991,7.81716271167483e-12,0.0240443556339191
15678,11670,0.965192024003606,1.44787191380081e-35,9.29902312633929e-28,7.63049401125363e-34,6.34115116290778e-50,3.78375298462596e-11,1.84783245764741e-40,1.05128943870091e-45,0.00357186936742144,0.0312361065911349,3.59747017842375e-21,2.87957717123696e-41
8886,10478,0.929392614916082,2.91261397329525e-18,3.92879663503489e-25,1.14519026946812e-11,7.74593511770789e-46,2.12559473896259e-15,1.41380415881036e-40,3.99126947889328e-26,0.0196827641399071,0.0509246209325563,2.57557361272291e-32,5.22754055588677e-18
15259,9983,0.946775499159187,2.30519770556531e-06,2.6761743605833e-18,0.00334076047041668,9.53902940267749e-08,4.43300948623453e-05,2.85223599495369e-14,2.10757016753511e-18,0.000720963049702952,0.040513359575856,0.00490095363640917,0.00370173342553749
13865,6128,0.94200087680275,0.0109386937923298,1.0283039835831e-05,2.31580557071369e-05,0.00199460968696456,0.00156381202981374,1.2602527279974e-21,7.99048704495317e-16,0.00297892943119986,0.0396939531867661,0.000795683974613066,1.86172398490526e-14
14301,16012,0.949036730689443,0.000112510569361316,7.06597349783286e-14,0.000861653892021696,2.4119024747191e-05,0.023353290897502,7.46528735557009e-11,4.92304205457802e-14,0.00180322393389293,0.0178806512502541,0.006927819285209,3.82796327148292e-10
14148,9021,0.864895592359341,0.000245707091103592,1.07623732777406e-15,0.0698357286082513,8.01261843505328e-21,0.0158464972152096,0.0138936825868277,2.09028550555133e-11,0.00458795077043255,0.0298254645453934,2.13039204828799e-10,0.000869376589498201
9996,11440,0.91953741288871,5.19587718723924e-07,3.84125516343171e-22,0.0320627111392772,5.72466219163242e-46,0.000631625980839534,0.00270513302973618,9.63925126596417e-13,0.00481677297668713,0.039658214516158,0.000586720291551209,8.89588358187927e-07
11117,17706,0.901657680804525,0.0108130893411902,1.86182320530932e-06,0.0112807451641853,1.33285512415507e-20,0.0620571970477495,0.0077654182161417,1.30134309690307e-12,1.14528056951257e-05,0.00635838224786017,4.95321053503788e-05,4.64044279615078e-06
12215,12400,0.957637685748408,3.36494553374639e-07,3.17571969456909e-11,0.000102198411301279,1.96489264521266e-09,6.46259356349684e-06,8.3799669884216e-22,1.52679397173766e-14,0.00370047865562335,0.0385525551738249,5.16845017288883e-17,2.80926060260121e-07
12346,8783,0.946414024842848,5.8738786164058e-23,8.08461681814827e-26,2.69129988753317e-19,1.44401689740777e-48,1.79394223576535e-12,3.54747617790653e-41,4.80092604253034e-33,0.00858866428156238,0.0449973108737961,1.17862056487067e-30,5.22115579246723e-27
9023,9754,0.943112397908656,3.26716457414681e-11,4.92015100322998e-26,0.000858600839266757,1.6640197186875e-66,1.94772301260268e-12,3.4300408969015e-33,2.02232007225309e-15,0.00171779867322392,0.0543112024910354,5.17408959709382e-26,5.31960389202824e-11
16929,13837,0.917674749429096,0.000133835674778251,0.00156063027781303,0.00825143620839525,0.00805101105919896,0.0315193720477124,3.39762994952088e-05,2.7921340470584e-13,0.0020201597413583,0.0306784236625383,7.6373046352092e-05,3.25529826647263e-08
14141,5646,0.962468431993508,1.53201290696218e-07,2.26114653911403e-19,1.58621717554094e-05,2.79642541974956e-44,4.12623176875315e-08,2.874437307565e-29,4.63750043061819e-19,0.00103665507461554,0.0364788562964712,1.58303306439454e-22,4.14745320398011e-14
13610,17219,0.937782544412135,1.34110343702028e-08,3.46316890730715e-21,0.0284451976223343,1.12584090305538e-77,1.23906103756211e-06,1.82337388238623e-15,4.90486170655011e-13,0.00377679972448928,0.0299842187011211,6.59743869030629e-28,9.98706735553366e-06
8897,15782,0.94886762566263,2.25725753866538e-05,2.46885079052157e-27,0.0112331119029947,1.27935402196837e-53,0.0162479890256843,1.65540819051918e-05,1.09312550273369e-17,0.00012757530936375,0.0234837113529115,3.02090267368457e-10,8.59787033886645e-07
14708,11913,0.838487653196197,5.50703109156149e-06,1.36368807481055e-22,0.122494650105276,3.39250852786141e-40,2.1977206020429e-07,0.00737884226218517,0.000174891010840094,0.00152785462928381,0.0127343541199454,3.16319998979203e-19,0.0171960278731209
10135,11681,0.96212701942233,2.43311693681365e-09,2.44871427521414e-14,2.42567319108148e-06,3.26869225270128e-17,0.000372490118666942,5.36199397276133e-25,1.56318967178159e-19,0.00150486807380594,0.0359931941512033,1.27661606422171e-10,4.82552964891707e-18
14577,15529,0.947691650525966,0.00162258072531854,2.04347106140148e-12,0.025100638359534,8.38160128719275e-05,0.0111519775228132,0.000908799097099594,1.10044187393924e-08,0.00114306670441125,0.0122881757379775,6.26743315404019e-06,3.01687439206611e-06
10831,12885,0.915805278002259,1.16491892522674e-10,1.60561036820445e-21,0.0218450822222982,1.38549374736179e-48,0.0195162962260021,8.83299416829416e-05,1.83746077481412e-15,0.00329746341109303,0.0393681654688935,7.93846065625266e-05,4.71486750005061e-12
12503,17703,0.857860027821297,4.95557037183569e-06,2.816076147961e-25,0.0743367924627767,3.26367770509224e-31,0.0109482021996415,0.0265298347160565,4.26443969977004e-12,0.00242249327099318,0.0278976654061406,2.7354260496439e-22,2.85484581961961e-08
9022,9272,0.942334839579479,1.39569662062841e-09,1.25409354212206e-14,1.45509011996324e-08,9.29397047493615e-19,3.47406958150597e-08,2.2195158581977e-12,3.47541914760446e-18,0.00971514536313249,0.0478555279499302,9.44364178886528e-05,4.43405843393569e-14
12208,9025,0.955867540476081,1.00621100721285e-15,1.34270349599899e-19,1.25027331953535e-15,4.49290181833601e-42,5.81256031293593e-10,2.76551136153919e-35,7.88416197267101e-29,0.00313068978452437,0.0410017691581364,6.57354530137987e-22,1.18739937553292e-18
14026,16977,0.936699602606449,6.55010051637467e-09,2.40849891785219e-16,0.0108711425445286,8.26110450830691e-52,0.0228468973440427,4.61670035194165e-21,1.42371548365994e-12,0.0210909852275192,0.00849136572592238,7.04395074554104e-15,6.13543921110272e-15
8760,16988,0.988910360107456,1.08970450539595e-10,7.65024213015527e-18,0.00306409993202959,1.2283301028998e-35,9.32527737216903e-07,0.00227348326826906,2.02975999381527e-19,0.00349606110774289,0.00225506294779444,2.99193759450553e-22,3.79770069645904e-18
8330,9515,0.95824633783014,6.3643193396993e-24,1.41799185295837e-27,1.03539296360536e-23,2.10100910032761e-50,1.30935664693742e-11,1.11311308678682e-31,4.60206525587495e-31,0.00406505409679758,0.0376886080599691,2.94443624483871e-25,9.45208877035262e-30
15534,9018,0.954902757574459,1.50042010923413e-10,1.17421829447548e-21,0.00185458715626592,7.25469318640276e-56,0.000327874910383603,9.40739955036373e-21,2.16306620240388e-16,0.00342703090768285,0.0394834951132579,4.25416264308888e-06,2.52658874809849e-11
12622,7818,0.945031161088592,3.28776401889361e-16,9.41198014868154e-25,5.17982210860217e-09,6.07129628513609e-53,3.73403746109674e-10,3.28854825712132e-33,3.06520853272578e-23,0.0143465312443717,0.0406223021138101,5.47237109770962e-29,2.75725752264741e-22
13603,13362,0.943669115685073,2.95191465390609e-06,2.68298894156272e-14,0.000330152414243369,9.02552310296101e-20,0.000769242539826526,6.69595245226733e-05,6.38492949195859e-12,0.007369897941892,0.0408788878524113,1.40418071401483e-07,0.00691265170289395
11253,16018,0.901481336677076,2.71162878886608e-08,1.00453917201703e-12,0.016898351884477,1.49878679737789e-48,0.0528943158024503,0.00169402348575007,6.70226386233495e-14,0.00207270470130195,0.023511882803349,0.00144735710016639,4.2807033117727e-10
7778,10962,0.944948534148265,1.79569139067794e-08,2.19285986885332e-17,0.0039776407959187,5.01937594707485e-27,3.27632460749027e-08,6.52749441163834e-12,1.54830791567707e-09,0.00481744420508298,0.0462558612046737,2.21777387803567e-15,4.67371061785209e-07
13194,16979,0.900154337169127,7.03383790725546e-11,9.92062554361475e-15,0.036484524923385,2.81178253278387e-43,0.028770383256565,0.00683612407321312,1.57694607821123e-07,6.29268945930772e-05,0.0276896968228398,1.72372184665311e-06,1.25373474432417e-07
14718,16735,0.945802023181161,6.87051335543494e-15,5.83676172498723e-17,0.000641837501379033,5.35821972581143e-53,0.021934889588841,4.25923489882809e-14,1.00316709557823e-13,0.00270230927348848,0.0289189404410847,4.84464043511011e-14,1.38472882497327e-11
10004,15298,0.777882856474484,0.000279368075483558,2.00669225273891e-17,0.0812492041466497,3.78841180688003e-18,0.0454389225031411,0.0304916948415017,1.39012982400384e-08,0.0246136429771537,0.039885676867993,2.94465791479601e-11,0.000158620182848511
10962,9268,0.95648562556732,8.70227683079731e-07,2.45585431478886e-15,0.00166759667718312,3.08875463251564e-24,5.67332472430332e-08,5.49240103345786e-13,2.43038933141615e-15,0.00282862732755233,0.0390171875033027,5.76822982082334e-10,3.5386333927151e-08
11516,9267,0.951878646473182,0.00916327541802358,7.19311979321192e-13,3.07556928530913e-05,1.11014166805864e-08,0.00279664739962717,5.39349808191354e-10,1.67388739755788e-11,0.00478833735661706,0.0311818272468317,0.000160485989114132,1.27655264355596e-08
9717,10476,0.945433079033981,1.30658207848709e-08,2.10003162791218e-13,0.00270765769119617,3.46334493290892e-28,0.000490998132861515,3.95313806610753e-20,1.70750006191337e-16,0.0024101094423871,0.0489581426280733,4.83635525274546e-12,6.3315535250856e-13
13041,9505,0.93994874380832,4.79274657021706e-19,1.63246407902869e-17,3.2255791441142e-21,5.2463333537531e-13,1.12145339056131e-08,6.28056664906681e-24,2.40145335185717e-32,0.00384908422917983,0.0562020670532231,9.36942190525795e-08,1.83564971732005e-21
8614,12889,0.955204273208338,2.69929489553798e-36,7.15685968495327e-23,8.55180251447144e-37,3.01390769076933e-37,7.12403808571076e-14,1.76664709416726e-55,5.86587546428792e-51,0.0114805038462004,0.0333152229453904,7.06433754800584e-29,7.15584711288633e-42
15123,11671,0.937357548827737,1.28439918490809e-09,1.50870092813976e-20,0.00409953186826086,1.2989913134401e-47,0.00111344764766709,6.56919675667697e-13,1.67130613837833e-10,0.00731134887759835,0.0439586627774568,0.00615943588770967,2.26613831364005e-08
10974,15537,0.890718602008083,1.87641202767961e-05,4.12512323548559e-12,0.0210307658770065,1.9493252745853e-33,0.0328452898985095,0.00722242106927505,2.5940691630386e-15,0.00403545630399859,0.0441255291486199,1.90617609674141e-09,3.16966392719686e-06
9858,11681,0.953822372114797,4.15667046421306e-14,6.72825879653703e-23,1.40192610869233e-07,3.90463482309994e-43,7.42725741455949e-09,2.79749617758243e-20,2.39071447781479e-24,0.00272543948467028,0.0434520407806229,1.8391738964375e-18,5.16708073507474e-18
14289,10226,0.948800980852847,4.08080182079492e-14,6.98157820663729e-23,1.00038792731285e-06,3.72062050114574e-70,3.07885350499136e-12,3.52877058578212e-26,2.22342591973849e-26,0.000482366447254973,0.0507156523088507,3.45449382049721e-31,7.87849160511095e-16
10683,8305,0.960396120493738,3.35606456217561e-17,5.77738260011907e-17,4.08819270319808e-13,1.52926116721195e-45,1.83974989789541e-05,5.64015469150966e-35,7.97219119142413e-29,0.000493133075805371,0.0388824307266144,0.00020991820445417,1.88809843342446e-26
8892,13371,0.948310045503012,2.46701050701396e-07,7.20708740257514e-16,0.000430776277871958,1.97037059016301e-16,1.626649486939e-06,1.35302091922342e-16,7.61532596107019e-18,0.00269763137390755,0.04855967293898,7.00422180291011e-11,4.85648058716564e-10
7780,11927,0.895548509407003,1.84045566761313e-10,2.4273015723077e-26,0.00989953830367537,2.03123282161557e-53,5.9307614573367e-16,0.000189176637085934,3.0627691276503e-16,0.0492418280780974,0.0451209473900915,1.46436582453013e-45,3.19298358080848e-16
10127,7341,0.937232277766855,1.10924859742214e-07,8.39134407514079e-07,6.73362263152196e-07,6.72961094424085e-21,0.00032202414476156,7.40492601711364e-27,1.28174142811796e-10,0.00325127991820547,0.0587387903611594,1.01867525242303e-06,0.000452985584061098
9584,13129,0.907195809470143,0.00777360818611021,1.60598819314045e-14,0.00257590591281246,2.62923711443461e-18,7.19731324913273e-05,4.25752219720175e-16,9.43983825881432e-16,0.000971553748417095,0.0580376994167762,0.0233711704540224,2.27967921046208e-06
14279,5404,0.95626052060328,1.47129587230827e-32,3.59617623264632e-25,1.51309966626472e-30,7.71072808861325e-50,1.65428293289241e-18,1.33250074880621e-57,1.16568097139884e-41,0.00419971296668602,0.0395397664300337,1.94880679721854e-39,3.94911440096059e-32
13886,16254,0.96640522295318,9.2811767508936e-09,1.34751851581578e-16,0.00388714859603982,1.17176573349028e-20,0.0066000482846875,3.67459479709142e-05,1.21561227804804e-12,0.0041759051400316,0.018894878549314,2.95790188562831e-08,1.16673646934213e-08
9727,15298,0.942697803507176,1.10983268562937e-07,1.22945785218996e-20,0.00652534577197935,4.90128500115679e-20,0.000445657948952537,0.00218301956176928,5.87189780076031e-10,0.0346823802524801,0.0134656492417054,1.59574463417565e-10,3.19859044365873e-08
14977,7573,0.947745594275705,1.98679012565795e-20,3.32156140827913e-27,1.7412051191737e-14,6.86951150391536e-70,2.34490803037977e-11,5.912154334368e-30,1.09252121904186e-27,0.00704603350421702,0.0452083721966109,2.22317512143661e-16,5.88166395688203e-17
12209,9507,0.954042519771278,1.58482591662609e-14,5.74052134150542e-18,1.94743135129123e-10,1.79806177330045e-31,2.26687346257382e-09,5.5181854708888e-42,7.71064288933763e-23,0.0113141116287431,0.0346433661383466,3.63937019698273e-19,1.61863769163528e-17
9714,9030,0.958227484705612,0.00189416575965276,2.70243584070111e-08,4.13886435404532e-05,2.48850872839269e-05,7.83192855883282e-05,1.17974439344491e-15,8.58823002712128e-15,0.00120390523825845,0.0385298240735442,1.46495107346899e-18,1.82151931222574e-10
8055,10480,0.950772229528463,5.29187757306521e-13,2.81582796987627e-19,4.96782120527021e-06,6.29047738068786e-45,4.2196649408371e-10,5.99895604148196e-28,3.17018832608462e-20,0.00379818872014281,0.0454246135076826,7.12415597564635e-28,1.01736979113383e-14
9162,9995,0.949007000288582,9.68810511368846e-15,1.81760978831732e-17,9.53553828908501e-14,5.14247501607323e-29,6.97624462021373e-07,6.97651210280498e-23,2.18516750292192e-21,0.00521765766784239,0.045774614496823,2.99221859321372e-08,4.21678351282063e-21
10285,17226,0.978362715250693,1.76828507908352e-10,2.29013162951381e-11,0.00076245787371313,2.79247984868252e-33,0.00479812534335263,3.23594414976095e-11,6.96858302879086e-14,0.000706796225090812,0.0153699050749912,1.45568917593744e-20,3.36683079170429e-21
10414,12645,0.938754814731074,8.84197385770239e-22,8.22867408307348e-23,1.06538699760286e-12,4.37996704600167e-66,5.70344450624284e-12,2.1934263923021e-14,2.00745627819078e-16,0.0137368074611668,0.0475083778009682,4.21383187727509e-23,9.00559372754832e-23
12197,3239,0.949760983429674,1.71600551613373e-10,2.54821095622857e-16,2.30374175645481e-07,2.14927249928971e-32,1.77950405793988e-08,1.6645912391616e-13,9.0983230448387e-20,0.000595845445003211,0.0496426896659084,2.13761211152648e-07,1.93572196034864e-08
12062,5409,0.94517319515354,2.00991210525143e-13,1.15969141391673e-15,1.60218593800321e-06,1.21369853924342e-36,7.37464081522449e-08,1.0649922290147e-29,2.70920719806041e-23,0.0103429755698135,0.0444821533438341,1.48540261764399e-13,1.15832766538878e-13
9587,14575,0.946038920505759,2.5764826592458e-05,4.3136630390698e-17,0.000600995998073526,4.41054728749438e-05,0.00149495568404287,1.67062746236064e-12,8.08697467508345e-19,0.00830803089433402,0.0433712555480886,0.000115971067564386,9.9960033575348e-13
17479,11907,0.942238899591237,5.64097286557839e-12,3.26515974666325e-23,5.79820338433835e-15,7.2991731828858e-27,3.6692893223702e-08,2.29028357835919e-17,1.88797975119917e-27,9.0088607506791e-05,0.0486033423639776,0.00906763273873758,8.62546025233496e-16
13861,4200,0.947392091691129,0.00205398203229367,9.76459127299789e-16,1.15001401399234e-06,0.000711591401232135,2.04876731113092e-06,2.61184184742932e-18,4.82321966241194e-22,0.0048868094976277,0.044952271173313,2.03019845135212e-12,5.54210482212586e-08
10134,11199,0.950487536374069,9.24572435782571e-10,1.72456439359104e-18,0.0107914770616174,4.91379119673231e-36,0.00127295127690381,7.36644069305114e-16,3.27287378473744e-18,0.00410772406794036,0.0333403081730052,2.0150604305626e-09,1.06830948334955e-10
17195,8532,0.938283435285922,0.000188797861130404,1.67420434162809e-13,0.0167826593580593,3.84479049494607e-47,0.000154330472692747,0.000556738278688744,4.20241838002653e-14,0.0029367294170653,0.0410943974434717,9.86218535247891e-07,1.92566422555429e-06
12496,14328,0.865162913814267,4.7604380319806e-11,1.12839449263372e-30,0.0805655897438603,3.4688086068173e-37,9.35228347195775e-13,0.00803590620583017,8.04835936755744e-10,0.0292997462584232,0.0169358401513251,1.15454098219088e-45,2.97291899682906e-09
10002,14333,0.868152257927886,0.00159308020870385,9.42440907594483e-07,0.0382928707385047,0.000909424630089782,0.0399312320941795,0.0108631165556447,1.22086804668086e-06,0.0218501411233442,0.018395072916702,1.67332809624683e-10,1.06403286582598e-05
12625,9747,0.936475359139644,2.5535461545169e-36,1.29891618186334e-29,6.70731675852353e-33,7.16968752239719e-49,2.3181229418649e-16,1.40296124197058e-63,3.63497725872522e-44,0.0147338725272447,0.0487907683331115,8.22874626144015e-30,4.33645108844881e-39
9992,9511,0.951908099508765,3.26339526732029e-13,7.10485467136209e-16,6.01845514304068e-12,1.04642906918072e-18,2.51281848767308e-05,1.27262028824423e-31,3.30690900178061e-22,0.00374982110877664,0.0443169511912358,3.92956679794316e-18,1.2952480797485e-24
17207,14319,0.93198393527336,4.13234399269565e-05,8.19337184340433e-05,0.00729369800013749,2.02161054098954e-05,0.0414662299188206,1.1786645741207e-12,2.00334278467061e-09,0.000224067274283057,0.0188685556923141,2.00385571345551e-05,1.56583525347284e-11
11247,13125,3.57248741943987e-08,1.3402247322675e-05,6.06514830321188e-20,0.622395849765109,1.41507056522779e-33,0.11935511176124,0.0805178787810243,0.0161023157057199,1.06027392636163e-05,0.059938794960143,3.67014297329542e-20,0.101666008315304
16084,7088,0.787611868576046,7.51371842688172e-06,4.27254253278716e-11,0.0521454915357082,2.6607127854475e-40,0.0347334964243699,0.0135466816223567,1.73557097085312e-12,0.00262563483928244,0.0420195966447536,0.00324902340728659,0.0640606931873083
14287,9262,0.643376361443342,0.00072468436506125,1.13611510514604e-15,0.0700070615140476,4.22619199989895e-16,0.134028181791774,0.00430553992398114,8.93335929333953e-13,7.30699991237331e-05,0.0588097078143629,0.0442600837147767,0.0444153094326352
9865,15057,0.898630672922438,0.00185719998265905,2.3880577990975e-14,0.0148481818397944,2.09401462002782e-09,0.0233143766339766,2.26174335922243e-06,9.98786829077856e-10,0.0314434095784372,0.0273238709270078,0.00258002327295115,6.55110811741058e-12
16658,16731,0.840401414585834,5.22142852108874e-07,3.69153786012174e-34,0.0759382843406305,9.90701339529846e-65,5.82643066004988e-10,0.0747040370195741,4.00187860654551e-10,0.00873813791396373,0.00021760300719965,2.44253000580465e-14,7.09007336108962e-12
13732,8781,0.947384030295249,1.62603799737887e-16,1.25482000361985e-16,1.49854541749024e-15,6.15448137642426e-19,2.82438175113352e-12,6.86331042728131e-33,9.18537767829555e-30,0.00662296197664399,0.045993007725281,6.75336043758281e-26,1.04481514271818e-19
11671,17223,0.955433867640636,2.7841248833673e-09,1.11174197157675e-17,0.00513246983757843,3.29311570731752e-22,0.0205257276860865,1.30147846772696e-06,2.26930185985263e-15,3.66040147459625e-05,0.00720273648779925,0.0116672673878078,2.26827510463737e-08
7782,12891,0.898602335620613,0.000168602827168863,6.49579767798422e-14,0.0287739148797408,2.78550057129718e-68,0.00113786490875417,0.00497517616006182,1.13876890193677e-13,0.00632261520588999,0.0556848272542558,8.53897997155417e-05,0.00424927334362145
13597,10468,0.942090766056514,4.00293366907926e-17,1.23041374243976e-18,2.8565179026915e-17,3.41050645003501e-26,9.83362964304191e-11,1.95684454284207e-22,1.97280010946221e-32,0.00744760605360593,0.0504616277915437,7.17172920713559e-21,6.36737842723279e-26
9178,17710,0.692887567219657,3.10118247705453e-11,3.86676030753722e-33,0.0881846819595426,3.60501052915242e-56,7.56855701220915e-09,0.126588491770155,9.62619074760755e-13,0.0469332726317766,0.045405978818271,1.42983329737162e-34,6.59337999098363e-14
9014,5415,0.893214416193419,4.57939642110285e-06,1.00370317797182e-15,0.0277774898596108,5.46367918860069e-33,6.13777104899565e-10,0.00578611093617224,1.01836994491455e-10,0.00630024935287178,0.0669171534406151,8.31442730864921e-16,1.05273519800388e-10
9027,11683,0.899611285776484,0.00397739246584249,1.5961957773489e-12,0.00912332242071544,0.000486290935069145,0.00123995251443931,1.84337633565442e-16,6.5139157846097e-11,0.0151449015968812,0.0619616499054149,0.00781209071598937,0.0006431136024282
14437,14806,0.94350458412609,5.1379392893534e-05,1.08646118775879e-07,0.00625000584012056,2.17048791489094e-17,0.0198125493061248,0.00142545384767505,6.97126846322072e-09,0.00201604797796245,0.0269364456844026,3.41819436366358e-06,1.29798636589269e-11
14710,12877,0.353318632602747,7.6273744891164e-05,7.31727525894094e-25,0.335096904496254,4.55019947242517e-56,0.0211339724618465,0.0722390934975492,0.0136364549689435,0.00164065026382818,0.0353259962506313,1.03226869001127e-27,0.167532021713309
7634,8311,0.894092585081891,0.000766037530350895,2.6762255556916e-13,0.0331443254379358,6.6065588213007e-27,0.000556095173902116,0.00788886673933445,6.2532801876798e-09,0.000236949018680366,0.0503564299725328,0.0111702497084743,0.00178845508334994
17200,10943,0.945765572657757,1.56896680746969e-13,5.51454411187568e-17,2.14603508472695e-10,5.87552876463315e-39,0.000761810621501365,2.50158863863609e-11,1.40115595169269e-19,0.000305716860549857,0.0528321663714176,0.000334733248996454,1.38793128587434e-15
12760,7577,0.937725968676634,0.00524337417277094,6.52757717441658e-12,0.0026666050231715,2.68571723245217e-05,0.00300536785225834,6.22593534499914e-27,2.44460092757905e-14,0.00092116880965079,0.0389931315269481,0.0114175162112501,1.05484394301162e-08
16788,12632,0.928332680655371,6.92765952774037e-05,2.16052503379949e-11,0.0219217789426417,3.76120477834633e-05,0.000771473517958181,0.000154321625289932,2.03394640664514e-12,0.00633974181017461,0.0325613509559167,0.00981176368542658,1.40521551090503e-10
15258,9501,0.941177941180775,0.000545503321289014,1.37714061134922e-13,2.31234446582198e-05,3.70060080008323e-46,2.04425722540511e-06,3.02922895195968e-43,3.03836988708848e-25,0.00114139192149926,0.0458604352958077,1.6170679049564e-20,0.0112495605786076
17211,16247,0.954968947647358,6.49037203093206e-09,3.30067946274017e-16,0.000116909538456376,2.10342732987448e-31,0.00485894144700644,2.02746341984586e-05,1.0362340183334e-16,4.57927930530522e-06,0.0103686231051804,0.0296617178581223,7.12840891036951e-22
17901,15041,0.975331724629918,7.22883113743314e-18,1.77615022978707e-31,0.00102643556680559,2.44206668496187e-95,2.41124355748544e-09,1.59843193674347e-21,3.73711052840477e-20,1.99635567081079e-05,0.0236218738353246,4.35261418198737e-16,2.80421388465219e-17
9039,17469,1.1728479345646e-10,7.32614510045466e-12,1.00665508342733e-54,0.483528882822526,3.10975310173455e-65,1.76431960254185e-37,0.448694881581313,1.34512333591895e-13,0.0677762354588505,7.04207010397498e-25,4.9452306821296e-66,1.25645289486429e-11
11373,7098,0.93524673893116,1.91892174958457e-10,1.55554054394196e-12,2.94738050924156e-10,5.98677663298823e-47,9.26845988974881e-05,3.5306068802369e-11,2.4462665791682e-19,0.000306850369980261,0.0521052709700998,0.0122484546061909,1.80087703974084e-13
12060,3962,0.93809746277942,2.26093912883514e-18,3.82440974589981e-11,1.35121514780025e-22,1.91571571359871e-28,1.82621490797209e-08,1.26486332532723e-31,6.36726764109169e-28,0.0099289154554054,0.051973603464781,8.59946169164853e-16,2.77239462378764e-23
14014,11191,0.939967587373495,9.17949515610287e-13,7.35477431277266e-27,1.51832223177402e-06,1.58850565825549e-52,4.37784278958766e-13,7.51761155413746e-05,8.27546882197761e-25,0.0129027454273476,0.0470529727600241,1.64143231798184e-22,4.09697526454682e-15
7633,7828,0.962979670420214,5.1754792928825e-06,1.28902604593943e-15,0.0101031685131437,0.00044945671588502,1.92319675210183e-09,0.0032120637033593,8.06046452097762e-11,0.00127477577210394,0.0219756873902401,2.01761761198142e-20,1.95797378148713e-12
16919,9015,0.944077343878446,1.59835815860239e-18,8.38983404845267e-27,5.0904546582813e-12,6.8916036090465e-68,2.81749138112547e-11,6.34615220100189e-44,4.99585912102616e-27,0.016314919588068,0.0396077365002205,1.6490199095565e-26,6.34522248373232e-24
8754,13612,0.945090866233151,1.09218246852652e-28,4.62472163974239e-25,3.48870821344972e-24,6.10491231618513e-47,3.0712296237625e-15,4.31887313257269e-46,8.1731487585073e-40,0.00268200236107394,0.0522271314057719,5.95658407032108e-32,4.37626446332391e-32
11518,10232,0.942526348701675,1.62913152621465e-12,9.40377228404673e-22,2.73209290593403e-06,5.50397811373925e-46,2.59562732408368e-06,5.91604637431621e-31,3.65929752031722e-24,0.00614842777781456,0.0512497338123156,7.01574325237581e-05,4.55381143714094e-09
14151,10467,0.946903129014799,9.7173417153233e-31,1.46307057213508e-32,1.42835059286296e-19,1.49691569815484e-71,7.30716187276918e-12,7.83317931406663e-29,1.03992465343641e-31,0.000480388149780013,0.0456876879977001,0.00692879483041338,1.39616884324272e-32
10541,6617,0.936636615945334,1.25235224884877e-14,1.05829833370797e-17,3.16808658482909e-10,5.89282777894291e-53,1.14229334690199e-08,1.33385381946768e-15,7.65303692625713e-15,0.000529888955963114,0.0619255658161007,0.000907917542835553,2.78432006524441e-15
12631,12640,0.914079387939855,1.03977293980803e-07,4.78575270821273e-21,0.00923264530906039,7.03365640471271e-52,5.85676084028476e-15,2.18326575442865e-17,2.49446307268895e-14,0.0247882617388814,0.0518995818528469,5.10594904984644e-36,1.9182031272792e-08
12076,12159,0.919951370308587,1.13381533740276e-24,8.28633408655001e-30,6.84808103104713e-18,4.0059861165528e-73,3.48713022173811e-14,9.08895333864132e-39,1.66457091062054e-35,0.0233504417417339,0.0566981879496447,5.39083901658959e-33,4.72449052626591e-26
10267,8064,0.95253998737527,1.51160077411211e-10,2.13548979099986e-15,2.53416550682966e-07,6.7093488923148e-22,4.65013134689487e-09,7.09897146287367e-27,7.88304434029463e-26,0.00210517262933966,0.0453545817775452,1.80600063223237e-25,1.20982871476051e-15
16778,7810,0.867809820973785,1.81338074281405e-05,4.93967440680987e-17,0.0438453314898101,1.06519782316521e-45,0.00381703614621612,0.0167854046475263,9.19875136898436e-09,0.00251958547956861,0.0519812368432678,0.0110777343370453,0.00214570707660154
13872,9504,0.846418196616901,0.000383141900329795,4.00709584518188e-14,0.0756261423754773,2.39068305443576e-22,0.0172491261976136,0.0112421219082644,1.99094644248846e-06,0.000382855672069736,0.0451870683984098,0.000154563334041514,0.00335479265041074
11947,16740,0.981672980911907,2.30692620237e-18,1.69377516072196e-27,5.7218981470171e-07,2.61128409459506e-68,9.66847252519011e-11,9.08000526217869e-18,5.93139854500148e-19,0.00223280634487055,0.0160936404567233,1.02058524664847e-40,5.06624155276023e-17
12356,13605,0.913721222335092,1.47429723065173e-10,1.26239981471951e-28,0.0228324351903295,2.43946300564374e-46,1.86218700383495e-09,0.00142002382494779,1.16080592822272e-14,0.0186219583499689,0.0434043580062835,2.2240812211907e-18,2.83750227004441e-10
12212,10953,0.943320837124859,8.18315903679165e-06,4.63836500279196e-14,0.00120024985870695,1.22311499218413e-15,2.12448187318085e-05,3.22107617963602e-17,2.5972773506293e-17,0.000277888310132824,0.0550805667231972,9.10300039549691e-05,1.33322104064715e-12
14979,9019,0.959929383301838,3.41991726462194e-13,1.07021658378358e-14,2.30410406281289e-07,3.90386720667795e-58,2.79909279119574e-09,1.00594230257939e-36,6.794606998908e-16,0.00332382486144938,0.0367465487683645,3.04349324071804e-17,9.85849617167157e-09
13587,5647,0.948483885478078,9.36379144326972e-09,1.01059409892844e-16,1.55662370007209e-08,1.15146130012351e-21,2.0617606256991e-05,6.79675416081017e-27,1.34969472175979e-17,0.00292410807821836,0.0424765403967688,0.00609482351064887,3.2683909946004e-17
13880,13361,0.96081064282004,4.27406344096201e-05,1.15462448285522e-17,0.00134158465862347,1.10012328281255e-33,0.000812152655662575,4.23456821179721e-05,1.08630492762817e-12,0.0129729917177947,0.0236063293615679,3.50293694731055e-13,0.00037121246834672
13332,16737,0.925785281792296,0.00572218023455105,2.95005764532626e-11,0.00724186827702854,3.57445556115465e-09,0.0239729682768556,0.00463023860033439,6.03581887878675e-12,0.000483654808584214,0.0177937326006381,0.0143621796884183,7.89211130130271e-06
10679,6376,0.958926064226879,2.20071571327112e-13,3.14342294774296e-18,1.48273661664849e-06,1.31407555526963e-36,1.38945036612133e-10,1.56683950458112e-27,3.71108627642635e-21,6.48389345107011e-05,0.0400630738425151,0.000944540120229042,8.4384182015294e-14
16100,14803,0.925638712056759,0.00596216143798725,4.0258482133545e-07,0.00449975406181269,0.000773290226160393,0.00867155499809536,2.50976573979152e-42,1.5083043165103e-13,0.0108641275877303,0.0435899970462139,9.00419205011937e-20,2.6863740868199e-13
15411,16974,0.918052177517662,0.00832517602713965,7.97472786757887e-09,0.0197689318087564,6.59505090390178e-12,0.0303430737055021,2.5418661350514e-05,9.1844218011426e-05,1.46663435262722e-05,0.00321477650106432,0.017182614746203,0.00298131248946131
11800,12642,0.922491127014003,9.8708974329475e-06,3.54452716417858e-08,0.00200674299539488,0.00042063590697285,0.00902195782866401,1.58178534262035e-05,1.1394519042674e-14,0.0355931294036477,0.0286971997101521,7.27033650580853e-13,0.00174348294429647
15399,10706,0.952733511901337,2.29559066251644e-18,6.05913925731219e-24,2.00188421294087e-14,1.81632256353545e-44,7.62625696109638e-05,2.16210155041929e-13,1.80725157878678e-22,0.000770184048442467,0.0463978294307712,2.22120496019563e-05,3.98060780946657e-21
7921,13132,0.768824454131956,5.12609868764414e-07,2.70843550456345e-27,0.130949557305679,8.52091896846653e-44,6.91876799810482e-08,0.0455285968917073,6.86044436147017e-05,0.00128004928713174,0.0409240316032648,7.61827047518234e-09,0.0124241169208278
13321,10951,0.779842848070268,0.0011976221601413,1.75473932992881e-16,0.0795874665562536,5.92975490112338e-11,0.051074028889774,0.0130296328973844,4.0932793772048e-12,0.00204448572105529,0.0731610782577843,5.92962600542196e-05,3.54112389367159e-06
11089,3723,0.919889572864088,0.00336921212296499,1.40443292572126e-07,0.0281969344703904,1.85226495590344e-09,0.00045883525013631,5.58424272848835e-06,5.75736268061801e-08,0.00243735980626133,0.0447790454001203,0.000857201030088453,6.05494403712926e-06
12475,3720,0.924412289864965,0.000205283882653295,3.70135667214655e-13,6.79131121417234e-07,9.00246250756401e-05,6.59558458005377e-06,1.4667364365091e-14,2.21015053991953e-17,0.000800839450428846,0.0563684638718153,0.0181147587461045,1.06484287114044e-06
11099,8545,0.916447227708538,2.05681802069312e-06,3.74208636405321e-14,0.0320092175328648,5.83871260946753e-58,0.00136098373200796,0.000538051316933183,1.40667674604028e-10,0.0020546844410449,0.0475870828613198,9.28059022351337e-10,6.94520506590508e-07
11236,7821,0.917670429577078,1.03174607320289e-08,2.84261262728545e-18,0.0146113585539775,1.57101636567499e-05,0.00843862316349595,2.01009532612402e-21,5.21643255316026e-17,0.00181767679263591,0.0487028161145663,0.00874328913258241,8.61845461386656e-08
11934,10472,0.946286456635873,6.34297270167251e-11,8.88363088030271e-20,4.20273867570815e-11,1.0673122020792e-40,2.09982560612185e-08,2.17526825955719e-24,1.7412968722293e-28,0.000577263321230123,0.0475026033817285,0.0056336555266386,3.08169152733156e-11
10008,17226,0.978316877937826,3.49202805480471e-14,8.06740394746417e-11,2.91194345629711e-10,9.39639562733378e-25,0.00494982769182648,1.94681852225444e-18,3.0176923232579e-16,0.00924116035730844,0.00746196889083875,3.01647502969483e-05,1.45987878959309e-19
17340,11666,0.945803070334959,1.20793145921304e-23,4.93403754590484e-25,2.05762704270632e-20,1.79518798660439e-59,1.72778408120159e-08,6.52584886827746e-44,6.32194729911113e-37,0.00718007361678349,0.0470168193559194,1.94144973203968e-08,9.73064246301721e-34
12764,9506,0.956724326559583,1.69888160236783e-10,1.47395984410543e-19,8.00475203366598e-06,6.35764872646425e-41,8.99467343206097e-08,1.89981586348332e-20,3.59843850383428e-14,0.00152938220113499,0.0417381918989002,5.39338830009001e-16,4.47168906750819e-09
14023,15531,0.901988931928686,1.91249193436535e-06,6.48878752984721e-18,0.0471433014887048,3.61456393672249e-43,0.021520487508414,0.00537564725726356,2.52017645574241e-09,0.0102241835994845,0.0137442073224125,4.19059417732916e-13,1.32588250491835e-06
14852,14564,0.942360806132161,4.65225897010614e-05,2.12409394025601e-18,0.0242891850908876,3.84846512882729e-58,0.000154176114797766,1.19950393537965e-21,1.9080278633092e-19,0.000497634107001534,0.032419725784496,8.34229288153315e-12,0.000231950172612264
9851,8306,0.939082512579317,8.65937417178303e-06,1.43223348628547e-13,0.00059220192755133,4.7127230385208e-28,2.30353687767955e-06,1.43069505623569e-20,2.01584211536715e-14,0.0165510417400993,0.0437628694939059,1.48027425332217e-10,4.11199886248769e-07
15267,14323,0.92946551850155,6.11544062396632e-06,0.0108568471524165,0.0075984030822874,0.0122324983854428,0.0125864955177535,0.000262906819840337,0.00238681781087077,0.00418766065095688,0.0198610835123382,0.000555648582652461,4.54326765184871e-09
13999,3958,0.783781553790392,0.00430922601890607,1.77032402908133e-05,0.0167150046050148,0.00937187269670888,0.00169755598647006,5.10587744542463e-05,1.67759543686513e-12,0.00799742958066831,0.0894818675831051,0.0606126115052386,0.0259641162170738
8618,15300,0.219718692518635,2.8970541475196e-11,3.17868877805915e-31,0.415544412437648,7.11370917802582e-69,4.01980280143689e-10,0.111048351159584,0.000734708271203209,0.202858296102795,0.048119035246669,6.62393542948709e-18,0.00197650383251566
13044,10952,0.930142732503015,0.000343966891697243,9.7904891351495e-09,4.4553564033439e-09,0.000717859241807431,1.5982130436556e-06,2.48282534727752e-27,2.09625799015823e-17,2.70479524188225e-05,0.0687667808667274,6.83483354696974e-13,8.47616276940284e-11
7636,9275,0.850474672670616,3.06102167527158e-07,4.60456830609773e-23,0.0574860421917355,1.28978555415395e-35,1.43458861407198e-09,0.0297019178600986,5.51358885685673e-10,0.00451375661815745,0.0578233022893878,1.81096048275504e-11,2.63779750341811e-10
13310,5647,0.936129969777916,3.46324725527512e-12,1.58208206171643e-12,9.53489544709567e-16,2.63467801447792e-10,8.98769468503518e-07,2.66031551777461e-22,1.87823718035372e-22,0.00347633893282027,0.0603927908317226,1.41955898670477e-09,6.29733778903271e-20
11668,15776,0.833089788784483,1.38210083274989e-05,1.70546975610734e-09,0.0416380187408875,1.14660252875356e-26,0.0604479590191361,0.0127794657100361,4.63815336135529e-06,0.00949969477522229,0.0268750715064923,0.0155740937916068,7.74468049773656e-05
11246,12643,0.844548163627203,1.62448283227123e-06,1.04069695050549e-05,0.036992172652241,7.55358263606467e-12,0.0561227810258017,0.00121444680966879,4.54442278222942e-11,0.0174180907159731,0.0436863896306218,5.92356100981106e-06,4.7214555347082e-10
15805,6124,0.950083616580427,2.95709608740127e-42,1.09032953658757e-28,3.67787412230745e-41,9.13974186844792e-74,1.71423535517852e-18,3.51769466153102e-46,2.83584780639141e-49,0.00816477881699791,0.0417516046025753,4.24983039203005e-47,2.02248390291802e-43
13186,12639,0.888781247295395,3.20538015689086e-08,2.57223839624296e-15,0.0134046931211141,1.34134252666981e-48,2.65721557152036e-14,2.74118696060077e-09,6.60432511989781e-10,0.0207430415077181,0.0770709677780437,2.10996784302371e-22,1.48422785432307e-08
15412,17456,0.965024724669266,7.34528919297128e-15,1.11784927976498e-12,9.52197532249495e-16,1.59958711415897e-33,0.00370854329706693,1.67452651097147e-23,2.03928779536921e-27,9.97999139541593e-05,0.0311657924620749,1.13965651222787e-06,6.55399246215613e-25
8472,11202,0.930513966796255,6.29866010369935e-10,8.90718954122885e-23,0.00184154407926222,5.74748047306116e-50,2.95875263033831e-11,1.62645420075793e-18,2.57979345748724e-17,0.000156774980021687,0.0674581302946069,7.34527258104331e-24,2.9583190400384e-05
15127,13600,0.947197954241467,1.21398566492351e-11,5.07646849630967e-28,0.0132691357488273,1.58657971108975e-80,1.47967466503329e-06,2.13626527371364e-08,3.39434901305645e-15,0.00458519766096566,0.0336987417423731,6.10328796461925e-17,0.00124746955690608
11807,16017,0.903839327472182,9.87352886214912e-05,4.85068495103992e-15,0.0351457087037921,9.76314869548185e-40,0.0245952041882967,0.00590079885502091,5.99466665380142e-06,0.0106055221531632,0.0184420513285968,1.41674973661953e-14,0.00136665734365358
13727,6370,0.938502337414396,2.92615714835543e-10,4.15724329024958e-22,5.49130168954948e-07,2.03609233106308e-15,3.23923978592466e-11,1.30197527821846e-24,5.25077596189501e-15,0.00942845139159568,0.0520686617388235,1.4158994173435e-28,1.01375822408339e-16
8752,12648,0.93189832116721,3.86619387247071e-25,1.64232746885769e-22,2.99814775556427e-19,2.08869547089886e-44,4.83513557694063e-11,1.10025181999954e-23,3.57735607845098e-29,0.0182482611711912,0.0498534176132119,3.55505095913409e-14,3.01989066807515e-25
13446,4441,0.93419425825369,2.79562509486457e-19,5.39668015335747e-20,4.26721142583374e-17,2.98297736828296e-27,5.35196323078826e-11,1.71614077481351e-21,2.64855731044478e-12,0.00585777952937941,0.0599479621607404,2.77188116944292e-17,2.24028493738546e-14
18173,12147,0.257615281036367,0.000566055154941768,1.1326245174833e-20,0.21667945714187,0.00960455907543689,0.199460811080896,0.0743612238171468,1.61571556160441e-07,0.0222088166307647,0.0644063877994702,2.37522897682608e-13,0.155097246691313
14838,7332,0.953921310214227,5.03786164354501e-07,7.36489791503288e-14,0.00777283146091353,9.04125121676479e-38,1.43761290640933e-07,8.98843221965192e-21,6.71901617715555e-17,0.00390516873086679,0.0344000419866294,7.00023320195786e-15,5.98270483269941e-11
17057,8774,0.945788202589074,3.45616731129575e-31,1.22039428042138e-24,8.34804206519986e-31,8.69334817942678e-50,9.18138558331867e-13,9.14097886863181e-48,1.24090127733128e-45,0.000442975533282715,0.0537688218767251,2.2379166945487e-17,3.20609222936594e-35
12917,16979,0.960503611860323,1.33861852764296e-10,3.14109506587849e-20,0.0190762635628992,6.67542846423981e-52,5.15181073564839e-09,0.00145400394260062,8.98395861826309e-08,0.000631742005142717,0.0183342831789121,3.77256345281953e-22,3.24863914287174e-10
15260,10947,0.960490569272422,3.27088246679252e-21,3.86878341274763e-28,2.82173289414581e-19,3.95785575929558e-53,3.51267161055342e-08,7.38519572475387e-23,3.83627227279348e-20,0.00539797220038723,0.0341114211365121,2.26396204703679e-09,2.26966338691331e-22
13056,17220,0.947417159522921,1.01752587381852e-07,3.67924135501224e-11,0.0200846841682316,2.49647461035586e-29,0.0227626320425543,0.00434915563809609,2.01410243404928e-11,0.00103250017583672,0.00435376639632194,9.73424027890719e-13,2.45543733147522e-10
9583,12646,0.917737365547153,0.00312501120732311,1.88618206002652e-22,0.0149970356583428,3.68097253458018e-32,0.0137941289346099,2.0878769870784e-08,1.36402789222486e-16,0.00252540192603084,0.0478200533190602,5.92497377627893e-07,3.90031332942891e-07
13322,11433,0.880163788967127,8.71702669074592e-05,2.52748354998447e-20,0.0521432331621344,1.74948260873333e-53,1.35497777122425e-05,0.0233830549594206,5.71651467636968e-07,0.0034458596833725,0.037200549952643,1.0516165420195e-12,0.00356222157816399
14694,4680,0.959705550766289,2.11934068869956e-43,4.76046205648938e-25,2.84402951458491e-45,8.70066377359455e-53,5.91100687947594e-19,1.12093708561092e-58,6.99294086298611e-54,0.00319270307476274,0.037101746158948,9.03616370031261e-40,9.04358086625891e-55
10417,14091,0.601122965832516,1.83015079753085e-05,1.94194991331615e-14,0.198578315305071,3.43569029833633e-43,0.0573450139029184,0.0426767427026934,2.93540287472088e-06,0.00857939676995636,0.049489122111809,7.79961004085393e-14,0.0421872064640883
16096,12874,0.932514961180871,3.40136472850088e-08,5.38269860980081e-16,0.0111728082117003,0.00177413066968312,0.00536640892370664,0.0150754669474423,2.22513792006308e-15,0.00422412238112003,0.0296060093299608,0.000265355882779991,7.02459085335679e-07
10552,12403,0.947681583394134,3.25180021331512e-07,2.20942049742026e-19,0.00190925516247171,1.51669181298052e-17,2.13985909806832e-05,6.033389038645e-05,2.20847154707088e-16,0.000481006462637686,0.0498460950954389,2.2100360415886e-09,1.38933669670064e-11
14302,16494,0.934850245974272,8.77058733801084e-06,3.38472295335748e-20,0.0257332365323393,9.85239416000757e-53,0.0179813302380968,5.66017701936372e-13,7.92910418664216e-12,0.00121738140513451,0.020190855330083,2.79026593586274e-12,1.81799214509371e-05
8198,13131,0.935618541984202,1.73660984396969e-36,4.27335331559397e-26,3.18857662834e-42,2.1182719876621e-14,9.74203021322476e-17,3.20112530486359e-43,3.6767067699733e-48,0.0180723458807907,0.0463091121349862,8.73340346464994e-27,7.82568841827264e-43
11230,4928,0.948773931056013,2.54990839789169e-15,2.10514679018453e-13,5.25361185878284e-17,4.6157418061105e-10,8.76830554749568e-11,4.92374718713175e-33,3.67198757844877e-29,0.00465157257301393,0.0465744958215032,1.13687757841514e-19,8.76746138374273e-24
10147,17467,0.987973496103691,8.36006903573866e-16,6.22150658287096e-14,3.08424602050198e-15,4.89553799351561e-23,0.000962364462238286,3.03342848194715e-22,5.96851754668046e-22,0.00100770964423046,0.00995551030656445,0.0001009194832101,2.44185277231761e-23
12479,5649,0.959597817262845,1.48949029290764e-07,7.50108278287366e-10,0.000158887905796414,7.15830009834802e-18,0.00476400898757738,8.9815441500938e-25,3.27926394954285e-15,0.000676369410280667,0.0342261499403731,0.000576616793986296,2.03675467504718e-16
14429,10949,0.803975045116118,5.88122967021129e-05,2.63954374238266e-11,0.0462089761927825,1.51805758583935e-42,0.100565023383581,2.503219190965e-09,2.76209166044203e-13,0.000188463861025304,0.0341126217716042,0.011626019566244,0.00326503528205237
8751,12166,0.936740800225913,1.39551863577868e-13,7.0042312047055e-19,7.28819782792152e-13,8.993483068195e-33,2.08011184292512e-09,6.15537479091679e-34,1.19566419431737e-29,0.0204113210929484,0.042847876600158,9.64075122331846e-23,3.20354597866629e-24
8613,12407,0.94577640178863,1.48627925689553e-18,1.28964717330917e-20,1.42319011119701e-20,3.24176391755627e-14,3.18831051811713e-09,1.15850762215098e-43,2.83639705499881e-36,0.00591515784185824,0.0483084364731569,7.08011688491278e-10,1.46236486493787e-28
16506,10222,0.949090710126514,1.71548054610973e-08,5.18459850680575e-26,0.0204452187836366,1.03456473176243e-84,0.00109786896786562,5.4534258736526e-26,7.54523648458366e-15,0.00395420918845784,0.0254093807872205,1.5883289463923e-08,2.57910820295751e-06
10402,6376,0.950611794266758,1.58279279280688e-17,3.65035232771514e-17,6.00970623273576e-18,2.59994071326373e-40,4.96224439857555e-13,5.04424975274966e-31,5.38064447322272e-30,0.000287444123018441,0.0491007616097273,2.47202551944602e-20,8.23405907897035e-28
14153,11432,0.942416907950724,3.28371666340655e-08,1.31882831517124e-11,0.0118767217435707,8.05946563290489e-21,0.00608481740768535,0.000223014476139272,2.20237296604972e-14,0.00453246819134804,0.0294567510273066,0.00540928628629869,6.65505500660586e-11
9854,9753,0.919195937185288,0.00480330514916599,2.37946353263285e-12,0.0097076298526052,1.52898196913647e-23,0.00219362055438191,4.46843305054177e-11,3.43135650272528e-10,0.00951834215684733,0.0537127540290983,0.000867393766007859,1.01691640568352e-06
18728,12628,0.978768386081631,3.6420503742328e-10,7.83268810728115e-30,0.0077463160679209,1.98443046122342e-79,2.73556076810243e-11,2.37959973381194e-25,2.90451660391674e-24,0.00231662229360901,0.00976472568977288,3.40129383661549e-33,0.00140394947550551
13863,5164,0.94384508406667,3.35889737330852e-20,1.51705271155029e-30,1.28975381212749e-13,3.04118077675407e-74,3.68885121269606e-14,2.07337219624941e-33,5.0061998057069e-25,0.0122509305912907,0.043903985341873,3.58244152019847e-25,5.47054867589679e-17
11528,15053,0.546518256715356,5.83550904430375e-05,0.00602948747614756,0.143296526794922,1.82518712680483e-10,0.157961639160623,0.0153474349829919,1.61255483013411e-06,0.0137189203170368,0.0585141296009651,0.0133960586650181,0.0451575784591479
7924,14578,0.225987112342781,3.14472451544988e-05,9.65220116243472e-17,0.344740633632481,2.9354190605821e-18,0.198069863254542,0.0816460604369889,2.49094182146468e-06,0.0420507860649579,0.0782892066714902,0.00122892272189882,0.0279534766878839
8051,8551,0.926299111322489,9.09953075203082e-42,8.46005244558089e-32,2.13284928764003e-42,6.15022192390483e-63,3.43903357072161e-18,1.38722639964753e-45,2.4658735415368e-50,0.00289991916456504,0.070800969512946,2.11449215807666e-29,1.48536006106661e-42
8341,15301,0.55550364060166,3.29057236497618e-10,8.6029008172546e-28,0.256528778531805,1.5135846296611e-27,4.32774659558033e-10,0.101569462891377,8.94664028336326e-09,0.0759679533486239,0.0104299587516083,4.98054650025312e-32,1.96166453534448e-07
13601,12397,0.961925046542572,5.10775697885013e-11,1.44336589707449e-23,2.72225070451828e-05,1.07432055998173e-37,5.23896612131744e-10,4.98247464639139e-30,1.24352384608408e-20,0.00928670437159781,0.0287610243426576,4.66428694048527e-19,1.66115278851979e-09
17196,9015,0.940784026679543,1.53283738935771e-09,1.29925447921926e-23,6.7499961069429e-09,9.07073235262363e-40,6.05127202717887e-11,5.12581208980483e-21,3.0182542597702e-15,0.000208405609388432,0.0590075593644506,3.26696341450353e-12,1.42394428260639e-15
13453,7817,0.924319791550083,5.65642312475229e-19,1.38744985821463e-23,8.82912823947408e-18,6.73972385737601e-44,1.47508393942498e-10,3.81339598347756e-40,1.67511343494697e-29,0.0253970356190194,0.0502831726833887,2.81069156784811e-17,6.97364606611557e-23
13191,15532,0.897692931933689,1.27772359868134e-05,2.58090981284267e-11,0.0225252358897807,0.00017580426903189,0.016449940296532,0.00562922854429723,3.20966459826009e-13,0.00319568073046118,0.0283695338808704,0.0259303261793317,1.85410138891978e-05
13189,14568,0.763795945231725,1.51822306653397e-06,2.00274182344216e-17,0.138620508666276,2.01439845055643e-16,0.0129682487912962,0.0310431510305471,0.000237962969875282,0.00586316119587963,0.0209319960906931,1.63831352077805e-19,0.0265375078006409
14149,9503,0.683872028012519,7.31273025864188e-05,1.68071747520443e-20,0.186729713803094,1.99543208681115e-14,0.0320447194313555,0.0501306951879209,1.9421670834049e-06,0.000590276871965787,0.0130056091537626,6.16642931028721e-05,0.0334902237765894
13045,11434,0.920577391952644,1.51672284974119e-07,1.57571996321196e-19,0.0171181419169283,4.09360028947511e-48,1.92274170894215e-05,1.1311834693627e-28,7.92552872636326e-12,0.00348840397204789,0.0582237667056187,0.000572907455831865,8.89962963810883e-09
14157,13360,0.827897484977822,2.08648360561241e-05,4.33641060638491e-11,0.0303277718247004,0.000379470945247943,0.0207203931918753,0.0185460937054895,2.19059419938194e-10,0.00798982899629007,0.0476829607287695,9.42908504476269e-13,0.0464351305303823
12774,14810,0.66862207642246,2.03297806930199e-05,5.10442150329329e-28,0.198887566759432,8.42870382261767e-54,0.0306805360841817,0.0430538837294992,0.00499558241146017,0.0057270645529092,0.0198965342249322,4.15879829434345e-20,0.0281164260344332
18034,11906,0.689329661221397,2.77893703627311e-06,1.0630759459147e-16,0.115085482743679,4.66730743633153e-40,0.00817508421297787,0.0801537039959338,2.32719286276519e-10,0.00406767389060995,0.0532748422069405,0.0409173167587715,0.00899345579993399
12500,16257,0.953769719893539,1.26246624327062e-05,2.96849970943075e-12,0.00836205919416468,4.62507279134009e-27,0.0142816586050754,0.00416759694975698,4.645886633266e-08,0.00981723311022764,0.00948409392901988,0.000104946295756757,2.08981925136278e-08
11939,12883,0.908200913399457,4.81099272167718e-08,1.17649385077267e-26,0.0328998964335091,1.15401754741528e-39,9.64326192680506e-09,7.84072958690358e-05,1.11665885657649e-17,0.0195099824605613,0.0393076863301599,3.23197022320573e-23,3.05632725495337e-06
9720,11923,0.952633174721051,2.88084136685726e-20,1.60027585147271e-24,4.73216405132127e-18,1.93388483094104e-47,3.0610368403975e-11,1.16564354029513e-33,6.60263359765674e-30,0.00104852270318982,0.0463183025451426,1.06434275007198e-17,6.58036035774908e-15
13028,3237,0.945717443365095,2.36717345425009e-05,1.80888448567967e-13,0.00612013204143368,1.2740767922378e-46,1.24018302314818e-10,5.24749239266173e-06,5.5740500927118e-16,0.00766857593471486,0.0404649290997725,6.45134036063968e-28,2.07849414264977e-10
13057,17702,0.888428819007486,4.86162155245145e-09,6.27835187717909e-27,0.0829704282701086,1.10101577606186e-39,0.00262075750187794,0.00642254221436185,3.06941467321924e-08,2.5514611292574e-05,0.0195316655943431,3.85291522629248e-22,2.3724476165004e-07
17484,14318,0.979342158946526,2.29056564018022e-08,6.12172752000632e-17,0.000770281626142106,8.52062910912827e-47,0.0116161327754649,6.38406593267263e-27,2.49201349564483e-13,7.37567308277313e-05,0.00207393512900718,0.00612371188612623,1.46542065896712e-20
10415,13127,0.834213196308571,5.26862691015545e-09,4.85124124590888e-14,0.0749182228324738,7.66257423375856e-33,0.0165535997886617,1.22769621271216e-06,2.31053271208657e-10,0.0311571119010683,0.0429927234605752,1.15431227249135e-18,0.000163912512708859
17197,9497,0.92112029008713,1.1452103185437e-29,2.86275067365844e-29,5.94601145135689e-26,2.63614267846812e-70,5.30912120236317e-17,1.93398772144088e-35,3.08869146518545e-41,0.00981906368798394,0.0690606462248861,5.8071053710759e-22,1.79540816524914e-30
9985,5654,0.932884208297845,0.000101304672667645,4.85013378173885e-07,0.00120956563641082,1.88991306851477e-10,4.72362475507542e-09,1.40597023660425e-22,2.88374688092957e-17,0.00865917656763146,0.052746134442095,0.00439910618233894,1.42750171833655e-08
9994,10476,0.936712117978509,1.48960975519827e-11,1.02015758250902e-26,3.66599458622061e-06,5.8353575478381e-61,7.10330911395718e-10,3.23455309236376e-35,3.7359288272749e-21,0.0163041037698517,0.046980111531826,5.2315516545621e-24,4.48886642673181e-16
17761,14318,0.975592453358669,3.07104725191928e-15,9.59908050422164e-15,4.67434528599477e-17,9.47323819043655e-30,0.000315089002197972,2.88351391820362e-26,1.17891636550408e-29,0.000230483166353896,0.0135027816072281,0.0103591928655382,6.90003230626066e-27
17896,12147,0.630691622848913,2.7248247288565e-06,4.65874176096966e-26,0.158144057073177,2.65411199648935e-14,0.051342242942343,0.0501516936483534,2.57636494687688e-06,0.0392056442884913,0.0534083991776028,3.355258513051e-07,0.017050703305566
17613,9255,0.923606694077953,1.74141830682936e-31,7.73097851476139e-29,1.09855209520426e-24,1.94329285724321e-69,1.19491235762586e-12,8.76106595265527e-46,1.97365967257418e-42,0.0272846574360684,0.0491086484847835,5.1921293346686e-28,7.57774458210399e-33
14989,13841,0.870106474378353,5.74876863801689e-08,3.35646458092466e-08,0.0285983637685303,8.0379845259199e-16,0.0613042795405663,0.00104993173102206,1.71416252979543e-11,0.00183681341050963,0.0370834020023037,2.71152609914317e-08,2.06169839791251e-05
9707,5172,0.927236519551546,4.80222131588012e-27,8.90140292467374e-27,1.14423150312039e-25,5.69752194180915e-56,4.32528664031123e-12,2.81764955864306e-50,1.14971732505804e-39,0.0233727250458454,0.0493907553982833,2.29031057134969e-25,7.68777049330856e-29
8195,11685,0.949555568560968,1.5865976343725e-10,5.58863317547861e-27,0.0101520767466353,6.9118203655982e-52,1.66484462056238e-10,2.30402432941589e-21,1.46824784702715e-15,0.00292119566997296,0.0373711586940346,3.11258658212195e-21,3.24353827658434e-12
13466,14085,0.869827385649881,0.000183728369991639,1.41861305337035e-16,0.0504044468659733,3.13532513113834e-23,0.0308277681904184,0.0204768854808836,5.42557830628789e-10,0.00527813783091426,0.022286525075404,0.00045801801190151,0.000257103982074667
9295,7343,0.943756114958151,1.16084857590856e-13,2.56066289776227e-22,0.000245266824834211,1.07086191149809e-40,1.0738681551345e-14,3.94323312648594e-35,4.73353425794708e-18,0.0117667831824486,0.0442318350342547,2.08551397516975e-29,1.84347827285024e-13
14841,9261,0.958050248680518,2.0548249535535e-08,8.59397691585591e-20,0.00219010837056702,2.01414724515619e-62,1.82773121035355e-06,9.9374418130931e-14,1.44402086778302e-17,0.00125597039695085,0.0385017470360488,1.70229391764768e-12,7.72346535690002e-08
9578,10235,0.928792540161635,0.000121920632477228,1.02542048416971e-11,0.00116739943727374,8.92672189818318e-10,0.004425559786904,1.22068773871905e-15,3.40006157275203e-09,0.00643214371455875,0.0484887055255621,0.010571218244058,5.08194541479535e-07
11389,14813,0.00387732674920727,0.000315382853180285,1.48469761653881e-07,0.470532299593603,0.0143015803553986,0.129022913624139,0.0709117219516963,0.00336545941516275,0.0345959231439379,0.0761375110983211,7.07050104952051e-20,0.196939732745593
9152,5173,0.879084552701194,0.00650252741018178,7.49460796334102e-11,0.0162111095241235,1.39370571617842e-08,0.000848488234427831,0.0347570304213582,4.5914084626479e-09,4.70650914857889e-05,0.0529700108014304,0.00911686875871004,0.000462328453676263
11524,13125,0.637329897914759,5.24063347588883e-05,6.07473842702727e-08,0.133252926943407,1.76339399067734e-34,0.121482300306226,0.0229113384392245,1.23526204880971e-05,0.000180899462359294,0.0836614980606851,6.58973121253042e-10,0.00111631851173555
9434,7584,0.93579873576601,3.53985182992829e-23,2.9137998819621e-21,1.33954784064187e-20,3.02320468891977e-35,1.77749823437731e-16,5.27823781883933e-35,7.4157580968604e-29,0.0160412595831156,0.0481600046508739,9.53142592676283e-33,9.64219998290378e-25
12628,11194,0.921315025439583,2.09042383147536e-05,7.50412845628318e-20,0.0124777424544423,1.84317062870703e-18,0.000100512314076303,1.31483474434334e-18,1.30232917242431e-18,0.0028735717428019,0.0558798097264336,0.00733227433771106,1.59746637416448e-07
10684,8787,0.958372068622325,7.16490533208704e-16,1.79199556098357e-17,1.37603946780279e-12,2.27963709732506e-37,1.24349913869109e-06,1.42444193759093e-28,7.28273754631779e-22,0.00494543675756355,0.0365667409307711,0.000114510188824601,3.87753921152755e-21
13738,11674,0.948898263550598,2.31613808165359e-17,1.00676883438624e-12,1.49036099798417e-15,2.59707203502876e-46,5.39309702835545e-09,7.02758891281198e-21,2.19918162615141e-28,0.00174782591427766,0.0493539051357387,5.28025729007993e-12,1.56508664227889e-19
11664,13848,0.000657872890005825,1.85453445967826e-05,1.52323754804396e-08,0.560536215439471,1.54583697600243e-14,0.145959067649451,0.149412633752266,0.0027961540497587,0.0113391126933218,0.0839120624920084,6.21330959663008e-20,0.0453683204567291
15272,16733,0.973777763284343,0.000177518633655413,4.8334015025853e-16,0.00101453649853838,4.52162168332743e-49,0.00271857280600288,3.62136253561089e-06,1.83024326568335e-06,0.0075842966266766,0.0124491121078049,3.70775448095489e-13,0.0022727484368063
10833,14332,0.253338579997938,1.48896761132981e-06,1.28861453817555e-15,0.307617314357192,1.05316095812645e-28,0.13526129202758,0.0569489660395102,0.000150925297670635,0.0173140257225029,0.0895457015128251,1.35667904644103e-17,0.139821706077168
9453,16745,0.938417498099707,3.65179843032964e-05,1.79180851600375e-07,0.00768515792329361,5.09094862267557e-10,0.0284679695424867,0.000520561679686489,1.22172062935275e-07,0.00277684250985181,0.0220772194229262,1.79287375237464e-05,2.23821199135336e-09
14839,8296,0.949697743160784,1.87872409627127e-07,1.10825022773905e-17,0.00362351637841161,1.29677065036304e-50,3.44753755779524e-07,9.99552962314985e-32,3.96522260075317e-15,0.008142440104695,0.0385357675886293,4.63603914582062e-18,1.41310567917297e-10
12350,10712,0.934274750515446,8.84961203905267e-08,9.38452016102786e-13,1.14993048131007e-07,1.70501047822606e-14,2.94661196401029e-05,9.31963025192653e-18,5.57026688640976e-18,0.00361096618381653,0.0513688781417491,0.0107157337833762,1.76584821127792e-09
16643,9498,0.951700052932307,8.3030891342317e-08,1.06362424743945e-11,0.00519684361717525,1.06655959913889e-48,0.000875245200195106,2.6193947815548e-05,1.22474749244165e-10,0.000660779372904854,0.0415405758672545,2.25889747820399e-07,8.59790742723316e-12
17349,16006,0.972922166776755,6.81216457207775e-16,4.74775810825061e-10,1.06650844710589e-09,2.14613680355845e-21,0.0100891014043581,7.93927124884552e-07,4.16954644562923e-19,0.000807608964896928,0.0161803273855801,5.17399414140958e-16,2.05137953002515e-26
17473,8532,0.862880793986367,0.0238184086309895,6.02790695605834e-09,0.0271889469668153,0.0013423414633542,0.0253190025163984,0.00751754059048585,1.11745960692674e-08,0.00377488108008248,0.0466170679144013,0.00154099964072707,7.87551152949261e-12
9443,11923,0.93637239561361,2.11826864919332e-08,5.97910886511691e-13,4.35274575951447e-09,2.42674447508615e-27,3.22975357741482e-05,5.35100383371194e-25,4.28631722662699e-21,0.000516405806397849,0.0554615502482343,0.00761732525994474,8.4818065260632e-15
12483,7578,0.893048792359034,1.44148778534177e-05,1.37855155343781e-14,0.0317518121550963,3.65481938556632e-33,0.0318504616220237,4.51616450557274e-05,2.9589285928745e-11,0.00509950496643639,0.0381815576662443,2.74383196263888e-08,8.26724033314811e-06
9450,15299,0.947457742653906,0.000103218465539683,1.65680981312093e-14,0.00183173513602723,2.8741512562263e-09,0.00262171133887586,7.19484774554337e-08,1.14928488598228e-10,0.00834118230688783,0.0272426371321366,0.0124010637419996,6.34287053429538e-07
12362,16498,0.948185792679278,0.000929151976394889,2.7903794260724e-09,0.014239608471465,0.000395983935138119,0.0239267588685517,7.73727603757898e-12,1.18046748690022e-06,0.00450531132742878,0.00781349565233787,4.77553818222257e-10,2.71334624842752e-06
16095,12392,0.942998033135716,8.5635318203006e-20,2.13166625553282e-17,1.70069516346959e-17,3.0105708981391e-38,1.01664122052133e-09,2.13611096032218e-20,3.34021908793973e-29,0.00193700025103292,0.0550649231890132,4.24075970128128e-08,1.70395922640333e-23
15823,15286,0.973895832720401,3.12064082321993e-12,1.33479170702076e-14,8.3166353661792e-08,2.44632121808922e-16,0.00107524752139598,3.73990235037205e-08,5.18501692596866e-18,0.000652196118974579,0.0229664392941528,0.00141016377615811,4.05686781032592e-13
8197,12649,0.884173984589127,4.64093406700036e-41,2.55324754783141e-36,1.57108318623594e-39,1.12131185977078e-87,1.92073564499422e-19,3.79497198051806e-48,2.22909640708554e-48,0.061439675163331,0.0543863402475415,1.35623063814148e-37,2.72463632969377e-49
15822,14321,0.93166254864727,3.20204915076045e-06,0.000169158663940016,0.0238748085955683,0.0057104301683726,0.0168582384156261,1.79097244466849e-05,1.96958104005514e-11,7.11208361093576e-05,0.0186841391689342,0.00294824042243283,2.03288453090588e-07
15250,5643,0.967547832296076,1.64824756045212e-35,3.0939015711265e-23,3.38465649738213e-35,3.58565048628551e-63,1.43123174638405e-10,2.9272469379087e-41,3.15238369993311e-42,0.00101615564453618,0.0314360119162645,2.6327996797152e-21,7.02196980356138e-41
11510,6374,0.952883094356639,6.43577300220631e-11,7.27206443002766e-17,4.26098563124287e-08,5.24973397588296e-43,5.99603944778713e-09,2.56341878032085e-41,5.83507959399287e-22,0.00267601306021668,0.0444408439128912,2.21535057322891e-22,4.55737473874203e-17
7922,13614,0.584647190396477,6.00955434362616e-08,3.01729350316207e-42,0.191770401965733,1.51395466513233e-42,6.80950254558021e-20,0.107726539180112,5.16306309224561e-11,0.0625369153208101,0.0533188929580706,3.7459179067873e-40,3.1623209012853e-11
14146,8056,0.921075860512555,2.04741232496677e-31,9.69205826369452e-27,3.19550613968284e-27,1.50860619818753e-46,1.21973801560597e-15,1.73561168836895e-42,2.74419490740576e-41,0.038738116374932,0.0401860231125115,2.41943614994265e-28,1.4936167686447e-32
9153,5656,0.94736566231083,7.67698257636788e-15,4.22243126268138e-18,2.03122050524955e-11,9.81108898616245e-39,5.64551795314784e-12,1.62327495304246e-30,1.43473208852002e-20,0.000468610431227725,0.0521657272319765,6.05735774359411e-22,3.95504295053684e-19
15531,7571,0.946786250276178,4.1337708437544e-08,5.76812400386975e-09,0.00154654266420815,8.03078434151936e-25,0.00898474363389789,2.86247695821162e-08,4.06940889033886e-17,0.000895888696691883,0.041276474087601,0.000510024905934923,4.88619055096767e-12
16796,16489,0.95605556689591,1.76254408427480e-09,2.60006718167984e-15,6.74557599879669e-11,6.86554515097418e-28,1.27318994185374e-05,3.87415264558366e-27,4.3188524293165e-22,2.1067194832474e-05,0.0322293367651458,0.011681295414691,1.63830941622982e-18
17617,11666,0.9481933645861,4.38252093873973e-11,5.31534584273549e-12,1.42392579194641e-15,0.00177600805452402,2.90112587919335e-06,7.62362785136169e-23,1.4101188479434e-25,0.000151327021634658,0.0496274010531384,0.000248998109581282,8.74622125080936e-17
9442,11441,0.940001311722426,1.45760254198342e-25,2.76170391350203e-22,3.45051640970067e-23,1.17896590467132e-52,8.96293789776252e-12,5.61137213975064e-36,1.71001752916782e-32,0.00419771655990304,0.0558009717087074,2.82034917400133e-16,1.11635467339576e-32
14439,15771,0.942438175407368,0.000350054628853868,2.87804102879704e-11,0.00762475168102146,4.43397472828771e-09,0.0295068705829461,1.17187262817922e-08,9.05446107527801e-17,0.0125627659082141,0.00725586630571925,0.000261485394290165,1.39101053972557e-08
10966,11197,0.95688075690306,1.47925462938988e-06,9.51842433473713e-11,0.000686112878729669,0.00238932116303913,0.00149938622886693,8.42792492329962e-16,3.05996097038425e-13,0.00942597578930788,0.0291169427771351,2.48556177054675e-08,5.41233515024002e-11
10272,10957,0.947367268356542,2.29592197615516e-13,1.01620778514166e-24,0.00573203669498084,3.20585691466115e-51,0.00242262143106472,2.95085356560227e-21,8.09135133816744e-24,0.00564575550083355,0.038832318015598,7.51576860811532e-13,2.09599753495542e-17
11113,15777,0.919675023120243,2.77233868130483e-06,9.40091113157713e-20,0.0284557854941286,4.55913478997132e-47,0.0249124882889937,0.00514593589644517,3.8992636347976e-09,0.000168320966961302,0.0216363966007005,2.24331108169079e-07,3.04906347458818e-06
14160,14807,0.814811547154774,5.85598864142224e-07,3.41842885722889e-19,0.0862948637961325,1.50016987116038e-47,0.0372531318700806,0.016336988807392,1.27830099128311e-08,0.00312104297292639,0.0331870281349016,6.56032051287582e-06,0.00898823856140605
9723,13369,0.932704637878541,3.26359919984451e-11,6.8859543187478e-09,2.91675720577891e-14,4.41612208346768e-13,0.00168945238290293,2.46624993084619e-29,1.60605911187279e-21,0.0064261325425765,0.059179681249439,8.90274791763687e-08,3.96341354853477e-23
11644,4204,0.957291802109512,8.51908088074051e-38,2.36628690778513e-22,3.81589219290512e-38,1.07919624896526e-66,2.21377393929626e-10,1.9224114079477e-58,1.36455327318165e-43,0.00434267969378114,0.0383655179753298,2.178946066298e-18,1.91229582213527e-44
15551,17697,0.883920155691376,0.000143029612109203,1.91319816364667e-11,0.0358881691235592,3.28276621557232e-12,0.0147831695788004,0.0158614972680526,8.50465094118575e-12,0.000261255925208182,0.0275034165755678,0.00954509496291896,0.0120942112314882
16089,9499,0.891177250316005,2.82780798571855e-11,1.46817659829239e-13,0.0162855919884738,9.87163484018974e-60,0.0436844003244456,3.92254265765827e-26,1.01842514218244e-14,0.00232475360880691,0.0465280035379768,1.6948357346742e-10,2.63735968772531e-11
11662,12883,0.902589864833771,3.52883006081134e-09,1.70705698210074e-15,0.046576193557718,2.2581334463641e-52,0.0128023388484851,0.0110804533840337,0.000745242919996866,0.000116130546626059,0.0257955792223058,6.70277651636099e-27,0.000294193158232105
10559,15779,0.960821752203836,2.20159973341727e-09,2.80340701328527e-20,0.0183679518215634,1.2566187312662e-35,0.0093414131753234,5.93052829920965e-07,5.38355338699796e-12,0.00338977356915362,0.00657809078886369,0.00150042318144617,6.44585728037963e-16
12218,13847,0.914543119992713,1.60255913360928e-06,3.33888051935633e-14,0.0273708547936943,5.61892908787594e-08,0.00661867425685939,0.00542880831477507,2.91402096966865e-06,0.00433845902937483,0.0380028709398768,0.00369261642353283,2.34797465636397e-08
11252,15536,0.851807344285708,3.28220137178445e-05,6.02577276945175e-09,0.0478557916526366,6.44944829950327e-24,0.0561171333468875,0.00591347088589658,2.78372940138802e-06,0.00107007260615957,0.0251003396904879,0.0066084454009117,0.00549179036241984
10400,5412,0.928121473043296,9.6994545344951e-27,2.39443201597527e-20,2.48667381246852e-27,1.15134654432173e-33,3.33394613047353e-08,5.97320580435326e-34,5.53634136087566e-40,0.000829716457782505,0.0667466945811671,0.00430208257829289,2.94888566024463e-18
9590,16022,0.933228072967693,5.00122291742176e-07,3.58717875316973e-12,0.0142494416139312,7.00919439625238e-09,0.0267537709254989,0.00543151451341717,2.23255719691234e-07,0.0026912944742787,0.0173101694613669,0.00033500565296712,5.38695681228847e-14
9991,9029,0.943816127165705,0.000224842514641623,1.12037875955267e-14,0.0118011255423084,1.45376960619834e-11,0.0088050690413258,5.0065068925071e-15,1.67213927587145e-19,0.00200380169802264,0.033349034023441,6.73918043431389e-16,1.13685878558309e-15
10137,12645,0.947519664643005,1.0752746914914e-19,2.12255061780972e-22,4.82356059891223e-15,3.04327747171991e-51,5.29401909614551e-07,5.49938655771422e-44,3.0691936727211e-26,0.0166962701569685,0.0357835357981123,2.13915689683202e-17,3.08451028817777e-23
11799,12160,0.925588153170171,0.000500237998447103,6.08466598453756e-10,0.00933203912686308,0.000777294614581104,0.0110045452769886,7.60525988353952e-18,3.37911909853366e-09,0.00680148916056225,0.0459962190403752,1.91766026382583e-10,1.74326596242858e-08
8054,9997,0.956356034591515,1.62300441830181e-29,1.32199933160836e-31,5.20299686127162e-27,1.72590316358656e-48,3.49112482221195e-18,6.70200673261307e-36,3.54459042274294e-36,0.00134481073273348,0.0422991546757519,1.26209146520691e-39,7.99455551225028e-32
7499,9999,0.894354671676157,1.02459502962707e-08,5.31275370095181e-19,0.0291723801216535,2.31842566439212e-13,1.81760722881054e-08,0.0183491186264035,4.99950819033818e-14,0.0123355538085053,0.0457882473439883,7.56677845884763e-13,2.31690834727357e-13
9719,11441,0.94184369853298,1.13504710310708e-34,8.28687267775053e-28,1.79996400436194e-33,5.0127188776687e-45,1.75039429628112e-11,1.06346085679121e-56,1.87279366788708e-48,0.0274099222804633,0.0307463791690529,1.2899686697121e-27,1.65409131698915e-48
10689,11198,0.948293574253925,4.01454014939148e-20,3.23646696385225e-22,7.87737966356233e-14,1.22965653988297e-76,6.19071378720453e-07,1.22824191960339e-19,1.00983410576209e-20,0.00610610578462092,0.0455996479404062,5.2949590222503e-08,4.14631209319726e-18
10834,14814,2.31086623451333e-14,2.02945528881079e-07,9.79488868881438e-25,0.741447367455029,1.31027555732467e-36,4.29721985754449e-06,0.0902740649137541,0.0751405699095051,6.5408610620034e-15,0.0397868719268931,9.23034145283756e-35,0.0533466256294027
17059,9738,0.96011556412809,1.86395090259692e-27,4.85042374244753e-26,2.74121646107147e-29,7.53288419164443e-48,1.42184085706154e-12,1.85337153603314e-29,9.76713389320876e-41,0.000502720525139225,0.0393817153453492,1.38123162952512e-22,1.1527963615455e-25
14143,6610,0.969586674262711,1.58902956259033e-11,1.70093815311259e-15,6.11287336091739e-08,5.45334248522646e-53,4.01734886116631e-08,3.0520013548136e-18,1.40760301164123e-18,0.00104498491809506,0.0293682394076252,3.80867041250052e-14,9.34164127555795e-11
16935,16730,0.914901271207961,0.00010799642998548,4.02699108695329e-06,0.00015424448454919,0.00262895253997363,0.0364689273071112,1.45648126485338e-05,1.96450375622114e-22,3.73068241767297e-05,0.0273479445999539,0.0183347648025534,1.49677269016819e-21
8482,16506,0.928682142713209,0.000895780937354621,6.49247397773161e-09,0.0272535495207039,7.41715922461818e-33,0.00848788626113884,0.00615195435116798,1.66405951838675e-10,0.00163778568924456,0.026890893868301,1.28959708339899e-21,2.52750750599209e-18
9173,15299,0.950803019596981,6.4614273450125e-07,3.48107642876968e-17,0.00309779284616407,8.82518304859042e-26,2.34377966657732e-06,1.13843514871822e-05,1.01542890522532e-12,0.0120290330719907,0.0340557726895982,3.12846475043156e-19,7.52036220508183e-09
13866,6610,0.945244863170432,3.07691479334839e-23,5.90618510759125e-28,3.96169420082103e-19,2.40716525559147e-73,1.0794501434719e-10,1.30842814647486e-36,1.29244197612827e-30,0.00791758983375433,0.0468375468878682,8.93052642689474e-18,3.16358870851064e-18
9035,15541,0.73897273620402,7.79832542494301e-07,6.66027138224183e-20,0.132963157824903,8.79553603585501e-11,0.000690522309227541,0.02989995395721,1.85657282506444e-08,0.0794340761672887,0.0180387533931145,1.41784214925112e-19,1.65800963507299e-09
8757,15059,0.941740055302445,0.000221633338325752,5.64210034354265e-21,0.00332059305881316,1.05494565176729e-09,8.72962923460542e-05,0.00167994242430691,1.24452050105847e-15,0.000193653452901049,0.023310254042082,0.0294428387951097,3.73223872392733e-06
14705,10466,0.899867297330369,0.000554458498126729,6.66376294121577e-14,0.00923527710827108,6.69551633374869e-12,0.0089567529507702,8.67756893049863e-09,2.66000871584833e-13,0.00070876867630478,0.056377978925351,0.0239951994325389,0.000304258393671577
15949,8776,0.959266094998564,1.41477612259083e-29,2.56373084273331e-16,9.02453522099237e-36,1.51443367173953e-22,5.51551171557338e-05,2.79314974968954e-33,2.78846740121338e-47,0.000590106646528127,0.0400883991817184,2.44056033325661e-07,7.69785623009869e-41
13871,9021,0.957732943349057,5.41283961627982e-13,4.89252824331058e-23,0.00504118841896036,2.08409993286374e-31,7.66527310003741e-11,4.03146795352382e-12,8.69632804646682e-16,0.00325878141990015,0.0339670867308548,2.70026201578333e-18,1.04843508563139e-15
16519,16490,0.970864064389547,1.3871793782865e-16,4.48725670213188e-21,1.36800114415185e-17,2.3037198861516e-22,9.35321149072985e-06,2.20400987006782e-29,1.40133582112117e-27,3.29174945539338e-05,0.0290936623539549,2.55045343159261e-09,7.19413390106219e-24
13168,3960,0.932808736082116,1.0245304771532e-11,2.11915214062273e-23,0.00845340444825967,3.97663519567036e-66,9.1785338952328e-13,2.34189651680289e-29,4.90286261943362e-18,0.0117283087654725,0.0470087094278858,7.45332071652248e-33,8.41265102627607e-07
12778,16739,0.951446573703664,4.88205030704734e-10,3.46166841368151e-18,0.0314978222866121,1.18739815188061e-45,0.00669691750946127,0.00162750685249028,2.8886673047773e-10,0.000484812326466257,0.00824623811402331,2.48131456534802e-12,1.28427729964061e-07
15119,9260,0.948327668186269,2.77693667367203e-08,5.50420904276949e-19,0.00885173101348861,1.8529676053011e-58,1.23975805581312e-05,1.375716601828e-10,3.79435250327258e-13,0.000158741461238552,0.0417482357867169,0.000901163514129299,3.45502813286549e-08
17061,10703,0.833253645129603,2.01847169874546e-05,0.00115458041686588,0.022455863920729,3.53193610417905e-12,0.0658492660116699,1.42843855975599e-11,1.54996147828358e-16,0.0057787992751752,0.0485413621785598,0.0229064008207158,3.98975118781292e-05
9983,4690,0.943302184059319,3.8759283851516e-23,2.4713246031473e-21,9.15110593656688e-21,4.22898899401178e-51,9.69846323872196e-14,5.05187483381577e-28,4.14088561184431e-30,0.00169012081387482,0.0550076951267092,4.71667517205511e-21,8.99675809828742e-24
15961,14562,0.949455059205246,1.40140334046615e-10,7.34541040094518e-11,0.0117684484673281,5.31707035957844e-24,0.00374002155936015,0.00987468889660726,1.09108037343377e-16,7.81289695671858e-05,0.0208177911073539,0.00426573946276119,1.22118181380307e-07
10268,8546,0.933045472803236,4.84636164121333e-06,5.88427204087829e-15,0.0122637690281653,8.37500648848125e-32,2.20986273736887e-07,8.55248992781548e-10,2.16375091743565e-13,0.00295934962680526,0.0517263399752065,5.40284474413346e-15,3.63195823949267e-10
10000,13369,0.680095695782032,3.67308526835355e-05,4.08259069485214e-20,0.216036433428788,4.17153682973404e-48,0.0255328769957273,0.0354720347437347,0.000426463503704748,0.00605718355481104,0.0362587459110962,2.82907890656246e-17,8.3835227422497e-05
12614,3961,0.906903806425515,6.37751475256318e-26,8.5848623630727e-24,5.48028834157353e-21,1.21558230345851e-70,1.56633018845427e-09,1.03244923003106e-24,9.30194832869548e-39,0.0361955252595294,0.0567103980853614,0.000190268663264114,1.77683180214825e-29
16102,15767,0.897217135390839,3.03353940374922e-08,3.50493284205491e-10,0.0148320711299115,3.51000013371141e-17,0.0631957959932076,6.75919422527327e-12,6.26317307801293e-17,0.000314911716457789,0.0244396360500874,4.19026850460934e-07,3.86805116836798e-19
14985,11912,0.893331850898047,3.33292358803994e-05,1.34813182966068e-25,0.0495412147000032,1.27183720576581e-48,4.2344869855234e-07,0.00458795591348787,1.89253351106284e-14,0.000975714214936398,0.0483047537003625,1.484519520395e-15,0.00322475788856346
14426,9502,0.943465681600579,5.45009933292339e-06,3.50605802069204e-14,0.00889020411912449,6.5834810007355e-32,2.13533374406693e-06,1.30840644048925e-10,2.46548218214395e-17,0.00310031437688171,0.0445297483021557,6.29389207882825e-06,1.72145227980555e-07
17757,12389,0.844549268134175,1.18025605579808e-05,8.89333058211452e-13,0.0480613541292605,0.00393402365491129,0.0183560418249334,0.020753561948289,2.76605707425194e-11,0.00284476231986485,0.0407034079863882,3.29326770882767e-08,0.0207857444803926
13327,14326,0.884429456645664,0.000110275724504334,8.79713652531674e-17,0.0375286986876153,1.51940992181576e-32,0.0295395711366745,0.00390526502251267,2.67875823886118e-06,0.0188825945251901,0.0253949971903418,0.000175809070501803,3.06532387571168e-05
12073,10713,0.904362370016922,0.0125061002483179,7.75630074222098e-09,0.0141865091678589,6.54092896658566e-07,0.00794261579240514,0.000953944921765226,9.75052250234716e-15,0.000188585962758022,0.0525778161687882,0.00728136315202812,3.27199487681721e-08
10545,8546,0.964234297198459,3.11382280817112e-09,1.13568937174399e-15,6.57827312170705e-07,2.74055586987397e-21,2.66830384488136e-07,1.08140290218261e-15,4.73266217475986e-19,4.16521474654955e-06,0.0328444733983341,0.0029161364168749,6.35588401597794e-14
9724,13852,0.957451293277321,1.6275644389638e-06,1.37893170588095e-12,0.000680882971647611,1.55227511301297e-24,0.0087423247272683,2.547405650317e-27,7.83954673626357e-20,0.00320295232061218,0.0298988189259699,2.0888331352636e-05,1.21188001057629e-06
9313,16022,0.87206200625754,2.47352640004344e-09,1.54183839896853e-22,0.0643306121671859,0.000104003275618115,0.0432142257498463,0.0112525175613042,6.00624152479553e-13,0.000334485847981845,0.00577285102834532,0.0029292956316661,6.38479814311049e-12
10693,13609,0.862068725099604,7.60032723678954e-08,4.8076357052702e-14,0.0565793356288424,3.67081411607024e-46,0.0104157782023035,0.0194907967809272,9.87049545355013e-09,0.000210883027392395,0.0451188464872062,5.56656106429721e-10,0.00611554834325266
14421,7092,0.918308529923752,8.52591537185955e-06,1.38633049522137e-16,0.017749685314103,2.09567700078341e-50,0.014486224708858,0.00476924275497644,1.76596399524767e-10,5.78561113813267e-05,0.0421522786621001,0.00240650473866548,6.11516941948797e-05
15952,10223,0.928289338370019,2.22750179944917e-05,3.50881849642655e-18,0.023347298170276,4.15943326399555e-32,0.00166084006468031,2.72421942984804e-28,5.79716604618588e-18,0.00226055528204529,0.0444196680279473,2.49918477569793e-08,7.51901806513556e-11
10126,6859,0.964047092116336,2.98220819665971e-29,3.9200035114939e-29,4.17292019418307e-25,1.01701348602024e-69,8.1991312815923e-17,1.32243533007187e-41,3.58623003453526e-29,0.00192204456270452,0.034030863320959,1.53081139282222e-36,1.84140060591396e-31
16504,9257,0.94202630967013,1.37487466023315e-08,1.28397912919774e-23,0.0013785711095688,1.97645165333993e-42,1.15642108383204e-07,1.20998825261766e-25,3.18833488396187e-15,0.00212393813344726,0.0544710442221152,3.48093774192744e-09,3.99294304464618e-09
13608,16255,0.915228390840483,4.89439212053827e-05,4.89913768956629e-17,0.0255559663338658,1.61027035914652e-25,0.0290992411667544,0.000699132908263223,5.63748344885913e-06,0.00210741539918008,0.0229088397037951,0.00408765031925396,0.000258781923749593
14568,11190,0.910140732311778,6.30983895018547e-06,9.3016519860657e-21,0.0101605382852614,1.37264892789533e-32,0.0305592617046233,1.20325491827047e-18,2.53852493526023e-14,0.00744858625644986,0.0225079878441935,0.0180821872447027,0.00109439651401536
10975,16019,0.93719840893933,2.06135356808611e-09,1.89050540674493e-08,0.00169825980028572,1.80285337642568e-19,0.0414547472044175,5.28019700864565e-14,1.62561106466462e-10,0.00142281625695527,0.0182254769184424,2.69751547520384e-07,8.57541115768278e-18
11933,9990,0.928213300687106,1.79058140168494e-16,4.50762017589606e-21,1.10936331678414e-11,2.09196379220828e-33,6.58767663343888e-08,1.02822071817036e-31,7.01451715441452e-22,0.0064332074969745,0.0526574108224713,0.0126960151055885,3.77878842932824e-17
8620,16265,0.974114978549499,6.17753676249867e-17,6.08798906452957e-18,6.10126660718385e-18,1.80804443093859e-40,0.0120812047111751,5.29927984356871e-22,1.1078922459308e-31,1.95683162882294e-05,0.01378424739416,1.02887799237722e-09,2.06634652413591e-29
9316,17469,0.953339229960042,3.04414584110285e-07,9.6724252463485e-14,0.0181188661458376,5.94151846202048e-13,0.00579094823305079,0.00207080300124065,6.78327248787935e-09,8.31711728755948e-05,0.020071882639315,0.00052478764907636,1.45372365921371e-14
9995,10958,0.923136714857084,6.63788708397903e-09,2.33081147753534e-21,0.0137117266530883,4.35072468610815e-48,1.28765062313839e-05,0.0012552412656705,1.31037994402194e-13,0.014289429938442,0.0475935511170446,2.20864070636405e-22,4.53024420814054e-07
15958,13116,0.960094265508339,6.58348802282012e-10,6.53438257722485e-22,2.45771111867191e-08,5.58476923791081e-37,0.000680686343412389,4.90916474621168e-21,6.33361149093702e-16,0.000406449942318443,0.0269210132147578,0.0118975343406439,2.54150682892473e-08
9853,9271,0.942426353056351,4.48815238265585e-05,1.81418750464226e-13,0.0064408624194975,5.08646788977016e-24,0.00304175922422786,1.82837588204878e-26,3.23222497412987e-09,0.0014362307065674,0.0466099089825707,8.41719377365146e-10,1.28335438512448e-11
14000,4440,0.965950417973374,3.04174482707872e-11,3.39267235424559e-23,5.53613543036502e-11,6.35111240491467e-24,2.33029648854119e-09,6.73984257618535e-30,2.4835828550763e-30,0.00065110287578501,0.0333984767347658,1.53989250349802e-17,1.38701853188913e-16
10537,4688,0.940070797793715,8.52998994652043e-20,1.76207298488911e-19,7.73741762290186e-21,3.90145600841604e-44,1.19200192488537e-11,1.68203718096391e-35,8.97843422256836e-30,0.00157290970830463,0.0583562924860601,2.20369639677286e-18,1.26776494705671e-20
8739,6380,0.939393233928073,3.99696035214871e-14,2.76458584835777e-18,2.41338543365038e-11,3.86872611752162e-33,1.39860957252264e-12,9.26271448629536e-26,3.16103751203103e-19,0.00310181039077903,0.0575049554511941,2.21934741516066e-11,1.82187770154954e-10
10971,13608,0.0394910362055483,8.42324443973536e-07,1.7587796659111e-16,0.491385053408682,8.69287348506451e-34,0.149903090472455,0.105749531425511,0.000100995674201993,0.0311504728971229,0.145173276884259,1.49501323722194e-09,0.0370456992127626
12084,16017,0.864356081718972,1.37149034037382e-07,4.48006877722175e-15,0.0524253089402317,9.59494078797737e-41,0.0544516898658875,0.0102694182370579,7.24304419207847e-09,4.46104241459265e-05,0.0184501386891945,1.11875627428972e-07,2.49585679993127e-06
9038,16987,0.862435935435553,1.98228913514743e-06,1.74483259387684e-11,0.000168531674267469,1.66955587580212e-07,0.102551869100123,2.40805574706242e-17,5.15828273398486e-18,0.00105830704441611,0.0296743788972158,0.00410882858625393,5.72156236193759e-17
16785,11185,0.892138317525812,1.50419108935098e-10,5.59278076874991e-17,0.00744015963924163,8.26309625478293e-76,0.0384120520578792,1.71775184558938e-18,1.59670019566025e-17,0.000286279075895672,0.056869139158533,0.00485405237332197,1.88975242169275e-11
16229,10222,0.947219686768638,2.33494378229379e-06,1.09033940590048e-12,0.00876516696702167,7.73870185097015e-39,0.00174588749695201,5.15193353988622e-13,1.85844961714138e-16,0.00251164943973606,0.0397404606575999,1.47702554402005e-05,4.34692243840315e-08
16500,7328,0.946294732311268,4.70814364557384e-16,2.35007176066317e-20,3.1635876617612e-18,5.55367651386804e-42,5.14038227687036e-11,1.3493642072346e-23,2.39960781492967e-28,0.00963566953861525,0.0440695980987128,1.20105263199319e-23,1.11827498287296e-18
13606,14808,0.833577576356077,0.000137292199031813,1.43600544040068e-23,0.0894567274129862,4.04556967478914e-30,0.0120082258821852,0.0135214806511045,7.98570335787183e-08,0.0179457609217631,0.0113203035889289,0.0148097274120227,0.00722282571886678
9847,5895,0.955251089428835,2.41377934846324e-12,7.70884900362714e-24,0.00309535099367641,5.95819993271138e-82,2.35072693893902e-08,3.05343274402972e-29,9.88933780108465e-13,0.00608097377950002,0.0355712371120296,8.01937939873343e-13,1.32517448526026e-06
10005,15780,0.945526877734834,9.15039912424109e-07,2.74639317639132e-09,0.00774406581236498,3.05945696358163e-25,0.0266993673752886,0.00642656805318695,3.15362569919946e-08,0.000509602384866751,0.012871558620598,0.000221010696187637,1.10444563015561e-13
10122,4930,0.937629722361086,8.48695036676091e-05,7.8551910295877e-21,0.00267814175745433,2.37647898531274e-53,6.09300914660601e-12,1.46409817752586e-22,6.87692769313097e-15,0.00286727842284932,0.0567053619061045,5.6278167499525e-31,3.46260427384468e-05
14837,6850,0.942203807604651,3.23815517924113e-14,1.01748217318238e-20,5.80372062700375e-07,2.03573173860229e-44,0.00455542284824046,1.87635291064487e-23,1.71809831383554e-23,0.00794939235696619,0.0266624135368346,0.0186283832811427,6.96459383769719e-14
9433,7102,0.931689718600923,1.31390521674412e-06,6.61736917477814e-11,0.00539814875731585,3.65495625779373e-46,1.74828561871208e-05,7.32677165546893e-28,6.38395128567258e-15,0.00847247810879253,0.0544199691120868,3.21957750545481e-11,8.88561101767267e-07
10967,11679,0.947675551074471,0.000735725585038171,1.17643804629069e-09,0.00656655572828061,2.59928006472735e-05,0.00187261290674212,8.0642460574541e-10,4.34336460542203e-14,0.00569123897932646,0.0343836325210387,0.00304868841403642,7.51284455397625e-12
15131,15528,0.945259889066118,0.000365118739048593,2.08292525345392e-14,0.0123482021806705,9.3049989140124e-17,0.0063890188621888,1.35677128932506e-20,6.62205326957845e-18,0.000579937594298727,0.0197240514185011,0.0153326287767959,1.15336235774455e-06
11097,7580,0.920310044639705,0.00161283907148706,1.05329958759077e-07,0.0104822376596214,1.67003566285611e-23,0.00432335523069288,0.000100398219541587,9.81473382342032e-11,0.00159408151600514,0.0500331514718413,0.0114915620263457,5.22247366537383e-05
10128,7823,0.908039346920425,0.000106396763918498,4.61826687711284e-12,0.0149955846098586,1.1108456458394e-05,0.00710830819767744,6.50600625850745e-14,5.25891003590097e-17,0.004449687070369,0.0457587814481285,0.0195185051783314,1.22813501497981e-05
10410,10234,0.978008642227843,1.93205195670568e-13,9.00672602843644e-14,4.27191369218615e-15,2.78101251989463e-24,0.000158957156589712,1.29905237013058e-22,9.43504928911314e-18,0.00189876150596115,0.0177470233840029,0.00218661572531524,2.33298859649882e-19
10685,9269,0.964634823510145,1.66130956852366e-08,2.90999759247222e-22,0.00752505517403673,3.19294300955459e-30,5.06130999573891e-08,8.42458344980202e-11,1.50117717935843e-13,0.00168823479584193,0.0261442231659956,3.23753968382728e-09,7.59280584933199e-06
10687,10233,0.948988701352711,4.85328353029106e-06,2.26378602428838e-16,1.84499730922463e-05,1.18048863424688e-26,0.000284713313930496,4.86287327220157e-12,2.15101322874601e-19,7.03962261329719e-06,0.0490925643470257,0.00153188927909489,7.17888231388274e-05
17201,11426,0.899300832982179,0.00554330602563332,1.21282145230886e-08,0.000943369131852487,2.08337453553606e-12,0.0482605975977797,1.91640905666806e-28,4.03934082480766e-17,0.00110642912756433,0.0448453986298625,5.43748304087249e-08,2.84925371416634e-16
15390,6366,0.937605882417524,3.01846237983123e-47,2.55943856271944e-24,3.58319799911876e-49,2.47489313516892e-42,6.28213151039417e-15,2.61002277702124e-54,5.80753209893841e-58,0.0102151951268739,0.0521789224555956,1.03839220129772e-30,8.09332041173699e-51
14009,8780,0.925819876613899,3.66352062113075e-09,1.12189855524665e-26,0.0170987623626831,7.2967818978096e-47,4.47322913997161e-12,5.47787863607768e-22,2.06167025161606e-14,0.000439020618719065,0.056642335973705,2.26703109362917e-23,7.62979051371664e-10
8896,15300,0.953616453491081,4.44822060150284e-07,1.33919431614673e-23,0.0120587491426735,1.51501441245762e-39,1.86373028802275e-07,1.39806591117727e-21,8.5160317612455e-15,0.00757617053331434,0.0267479871626379,1.42610906936882e-16,8.47519615675658e-09
15953,10705,0.945928566585878,5.46659802674628e-11,7.95686060267135e-21,0.0140419319649817,4.85511292400869e-61,1.60533808307941e-06,2.11811719100614e-20,2.56545203953121e-19,0.00266915197251988,0.0373573440576361,1.39989614956929e-06,1.30085217218051e-10
12903,9747,0.965282084647629,4.32559211298291e-19,4.1241547492519e-22,5.82367089027352e-16,1.42091049562416e-32,2.88399635116978e-09,2.63921124348693e-35,3.50109072913132e-36,0.00774051816497009,0.0269773943021858,1.21764341957916e-12,2.00014997392445e-16
10554,13368,0.466418061702256,2.53270545525368e-06,1.72314961075479e-05,0.327284425737714,5.23455632959343e-22,0.0920295844381576,0.0294038679869469,0.00822965897409328,0.0137374812524865,0.0350589128354965,3.89238309784782e-06,0.0278143504881882
14575,14565,0.92167401846595,0.000208587254826887,1.00564624038906e-05,0.0058980487081204,0.00153417340409935,0.016702976787579,0.000286440942497265,2.03469315988732e-10,0.0017051398389143,0.0359885007146907,0.0159854806693109,6.57654813840652e-06
11517,9749,0.91929347096866,0.00155524589526721,1.84765022885715e-15,0.012726157887477,2.3029466450218e-21,0.00479976908442919,7.6465155452023e-20,1.79095552881396e-20,0.00424584027377728,0.0439224621214332,0.0134555008758064,1.55289314781583e-06
10678,5894,0.904864569983576,1.45417910052436e-07,9.23577426881788e-18,4.93951875571022e-08,3.39860669090309e-14,9.2733747996553e-07,9.50982846195685e-25,5.83867149031865e-20,0.0285119071646865,0.0556664245483744,0.0109559751724591,9.80292274576046e-10
13448,5406,0.926931797598246,3.21045929594535e-50,1.15792082081148e-36,1.72292024794148e-49,3.88856959801485e-67,1.76944123425518e-24,1.1169236500603e-66,4.55487581437072e-56,0.00872431582083031,0.0643438865809243,1.3724333847568e-46,1.33214739480555e-50
9018,7344,0.892417600455651,0.0201005700595825,1.03497696944414e-11,0.00757027802023324,1.58032352367095e-14,0.024533542951333,1.29676764969673e-10,2.01652378895847e-14,0.00230503920768868,0.0408716485353947,0.0033089835405214,0.00889233708953288
10958,7340,0.927751922836753,1.87979787787056e-06,4.50472182312917e-19,0.00799250600965726,1.82083713770552e-40,0.00174758477115584,3.60853804506757e-05,1.21758700299833e-12,0.000362937775157416,0.0451791486579882,0.0169279335164213,1.25332112780633e-09
11654,9026,0.945261124578792,0.00319510581935114,1.12849089432525e-18,0.0132410742966139,1.23174690632347e-13,8.54435918470908e-06,4.78375705287664e-12,6.01634177865412e-11,0.00166586068615759,0.0323439537612268,2.12192215927545e-05,0.00426311721201046
12361,16016,0.86959055244427,0.000990292501710526,0.00179237832159342,0.0230650300573496,1.68293219343123e-24,0.0550072291158656,3.26537205430614e-05,5.08877173067685e-08,0.0226046622296321,0.0268648823410537,5.22683794525495e-05,8.1247961477763e-13
8758,15541,0.910017641064079,0.00474993303808562,8.78016306456667e-13,0.0297011826218899,8.26621522532445e-05,0.014221802363888,0.00958488089209628,8.38211357333327e-09,0.00134812605502832,0.0302448048780355,2.99322425990411e-05,1.90263090534041e-05
9711,7583,0.814057573960281,0.000313579909720208,2.96886633078547e-10,0.0483615177426801,7.84130141210203e-08,0.0240097441021145,2.02717805445284e-06,2.86492944604086e-17,0.000231428441906506,0.0679312522021385,0.0449730139160181,0.000119783837186066
10412,11680,0.961267425131032,2.30416792426761e-19,7.17820669177924e-21,3.72964007377814e-21,1.17895633843548e-42,5.47627245986879e-07,9.50475996977167e-38,2.4652754561194e-34,0.00229696187498208,0.0364350653667396,1.63808306963045e-16,2.38064971985452e-31
17624,15041,0.978998805602645,1.79728172161507e-10,1.6231265212314e-11,1.38043362255185e-11,7.52534416650351e-20,1.26927701213337e-05,2.10491362698501e-12,2.61358035611879e-16,0.000359786629212061,0.0206285028638278,2.11922324946629e-07,1.28605207532357e-17
17614,9737,0.953480951394391,4.84920793875994e-12,8.79768241495569e-18,1.03922210899383e-14,2.1152716790435e-29,4.02707704226584e-06,1.19729388252269e-27,5.43176807382907e-28,0.00293639854269571,0.0392760963901981,0.00430252659081331,8.76556863241396e-22
16927,12873,0.895008568434069,3.07505269135524e-06,1.02398783546399e-17,0.0487920405672893,6.76843742561261e-05,1.8313363843639e-06,0.0228022079066919,8.25831176699473e-15,0.000969775741079537,0.0281851963129019,4.07523109084914e-17,0.00416962027462761
11115,16742,0.965894218664738,3.04700733900555e-13,1.58010654983076e-12,1.90416121898379e-08,5.64424919247956e-11,0.000433840861893696,4.78387767820488e-17,5.69819236919018e-20,0.00110791649517476,0.0278094947494895,0.00475451012871129,5.30834233849338e-14
15825,16250,0.979171657338202,3.92227855650292e-16,1.59558131320792e-18,1.79239479767253e-08,1.80495644384638e-49,3.21377607045139e-05,4.11924283515286e-20,6.21903806168978e-17,0.000283767482124872,0.0205124194950112,9.19374551461125e-15,4.766251632836e-23
9447,13852,0.913716810243572,0.0116715515000133,4.78751484112452e-05,0.00117544801175014,0.0032481670697634,0.0217643966954823,6.43139079994256e-20,1.95128271170374e-16,0.000239227327832739,0.0479134215628821,0.000223102440291522,7.30474826843434e-16
9449,14816,0.945107019432584,2.71072133570425e-11,6.53791982810146e-14,3.76502482895729e-11,1.19937648153235e-14,0.00269363826169202,2.54411593888061e-22,5.01845649445486e-21,0.0112534562193313,0.0406637823042943,0.000282103717263092,8.19362829911272e-20
13602,12879,0.900516869465367,0.000246529733324011,7.57700032510723e-21,0.0138582849523681,1.20545461364453e-20,0.0121281748791159,7.8451270112211e-08,2.15789613061037e-08,0.00469731816726515,0.0518715709107214,0.0106098798138984,0.0060712720477083
9299,9272,0.940540951573282,7.59394357490109e-28,6.5681460037395e-31,6.0589050926135e-27,5.74584985327697e-46,2.37747503092536e-10,4.48743777813633e-30,2.29237805993242e-35,0.0103430030150989,0.0491160451738675,3.7908413039344e-15,2.04706762391156e-32
10830,12403,0.966999542739945,6.35630314921025e-09,1.8359002462195e-10,0.00373984366299269,1.5264320644578e-09,1.45155320100206e-05,2.72325436478245e-10,9.77134126971654e-14,0.00615239538430042,0.0230936059178004,8.8423609951829e-08,5.93187337705009e-13
15395,8777,0.899925861750982,4.0282956215384e-05,1.90885413848605e-13,0.0505938724105318,2.82214517600159e-34,0.00769746983669258,0.00106891705437349,4.96050600085599e-08,0.00206548623074583,0.0315849088228841,0.00623627347360505,0.000786877858718566
9438,9512,0.945321490729211,1.14467245176377e-05,4.30097619315841e-15,0.00930109451385641,2.26865953648671e-30,4.48326870310741e-10,2.24931255953694e-24,5.65559533206397e-09,0.00181474739953266,0.0433756820253845,1.85952529908527e-12,0.000175532501712278
8879,7103,0.93890230254406,1.29564462030733e-21,4.57167845832997e-11,2.97875741062173e-27,3.42072256021782e-12,1.51823250483059e-10,5.04207102163844e-41,2.46203576229936e-34,0.00240158875132396,0.0586961085005278,3.12754334112692e-12,2.37188746889278e-33
11242,10714,0.811867422319402,8.87471948351391e-05,1.87694069174468e-11,0.0835188424478276,2.59224597152087e-26,0.042679649132825,0.0112126023419328,1.48560143932826e-05,0.0103058476171497,0.0402102986142491,3.57381862278554e-07,0.00010137691675352
15526,5161,0.950677981117223,0.000321396144888114,1.62341644138876e-08,0.00320144784983693,4.16635354158865e-13,8.9812164502827e-05,2.0783372475422e-06,2.89215137001907e-07,0.000391260509161348,0.0453156508677804,5.9595606931215e-09,6.16000805680745e-08
17334,8773,0.958582971009608,2.70787433092115e-38,6.17964334991884e-27,1.1346045421805e-36,5.38927628456374e-68,1.22246985507715e-16,4.30044116161508e-37,2.57717558112448e-49,0.00233102154951258,0.0390860074408795,4.36455966964599e-24,1.69101740628968e-40
12632,13122,0.908669056281489,0.00303285000702785,5.86456358353151e-15,0.000476468410062976,3.67482188589587e-05,2.5122078540217e-07,6.4530255654666e-20,2.80220036350493e-11,0.0192615228245358,0.0685230378567625,1.85113640182309e-14,6.51524307328232e-08
12763,9024,0.944426783179401,1.45873886487808e-20,4.08743841578197e-23,2.06200531916601e-21,3.84258571498517e-25,1.77643575696498e-11,1.73898665532169e-43,4.07625652905106e-28,0.00580696081720798,0.0497662559856264,6.2278683093787e-31,1.03951563045125e-23
8343,16265,0.941149681551457,2.28352576490099e-08,9.61077239504434e-25,0.0270274776142703,5.89980634194214e-57,9.32649317071503e-07,0.02313966945365,1.95401463590049e-15,0.000271536264130422,0.00841067957430783,1.87641598754987e-47,5.76081950752182e-11
12623,8301,0.951082394877002,1.42279911684029e-37,1.66356400251481e-27,6.9080964911621e-32,2.15852866156172e-76,1.2463021150293e-16,3.47764146321489e-44,1.53486055343652e-36,0.00538999490896532,0.0435276102140321,1.44653037575391e-25,4.74213454882827e-38
8467,8791,0.943777976781898,4.34679446616363e-27,3.87454245298072e-26,2.45681594690643e-26,4.50730479878155e-45,3.41120840689983e-12,8.2657305815824e-29,1.45518021993153e-45,0.00153574749536972,0.0546862757193211,3.26804721697816e-17,2.14203088053731e-30
9306,12647,0.930927161579396,2.57419762708543e-22,5.24423462384019e-29,7.23462477267103e-16,6.31559415995681e-50,1.3404709659614e-12,1.1600764462646e-46,1.80249961221286e-30,0.0160776624840878,0.0529951759351746,4.19955599210539e-26,1.52654522636986e-23
11254,16983,0.963442287475422,3.07311571660524e-35,1.03983210870499e-22,9.93585525541016e-35,1.15108281652414e-46,2.53508818552211e-06,5.42331609527941e-43,8.13486446424144e-43,0.0163829197131811,0.0201721960007074,6.17225035861557e-08,1.2782951393399e-47
12338,4444,0.934676671856316,0.00572193423472521,5.82285281620789e-10,1.75399310311699e-05,0.00139482366701601,6.76298492115371e-05,5.28282158189478e-31,1.70900185887594e-20,0.0069480063674172,0.0511681163058991,5.27720088428783e-06,5.21392370290754e-12
14280,5886,0.953815863215288,6.04713891937826e-28,7.28328769419145e-33,2.53562255003505e-23,1.68947972047738e-96,4.29736717660596e-12,2.54819335577838e-32,1.05578062094567e-38,0.00224422108517323,0.0439399156952416,4.26049236919016e-30,2.01174346389068e-33
16367,9981,0.895953766837179,0.00216244022989566,1.54051500648594e-06,0.0267376910789993,4.66431140997708e-11,0.018446293436152,4.83912734764344e-10,9.1815508845049e-18,2.26215184861113e-05,0.0422139359671978,0.0144434370818704,1.82728046573549e-05
17900,14558,0.956848062635714,2.05543679464994e-07,5.16899989737172e-26,0.0200790861259335,1.89112563351926e-44,4.07158646349685e-08,0.00750752476536484,1.0276792938124e-13,0.00219270847487236,0.0133723717373277,5.83999137698572e-18,1.14127662927851e-12
15274,17698,0.954893455635211,7.87504576662585e-09,1.84716106099094e-20,0.0208559456566069,7.92863064008737e-42,0.000207081132546073,0.00322755551771322,1.80995174682762e-08,0.00477397506165172,0.0160419437337224,1.72413683238869e-08,4.66169282304002e-11
8195,11203,0.940729585319672,2.38217438846196e-25,3.86812663304678e-28,3.30846076070521e-21,1.87492427656246e-54,3.89577245871755e-15,1.6358476140135e-33,1.2541646880585e-33,0.00347367813847314,0.0557967365418507,6.72447194554854e-26,3.03648640611697e-29
13611,17701,0.918251410137348,1.07172387530635e-06,3.08428433221217e-22,0.00753894697913201,1.31969803265817e-40,0.0399936890790091,0.0105798335474533,1.89961946391575e-09,0.00109892357014378,0.010387695340074,2.23267738641141e-11,0.0121484277010184
10007,16744,0.956036096710787,2.68713342964119e-10,6.33237179196542e-10,1.39196503344644e-07,3.68185572590131e-32,0.0218054529400555,1.25541855163581e-14,2.65379154758237e-16,0.000723515245935415,0.0213656979054414,6.90970992895006e-05,2.46841659576217e-14
7635,8793,0.940588499722736,2.39129143953318e-07,9.51512518539156e-17,0.00586364672405829,3.07055201217863e-38,1.28248684182401e-07,0.00411179082165409,1.58486707312628e-16,0.00234014218761158,0.0462404685396484,0.00085508419513458,4.31328313353662e-10
10006,16262,0.979808188000727,3.63022690936185e-14,1.32247061729174e-12,1.05811288326712e-10,2.99886120706304e-29,0.00337024126964958,2.20800715259565e-19,2.53913251664086e-23,0.00748194767772449,0.00933962289680669,4.79219253537479e-11,1.16881341743989e-21
13594,9022,0.932777169194436,3.29170513222872e-25,3.03437336601186e-41,1.00242589898133e-19,2.58014447628783e-76,7.61401732050736e-18,9.3532996621761e-55,3.25704763431852e-33,0.00680078590490212,0.0604220449006619,9.34016281990416e-26,6.62316158743155e-23
12351,11194,0.939095924475477,5.22634322310821e-20,3.02035539913494e-31,1.05841491765875e-11,2.78897458890161e-56,1.47320764657808e-15,1.43601223651972e-30,1.23671065971859e-28,0.00655899823825399,0.0543450772756833,2.19381460274864e-33,1.02128611670997e-23
10546,9028,0.953027833471267,1.7465182787074e-19,2.67901276039769e-24,2.40568657965809e-12,8.19051512533233e-51,2.74409307422663e-12,2.46471805293505e-29,1.97298352368563e-21,0.00412378510911716,0.0428483814144658,6.0397350495933e-27,2.1157863423719e-24
11392,16259,0.892671629771543,0.000415633249469168,2.49299775017075e-20,0.0364103523753424,2.28365818512563e-35,0.0436404192874974,0.00547368158884239,6.57824049937396e-13,0.00222031036356338,0.0119230350082882,0.00720489083237333,4.00475224228256e-05
13167,3478,0.931688670722412,5.9269050522634e-10,7.2687316065175e-15,0.00628737309020642,4.21310147820046e-41,7.98889917068517e-09,4.44535194721556e-23,5.29756377436764e-19,0.00259218366347446,0.0594317639380139,1.49194893765806e-17,4.29648531329354e-12
10959,7822,0.952955181355859,4.02650910044301e-32,6.40083035757271e-21,2.28714539659616e-29,2.7065088672228e-42,1.43560401801108e-13,2.06755383808868e-35,2.86164921938571e-41,0.00518887754674215,0.0418559410972551,6.33638619727825e-22,2.09817484936639e-34
17474,9014,0.950458355323389,4.41000844475229e-30,2.45982195630421e-23,1.00799479579551e-25,9.69922873484512e-60,3.21835092213898e-14,6.33124780896283e-42,6.69151600148536e-31,0.0101589864658787,0.0393826582106998,1.54733458257732e-16,6.02270711112171e-29
10409,9752,0.942724700844764,1.06630848902354e-13,8.9391410636155e-19,4.2313648991948e-11,1.34221210757134e-45,3.47027926574801e-11,1.46249969103048e-22,2.50468318844326e-13,0.00495913639925238,0.0523150057403636,3.55394283936872e-15,1.15693824273199e-06
9298,8789,0.943480027583933,5.46369336115786e-55,2.77697397690211e-36,1.61558887863623e-55,6.16315885292642e-86,3.12470176413884e-27,1.61264620172353e-54,3.00354115664575e-54,0.00109455708561803,0.0554254153304489,1.06954786079567e-59,1.36689392632932e-56
12206,8060,0.942978153919177,3.36833385463025e-08,2.52049318430643e-24,0.0193625630701055,2.52529430454676e-48,8.26091511942249e-12,7.22507625606595e-05,7.44664182782888e-17,7.6008507134748e-05,0.037510990049421,4.50310952679254e-25,1.73311260242499e-15
13036,7094,0.95264356157587,3.65254056936818e-15,4.44090825164086e-16,4.23992237688416e-16,5.86461129467253e-27,8.36693544135296e-10,1.98952242048437e-24,1.78631797006051e-22,0.00264947865116739,0.0447069589362641,1.40214330905712e-26,3.19962800965728e-21
13739,12156,0.865290859372226,0.00584316653988281,8.03477019238765e-19,0.0333282509226652,2.42842951080781e-09,0.0179668788445615,0.000886468955596437,4.67239501151085e-09,8.71630915621205e-05,0.0415699074135231,0.0343911935914427,0.00063610416771555
14557,5886,0.926766585015244,0.000540348213257572,0.000549737566986124,1.46701654648867e-07,1.21753183693644e-06,0.0264910462174311,5.83592538132478e-20,3.50344408452641e-25,4.62554841733015e-05,0.0453002875554412,0.000303192826791205,1.18288718389732e-06
11509,5892,0.918374826844934,2.06864147639428e-05,7.9792651738896e-11,0.0109387248363678,2.53128061777792e-12,0.0294757043632877,2.80327833130523e-15,5.01855592812616e-17,0.00193342666574027,0.0325788925817067,0.00667773804795185,1.62920599401143e-10
13174,6853,0.935847441613409,4.12774759352226e-07,3.60108134230251e-20,4.54276118150961e-05,6.51813328745433e-38,4.91666209720949e-09,6.47809297108039e-28,3.70952352849452e-15,0.00180464471853813,0.0623019114095455,8.17248083636525e-13,1.56954449464874e-07
9988,7583,0.947440080828137,1.0774104288029e-11,4.50214612126308e-13,7.37805866905285e-16,4.80925312731175e-12,2.99538488577976e-05,1.05659444650121e-17,1.90243213529873e-27,0.00591394215136087,0.0466160231556087,1.20501276567837e-15,2.26111028636129e-23
12913,15051,4.92096036699864e-08,2.35619477126479e-10,1.22837867076008e-32,0.768379617185321,9.79063929006627e-71,1.45025884234083e-13,0.186406731315894,0.0012483476348716,0.00259903262396997,0.0168306148686071,4.69162262112768e-51,0.0245356069259684
14288,9744,0.882418806610592,0.000143799331095932,1.47008609194709e-18,0.0283322496446399,7.07951140568478e-19,0.000177657682310084,0.00181501875887286,3.30084171192424e-14,0.000384019629047765,0.0591852087032756,0.0263010907605181,0.00124214887961475
16376,14320,0.959428606650541,3.64721685487786e-16,4.39894595288215e-16,3.53127941619595e-09,1.64516328774118e-40,0.00672095947186077,3.17229496276478e-22,4.20503651708455e-17,0.0157591903655984,0.00665880703039786,0.0114324329501231,1.9833357766549e-13
13879,12879,0.94174812839331,0.000194522861643275,7.7564786292503e-14,0.00789138994364788,1.8097500279909e-16,4.39262364476368e-06,0.00272334387684298,2.67883742436779e-06,0.00788468112140116,0.0378766693775933,3.23795948314632e-11,0.00167419293203471
11525,13607,6.47861921915977e-10,0.00395055265113707,4.01390749534794e-22,0.527717666987791,1.62610812373913e-14,0.217956112696476,0.082196102608907,0.00609814994840042,1.47367567058941e-11,0.0944167305346899,2.95375224923518e-17,0.0676646839099829
16225,8293,0.947900002270575,3.79459144752246e-42,1.09923302614616e-31,1.51912248742476e-38,9.90684540023299e-74,1.35535189174354e-18,3.00324353934803e-45,1.45182041595724e-56,0.0107190709044423,0.0413809268249823,3.6786532099318e-38,6.57559066049597e-42
15966,17455,0.862619327062072,8.73547511597075e-05,3.37910589288306e-06,0.0442677363977082,0.0131683843073167,0.0612556535434328,0.00823929312126965,4.14418508012353e-10,0.000261321710153006,0.00703360630300848,3.53100712998982e-12,0.00306394328003663
10001,13851,0.918494021086114,9.79499114202452e-11,2.09852809912959e-16,0.0426067139081242,5.85509912639502e-51,0.00601754867580052,0.000279845315967806,8.06294827647756e-13,0.00792013638647064,0.0246815929101998,1.40100254547143e-13,1.41618426061285e-07
16514,14079,0.928060827826575,0.00338326876836226,0.00547718182673583,0.0058310340257852,0.00692375205886899,0.0285137217104309,4.70310997043792e-06,1.174831348831e-05,0.00425573008253719,0.0174894106284044,6.68206968454662e-11,4.86215820204644e-05
14979,8537,0.957305270223471,7.11294052849777e-12,2.0131740965203e-17,3.24978646845742e-09,2.97411077922683e-54,2.24532954664561e-05,7.6258791033375e-34,4.16195236379854e-21,0.00693776466963063,0.0355117273548004,0.000222781151647312,4.80843113011473e-11
12359,15052,0.900218673741087,0.00193734363419505,3.97498745892134e-19,0.0370258729092016,1.17977061180112e-34,0.0397591010605501,0.00105968215147967,1.81905201211141e-07,0.000123928078712536,0.0194578566347639,1.56411550580178e-05,0.000401718729751045
9037,16505,0.986196885606713,4.96000968017036e-37,1.81729859419381e-20,1.76672869229924e-34,4.11754356403553e-56,7.23908105597358e-06,7.69610562961658e-38,1.89822597561446e-42,3.80519714493674e-05,0.0137578233407813,2.40214955457405e-17,4.34281963252133e-44
14294,12637,0.855459317154927,3.00432404721518e-06,2.15600124032122e-19,0.0517944646048583,9.52516919244134e-30,0.00657095402797884,1.16895377468927e-14,1.00721661264708e-05,0.016173652391711,0.0254050945633777,0.0106585547160351,0.0339248860509266
8334,11443,0.931267414193925,2.84490879032361e-14,3.21159045849791e-21,1.20736537821553e-13,2.02726518491357e-35,1.53774565588416e-06,3.77663911556591e-31,1.56992441206606e-27,0.0071194040133962,0.0511821374141889,0.0104295066326843,8.61087851296347e-19
13183,11193,0.913356883124525,8.28998202622021e-09,5.60221356913032e-21,0.0079078828465171,1.26893828257853e-25,3.06170994475934e-12,5.24442379467663e-05,1.17723978019923e-17,0.00933366036800064,0.0693491211298331,2.53999629651258e-23,1.33778824422842e-13
15820,13357,0.970088845193083,6.2359143074029e-16,2.17022966533511e-15,9.96884642417295e-15,6.22749296811777e-11,0.0039956327635093,7.44699596166524e-25,7.06969644745954e-25,0.00082047927700244,0.0170189303631708,0.00807611234094674,4.96687629555181e-20
12201,5167,0.940178466779722,1.69494275573291e-20,7.32641763959132e-12,4.46196489247286e-22,1.71306468298632e-31,0.0091524419171113,2.09911259430214e-23,3.35087481195969e-27,0.012033175937353,0.038581008413161,5.49069453267534e-05,4.26205764730508e-25
15407,15046,0.951897400707617,0.00744028059175777,9.44365608267911e-07,0.00054883730552916,0.00430041213286541,0.0161916531426486,0.00562537565771639,8.2833755129102e-19,0.00617012782055387,0.00702612654606322,0.00079884087199065,8.57649253665718e-10
11238,8786,0.949384169063375,1.07590662885342e-09,3.17201208973098e-25,1.68085552693897e-05,5.33803295237786e-40,1.59708574579075e-12,1.42423849169236e-36,8.57772558195663e-23,0.00297920874227367,0.0476198125582432,7.22022727760315e-28,3.33521930454614e-12
8882,8549,0.938532073731378,8.30843461886847e-10,1.58145149875471e-17,3.23728682032693e-05,1.17519098017325e-35,8.25004984476001e-06,1.19395982528723e-15,1.41510018133709e-15,0.00761879572771433,0.0538083471664872,3.49888001752342e-10,1.59275638626036e-07
16372,12392,0.953061454896124,2.16725049335248e-32,1.29780637791557e-24,3.71132361535788e-32,3.09074664704587e-49,4.99394416919212e-13,9.65802046816425e-46,7.280528990866e-47,0.0027661697295516,0.0441723753738253,5.59066254562119e-23,1.44920098019636e-36
10271,10475,0.933795375457501,2.35724325473865e-25,4.4865729001762e-24,6.16344751757815e-21,8.91305366976594e-56,3.72595056032013e-14,3.99627960421233e-46,1.76746284868224e-31,0.0181289183348831,0.0480757062075788,6.8595367918852e-45,1.05717703356128e-33
13047,12880,0.951892365091454,1.9677007784406e-11,1.37106427058948e-19,9.41334183241306e-13,5.56993486427171e-35,8.71284383633127e-08,1.0755581444193e-22,2.01870228948892e-22,0.00321273075052319,0.0448948170089658,4.65700528655445e-24,6.37987837840256e-17
13742,13602,0.906896116001975,9.39114751940614e-09,1.26279931098256e-14,0.0276959357760615,2.27143915167819e-07,0.00125443642805978,0.00795255704804871,9.84892633381214e-11,0.00407928813908056,0.0311986686703563,0.0209212580135474,1.50328930586563e-06
7781,12409,0.785070691972571,9.94410209945658e-08,5.25547177019704e-40,0.0909678357286563,3.64657429479865e-76,1.29710018736386e-14,0.0428204632400188,1.41305311724565e-08,0.0543880439349692,0.0267528515499147,3.47721701426541e-39,2.30487369368715e-12
14581,17458,0.987930296145372,1.66682013164997e-54,2.45965607771957e-38,1.23816135880244e-55,3.09494905585818e-78,1.65991008828619e-10,3.06462778326477e-46,3.32831740201753e-52,0.000442063066057625,0.011627640622579,6.42757843655413e-39,1.59746685867186e-62
11094,6134,0.955885980753562,2.10417219645444e-20,7.44183015112423e-15,9.4842251489523e-18,2.2508450902102e-44,6.04010421894406e-06,2.33489495111061e-25,5.65432267800109e-25,0.000476660917798617,0.0422594942121939,0.00137182401221942,2.93337885661495e-25
14974,6126,0.959038460228716,5.65642567783715e-25,1.69838444500418e-18,1.12230451814426e-23,1.11712347875421e-44,2.11364927348747e-08,7.46973629928726e-42,3.60694092222759e-38,0.00404763347546662,0.0369138851593243,6.5240530967881e-18,1.33854966293575e-33
12779,17221,0.944515665380329,6.35169611401857e-06,1.12811777345071e-14,0.0124584860865633,6.8137370146248e-32,0.02684662724313,0.0010334710661295,4.72115072910414e-13,0.00410513251178675,0.00976741730008505,3.28684434367901e-28,0.00126684871537871
11376,8544,0.92194578005583,6.0759283780903e-07,2.45788164121842e-20,0.0349669639528312,1.90306856763976e-29,3.48604411423113e-11,0.00360501374936908,1.21505691999699e-11,0.00248677055845365,0.0369948630893644,4.03912848948164e-27,9.54303007186264e-10
12900,8300,0.958809253831416,1.2419145150345e-23,8.36901848894813e-20,1.3320554562839e-24,1.79888858557541e-32,4.41351455833755e-11,2.05781068163529e-42,6.24903511439238e-30,0.00118117857878554,0.0400095675456629,5.52619999089058e-23,8.73055000144344e-28
14699,7573,0.9649902089932,5.15735555937575e-24,2.22172804908742e-19,2.54666870713417e-21,3.59856163070907e-41,2.61631684311375e-09,2.64030462192115e-26,2.16735576539924e-30,0.00261265767111942,0.032397125955168,4.76419565857254e-09,4.54381092979278e-21
13595,9504,0.935492633088099,3.66750823660766e-08,3.91502813242871e-14,0.00423061935262498,3.03065603540293e-07,1.01097720795751e-06,1.96316407457898e-12,3.75308503320253e-12,0.00559649519505634,0.0546789016131482,8.95875479173645e-22,2.74222131422702e-11
12902,9264,0.949863011438593,4.91243876258422e-13,1.78650551895846e-24,7.00441065484178e-07,5.16871051700692e-64,2.21154545545181e-07,6.26672252134607e-31,2.90314840445457e-11,0.00194785868025088,0.0481871899765532,6.74000044338848e-07,3.44279424528615e-07
17205,13354,0.984243253222155,6.58533400141787e-47,6.91701832773138e-39,1.65410996601582e-46,3.53014154585452e-82,5.29838632309071e-12,1.37009601102816e-46,1.28707350684752e-53,0.00102493252096936,0.0147318142515774,5.6645390165153e-24,9.12516151575964e-51
15963,15527,0.981153095870507,3.28951207731659e-07,1.99032976785234e-12,0.00185821384693582,1.66746305102711e-54,0.00110024986028304,2.06042418352109e-05,3.27028261985338e-09,0.000102020408635798,0.0157654835030357,7.13944904497118e-16,4.52856468856201e-11
17751,9014,0.812925983706083,0.000694816143930167,1.12885839817169e-23,0.0594640665927109,4.77252291224037e-33,0.0308265882923093,0.0461030471728978,1.66760817676604e-09,0.00191953177077492,0.0266749679106058,0.0213909375801713,5.91629085943441e-08
12499,15775,0.878297329980068,0.000136088887632573,1.23435154112069e-06,0.0199669933112153,1.23303455713345e-29,0.0679368366894871,0.00232842800944474,6.17373690025292e-11,0.00324447427639528,0.0181349551202936,0.00995287764280137,7.81669383406722e-07
14845,11189,0.922966708087029,0.00351314972376531,2.62256414735594e-12,0.00637540926262326,7.37467919154932e-17,0.00838883982024972,1.21146568110672e-17,8.88958433844806e-11,0.00478532812204735,0.0536063798666114,0.000343727682632587,2.04573435232422e-05
13315,8058,0.942650805249747,1.18950053842055e-13,3.68735370771994e-14,1.50709797488032e-16,0.000736152728787326,6.31923782958835e-11,3.84524266820098e-35,2.61161766668902e-31,0.000939134470661586,0.0556739074874562,1.37130601919689e-17,2.37869257038379e-20
10398,4448,0.93088307251792,1.66625818562833e-07,7.79268947628165e-19,3.31763540286101e-09,7.74560105006983e-37,3.08192088246093e-08,1.20882977310338e-31,4.96735821634083e-20,0.012739539340967,0.0563771873784455,4.72905685092429e-15,9.32948310837412e-19
8186,6863,0.883410560592961,0.000127691498361321,1.3865645907625e-17,0.0369571453633113,3.86419468580365e-15,5.95784059871866e-07,0.0314507147482881,6.40019446998505e-08,0.00345752088065855,0.0442832710249416,1.64327902235126e-11,0.000312436089036608
14159,14325,0.717679910492997,1.15619240588598e-10,1.46875529982455e-12,0.084313392963241,3.83783188145126e-54,0.148580750512993,9.89275194939062e-06,2.18730575400626e-09,0.0276616678232414,0.017173818305937,0.00458022140289785,3.43442350288436e-07
17209,15283,0.98272998110062,6.70288215176941e-48,3.21906903025418e-36,4.25732053575677e-34,1.95241474877609e-66,1.15651252946535e-09,1.91369044499865e-63,8.2967928726603e-47,3.6620326715003e-05,0.0172333974161525,3.36972684553373e-29,2.00334313105952e-60
10140,14092,0.477576754448406,0.00859264591151887,1.97092834789052e-12,0.315445698524113,4.69800333460381e-06,0.0496112681054338,0.0474807676797264,1.43712729517496e-07,0.00279481949068601,0.0716487659103757,3.13253396507302e-27,0.0268444382117054
11228,3964,0.826109752694445,5.19326275096088e-05,1.72068589620855e-12,0.0234949764666258,1.01912416759529e-22,0.0383959830535731,1.77559745345187e-06,1.6709350149897e-11,1.36698350688249e-05,0.066641746945527,0.0135685965817891,0.0317215661795776
9033,14576,0.941676311560137,7.75326500134694e-06,1.03199872032338e-11,4.44862556305706e-05,0.0016093659400806,8.69962163424282e-07,1.76334631813079e-24,5.10369746729028e-18,0.00580074732167067,0.0508453188959179,5.2665481480698e-09,1.5141522530307e-05
17347,15042,0.987696021693232,1.29107397562819e-19,5.90604060141348e-23,1.3788341014989e-16,1.84726928133376e-22,1.05904812023115e-08,9.61384413967703e-27,9.37472451756845e-24,0.000852513884989231,0.0114514538312963,8.29597780709208e-16,7.15990603276221e-22
11929,8061,0.890320941642445,0.000219891527264893,1.40842149881276e-16,0.0483938078931588,6.14913632983191e-30,0.000171386382053826,5.19861327221306e-08,9.8041963121051e-10,0.0187514268296882,0.0421424880248137,2.46742197010424e-21,4.73402313038392e-09
8602,7103,0.954644581670822,1.88507814184695e-24,9.63889172775799e-22,8.28394422522868e-19,9.3892044724751e-43,1.2161069874052e-15,1.02260140893605e-34,1.86045682754593e-28,0.00967842493759108,0.0356769933915859,8.05506584819531e-34,3.14095532219611e-24
11801,13124,0.907341142987412,1.37066979504914e-10,4.15712744953046e-11,2.24015175942378e-09,2.94381001992257e-31,0.0178457968616001,6.70675427651378e-13,2.86567990180366e-11,0.0411225683093428,0.0336900242463014,4.65147195549366e-07,3.06429274963083e-14
16364,8534,0.949486101528609,2.14377702560834e-31,2.69486696935756e-25,2.04943011520123e-31,1.76286973210084e-66,5.61851360282609e-13,2.14631066076582e-48,3.92784136143044e-43,0.00417693597782024,0.0463369624930093,5.64824224948708e-27,6.09525172264592e-40
16233,12151,0.954627150834092,3.9004220341774e-06,1.57213666050995e-10,0.0025513885198511,3.25168451620876e-21,1.89160863937151e-05,9.04163711545255e-10,8.43882192186214e-17,0.0011844289703742,0.0409032389231382,0.000680468411486762,3.05067712526484e-05
10131,9752,0.921724400895211,1.01028081596796e-06,1.15999858678443e-12,0.0275953901068147,6.86577381623963e-16,0.00498152180607939,2.53304147930733e-07,8.95338748271362e-11,0.0224290674005243,0.0223499808601912,0.000918374025789134,1.22973152869325e-09
11511,6856,0.93648960912375,1.2852194882832e-10,3.05836717316911e-18,0.00817877905446277,3.65551028345716e-58,0.00213168701542129,5.1242971544866e-35,6.74965911794933e-19,0.00876484654019852,0.0419220420266052,0.00251303218714798,3.92389180416088e-09
15688,16974,0.952043792367875,2.05883113816583e-13,8.40993386045905e-09,1.39780957015457e-13,6.73708186004194e-32,0.0338380802498428,8.91948757425626e-13,8.25334419744425e-17,0.00594708566656107,0.00817080377723789,2.29527311800263e-07,1.32005186372918e-17
14711,13359,0.80189757211774,0.00336472163185657,9.71533158335702e-11,0.0672878111534711,5.79026941658368e-11,0.0553242834868295,0.0113748934566348,4.28855547929139e-11,0.00208168605940149,0.0243565367339762,0.00926786730306338,0.0250446278590855
13450,6370,0.931608840820063,1.58865103040509e-15,7.80347025120125e-27,1.0166041694589e-06,1.30307771398899e-64,3.30984495852575e-11,6.1286161647065e-46,1.61588672794047e-23,0.00881955288336972,0.0595705896527715,6.96232036336203e-20,6.52668781999015e-12
15548,16251,0.918195188892062,4.15084896614299e-08,3.69107443099339e-06,0.0137235720288976,6.64275298014723e-27,0.0437672927880412,3.29651937490448e-17,1.8218998554657e-21,0.000699547588258105,0.0123454261018904,0.0112652400135593,4.37029863234435e-12
13744,14567,0.80374939389681,0.000528451033213655,1.01762893099185e-16,0.111275308114093,4.13803627668453e-26,0.00424982434501646,0.0275850133035307,0.00184647051846428,0.0336333856717043,0.00877819466311058,1.32812706503222e-24,0.00835395845405675
18312,12388,0.678403989363031,5.2781017200144e-08,5.95745683787907e-14,0.0973282334134891,7.91274764353795e-22,0.0367011188789243,0.125078729543444,5.00015486422785e-09,0.00800404707519791,0.0463750475266169,0.0081083085701086,4.67847956531587e-07
18177,14076,0.897535852089702,5.05229288917508e-11,2.0826551511517e-20,0.0173401759383051,6.29806110671055e-60,6.55919323637403e-08,0.0561628031080012,2.25051794545172e-17,0.0179038436449701,0.0110572595674517,2.37691915780004e-17,9.11463718491718e-12
9848,6377,0.941610014667612,1.50308697775929e-24,1.25952909448837e-29,4.06356014633947e-19,1.50645429154149e-55,2.44401131213537e-13,3.12891049849966e-59,1.08723496857242e-32,0.00907794700151971,0.0493120383306235,6.30577094468341e-22,1.68165110398462e-25
15819,12875,0.969165544587664,6.75665066631024e-13,1.2168281599301e-17,7.96269871743381e-09,5.40574350309427e-41,4.81807499701734e-05,5.18088165543996e-16,6.34885567740791e-16,0.00120510164186981,0.0203821009346236,0.00919906411609656,6.39978776464231e-12
14299,15048,0.894664736287722,0.000236756551877509,6.21683759166083e-14,0.0327402114946727,1.13807673778765e-25,0.0443747891674276,6.23382737358156e-05,9.88582656776186e-13,0.00598333519043614,0.0219375127125354,5.52999453434825e-10,3.19767542382087e-07
15674,9741,0.940651169533727,0.000234629913550512,3.21061607393528e-13,0.00360009804597284,2.62379459456266e-34,0.00159418033171158,2.84103514691435e-08,6.1606912460564e-14,0.0045589794977048,0.0407740878907479,0.00855872035987155,2.81060159798506e-05
14158,13843,0.932078711870855,5.89286922105803e-07,4.29702480801142e-20,0.0127593200355748,5.34059623389234e-32,1.28048533386268e-05,7.26989829005069e-13,1.33053576715719e-11,0.00976593362233225,0.0422499778784362,2.96052231411261e-13,0.00313266243821242
16380,16249,0.958644729945728,1.05859345589368e-09,5.96646363414258e-15,5.18047224314359e-10,0.000308214309088518,1.16819245404446e-05,1.45665933097659e-19,1.46280952911637e-21,0.00139712704653455,0.028655393404165,0.0109828517932967,1.96241494811222e-21
13599,11433,0.888206491359289,0.0184938272528627,5.2163259587662e-09,0.0254250079832667,2.08360734047929e-06,0.00398423103426485,9.87517551966636e-08,1.15803418477054e-09,0.000338516769650346,0.0597248344781483,0.00382489693218254,5.45688014528038e-09
16231,11186,0.94710402118358,2.47628344205762e-08,8.76215486992581e-18,0.00621524664464265,1.97362499168386e-59,0.00666320690788921,3.6626037939441e-26,1.11041024676876e-15,0.00337862234836613,0.0287496477671459,0.00788923008347346,3.02067546903042e-10
7640,11204,0.919411974964607,8.88824811600541e-07,1.78683935112698e-20,0.0263677130282813,3.76432571341325e-40,2.07715852456417e-11,0.00678282548800549,2.01332995284662e-09,0.00115832675827729,0.0462782683584043,6.42409296842599e-18,5.43511506598738e-10
13733,9263,0.927336301899846,0.00205245398349802,7.15285191541701e-09,0.000254670725579904,0.00157402675505941,0.00303940044877283,6.82733613648444e-09,3.83432773528475e-07,0.00737655853012361,0.0569944976774131,5.70036026094192e-05,0.00131468896413624
15252,6608,0.961641596470884,1.26138557327501e-22,1.02327307881786e-26,3.3332675845969e-21,1.17526756288371e-28,4.52857890644368e-15,9.5943288838614e-26,1.11763366919523e-31,0.000725116628540054,0.0376332869005712,1.80898136094972e-37,2.84793534482056e-23
15541,12393,0.866654255302002,4.18296946845369e-06,4.66235701560487e-22,0.0364314438013632,1.7960309543589e-52,0.0353228546858525,0.00700789632310715,4.3358336487543e-13,0.00196391313052215,0.0525532323389905,1.18334861753328e-06,6.10380996429915e-05
17616,11184,0.953843094738633,2.69391782815173e-22,7.1775121264159e-16,6.49682736784282e-28,3.0533327371248e-31,4.68432517487009e-07,4.17637168680389e-37,6.33174858326773e-34,0.000382754834922399,0.0457733718880089,3.10105916974617e-07,8.27870942061288e-33
16371,11909,0.951137532913061,4.53174271102882e-05,1.33468655886578e-12,0.00234440203878592,8.71891000566435e-28,0.000695235051662957,1.14443833788333e-18,4.79145482780285e-18,0.00087365964330486,0.0370782401778789,0.00782559025485207,2.24920091130584e-08
15950,9258,0.924625314858254,1.05437669256089e-08,2.46736249228277e-15,0.00530951021900001,3.13776983469067e-24,2.25656027066848e-08,6.01158218514915e-26,2.23025334545182e-24,0.000182806202699208,0.0577577291190204,0.0121246064877281,3.92635610748804e-12
12489,10953,0.944298768313029,0.00638331402119161,1.04391120032982e-15,0.012391618098029,9.50067742413907e-12,1.15657631200668e-05,4.93155740367555e-10,6.92091722112675e-15,0.000257739734424801,0.0364022515460124,4.24294881265901e-09,0.000254737778579739
11793,9267,0.956616569735625,1.88090341444326e-06,4.17259878632506e-18,6.46303810717101e-07,7.08833317417863e-35,1.88190101050481e-07,1.63767796262411e-07,2.76068258620084e-15,0.0040249722824801,0.0393555712493277,7.55554231966323e-09,1.18998188100371e-11
17480,12389,0.900241881813185,1.42726331929038e-07,5.89648499874999e-35,0.0430450925517666,1.96286381555575e-49,2.76835200210599e-13,0.00890233602019136,9.68122495430955e-10,0.00216260272770068,0.0442390394111482,4.05091744321759e-29,0.00140890378127665
12070,9266,0.931136847294627,5.61266443997833e-07,1.06320684114554e-19,0.00227941038321418,5.09344552958339e-36,1.91936566440166e-06,3.19125474266349e-24,3.14637344491467e-12,0.00121595370855645,0.060581202581006,0.00466407605980211,0.00012002933753994
11948,17222,0.947875067271106,1.86326525951123e-05,1.19877536612608e-17,0.010235905292895,0.000454088609364386,0.0159243859671813,1.12761523570081e-13,1.20345371481454e-12,7.3581442355136e-05,0.0212214274494331,0.00419690528893017,6.02482344450788e-09
11649,6615,0.86453944755884,0.00229727482810939,1.04371538905804e-10,0.0468813751157831,2.67448071244838e-08,0.022631665594388,2.66194885959601e-10,1.093681862933e-08,0.0151696761918633,0.047757313201508,5.8486676905522e-11,0.000723209398829108
16228,9740,0.91774395578528,0.00461537979746708,5.68714922384265e-12,0.010925721738003,2.05436295408524e-23,0.0375610370672841,4.64702890205054e-12,1.14256269077758e-15,0.000139464391987247,0.0290144408663789,8.62331220414737e-16,3.43263764711453e-10
12753,4202,0.946416183389788,3.52763296358028e-09,9.43041167977317e-15,9.75204858766056e-09,6.77207883629164e-17,2.25878383106476e-09,1.00534523945936e-44,7.40208732840882e-17,0.00487636746234774,0.0487074208909033,1.26925098405333e-08,2.59763519382664e-11
14150,9985,0.919713036213917,3.63060687840891e-06,6.03452074958845e-15,0.0237106810104532,2.92458910231494e-08,0.00220999213980479,4.36488270046072e-07,4.64010191640079e-15,0.000598596526981629,0.0431101349967213,0.0103613126153911,0.00029215015568117
14027,17459,0.985051541747805,1.75134715972933e-09,3.03605786521837e-28,0.00352169779490601,2.68451095877634e-58,0.000120161883300521,2.7638831684592e-17,6.47724016929983e-14,0.0113029144343456,3.68235756868633e-06,6.87660962999124e-23,3.06626836198337e-11
9593,17468,0.972502427685904,3.48261591471865e-22,1.19078328340034e-07,2.53000057608195e-23,1.39909418187268e-18,0.00246001596745504,1.17114043671419e-31,3.30037510964675e-29,0.00592051006406122,0.0191169272042517,4.19400243727921e-20,4.47388505427938e-37
17758,12871,0.941179490883017,2.26625638946704e-08,1.59043597879792e-09,2.05096893801941e-09,0.00914995920922643,0.0167475834613123,5.65483705238555e-08,2.98009614687873e-19,0.00099953314183739,0.0222925058557262,0.00963072204756894,1.22548971942537e-07
16644,9980,0.925363116506507,1.27441513463354e-09,2.52621290781801e-09,0.0125786642996535,1.66880013291418e-21,0.0110389804638206,2.99776196256041e-15,3.50538419045806e-11,3.55712268042741e-05,0.0509835927048279,6.64839003587072e-08,4.47880123608364e-09
11255,17465,0.965993715892478,6.20244062545681e-06,5.92004248276181e-12,0.00765687943308806,0.00012817863417807,0.0017223985277295,0.000517844250187243,4.92846469675971e-08,0.0146177342951318,0.00935698659686694,1.06223139176705e-13,1.06390419097304e-08
9161,9513,0.949439396908038,1.39760103060057e-12,1.64913344963726e-12,1.49557450882118e-19,3.05949294679268e-14,1.14959408181386e-06,7.45469829036539e-25,6.10621253197289e-22,0.00240449718653184,0.048154956308271,1.78747274559939e-16,7.16096743327857e-23
15814,10464,0.963357030290926,1.88076549389115e-14,1.48190790204912e-13,0.000885014498693882,9.71584191324758e-27,0.000616055943901381,7.85873780564916e-17,3.0576089808723e-12,0.00111366138883199,0.0339372484322557,9.09894420103913e-05,1.56237562692415e-13
12077,12641,0.926115512492673,1.70446056312413e-08,8.75984148358674e-20,0.00564039942570049,1.07716343023437e-37,0.000122858258033167,1.63267512773542e-18,3.38530964964534e-17,0.00303259279967019,0.0650886199793141,3.67418316454179e-15,1.11331401062947e-17
10124,5895,0.936546529923842,0.000204328265270523,2.22068059671362e-06,0.000173782360084665,1.45012260609069e-15,0.000150041730237271,5.31612942666625e-22,3.42299225156912e-09,0.00385861840580802,0.0550649892024837,0.00399838013695823,1.10587172493089e-06
15261,11429,0.951337102033042,6.94621695492289e-16,3.98916397660085e-21,3.94680767540287e-16,1.09881944866006e-35,5.71072868919943e-06,1.70508189910007e-23,5.33086102570836e-21,0.00175630503507072,0.0455984469513619,0.00130243525183522,3.18866935229021e-16
15665,5401,0.89654725443788,0.0041749069866858,5.42965441271345e-17,0.0313241039226928,2.92780574768929e-24,0.00218028771764522,0.0213604036436976,1.88358355259829e-09,0.000404179758428346,0.0420103854393685,0.0019329673780847,6.55088319330445e-05
7918,11685,0.954759379421528,6.11747256450483e-12,1.00635211632415e-23,3.10467076203542e-05,1.57742191947431e-46,6.18962065380413e-14,6.04792008594267e-32,4.20480594029612e-13,0.014437308334833,0.0307722655294094,1.78149084387003e-29,9.90505109389421e-15
11666,14812,0.129637909573178,0.0012671031779011,0.0150134482192336,0.280193671441309,1.53211826337699e-07,0.406600190082706,0.0324655310169425,1.2708934039212e-06,0.00816961151027384,0.0534247993093189,0.0258240977303964,0.0474022138335108
14419,6127,0.927453661926699,6.94843615754028e-05,1.03178292834702e-08,0.00603347989699154,2.11752221666735e-09,0.0125604771254449,1.58385858004972e-12,9.55355070184407e-20,0.000596654278964022,0.0404866624435321,0.0127995652700586,2.25979909018939e-09
10697,15537,0.911665467210463,0.00277399313304429,1.96397619293089e-06,0.0230926543547762,0.000245178818426276,0.0442766666640318,0.0040868258083153,8.11628473219245e-10,0.00258053807673566,0.0112732426567952,3.4684879140849e-06,1.67729665199133e-12
10553,12886,0.945120619002601,1.86963617652653e-12,3.23646926917322e-18,0.00708721592444968,4.74608455636538e-36,8.2425844998095e-07,2.93905303479848e-11,5.63468724531598e-20,0.0118636458732297,0.0359276949100098,9.14542464517589e-20,4.30243438465295e-18
8336,12408,0.957059382224325,3.67497833754953e-07,2.32174389649935e-19,0.00030298531410268,1.1470458952498e-34,0.000785145249685299,3.91780354418601e-25,1.0933786034857e-18,0.0025380512118981,0.0350041691695528,0.00430624095082319,3.65838177877369e-06
14286,8779,0.937690917081349,1.43506295654474e-09,1.46318543502595e-21,1.0316410427101e-05,5.32806579492108e-40,2.8033921486572e-09,9.85387293682452e-31,9.56845282849662e-23,0.0144977013229839,0.047801060946392,2.04524651038316e-13,1.8888645829081e-13
18175,13111,0.725789347617284,7.97456084471701e-05,7.15752373922457e-20,0.135693957732237,6.77593189474016e-22,5.93281142450117e-08,0.0902935931229522,1.02873355588263e-09,0.0286460235101971,0.0194966909217738,2.78890283501326e-18,5.81130260993569e-07
8617,14818,0.947251308224756,7.75950205755327e-17,1.99743533498925e-17,3.39913464377895e-13,1.60198924090394e-22,0.00301895283372976,8.70537252247374e-27,1.35724278100499e-23,0.00287448173611122,0.0466078763511276,0.000247380853935703,7.79444067348319e-32
10129,8306,0.951829385547253,1.81133348759662e-05,3.28059247740887e-15,0.000837940869834698,1.48297735976854e-29,3.68526726259304e-05,1.82954735931426e-26,1.61438031481877e-13,0.000590421984688122,0.043889975108869,0.00279723832357436,7.21581142798322e-08
9574,8307,0.941475802862782,4.58057457783503e-10,1.17230242425549e-17,0.00145754348858685,1.14734805268237e-26,2.93484968721888e-07,3.37496709368154e-19,2.63677553012573e-14,0.00341932090711323,0.0536470367157683,2.08269535218504e-09,1.41433680787063e-15
16933,15766,0.957600977999077,1.52483920292933e-12,8.10597095435843e-23,8.82681495322679e-12,4.0202972106877e-42,0.00196097961432559,1.11454128442664e-20,3.45479548829232e-28,5.14641452757157e-05,0.0316737213149331,0.00871285691603701,4.79211325780037e-17
9592,16986,0.957124728982804,1.97089407997867e-12,1.39138206488964e-09,0.000554164609329937,9.66389660471095e-32,0.0310207757332225,9.05679954414128e-13,3.49646361885926e-13,0.00305635239139423,0.00824397688863965,1.70953005534874e-15,6.09041972440252e-20
8329,9033,0.92956190823014,3.23702340295457e-26,3.88281964172312e-29,2.37984639121194e-28,4.39379454063101e-38,3.23639473581655e-14,9.16764237425606e-56,4.86279955684447e-45,0.00517100509380913,0.0652670866760187,9.38345982801738e-33,1.76525077124843e-34
8753,13130,0.947636534043183,6.17418471462481e-22,6.52343094696042e-15,8.71007721812665e-25,4.4372468029044e-37,5.60278896611046e-10,5.76877691045839e-23,9.10972257532422e-25,0.00935276759045199,0.0430106978060797,8.68245083135651e-22,4.58900289069957e-31
15132,16010,0.945767385820488,1.0741580182668e-09,1.59844485621307e-13,0.0298626615777204,1.03847039024241e-63,0.00384880083157058,0.000493705635337983,3.6569965156183e-06,0.000123329587985986,0.00976982617564529,0.0101305471267088,8.51737095272495e-08
10961,8786,0.925195371455838,4.5875004962941e-05,5.52901479751983e-12,0.0203607416796006,5.3522651395738e-13,0.0170985072127979,1.58428207632385e-12,2.31161078145355e-11,0.00558800229806313,0.0316643087019363,4.71853453140377e-05,8.27072229943236e-09
15133,16493,0.975802498908404,6.27985101828966e-17,2.39513996601597e-18,0.0113477543361326,3.71903405968121e-57,9.18690851367853e-07,0.00264847230167355,6.30052461600175e-09,0.010133775242766,6.65742196436601e-05,4.90008067514677e-16,3.58195778848036e-15
9025,10719,0.940985199363414,1.69341522484194e-20,4.10790454479728e-17,2.32258577050254e-20,1.17521613759869e-13,5.19473100974866e-10,1.95869429022934e-39,1.09051089041644e-35,0.0135242531290656,0.0454905469864932,1.43656111719802e-12,5.88935710961222e-24
12898,7336,0.945385596872253,0.000331101027850679,1.55145218383651e-15,0.00941072090284235,4.28697615171674e-26,2.86480475810253e-05,1.97654768859484e-21,1.75516068836745e-12,0.00246519352495415,0.0422707384320947,2.30138588425806e-14,0.000108001190644004
15122,11189,0.953956414225099,2.52760133106784e-11,1.44935679809288e-13,6.36615620200095e-08,3.82213814259878e-24,1.96602292634504e-10,2.9612969239806e-20,9.60824613949727e-25,0.00526150436435242,0.0407820175269636,1.02544191780428e-27,1.12540941012074e-18
14427,9985,0.921687967102234,2.64638621515984e-12,7.77436483813992e-30,0.0192219940006263,3.94309630200806e-79,3.0965921863202e-05,3.86150665801579e-22,3.92063683414059e-16,6.95280832480886e-05,0.0548718988947038,0.00411764599287735,1.80043857181377e-12
11925,6132,0.917588384371028,0.000735122594164744,6.73988060572863e-06,0.0411494604765808,0.000225450917398173,0.00536726240547236,0.000393936037061462,6.8490643546624e-09,0.00105400906441822,0.0334752085959181,2.37912452307702e-06,2.03968376475697e-06
13870,8539,0.944201449177066,2.0012350375063e-21,3.52983600663481e-22,1.99731036667975e-16,5.4757330878904e-34,8.48348985490069e-15,1.25774975883816e-29,8.42312845349233e-25,0.000195460625689447,0.055603090197236,2.06216112957847e-23,7.7690921884162e-28
9864,14575,0.870301716248523,5.10309080726105e-06,2.51128109632109e-11,0.0294965754491155,0.000503032240128056,0.065953836665831,0.00375909240793985,2.12050467791589e-12,0.0176226448582239,0.0122540101888016,7.84280461173099e-05,2.55607772788726e-05
13173,6371,0.944977318663481,2.10684513598787e-13,4.36444585075397e-20,1.52346068915571e-09,5.45728436207441e-31,7.19175498590354e-12,1.91359160667836e-42,1.30690230954327e-26,0.00301056930841853,0.0520121104972374,3.07885201414132e-34,1.87379985946679e-16
12495,13846,0.951238363923835,7.98848742297649e-09,3.82204498375762e-15,0.00347596489419269,2.54566001976371e-25,8.71627780982434e-05,2.86074537672215e-09,1.42022935104575e-10,0.00360603880139405,0.0415924585421863,6.90346421490435e-11,1.91493353619059e-18
14698,6609,0.96563697961752,2.95351868779002e-17,7.07671524537233e-17,4.87448212395046e-09,3.03454460078502e-69,4.03464444274392e-05,3.46236728135166e-30,3.07553028885299e-26,8.84143345406511e-05,0.0342125822478669,2.16647059479819e-05,7.77521491875897e-09
13046,12398,0.931520923521602,3.38068391904743e-12,1.71874011288089e-11,2.06387236077948e-17,0.00262395156122628,6.70360983680565e-06,4.82860585115991e-26,1.44680561887016e-24,0.0268167749552993,0.0390316463252282,6.21588953731865e-12,2.29886017097169e-14
11390,15295,0.832065070882216,0.00789306796673877,0.00173957146446786,0.0465425392455382,0.00104371635090395,0.0700791589036261,0.00226414493260152,6.03751690811837e-11,0.00336227745449657,0.0340262251077372,0.000983391305540825,8.36325757427958e-07
17208,14801,0.973836381158245,2.3686168131406e-06,1.34919106188429e-12,0.00019845069076208,1.1784125190552e-07,6.87758914617051e-05,3.75824648069324e-22,3.42280959267403e-13,0.00125433028938033,0.0205536204618615,0.00408595504853303,5.72566553398594e-17
12342,6372,0.948437275512892,1.33306873040236e-08,1.70166884309138e-15,0.0108188539284308,3.81765400450774e-30,0.000152101156322325,4.91123547384769e-17,1.34448550562558e-11,0.000478190133099038,0.0401135659188191,5.92531557303832e-12,3.77048250912478e-13
14020,14084,0.8855826729159,9.56560224368969e-05,2.35393179786743e-20,0.0411718926417254,1.42903307943038e-48,0.0407178981466367,0.000513292266029674,3.63900853557344e-06,0.00240245362350131,0.0274599484524774,0.000982897255633113,0.00106964966712366
9029,12648,0.9363372661072,4.83243561571243e-19,1.10891819424478e-12,7.81895386058493e-18,1.24971916757128e-09,2.629245050355e-07,2.15705549753048e-24,3.85587265415852e-21,0.00148211176894049,0.0621803579348755,1.3650766149149e-11,9.25743757479655e-33
8199,13614,0.959565840699599,1.28964229909694e-15,3.30226313981822e-19,9.32641344906142e-15,2.38008528372103e-37,1.41684214686077e-07,5.84562420729652e-17,1.20545044297952e-27,0.00807841920056806,0.0323555984020558,1.35517975086185e-11,7.94825722709359e-24
11931,9025,0.948261102321154,1.33118877513322e-09,4.80084860478292e-10,1.76601056903318e-09,0.000533779154256125,0.00013734441019614,1.56081340087634e-11,2.23150893032966e-13,0.00109449690032446,0.0437449615129939,0.00622831210780646,1.53241437262044e-13
8327,8068,0.94564930500158,1.08492209039017e-15,2.03009026022918e-15,3.16043408792598e-16,5.15506524821538e-05,8.38585827462133e-10,5.80457367410063e-46,8.518488907834e-27,0.00218894229224681,0.0521102012151022,2.9644196194073e-24,8.73936895956003e-19
12343,6855,0.930818780437034,7.35009618917925e-05,6.39107300096781e-09,0.0139186589265103,0.00269655598394542,9.64905172180529e-05,0.000200912316296613,3.90494998425331e-13,0.00109994336862193,0.0510927974070413,2.33211360747654e-06,2.15763700023077e-08
10121,4448,0.849844344716841,9.43797603771266e-25,8.29527465276177e-16,6.00534860017923e-23,7.10955590635195e-26,6.61540105925112e-12,4.51906327324763e-36,6.29294225742727e-26,0.0993556559747992,0.0507999993017433,1.77183479692028e-20,6.56190356120673e-27
11783,4445,0.942514790668326,3.57086155392724e-23,6.10424642585285e-15,4.52066471400615e-26,8.07662601069495e-14,4.27991305243557e-11,4.21381688193045e-31,1.46013372070669e-34,0.00979736788768865,0.0476878414010997,1.8785400200905e-20,3.6679437718265e-30
8612,11925,0.896216421436607,1.12564254396731e-05,1.15788301427539e-21,0.0398598767351646,2.74956036403916e-51,0.0105927361616821,6.50866167795693e-06,7.79258008991585e-12,0.0013667349574441,0.0430023454733868,0.00494109769957509,0.00400302244123009
13184,11675,0.601242637220124,6.32337155799574e-06,8.74142990978857e-21,0.204355444715599,7.81989943649517e-39,0.0015247529730273,0.0533559204833472,4.93125278673836e-07,0.00582195262686222,0.0807769441368372,0.0196494613520238,0.0332660699953419
15128,14082,0.899085078662153,0.000122286107327163,0.000113773805815056,0.0192287593083685,1.06380036401003e-25,0.043394890474493,0.000125052489606855,0.00580845794994007,0.0156182651322192,0.00876484933771435,0.00773832640923363,2.60323129614567e-07
15818,12393,0.900002548808236,1.02134400884415e-07,7.49262913115855e-23,0.0352875355283767,2.46615343429285e-29,0.000105456320724119,0.0152706703080178,3.16629744468196e-11,0.00110127434876363,0.048230643109769,1.76686737743121e-06,2.54267162201813e-09
11113,15295,0.894634415421892,1.8221141439158e-05,2.14363404792416e-08,0.0391817910223623,2.7350112942465e-42,0.028931057466458,7.22167659142747e-07,2.70777313021191e-07,0.00146599845282618,0.0357106197643009,8.84260783624577e-07,5.59980886251805e-05
12641,17462,0.871735419558351,0.0110203035643736,2.04336318806203e-18,0.0448584476287113,2.92807200555799e-44,0.0423020049775917,0.00112481112014403,4.78376897652746e-12,0.00598644582644157,0.022964622405643,8.34846728023027e-14,7.9449138762685e-06
12363,16980,0.956997221018822,6.53664476047461e-08,1.83534592671838e-17,1.61520179313747e-05,1.59878863577432e-41,0.0129358826304901,0.00147365266537948,5.2986735636088e-17,0.000231667473130608,0.0227629238809549,0.00558243484110323,1.05740630184773e-10
8324,6622,0.891216710349435,0.000209869904091325,2.16518007584658e-17,0.0339428226718092,4.5211951449131e-39,8.82875484289423e-12,0.0054982576259753,7.23152583829172e-11,0.0143355908954133,0.0547967379352809,4.79190090819859e-34,1.05368513413484e-08
11796,10713,0.919627131343572,0.0029157483205896,1.69744934656089e-07,0.00236802851188611,0.00022389875692889,0.00329466258009486,2.16361384332011e-14,3.76869293914262e-12,0.0106936089769199,0.0510317363524143,0.00948295197437775,0.000362063434491473
11808,16499,0.966994558172516,5.44447987998999e-15,8.39500388898545e-28,0.00046529717021699,4.72370520794662e-61,0.00293283299308818,1.8881463053516e-13,2.92010696010646e-17,0.0175708893000406,0.012036370385965,5.97184057885889e-12,5.19720069061519e-08
16777,7328,0.922534440107525,3.36879312043207e-06,3.83695602495721e-23,0.0198817903080319,3.25435785451764e-51,0.00353547586279838,0.0118319503016328,2.14791891885045e-14,0.000993677741048154,0.0412192850148564,2.61025107612681e-11,1.18448624252072e-08
12064,6373,0.944686275593861,7.39945807648798e-05,8.22009410828731e-10,4.6853481674232e-05,0.0035125674676664,5.27635866854023e-05,8.05295518291766e-12,4.69561345946827e-13,0.000740414942381798,0.0474274964185149,0.00345945113841058,1.81959508822168e-07
13748,16495,0.945858896251102,8.82131037642552e-09,6.40340871198529e-19,0.00934055296346905,1.17763338033806e-29,0.00807605815818816,1.6617976898784e-11,1.90100254375741e-13,0.00582020467740175,0.0261101891259168,0.00479408945751004,5.28293309895971e-10
12765,10470,0.94587352431531,1.72625667715785e-17,1.98555770092236e-18,4.88685799864101e-18,7.9357132429437e-21,1.30631049490274e-08,2.26406136125235e-30,7.73598781396833e-26,0.00617580197021519,0.0479506606513698,2.40286485343549e-16,2.64743294612846e-24
8328,8550,0.942266361395577,8.57330819852787e-28,2.02170948090699e-20,1.55935555778454e-33,2.71612562158398e-31,1.25770011567503e-14,9.35567046203236e-40,2.32827590812075e-43,0.000323055960167743,0.0574105826442425,1.48632323459733e-30,1.94467795325397e-35
13465,13603,0.878954893229539,0.00792838983683907,7.62211285562325e-12,0.035211483273315,0.00170277948375026,0.0276131916025398,0.00939772819858198,1.47529149643217e-05,4.70684770439496e-05,0.02752235029644,1.90066212252252e-05,0.011588356058139
14559,6850,0.913407232309386,3.30845954158709e-07,1.00875269672111e-12,0.0047410319276373,7.13221933047017e-45,0.0357753268184607,5.14763794351413e-18,4.35247171417327e-14,0.00335457313156397,0.0412748104393495,0.00144669433521757,1.91378383760862e-10
10424,17467,0.820849833550919,1.40753344543069e-09,3.76813539465716e-18,0.0123205666767322,1.62944383489544e-43,0.147917652300003,2.96990993589593e-18,7.06203080140398e-21,8.08697108179424e-05,0.0188310522825029,6.24914064549148e-10,2.34465768686619e-08
17346,14559,0.989214382962892,2.44144655315137e-09,2.721904940908e-11,1.65663897295996e-06,1.49945556035566e-30,5.35953064132577e-07,1.0434673242837e-32,3.03223664214418e-21,0.000501228527231052,0.0102821933450444,1.04130124254134e-10,5.53530048332599e-21
10691,12162,0.933229962855815,5.09884694777785e-13,6.43894777650395e-16,4.1350435556876e-08,3.37633268178341e-40,0.0203297609797469,5.71065264695214e-15,6.07978670212308e-16,0.0145896228646476,0.031850488709478,1.23239359291668e-07,6.00316627940654e-16
11104,10956,0.940338773117544,5.97899173844364e-08,1.0210732181569e-11,0.0100120664876605,1.54835499685088e-22,1.89533664153571e-06,9.2001341562274e-06,9.03000212908145e-11,0.0117222099780581,0.0379157895300337,3.46441393546798e-13,5.52513157682257e-09
13177,8299,0.930509153767645,4.5409971108658e-19,1.35312497103464e-23,1.545166500805e-13,6.9789840850493e-44,4.53813502230153e-14,6.53997879749902e-40,4.07339476320798e-24,0.0187532908688913,0.0507375553632637,3.8374707651083e-32,3.5543917199773e-18
7911,7828,0.927823626563009,3.73763456880379e-06,1.09171636042886e-16,0.0140217807870249,3.77854246691667e-45,4.48602400444661e-07,4.87559418797051e-23,6.27082518948682e-10,0.012568532948988,0.0455617316386592,3.26463059152957e-16,2.01411982664995e-05
9172,14817,0.960536004426224,1.99763504521846e-09,1.51081942468006e-17,1.89597080142574e-05,3.06723718747449e-22,1.44507222568529e-05,1.29764173183541e-18,4.18619997608038e-14,0.00229868044391398,0.0371313614754449,5.41218959304371e-07,7.50977196355199e-12
10278,13850,0.762339424518691,8.12213820260605e-05,3.41126779821455e-17,0.129452427964582,3.31405896417857e-39,0.0244689829651315,0.0094637561970028,3.69709031042814e-09,0.0268091542888663,0.0379477792144673,2.43050625586456e-27,0.00943724977214252
14024,16013,0.95114402764073,5.49579225163258e-08,1.28595439215401e-16,0.00791247189040217,7.33970699041375e-14,0.00830559867241239,8.03932935269428e-26,1.27144590478923e-15,0.0122158944651136,0.0204219034246135,4.89487302691265e-08,2.80415531565767e-16
9708,6137,0.948537206896675,4.49671847301133e-26,5.51873251360962e-23,9.93624472687426e-22,1.75349068203354e-66,8.62921623327302e-12,1.22777949493649e-45,1.22599631404151e-33,0.0155375077035742,0.0359252853911218,1.85763950710599e-21,6.31034379029535e-30
17619,12630,0.709758417497818,7.90389464175447e-06,2.53221327667484e-18,0.118570396335877,0.00271386242393548,0.0417253599204076,0.0593986984616087,7.41615761188116e-07,0.00683939689078233,0.0412645074318708,0.0194780705646178,0.000242644962679129
12755,5166,0.92122112247468,2.80421960272684e-08,6.80160551788284e-18,0.0121549746972163,3.42011393348197e-30,0.0269055233253751,1.18561815702687e-23,1.03411142104852e-16,0.00281908819272784,0.0368992629702763,2.96465892210778e-10,1.06265898150866e-12
12618,5890,0.943385662017354,1.34792275121218e-32,1.92123020552161e-22,5.02563761700797e-34,6.866010688986e-54,3.24866396133919e-19,4.91166133077184e-42,3.31511897561572e-40,0.00227162353073789,0.0543427144519082,2.86288986914365e-40,3.27918753020471e-38
14987,12877,0.63870824469067,0.000112723766759405,7.77173933303192e-14,0.123967818409517,9.30389697151969e-23,0.0634186354493389,0.0527599350521145,0.000138611766929434,0.000126977342954591,0.0652798222101079,0.00044357993188309,0.0550436513796479
13585,4682,0.923852445244108,8.51904608070811e-36,1.40255955719428e-35,2.38373066104498e-34,4.73423004236902e-61,1.44669422997288e-21,1.7493752302696e-60,1.79109068039736e-43,0.0251620625586466,0.0509854921972455,1.12904061299407e-41,4.23568001753819e-30
16512,13115,0.974451939743684,1.88198772416237e-17,1.08643815407234e-26,1.4525611522565e-15,1.40488391046907e-42,6.11867563252102e-05,3.21918375920321e-18,7.48907089832239e-22,0.000128483223716421,0.0149124535616038,0.010445936714669,6.93027532748756e-19
12059,3480,0.933798098425018,1.05332430128158e-29,5.78077253035685e-25,5.14451362837326e-29,1.09410425583959e-45,1.43960356330405e-20,3.08129564709467e-53,8.75518180055269e-36,0.00826589383811253,0.0579360077368693,8.28903345103428e-49,1.27368471348575e-34
12911,14086,0.932374615309981,0.00926217371742169,2.04949660302259e-09,0.0147163085437102,0.00150690110401343,0.00030431799830951,0.000129753629036942,1.28638032888605e-07,0.0114885123637049,0.0302146130797579,4.37812172252745e-20,2.67356653531975e-06
12910,13604,0.916480907596456,9.31662671887399e-06,2.02930703834578e-05,0.00338841625905556,0.00292535220946984,0.00057405233992127,2.10537740473987e-14,7.4019608414865e-09,0.0193123197092561,0.0572892611388277,4.12096376331922e-10,7.32358327782248e-08
10265,7100,0.943039110910804,1.5917414762214e-29,1.8766145359373e-23,1.31053217952308e-23,3.64840441412762e-70,1.90751609666354e-08,1.15123524414343e-35,9.27428747834484e-30,0.00234471743702105,0.0546161525770127,1.13562723243041e-15,1.54777353532427e-30
15270,15769,0.960279413122021,2.11397009511852e-15,2.14757050172292e-13,9.97164694339357e-11,8.77803581129217e-55,0.00208915484701641,1.02395340745247e-10,2.39475707164323e-23,0.00123235042370856,0.0289992042387521,0.00739987716616659,6.17070178320913e-15
10688,10715,0.917522016675057,0.0106739420179186,0.00015905306826633,0.0142275322164401,0.00155816187126834,0.000297710334323663,0.00437789888400868,7.56061784105486e-10,0.000329050730186983,0.0479904675476211,0.0012694082335409,0.00159475766530652
14565,9743,0.912881120522168,0.00042631168062308,2.29466092678022e-11,0.0184807143515557,1.64626305561664e-07,0.0169110993254274,1.92655577181866e-05,2.1365770634366e-14,0.000604744961371642,0.0424848707041294,0.00242622331838199,0.0057654849293514
13593,8540,0.909181663367319,0.000634734918447227,7.60652284666448e-15,0.0137969939346864,2.75463445446767e-30,0.0139428367323657,2.26537883235637e-13,1.71399561249894e-17,0.00254656834973149,0.0480250683384367,0.00970930862691341,0.00216282573186611
15540,11911,0.951601941638795,6.54545107577331e-09,7.89572010429832e-19,0.00326217649251345,1.11760461579142e-40,3.84443878740163e-05,2.6611705718486e-14,7.2842018066503e-13,0.000696489513179985,0.04150878944359,0.00289214770865937,4.26918254790522e-09
10536,4206,0.949180157548999,1.73820538947428e-13,1.5796497562395e-10,1.60722437412019e-12,2.25909063132893e-38,1.14446724185957e-08,5.44270034262013e-27,9.465623238463e-24,0.00870161382025995,0.0421182128026891,4.22311235438366e-09,5.21560297677904e-13
12758,6613,0.941191716175577,3.28847072277339e-06,2.20025600193503e-13,0.00347247309087256,2.94089479871622e-06,1.53497860651154e-07,2.15377528603671e-27,1.27948201618701e-12,0.00419883120325377,0.0511303714022596,5.97829553570259e-14,2.25263095696842e-07
11391,15777,0.920442950166549,9.81547437511047e-06,1.28572566875463e-13,0.023646357464719,1.66832820566336e-44,0.0387596498995961,0.00279459061532969,3.84867500047875e-10,0.000752656398504274,0.0135939635365814,1.60593483665437e-08,1.05419060374096e-15
16099,14321,0.947840204775614,7.35792904250456e-13,4.11161099594904e-23,0.0209932615199687,2.49845398615797e-43,5.9117206788356e-06,0.00133475892047821,2.23682599089266e-16,0.000397929990043719,0.0266661689551513,0.00276176411693548,3.93287131439765e-13
14701,8538,0.957131519555069,2.77182193726503e-07,5.09248526662642e-15,0.00257520419740339,3.70288052531688e-49,0.000367049450230585,4.9797579578067e-23,2.19036934185809e-16,0.00831818168117056,0.0310172362950455,0.000590527005057996,4.63382404904442e-09
10839,17225,0.952185150247064,3.7610707548585e-05,1.08628372924192e-07,0.0233171119778052,5.43667850045611e-39,0.0128705389365086,0.000843865749045211,4.02198865712829e-10,0.00285668080673597,0.00788893254451137,2.39217589697978e-17,2.09041328887335e-13
9454,17227,0.779260969274119,3.7866722869678e-10,6.51941498555332e-15,3.08548177720312e-05,4.58285070695704e-39,0.19153416747276,2.48897625108244e-34,6.09144072594919e-26,0.000567487020122544,0.0286065209421147,9.44380393822399e-11,7.41469699599495e-20
14570,12154,0.3457148623782,1.02799678997927e-08,6.05558837854101e-29,0.428567215539675,8.23854277021497e-55,3.36051273431036e-15,0.0671413857257448,3.20812765398561e-05,0.0150122419754703,0.0112881875142193,1.59275473395184e-34,0.13224401531018
8747,10237,0.935026430869388,9.74825276515028e-08,6.89306320099192e-15,8.00682332173409e-09,6.62147117240351e-23,3.9144333317683e-10,5.63169224921807e-12,1.86453783904474e-14,0.00488076052382465,0.0600927027203098,1.79347079585785e-28,2.57660406757125e-14
11109,13367,0.194548322580828,2.09994797718115e-05,1.54447127308795e-12,0.289817215423413,2.22610527546314e-53,0.185340148631088,0.0287981553520728,1.23328938688263e-06,0.000728336157581038,0.117567039008712,3.13576112183313e-08,0.183178518717991
8607,9514,0.939493682296606,9.8078352634989e-13,2.29573901110841e-16,1.2657311313537e-11,1.93774801874804e-15,2.7556435243949e-11,3.93034943385539e-18,3.5642383259296e-19,0.00550586752848403,0.0550003417723348,2.03973545023172e-10,1.08157404670025e-07
14006,7333,0.946330109700409,3.27821331258632e-19,4.83493678375532e-14,9.0312670228369e-25,3.97829179312898e-20,4.77695929706726e-09,1.30916697049408e-32,2.64825573544691e-34,0.011134738662665,0.042535146859918,4.57162461673741e-20,1.27343065877782e-27
13306,3718,0.167979026591751,6.4556560319571e-08,5.72882084805959e-15,0.275875643665147,1.12515679045016e-29,0.145802836158629,0.0568476283618206,8.0254724692371e-06,0.0692929492894732,0.0545394352811423,1.25018735055877e-13,0.229654390622876
10401,5894,0.942361168169986,9.8424048993481e-23,1.14487697001309e-15,1.31136999271591e-26,3.6097326245304e-39,2.39499672992563e-06,5.51547749798763e-34,2.15458339514453e-41,0.00327979971667309,0.0513868038265139,0.00296983329009564,1.06135974980044e-33
15811,9017,0.924903994144434,1.32794015004983e-07,8.93100864016257e-22,0.00663745564598399,7.49818711762291e-32,0.0126630127434974,9.00856378579031e-17,1.72081463277275e-18,0.00467933246489656,0.0440498932942299,0.00706617562667738,3.28626561289834e-09
10263,6136,0.948178208155893,2.80476771407963e-07,8.41303534324699e-12,2.52824156888372e-05,1.62898238754332e-09,1.21721250810001e-08,1.36780010264021e-20,9.7519508407047e-12,0.00379765370267331,0.0426850751319495,0.00498372790317663,0.00032975839457445
16648,11909,0.94372031752698,1.06563469185687e-37,1.44592371089313e-29,4.31041126683427e-36,8.25129276401221e-51,1.21031895147475e-13,2.8944490055838e-47,6.63100402194571e-52,0.0015861042892625,0.0546935781836369,1.1057695171627e-22,3.88452467047783e-41
13308,4683,0.930542961324918,3.81864442631958e-11,9.56324107774505e-20,4.55243520336025e-13,4.91770958504559e-22,2.23338902164219e-09,6.79488222299715e-27,8.82651520530309e-23,0.000130479763997402,0.0693265566390532,3.23655975774179e-16,1.56629164055683e-16
8744,8791,0.953023873830795,1.23970229500736e-15,1.14598017095183e-23,2.55189586868401e-11,1.34106137358536e-31,7.93278102925143e-10,3.27941866330583e-28,9.60158676124617e-19,0.00076186571741294,0.046214259632977,1.72842026637329e-14,1.50077841689972e-18
15134,16975,0.871471739325471,0.000586421241872912,1.54485843577443e-11,0.0221006390526012,1.66971861096449e-06,0.0573009122787343,2.72446061420389e-13,8.07754593155639e-17,0.000439762826757833,0.0170986911764596,0.031000164345924,1.7846942685555e-11
13172,5889,0.9291990623946,7.77535224856957e-47,9.24470877378922e-33,2.60954373649156e-44,7.96665853736473e-59,3.22446133863978e-18,5.8716924744698e-60,9.55395360749696e-54,0.0106940277521803,0.0601069098532196,4.40946537668235e-34,2.44155303842759e-48
12069,8784,0.942257538291963,7.50258885772767e-05,9.73794728256044e-18,0.00689319352691803,1.03748868916627e-24,1.51554001730173e-07,0.00291254889764625,3.35987038851517e-13,0.000981072819841882,0.046813365920619,6.38317568009544e-05,3.27134329596354e-06
13193,16497,0.962228967220034,2.60649891276754e-31,4.91441918595886e-13,1.98300825474612e-34,2.94226462200126e-26,1.45455663526857e-05,6.25308428811321e-31,6.62626629639882e-47,0.000821287734570939,0.0369351994785464,4.03360415400459e-15,1.03801450600354e-37
12202,5649,0.946762042834136,0.000235214095854893,0.000253844452865088,0.00684522562546544,0.00016562000143968,0.000504811271590677,2.14842696040706e-14,1.74808356858344e-15,0.00275360070618935,0.0419034782894414,0.000576157268583947,5.45440998334871e-09
9849,7342,0.906681104605858,6.12510865212505e-07,4.20580803729503e-12,0.000244664978050936,7.56608239530167e-24,3.67476245947866e-12,2.31661252852046e-15,1.27154559627383e-21,0.0117183907105536,0.0813552271867841,5.22897191815242e-21,5.62857403931345e-15
15947,7812,0.9349948282911,6.02994685936771e-19,1.44980612667634e-15,1.35925273262175e-19,6.05528122296412e-31,1.23504733605451e-07,1.10250672506407e-38,1.3250604626699e-33,0.00401115929393076,0.0607380566383819,0.000255832271852412,4.62683209620601e-30
16924,11426,0.954719529127619,3.34667442424555e-22,4.64896824893127e-21,1.60390190880647e-17,4.85712032829905e-42,8.17293295598908e-09,2.55595672878801e-17,5.9516303159769e-32,4.3814510733763e-05,0.0452366479952274,1.93487101971849e-10,5.23259111299818e-22
14418,5645,0.948999256818968,1.56789944404521e-39,8.04871031928093e-30,7.69142926986487e-39,2.98381202287937e-75,5.78819364313557e-16,6.47283097968818e-56,2.36767567136744e-51,6.89555172864841e-05,0.0509317876637451,1.17227989784115e-25,3.58959179204083e-38
10698,16019,0.977248759633539,5.15771137435221e-16,2.82203848141053e-23,4.29793871991655e-14,3.81799356773628e-45,0.00395021065117434,8.60110703643882e-27,2.83998361475168e-24,0.00308318566386694,0.0157178440513748,1.18301499424777e-15,5.02188461646926e-18
15535,9500,0.957191796044312,1.15526027169943e-09,1.19999725535617e-22,5.2523032125469e-05,4.22988434787127e-51,0.000366895845286515,3.78517653324218e-11,2.71025040328921e-19,0.00202833744458504,0.0389279635198548,3.75718955379338e-06,0.00142872573117013
13464,13121,0.935473755371647,5.87319218138128e-08,4.62406650677707e-19,1.15164243666222e-08,5.43624455371691e-38,0.00465534706769953,6.15716106240539e-10,8.56625796170281e-21,0.00282640226717721,0.0570210522689526,2.33720564321105e-05,1.04028784347115e-10
13457,9745,0.956098685820298,2.02739666477565e-17,3.68090899190374e-15,6.60965182848044e-22,0.000782142376161044,1.05297031721435e-08,1.20378792999215e-24,2.54999094120961e-25,0.00623329952469585,0.0368858615040011,2.45137595392653e-10,1.63684186193774e-21
10136,12163,0.959473577745575,3.79311222868489e-08,5.96345597280261e-18,5.29620394674877e-11,1.09977343707875e-26,5.67905960560414e-05,2.75636211233816e-18,1.3710690707233e-22,0.00125384298146888,0.0334964302798553,0.00571932041296081,8.7129213260834e-19
11526,14089,0.388852596189869,7.96343175934015e-06,4.99712500888794e-18,0.340925995868417,7.97540489709371e-11,0.0297909751293407,0.0453437208490235,0.00867154379824357,0.00870211288730329,0.0599119106609785,3.82219636142047e-22,0.117793181105311
8898,16264,0.925302049201291,6.55440404808903e-12,2.50619810933182e-17,0.00403400284955129,3.10679368824881e-55,0.0471996752893318,0.000782016908323245,2.3820305694074e-15,0.00133971317858413,0.0213425425662931,6.83491377065353e-14,1.15246037763253e-21
14557,5404,0.963584837893667,3.73139719745584e-12,8.71523087832829e-23,1.36868745869454e-08,1.69637902775759e-61,1.48739976245478e-10,4.23655592425216e-17,9.27782604381256e-14,6.86566860631117e-05,0.0363464915806535,1.40267465510639e-19,1.77692938782727e-13
13741,13120,0.937672701129951,0.000189983843630287,3.84535741609617e-11,0.0248429548103377,4.31466933409551e-19,0.000187373489529002,0.00608155708652181,1.31237018558374e-12,0.00160242851551758,0.029422996059748,4.56158296576334e-12,5.02043716431784e-09
14571,12636,0.625864884534804,0.00173997487843859,3.63068744927117e-08,0.126052793091057,0.0082739377392502,0.0215093902292281,0.0307639436031066,0.000198698719935641,0.0575549658568564,0.0325449320454369,1.3347410591037e-07,0.0954963095209062
16222,6847,0.923636242998275,0.00856916629468841,8.15382536094542e-05,0.0159283012924892,1.52112084259721e-12,0.00242980471346492,0.00130460132174822,4.30789407027735e-13,0.000173631153014601,0.0478540624215446,8.93191624979772e-08,2.25622300511522e-05
15676,10705,0.904526574127823,1.91022557449651e-07,2.19893181497636e-14,0.0173125941532586,7.16690687348165e-34,0.0469059363190294,1.31218159179004e-10,4.93290438537566e-13,0.000143110191151493,0.0286951906587482,0.00236368779188998,5.27156038086899e-05
15687,16492,0.714106571887437,0.00661512118606801,1.19323245575698e-14,0.0325085016966695,3.46181689758281e-52,0.136173685465306,5.23197953213793e-10,1.18565131263693e-15,7.07171696832011e-06,0.0577251560803157,0.0528637728481135,1.18595910402404e-07
15264,12876,0.848168810355961,0.00235746420424053,2.31314372560039e-22,0.0481223079725591,4.43780056019824e-31,0.040497231486403,0.0116408286050129,5.65689534379909e-13,0.0015113121205514,0.0324346164306543,0.0126539060960499,0.00261352272800188
12777,16256,0.956078309375561,3.71141480050607e-12,2.47828704723773e-09,0.000181563039379308,3.64221463096857e-38,0.0206906362621795,2.68312058854428e-17,7.20302981864451e-22,0.00253476955922266,0.0205136580002175,9.68093276873406e-10,1.06031334816585e-06
12905,10711,0.954121916179846,1.22673251102423e-28,3.80010525896074e-23,2.09665430650028e-30,1.41242667694972e-39,1.57877122263084e-09,3.82168625620202e-38,8.74770057181438e-42,0.000284896435948891,0.0455931858054336,3.21759503340307e-23,7.92566388213578e-34
11513,7821,0.960706699059018,2.81524189210182e-08,1.2688143900382e-08,3.39566233573043e-05,2.20689710080135e-33,0.000196063572449118,2.60327571554188e-12,5.61663971024794e-17,0.00383278065514543,0.0350975572930332,0.000132901953816408,1.42806366019929e-14
14712,13842,0.929492836191047,9.31538246814017e-05,2.16214719676902e-09,0.0237788643281037,6.31167049134034e-44,0.00800817460620714,0.00133868977220259,1.28649052607866e-09,0.00398489534504774,0.033215293563521,8.74133042472374e-05,6.75616304365001e-07
10957,6857,0.905807786322725,0.000615779306901027,5.00379585561753e-16,0.0245596057116414,3.92698421435168e-17,0.00248613419628763,1.71810017241114e-15,3.00474755660873e-11,0.000278469904583098,0.0580373219433732,0.00821339922454824,1.50335989088264e-06
11382,11437,0.837880421890663,0.00289082132477936,5.26034210882147e-11,0.0492356497906417,2.54958897834072e-21,0.0234283012871128,0.0185875907682632,0.00403748861062658,0.00143403215122094,0.0477252300462153,5.53095342381271e-09,0.0147804585469206
14013,10709,0.951991821902187,2.11810584159433e-26,2.13289122360487e-23,1.70195552191075e-22,1.02421748547955e-79,2.60619743705905e-11,3.1035294632322e-31,3.31369670242593e-30,0.000504578388940238,0.0475035996820909,7.20084766169392e-13,4.6171565831773e-24
12354,12641,0.922243936508445,2.15244290068463e-19,1.78446792110964e-26,1.18348666898653e-07,1.2265961413522e-44,1.22871523932454e-19,6.22153954222366e-31,6.8312420112846e-23,0.0286640458147932,0.0490918993280944,1.11241925298201e-46,1.62305201464387e-17
10815,5170,0.922916716735688,3.10247810140741e-41,3.30817941488041e-26,1.79235674348685e-42,5.91866780060358e-52,1.72058489351604e-20,1.07330156385606e-58,4.17869182599595e-53,0.0278066294916021,0.0492766537727095,1.55116173977164e-50,4.99991756290809e-51
13042,9987,0.93445945937525,7.09859945486298e-07,4.7260927095508e-19,9.70411819886092e-05,1.40326302818398e-08,5.54759249669392e-10,1.03005502567242e-30,8.02881186800731e-18,0.0134645982267043,0.0519781767500497,2.09708864548057e-13,1.84622613644422e-11
9293,6379,0.942920769267723,4.62754213036855e-34,3.98558013372039e-23,2.78529808348353e-35,1.06088592566171e-60,1.8039051911474e-16,1.10347291616986e-66,1.30861749789287e-50,0.00297480343073507,0.0541044273015421,2.26465600009542e-32,2.37163376042144e-40
13031,4683,0.948926888593956,1.64471358828015e-19,5.43802359843844e-22,1.62096457436215e-19,1.25738443379003e-28,4.01088265057166e-11,8.10264763446012e-48,1.53061179843511e-33,0.00196108425497491,0.0491120271109604,1.54768880784525e-24,4.91949718920307e-22
14567,10708,0.897117458336155,1.02704709636065e-07,7.34347883356607e-17,0.00549376181192849,1.06776796528126e-43,0.0335408598931277,0.00634892801166998,3.01924330534869e-09,0.00048854884739554,0.0551186481516584,0.00188309816057279,8.5910635391556e-06
13305,3236,0.880007690773231,3.98897591391972e-08,1.65944451436511e-27,0.041733798025622,4.36118237339183e-64,5.19277108356115e-09,0.0258117539325123,3.83864069857738e-10,0.00636388716709189,0.0459917066276821,1.51758391311394e-29,9.11180074666641e-05
10133,10717,0.949956532459433,0.00119702021321849,8.14325219645881e-05,0.00047850203541976,0.000670801639329481,0.000180807271723408,5.87905122066406e-15,8.86444075908352e-15,7.59209937712012e-05,0.04735866856192,3.1430305374943e-07,1.51196401787094e-13
12220,14811,0.64321663125623,2.13631480878099e-06,6.13383397896871e-20,0.135439768541733,3.34096144820868e-58,0.116691911689244,0.0427210572417271,9.90261981538246e-10,0.00137810160420307,0.0599543631809854,0.000595080592848783,9.48587957821605e-07
9732,17709,0.954213290288594,1.69597760477241e-26,2.95782403835822e-12,6.77079828827405e-30,2.55663223944735e-22,0.0111383131224677,4.36330201898137e-39,3.57876909658753e-41,0.00101434133551553,0.0332071235888341,0.000426931661630371,6.09128952588794e-45
14433,12878,0.601181716807607,1.93247558783816e-08,7.03225056842192e-32,0.224024849293657,2.45738816518391e-70,1.95566362622404e-09,0.0942041682670601,0.0104092669583262,0.00195543125182011,0.0456746716642313,5.04908138949773e-32,0.0225498744768786
15822,14804,0.946870598850862,6.64668235788902e-07,5.94234926153027e-14,0.0187813396346974,2.58846109677614e-46,0.000155158485522826,0.00229597036020255,0.0141438487406077,0.000370922384180457,0.0173719294114784,2.9039145222046e-12,9.56746124938511e-06
13034,6130,0.942255351038,2.98313371576822e-08,1.85825878023952e-17,0.000421874971798801,1.35845217415493e-20,5.98025155012671e-08,3.09893643140987e-22,1.86704942723347e-18,0.00488545703241241,0.0524372272730322,2.40291081053473e-17,5.09037361622058e-11
15807,7089,0.958712360168464,5.06675755126444e-11,8.22194347928162e-12,6.94627844333945e-06,9.36158188466613e-42,0.0013177972623466,3.2569271788734e-26,1.8303963950908e-21,0.00177273755175139,0.0381411698931428,1.8494969101633e-06,4.7139290052287e-05
9030,13130,0.960634845579968,3.43286791442869e-19,1.71660570162437e-20,4.51946461087883e-20,7.93545772959307e-56,1.22366599124198e-11,7.40769333327306e-31,2.31076641120815e-29,0.00424665668546741,0.0351184977222439,8.40175675578648e-14,3.21122575859261e-30
9031,13612,0.93103061745817,6.53779128469884e-05,1.35043434760777e-14,0.00092843645946811,2.81640744295834e-09,7.7434484613431e-10,5.15424540576925e-17,1.20691955794098e-15,0.00528916495353509,0.0626863963527713,1.91325253400857e-18,3.27244149882195e-09
18032,10942,0.868660225470377,6.39518998878978e-10,1.18956861455432e-23,0.055494275608603,1.22205142951659e-44,6.16449288376086e-08,0.0249817147589685,1.66634433465741e-09,0.00929120987370212,0.0415723718383501,1.38450138248788e-07,4.90685741538971e-11
11523,12642,0.641523829349526,0.00311590573719866,2.6468277437152e-10,0.0808624501197553,4.07706212866538e-05,0.20845277150319,0.0177770582861148,2.7228097899914e-09,0.0143836208889776,0.0336585802809328,6.83874214557135e-07,0.000184326351311193
8756,14577,0.955111174627479,2.37306286244614e-10,1.00234355547153e-20,1.2251917083105e-09,2.49903142283364e-13,1.68783458110044e-08,2.39512560883643e-26,6.49076058034627e-25,0.00172165681975955,0.0429950947774692,0.000172055431983916,2.21429651809137e-12
18587,11423,0.935137189232954,0.00234107574769365,0.000761589245869102,0.0270707589474192,0.00329037281926132,0.00305338116157403,0.00651524201279886,1.10501186579447e-06,0.000420142097267924,0.0205004960426018,0.000908647248861327,4.31833406878699e-10
14709,12395,0.326086301599317,0.0021657221066777,0.000291281081062984,0.179754460501303,2.35285707145917e-12,0.170691548111623,0.0495833210260565,3.64385584440093e-05,0.000197375536759039,0.0809616676111456,0.0297509017085319,0.160480982156727
9432,6619,0.941827312758338,1.31585572052853e-29,1.00384919164467e-24,6.26409006555171e-31,1.45602895740787e-56,1.0364778369989e-15,1.78951548639274e-49,3.2794088831596e-43,0.0080516966990795,0.0501209905425817,3.37739909154937e-35,9.11197513979103e-33
14573,13601,0.659233693134605,0.00107569145010147,1.28223328367906e-05,0.096491175144285,1.87550406130644e-10,0.126419724758291,0.000699091828548979,4.36648900312795e-10,4.89606912289561e-05,0.0649428453658468,0.0380425742560643,0.0130334204139926
12080,14088,1.44287379849778e-06,1.3311914548347e-09,1.11226236584583e-21,0.798413101227128,1.52150963042027e-68,9.6814302877492e-10,0.141202375725986,0.016972258581729,0.0433668859018443,4.21719269848353e-05,4.29999662067751e-44,1.7614631940717e-06
8741,7344,0.95560733451508,1.15792297247976e-14,7.8155960960706e-21,5.96798506722546e-08,1.52768436052139e-53,6.20930261020915e-11,4.56606142469701e-29,2.2570371135385e-23,0.00244651322009453,0.0419460646082351,3.80180628177657e-11,2.78766171893429e-08
8880,7585,0.898459948626868,0.000270344370636549,1.46608170314254e-15,0.0437209739055495,7.21086868034879e-46,0.010318148577743,1.22837200902444e-05,1.00028804235786e-05,0.00310720240049093,0.0435184219410606,1.32473683205424e-08,0.00058266032976787
10837,16260,0.963784360686532,9.88268148721835e-35,1.71563088667642e-26,1.07589148786035e-35,2.41376780533182e-55,0.000235456602914534,3.01181842551225e-35,1.10119952136217e-36,0.017412319562218,0.0185233449516464,4.45181966889125e-05,1.28749732301771e-37
9174,15781,0.88330944546472,0.0356459378914029,1.69441891985713e-08,0.00102648449265102,0.00411213861360072,0.0533455607577777,0.0111238825739022,1.56092843830927e-16,0.00101661468263569,0.00845474164337049,0.000121053231287637,0.00184412370446242
14834,5403,0.948142675790776,4.28071795908759e-24,2.4289806823891e-11,2.70300427528676e-29,8.60819803732825e-09,5.35722067995913e-13,1.0215395984083e-39,7.01537425875466e-43,0.00203862950965826,0.0498186860665425,4.33811735217716e-21,1.17697119203145e-27
12626,10229,0.94617255413712,3.38251807022015e-12,1.19657270006383e-25,0.000159258752589024,1.24764873149482e-68,2.86519606434915e-08,1.72477097007368e-31,8.24364921972345e-13,0.0136880697662271,0.0399795726123674,5.16075528473086e-07,7.23362223226984e-16
11394,17706,0.775693775927908,0.0271727423976018,1.07707047445134e-15,0.0410316176793483,0.000641318170609855,0.0822251280820797,0.00197141993458618,9.26543683191192e-13,0.000159314157819209,0.0363592566888194,0.0225238581920155,0.0122215687682843
14555,4439,0.943692314355129,3.28236550283293e-11,2.59905711973436e-14,8.14231305221873e-11,6.66594013206072e-31,1.77466490858885e-09,1.56476335869319e-31,8.61073678522963e-23,0.00848268356951539,0.0478250001863293,8.88544974474165e-14,1.84588879565643e-16
15120,9742,0.945953327721503,1.12381677398733e-08,3.57023647724433e-10,0.000307340526704811,4.23805128436015e-21,3.79555117729351e-07,9.75941018133396e-20,1.30569177900196e-24,0.000369009875359373,0.0447607525712809,0.00860917815454061,3.02231397148175e-13
9036,16023,0.892135253692094,3.12456230350688e-05,1.42980196276135e-13,0.0250377674485998,1.41317709376246e-16,0.0419125770526245,0.000919044980084844,1.92345112008108e-14,5.8201234999141e-05,0.0129285336497103,0.026977376307831,1.08594588423633e-11
8740,6862,0.937681877607703,5.62444200703688e-41,1.15945765187626e-31,4.21977838730298e-37,2.18956473325722e-89,1.267584768482e-20,2.30994580378428e-25,1.02571531742852e-41,0.00257828390774871,0.0597398384845481,4.23572119913406e-38,6.18925477513911e-40
10286,17708,0.824541732204345,2.93250273629542e-09,2.23478750427509e-20,0.0458204861787607,2.86465930071695e-65,0.0997812333570087,0.00634486465498502,2.08491511728611e-11,0.000257433717017366,0.0232542469345038,6.4719082682e-18,2.77936562882915e-14
14297,14083,0.742645950594172,6.43598923108313e-05,7.43156493691831e-17,0.101779168448773,1.68301306950731e-39,0.101234209424358,0.0230987454253987,0.00101213765930067,0.00131359698616007,0.0158567378425883,2.78144846364342e-11,0.0129950936991233
12217,13364,0.9331553101957,2.44821859566665e-05,1.03619206010171e-15,0.0143483425548541,0.000176402785829621,7.45297353696356e-07,7.71563768989227e-11,1.33711260601214e-11,0.00789798448685504,0.0443653779855157,2.42502443085674e-05,7.10417309800885e-06
13737,11191,0.952119430111224,2.29647558838713e-13,2.10774752643724e-14,0.00117647182232469,1.10875906766446e-32,5.43659384143477e-12,1.48961379539219e-17,6.22805802544787e-19,0.00129051929621478,0.0454135787645413,1.06876862460254e-18,7.64792664278976e-15
17334,8291,0.886105029870268,1.37527394579193e-08,2.21132964273599e-20,0.0486948769089497,3.35701540694852e-40,9.60016107306803e-07,0.000700120843305241,3.34207858851719e-08,0.0211149341624274,0.0433840310040249,3.06521553642624e-15,2.13896170790044e-11
11093,5652,0.92613094422909,3.23282252564165e-09,9.53585474129899e-13,0.00987409139656735,1.82361020334244e-41,3.31416616842903e-11,1.31041798345834e-20,2.86610520507208e-14,0.00128958004756531,0.0627053810597201,1.86622365305647e-19,1.10675584543175e-13
16651,13355,0.959781742487124,3.05846358047714e-14,6.08746463114817e-12,3.36567110910016e-14,2.82465575941472e-16,0.00602139906440197,2.92562440604575e-27,1.99359168719142e-18,0.0106044058762626,0.0209770978174421,0.00261535474861724,1.09632488529051e-28
8336,12890,0.936988358509829,1.61965522603299e-18,6.10767693498452e-29,5.16716767706369e-10,1.3257782095843e-67,1.19273965457865e-16,7.42545382436808e-30,3.32195515873463e-22,0.00657089069720919,0.0564407502762454,3.10313765119381e-27,9.15000609625457e-17
17894,11183,0.940050929787641,1.00296986066829e-11,8.14240385922639e-22,0.00244749735836338,2.72556362681828e-82,3.07137302647241e-07,9.17002420633315e-10,6.26677384539581e-11,0.000232783786736205,0.0391549764042417,0.0181133982636219,1.06272392713679e-07
13589,6611,0.91957057361309,7.07472538997769e-53,2.45553524747226e-37,2.48230979971129e-52,1.99971419997149e-69,1.1609853188687e-21,1.31675832395417e-60,4.47047735605069e-62,0.0156950309183796,0.0647343954685307,1.17169171740441e-42,7.87246707550661e-49
14855,16011,0.928118363150277,4.39070881966574e-07,6.35734433615703e-05,0.0196215006242332,1.46815676515617e-20,0.0336061945190472,7.14756939669587e-05,3.6476587444283e-14,0.0015082674978657,0.0167384395089298,0.000269317585292061,2.42890610784328e-06
9576,9271,0.949813675782806,7.6253788675041e-05,2.22046886355077e-13,0.000141216832004971,0.00139906753433094,6.20607193147118e-06,5.19240461943799e-28,6.56094165879898e-16,0.00521212044523253,0.043351459528379,5.73438313569894e-12,1.06828987478337e-11
13180,9746,0.913348201754573,6.76182262914701e-18,8.09919912681087e-32,8.63738652422802e-10,9.71225649251991e-62,9.42695768099189e-15,9.09834110896208e-36,6.59566292107814e-26,0.0343696032932465,0.0522821940884325,8.38454916780246e-37,1.22573002101355e-20
16092,10946,0.909775818437736,6.25254835232679e-08,3.61972073665534e-21,0.00306065435571072,1.06100821537487e-21,0.0610945724157337,8.99634503185839e-21,3.16504528469836e-19,0.004300254309904,0.021296473447391,0.000472164490853015,1.71879447251884e-11
16373,12874,0.819673975836759,1.37349258511234e-07,1.51416018250038e-21,0.0564230558820777,0.00543157611897891,0.00892149787205842,0.0458552375928814,6.68917916804134e-07,0.00966845191980431,0.0526250915675866,0.00140010558827212,2.01354405800585e-07
13749,16978,0.943673277696987,6.59646492568483e-07,0.000127938296305079,0.0108660797266426,5.58126536553397e-22,0.0136881624200021,2.77633911961305e-08,2.26778470973155e-11,0.0101574122325118,0.0150977572642216,0.00638868331603612,1.61473167273835e-09
13452,7335,0.918646337422628,4.23712118201884e-16,3.68089911376889e-20,2.66644576086974e-18,4.28294713613314e-35,9.59438808326362e-13,3.15455464934531e-51,2.83948807076918e-35,0.0178447985125856,0.0635088640638269,1.66291774087787e-35,7.79680070067037e-28
16647,11427,0.938125704414595,1.99354091473983e-19,6.2485366032912e-32,0.00511693538477906,4.65388852758054e-64,3.86949483573168e-15,2.18207330209094e-27,2.33104206459307e-25,4.13917286282323e-05,0.0567159684719941,3.39481234744668e-38,2.16135507241558e-19
8335,11926,0.883787210007891,7.41819275703729e-07,8.10538167676753e-18,0.0362622716391152,3.05874744136512e-34,1.15114756140867e-06,3.33483889423215e-07,7.82772743946435e-11,0.00769501571301933,0.0722532096759975,1.11491147552989e-16,6.64349727592885e-08
17065,12631,0.843024927390594,0.000913331101185328,7.10406793674182e-08,0.0517690188348431,0.00492969978061581,0.00949160713039871,0.00248328487117229,2.21333099550304e-12,0.0234194970502833,0.0614682235928234,2.81605426335918e-07,0.00250005759976493
14714,14806,0.924566069038856,0.0140366174183455,0.00287623895217504,0.00145546160294042,0.00125883482300963,0.003881340968376,0.00231645624331537,3.67877160466615e-12,0.000538455076494133,0.0351329710062085,0.0137844740254697,0.000153080841131153
7919,12168,0.924108806805609,1.31640157414671e-10,1.36859062539345e-22,4.66815687521398e-09,1.87026976801101e-32,5.92121922967352e-12,2.66678789265898e-12,5.8003151134085e-21,0.0119882626665046,0.0639029257195005,9.76716239759642e-26,6.14593865564585e-16
18727,12146,0.909422434089221,2.71150208134982e-17,5.2568012747727e-36,0.0247543710443765,6.62910612129144e-115,5.4633205414709e-11,0.0116289030234858,7.85438916553688e-18,0.00531011419103175,0.0488841775972486,7.10998927472437e-20,3.61412603668297e-15
9159,8549,0.919254705291967,1.11807279479017e-09,7.8951735825565e-19,9.71380075232838e-06,2.10343319114018e-15,2.61582751171997e-06,7.76455172820649e-07,6.45416255985031e-14,0.00611483414564188,0.0650009931764793,0.00961587374967839,4.86434656658636e-07
15115,7331,0.969018070417202,1.50312586275522e-08,4.82898027823589e-16,0.000275098109086455,2.45379155148049e-30,0.000768183062620697,2.4547705896979e-07,1.58594906895813e-20,0.000432566073215242,0.0295058213459166,4.83636523314e-10,4.58190886327606e-15
10551,11921,0.953030480292185,1.37366987998714e-15,2.49448941191788e-25,2.17646981597403e-09,9.60684479435169e-64,1.63223660404882e-09,3.46604429921167e-08,3.88421994463686e-20,0.00808906554451704,0.0375931324343772,1.24526462183772e-27,0.00128728325976998
10818,6617,0.934844028133189,0.000253128146234153,1.04485358732131e-13,0.000497833243069897,4.9282079717148e-13,0.000362598209873488,1.37586506014528e-22,3.40319262397085e-20,0.00869238918662915,0.0437188929558443,0.0116311141606931,1.59638693212078e-08
18450,12146,0.201670326208662,5.06870607710261e-09,3.19938059998192e-31,0.346478201714687,8.57021853577707e-67,0.0280066635674121,0.251418716634288,1.91548850128697e-07,0.0714524478433355,0.0544158533233332,2.91604736836597e-06,0.0465546780433571
13470,16496,0.965166330394692,2.57356426038495e-15,9.63994587070171e-17,2.52592019202074e-09,2.71131731011537e-21,0.00116811674026121,1.80314103591044e-09,3.82018273953906e-11,0.000915560557954489,0.0300343360066474,0.00271565193317964,4.3954986054845e-27
8894,14335,0.951596305003878,4.90276654605351e-25,1.50146918379669e-20,9.1226966455248e-24,5.67160943776423e-39,2.82826772144541e-08,5.44239026564905e-37,2.29809900812585e-32,0.0103353590496549,0.0380683076636986,9.11701478871584e-14,9.0700632474795e-34
8338,13854,0.930454686834196,2.70279990587456e-12,8.81313959210541e-24,1.58520968035093e-09,2.37683414392486e-22,1.6912022691515e-17,1.11924488170083e-19,8.37271762813751e-27,0.00700420067890725,0.0625411108989824,4.83029735705862e-49,1.7857493188677e-15
12620,6854,0.945797732544958,1.13926832427236e-12,6.53598324221511e-20,1.46997679259455e-12,2.3244440576606e-33,2.20913592651123e-07,7.91273915490774e-18,2.54279558169e-26,0.0008850413158926,0.0533147707339631,2.23448898287305e-06,1.57163119879515e-15
10540,6135,0.948873248502326,3.54917745885911e-35,6.7334928761737e-25,5.93414866040776e-34,2.51457974788756e-66,1.11724899442985e-15,7.03434523898899e-43,2.68230033648939e-38,0.00110487807275765,0.0500218734249153,5.09298818905229e-30,2.28897184584263e-33
10547,9510,0.956218805857425,7.89835900632294e-21,7.69044125660609e-13,2.085011360004e-23,8.76119221484305e-19,2.50344149934381e-07,5.79678116895452e-44,1.59500356320616e-36,0.000357138887321017,0.0427104562928769,0.000713348617457865,2.6955015261775e-28
13444,3477,0.915294774795028,7.74586533090838e-05,1.92127898371485e-13,0.00885859026449043,7.76438432739399e-27,0.00183296974603997,0.00084014612022279,1.12341286729592e-09,0.00358065813794675,0.0590525127544608,0.0104625599329315,3.28471965361354e-07
17206,13836,0.932386955587892,5.21738801896547e-05,8.12688833793589e-05,0.00715133121109972,0.00331484411192063,0.0278740517234583,1.3315943441403e-05,1.36878974687136e-13,0.00253153846058112,0.00877803353164047,0.0178164853063229,1.35993770027975e-09
14576,15047,0.928362638564724,9.96406013899746e-07,2.10710169284696e-10,0.00899216485534034,7.16014051861508e-17,0.0332367754648085,2.15800224444065e-06,7.72260572807251e-08,0.00703943430008983,0.0223164201241189,4.92907025202293e-05,4.41433725690113e-08
9861,13128,0.948935352944084,2.98125633439195e-22,2.01343698134545e-23,2.07570532322045e-17,4.11683581769813e-34,4.49502621770045e-10,9.93597048167459e-37,4.13848657465493e-27,0.00279983085750275,0.0482648157488135,9.70746218871624e-14,3.97960742376967e-27
10951,3964,0.931358245333652,2.68492385666239e-09,9.26904487693404e-14,1.96381877232918e-09,1.06445173543935e-26,1.97288482766155e-07,4.2309153117058e-34,9.86622305899908e-16,0.00302578402348775,0.0656157687055093,3.98559903084733e-16,3.13656388242828e-14
10262,5653,0.951532384246938,6.24220848975318e-28,4.83514881857535e-17,3.29708272804564e-30,7.79962831794989e-24,1.40543703420048e-05,1.80311717866974e-20,1.91247145994551e-37,0.0025202699286347,0.0429840358767834,0.00294925557730161,2.73885290890882e-38
14002,5405,0.966456569488841,1.21051109612041e-33,1.10693605413954e-32,2.47033991349961e-34,1.58992931314402e-74,1.17540724352148e-12,9.30657091572492e-41,2.13401281779289e-47,0.00261168659963192,0.0309317439103518,1.10775206171116e-20,1.06783043694077e-28
12345,8301,0.969883298740231,2.40451065629727e-20,6.65999251144096e-24,1.26015249249473e-19,2.23486216651141e-44,6.03305698283838e-10,8.24324035649861e-22,1.17371310183966e-24,0.00631254729994467,0.0238041533565183,4.43656571724855e-29,4.72153785291031e-31
17760,13835,0.96918743292189,2.82358080525515e-18,1.65323037072544e-14,9.30547466346068e-17,2.75466439354754e-41,0.0169375961668105,8.76059881338415e-23,7.65773850856463e-30,0.0027441142848705,0.0100353744227275,0.00109548220368471,6.8816933403448e-28
13178,8782,0.940995281638263,7.1981027289875e-12,5.91224150378383e-16,1.18203140415166e-12,1.94944804159853e-05,1.2436906146515e-09,7.20192889615258e-19,1.9283560214215e-26,0.000947704652809822,0.0580266048701156,1.09131063242055e-05,8.52759000933195e-23
9307,13129,0.920929838529157,3.61597185315409e-05,6.54971968170708e-22,0.000221179664862404,1.57001158835402e-24,2.22304617801571e-09,1.45035665363249e-30,7.39565314675293e-17,0.0150373440018193,0.0629892658331919,5.76193146831391e-11,0.000786209971772102
13869,8057,0.941790904374722,2.73921375409258e-13,9.11247635205324e-17,2.3220898703786e-15,1.94549184448269e-05,1.50849054691018e-07,2.66265903928298e-49,7.07326376397121e-28,0.0151576313766385,0.0430316594202739,1.99060589702056e-07,3.15126781504576e-18
10270,9993,0.968916536549486,1.61650155337419e-05,9.93370302126637e-13,3.17307039653536e-06,1.51847988577716e-17,3.83631936953914e-07,2.6260303359338e-11,3.66672559969637e-16,0.00114293199112536,0.0299208097138493,1.12283965370093e-19,4.18383981808151e-13
12892,4443,0.939746935153731,5.40132813564636e-13,1.41830210603157e-25,5.84125401215242e-09,5.27446630936451e-47,3.955740912894e-19,1.11811634604972e-37,1.04018575909343e-30,0.00158818300611985,0.0586648759978365,9.46265941046998e-33,5.18493115647714e-13
10680,6858,0.931762503009544,5.50195227673129e-31,1.4782469824135e-21,1.86486051023607e-26,3.07664246216206e-47,4.84609635371724e-16,5.00830625538132e-32,4.81325669391965e-38,0.000446972267790138,0.0677905247226653,1.44521564759196e-16,2.80337778751252e-27
15130,15046,0.927095277148533,0.00094317450625258,3.13910297556355e-10,0.0302479464601422,0.00785527021672345,0.00780693915008803,0.000145690275595584,0.000729531013540751,0.000464972832309882,0.017840743699514,0.0068698717640808,5.82619309841319e-07
12915,16015,0.958379437834275,6.08315043711691e-16,1.87956995827109e-18,4.17448555921101e-06,1.30662165349084e-64,0.00701851398534791,2.92932550972004e-12,9.45064462972091e-18,0.0038476875989886,0.0307501859516519,1.41247803302525e-10,9.98210485873041e-20
10955,5893,0.948244811407204,6.66829088343558e-42,2.00357937952911e-30,2.96308712710384e-38,1.61466086076062e-50,8.87452656996174e-18,1.24302438270266e-46,8.53489507623985e-41,0.00240448674968545,0.0493507018431112,1.29995786259777e-42,7.42048923586605e-46
15826,16732,0.715262526591788,1.95783130567963e-05,6.07705617431737e-15,0.154862511382638,1.97527648414072e-22,3.98462521833791e-06,0.0807165033069457,6.89970412619837e-09,0.0484821504956252,0.000652578951986587,3.43403605972136e-18,1.59433031430203e-07
10973,15054,0.0951826360173664,1.73984849912303e-07,1.86780533544361e-19,0.558757885152877,2.35350669820572e-51,0.0849424875360229,0.120502676774957,3.86277233409577e-06,0.0536480409243064,0.0830817311214577,5.11436634400728e-17,0.00388050571582782
10832,13849,0.40610057215766,0.0135895665256274,0.00543000962093698,0.161782766272119,6.80140058777996e-06,0.230479534555481,0.0245876783648249,2.54154724542883e-05,0.00159784748390961,0.0428470203035176,1.04457754065557e-07,0.113552683385127
8463,6862,0.947724465859107,4.20224345146534e-38,5.15063953603596e-27,6.11725135933417e-35,8.57535228478764e-70,5.28733800657518e-17,9.28291274410203e-61,3.3882233571464e-48,0.000641378987619787,0.0516341551532736,1.66408775892068e-29,1.4110890359003e-40
11512,7338,0.944493481748097,3.59568352210269e-06,6.05841840428982e-09,0.000241633351374847,2.06577565823744e-05,0.000172087083019389,4.51342822142556e-19,1.31312448426189e-12,0.0240611869526264,0.0306852878162367,0.000322063548723453,8.56527939694464e-14
13317,9022,0.942931872799562,1.31653780506773e-16,8.60172096708025e-19,2.49316152835512e-16,1.3904506868223e-14,6.10209512919013e-09,3.72461156500089e-31,1.356911160196e-28,0.00678109816758669,0.0502870229307297,1.21925676317255e-14,1.49378883855865e-27
8480,15542,0.917503529386665,1.20076455667226e-06,1.58694682048653e-16,0.0402838065464203,3.53486190820595e-24,0.000375329788031868,0.0224589052857327,3.04237460637151e-06,0.000608306018336357,0.0187658698807874,1.18025632401361e-09,8.77460696061778e-09
