"x","y","Immature myocardial cells","Cardiomyocytes","Fibroblast cells","TMSB4X high cells","Endocardial cells","Valve cells","Mural cells","Erythrocytes","Epi-mesenchymal cells","Vascular endothelial cells","Epi-epithelial cells","Macrophages"
16790,13596,0.106769384489207,0.151498902619141,0.0605343504742186,0.0113052180807829,0.155719769722677,0.0985732451708976,0.0443946661881103,0.112290098625724,0.0273397692113729,0.0366870654506065,0.118301309957571,0.0765862200096907
16103,16250,0.145706393769686,0.228285613532985,0.0240773966554352,0.00178144167260138,0.111904439458705,0.0640987415484786,0.0225985071242941,0.103254276261033,0.0587701159724938,0.0447338217722232,0.115239351466981,0.079549900765083
18589,12387,0.0775005382669034,0.099624918510612,0.0465675132055051,0.0297971880687635,0.0545247536519796,0.0504841269742708,0.0171233363895828,0.0611268530161037,0.0195314270243347,0.0265992028969714,0.423531112869072,0.093589029125901
8477,14095,0.174830498171465,0.0890932649419534,0.0363537529863979,0.00337355778826849,0.159209351253884,0.114222760402733,0.0657245533843933,0.105045484752601,0.0399263830054339,0.0884040440758566,0.0492311884615846,0.0745851607754296
14165,17218,0.0718172290499,0.107296889341857,0.0352506176865149,0.050116406314736,0.152905129546609,0.104303610484799,0.0295828869121316,0.172951710795584,0.013184399878907,0.0478892932654288,0.139933587784362,0.0747682389391717
13596,9986,0.13945216250587,0.129365734912637,0.0291005996674008,0.0101032809766237,0.154684977533427,0.0737808170946307,0.0827021592009394,0.0871848695983744,0.0416357540899554,0.0470953290826498,0.113124994875239,0.0917693204622519
15273,17216,0.0707866706726891,0.196632415508568,0.0464480762557198,0.0249983008013156,0.24947292063754,0.0643462371093543,0.0546763240389779,0.0343668432965445,0.027371134266834,0.0621421329159131,0.0958613444142534,0.07289760008229
10840,17707,0.107286507620739,0.227468220301157,0.0373251513228542,0.00835635672375666,0.146925002337207,0.0947435377465232,0.0783298729338561,0.0930294201997374,0.0376484454523551,0.0361580411043665,0.0702171919582402,0.0625122522992073
12364,17463,0.070829700020028,0.205145989956223,0.0510590238084751,0.0297378040395445,0.125636094302285,0.120869295606993,0.0416086874602189,0.0924471929910125,0.0529575283063462,0.040867988174464,0.0865848305161309,0.0822558648182782
11938,12401,0.10482363563749,0.124914378480082,0.0682500077917308,0.0193971915461764,0.08249613830466,0.0574749946637585,0.0944925856205329,0.106064343882833,0.0378282037006695,0.0823929702818205,0.142575355805582,0.0792901942846649
10145,16503,0.0941527173773775,0.134310472520303,0.0416231297412341,0.00958441550948018,0.193550053176085,0.0648397338054594,0.0422072251291929,0.112974810426446,0.0213001805046045,0.051278278852047,0.0715182355496187,0.162660747408152
10280,14815,0.0597860108480214,0.0973811840958599,0.0244163024221835,0.010223064201534,0.0730760105770298,0.319762656770865,0.0051560229070139,0.04539143476802,0.0193684728523663,0.00392281413487475,0.251883798536016,0.0896322278862157
11235,7339,0.107043229018415,0.219277493335543,0.050919822799397,0.0040021167227462,0.141891564638452,0.107043453818715,0.0257079213270414,0.0674858870403203,0.0510643720736485,0.0380193027951155,0.095014682117534,0.0925301543130722
15679,12152,0.118863582688046,0.161335895984303,0.0409525920738507,0.00589929451395202,0.134366972262242,0.0680501925797378,0.0620765974423598,0.0934314537756235,0.0282038570893347,0.0412526874765372,0.152774683822088,0.0927921902919261
15955,11669,0.109543132744738,0.148001170310585,0.0471918673455163,0.0049098361252408,0.103373505769079,0.0525541094989196,0.0521270775249112,0.104138780553099,0.0298402321280199,0.0197145599185164,0.184250567972308,0.144355160109066
14833,4921,0.113194857610474,0.182040704866521,0.0191243788774839,0.00452578495553194,0.176608331110789,0.0448714761274832,0.0430786422268113,0.0879346943101747,0.0236775264601884,0.0416190162619474,0.128538719127172,0.134785868065423
12216,12882,0.107809763084858,0.25241340953771,0.0571541734714921,0.00652850088172314,0.127817313096703,0.0605739026013179,0.0309188863103307,0.0664851797814308,0.0217877566333298,0.0528655668769423,0.142467826011273,0.0731777217128889
17337,10220,0.183884633044042,0.129093947830005,0.0382001258471788,0.00279134814355774,0.1079074216486,0.118560000740688,0.0478007843639671,0.0766760157558945,0.0203261803760327,0.0342302276903914,0.156188892514723,0.08434042204492
13605,14326,0.0237219616065283,0.0546791017225476,0.0436316081295114,0.00471545229998939,0.0437364979386702,0.357751803333934,0.0030751107003414,0.0906755917106065,0.0206122701237234,0.0046838403305704,0.318048490334046,0.034668271769531
14719,17217,0.0361749406635137,0.178887607523266,0.0541920239910396,0.0621082642574035,0.185289511927546,0.095515548562824,0.0236117713197523,0.0823516784870014,0.0369649906623804,0.047693502775958,0.102265918207812,0.0949442416215029
10413,12163,0.167071197412692,0.119178149063105,0.0387324591013157,0.00625754106590758,0.115219574273036,0.0540814946023302,0.0506535558577147,0.106928356974823,0.0138318665201391,0.0759147899628372,0.133288257080981,0.118842758085117
16653,14320,0.0502168975920894,0.152250522951812,0.0706032407467283,0.0072292911385213,0.223811399804031,0.0666080033439593,0.0244796292948875,0.137532004433584,0.0339801832591849,0.0263244144987048,0.122958957510705,0.084005455425793
12200,4685,0.148387875459981,0.106579178034985,0.0408823493064661,0.0163818765269431,0.188222004357066,0.0617296762612849,0.0893304773995484,0.061851505052043,0.0275236283024108,0.0488135887221353,0.102343969268587,0.107953871308549
9715,9512,0.198003211205053,0.127790578599499,0.0407509277863396,0.00691144523491668,0.170518283220958,0.0808330303320972,0.0606313748670011,0.0461511471666946,0.0221229669910499,0.0813604683893374,0.094538331892607,0.0703882343144462
10686,9751,0.110642048456138,0.0969252093643274,0.0383597395990938,0.00503690870954882,0.14346414943183,0.0627536463632584,0.057655786382713,0.111379994754798,0.0300017248368642,0.0528083918842464,0.16983512581157,0.121137274405611
14556,4921,0.110219265772764,0.211424787363351,0.0455284369865281,0.00572054391844194,0.145591539059099,0.0847893991137295,0.0543046930838712,0.0569886544064657,0.022597316537391,0.0455249246074769,0.0906677885393379,0.126642650611543
15670,7812,0.130486937322411,0.126916840102453,0.0520113529055902,0.00367820074407695,0.163695786328987,0.101774768126182,0.0531165869031857,0.081057970716781,0.0552636151116852,0.0406000042105852,0.0988668575859335,0.09253107994213
8466,8309,0.11237731195642,0.219666421779762,0.0222344603512318,0.00941131294426314,0.168461071658554,0.0599354590894885,0.043472754189329,0.0764937807581696,0.0253138234030057,0.0675961276262555,0.0804473873320965,0.114590088911424
15543,13840,0.0840214514386305,0.0929937135890011,0.0505921899178034,0.0208474940635086,0.182428347586893,0.16157607481116,0.0256068428585807,0.15372217797158,0.0255967538606073,0.0408070462298486,0.0832279387895503,0.0785799688828369
11643,3722,0.146045630574925,0.205632952910233,0.0461368956068796,0.00623796376742593,0.138092714263729,0.0539802156535846,0.0560286681841813,0.0890238468241864,0.0137684917731486,0.024954717788968,0.0987101992675871,0.121387703385151
11923,5168,0.128053744778196,0.168771811948134,0.0622605588937839,0.00322915743109042,0.0973831583001842,0.0618553016863002,0.0693413225548003,0.104235890111447,0.0351024685441542,0.0624800916991602,0.101354883184259,0.10593161086849
18314,13352,0.0779435718905241,0.145702503559274,0.038920851876343,0.00556679407332728,0.0769148455605288,0.0607758042997991,0.0268155611407136,0.0909185501486816,0.022787861208392,0.0149458798730526,0.403070174937441,0.0356376014319238
16363,8052,0.139546105828988,0.167875928816882,0.0315115560306847,0.00284948010749594,0.130776615681636,0.101332211079384,0.0460761569175197,0.0672889181805544,0.0265623165061426,0.0552244404579352,0.0815084007780455,0.149447869614733
9869,16985,0.13513261869598,0.107798945275903,0.0600391393938591,0.0115020007344166,0.224977146831036,0.0798653110415249,0.0374400802685381,0.114909634462719,0.0278825881165255,0.0353672813139888,0.078687594699876,0.0863976591656331
15954,11187,0.0606743481495067,0.0708085138586317,0.0660196482463839,0.00956286946262499,0.27278483091397,0.0866990157928549,0.0182513975543441,0.127776903425007,0.0213280971849488,0.0389564840610648,0.111410572311212,0.115727319039451
12336,3479,0.104196404633026,0.195180196566807,0.0502449088973004,0.00986168544357998,0.118329023621239,0.0774303540774726,0.0529364674859223,0.0462049639814282,0.0491019940521252,0.0684330617547519,0.116440453714767,0.11164048577158
12343,7337,0.169510019672704,0.0804462395921592,0.0268523891556713,0.00626460603635251,0.175499202577444,0.081991851953472,0.0736840430128655,0.118073644095585,0.0203060311184888,0.0246054908112986,0.133637550418227,0.0891289315557316
15402,12635,0.0751328618551942,0.14282094776509,0.0532504009268316,0.00985169737293314,0.20238362733183,0.0870186527059795,0.0229935327826978,0.102067131986523,0.0322796109848129,0.0668949846283833,0.119463900661706,0.0858426509980188
11506,4445,0.163459529344391,0.166450400391809,0.05423442089156,0.0123710772026936,0.100322770713507,0.14255248103769,0.0695474102363198,0.0595198373857521,0.0201958121345393,0.0505895946183741,0.086082733317623,0.0746739327257408
14025,16495,0.0893288331929463,0.108875462200289,0.0750230882838804,0.0150053347856977,0.151276261368755,0.0528028823822437,0.0302912058360673,0.127146383064046,0.0221932058836164,0.0505680778109329,0.201096067271928,0.0763931979195975
12081,14570,0.00528796245163287,0.0343989453191038,0.0277326702987456,0.0025743307616265,0.0411310411657485,0.406078093367214,0.00204771605573523,0.089109775952415,0.00797356250697337,0.000422630417429536,0.311254195668158,0.0719890760352178
15388,5402,0.153781262089468,0.201194120715073,0.0307408526662033,0.00467310361144985,0.204320521288156,0.0524248704678864,0.0247605910765475,0.0536702325290481,0.0406564993006778,0.0193850338916853,0.0952834794710019,0.119109432892803
12773,14328,0.0891339578082342,0.0911189277394966,0.065867384334015,0.00737448421995268,0.137011733751008,0.1125008833701,0.0502580326787164,0.11713908328612,0.022031312337658,0.0291790527540211,0.182458833884979,0.0959263138356988
9984,5172,0.21427316220777,0.183746466969907,0.0425800539512852,0.00989825839978352,0.170042528980871,0.0793338875387187,0.0425306217432887,0.0405740460902514,0.026058268386056,0.047328343355649,0.080593403251882,0.0630409591245377
13175,7335,0.115661952741,0.239006098672513,0.0292775647957559,0.0130452592907994,0.167893960505143,0.0290128676448258,0.058852619797203,0.0714392748064255,0.0261303982084998,0.0606416307876936,0.0948191900882719,0.094219182661869
10009,17708,0.179065751454176,0.19094916818927,0.0676341807180471,0.00630469269416888,0.158799276166914,0.073936988709858,0.0279284331761464,0.0708301405300459,0.0597245562063863,0.0542857202652091,0.0490892477777037,0.0614518441120754
11650,7097,0.167829110215084,0.159452192943127,0.0340488314065812,0.00932278023622431,0.183137456686912,0.0777822734539489,0.0701963354479341,0.0357725820492335,0.0381265524663592,0.0795831509506912,0.059018550213665,0.0857301839302404
15683,14563,0.0644633378088573,0.137950907785065,0.0535987886919476,0.0030511875427496,0.169791721723972,0.0866564512511512,0.0433380828456308,0.122250953659846,0.0178656820457805,0.0277832466885232,0.10190955307059,0.171340086885888
15404,13599,0.0514608627333946,0.12948209291707,0.0502844496387596,0.00661812788224669,0.233091996049629,0.114307249346343,0.0229323578664792,0.0773798252560636,0.0326762274591506,0.0332220300487289,0.17490213393738,0.073642646864755
8059,12891,0.161581097558143,0.16564900254158,0.0544246262385879,0.00475665215480499,0.08454149551171,0.0972337801662042,0.0636722716715657,0.0310461546035778,0.0689693852175225,0.0728936087562957,0.124570656204362,0.0706612693756472
8476,13131,0.134147298204312,0.186206616548146,0.0460173854686161,0.00289775557592627,0.170948993060054,0.0822985026518326,0.0767217612965445,0.108984894837997,0.0315867793088811,0.0483693637110915,0.0594535188222807,0.0523671305143192
8187,7345,0.160500219907005,0.0979274504433791,0.055310031773196,0.0191821949132679,0.123550136628733,0.0857299989215024,0.122597018936674,0.0794484865050044,0.0350291059912109,0.064286840792222,0.0875552278463357,0.0688832873414695
14137,3717,0.0907313987256,0.108872639818299,0.0272013923595453,0.00258996378107418,0.0573003526623913,0.0220877688514469,0.0309739998387531,0.0496952404817439,0.0268353265682469,0.0189975186546514,0.495502271999949,0.0692121262582985
12904,10229,0.129456932480872,0.171767507458548,0.0473463335330922,0.0114252477589691,0.170632273106323,0.0684867481258889,0.0529640393776232,0.0807294794633527,0.0247816964907604,0.0496624333818217,0.0885411941686217,0.104206114654127
18313,12870,0.115321560964154,0.091257927594401,0.0273655999408767,0.0148390668423876,0.113470669060396,0.0760986170609403,0.00853590207928943,0.040879496645011,0.0217141783921236,0.0100434109151542,0.432599212818739,0.0478743576865269
11112,14813,0.0261594349396646,0.0305930562483359,0.0181148147102102,0.0356583249899041,0.0320535841920486,0.592601124366728,0.00648710964012083,0.0947057489985675,0.00312791111344278,0.00407648952266569,0.0611789950658373,0.0952434062124741
8748,10719,0.115953276455207,0.159374812610343,0.0418088731236508,0.00303402751182366,0.214558896539367,0.0492743098348445,0.0313978853815639,0.115970019878648,0.0180889536571313,0.0533005581209433,0.116667771597019,0.0805706152894581
15409,16010,0.10643188432106,0.164431594519717,0.0328221027194108,0.0232898987756999,0.193737703411411,0.0740065044300967,0.018134764831141,0.117031043159682,0.0427527047900724,0.0610315462132852,0.0607677136885707,0.105562539139854
15536,9982,0.128563246432483,0.18970458597234,0.0395925077453193,0.00643481890844989,0.155285512045821,0.0438325519389232,0.0582779939946343,0.147999218583942,0.0159923052840261,0.0542324473864442,0.0774626729231604,0.0826221387844559
8339,14337,0.159314699041937,0.122279677116999,0.0335598158397422,0.0127560633239468,0.099011420873585,0.0716324824534774,0.0634303865577524,0.069664268032829,0.0261215711509531,0.0660459791571299,0.160764633076543,0.115419003375106
11785,5409,0.112717971343073,0.160693772819613,0.029008697757257,0.013750846473021,0.146121418008157,0.0664937498650746,0.0678098372074101,0.0722480693637704,0.0185728066157829,0.087605477604288,0.0986725770926581,0.126304775849895
11787,6374,0.0828155452434487,0.181803011879519,0.0546210771691768,0.023445524244347,0.207157688495797,0.0536922771216036,0.0522767451755853,0.0545718914914316,0.0442359455132829,0.0337081880892483,0.129679596870433,0.0819925087061269
10144,16021,0.0808273778371816,0.129813527176402,0.0471785150333233,0.0087129929261615,0.227099112187869,0.0532424859868715,0.0469117995476914,0.100390354722601,0.0678071265505338,0.0654885201275795,0.0663516909123387,0.106176496991447
12072,10230,0.142118876847791,0.103503154639225,0.0388308912647865,0.0037079729706645,0.170665698838622,0.0979911651734179,0.0453584224062999,0.107215459867509,0.0220699844172046,0.0608261648576025,0.117680102244774,0.0900321064721043
13319,9987,0.152839404375897,0.157874535316125,0.0471316264803962,0.0201521395290974,0.12393913153049,0.0644173284240095,0.0571996539186908,0.0918266287480765,0.0352754984791947,0.0859345239393978,0.086006646244728,0.0774028830138974
13735,10227,0.182497935431166,0.0592541004806128,0.045512968266414,0.00168452819716175,0.110290204260881,0.122788756417677,0.0694051561909137,0.12050843058749,0.0264720258883539,0.0668244952824301,0.153722232358943,0.0410391666379574
15116,7813,0.0785974975800907,0.327987865997078,0.0393880052962919,0.00290612570053617,0.0977660881626457,0.0465587938783891,0.0299239551120264,0.0878772673980265,0.0289709062172295,0.0496495565915366,0.113923869131977,0.0964500689341723
12776,15774,0.127795578710054,0.157192138752296,0.0428979682825686,0.00981262548080472,0.234610171978102,0.113158899746127,0.0334421540869382,0.0656479655212017,0.0331240153749451,0.026825151880365,0.0900652993151174,0.0654280308714797
12219,14329,0.0143906646248762,0.0678954050144012,0.0204089404753582,0.0313569258855533,0.0424240061408304,0.461216026198058,0.00662698030247178,0.0672328911139317,0.0256846523018445,0.00401641282559249,0.181171688681107,0.077575406435975
17482,13354,0.0990459055063504,0.178676785276215,0.0326609952144921,0.0020380447588423,0.14509647781061,0.0370965669859792,0.0401338065533749,0.142967986788348,0.020576150751294,0.0204535167051661,0.223471245775963,0.057782517873365
12780,17703,0.00568648958116087,0.0215198828510813,0.00630760541891319,0.0159318720821662,0.0345745543778362,0.00721002393344359,0.000687527502394697,0.050111264978211,0.00646723965490599,0.00494274085406102,0.747419499072932,0.0991412996928939
12079,13606,0.0586483722095753,0.0634885294362891,0.0678127075002121,0.00396748473970584,0.187353624260907,0.180059293471978,0.0455673938326268,0.139726831597865,0.022642736833497,0.035745083789036,0.0672449396223963,0.127743002705911
12765,9988,0.125516657697988,0.191464549701631,0.0236926021188019,0.0104716140307798,0.187360263004351,0.104280527966257,0.0468133724035356,0.0902789748832592,0.02471458490141,0.0543771693358557,0.0675679496486024,0.0734617343075283
13884,15290,0.0695135125233281,0.19407853260411,0.0716261655168743,0.0059496856256968,0.126278790205708,0.106884391804394,0.0284514325200645,0.0941881063598566,0.0448020004107946,0.0440799929893281,0.115726609478927,0.098420779960918
9297,8307,0.100285951087438,0.238337784852343,0.0360013351514365,0.01421659967389,0.120785464585084,0.0937852009169618,0.0384719194567009,0.0344741745541494,0.0336997371277466,0.0785438500146698,0.106054565500434,0.105343417079146
17755,10942,0.195793306441802,0.170100180610061,0.0371816100435906,0.0068812799663263,0.107246427664812,0.0533800477969733,0.0350473099712821,0.102803545207666,0.0124974758537683,0.0584678472259829,0.111853256224702,0.108747712993034
14700,8055,0.227631399147218,0.0871905353367079,0.0461585583404772,0.00292205017474269,0.147130907065613,0.0817449590758682,0.0695639644706661,0.0883279639738995,0.0188225172080254,0.0596685118801682,0.0990862469689406,0.071752386357673
7910,7346,0.167559525751641,0.114298686824476,0.0181067641328959,0.0040390679983683,0.152315953720443,0.0772242182761477,0.0443120157319677,0.155277906332388,0.0349065435148121,0.0637027188155994,0.117191212685879,0.0510653862153809
9021,8790,0.157209598699032,0.119856079977686,0.0477977544369411,0.0103417672523562,0.164181104081533,0.0889826451141442,0.0616773163919923,0.0609413703707757,0.0161689271640692,0.0652792132536786,0.11507433778847,0.0924898854693217
15393,7813,0.0711886935575708,0.169463227104943,0.0651027483862469,0.0160063327391492,0.196232173911893,0.0969392129527839,0.0160957899496107,0.135113208734334,0.0254174294190311,0.061075924522252,0.0687371617715357,0.0786280969506493
13868,7575,0.108375399434303,0.219764187108912,0.0247319804338742,0.00224736822075343,0.172450362103635,0.0530268974917174,0.0365523418594999,0.0813336776056212,0.0159865074382323,0.0348154072320733,0.120573679572177,0.130142191499201
15401,12152,0.0437336907986567,0.144784403757042,0.0318196778849612,0.0108921316801271,0.117126485451075,0.103434937502962,0.0235571635568551,0.0868110598194706,0.019592202767586,0.0282581089272641,0.27041859586074,0.119571541993261
9154,6138,0.132400035259532,0.175274652024632,0.0310083372642041,0.00471868179085241,0.166850372120938,0.0534076951535514,0.0559929598318894,0.0871958412215594,0.0210453133638528,0.0813756606273978,0.0806341933155377,0.110096258026054
16649,12391,0.117346921579496,0.156217766456383,0.0413009577242139,0.00194827883863464,0.169214906846994,0.0429425857368656,0.0581336923064162,0.115212588631248,0.0153334990154623,0.0623315436790328,0.115833807175289,0.104183452009964
9314,16504,0.0966193654117841,0.160472039745892,0.0371049222799845,0.0110492925423071,0.255586754944656,0.0595396755915501,0.0317895083037474,0.0935485609169922,0.0323175141357838,0.0411657804299778,0.0880338085901613,0.0927727771071642
17064,12149,0.130212559958536,0.11550627394578,0.0489636479029958,0.00278113958288913,0.207482471857703,0.074422899713171,0.0269895389622924,0.067813472635458,0.0161556771132421,0.0692933592520557,0.132490393532457,0.10788856554342
13743,14085,0.0952990963012815,0.0731488563087585,0.0551247321061115,0.0476506337624592,0.0491858911600094,0.274447277894673,0.0270621884475138,0.0553478144324512,0.0486773153234047,0.041525922007443,0.153113455753259,0.0794168165026344
14438,15289,0.0792717216825045,0.20415950435943,0.0404922353909102,0.0152542668373949,0.0970720173336001,0.141448984281114,0.0422849706902714,0.0619833918696355,0.0446624599909625,0.0332812995121693,0.146479158928168,0.0936099891238392
7923,14096,0.0563195744551172,0.0642648589816096,0.0480093835214908,0.00570955804871498,0.138751909140549,0.0620025533302786,0.0379192063798428,0.091038843537849,0.0215007774244884,0.0284708395279965,0.332741113047003,0.11327138260506
9032,14094,0.159028431306049,0.146739473240734,0.0455577448076265,0.00326824591749962,0.0998451934350885,0.101657038514341,0.0647010100025348,0.107211446252134,0.0309128913156559,0.0512558868728302,0.108865474018055,0.0809571643174519
14572,13119,0.0135947412154508,0.0245272935444922,0.0178865598751198,0.0226797177088128,0.0402595237209962,0.630221154899574,0.00527337029427438,0.0687127660719171,0.00862171731216183,0.00624383498632212,0.122462852426406,0.0395164679444729
10558,15296,0.0775186854771446,0.129801753974445,0.0721639993456551,0.0151013171769285,0.161603546459906,0.169211907889738,0.0310083789745931,0.0903341057590693,0.0199783781764691,0.0652470219897456,0.101784299348532,0.0662466054277734
17759,13353,0.0616896692928617,0.0903622728037785,0.0377737008870623,0.00157537233290719,0.191392797717842,0.0264771656125414,0.0317956312431164,0.197777447080535,0.0240212340452103,0.0681341134385058,0.156344330557925,0.112656264987715
16640,8051,0.116507795188363,0.15535156266572,0.0568141025345175,0.0180602872976178,0.148719130375056,0.0896634956868238,0.0599292089944775,0.0889906669868036,0.0228551200003423,0.0629396945836359,0.0926394186847039,0.0875295170019383
16238,14562,0.0538628785617687,0.118647000041505,0.0416806686841277,0.00876898456138456,0.257381058792233,0.022888257824067,0.00674516803138621,0.161462282463978,0.0299851080520397,0.0181957497300473,0.169503600922399,0.110879242335064
13598,10951,0.0669148050696075,0.149599493738297,0.052855766747703,0.0381076806293267,0.0919200879065949,0.0701663778885195,0.133441112457273,0.0878101225804445,0.0359155627050702,0.0437627076489231,0.163934111478686,0.0655721711495539
18449,11664,0.0803035660654609,0.119720447248412,0.0315839015131526,0.00605864012974205,0.0596774602296055,0.0732971039672121,0.0485742393381243,0.0985050253698661,0.0404504135914405,0.0258207403578809,0.30041823746549,0.115590224723612
14166,17700,0.0340864724026284,0.0600035953198613,0.0347328053452926,0.116719409969582,0.104438347109232,0.206301689330194,0.014893172512673,0.133827935073164,0.0224426068420346,0.0677772850804779,0.103058981055367,0.101717699959493
15396,9259,0.133069573576718,0.281171652652071,0.0340285567192324,0.00755008674518067,0.0842037219733471,0.0843065503839192,0.0730382736466822,0.0507725537693662,0.0309436314352836,0.0826621356118791,0.071064972156947,0.0671882913293737
13462,12156,0.114638838993243,0.176506569999407,0.0366976861817472,0.0114473697393308,0.107278565679022,0.100173239157626,0.0370476006461536,0.121040567752579,0.0498059469417558,0.0591758812600768,0.0967248759103768,0.0894628577386811
9156,7102,0.138244404877935,0.241591147948839,0.0424852240633343,0.0240377917438228,0.0718680140420115,0.0727099489153575,0.0807030356187294,0.0470689274461739,0.0267025917021265,0.0868241961232717,0.0838939663416942,0.0838707511767047
15530,7089,0.0747537530251793,0.127238678924369,0.0418087191345566,0.00278421396513563,0.157566107957002,0.0544351807448754,0.0516737015675024,0.115201969895047,0.0163059445432068,0.0129956950936002,0.181493335782861,0.163742699366665
16639,7569,0.12174242866196,0.0604568236120424,0.0461068821026777,0.0259578883540709,0.162255470822549,0.0724448852724276,0.0590183793360583,0.0695370092735387,0.0340473153525089,0.0461068295453315,0.199971174653581,0.102354913013255
10820,7581,0.0965198580317438,0.26217424724192,0.0470337694364272,0.00187224367693793,0.0963727451888955,0.0773989165692745,0.062826053680269,0.0502658730594172,0.0207085970371558,0.0476620020439246,0.129717675101764,0.10744801893227
16082,6124,0.0906926277684224,0.095234132377847,0.0257665362733432,0.0146806476417751,0.119291598972257,0.0707673411292956,0.0207603938182309,0.0578033198008511,0.0109435329544653,0.0443436732601766,0.366451023529945,0.083265172473391
9580,11200,0.194985433380786,0.209532254134928,0.0309303653707305,0.00420719360519833,0.115186698669946,0.0457793445760441,0.023438398513869,0.0903425073803216,0.038173163683196,0.0629363075463287,0.132221293867115,0.0522670392715376
11806,15535,0.056857685121658,0.116613544478148,0.0466255155543031,0.0201429242042011,0.160508975209673,0.164260405916492,0.0275411055704012,0.0857451623509073,0.0199207165265717,0.0191162006430419,0.15013790289129,0.132529861533312
11387,13848,0.0154081748810522,0.0100671257447232,0.0246860220567713,0.106384556806747,0.0664435084420161,0.629795148554111,0.00557383106022883,0.0559664872340524,0.00831655864751096,0.00862642620028204,0.028384024960525,0.0403481354119802
15253,7090,0.0819469016363062,0.17117654967176,0.0313303087655433,0.00391193707696111,0.178567223103262,0.0675284486740492,0.0391610581387862,0.109669584764211,0.0236356793973355,0.0216748917415158,0.146560512409389,0.124836904620881
10701,17466,0.0895174289592433,0.10260704701764,0.0665767937566333,0.00359288056953399,0.232822120741369,0.229582552867512,0.017257281256298,0.0576635381903821,0.0313625808108256,0.0203246203768209,0.059630677293816,0.0890624781599267
13195,17461,0.0619614134199635,0.191990620805585,0.0515383683293469,0.0036504687349664,0.122520246281791,0.13466576701831,0.0381517539964167,0.145112927218197,0.0207132331320577,0.0500548862797978,0.12070702385087,0.0589332909326975
11386,13366,0.0115354858477955,0.0491015736989056,0.0494421527889718,0.0606506234051731,0.0842296830930551,0.338840064055918,0.0170345394873306,0.0618065646080146,0.0187296615637631,0.0156542657736568,0.158954502449718,0.134020883227698
14155,12396,0.116172635023947,0.197444483694709,0.046397437039774,0.0133940891153954,0.107775616644935,0.229621276417555,0.0628751972063302,0.0657799257194143,0.0218334153291811,0.0449134035657514,0.0583528581583176,0.0354396620846898
15248,4679,0.0569815932994099,0.23597158664737,0.00985743914886789,0.0023877588536697,0.147592333948538,0.0285248984547391,0.00903086793820905,0.0627163632105897,0.0322003525808186,0.0184711327054286,0.320967788047172,0.0752978851651868
11921,4203,0.179355344036897,0.106770830216342,0.0603532498565035,0.0115043238646157,0.10728565485552,0.106048608028234,0.0863162420702463,0.0681904682284918,0.0208088899806556,0.0456526220775396,0.169239793094017,0.0384739736909384
16104,16732,0.0311560848959429,0.0705713295222152,0.0514527140381972,0.00906525383112211,0.161918938742901,0.0596001736574181,0.0191583619853199,0.125150643867771,0.0175802201722874,0.0341727370469912,0.305114742322175,0.115058799917659
14019,13602,0.102884371096025,0.117003376970569,0.0347275465341492,0.00418724536422236,0.207352461072299,0.12939049668357,0.04320041927621,0.100122558683759,0.03257292198549,0.0268466021860605,0.119123858166559,0.0825881419810876
14293,12155,0.0170746547005568,0.0416283131641854,0.0326719036014895,0.184069116140989,0.104651263242215,0.333370799508765,0.033060217604235,0.0599825317132918,0.0328547607788818,0.0383377776396722,0.0361850785152068,0.0861135833905111
12624,9265,0.10561175144825,0.223206587957307,0.016378333355248,0.0112667738086355,0.172490706846728,0.0823971835533385,0.0386569966667518,0.0773954596316531,0.0458371715400531,0.0505684904558922,0.0720235371117344,0.104167007624409
13048,13363,0.118347676305822,0.17295845550717,0.0385315451044403,0.00501384708003932,0.168134991169251,0.118261599980646,0.0379554536306718,0.0743633759601885,0.021110035382894,0.0362309213934028,0.136151344049167,0.0729407544363078
7774,8551,0.153091575124138,0.12324955697664,0.0504051126957929,0.00933670036151122,0.0794295819761503,0.0590568934691582,0.0280469250147338,0.104867693539682,0.0197840680727072,0.0543381249721042,0.242006919910693,0.076386847886689
14717,16252,0.071411157497447,0.116634913478284,0.0425410506865408,0.00124899252401042,0.172248494213906,0.0991583427698335,0.0292824368340243,0.162283598892031,0.0137811331845571,0.0324610899001365,0.15505887244285,0.103889917576379
13185,12157,0.155021977203832,0.217322739950354,0.0723819771906806,0.01966136705892,0.0748818444060356,0.0538724557539928,0.0595139924193365,0.0779799068719424,0.0354814110781585,0.100590857805918,0.104638933882428,0.028652536378401
16098,13839,0.0463613394299188,0.106206326924625,0.0555464254597844,0.0231616395180351,0.171014939189683,0.0663321137410306,0.0196469452911482,0.193096398233985,0.0266822272026802,0.0301015307945389,0.0989457258418031,0.162904388372768
14008,8298,0.1069434366656,0.168638179757799,0.0420212421018232,0.00244411458149467,0.161178990477918,0.0687492808537764,0.0544356132023506,0.105568255093588,0.0259339790659062,0.0411987065466656,0.0934391570644038,0.129449044588675
10404,7341,0.1705192206511,0.136859312962052,0.0390408364844196,0.00254864211772398,0.137112338763464,0.0632357786145253,0.0696341230213301,0.0918419163454644,0.0404087748348599,0.048687038032728,0.118947772616375,0.0811642455559581
15124,12153,0.0612162422446525,0.121918565719285,0.052876134059143,0.0186148883374343,0.195390493745417,0.168194848188176,0.0258854659802718,0.125357131546104,0.0204399910432544,0.0320535847204022,0.112460211182682,0.0655924432331797
11507,4928,0.155115349495268,0.161179500303016,0.0368467911485232,0.00531899268624386,0.125716213591716,0.0683420081477579,0.0762300851801187,0.0367745670432228,0.0241034557417684,0.0363747558117626,0.128027306577619,0.145970974272985
9572,7342,0.17638196514031,0.185532068003033,0.0314969977707731,0.00242023489155982,0.126425713346929,0.081236887859473,0.0284715922737527,0.075342153576034,0.01801772154395,0.0643269180212643,0.128419780472414,0.0819279671005077
8603,7585,0.0854303579790823,0.125296334733212,0.0980192853059159,0.0212158920110663,0.0820901904029648,0.210080301143443,0.0768464167318762,0.10856442323388,0.0234333532803601,0.0375351686476849,0.0790506966702909,0.052437579860223
18033,11424,0.047903242133894,0.0492222420394214,0.0241184350650168,0.0173371813607907,0.143159726759213,0.0315696655270834,0.0588451248604787,0.0571812360669721,0.0414245765120265,0.0975696040117159,0.372305306163285,0.0593636595001021
12485,9024,0.160452855674366,0.168450616418245,0.0439037602907981,0.00572188273831468,0.107039752653709,0.0937928863130019,0.0414656643620784,0.0991216431546586,0.0193506328240713,0.063284338770101,0.114282072934372,0.0831338938662847
12474,3238,0.167549161183882,0.167691003134034,0.029408825596842,0.0123265037046344,0.120796481187068,0.074740912191407,0.0700935447402796,0.069352567073576,0.0291329766404931,0.0561384225479595,0.0888994919643011,0.113870110035523
12484,8060,0.145859681607809,0.136767522249466,0.0468358630912084,0.00198170085925193,0.192040336665135,0.0516807980689238,0.0625890613791915,0.0974458910759344,0.0394297327677205,0.0268753457610524,0.102893008684491,0.0956010577898156
9309,14093,0.135387931333331,0.210766639692301,0.0351985135382561,0.0102212166725475,0.135077361361361,0.0613632619937376,0.0495817707843834,0.0699359238941793,0.0387743897122582,0.0513713605001538,0.11567963571212,0.0866419948053716
10674,3965,0.189635412635025,0.113013328407177,0.0442625283298797,0.00321121293228901,0.193906161165793,0.0986353031931202,0.0630986871496096,0.08600451168279,0.0295331325876526,0.0502241111428184,0.0530040754471462,0.0754715353266999
16379,15767,0.0719394400776029,0.120767440550389,0.0940966886365106,0.0270942733440827,0.194003567943434,0.0591425894051038,0.0142974830395078,0.150633008623311,0.0282664659758487,0.0305255053399231,0.118118684054349,0.091114853009938
13722,3959,0.142566970139707,0.119146765893102,0.0553992763830913,0.00985284352950931,0.0854172116677713,0.0600962645704815,0.0526538504919934,0.0942206673464459,0.0371043970342355,0.0513665660359034,0.191202585928989,0.100972600978771
14713,14324,0.0734238225844009,0.112038809241486,0.0449791898871231,0.0120995224024319,0.200445991815905,0.111468858216203,0.0109067868315382,0.0891608850673799,0.0303146105788965,0.0333612500223825,0.206821383146822,0.0749788902054309
8061,13855,0.0909543568958922,0.0780954392287908,0.021983918817478,0.0038769247387824,0.096848555328362,0.0231270601466953,0.0158526857276525,0.094398881679315,0.0165259306616877,0.0153014674187947,0.440223872632846,0.102810906723704
11372,6615,0.118962195350116,0.141153635084269,0.0698175854877953,0.00475729484578572,0.107635109008951,0.118484628848844,0.023915860593683,0.107483574741331,0.024377646949015,0.0500531209621748,0.147552900764012,0.0858064473640236
10557,14814,0.0440775254741484,0.0810491021264167,0.0340896580480589,0.0367497869267497,0.12955833398716,0.199323674832349,0.0208509192970081,0.0802376925053689,0.0173179272001633,0.0177160335322797,0.235453804671227,0.10357554139907
16786,11667,0.13702051223404,0.12679183361939,0.0410468466047453,0.00617604365210705,0.122952424219612,0.106674891545651,0.0523110761804054,0.0903803878039221,0.0176037855384687,0.0455082086598084,0.149089227044565,0.104444762897286
11244,11679,0.0955163574532829,0.149152001051192,0.0409195495225158,0.00855219802368639,0.131212127831177,0.154514339592651,0.0369333680574872,0.124040571363121,0.0344375070239659,0.0395718155653656,0.115880250205422,0.0692699143101337
7779,11445,0.169470152529244,0.228311135460828,0.0327323801632972,0.0152642537708615,0.131501420727702,0.0518496486668888,0.0354448813559603,0.0670108909826924,0.0349267280475519,0.0845578971003973,0.0871994654180646,0.0617311457765127
13878,12397,0.0932693107944283,0.214563721829468,0.0427618900905921,0.0105599809691188,0.130523030595742,0.0885914099454641,0.0501519693152206,0.088157596902195,0.0417082825753598,0.0744053250109504,0.0947355105757152,0.0705719713957456
13029,3719,0.033134753465009,0.0795267746331397,0.011808647177726,0.0203365769187279,0.0679957113789385,0.0551010202145845,0.596635049283097,0.0441573822575513,0.00465741306771143,0.00223625495218059,0.0452693398163685,0.039141076834965
17062,11185,0.108738274620628,0.170247054465736,0.0407810536357089,0.00353623084593561,0.175204273994521,0.0737658732568403,0.0535293155034404,0.0821884465306131,0.0403727704184058,0.0666881685567757,0.105001940840674,0.0799465973307217
11110,13849,0.0045749079295125,0.0280665428306614,0.0343458055494878,0.144798255472679,0.0436858555853804,0.500354121614888,0.00416276054913852,0.0421369848403338,0.0138236384638232,0.0058024498541545,0.0430452577991656,0.135203419510776
9448,14334,0.0614666552158302,0.124031661308538,0.0927074556246317,0.00810177896060965,0.166181487880778,0.0624167307629074,0.0431444495347316,0.12733053819353,0.0229337359644803,0.0513721963351799,0.11989956324614,0.120413746972643
9430,5655,0.152794967138895,0.220648177727907,0.0241653518000347,0.0057555409931602,0.12447024191971,0.0654994025003132,0.0719555873807177,0.0729194341224212,0.0160862084843382,0.0476520596589524,0.0947482303420286,0.103304797931522
13468,15049,0.0191521228056361,0.104354047231939,0.0857901236796924,0.0063956711419313,0.131384113773046,0.0614768866668561,0.0220507328280006,0.14050244847408,0.0217915003438064,0.0360707565092868,0.181413467508548,0.189618129037177
10129,8788,0.121036742286432,0.199516298851044,0.0300411851723592,0.00479790260334125,0.0938237532441954,0.0706722319688644,0.0353130743780166,0.0894614874225651,0.0499839586598651,0.0582133360070334,0.127223117615161,0.119916911791122
17478,11425,0.11605625438439,0.132239933604561,0.0388104173710615,0.00496371695111513,0.119742246248162,0.0475453991030426,0.0457171279831239,0.0943319757704386,0.0189632285373896,0.052278347222658,0.213045566867903,0.116305785956154
13186,13121,0.0902486588959184,0.181169816901722,0.0311951211507704,0.00658697254307098,0.0995623083929629,0.064286889109785,0.0206001737118975,0.0782730297857779,0.0210497521972678,0.0565926146145335,0.279054357770311,0.0713803049259822
15681,13116,0.0692397835700532,0.298841154616512,0.0451760195619546,0.00257843002326711,0.135412829591057,0.0763195744230426,0.0228745764703431,0.112703409640488,0.0199197186778312,0.0413595267494282,0.0862908500513158,0.0892841266247076
10410,10716,0.127290342607367,0.191922265480839,0.034324482576886,0.00169236196432358,0.103380103969089,0.0537345526572545,0.0444089826342272,0.10601146115826,0.0302129883885931,0.0530595026652726,0.167656986419335,0.0863059694785529
8473,11684,0.152857063115673,0.149554588921447,0.0445477664791217,0.0036428598793242,0.185061686664928,0.0607111509806453,0.037839487351,0.0724172264950259,0.0225670835258487,0.0310860528840901,0.143723674324112,0.0959913593787835
14563,8779,0.117937602617581,0.193972705242156,0.0609215832209858,0.0086358046545874,0.137582159599236,0.0930617993446679,0.0396538559809046,0.0940360324446661,0.0202991060374084,0.0433129759351269,0.115524502463052,0.0750618724596281
7777,10480,0.180510199683986,0.204860505828976,0.0310801026361169,0.00352478168952519,0.14573389456895,0.0879811748731238,0.0455899335971877,0.0636942157695977,0.0187323336429051,0.0448729304964106,0.102303693921841,0.0711162332913812
16518,16008,0.113430401545069,0.232569031065528,0.0411872510367804,0.00478272279329676,0.158127708079435,0.0575328259226675,0.0192051133036201,0.134191956710187,0.0168337815874053,0.0521446143063328,0.102249228407139,0.0677453652425399
11667,15294,0.0691368253029019,0.0985422855853412,0.0591876734424574,0.0381128052045506,0.11853676159672,0.216216625298868,0.0282532858353864,0.0875025938269827,0.0291162835120969,0.0478197943264074,0.101283769577149,0.106291296491139
16507,10704,0.077130796137344,0.154763940756628,0.0733615902995123,0.00622821655085915,0.141429568804721,0.14000373699011,0.0251492635737946,0.10397692389739,0.0169146321857062,0.0635609514732498,0.109328988749506,0.088151390581179
9304,11683,0.120440298265677,0.227748050109446,0.0447927473508771,0.00243714115176115,0.148762098163331,0.0605415626566137,0.0527790320642232,0.147513984660116,0.0101311158374786,0.0535210874669671,0.0745866624292495,0.0567462198442593
10143,15538,0.0267364544920047,0.128941037807588,0.0755699012902575,0.00435735647686321,0.187314122896482,0.0921943938955081,0.0277090344939319,0.108965280653644,0.0225360368528317,0.0101066981234094,0.193851948603976,0.121717734413504
8202,15060,0.0691679718320179,0.0519071122840818,0.0179401898061443,0.0182056810635578,0.0534247167728731,0.0620031078689547,0.0292184917852448,0.0934982180897762,0.0138670910369923,0.00775707127415663,0.541565377417913,0.0414449707682874
14295,13119,0.0214060319448256,0.0654111249837711,0.0660516674139654,0.019399371355657,0.0814268335564378,0.306646795123335,0.00403720314217699,0.0896807789356395,0.0261715082497407,0.014104145439198,0.247230678112129,0.0584338617431236
11645,4686,0.138556393741616,0.157451812200396,0.0422095784638101,0.00423839801618199,0.166255792952374,0.0728037788881998,0.0566923105585764,0.0417554744264605,0.024429521781052,0.0540313554576004,0.082309943298749,0.159265640214985
11946,16258,0.094882195756937,0.124584805176997,0.039858726029596,0.00540097953734336,0.153789079143859,0.153588370121351,0.0327730441933257,0.0360425477095477,0.0685641859775909,0.0371244300414433,0.169832072897758,0.0835595634142516
11791,8302,0.0980710812730752,0.166351207487569,0.0374439985389012,0.00524721053076076,0.12544771343699,0.0901642703328026,0.0319106426046158,0.0379390501301004,0.0462775848586206,0.0316876797077391,0.224538502588857,0.104921058509968
15398,10224,0.0563606194185165,0.117610675803282,0.0602009381430678,0.00458280871050879,0.199908462257055,0.0661314743288082,0.00989450785446201,0.169123831982529,0.01179853345378,0.0345675488821093,0.19719533635847,0.072625262807411
13604,13844,0.102768354006825,0.142922118613007,0.0949201452590726,0.023720428519379,0.0694357344196255,0.141119502477711,0.027465561109384,0.0515245599281213,0.0388258222691579,0.0645488742128334,0.19159316683097,0.051155732353914
17341,12149,0.152268216688014,0.159011608410892,0.0389908742564855,0.00770128115292449,0.152618225331737,0.064550140008755,0.0514627846678124,0.0612687768221784,0.0166090802374773,0.0683710163386237,0.144620316452433,0.0825276796326671
16234,12633,0.0923983914859596,0.144797748179553,0.0362051432116526,0.00304002014649759,0.104489184220989,0.0703293730101793,0.0555040616693302,0.0918060522744164,0.0244401835490237,0.0597583214812624,0.258817629212242,0.0584138915588948
18310,11423,0.0405628427230961,0.0926051816638619,0.0317389424154024,0.0130297066734334,0.144025983599919,0.0534065654038586,0.0128738243098863,0.0550226956064625,0.0302208081420296,0.0207220645883575,0.431779243911192,0.0740121409625006
17485,14800,0.139305588069965,0.0679284641710963,0.0277362563508235,0.00383671769511555,0.183702225548181,0.075323667367406,0.0737695224630265,0.1592830606188,0.0399558321234499,0.0450672628099398,0.11461543752553,0.0694759652566664
13860,3717,0.121800542486845,0.114320107126541,0.0297329941682799,0.00473932263581656,0.122059831031348,0.0579262800162342,0.025015399379497,0.0993754642096631,0.0243306367687903,0.0194947332884499,0.307528619738487,0.0736760691500481
17056,8292,0.0745356872429435,0.0372371183107072,0.0224211832899523,0.00706918275731121,0.0796220499903273,0.0248670705202545,0.0265057874584665,0.0363046591937098,0.0243252482551996,0.0125392042153497,0.621236611743288,0.0333361970224904
13728,6852,0.109286209864114,0.172489921647193,0.0428883469783479,0.00680366782340111,0.149763142948245,0.0729354837682394,0.0408114434866245,0.0740178487499727,0.0343343306478623,0.034225991446874,0.104840365728951,0.157603246910176
11374,7580,0.156509446960493,0.182984651401862,0.0506387475027814,0.00712494962419177,0.137743008023416,0.0736257783958007,0.0301677390478763,0.0860525270580911,0.0347871665332216,0.056386039090428,0.0816426450620688,0.102337301299769
16783,10221,0.0814453145850225,0.203754922077815,0.0431114630088885,0.00402138266830797,0.116162641669081,0.0545829617624167,0.0322769562908376,0.119327893318063,0.0123342131937498,0.062265362164863,0.164196484937736,0.106520404323219
8609,10479,0.145299618367473,0.185295686632761,0.051727178517594,0.0164211041796908,0.0998959236201497,0.0769757458840977,0.0522586177438578,0.0914119777444847,0.0287023177435811,0.0680992496808176,0.0994557751037008,0.0844568047817924
12337,3962,0.172603691396694,0.179137670850609,0.047798440129175,0.00288298041920805,0.143015990430192,0.0820325429200072,0.0312468204468322,0.0649002280930434,0.0145096179829944,0.0537273272331215,0.0844409597263942,0.123703730371729
9176,16746,0.068280104531613,0.135049282511744,0.046433893214178,0.00720169639583964,0.284392575913372,0.04036308554927,0.013784987307219,0.12803837556128,0.02995845516955,0.0445150273878783,0.0865778836845481,0.115404632773507
16793,15043,0.119185271787986,0.123032121229147,0.0395388115888654,0.0057140918061993,0.247627503446264,0.0444738681435068,0.0410053513692935,0.093752416745828,0.0251475366730925,0.0647318450542567,0.130901024776223,0.0648901573793363
11101,9509,0.116506401772397,0.225638623237375,0.0313535346306715,0.00839012700278225,0.10730128670343,0.058585114396038,0.074682173316943,0.0583894135268373,0.0235498642696614,0.0825225351295942,0.0932027334014784,0.119878192612791
12756,5648,0.184520080145118,0.133852478056095,0.0317999803311603,0.0104436362050618,0.169786159509973,0.0559656956289646,0.0466107583160137,0.0735612452570324,0.0342547010197381,0.0707135539220586,0.120000353171863,0.0684913584369216
12491,11917,0.149365400246903,0.199684056088797,0.0523754818006796,0.0104189614002628,0.0906618575338148,0.107018190467065,0.0808715913229019,0.111454490333549,0.0316024157529349,0.0834790746732074,0.0589726211551803,0.0240958592247036
10831,13367,0.0298122945952542,0.0990879434174927,0.0505095379847992,0.0428868584209881,0.171413007599048,0.184681289889801,0.0309066089498119,0.104175071697206,0.023794849809673,0.0447718455812774,0.103665667187921,0.114295024866727
11240,9750,0.164625871925287,0.137790139252021,0.032461120238942,0.00604469719160947,0.0897647864791692,0.193470367741062,0.0242387637719488,0.050183252754378,0.0226248050045306,0.0346191119480741,0.182473391216511,0.0617036924764677
16502,8293,0.0980063431400787,0.247411788577895,0.0397563073727287,0.0136343805629371,0.158728897594565,0.0561084889704288,0.0815553633854904,0.0564179752380397,0.0300150317519053,0.056366785197154,0.0786153306155061,0.0833833075932711
13054,16256,0.145656608882271,0.135717898634363,0.0553381846941995,0.0189594441629868,0.163441840401399,0.0987373170787364,0.0168001048085567,0.0622130675363451,0.0590518578265702,0.0607623254098251,0.0729074868318007,0.110413863732947
13607,15290,0.0892751764874403,0.184591112377045,0.0498308505355433,0.014441466620124,0.170316870300726,0.0763457170584202,0.0489603412640245,0.0673814294164391,0.0374113602617198,0.0550914507105167,0.121826946224168,0.084527278743832
10972,14090,0.00587324278175211,0.0293883545194742,0.0546278798959152,0.0424805281395018,0.0510252690616503,0.554221438114939,0.00643402258356325,0.0723813413160615,0.013583284313364,0.00278491020991091,0.055514084207493,0.111685644856375
10279,14333,0.019429205353698,0.0557885976359143,0.045536662466967,0.0220012424135145,0.140188783391389,0.467629573625511,0.0161061854159,0.0515656746475305,0.0266694571606309,0.0146084584270567,0.0658537863101682,0.0746223731517189
13326,13362,0.123648164571513,0.103362765536627,0.03867324825069,0.0102878147868319,0.224855086171119,0.0975963827065931,0.02260805311405,0.116346007323944,0.031046967971521,0.0672380796054186,0.102402200635257,0.0619352293264358
11782,3963,0.0877277229741559,0.258120354517838,0.0248640258323895,0.00868339661802923,0.122351197412155,0.0925801787983818,0.0480280907136049,0.111772422227268,0.0254974539344263,0.0422331718801397,0.0828098286314343,0.0953321564601785
11932,9507,0.122154639113046,0.153266203632144,0.0527338013326583,0.00728030982065182,0.142605063454627,0.0721714755460302,0.0481526865062338,0.0664738660665318,0.0381387076722422,0.0584829946729469,0.109975404986872,0.128564847196016
16093,11428,0.0978857181856397,0.176256499826158,0.044477285857463,0.00412389967336589,0.118180238632121,0.073520102224346,0.0343266198741471,0.0879139290100632,0.0144840427784142,0.0325645805134421,0.198293721358643,0.117973362066197
11370,5651,0.227499281628447,0.149953944894788,0.0311631122005655,0.0250854589073434,0.100293078533622,0.0547022353138744,0.0640658926739281,0.0447342483992466,0.0526485487203463,0.0946717925562864,0.0775674524574586,0.0776149537140934
12213,11436,0.113064426193784,0.120202219912298,0.069942168807475,0.00415528941702591,0.163958152329089,0.0640702619487388,0.0564225757507573,0.112394028635302,0.014920449095743,0.0593819635126115,0.136963593069818,0.0845248713273574
8055,10962,0.169501539533581,0.158959749389543,0.0113377722017964,0.00230053417518625,0.121781905015378,0.0727667764509456,0.066612290704495,0.0370625397204246,0.0276500421227552,0.0524604903438888,0.239771532138145,0.0397948282038609
8758,16023,0.0615312274241057,0.123527587426726,0.0273014947005161,0.00796191924158012,0.241938093241125,0.056250519062694,0.00979721144121633,0.0810340763283729,0.019773623147021,0.0155867706526968,0.216417201603952,0.138880275729994
15827,17215,0.108181995190574,0.221650013980081,0.0321301881245189,0.00291263350554258,0.156052438512271,0.0581289225962683,0.0141528892243796,0.0686914073322753,0.0679986670947294,0.0159492243929782,0.212528692234802,0.0416229278115791
12062,4926,0.174845463277138,0.166789178146482,0.0501937651442784,0.00899257369246302,0.159529039900812,0.0701825075300282,0.0409120507913899,0.1014550194698,0.0350551475023632,0.0674292864676122,0.0608106898587787,0.0638052782188547
8326,7586,0.0932359778402601,0.1496403119311,0.0330325846950628,0.0106392644380111,0.116011112573038,0.166932765554911,0.147016030046103,0.0406011702905384,0.0174201043052542,0.0247657999371667,0.125256087294109,0.0754487910944454
10421,16020,0.106775576734385,0.152456565132815,0.0402681055383363,0.0061224337211879,0.205190074721103,0.0678849154808285,0.0650859737701995,0.124459747188522,0.0554403905525402,0.0282303022255175,0.0771188365126014,0.0709670784219636
17067,13596,0.0580417829228812,0.221716538914203,0.0859806165286298,0.00237477696099855,0.124212111929335,0.125057850252407,0.0131182863506564,0.139630322555523,0.0149518135148758,0.0329266681852445,0.111593045341104,0.0703961865441413
17615,10701,0.182417530275577,0.146131028451118,0.0308572151658424,0.00992190315360604,0.080724652066298,0.0889614041051285,0.0601434865665582,0.0660954323541372,0.0260756553950694,0.050195136032376,0.125607843034346,0.132868713399944
12893,4925,0.121386432825403,0.204618128172587,0.0421257756873121,0.0085978223336634,0.128873699115024,0.0892900096063102,0.0529245591815037,0.0604893037181619,0.0190313078940957,0.0415473769194018,0.151012692406603,0.0801028921399345
8342,15783,0.0664244021300243,0.112832310670653,0.0153925964105288,0.00724294158790757,0.0983367573391299,0.0184299183156121,0.00641880273811634,0.0869687139798465,0.0082234363019363,0.0251836319779355,0.543036104166387,0.0115103843819231
14578,16012,0.0926565816198865,0.149245790648285,0.0550344810274285,0.00527519087362016,0.120253287388512,0.126679627709969,0.0413521737304275,0.122658030042816,0.033575794627428,0.0450417367712797,0.111446689127545,0.0967806164328026
12205,7578,0.139540595431827,0.140384711737234,0.0500704017972401,0.00997375485676543,0.101854086040271,0.0651032422213077,0.0409334728915581,0.143704429171093,0.0184060277391433,0.0277366576472731,0.135073554592084,0.127219065874204
17058,9256,0.199359004575892,0.214282771970025,0.0302940629104824,0.00992959434957229,0.110061273601681,0.0915423078241088,0.0410133548378343,0.0511934476836114,0.0340273990544183,0.062516405406953,0.0801059873498497,0.0756743904355714
12221,15293,0.0437851403272316,0.0928488297454933,0.0450020180388113,0.0246346304048434,0.162206315352342,0.127407030272224,0.0239421749064204,0.114354754417566,0.0248060155679216,0.0241279285192774,0.165239787950531,0.151645374497338
12355,13123,0.120543374930876,0.164876516067003,0.0438297309583975,0.00956562647544477,0.188859505452575,0.0681288258634782,0.0554968545623173,0.104611465582316,0.0195187911871737,0.0422143732500033,0.11315263736615,0.0692022983042653
13458,10228,0.122322127506089,0.163994246504843,0.0402666226008693,0.00483510081697376,0.149230901102752,0.0602611558143089,0.051928276296579,0.0523096873716309,0.0236539322567124,0.0428797369819128,0.166133623863027,0.122184588884301
13461,11674,0.0874788262079595,0.115851878501193,0.042589804367825,0.00869403783771004,0.105469684078993,0.114445600572787,0.0894034457233975,0.0788409746206981,0.0364897095442084,0.0107327929491305,0.249465634004073,0.0605376115920245
12349,10230,0.1040844841065,0.173161229938208,0.0497963644573323,0.00556791012181014,0.155052210508108,0.05867637694797,0.0556650549888542,0.0967825852363947,0.0343543752552569,0.0486289553041798,0.137417427618853,0.0808130255165324
15546,15286,0.143105612404292,0.134443877789375,0.0168669033529594,0.00580820791509412,0.145011647551765,0.0646395362819562,0.0341110936716296,0.123219429575414,0.0226983063029543,0.0341142710693487,0.16072061356257,0.115260500522642
14156,12878,0.0968492358898756,0.127543598082299,0.0414018636040157,0.0200216471641691,0.107710534049157,0.226444036299916,0.0106104859625555,0.0744740480767039,0.0359199343460882,0.0491076646688207,0.116501879003817,0.0934150728525817
12340,5408,0.158466076621742,0.203649227087977,0.0437637188679986,0.00747725815681017,0.12216428043747,0.0766640700419239,0.0654157896136489,0.0638991270712947,0.0215190775413622,0.0563597932439702,0.0932216730291114,0.0873999082866922
13455,8781,0.076660627054582,0.114381187761031,0.0368079099043814,0.00423433911776467,0.212639936931122,0.0318898700219416,0.0561128596013203,0.100643123452411,0.018749813575462,0.0292832455310377,0.159886322268797,0.158710764780149
8050,8069,0.165332758982059,0.167275252140824,0.0411434826244008,0.0091191406624455,0.110258704279183,0.0771019382094032,0.0276864251653168,0.129817094165181,0.00929589313064775,0.0457150450174572,0.17544501489048,0.0418092507326017
10269,9511,0.0612800075894284,0.128311882084015,0.0439856874318081,0.0097357592079819,0.193222965908768,0.0768485736321291,0.0337097813690801,0.0910418779227423,0.0294955400134448,0.0501562081539182,0.152869890837851,0.129341825848834
11515,8785,0.0973998883394733,0.118659629834172,0.037063535422685,0.0045694710445345,0.175222854275939,0.0720579451593858,0.0308456733495528,0.108684303900602,0.0292486421793217,0.0317249499850642,0.183631148514074,0.110891957995196
13468,15532,0.0804626251395679,0.123230364676636,0.0598599025557205,0.0116120912401904,0.195460763715795,0.0494837968404246,0.0375663473870263,0.112560718642724,0.0144960936572683,0.0414625572068199,0.123756424641506,0.150048314296321
15120,10224,0.0537385978988157,0.0970107156591261,0.0912593273671373,0.00197247144875491,0.174997270877457,0.0807515590547798,0.020337239864547,0.152416958102263,0.0196717971141725,0.028193173527299,0.138678541145231,0.140972347940417
9856,10717,0.132976543584572,0.164953174719381,0.0490622892429421,0.00499364454404869,0.171695327188658,0.0663898363009598,0.0490529893519938,0.112554430626608,0.04009423854171,0.0439340233620534,0.0619008484959601,0.102392654041114
15125,12635,0.0242573001319584,0.0597559312797504,0.0573231171772877,0.0309058772896359,0.198907032841273,0.197294715890015,0.0202858023669357,0.0577636478485752,0.022511644713071,0.0300219845329315,0.235873082006669,0.0650998639218967
13881,13843,0.118159180535386,0.110184868381931,0.0798962521830132,0.0120530603365813,0.115871294049465,0.154421335411441,0.0363242529479517,0.0810071139552989,0.0131603865555867,0.0371077672619237,0.171117329147088,0.0706971592343326
14440,16253,0.0706528522628019,0.127034394315759,0.0718397937439478,0.0228873616076327,0.144372842500867,0.108314092971308,0.050026111810515,0.126833765907373,0.0307370782214212,0.0302776084439722,0.0969477097761716,0.12007638843823
13038,8059,0.113716706213922,0.265606818039291,0.0269847025111227,0.00413498540420681,0.197513986796651,0.0597074109351673,0.0252859909044498,0.0854572466859566,0.0317194235322918,0.0269464911767527,0.0839901534058827,0.0789360843943056
12629,11676,0.128573286979807,0.14332612839444,0.0529173184546871,0.00613035392945145,0.117896544005313,0.0535616591951308,0.0856138722292399,0.114572728252583,0.0192920090999247,0.0647465150689564,0.0952829419530137,0.118086642437454
9436,8548,0.153080689342767,0.173931986638962,0.013667064827554,0.0187241171524817,0.134027398165829,0.0685037955793579,0.0657832585436088,0.0571343672749584,0.0419878414231955,0.120023380271293,0.0554121798026399,0.0977239209773528
17622,14077,0.0282410290583046,0.104338823251611,0.0871318459814226,0.00195848400884621,0.20188978854602,0.0888448030402473,0.00439727845626228,0.151370677487952,0.0500898421007185,0.0164770037178956,0.13947408929593,0.125786335054789
17335,9255,0.137415819776942,0.160675454573134,0.0173995402410623,0.00588473077054572,0.184289789545923,0.0466922786161807,0.0266459613238211,0.110438715559624,0.0155026801798609,0.0487861872904945,0.165633310278969,0.0806355318434421
11237,8303,0.104432853649571,0.131266519825427,0.116147644564983,0.00688811545279428,0.130628540814421,0.0686437608066265,0.033462761680066,0.0709028874930641,0.0329118417663222,0.0360261453325459,0.15814418456267,0.110544744051509
12761,8059,0.0892188169211006,0.255688265013344,0.0465111643486559,0.00977560408676933,0.136972969719763,0.0708570343975537,0.0390257535641158,0.0947529857703512,0.0321371076602885,0.0198630399090932,0.0954270056835423,0.109770252925422
8750,11684,0.127865907435754,0.254709909837203,0.0367864455102618,0.00992540445661833,0.0947364701783229,0.0546696005946366,0.0677577472293894,0.06747726180839,0.0583562450352451,0.0901978975284663,0.0618643514395566,0.0756527589461553
13471,16978,0.0207680194762052,0.0851983427435479,0.116977629848765,0.0152103402514489,0.152884662894413,0.0573817093852378,0.0174169017492368,0.188675565426028,0.0194721442796716,0.0664702258192656,0.0916530499138327,0.167891408212348
16227,9258,0.106799503383336,0.114520635572674,0.0561462518392995,0.00403004583711737,0.166606876970628,0.0968813240187153,0.0124561892840927,0.139137100112382,0.0215731409035819,0.0351648594098672,0.14613491595938,0.100549156708926
11663,13365,0.0443014545677353,0.0764273995930205,0.100723981571146,0.0272252834089627,0.181803351715855,0.146300924952992,0.013766997686503,0.086043343644339,0.015443393728754,0.0279893371300196,0.201340629406636,0.0786339025940371
10405,7823,0.116160509660917,0.154473259341296,0.0766794666573645,0.00532499833527553,0.159380039210664,0.140709226751675,0.049968343446228,0.0803077828644655,0.0450799302941072,0.0428966735796293,0.0897457883966224,0.039273981461756
18037,13835,0.0975509524044796,0.179253974995545,0.0600821530007641,0.00615484212482399,0.173292998770105,0.0627945977510207,0.0134499966164345,0.141862269435865,0.027561513996186,0.0681907416180771,0.12678743435279,0.0430185249339095
16097,13357,0.118263588463092,0.135393114545382,0.0528732676073222,0.00682352028919757,0.143471489568708,0.0626625279983122,0.0305937895740154,0.101192571040568,0.0296367517783242,0.0588386143626682,0.163370729823495,0.0968800349489158
9020,8308,0.12602796553902,0.137391914007604,0.0409611548518965,0.0128602784037148,0.1531250630402,0.0666048401319054,0.109682582938052,0.0658508735330792,0.032990992013445,0.0395098592242842,0.103142712711739,0.111851763605059
8898,16746,0.14172413514528,0.149751625179332,0.0494927623518708,0.0110385377029495,0.195794925254049,0.0801745439324015,0.0251259628858056,0.0993666594754083,0.0222740330043543,0.0388074850927917,0.118945576111078,0.0675037538646797
14838,7814,0.197425988449479,0.13044994024556,0.037746656613781,0.00433466432111531,0.0962527553302761,0.0493367800134169,0.0694938110897923,0.10388144526329,0.0232716581983983,0.051294864204376,0.129980058952393,0.106531377318122
11508,5410,0.158837053849007,0.175592814988844,0.0291345090101094,0.0051421958647058,0.13022966477769,0.0703491455874585,0.0337800289277396,0.0769470422307328,0.0251973729835324,0.0545788231978122,0.191252855038345,0.0489584935440238
16652,13838,0.090188723519577,0.111189288856649,0.0354825198785311,0.0304834243079729,0.167976474742598,0.0459569127631532,0.0440837217513986,0.197731726888401,0.0337051994765166,0.052175763628183,0.110670175071729,0.0803560691152906
17343,13113,0.0602097993986201,0.134514255160266,0.0356542068255624,0.000563653449418976,0.343549103386822,0.0249814802148722,0.0110389093165088,0.12365744374764,0.0167193776382951,0.0229861884793822,0.143053295738506,0.0830722866441055
8745,9273,0.17571435879077,0.149604617222721,0.0603104221551045,0.00543444643529085,0.116910189157156,0.10101700899375,0.0543621892763555,0.0637146363805088,0.0190369627530471,0.0736261638982817,0.0694634772090021,0.110805527728012
7917,11203,0.217322092913205,0.18831756867425,0.0410670696995609,0.00331677999045183,0.0808512261278856,0.0707986152815757,0.0143711193546335,0.12060672192484,0.0400636804602369,0.0631029411765384,0.0809602890419735,0.0792218953548485
14017,12637,0.0968784008531755,0.111748627252781,0.0675087254906643,0.0108753638095197,0.138067297632183,0.132445312161592,0.0644993823876076,0.0826889715598434,0.0559543636382065,0.0473770297326495,0.0880567153107533,0.103899810171024
12640,16980,0.0764973252044085,0.231209190024559,0.0690375132849431,0.0061022006837997,0.176654199274591,0.049921513486664,0.0404868399000576,0.0917112854940897,0.0307857093776571,0.0321687329190781,0.127798173011033,0.0676273173391195
16083,6606,0.133555730859177,0.115714563752541,0.0476326145507262,0.00690757609201779,0.152701452388246,0.08242313672825,0.065920450258972,0.0896875835205865,0.0208458804941144,0.0214373454853639,0.160443806859171,0.102729859010835
13039,8541,0.0975064782595505,0.273829107514814,0.0344283184918279,0.00467374026474783,0.145382845686057,0.0588602066227986,0.0279384161396759,0.0650057263065024,0.0153015695916498,0.0508907076853662,0.136994744595849,0.0891881388411613
10264,6618,0.112452895392177,0.268134443930191,0.0212022264306723,0.00908738273937203,0.160908760068034,0.0674103145094826,0.0535052515279763,0.0947817305071557,0.0242970530880406,0.0393708964994132,0.0922636423839501,0.0565854029235348
17336,9738,0.153657299771941,0.214714985571185,0.0405872682244801,0.005295966305942,0.225868018746932,0.0454235208961223,0.0624757171833228,0.0408891892555922,0.0164583847457838,0.0676881089761086,0.0697364035478929,0.0572051367746961
10132,10234,0.13855935489399,0.179633439575721,0.0283115174930408,0.00218904594713691,0.145164146177466,0.0668481210932698,0.0561040088100304,0.085052027182369,0.0111383783943838,0.054868228158093,0.117987730255874,0.114144002018625
12638,16016,0.0936277025624601,0.178585162414101,0.0774674801942563,0.0320560879580541,0.131553403264925,0.150207717508381,0.0341763970350486,0.0691730970581649,0.0280978475793454,0.0515217208171666,0.0739022105776303,0.079631173030467
15539,11429,0.113882962217164,0.161620306025185,0.0298792516116624,0.00437616344022002,0.0959809069436164,0.100102864442389,0.0366089775498658,0.0887291136427095,0.034527885495557,0.0378049708301801,0.187328499575246,0.109158098226204
11652,8061,0.0704283750368951,0.162099271219435,0.0507268353401985,0.0157825664965739,0.210388486031492,0.0782630817954998,0.0452485543083046,0.0810125725198423,0.0545627921918383,0.029414466481257,0.142071160914273,0.0600018376643909
13882,14325,0.0393368127492975,0.0955439950576561,0.0591860168935389,0.00564035832223686,0.0622629991930095,0.398336091611752,0.0134589891136737,0.0560660553102115,0.0121606469706681,0.0102407166587001,0.182850896759211,0.0649164213600445
12086,16981,0.119488672461731,0.137468285284813,0.0330637171277451,0.0144686369084774,0.20583160180757,0.0898522614108379,0.0134174518755506,0.0923302046155397,0.0492896430319606,0.0275773221460119,0.147400133383785,0.0698120699459773
10696,15055,0.0476612729249516,0.100768403457381,0.0464016065976595,0.00666850510583411,0.174284550705332,0.226625308902331,0.0230111629114744,0.0719607709237157,0.0273515547629076,0.0202907890302493,0.188275713320433,0.0667003613577303
15821,13839,0.0798940914589887,0.0779349068687683,0.0624529113481277,0.0129156212475155,0.161042154136286,0.0957740148875473,0.0195847510782997,0.161812917458518,0.0198596468282457,0.01706821918162,0.129906897317459,0.161753868188624
9848,6860,0.166065772536724,0.154597299010765,0.0712636924986108,0.00590949319501922,0.0791967595598258,0.103247446093026,0.0378919981884388,0.0807001053994765,0.0158804007227192,0.0450449178622725,0.130775365348269,0.109426749584853
10700,16984,0.142888703855411,0.172783433218221,0.0616233655798784,0.00596906977588662,0.109898973151537,0.0844736818563026,0.0365755004462064,0.103479822094651,0.0356317772956075,0.070864575413183,0.0708259954028235,0.104985101910292
14995,16734,0.111029754594774,0.103059822425655,0.0436129455280524,0.0124883621514028,0.195868891069682,0.133738245203428,0.0280958299447006,0.11130108868118,0.0211887379412784,0.0486505695890356,0.128667762487393,0.062297990383418
13867,7093,0.146228452544525,0.163062807257254,0.0468803972510216,0.00918328495556276,0.176371441535194,0.0673941240297414,0.0655141578648437,0.051780583350414,0.0272566530617542,0.051770009117323,0.0834091788229771,0.111148910209389
11646,5168,0.122206139747185,0.201630759169051,0.0416521351512,0.0100417375914283,0.154482172474164,0.069728047171012,0.0629645322982727,0.0645600417940194,0.0414329782161069,0.0501104856103306,0.0933325963821366,0.0878583743950932
7784,13855,0.146321054217447,0.156573881370292,0.0197944707033442,0.00548159962761619,0.121295851112094,0.104478337720562,0.0393758006596116,0.0949729171975937,0.0219899780488952,0.0636022038538013,0.153274712409666,0.0728391930790767
10816,5652,0.186044332841028,0.177544888297494,0.0301962399164895,0.0207819903921432,0.183494048052721,0.0441143106907286,0.0588538952251905,0.0869596103044146,0.0443243970254103,0.0517766370123713,0.0619241955961948,0.0539854546458151
10266,7582,0.137007813901604,0.169054754334683,0.0432529516216591,0.0054391920792684,0.174005965223488,0.0777080044776877,0.0346083032817395,0.053507126654882,0.0290464385826126,0.0452256041868465,0.11524920012442,0.115894645531109
10281,15297,0.0319921837410114,0.0987017258671038,0.0570574407911576,0.0337771056191037,0.13050860214784,0.26369265604883,0.0299668064494319,0.121016387792926,0.0559567814360548,0.039761382303066,0.0585866956083213,0.0789822321951541
15392,7331,0.17552106906912,0.221182334402326,0.035119609319531,0.0089964196467178,0.0878944676822764,0.0935584398846104,0.0872480673976182,0.0492171202897956,0.0122769139908685,0.0487306433856192,0.120981501524982,0.0592734134065352
11253,16500,0.0893763107207321,0.242685182208931,0.0334296163318661,0.00545013781275804,0.196450812184356,0.116606714563951,0.0314636593584761,0.0772007702701153,0.0171082941142229,0.0307569543150466,0.0765790742785954,0.0828924738409497
11810,17464,0.0430682405340817,0.173951342991758,0.0790371077584147,0.00318557463422317,0.178406261000258,0.110815794088221,0.0188712387967707,0.109791105451335,0.0312318368561554,0.0122646051244962,0.104133838138477,0.135243054625808
12492,12399,0.136107310668674,0.163167859008272,0.0362734417192852,0.0116067409973217,0.186482985424541,0.0872269034926801,0.027760012894347,0.0772156301193959,0.0619563990099797,0.0579596162998809,0.105402705575944,0.0488403947896789
14580,16976,0.0976114010938658,0.0864347477554668,0.0705414922739392,0.0278160956423965,0.23867104481911,0.0887311103780927,0.0266744741548891,0.0915254496830812,0.0190447454178332,0.0486370967869291,0.126723726333174,0.0775886156612228
16360,6605,0.0760990646619922,0.0999344327534164,0.0245644769043353,0.00977223634350477,0.17403153446087,0.0470363793966721,0.0405221272179848,0.049620608674925,0.016121750525493,0.0381908124309589,0.339177114874508,0.08492946175534
12894,5407,0.163534173993259,0.12375168940342,0.0439936265397569,0.00669444910288484,0.191736560247348,0.0558643904431233,0.043530957903079,0.0558489875813064,0.0212390474446811,0.0637537470052284,0.135227880173536,0.0948244901623765
17763,15282,0.0968175278631903,0.1799211605293,0.0388947777496086,0.0056998612003807,0.216914668199987,0.0741139143748812,0.0648900243534983,0.121813264483968,0.0752696386129272,0.0235270971233072,0.06316679097681,0.0389712745321412
14574,14083,0.0829009252872975,0.127363369040065,0.0559774722681011,0.0162548430351597,0.187228221001108,0.116200786853821,0.0200180005628215,0.125956499550087,0.0467414889840154,0.0451965265657394,0.050111514733336,0.126050352118448
13182,10710,0.147521446121264,0.116399032705738,0.0870822151575956,0.00805224844712627,0.135785613316437,0.0926450989050151,0.11049839444775,0.0455868344896782,0.0376707417420625,0.0733978519526587,0.0856870525750586,0.0596734701396147
14835,5885,0.203573539931047,0.182612210141923,0.0222360223213528,0.00582223380745646,0.136020430550863,0.0592445457767987,0.0455888584465625,0.0519256445570573,0.0136467865245211,0.0482666546462063,0.118613965242415,0.112449108053797
17477,10943,0.154595724354266,0.154492450213917,0.0352461799262889,0.00250894069101296,0.186138341353703,0.0682753212153355,0.0393956983432097,0.0880104864044979,0.0262774937131977,0.076122434790081,0.116519026020136,0.052417902974354
8888,11442,0.145496945642727,0.148625763865129,0.0402907280822782,0.00706482735371658,0.14254351831104,0.0907998796490908,0.0511415763638888,0.0978798507481301,0.0391474422794869,0.061902775570653,0.0934784832497188,0.0816282088841402
14281,6369,0.133640018218337,0.1699267674764,0.0781754888879346,0.00656937687385151,0.130424007272287,0.141767759195328,0.0249839791243204,0.0540445168166095,0.025918548433539,0.0551890743441309,0.0900111676369729,0.0893492957202888
11669,16259,0.118903105204017,0.134393556123495,0.0498788270786423,0.0150170081338506,0.174359704461004,0.111137199066344,0.0246660719634761,0.0614997210618746,0.0333473008595684,0.0363742725705836,0.180670460062143,0.0597527734150024
14431,11913,0.0205068060642653,0.0714271458714026,0.0285089676072607,0.0259399941900872,0.0573322997216011,0.546324657646953,0.0270288949322831,0.0689681782393416,0.0316919383220248,0.00714595862283752,0.0212772415718214,0.0938479172101211
8889,11925,0.139480812621736,0.126429316104142,0.0673598177403297,0.00320541300473353,0.168227086926926,0.068460649092722,0.0729125552099215,0.0913511008794076,0.0264364490037782,0.0586208661078801,0.0920309422333234,0.0854849910751
16237,14080,0.0814806811100095,0.139181484627251,0.0497904209525735,0.00923652993355015,0.179608973713475,0.124058144965713,0.0263996518530477,0.18999662355017,0.0452826608526515,0.0501358173651715,0.0582590479553281,0.0465699631210585
11665,14330,0.0178193309534514,0.044796856989857,0.0314849612647958,0.096716444302918,0.0294757037669689,0.574786146690159,0.0154154202249006,0.0533423157780796,0.0143078131813193,0.00531163148640294,0.0550369931354771,0.0615063822256703
15957,12634,0.0607897168230991,0.109835821347506,0.0476763950004614,0.0118418237684054,0.15541022549248,0.0706886103879679,0.0489892816087126,0.130900048412908,0.0268278740339801,0.0293853340622187,0.152933820215079,0.154721048847182
14561,7815,0.153712016095982,0.168125099031288,0.0498099698043249,0.0052864010168808,0.176816147996518,0.0398489901112575,0.0682196742283597,0.0713489386664865,0.0154334872862115,0.0494581073897107,0.100340697654926,0.101600470718054
9451,15781,0.0745173915680705,0.164037459997441,0.0410635824916187,0.00745582410642829,0.145018722231954,0.0578508490820797,0.0255706410255261,0.133421900000315,0.0326367895732484,0.0686771795130919,0.143028597872177,0.106721062538049
16374,13356,0.108147059653083,0.135042220148907,0.0605294979599137,0.00312998676168215,0.153844739442355,0.0837073215955154,0.0342633864453017,0.132861500781742,0.0284134696031432,0.0534538702146959,0.0962088462908703,0.110398101102791
7912,8310,0.170733491410687,0.232220653555434,0.0322610670775951,0.013519353264885,0.0998672959607218,0.0390799270745034,0.0869199139369798,0.0708438879361332,0.0271429589274629,0.0810386833215377,0.0575569273730751,0.0888158401609855
10261,5171,0.11953162454656,0.203759293859506,0.055420990474114,0.00657598795913149,0.124187245508615,0.081976659153564,0.0506096336356485,0.0953232185040377,0.0178070880760679,0.0655377581965519,0.092896678249695,0.0863738218365094
14856,16493,0.0800914616139466,0.133096002651291,0.083936017172156,0.0128379026212403,0.181183573426734,0.137817317048947,0.0163094205883523,0.117226791175793,0.0216376656579162,0.0235039586242415,0.131295789034133,0.0610641003852502
8477,13613,0.180546389664945,0.167294145829897,0.0410831525931532,0.00158453168057851,0.145317802549303,0.0544097052252551,0.0343401749959786,0.09398097345477,0.037801866461823,0.0457678938369112,0.12739455358093,0.0704788101264557
14971,4680,0.110863561339095,0.174066499313302,0.0471265037519861,0.00526251790308818,0.119186371157036,0.0433498464818581,0.0343721332153108,0.0612115578508081,0.0237451522490788,0.0462414039273124,0.286193124105758,0.0483813287053659
17892,10219,0.168209763647119,0.0921507595328012,0.0298904038646198,0.00632150144680356,0.160750667390279,0.0574772557812447,0.0754438641172173,0.0939994886100876,0.0250348863715362,0.0751199446432944,0.158542731970972,0.0570587326240263
10003,14815,0.0780732767887551,0.169309915396597,0.0423397277411377,0.021377311595203,0.114247297651642,0.185257938342039,0.0684539971691528,0.079797104512093,0.0203904636776334,0.0302412344839494,0.12739646559321,0.0631152670485876
12890,3478,0.148683122688061,0.183004200602155,0.0190470572479884,0.00910342721443629,0.150353367247872,0.0879048224935076,0.0682827965304485,0.0367851516820256,0.0172334054930725,0.0519624626166668,0.16323240693099,0.0644077792527765
8876,5656,0.175714553049567,0.163223169779259,0.0178330193609676,0.00415998804831481,0.0872295613126681,0.0387496241527092,0.0782695513583351,0.0706464774626943,0.0222136162860936,0.0390585289817638,0.237424797627487,0.0654771125801402
11656,9990,0.131239008623164,0.176577357055222,0.0259971017828544,0.00803534068216185,0.162787605467351,0.076342089046423,0.0778484220792307,0.0858108758115685,0.0304178716670502,0.0753419571907355,0.064658091831,0.0849442787632387
16091,10463,0.113182822744191,0.137747350857618,0.0356724292349643,0.0106732745368233,0.179721913313096,0.0784508214827132,0.0486431635671485,0.0740859248674457,0.0124165607846563,0.0369383732304647,0.155470776581297,0.116996588799582
15397,9742,0.11465320982029,0.18549998502147,0.0395055848010954,0.00229652186081749,0.0908058910878243,0.0875677925275822,0.051293543695607,0.187849582435971,0.0219796707157664,0.0525970929946011,0.0892981466804124,0.0766529783585631
14840,8778,0.172410756779383,0.144653153821578,0.043030934585906,0.00465260250484911,0.127212355657587,0.0844570640310323,0.0739687423678724,0.103930978608554,0.0227018279593226,0.077421465297175,0.0707184479877013,0.0748416703990397
11378,9509,0.13587173958973,0.13379195384959,0.0614205770652772,0.0275312628122431,0.175412952525269,0.0802324975038854,0.0457311403546432,0.0892761224340973,0.0257226884946169,0.0647733233998661,0.0723575368165936,0.0878782051541871
13169,4442,0.0860233190620702,0.21126196716084,0.0191414952581241,0.00670562481917476,0.180250850423593,0.0517077787242564,0.0352086611611259,0.116907778175474,0.0174621262888729,0.0272417122623181,0.145411413078519,0.102677273585632
17753,9978,0.103492194719598,0.148682371679809,0.0276713887266705,0.00382402590474115,0.227526126488279,0.045392570289463,0.026578987508777,0.103120845243306,0.020089086087652,0.0118554401940104,0.168426578982964,0.11334038417473
17055,7809,0.124227279549836,0.112295415367663,0.019658709234366,0.00164202958907726,0.129230059563387,0.0605985910055665,0.0262313499068911,0.108814623550206,0.020519379899132,0.0595907310754482,0.29541520417286,0.0417766270855667
10423,16984,0.0796743323973753,0.265656517972724,0.0729144663538716,0.0101163046845494,0.128176201944703,0.0694523702042624,0.0354389790287406,0.116759799132623,0.0370875975450893,0.0583247511964944,0.0798119850103781,0.0465866945291883
18588,11905,0.0842612602311725,0.121467658826951,0.0545502864009503,0.0366674222405584,0.1319501691394,0.0417555762763623,0.0277721344718914,0.0117534084688827,0.050886462869541,0.0447570976038729,0.349091538264085,0.0450869852063325
12897,6854,0.106069958732257,0.241427372144547,0.0388419851412293,0.0119579776127813,0.170738737489477,0.044480118898081,0.0309830778323308,0.0952774966556027,0.0472856110108306,0.0535135648261442,0.0694649704299317,0.0899591292267867
11936,11436,0.124269388903095,0.197673765652635,0.0369945768251514,0.0094947083727306,0.114112084439014,0.0935603916150324,0.0492073063229588,0.0932746578943731,0.0100913001134671,0.079663679203642,0.104384547099374,0.0872735935585275
10954,5411,0.205882864748977,0.175360608679417,0.0409279872343611,0.0161513462940897,0.116619164392034,0.0832864571756419,0.0429192579104446,0.0553179442923752,0.033010104943547,0.0780580449011954,0.0895178160516761,0.0629484033762407
13591,7575,0.135424803779871,0.154134012545974,0.0288144199450583,0.00852062456107618,0.133388619916353,0.0817371446123931,0.0548625348672603,0.0581721316711874,0.0173037120166353,0.0477063661038071,0.145929204570358,0.134006425410027
14853,15047,0.0519353046186707,0.0910004764963641,0.13401347096175,0.0092881272812315,0.167283350658556,0.0807992728339033,0.0140728884548907,0.209846901663665,0.0285879224263564,0.0292796301366587,0.0772722835644935,0.10662037090346
9706,4690,0.14634258112156,0.2390349371077,0.0188935134319162,0.00167825747376587,0.102989199839405,0.0898964120377522,0.0362662285678298,0.105619382349095,0.0268859271054405,0.043581188164202,0.112299579230624,0.0765127935707097
9315,16987,0.0529164004844991,0.19220387491098,0.0624568008714777,0.00809622325453061,0.231262277758237,0.048116613122668,0.0173593444329821,0.130237522053461,0.0147576058296617,0.0152042822780895,0.110474213415895,0.116914841587518
9866,15539,0.028889050530761,0.0976092677821125,0.0273964223389925,0.020104488565298,0.116529751387843,0.101575548202663,0.0175947447547357,0.0921260472873217,0.0115485453009492,0.0443601800318081,0.309530353571735,0.13273560024578
9165,11442,0.191301115845842,0.125803001494174,0.0311098494920529,0.00595075992622367,0.119459777089972,0.0393258028600448,0.0297103965345018,0.0915898289810722,0.0254376757192905,0.102631218007754,0.106783062877603,0.130897511171469
15126,13117,0.053715949492529,0.148522707117728,0.0776149641564279,0.00863604657178834,0.165442123059869,0.144280019237737,0.0313355335607147,0.101465968545757,0.0161863502961813,0.0442418452893274,0.0736261976531337,0.134932295018805
16377,14803,0.137989461857175,0.110884716383567,0.029195016687584,0.00217387039785297,0.170929488888116,0.0816379447083269,0.0217830036640609,0.122873906591699,0.0381397841415238,0.0189739628921394,0.17697054129573,0.0884483024922252
16509,11668,0.0935928401860011,0.250232135089187,0.0456873383983692,0.004185757183867,0.139383795569839,0.0733618436268895,0.0868275631447638,0.0715219448743052,0.0213335691094386,0.0346703386694785,0.107534805345764,0.071668068802097
15527,5643,0.186247596685442,0.138142773517659,0.034313591130189,0.00580916922818307,0.100660446174145,0.0753200560366262,0.0768501952075366,0.0423268000773177,0.0303957642573637,0.0496648446187116,0.156052850071838,0.104215912994987
15121,10706,0.129034176600821,0.129093881892647,0.0555154483285357,0.0139335957266297,0.0942215218179544,0.0895906092880528,0.0343515897647051,0.0590663828234889,0.032021094422643,0.0366571364740084,0.18487595718496,0.141638605675554
8049,7587,0.13821603818964,0.194363533558641,0.0373275085097947,0.00377279448041337,0.138362175106413,0.0659579409675533,0.0606706766906262,0.0868814998254276,0.0169701339113922,0.0700722948770933,0.131081817347203,0.0563235865358028
18171,11183,0.0318860406663966,0.0572263271015614,0.012268281066929,0.0191613951974974,0.0370821721703743,0.0193408490254504,0.00914225736204189,0.0352498826754386,0.024816551056663,0.0190110346337643,0.690743856143684,0.0440713529001984
13888,17218,0.0376503635785814,0.0851137058500296,0.085510065942147,0.105521670211553,0.241309519735486,0.0996608475603078,0.0178272568155342,0.0660459592487333,0.0232902958341388,0.0470140667413984,0.102024617755004,0.0890316307270867
15269,15287,0.11713934622425,0.153808735907513,0.0634856004570438,0.0081709338542684,0.15325294376987,0.106063215752032,0.0451555266781391,0.0830636806301041,0.0688281485120778,0.066409771720528,0.0600508681535637,0.0745712283406104
11789,7338,0.147410836281866,0.191278011101482,0.0470252099304991,0.0131774257962103,0.126333061296622,0.0840244710613552,0.0842609867519566,0.0673007357277764,0.0308309098383786,0.0427805964094417,0.0674429595158877,0.0981347962885245
13334,17702,0.0511751785692606,0.155835694287112,0.0393990642163965,0.00132720095222993,0.180468972595033,0.0730539203238106,0.0242537105654143,0.148217336278067,0.0188040218291426,0.028015727479114,0.158051196078435,0.121397976825984
16787,12150,0.0674113999379404,0.233646073694383,0.0273718397940107,0.000725961346235488,0.205445428266745,0.0716723482857817,0.0565184413205049,0.0925733937576419,0.00738792182258967,0.0276267334090904,0.124587371072563,0.0850330872925142
9859,12164,0.15825588492108,0.077751848793907,0.0521938554104636,0.00234330752001803,0.14030567239769,0.107817756383817,0.0309686426858459,0.143768354555033,0.0154394358951636,0.0575224719323241,0.116294993855117,0.0973377756495416
14704,9984,0.0635028871514493,0.163112918068065,0.0727306002702357,0.0410785736577923,0.136209967481436,0.0612084361125755,0.0422511864009791,0.0663336949008817,0.0337138773662817,0.0462360342495026,0.146338444899527,0.127283379441274
16918,8533,0.180691868965834,0.116531037085687,0.0351405960348112,0.0184143025465633,0.135357813358917,0.10717344285586,0.0768771673595646,0.0541386841192225,0.0254969074867234,0.0366024086943535,0.112117382141581,0.101458389350883
14993,15770,0.0872316240517327,0.113388230377414,0.0661556935541389,0.0071262775967574,0.250340681799166,0.0610871333064926,0.0505403153122658,0.0916456046510565,0.0329558919445398,0.0295717114869323,0.113111830613557,0.0968450053059474
9444,12406,0.0905286379798631,0.193664386047342,0.0576113733949527,0.00292355955427797,0.173404925193076,0.0693110341684638,0.0614616446332824,0.0766255058872306,0.021203315343422,0.031371871420338,0.0953798733270394,0.126513873050712
14703,9502,0.123162586891321,0.159031267691,0.0448110053885539,0.0061283634697044,0.182929338353526,0.0967429352617656,0.0214437035862451,0.113194136106,0.0269393874231591,0.0534238293580949,0.0930278104877522,0.079165635982878
15960,14080,0.0920598124753172,0.192184935655239,0.0646287876454232,0.0125575181306042,0.150837602877116,0.0882635906941109,0.0303783521795109,0.11142075321537,0.0528298005805198,0.0579442924988718,0.102962906756491,0.043931647291427
8475,12649,0.226981798133783,0.174176145733246,0.0135771084715427,0.00857749323702644,0.163154112369327,0.084687532865202,0.0342372129729987,0.0308480851463124,0.0361333191928224,0.0795441384071502,0.0914809884236575,0.0566020650469321
15271,16251,0.0614345302929825,0.0985459939222867,0.0402464738407583,0.00529414689754061,0.187138588079642,0.140220988835573,0.00895547860375477,0.082701455361633,0.019663111138399,0.0161334345783311,0.178417608177111,0.161248190271988
14984,11430,0.147511884067553,0.117952978056911,0.0533552612580278,0.0094560750779241,0.155414827153268,0.11101456508909,0.0392199654573332,0.0703670107033509,0.0277726936470969,0.0304870905436277,0.141778620163817,0.095669028782
15669,7330,0.188329264417434,0.195876285229628,0.0351515906381373,0.00302886425639447,0.135436045435956,0.0675078243998082,0.0733445705832351,0.0432471050618548,0.0379701495659205,0.0289023069967185,0.114762845537423,0.0764431478774893
14579,16494,0.0531689625662794,0.1158252207788,0.0450383010711817,0.00196713411245024,0.200146396177827,0.0785581410554178,0.0192495985443936,0.146916085276993,0.00797143512443931,0.0256892236656618,0.166242052865036,0.139227448761521
15804,5642,0.069589940214787,0.109509851610569,0.0120074053606636,0.000596124205343413,0.0546202413965615,0.00482103439388566,0.00629144256813659,0.0628614481351778,0.0064531424237073,0.00206625752021343,0.639064354736719,0.0321187574342352
8749,11202,0.089095167599933,0.144097417569472,0.0543110093108566,0.00898769344732914,0.115148921885522,0.0826780780228868,0.0578423761767332,0.0909512694165547,0.0252420803189654,0.0530132684635302,0.123594837296311,0.155037880491906
13725,5405,0.134194298701211,0.23147705714994,0.0392745567133163,0.030069474496273,0.107342930511909,0.0696972712436199,0.0622895838597676,0.059284939809283,0.0306737755052357,0.0727021475946874,0.0808022175867338,0.082191746828023
14972,5162,0.0731512682387892,0.147844724375562,0.0530434798880586,0.00255040720950921,0.1623282471422,0.0698043814373611,0.0583761696210731,0.133466981310119,0.015314490416014,0.0253890383012489,0.103182872553738,0.155547939506326
9575,8789,0.103175034071985,0.112410360453884,0.0412039818658305,0.011873940288,0.186136904575555,0.0837758287892562,0.0734503211433384,0.043354527560972,0.0302722152148129,0.0707363566103266,0.100297088902066,0.143313440523973
11660,11919,0.0736962572711557,0.214066297902626,0.0367656659278941,0.0066641956031889,0.191537782703259,0.0559080588183809,0.031371636625114,0.0688208010103809,0.0299742702750184,0.0194228712865613,0.1619925281351,0.109779634441321
11394,17223,0.0521153420831648,0.140072527979101,0.0643090099124773,0.00328269557760342,0.219247784659914,0.0618796896621297,0.0360637549333232,0.141048384211049,0.0356943137747916,0.0424651818960116,0.0949741402645364,0.108847175045898
11229,4446,0.170505322163716,0.142898091531244,0.0497175305609352,0.00856844522361181,0.115674758879021,0.109317405914077,0.074179025967464,0.0627529996183159,0.0152954655460416,0.0742077758825357,0.0986734828986261,0.0782096958144112
12914,15533,0.0775373862055744,0.0693578759321122,0.0422792819764008,0.00317516492670416,0.215560199071108,0.0763862361341914,0.0135201425750033,0.117675337201943,0.0286033105879663,0.0461386609370584,0.220699503700122,0.0890669007518158
16789,13114,0.0589016331046023,0.190348048127962,0.071251304983633,0.00129838066052228,0.13433667808869,0.101790185499299,0.0186745887376157,0.17687379023468,0.0281007553642329,0.0410136520907636,0.0972043771892609,0.0802066059187382
11108,12884,0.0615794769045954,0.0603426564329553,0.0385577236274019,0.0532424256329184,0.138023188959979,0.342708686507638,0.0126111834256784,0.0686584790617277,0.0212020222344756,0.0270656389713593,0.0875930269132778,0.0884154913279937
17486,15282,0.0697786521219661,0.174353129830746,0.0620265285693144,0.0120648143575618,0.104589828059842,0.122018861314442,0.0303322529958388,0.129695549178347,0.0152954893720063,0.0348560626975463,0.179088480299268,0.0659003512031214
9577,9753,0.183353743977261,0.187197497116214,0.0306236212992986,0.0152189483027709,0.109670196566049,0.0822419197758481,0.0385392208374905,0.0765040134976028,0.0210592313314879,0.0431830043293885,0.135420156421571,0.0769884465450182
13873,9986,0.0836425712564258,0.120873065242148,0.0129257385429351,0.0127152481064721,0.109579363042698,0.112405848747438,0.352647394473506,0.0570566146229792,0.012365927518099,0.00835498629837681,0.086831833330172,0.030601408818749
13037,7576,0.132183493570564,0.208546730644316,0.0585552380688699,0.00307753179296029,0.177046956534533,0.0550451057527472,0.046394611764994,0.0708106916285222,0.0361554767464651,0.0281966901112805,0.0854133487252922,0.0985741246594562
12633,13605,0.0999838191372112,0.0753828742291971,0.0640568523626312,0.0079997785645008,0.189244178716126,0.0527965950722255,0.0308207525132356,0.116078581441983,0.0351773908673244,0.0265425344675113,0.158974234989287,0.142942407638767
16917,8051,0.110036255891017,0.0762064759320152,0.0209653335613972,0.00963407658322781,0.132526651057985,0.0268420223941262,0.0289667899289752,0.0713417168643599,0.0274769605136945,0.0305080052225733,0.396432083390333,0.069063628660296
17615,10219,0.112886957360309,0.244700502906278,0.0422830045801501,0.00636642203953006,0.13942868363459,0.0621867688045795,0.0338132953626766,0.074334758230692,0.0135181725840734,0.0543788302046099,0.101491117630875,0.114611486661636
9860,12646,0.0818937560268006,0.249109701391135,0.0267988643486831,0.0020894911604979,0.142744024555478,0.0515206149095771,0.0462504821288125,0.147440066688088,0.0231241264061381,0.0752257584355719,0.0842799430587809,0.0695231708904367
11385,12884,0.0172692086217255,0.0595938405015557,0.0296516095937055,0.0529278682446491,0.135650724351413,0.333224532773757,0.0137855142596091,0.063944797779724,0.0466354801700819,0.0160621498574657,0.113845399820416,0.117408874025897
13331,16255,0.0330161669570084,0.110782375852131,0.0410231328014122,0.00345568510549488,0.18281213519002,0.0479355007853478,0.0243323776570248,0.154527969974827,0.0229076525111719,0.0113990217694545,0.197567533873492,0.170240447522615
11532,16982,0.0284497483061357,0.11531166154722,0.0563395216893758,0.00124620363006487,0.229127349899898,0.0611416028714206,0.0160842323942421,0.147901197886296,0.00933415660744811,0.0171687136635168,0.14985242645793,0.168043185046452
12636,15051,0.0315600896646786,0.0460300390766509,0.0709093850586675,0.00797802115966364,0.208456661562757,0.0771871108226729,0.0396475436181757,0.118602908164109,0.030657684628005,0.0117021882592202,0.176135943902368,0.181132424083031
11529,15536,0.0378020640985892,0.16342241878955,0.031626012045184,0.0108611870880799,0.125483682619009,0.178877670376875,0.0299272604666296,0.0997146241263911,0.023718531402487,0.0371811770896415,0.115624794016308,0.145760577881255
13460,11192,0.00789108544191348,0.0230757437994771,0.00410088359334433,0.0301916045633046,0.026973995003447,0.0906674694109808,0.735205998916417,0.027963353617893,0.00124675493273704,0.00516883933593209,0.045601942442913,0.00191232894164102
14005,6851,0.154078119129052,0.23121152666727,0.0239382292968495,0.00334017198406855,0.135999282003542,0.0511124516524509,0.0471635831085528,0.0444087539469882,0.0380160282973926,0.0639980289702331,0.127804516977781,0.0789293079658195
13328,14809,0.025629080807189,0.0383864867567452,0.0584090448792194,0.0142496577036798,0.0786970758487699,0.277332662046972,0.00807069106683166,0.060707659829861,0.0281758399666726,0.00712699677929974,0.322033337060878,0.0811814672538822
15541,12875,0.109573549504584,0.146567179620387,0.0609218364991375,0.00481926668013171,0.219472498083268,0.071527025588614,0.038127652848866,0.0859739918203802,0.00980779748897632,0.0552215146561886,0.130601771060627,0.0673859161488396
11393,16741,0.13902014890001,0.19978971409649,0.0549027715139056,0.00350200055384214,0.135003709350933,0.0454749779888361,0.0237115861678714,0.123106634987398,0.0469843196671517,0.0395639044127107,0.118909802054732,0.0700304303061188
17210,15765,0.0745218731878625,0.14967884066529,0.0995744521316025,0.0046122884790258,0.139408936787437,0.0512772273245822,0.0715725870580205,0.16161337777551,0.0534532792862552,0.0849821560498189,0.0341694922438991,0.0751354890106961
11095,6616,0.10459151397819,0.157623727285078,0.0512424421073224,0.00948384865620271,0.191402982400756,0.117653307571672,0.0444205295325817,0.0845690730596815,0.0390249698223626,0.0276333986527221,0.0643819560527928,0.107972250880638
14300,15530,0.110719739058892,0.154873035229753,0.0559522803963531,0.00817011150428971,0.13501122757319,0.0925095963594645,0.0590384958374443,0.118624539178181,0.0274348812572625,0.0408821650426008,0.0926116556528886,0.104172272909681
15394,8295,0.0918700734987073,0.117517545725841,0.0606789348934296,0.00755468568987029,0.182439811168483,0.0695814245780744,0.0489913927081695,0.115995890366352,0.0159450863498172,0.0245197366160583,0.177540815489793,0.0873646029154047
8884,9514,0.123112986239524,0.17022432595241,0.0328852225933942,0.00579948990457473,0.10592393770768,0.0725512809209616,0.0450779660105894,0.113694966114988,0.017457564673319,0.032040507342358,0.1359164459094,0.1453153066308
9296,7825,0.109346359857744,0.200915212228305,0.0284255981371527,0.0177431340156652,0.152107413459009,0.0468851668100289,0.0272511545834708,0.0709794396358071,0.0246203525565477,0.0603100813458727,0.113623031648153,0.147793055722244
15532,8054,0.155242334916218,0.0817809628233373,0.0539836505242779,0.00492867556357332,0.108824957251467,0.095621578984429,0.050692366926484,0.107571733449646,0.0305793033808516,0.031695159510226,0.134500976287126,0.144578300382363
16242,16490,0.10013482735575,0.195823048873059,0.0697469093769815,0.00361872095985974,0.158039377762675,0.0530709516734336,0.0394389173777034,0.141769101497863,0.0310333474892399,0.0393721218003071,0.0955727751251676,0.0723799007079594
16085,7570,0.155070180367111,0.185298703597414,0.046251198262211,0.00543735015494719,0.140475653653345,0.0673904281579326,0.0827817760878647,0.0332982811818451,0.0375948100562482,0.0707003937216431,0.074975884134041,0.100725340625397
12481,6613,0.14903110057031,0.164242699684521,0.0423236541547083,0.00616793170093137,0.176356601921195,0.0718835422977706,0.0494997277580445,0.0718979733526554,0.0212654015357464,0.0347814009897519,0.101944328055668,0.110605637978698
11514,8303,0.051537226818373,0.11796896434084,0.103221128921961,0.0152089635743458,0.201210597143883,0.117227486304147,0.0274111147317863,0.0685168538429446,0.0306744722054233,0.03708359295645,0.143620332787882,0.0863192663719642
11920,3239,0.0998285140992652,0.144648244835692,0.0393629034601572,0.00634322827001488,0.143567443157049,0.0476687914770268,0.0380068087671005,0.0987339517272885,0.0107016865863618,0.0415219870978103,0.200462423171184,0.12915401735105
10550,11439,0.130974778458858,0.131722637563209,0.028855961921084,0.0134701742510052,0.144298092957566,0.0798770836063904,0.0477602524707328,0.0865951113324517,0.0209553546945374,0.0594420700044852,0.209051355203964,0.0469971275357155
16784,10703,0.083302159431061,0.13298500522689,0.0420432813057297,0.00719655817043417,0.16647586986792,0.045752273261415,0.0206367678560165,0.116159373556955,0.0135133072199111,0.0470157228612888,0.219455821831817,0.105463859410561
12083,15534,0.0967228402965678,0.113424143859303,0.0850312967796808,0.0167031765098756,0.161256340385896,0.115930288146649,0.0440594729773705,0.112231669779097,0.0298523595906366,0.0345521692677214,0.086785642268481,0.103450600138722
12912,14568,0.012549028459859,0.057628863349794,0.0457283943111577,0.00234022157229324,0.152140925529636,0.155957668649913,0.0201815119186667,0.127962805961447,0.01827213544311,0.00992835291365494,0.20719210560785,0.190117986282618
15689,17456,0.237531840726532,0.157415201307649,0.038482570715416,0.00721650896966213,0.159713713025471,0.0227808301361241,0.0425939165917067,0.121496583422324,0.0485277493313186,0.0386000235103331,0.0656915357685276,0.0599495264949361
17199,10461,0.129111072565081,0.160203975805407,0.0338862902744281,0.00256119452707438,0.11660892042628,0.0923392720315605,0.0300734618201752,0.111604656447057,0.0220731134346172,0.0390076491880438,0.167413922193271,0.0951164712870033
17893,10701,0.121352916499294,0.18861863090611,0.0384502479330536,0.00647673443408683,0.145740890854955,0.0330872294524126,0.0526967406606297,0.0723114639780643,0.045963817144348,0.0562837850666977,0.122193410583436,0.116824132486912
15408,15528,0.0936932272846182,0.241384094051535,0.0578941689068362,0.014317437366787,0.162559509184567,0.0645320007300526,0.0222414413343056,0.104398819308203,0.0384902058701195,0.0464229738815509,0.116953181559315,0.0371129405221101
14697,6127,0.106455987510411,0.168733244146777,0.0700670087894377,0.00513551571795923,0.180376526301635,0.0713675148277831,0.0387102754420133,0.0451357035822244,0.0209811884402393,0.0521076377893715,0.0929733406412277,0.14795605681092
11102,9991,0.14461581670596,0.141514541450459,0.0520449515747981,0.00868634836305577,0.0932129051420243,0.094526441668407,0.0631371247669754,0.0884187371206746,0.0264654459577127,0.0931936694454489,0.104634029570773,0.0895499882337119
16090,9981,0.0687970375957925,0.179910830780568,0.0758869164787928,0.0195453773989205,0.173826255508764,0.0879285082961327,0.0456538488562244,0.0808479403193179,0.0261673527577423,0.0539856345608621,0.0957752769905307,0.0916750204563515
8196,12167,0.0973771417097707,0.247216208800225,0.0345283434553289,0.00980811073005778,0.159151689012038,0.0636498355612042,0.0391758355405919,0.0941947563293477,0.0192212659780071,0.056903836150319,0.113268905595533,0.065504071137576
13327,13844,0.0919435054498089,0.111936880159725,0.0725850420740396,0.00902998909129381,0.147385604845588,0.149758767748481,0.0279992631166773,0.0856232304609864,0.0302168015762028,0.0352500288854225,0.172506740206402,0.0657641463853722
10813,4206,0.124670331959781,0.243453862011522,0.0318134036976301,0.00616467380267027,0.16777932603055,0.032610643679803,0.0692319735757825,0.0408719408821094,0.0189131249335924,0.0414861670245406,0.0775168231735795,0.145487729228439
10269,9029,0.10980437909572,0.143697768440235,0.0504318227311824,0.0123562726721469,0.172622150718942,0.0899174691254608,0.0351929112826459,0.10023497814207,0.0318035038614578,0.0252269749260967,0.117633587752807,0.111078181251235
17481,12872,0.0520551936635992,0.118820489422316,0.0889415932084817,0.00359960696863584,0.237322342603392,0.0649372200068321,0.0276319324450825,0.149494221837594,0.0261881778453568,0.0185635529996313,0.128040286815527,0.0844053821835532
11655,9508,0.153248423243194,0.143532853500483,0.0432545863794082,0.020164737149912,0.134112308200815,0.0682994152366173,0.0372599385767986,0.0831405889935043,0.0347309132583399,0.0706676377244842,0.0989980971642714,0.112590500572173
14004,6369,0.081619360612245,0.0933368309975938,0.0667637600622102,0.0147890848042419,0.143197690595053,0.0880054228029415,0.0766928099432142,0.0758390577300141,0.0256801341594855,0.0344082612760723,0.158557609840176,0.141109977176752
11926,6614,0.144251461522696,0.137557402433308,0.0467944672237027,0.00350098277975359,0.121804870123809,0.0889160180036834,0.0634035939768579,0.0718892468457189,0.0223623200459678,0.0532830706201102,0.112585675577279,0.133650890847114
8474,12166,0.117863475137696,0.142710532825866,0.0465450744252595,0.00551410425908574,0.158036842885432,0.0606975849201726,0.0400250725885475,0.147525929859768,0.0336062719038314,0.0511901450591643,0.0970943144186699,0.099190651716507
14715,15288,0.0860210131140559,0.136198483696397,0.0786710582267271,0.0473237641322972,0.0959633799757562,0.131008213634192,0.0176059497117729,0.0846488789040796,0.0379528118629735,0.0327328976259821,0.160219842790957,0.0916537063248094
14698,7091,0.15671530125755,0.199089137220655,0.0440476039459526,0.0088922759408511,0.0866295101963598,0.118267257596444,0.0396272519282662,0.0868368243763146,0.0378213844869503,0.0479940285183778,0.089340699583461,0.0847387249488178
10827,10956,0.166509180789978,0.0726185497920309,0.0484901584434848,0.0154080105943479,0.154779897418278,0.0663053359721728,0.0286486709840823,0.136128283716368,0.0270333475723537,0.0658847024132285,0.114461348266887,0.103732514036788
7772,7587,0.153944505862593,0.129115683720937,0.0319584736277989,0.00406266503425881,0.0715369754399701,0.0838744042157386,0.0648267126011957,0.218437769518838,0.021719896101283,0.117009622701723,0.0456531897478431,0.0578601014278197
12639,16498,0.104298133429848,0.122062902109859,0.0530486155945953,0.0139948226621029,0.128917431022867,0.114662297299693,0.022203320889547,0.118887298792964,0.0268730341428112,0.0477214374679823,0.142660855108495,0.104669851479235
9862,13610,0.0389459043249303,0.0543794254046103,0.0489644395235446,0.0181556340641157,0.085913900144532,0.462546980356796,0.0120889757377775,0.0559730139312785,0.032213876727679,0.0091721883167447,0.116152735666277,0.0654929258017147
9026,11201,0.086215395827797,0.0939923153702914,0.026588611587721,0.00796475071122928,0.0629195305291765,0.0953444997681676,0.406429966016248,0.0462057015891867,0.0154017453088463,0.0267386357661072,0.0646344746877242,0.0675643728375055
9305,12165,0.110429001270846,0.135194624980003,0.0521459875995437,0.00302641445104283,0.140620822320146,0.0780844644022164,0.0599395214264666,0.0814475301012066,0.0506103144141178,0.0744253397988388,0.160760005970941,0.0533159732646314
9167,12406,0.193848674016097,0.218156907026457,0.0414788828612909,0.0102324767188188,0.125304447610309,0.0530220926091361,0.0472287034743702,0.0636368695339293,0.0402661122357616,0.0860224488970822,0.0638532430589397,0.0569491419578079
11383,11919,0.0904094774540365,0.131425594505839,0.0495979444568788,0.0110367438853505,0.127266937947925,0.207997095601336,0.0526611353905432,0.072116045471013,0.0219456092272679,0.00924052132900461,0.145150596513897,0.0811522982169082
11096,7098,0.198308707701012,0.111061356825216,0.0480036429553839,0.00713201049402408,0.148661726900134,0.0545751630066175,0.0504632417374255,0.0917293262002913,0.0646256265512117,0.0886778187122075,0.0921710131346958,0.0445903657817811
10543,7582,0.137540871429907,0.174984080802453,0.0425541509159402,0.0100492581968596,0.10268493913893,0.117968982822669,0.0817561332315721,0.072188770216369,0.0333081461584077,0.0522657378980255,0.0927407569366058,0.0819581722522615
17203,12390,0.0689271702947796,0.18697463901505,0.0303509832948172,0.00147969467404352,0.117288687067939,0.0570731883832399,0.0707144369116251,0.0868624566453901,0.0250433915512306,0.0274274038512346,0.190499489301088,0.137358459009562
13188,14086,0.104839654457397,0.188724977469256,0.0513832808518334,0.00697445686999627,0.0891118104939932,0.0973410202387644,0.0489618422518928,0.0792125968830321,0.034039553843677,0.0476169779946916,0.171098739209647,0.0806950894358196
15944,6365,0.14228162729479,0.289623833996679,0.0191020502042751,0.00623738107677115,0.176391517319296,0.0435826387933399,0.0570664785275847,0.0349791660320321,0.0333955808541385,0.0660346843623233,0.0535317875726588,0.0777732539661113
16240,15526,0.109931612790201,0.170791038101226,0.0305611378072797,0.00746035130216954,0.165353548928538,0.0426247363096617,0.019817927682381,0.107784125009667,0.0174360170243334,0.0175042433954246,0.227434904962177,0.0833003566869417
11943,14811,0.00628089040249799,0.0320881274931906,0.0920069398484098,0.0102119469682241,0.14265389354951,0.102455786972037,0.0206523939257086,0.156972004683744,0.00702362323861195,0.0127396184290761,0.231879956374422,0.185034818114568
11672,17705,0.0493660939338422,0.0976171486615432,0.125012904420223,0.00440539212127149,0.176506528956687,0.0270792970128808,0.0156479485186049,0.20473105145621,0.0247651052641868,0.0824186138009713,0.0541367337272635,0.138313182126315
12617,5408,0.10592527244376,0.176515586032684,0.0614102582023159,0.0138186522730583,0.134350133267378,0.0972114298639074,0.0406763012774213,0.0745844466840455,0.0391857545688175,0.0444901821270531,0.106439761695686,0.105392221563872
16641,8534,0.150736251450098,0.224350954487297,0.065387926019766,0.0048770605501802,0.0993152589320746,0.0503201680978084,0.0493340578358171,0.0404149338228048,0.0234135815785399,0.0452591267867457,0.161801141961111,0.0847895384777572
10563,17707,0.113784950213652,0.132723048524399,0.0545090102196129,0.00647809351075921,0.163121298064661,0.112711002359305,0.017039573103042,0.0446464891996749,0.0164968224736087,0.0431496847630418,0.0980928217515064,0.197247205816738
12223,16257,0.0915601124243285,0.223203523284524,0.060769857204619,0.00415856716280555,0.0979222202752257,0.124403549399962,0.0238787867035064,0.143423962070682,0.0377736301711816,0.0657787898656309,0.0612186709042582,0.0659083305332767
13176,7817,0.0988226169416704,0.22465720977039,0.0402419079351915,0.00627871104928496,0.161355924633923,0.0350356788862932,0.0708668043066281,0.101681888947946,0.0198501164234418,0.0437341175809295,0.114642901911226,0.0828321216130749
10538,5171,0.142336087759631,0.184064248860961,0.0251542613428107,0.00479789946135984,0.161673626501513,0.0418055234425848,0.051558840768992,0.0966495206088252,0.0230306049410483,0.0701823809226246,0.0920939943513953,0.106653011038255
8742,7826,0.114350520305552,0.153147124287707,0.0540905672937781,0.0101533980620777,0.123673551720375,0.0601483937565644,0.0656385132568876,0.0613671994105289,0.0314630155762375,0.0389010838222788,0.153767968768251,0.133298663739763
17612,8773,0.077919394617512,0.0640192405801561,0.00929542220270824,0.00218409049364855,0.0488518815887425,0.00863783670896574,0.00534579855217582,0.00139812235152146,0.00947262410147827,0.00155206965941498,0.723486813964036,0.04783670517964
9017,6861,0.123092858748462,0.234990166724061,0.0278689611584901,0.0105476363614993,0.116990255295318,0.0890523777773039,0.0803180935832472,0.0858680995424022,0.0341483390756847,0.0452455670612553,0.0957384250270416,0.0561392196452344
10677,5411,0.183329613647728,0.227145582435507,0.0281034697513277,0.00391124105382096,0.123762796084064,0.0608304993526622,0.0612994709800167,0.0436043416960651,0.0428911006027894,0.0663053712712077,0.0906836089218657,0.0681329042029449
8621,16747,0.129801113871768,0.101928974823123,0.00673720412381317,0.00130531116256358,0.0897119825085151,0.0141029301214471,0.00248120413564547,0.065788578451329,0.00937309260203979,0.00172514048546762,0.562010223992093,0.0150342437221956
14849,13118,0.00583598632626049,0.0313789301542795,0.0418140373369193,0.164807462464225,0.024396062032812,0.420445981209081,0.0114845326374397,0.0654447838734914,0.0363598573058267,0.030383642320494,0.0831546191581063,0.0844941051810646
10123,5413,0.120209059554893,0.187506306841622,0.0283666485019611,0.0144715787322439,0.142893311533834,0.063760145145367,0.0668121121851661,0.107796174480098,0.0343355543076617,0.0734969798784909,0.0664104495391912,0.0939416792994701
9582,12164,0.105399814675793,0.200845110821724,0.0281132201064501,0.00365216496175641,0.146497072887068,0.0586919686763875,0.0313907749416572,0.114437431246952,0.0304766456830697,0.106921533931282,0.117274166878743,0.0563000951891171
8881,8067,0.141269881287063,0.128676476755052,0.0587802926974352,0.00737557163962721,0.0987141041382298,0.0839956898247331,0.0569284283981503,0.115204248070811,0.0332503996578386,0.066520325896477,0.106634547625381,0.102650034009201
11651,7579,0.128789888102838,0.218217177781992,0.0511866123549501,0.0110745039018881,0.150154020033281,0.0665770529613323,0.0467867917324512,0.107797103884883,0.0394444759004642,0.0436396383273338,0.0433417770300077,0.0929909579885786
15262,11912,0.0746295044631458,0.144031408330917,0.0639386372662458,0.013079581120272,0.112072034298041,0.16609304718536,0.050833904873788,0.0322838430479982,0.0453403639367667,0.0234822631890046,0.156959811168241,0.11725560112022
13040,9023,0.103970644374828,0.219134650327706,0.0379960671056053,0.00489110689375612,0.177980657235179,0.0740812437678667,0.0421990706932949,0.0922268740340798,0.0150217216526257,0.0571383813481096,0.0859801233237789,0.0893794592431698
14142,6128,0.153227233004855,0.195885946458627,0.0261790216777209,0.00624812488289153,0.132237200210051,0.0770097483831806,0.0400123232506867,0.0739548759207608,0.0239147258886283,0.0289397308691735,0.166669482484918,0.0757215869685063
12487,9989,0.193579633804956,0.102479050506345,0.0738236341578241,0.0078262498321158,0.154013595105868,0.0598736073073881,0.0462349139051559,0.0510976299023782,0.0356903580823994,0.0472906558754221,0.0935975762163115,0.134493095303836
17066,13113,0.0994640388706773,0.130234273535896,0.0772926912067896,0.00387231740834156,0.154016625866394,0.0795619197890476,0.0191370768544429,0.156124275314991,0.0176367786148768,0.0604095358979844,0.0964509402845556,0.105799526356003
13192,16014,0.14687456273392,0.147863988034096,0.0368052851826933,0.00681814166985868,0.102931832201554,0.0708249892035199,0.0538434040379579,0.141206121133644,0.0575619226517077,0.0695559192836272,0.0731869356309797,0.0925268982364416
11795,10231,0.181426710129947,0.133864319501832,0.0463469871255525,0.00464430449652253,0.136424698883651,0.105479582173101,0.0489462870922172,0.0729671303028215,0.0331172739346941,0.0605166395743597,0.111056691473777,0.0652093753115257
13588,6129,0.19621333329782,0.116785094325711,0.0287817326396517,0.0136800980066553,0.120953511128781,0.0736034523985858,0.0395172235543457,0.0658905945069738,0.0478699542933763,0.0543183960619532,0.121660928890661,0.120725680895486
11098,8063,0.107600423862869,0.174557413668375,0.0339031913300353,0.00828579027847909,0.132807318926908,0.0557550212930814,0.0639687154299714,0.131759435447501,0.0331083898737063,0.0863089390406415,0.0828595069631723,0.0890858538852586
15263,12394,0.0309716943676692,0.0655204433707796,0.0721915179827633,0.0325407893224528,0.128787832773203,0.210931322597618,0.0182362527804766,0.032031720338054,0.0318848137236126,0.0158564578376629,0.265095026047059,0.0959521288586486
14432,12396,0.0194215387977656,0.0641329814347802,0.0314625270211236,0.216672590257797,0.0945342642852367,0.298349030595457,0.033850402799594,0.0298704940555463,0.0294513450179966,0.0478407351929459,0.0699506398154739,0.0644634507262835
11533,17464,0.0466639751372196,0.102229968341794,0.0917553325102329,0.00051650950138179,0.195071912404545,0.0913909973097965,0.00667158156639802,0.146759438540114,0.0161114960951725,0.0274165015683146,0.217351283029043,0.0580610039959886
10542,7099,0.138230442337579,0.113203442647165,0.0524565130871125,0.0103976611002313,0.147267167218162,0.0369094975585471,0.07839952315168,0.0848116618295982,0.0544381312101171,0.0540389086210651,0.0989163450337896,0.130930706204954
12493,12882,0.1119760185375,0.19862524421491,0.0378635714563871,0.00648167227938858,0.14653956134064,0.041430212494393,0.0831387636067526,0.105861543670034,0.0504607411158709,0.0494101877566349,0.0673013216263306,0.100911161901157
9177,17228,0.0773217782699015,0.187555044945586,0.0292410805588251,0.00247333854331608,0.175722085415602,0.0482373966180341,0.0116597650585808,0.142436005342575,0.0226037650334341,0.0187514773189221,0.226035549875138,0.0579627130200858
10829,11921,0.202054518896321,0.15108167307962,0.0290263414037286,0.0245211316735619,0.214416949044899,0.034971592478513,0.0538613478800063,0.0785355500568702,0.0282619476578511,0.0819701666289654,0.0667860777356049,0.0345127034640576
11788,6856,0.117847604597105,0.0987623880391465,0.037633474600139,0.0206449887808068,0.113580458984289,0.0769299042430664,0.0423975907201718,0.0681848962802649,0.0380467038353202,0.0522374265757939,0.164640286047593,0.169094277296303
13590,7093,0.121812017788793,0.285035291046631,0.020605088010538,0.00570199338618328,0.184870666593816,0.0824516815865093,0.0408362436775141,0.0546311172295016,0.0197425829404258,0.0346967906626732,0.0758805637583095,0.073735963319106
11784,4927,0.132111556921878,0.236285713382459,0.0460475334126391,0.00540505412750757,0.0763994032120843,0.0730814753061096,0.0527079323019697,0.0900302707668482,0.02249403213756,0.0553298668301476,0.12428169865926,0.0858254629415373
14693,4198,0.0781111857747979,0.0931950072509743,0.0177957043352167,0.0148954454294596,0.10653856705764,0.0338105686577888,0.0171700644712901,0.0413292040552554,0.0208647163914108,0.0197434712965312,0.477117418333814,0.0794286469458209
17621,13595,0.065376623739582,0.201374618885427,0.0827420631570342,0.00749177139996391,0.160901920904125,0.0720193745550807,0.0202501300427686,0.122673406714004,0.0171031695099988,0.065645052387966,0.108126784493912,0.076295084210138
8738,5898,0.121003675756092,0.19526172394118,0.03154319533492,0.0067712436082962,0.129631239238873,0.0788005112885811,0.0431706456146856,0.0722583812387738,0.0150010516071734,0.0584502000274701,0.183636655039517,0.0644714773044383
16499,6846,0.0799611215761917,0.0705773978901082,0.0475732612567781,0.0125454531006237,0.146395989349494,0.0599171178227011,0.0425056335429121,0.0550417045658107,0.0210424155703104,0.0589158083142777,0.311974749714866,0.0935493472959262
9431,6137,0.176120616525358,0.124376918967525,0.0362355062648458,0.00621560127675159,0.109636380773734,0.0906754764280111,0.0867633423907623,0.0491244194632813,0.0217479627777643,0.0477457442343134,0.120938050153561,0.130419980744093
12488,10471,0.0742863160900445,0.157486459578884,0.0519521004385876,0.0044219894679265,0.206615855189131,0.0733565421516457,0.0474169120240152,0.0927501159996001,0.0125348850631574,0.0581818437234564,0.100527264016916,0.120469716256636
13449,5888,0.157606230724789,0.11244652670458,0.0632940145521448,0.0236845931830026,0.126633346607575,0.0792194472273618,0.0850915559844268,0.0442599958467795,0.0237371683816785,0.0692400508275787,0.0948204164143979,0.119966653545685
9987,6618,0.130359858180472,0.225144941087342,0.0227429993125742,0.00561251134049735,0.128639790516105,0.0329432739186177,0.0475390472010813,0.086756152780519,0.0460633035267546,0.0626769740390716,0.093112426343503,0.118408721753462
16517,15526,0.0668431485026756,0.126908234261511,0.0571886406148351,0.0060003327151252,0.240608659051562,0.0382233549759934,0.0165425120561773,0.147311143481791,0.0189065697307875,0.0339360199223365,0.12094058000662,0.126590804680586
12082,15052,0.00919448715271342,0.0649864754151076,0.0846715331543326,0.0250544743474373,0.189967994720143,0.0892639382960777,0.0386987604784786,0.119475490573468,0.0119119216734793,0.0224989250150773,0.162876534952921,0.181399464220764
16221,6365,0.0665879857455165,0.0876873564675823,0.0249961713615624,0.0111438945087846,0.116310619609712,0.037569782444056,0.0311701432359233,0.120190827494579,0.0194166655072064,0.0270261650534434,0.405558128669167,0.0523422599024676
10969,12644,0.152103797695551,0.147099702040148,0.0271498264804689,0.00526218935138812,0.185672614432926,0.175122115467407,0.0276218143126663,0.0645793226301103,0.0349989948257088,0.0379891523309,0.0920684280199996,0.0503320424127262
14994,16252,0.0797979089849553,0.0737796296193272,0.0437848477063882,0.00388306283875837,0.188259103127716,0.0386404864724913,0.0154349594777535,0.159488114810555,0.0158596722333023,0.0268971253484254,0.256917741841058,0.0972573475392696
8048,7104,0.124460759115606,0.275569095222246,0.0136706710154093,0.0152104785415144,0.12438645082742,0.0651035681414981,0.097886155779338,0.0612311089265235,0.0213586196707473,0.07268312710226,0.0652983214589877,0.0631416441984495
17895,11665,0.0664443063034426,0.0978986867478072,0.0359792855409713,0.00557066746983307,0.159299765652932,0.0440951881918612,0.0131445057712155,0.0759140358043222,0.0143288288053798,0.027715058036606,0.335701986735996,0.123907684939633
9437,9030,0.184088837045014,0.148616220534928,0.0248241638775212,0.00547748905162577,0.123588177715988,0.032828102134661,0.072693214077242,0.0772149175762661,0.0184373742175439,0.0701809893440187,0.128271188523638,0.113779325901553
12613,3479,0.123832635624174,0.178152420893471,0.0333254971941036,0.0122030684942864,0.144217178662069,0.053137223923975,0.0274289091255446,0.130576291689441,0.0195289095933526,0.0481698926072818,0.150709095027012,0.0787188771652895
16366,9499,0.033792650191751,0.174281653865667,0.0538174725115508,0.000615497109376187,0.211207021487015,0.0472951965698635,0.032669638490239,0.154493030124319,0.00839798528621039,0.0169993453407457,0.143837875061544,0.122592633961719
14303,16977,0.0283491256071483,0.0827716102278606,0.0411934243862406,0.114948502711479,0.275572690734759,0.0998278149787559,0.0176976106699508,0.0574698386472667,0.018789123146528,0.0794969385654751,0.0857786480198001,0.0981046723047355
16375,13838,0.0986610954533013,0.103497173607,0.0732514416372321,0.00525798870253877,0.161491607823143,0.0836822913419307,0.0308777267757767,0.133297781062228,0.0286660089620189,0.0392116086733414,0.121688423332879,0.12041685262861
8608,9996,0.126764446256747,0.160313330743183,0.0473712402973263,0.0178368726038361,0.103028888793954,0.0603130629619535,0.0855649301147634,0.0752087882712993,0.0133361231234636,0.0799266138329596,0.131065606100293,0.0992700969002213
16792,14561,0.104715111714595,0.122909844089941,0.0356473433183847,0.00429718739349842,0.264812019042816,0.0862020385248438,0.0344860814308861,0.0885649968567841,0.0242373348508748,0.0246386737705306,0.123525597733458,0.0859637712733871
16921,9980,0.112929908338667,0.218531242355276,0.0625973257691908,0.00472648535690004,0.1391513334337,0.088188382760333,0.0311581633064399,0.0928784332960591,0.013613287002345,0.037043611399769,0.135930233406407,0.0632515935749128
14417,5163,0.137325652329626,0.189746297573592,0.0401344076582946,0.0071332714253312,0.122987140172651,0.093076233884699,0.0464736619148749,0.076977207725917,0.0245568703088324,0.0469206118733677,0.0985149242126381,0.116153720920177
9845,4931,0.20553846583707,0.0870802741931152,0.0467662884833412,0.00268789703811249,0.113215462212028,0.0697749162612016,0.0807342254867817,0.0986254921973444,0.00966007366715673,0.0559184670662168,0.130461357677582,0.0995370798800503
7913,8792,0.0536446529522508,0.113508819064815,0.0276908002740183,0.0168193544196836,0.0837213395203886,0.0820483332730081,0.231547015336026,0.0724992598456807,0.0251630844100082,0.0261190576171582,0.178613999507957,0.0886242837790052
13447,4924,0.110222683119299,0.17130949825092,0.0412011862822458,0.0106986343474318,0.129657359586255,0.0707286592751627,0.0405223821670738,0.0701270248839551,0.0256338147457594,0.0522040925564253,0.134404535991279,0.143290128794193
14291,11190,0.09050701331176,0.161626498572227,0.062451967587016,0.00589650253247869,0.0929372925427754,0.168717117722577,0.0467215990949501,0.0745237209270347,0.0435893027245193,0.0237498350139637,0.133649648366829,0.09562950160387
12480,6131,0.164719516445838,0.280144609407741,0.0261627858666354,0.00138889370522431,0.172390961515471,0.0358843864815849,0.0547822571824569,0.0466310353419359,0.0268037038256019,0.0307676580802012,0.0554254603161414,0.104898731831168
9168,12888,0.108487790604152,0.204117238625099,0.0592705646772842,0.0199681837312063,0.121607831152961,0.0482427674157034,0.0785524128292634,0.124822941730541,0.0327794285069507,0.0830919923003192,0.0468059235655954,0.0722529248609253
8190,8792,0.183627756340967,0.098449277726016,0.0282134763752403,0.00180502728446906,0.154741361028687,0.0704573773354362,0.110315001111623,0.0780450967819296,0.0302707741965436,0.0577941570793181,0.101101908197556,0.0851787865422143
14277,4440,0.136059791636017,0.188281017030382,0.0140057837033263,0.00850340826987345,0.0819955337087622,0.0668627808654596,0.0423473311656812,0.0627407669193572,0.0214921483950744,0.0383807132377781,0.204657851046659,0.134672874021629
13030,4201,0.156896696014172,0.13553706475665,0.0236643694458994,0.0175049756253911,0.124005985273828,0.0842287573724572,0.0492277500278502,0.064906412008246,0.022979439624082,0.0268404518649515,0.146882437052016,0.147325660934456
18035,12388,0.0397447891872901,0.0450049679261217,0.017882189800631,0.0198104966665693,0.0643263057933461,0.086203189242038,0.00910958960364341,0.0699117051075504,0.00659652363560192,0.00769164864455335,0.539710331580368,0.094008262812287
9998,12404,0.131218663565612,0.192165798012994,0.0454222790616213,0.00374353370640969,0.135889876075967,0.0435724984628711,0.0627844316735411,0.0956046945533151,0.0453114626912939,0.0710131291201191,0.124108827076427,0.0491648059998275
11922,4686,0.172081294676828,0.128772143334427,0.0263600036608615,0.0146537594796086,0.11926288451472,0.0563868616661676,0.0883645596098514,0.0771183829337826,0.0214076274985509,0.0803843467700737,0.0893028802550839,0.125905255600045
16934,16248,0.150842209633246,0.161162168747565,0.0262724963763848,0.00506626387329105,0.128879339362062,0.0613604766091751,0.0259769634371783,0.161531239195512,0.0562549300194264,0.0837479933180291,0.0707451366871348,0.0681607827409968
9570,6378,0.129330214804849,0.141860160118431,0.0420565536151342,0.00773457506559343,0.107448533652894,0.0929986395055654,0.0683404464169014,0.114750789276003,0.0213056575412243,0.0934428552176029,0.103047376922092,0.07768419786371
13586,5164,0.101945068457223,0.239417129590039,0.0334586027232199,0.0152613005239585,0.138846071115105,0.0372196330719766,0.0466703951514435,0.0524916763978704,0.0406188581457656,0.034785737826874,0.0929488342451908,0.166336692751333
9015,5897,0.179472278945216,0.217379588038483,0.0365297586672333,0.00177360863967095,0.123003000073972,0.0656075820968189,0.0509035718522414,0.0746535662217993,0.017950383968591,0.0627815651792467,0.101771213836692,0.0681738824800353
10282,15779,0.0745501468268974,0.189239824136909,0.0468255436140494,0.00660507816709562,0.14122584538786,0.12255737472167,0.0572787454947093,0.115428108460327,0.0318686532152506,0.0824772408341107,0.0542194554508853,0.0777239836902359
12908,12640,0.154687231995242,0.156634289265875,0.0378006312381646,0.0073919428946441,0.149057154681535,0.0292298594550751,0.0468902291185642,0.120050390730235,0.0503575245677182,0.0805216711941798,0.106964882310254,0.0604141925485116
14986,12394,0.0211156339612347,0.0635406839406912,0.0435572494122809,0.0626492525448065,0.156723385294124,0.28414428303177,0.026047095500892,0.0693060598860026,0.0193866779088258,0.0196913478794984,0.118600188049034,0.115238142590839
7914,9274,0.177053382509824,0.116706003467341,0.0380523226353977,0.00561196423802765,0.0973229474622311,0.0907541720374841,0.0599923742308688,0.102549691550662,0.0374143476163463,0.0639127135606458,0.10835488207671,0.102275198614461
11786,5891,0.191860821332712,0.151748142726049,0.0306885104742135,0.00759958745675285,0.151235637299596,0.0752218294009312,0.0380355346682326,0.0461983673714945,0.0308799910626826,0.0769412861291412,0.0985941168773827,0.100996175200812
12635,14569,0.0841499489790005,0.133949875935231,0.0346601600781171,0.0255701666742899,0.140578652321558,0.150336759428116,0.0643682304839682,0.0730860408485228,0.0390619664076973,0.0428145255395565,0.136799517489437,0.0746241558145049
12074,11195,0.155585814411799,0.0969092284514058,0.0377798464825162,0.00511921233082675,0.162239373355369,0.0653543713931157,0.0502605136499572,0.129776427198764,0.0270413704820087,0.0598982399172329,0.112030905675296,0.0980046966517092
17891,9737,0.0933616884667381,0.115603284671442,0.033074762296338,0.0112451697142035,0.145331571736803,0.0353888390486343,0.030684806317328,0.0427075760655393,0.0306382713591363,0.0595233956562299,0.342400092321096,0.060040542346511
15677,11188,0.112264753470213,0.178461469590302,0.0315523462572986,0.00419943052598256,0.147259074365708,0.0533488642032625,0.0288917953972092,0.0940470794408738,0.0104686785996062,0.0526806437817013,0.182538786645704,0.104287077722139
12899,7818,0.189574228249701,0.169396370379813,0.0674903443430593,0.0112048833380899,0.171858037339876,0.0848358659830414,0.0353013409752487,0.0382875097546184,0.0192740493978428,0.0441662395194268,0.077722298823714,0.0908888318955687
8201,14578,0.0454432186918451,0.0623200728637963,0.0443858783915295,0.019000639227575,0.154355704898999,0.118888848390389,0.0404323271841877,0.0827518033438341,0.0254482615865182,0.0338090545206202,0.289415051959989,0.0837491389407171
14832,4439,0.0755300174321392,0.104231383082256,0.0138829352141808,0.00360518162796104,0.06011141664183,0.0200477845540698,0.0115420061329218,0.0728658541551428,0.01516311798321,0.0114485378993775,0.587901635139966,0.0236701301369448
14021,14566,0.0548149446649029,0.0836315782869482,0.0811547350558951,0.0210077013237578,0.155566863170686,0.0949271694557567,0.0284323381726382,0.0879800019267093,0.0458420318913841,0.0225614752915414,0.21044382474619,0.11363733601359
14562,8297,0.141272101550857,0.189494529407877,0.0320859082376533,0.0068105316336911,0.174807851100649,0.0811570696764684,0.0584358332001582,0.0585145775283053,0.0215224230042409,0.0428888940213452,0.107300946816362,0.0857093338223923
11653,8544,0.0721494249681533,0.133623992906384,0.0611943270946678,0.00378329998891525,0.118164069474676,0.103743396938912,0.0267062801297013,0.073888828894206,0.0178135999651857,0.00699231876543598,0.24550120263573,0.136439258238033
11380,10473,0.11285756783814,0.190191876988513,0.0423026827790454,0.00670199797659927,0.163400581815978,0.0467428478779913,0.0370996220174512,0.0973677584692845,0.0257395751985971,0.0494706319432887,0.122694947941699,0.105429909153414
9581,11682,0.0986836733286203,0.10885697132713,0.0551981132042999,0.00287844756447068,0.16055662453624,0.0700796292552052,0.0466090405595303,0.138005240685092,0.0310267716564114,0.058478300682573,0.12483053519351,0.104796652006918
16931,14801,0.0859835841467869,0.232566564091714,0.0713444043113246,0.00966762808591437,0.208399879912794,0.0530943677073254,0.0254456040911883,0.102505748138594,0.0169010079944446,0.0399746305800004,0.0943903557031263,0.0597262252367883
18590,12869,0.117733895531694,0.150376689898653,0.0845807012650331,0.0111637461053256,0.0800219140246395,0.181845176357892,0.0284174974424146,0.112674275787401,0.0200874943543888,0.0533685167303312,0.146649093569057,0.0130809989331696
14980,9501,0.174711729923415,0.194075506390092,0.0355431275941825,0.00606644331968178,0.157978379306873,0.0829822036704634,0.0538493496344364,0.0419845272572668,0.0210968836880315,0.0481058817325136,0.143663291453711,0.0399426760293329
10823,9028,0.11216656494985,0.145013080921114,0.0773107838192713,0.00315054098606341,0.0993351132031067,0.091948038737893,0.0707194696278758,0.0951741739876902,0.0334432358548453,0.0270714587543611,0.170605011543092,0.0740625276148379
10956,6375,0.176409233638153,0.181220947098649,0.030268369656153,0.00248526084492644,0.142941437381238,0.0451437970738474,0.0576361493469703,0.0799992471009574,0.0377604923264198,0.0733349388812428,0.0995339265743817,0.0732662000770614
16101,15285,0.0643298535863408,0.231301120587616,0.0328122743908791,0.00676088228375295,0.168814068427578,0.0706931844730845,0.0286276782756504,0.107665557628708,0.0229476270003956,0.0177119172145705,0.149794693796342,0.0985411423350831
10976,16501,0.178319994046291,0.102250672757872,0.0435728410559161,0.00712304021844482,0.160105780880003,0.0843257667073698,0.0702475708286983,0.0552067649080904,0.0683197970951174,0.120660380152468,0.0485257766677101,0.0613416146820192
12770,12881,0.106117867200591,0.126162896451584,0.0548935769110474,0.0373691336477935,0.136423308155529,0.0531385481421025,0.0338671819584192,0.098787273888847,0.0798673674419021,0.0679663274056188,0.0989742661772404,0.106432252619325
13052,15291,0.0522415153213234,0.100665081101903,0.0564070217488518,0.0413777520046915,0.181508564870474,0.109965232845443,0.0513728664067124,0.0716869248280704,0.0373236291558522,0.0884932936772475,0.139496113110429,0.0694620049290026
11519,10714,0.155811549979392,0.130997332971574,0.0397209315280638,0.00793717272088848,0.130905851971996,0.0766655318453569,0.0548956664382843,0.0807606417573936,0.045049863334859,0.0584951165955372,0.0937734872395091,0.124986853617146
15112,5885,0.139632464759988,0.215839971887647,0.0266473713208664,0.00381103704958153,0.149587561998622,0.0399101930227862,0.0646890418330869,0.0984915810616562,0.0238705976405854,0.0277885968730579,0.116198725999087,0.0935328565530357
17618,12148,0.0625810631705655,0.107084317815785,0.0462264491863616,0.0297109682428514,0.112386654106229,0.08810749291549,0.0252076127237708,0.0578615165594972,0.0367609721930611,0.0239423632600719,0.331764537118861,0.0783660527074563
11090,4205,0.161377881320263,0.167489020077059,0.0459131546616798,0.00616668098620475,0.142905640012841,0.0766629783873886,0.090249687845474,0.0569972552274878,0.0251229832999995,0.0502230192778514,0.0718488737000142,0.105042825203736
17198,9979,0.135971464267086,0.164605862268208,0.0342898443960407,0.00401193129625548,0.105083737807649,0.115787519526543,0.033807342772698,0.116686338584987,0.0219133443849759,0.0414218106111083,0.114669221496243,0.111751582588206
8599,5657,0.130294668354904,0.11166021291605,0.0219795102529169,0.00369149142173599,0.0969750670843329,0.0151110140507364,0.0403751930422071,0.0687737833704591,0.0294831286411859,0.0551004194194727,0.379189760775182,0.0473657506708167
14558,6368,0.156809451658522,0.151896548693954,0.0502598090298708,0.005322279880954,0.0873702790378196,0.129295666809597,0.0242872076853412,0.0791027511056946,0.0147013858649076,0.0219908584788719,0.158316860218739,0.120646901535729
8062,14337,0.0309618578914453,0.0915891602791707,0.017797716122329,0.0267288554610903,0.0597003296682191,0.112998947515674,0.140473617086643,0.0387834186984027,0.00496621222391009,0.00982409834789679,0.430575690244918,0.0356000964603
13745,15049,0.055755701970528,0.0930654885520283,0.0500744920602398,0.0107861298207176,0.168411782752673,0.0492651761681468,0.0308478926473872,0.135392367013214,0.0243263919635548,0.0337582891836387,0.199568054229718,0.148748233638153
14276,3958,0.0525071932491525,0.0877883451211033,0.0248623046025187,0.0330585656570335,0.0886099577632371,0.0324737226363862,0.0212218905731897,0.0649435302756455,0.019861616736352,0.047014347582732,0.4616301254418,0.0660284003608494
10821,8063,0.149497919676224,0.165409908909819,0.0522810786689587,0.0048207125564914,0.0847958055785308,0.0909337214574487,0.0871288438090384,0.0475567386667764,0.0258654430428821,0.0423949373407632,0.120466275180129,0.128848615112939
11921,3721,0.204401346547901,0.152662643272312,0.0339404935919163,0.00840125796409575,0.114736177284318,0.0699151257885314,0.0648748746738221,0.0871900722531201,0.030184300632256,0.0585538645313204,0.0997326876890985,0.0754071557713091
17068,14078,0.0725640244350486,0.18345090858362,0.0403378962653651,0.0116951331004547,0.182211613506119,0.0799797083147101,0.036160530345497,0.145692108919118,0.0287378554054043,0.0601985551969894,0.0837305768050221,0.0752410891226504
7785,14338,0.11744555661349,0.138109357906405,0.0517968948592838,0.0180463908016948,0.122745723117756,0.094061269308642,0.172029737453698,0.0138844426661445,0.0272770825468436,0.0494486822191694,0.144588000196721,0.0505668623101516
12619,6372,0.121565353842309,0.194607109483715,0.0486513104707079,0.005148912996124,0.151234048339089,0.0526122770296901,0.0440983455439806,0.115757708865501,0.0177458023365175,0.0433735843917094,0.124147810148881,0.0810577365517749
12341,5890,0.193118023284746,0.209440875435639,0.0481453695227079,0.00512251984608612,0.141687551499792,0.0531089027319362,0.0691223578639304,0.0829344769618691,0.019293136660336,0.0357136920892578,0.0790828300220523,0.0632302640816474
14283,7333,0.110834227658939,0.224467073630402,0.0629188307159543,0.00266061100089551,0.160157100552232,0.0717319553782293,0.039643058157397,0.0634393198762316,0.0112594231337244,0.033123458574502,0.117205534014922,0.10255940730657
16925,11908,0.0882040712687563,0.217571282656999,0.0289305712262156,0.00117117667376906,0.202677865914358,0.08571777146822,0.0684770515520961,0.0643129434085618,0.0151320035162783,0.0248859540141915,0.111904473863644,0.0910148344369094
12621,7336,0.110183126313767,0.169991354580699,0.0449144665029762,0.00661918758422629,0.121268490690461,0.0581473741965675,0.0548348904760448,0.100577686565527,0.0321927756006512,0.0291267369918485,0.162757010210088,0.109386900287145
8606,9032,0.235723719498446,0.0933381443067283,0.0266216147771923,0.00991159838815216,0.12184127860662,0.108154235458198,0.0552796993168721,0.04444416613876,0.0333806581644671,0.089887203610025,0.0757430904035269,0.105674591331013
16232,11669,0.190607143621807,0.136618259336061,0.034261497253029,0.00297673271792729,0.139088706073948,0.0517651239857446,0.0778883910785016,0.070537873411489,0.0282229173386879,0.0762274117732637,0.133800437748793,0.0580055056607471
7783,13373,0.040307375431354,0.204565421179725,0.00999279792975015,0.0054454930445088,0.0744974304121215,0.0558603176897345,0.00919856745369027,0.0493784919292444,0.018565777340871,0.0246548164488667,0.47423648864834,0.0332970224917934
13874,10468,0.130076741179315,0.191147825403426,0.0474163122723418,0.00174036446215187,0.101849404731684,0.136696845665476,0.0449242149117409,0.124470217504431,0.0322074761227712,0.0485264519279279,0.0706345961608895,0.070309549657846
15268,14805,0.0639674591290019,0.154150675927258,0.0461033183488749,0.0165534080718697,0.200554101698378,0.0304939148532051,0.0610421936972278,0.151034143730239,0.0482348242522543,0.0369336102553267,0.106418888822159,0.084513461214205
9716,9994,0.182199755784725,0.126873185616762,0.0402638373807278,0.00743045682209056,0.0870942744694168,0.0679551852372456,0.0385377559795954,0.0774782659977341,0.0439155309222964,0.0633067524230128,0.176843086318613,0.0881019130477816
17487,15765,0.0884614087237003,0.0856479397247395,0.028667319057121,0.00107301777359245,0.0360723944216201,0.0202169332676897,0.0156192641037142,0.126369292857159,0.0322799477085391,0.0139320101384214,0.487338513312734,0.0643219589109688
10550,10957,0.154024658471348,0.210703809234853,0.0169022239294947,0.0060945719180382,0.173851325990025,0.0646458376122784,0.0443862866864687,0.0552052307031677,0.0166187865891326,0.0583507715275183,0.163037309865318,0.0361791874723578
12476,4202,0.177035222150991,0.195036685861877,0.0329793653612856,0.00463840861478563,0.189103602631144,0.049679241142234,0.0659218247194205,0.0399050092791079,0.0142643754334597,0.0628352838965626,0.0972539097645074,0.071347071144625
14695,5162,0.120480632774913,0.254323218119227,0.0315736054286942,0.00691775622742559,0.0971779460942791,0.0911619946988568,0.0560549775224976,0.0590677192148166,0.0195034081292881,0.0619631936966087,0.084791549243447,0.116983998849947
12909,13122,0.140492871149175,0.14585817087688,0.0230545164137692,0.0118368386154951,0.201197947999698,0.0854401661101117,0.0764657501196386,0.0741258048598207,0.0433460793693662,0.0498906490134853,0.0744398607413806,0.07385134473118
16656,15766,0.0600806431042587,0.0436542359735359,0.105814261741511,0.0202032713704312,0.16175272956973,0.0999347502168407,0.0115838338537966,0.12170483937804,0.0202302649067631,0.0270944950519811,0.211410113138928,0.116536561694185
9731,17227,0.12336849756501,0.267213801833898,0.0318089232037256,0.00495409334110305,0.11453619935435,0.0403379176492937,0.029122031408529,0.108451510468615,0.0284081516718271,0.0829939858129035,0.0465571582626074,0.122247729428137
8600,6139,0.145927212319946,0.167501546641643,0.0443507946201881,0.00615982957508304,0.109523475981938,0.0786963766667941,0.0367258158186795,0.0536202945309299,0.0181257380693522,0.0331404678444402,0.210151682853823,0.0960767650771829
9300,9754,0.15273314734841,0.187983455274545,0.0528276679305627,0.00773056263618483,0.116612794504654,0.0686715700220023,0.0612331110881364,0.0601771472141169,0.0234721888713415,0.0524794178125136,0.0845029447955618,0.13157599250197
14436,14324,0.0947787409386086,0.13850828841949,0.0538241325296207,0.0169329028726952,0.161815064122773,0.101768334938957,0.0256946974018267,0.0927310984745553,0.0547918057378862,0.0648876300492183,0.143887824207336,0.050379480307034
18039,14799,0.0928446470629206,0.0941118104280951,0.0344677726716799,0.000671054780547372,0.15617335323239,0.058243916519345,0.0191850428578028,0.118995122384217,0.0184351157152321,0.0358108348229759,0.28490266710864,0.0861586624161544
9725,14334,0.0864857394140365,0.243249057774827,0.0286679114833237,0.001976505470078,0.139761528171991,0.0637750828042469,0.0626253583151377,0.0868273181241989,0.0169676146197447,0.0516483429613334,0.170492507693784,0.0475230331672983
16365,9016,0.158296079483765,0.160549831119062,0.0388293796072663,0.00157493902839832,0.211277186260529,0.0989928667923199,0.0196764110730007,0.0405164491671387,0.0126607131414585,0.0475248856615909,0.140735468254619,0.069365790410851
9585,13611,0.106228560250957,0.148813617744297,0.0495059118868159,0.00368229417311624,0.145777877029238,0.0755470531653554,0.0214922147885874,0.12807590171891,0.0219408961456035,0.0293352019778562,0.130501318882338,0.139099152236925
10555,13850,0.019201934009582,0.0704694202872535,0.0729567109011485,0.0733081209984045,0.0868592279483114,0.30252078344458,0.0357499403449294,0.0848304969061778,0.0278896681317948,0.0411249023495023,0.059613304993865,0.12547548968445
12344,7819,0.11448117401074,0.0894316252218812,0.0873206896149986,0.00825584359816608,0.161295858827953,0.0992977931054376,0.0235876550089473,0.123682557537012,0.0187197831720868,0.0400983320527626,0.136975699577933,0.0968529882720818
9310,14576,0.175560692272364,0.144022191827052,0.0457699715650635,0.00785467669900385,0.0974421460301665,0.0978678918576895,0.0530125947118223,0.0817489621902464,0.0360734574906917,0.105146598212021,0.0779665404028504,0.0775342767410293
12198,3721,0.218708606971455,0.0864956923679992,0.0460131212432394,0.0135494646966672,0.122042791815492,0.120627778252976,0.0458144357605312,0.0790166820602311,0.0203645714877087,0.0552134686255678,0.0686493837577922,0.12350400296034
9019,7826,0.138845614891374,0.084330204636385,0.0412999994356821,0.0131963541697711,0.176281838483998,0.0766200085072849,0.0455545261071059,0.116450127404509,0.0175562948670222,0.0831654908202457,0.0972006893963195,0.109498851280302
13454,8299,0.190789054096936,0.113086164146181,0.0407560920538804,0.00518214454223008,0.123305478481465,0.0974740833536803,0.0579706151193662,0.061054287558102,0.0345835189068461,0.0534084838334028,0.152306393864673,0.0700836840432368
16513,13597,0.0489953281126533,0.0868594930179481,0.0360995220455963,0.0297524009663665,0.201456448852968,0.0770135836992868,0.00914134894949742,0.135315066645506,0.0279567078623463,0.0244291999578888,0.234458858872865,0.0885220410170774
12916,16497,0.117168434749064,0.0915844506634724,0.0453551599130756,0.0161036403808276,0.220688416079724,0.0833674167797699,0.0278319268679074,0.106946262714911,0.0432243368893791,0.0520390338320268,0.104440321521665,0.0912505996081778
14416,4198,0.106130266800485,0.15766686067971,0.0406145988807664,0.013513899080101,0.136646193446694,0.109900960449037,0.0694604280167457,0.107323277867444,0.0422470090128926,0.0923019225133182,0.0764881536044757,0.0477064296483305
13313,7094,0.18019009191468,0.145666333450575,0.026087299325826,0.00613033202195221,0.141486089912613,0.0498607316978426,0.06251981255109,0.0249811127665124,0.0287464316499436,0.0411987055264709,0.154557191056249,0.138575868126246
8617,14336,0.137198558425877,0.110138081190847,0.049979889111954,0.00585818725305149,0.179658389101961,0.0454957282624925,0.0759942557021487,0.0967131205895357,0.0331390555783131,0.103982630917544,0.0883928736186576,0.0734492302476177
10824,9510,0.127501573623642,0.193908676862216,0.0188055722594502,0.00405797368827811,0.125638300862727,0.0567312693649805,0.0773691524518103,0.0831271849106438,0.0177491213213004,0.0584943339679752,0.105076398935577,0.1315404417514
15117,8296,0.216890463340233,0.114245792676646,0.0580112522807785,0.00473968859739754,0.0745303412164896,0.0734888264817027,0.0783775070412968,0.058663392006218,0.0390777876318063,0.0988629999775395,0.100183612499285,0.0829283362506071
14417,4681,0.161426019277902,0.166109177620641,0.0457774828375456,0.00521034055842402,0.0917554743149815,0.0720134103129589,0.0463381562729239,0.063974814565415,0.0118719057370101,0.0345017556414533,0.167891646549149,0.133129816311596
10968,12161,0.132888282027976,0.147891086024246,0.0639751123592636,0.0100270868312424,0.0961896050005216,0.168302688274594,0.0350967509478362,0.128642151656673,0.0310281555022889,0.0518679046987918,0.0755882652298835,0.0585029114466834
14442,17217,0.0527734402783354,0.141861055534988,0.0765705627829542,0.000969284310890522,0.17500446988681,0.102580377190625,0.0396705581664965,0.198802802771364,0.0184956300121721,0.0359411365147515,0.0965783282496046,0.0607523543010081
8610,10961,0.133852324923287,0.12552466261717,0.0465286457488839,0.0028365349330247,0.177475916983547,0.0647532760176485,0.0586673208964398,0.136966388816499,0.020844914592986,0.0906140260921502,0.0580986956134958,0.0838372927648697
12771,13363,0.124575867287412,0.106437216456264,0.0676030331882348,0.0331291980326769,0.109169094024487,0.0652952178900948,0.0442671581756232,0.0977166598160451,0.0579611946442295,0.0704150666588981,0.099973405826941,0.123456887999094
15254,7572,0.114928210897839,0.193154914587625,0.0382598830370117,0.0012505779023576,0.147930108608877,0.0558525979250745,0.0351219339313526,0.136372415403448,0.0240859420726763,0.0405995267406893,0.141022835390549,0.0714210535024998
16362,7570,0.121134144692055,0.244407341351114,0.0226715810544633,0.00525578053961343,0.153404364381885,0.0444995608285007,0.0631792444522638,0.062804396958123,0.0238798056549935,0.0300143580375857,0.140918895889163,0.0878305261602396
11798,11678,0.0980981269949701,0.13466787819571,0.0320931239001639,0.00639117761056484,0.216694350174719,0.08490847037915,0.0459544817681981,0.119649252384221,0.0255505177492024,0.0514449674258607,0.0860687219230204,0.0984789314942202
14145,7574,0.118061107810603,0.194885946266547,0.0313779481589076,0.00252006248409931,0.14829083321414,0.0883320870411154,0.0627220858546365,0.080458502370054,0.0167922503341844,0.036939591184639,0.116400893383161,0.103218691897913
15405,14081,0.049367035675865,0.145576160239154,0.0496890364176543,0.0142340371368897,0.210689246048763,0.0889248775201624,0.0164666444276892,0.142400108076422,0.0582787845035952,0.0641142337709688,0.0823623007135015,0.0778975354693349
9713,8548,0.144939277937063,0.235804643192392,0.0256003044315494,0.0110466268312937,0.0975836048049001,0.0350288128411795,0.0456392846126954,0.0633017082047603,0.0282486295987662,0.0579972051654781,0.139213647090864,0.115596255289059
15675,10223,0.127073323545502,0.216787364361626,0.0513857617892873,0.00939682565212608,0.146457295292644,0.0640056714505417,0.0210662406376904,0.0838264527194311,0.0221203529533882,0.0549215747545696,0.0965316017587853,0.106427535084408
12637,15533,0.0994005748288598,0.134036906713112,0.0616818494000613,0.00953607660610866,0.125779962238063,0.0741556863345661,0.0480116870380629,0.0735814607095345,0.0321007702177432,0.0596048598633969,0.190258346826103,0.0918518192243883
10283,16261,0.110627305520117,0.195197397459618,0.0454137372761397,0.00819463557597944,0.204194311725309,0.0421712577500048,0.0380794396985863,0.0740130239977835,0.0360726753693087,0.0461922753729737,0.0955739455511161,0.104269994703063
11381,10955,0.101084232451506,0.161612210514964,0.0443476724290236,0.0120103494861703,0.137887145043217,0.104480873902465,0.0435049123375569,0.0590212820905374,0.0350652512508432,0.0492453127186332,0.136698501523592,0.115042256251492
9301,10236,0.0902517103200351,0.148779032711741,0.0469774360732184,0.0214335100574853,0.137126272163393,0.0747890791046172,0.066840590509659,0.0610231323775275,0.0500887144945629,0.0468194532439704,0.152064885139259,0.103806183804531
8478,14577,0.133611607707337,0.0951049199249034,0.0317848575504167,0.0033708985511536,0.147870068766417,0.111180651229132,0.0309316291885498,0.120877804099274,0.03563497899599,0.0525149107797867,0.125242164402704,0.111875508804336
13309,5165,0.182592760832353,0.0796046177924671,0.0342893697983464,0.0111811051375983,0.164820224819006,0.0472561270405782,0.0933110765362986,0.0557690951081576,0.0226510323157507,0.0254375147475904,0.132063425200313,0.151023650671541
8877,6138,0.0995874296669036,0.147964480256125,0.0622477263348187,0.00621268212097885,0.133048973747985,0.0704019497203578,0.0391864008066137,0.122814036928153,0.0190828674155991,0.0365807900142053,0.142118275596167,0.120754387392092
15550,17215,0.0794556542765558,0.123014394289393,0.0317753946730008,0.0268733710609083,0.333859015316159,0.0333576567177487,0.0259484705525006,0.0796801229348389,0.037142235017056,0.0588217887860123,0.0955914564113825,0.0744804399644444
10274,11922,0.117612246393651,0.237702103465791,0.0780148420350857,0.0120426259689483,0.109498021800545,0.0661618722377573,0.0283082643540299,0.0364340850929109,0.0382061824400681,0.0994558974367358,0.0942754466571054,0.0822884121173718
13583,3718,0.178264907600133,0.173261052667614,0.0299994531218294,0.00712832331539334,0.107873103223648,0.0425767786349764,0.0520479667077847,0.107762976419633,0.0422340958424861,0.0381728654000435,0.127914879897364,0.0927635971690945
12199,4203,0.147145488111713,0.223394793903268,0.0347629509796672,0.00661646537384557,0.122358051124047,0.0578062403159989,0.0259988165124497,0.0776149308033911,0.0133543853946199,0.0715975116226908,0.106562042428154,0.112788323430154
15682,14081,0.0657676944578138,0.135437559171551,0.0990137773415484,0.0206606082301832,0.104134772878798,0.123207806063064,0.0269922727013323,0.142460416046475,0.0190854244744346,0.0677315291147361,0.052874487884428,0.142633651635636
15406,14563,0.0645697017526616,0.181396446783542,0.0561025664474826,0.00358761889879644,0.130819037369593,0.112261983800767,0.0295371227454471,0.061955307250874,0.0492508302515364,0.0335272429133915,0.153294501706298,0.12369764007961
10690,11680,0.137209280281214,0.23364471705358,0.0352225178406363,0.00371771385153385,0.144484641380876,0.118482865167266,0.0635880034698007,0.0667587033687817,0.0123824434354314,0.0399114501722322,0.106230905481463,0.0383667584971852
16368,10463,0.118267598787273,0.229898065287896,0.0379578297431505,0.0112459787501473,0.118416052426407,0.0943233445152885,0.0238156159821119,0.0829383328875982,0.0305056019147467,0.0550854524582494,0.0793954617734568,0.118150665473675
17339,11184,0.108246659857639,0.197214704733524,0.0268436301867821,0.00826813732069331,0.145648879785423,0.0582434790394084,0.0592829596801823,0.0986421057596029,0.0163866769098371,0.0308631105955869,0.173866291082666,0.0764933650486548
13608,15772,0.108287985450468,0.17333813035716,0.043658749441244,0.00901388231569428,0.173714072203675,0.0789009383362584,0.0273204894595473,0.0941560927112083,0.0341585648347844,0.0144831023719465,0.110703314090975,0.132264678427039
12203,6614,0.0828606320235796,0.15404143299002,0.0353026306539563,0.00997029468725053,0.153306815973532,0.0878314805849412,0.0378915056820561,0.0670315794443381,0.0289333194773504,0.0422675165290718,0.177696913248353,0.122865878705551
16926,12390,0.093300275971619,0.127477119233267,0.061561475038476,0.0062799144595462,0.124124303061104,0.135422978426587,0.026858033154825,0.0940797161414729,0.0214097369688616,0.0282656756541665,0.232791453595919,0.0484293182941567
16224,7811,0.145945570222315,0.0740828050176669,0.0417778161155706,0.00422750509886535,0.19806474586855,0.0367940707702289,0.0630111839890681,0.0738728850858519,0.0357037702008017,0.03923969276687,0.166629746282952,0.12065020858126
11369,5169,0.12572323211747,0.273507361941635,0.0217307897302333,0.00549630111749443,0.123603954483356,0.0774184799211333,0.056137306223017,0.0568306179439433,0.0193700826869286,0.0334571509162027,0.131910240733848,0.0748144821847397
10952,4447,0.141613131514522,0.156158449226531,0.0468631086172754,0.00878380765567848,0.222319499548423,0.0845342916670179,0.0648379976052196,0.0469991831244018,0.0121130534930636,0.068546022236363,0.0667854841168523,0.0804459711946516
16654,14802,0.139645372853774,0.079057025743573,0.0333786047082748,0.0110286763301228,0.190271950053336,0.0743308770170289,0.0305903264653269,0.145319253485602,0.0473365829627813,0.0492663526006534,0.145315275878607,0.0544597019009194
10539,5653,0.181377575958675,0.198525806442711,0.0457309461034911,0.00682624313736871,0.0872540068867634,0.0834915501006292,0.0724086173105911,0.0650011862358023,0.0257689102921623,0.0538539115598241,0.100639138054142,0.0791221079178391
14022,15048,0.0324537857104307,0.0581346147265186,0.110039049750903,0.00607269475296023,0.251047889848842,0.0984347458741021,0.0253834889524013,0.114473489477791,0.0242383977092642,0.0322397730723958,0.117142471445563,0.130339598678827
14420,6609,0.094657100934719,0.15364667514409,0.066952066380564,0.0147926603091701,0.143423904454073,0.160666828496142,0.0347108794166962,0.0766074147835601,0.0308146683677702,0.028745250598352,0.102836099422509,0.0921464516923539
12769,12399,0.138914989589319,0.095334284195395,0.0748818599774596,0.00592936466233262,0.171217539551145,0.0380924633475842,0.0276647213489665,0.121170012161511,0.0288653692706718,0.0241188388415056,0.164969834296732,0.108840722757377
11790,7820,0.137670586161058,0.188961806127659,0.0353142551503393,0.00772278149136795,0.145157159031639,0.0908222818488606,0.0266316168064713,0.0570630410092712,0.050294456060418,0.0240058694458614,0.155436642436721,0.0809195044303341
15129,14564,0.0574837521755324,0.128607415082912,0.0790121743994413,0.00420840197316839,0.152512057176525,0.0956940592703373,0.00686022332472114,0.130533398964978,0.0419527323098542,0.046363138139191,0.109662616301601,0.147110030881738
14434,13360,0.0413557506836211,0.0384600807834233,0.0267170717240633,0.0559062333921732,0.0448061055615127,0.446624728984643,0.00647881354201714,0.0905369110013153,0.0151711627667875,0.0249790413578609,0.160759379124787,0.048204721077795
11648,6133,0.0750209089047886,0.201601709891076,0.0711617706152332,0.0159738844851799,0.122663013057177,0.0588717002045347,0.0737825722033144,0.0807552222746511,0.0429152989181511,0.0783587646698453,0.100264923065745,0.0786302317103041
9850,7824,0.160997635366117,0.158595843528162,0.042413970739151,0.00730671790450515,0.102383119473168,0.141186513479759,0.0478265184952663,0.0740575310911881,0.0275997402617513,0.0568685081442873,0.0940084585762131,0.0867554429404318
14422,7574,0.125996002369154,0.154430408596481,0.0648751876396711,0.0158490158375107,0.13262355872568,0.159222442831613,0.0476384828282794,0.0829891151035616,0.0223322934000889,0.031187940454108,0.0913797587109852,0.0714757935028674
9308,13611,0.10363689513899,0.208935845720024,0.0612967558256732,0.00414695535227823,0.10526179577638,0.0959031078435455,0.0353187532489502,0.0774671058612223,0.0241521646703545,0.052588998909462,0.115159230841596,0.116132390811526
9294,6861,0.144733873798925,0.077676846227196,0.0731700337902117,0.00886794276842959,0.159268634573593,0.0775418559683782,0.134236218574279,0.066745540578577,0.0348216128654366,0.0352661185713991,0.125002132952262,0.0626691893313138
18315,13834,0.0646184434285005,0.155221201297605,0.0272959161577626,0.00279402443477667,0.153301345495535,0.0382037906568434,0.0182591293634162,0.119897743455441,0.025832612423505,0.034832434527186,0.253247293294079,0.10649606546535
7774,9034,0.0562058625286489,0.12144181372746,0.0258010941905938,0.0349316195633807,0.0551083548451648,0.0985724829433389,0.245384327004271,0.0359749466716209,0.0163211897594054,0.0276112106578235,0.233261102639407,0.0493859954688843
9863,14092,0.0242067579063886,0.041470529997293,0.0449932388966788,0.0237760984218646,0.228817006267008,0.389781796421975,0.00515128165032817,0.0339601530622426,0.0204070157344322,0.0342151559010455,0.124995551839481,0.0282254139012629
11233,6375,0.112708024522063,0.129387666483356,0.0649297851031863,0.0100298939414821,0.16007894395707,0.123103255402493,0.056654810137661,0.0521651327982132,0.0339669341167607,0.0755369611297096,0.105784540644539,0.0756540517634652
12486,9506,0.163349859369118,0.123400727158934,0.047292982424096,0.0078850592808653,0.171419313223257,0.115105891091862,0.035961142348522,0.0343319189501469,0.0260463599478935,0.0735560678787339,0.0948257314158067,0.106824946910765
9290,4932,0.109397030557156,0.0703035706007251,0.0262433959392748,0.00614364512654526,0.121664116863612,0.0547896487340598,0.0577009457824753,0.138672067511393,0.036484232645243,0.0400175123335922,0.299722269216894,0.0388615646890303
8469,9756,0.203579876278181,0.163751429365054,0.0365298586944399,0.00631492827301739,0.144683759809962,0.0783902544019062,0.036049800008696,0.0562615191518631,0.0279988878642111,0.0659701350886742,0.10895756172063,0.071511989343365
14278,4922,0.182654153206454,0.154518980251206,0.0442962461990713,0.0191069793335742,0.0959997231716492,0.150950159864977,0.0647962447912063,0.0667838980906263,0.0202355504490366,0.0589162514761542,0.0848275542514424,0.0569142589146023
9440,10477,0.0859679571353027,0.109250811156162,0.0848096170622506,0.0184854098639334,0.171238366625531,0.0552807665789122,0.0221995048865727,0.115264883910321,0.0263412480417221,0.0268525648681516,0.182494548383696,0.101814321487444
15528,6125,0.145897576145412,0.214173998729094,0.0406209269574506,0.00451523251285303,0.145357834424887,0.0541841506011858,0.0843383417181015,0.0967466488622219,0.0360448312949265,0.0253630817313888,0.0529706531965729,0.0997867238259054
9016,6379,0.108249998074915,0.217176980867413,0.0273403300547853,0.00794733641920098,0.168705710526152,0.0922264689978498,0.0383585291605528,0.0612193370497435,0.0480775077836052,0.0588575790462028,0.106020319078727,0.0658199029408517
14424,8538,0.0552881018770757,0.124656813869886,0.0496964043249533,0.00183863322792131,0.212697541396924,0.0724719102037141,0.0250316926339135,0.129389534721185,0.0151846608295856,0.0191529820519157,0.143603172990789,0.150988551872137
9441,10959,0.127641567049716,0.110292961692631,0.0552643472475792,0.00250274529568099,0.165281970478475,0.0788135039863601,0.0591793793883814,0.127621264868994,0.00818875083802341,0.0375756991621755,0.121874043420705,0.105763766571278
15403,13117,0.100716124795464,0.151409754231712,0.0534978747860156,0.00509135260682796,0.164573037631895,0.113425884927653,0.0278645222634506,0.113277344822574,0.0221564759699537,0.0303173129367363,0.113135866852807,0.104534448174911
8200,14096,0.0800409725748093,0.182236530724377,0.0371296422004097,0.00962982082070583,0.0844444046815063,0.0599694094709057,0.0496749108404185,0.0854498031594619,0.0194288856423472,0.0570765295961411,0.252665293089066,0.0822537971998517
13043,10470,0.112450251334715,0.169559228938304,0.0598500453492727,0.00856397590357598,0.146966719969997,0.0798072447992101,0.0375609808547065,0.0912005929677793,0.0150750944629544,0.0360821583381355,0.14979730872579,0.0930863983555602
17756,11424,0.145346190736138,0.186995843536842,0.0392783734549455,0.00286805011075103,0.171078195454959,0.078782251025764,0.0230099693362115,0.0638023540239322,0.023049844367332,0.0282527977530475,0.134702926903347,0.102833203296729
13033,5648,0.107036278627758,0.260945568954441,0.0245173104841586,0.00815276650734449,0.141679960379059,0.0703209794064058,0.0465330451697818,0.0643627284896289,0.0221501444055941,0.0450079752148626,0.121185197806447,0.0881080445545179
17475,9978,0.21869101221272,0.160696044680949,0.018944312986522,0.00291394254468688,0.146544411150142,0.0683721317747496,0.0495367840134511,0.0928965854105887,0.0231624904260816,0.0449583278984849,0.0928830140238684,0.0804009428777563
17348,15524,0.0346478271551169,0.120822171080207,0.0491262528020059,0.00122793722016364,0.184973753834336,0.0357152517842642,0.0248932464954046,0.168015883079851,0.0259758351259382,0.0514866240968949,0.192024908482254,0.111090308843564
7646,14097,0.133369721431134,0.19615194634786,0.0231747288482639,0.00389468358887104,0.0966064529317502,0.0620564775613323,0.0533078636085861,0.109654931988759,0.0185991137164888,0.0580868882211444,0.21466980296124,0.030427388794571
14285,8297,0.107980094941378,0.177148206997957,0.0362154613948653,0.00289387884207667,0.171248741496198,0.056964583894615,0.0487919054256949,0.0780346227098081,0.0302938304213745,0.0204817246178069,0.144283082975622,0.125663866282603
11657,10472,0.119353664896068,0.239673187726562,0.0265752304491031,0.0115361338831623,0.136563801224372,0.0428563392738299,0.0594221846904308,0.0766677241978625,0.0318182414805056,0.0665319625736027,0.0978737976472435,0.0911277319572577
11670,16741,0.105320059551084,0.133343950626309,0.0606150529230338,0.0023662651992271,0.156548045759362,0.0540040085753184,0.0281799348026394,0.157642256083407,0.0305626120010539,0.0385227821785588,0.122162241476014,0.110732790823992
9989,8065,0.14184684543378,0.15446720534159,0.0399921713304455,0.00333583541834743,0.150502105666755,0.0351639147525413,0.0585886664671985,0.103550835885375,0.0368397162169075,0.0576863989173209,0.117768646422887,0.100257658146852
15255,8054,0.117213222101321,0.108443705465251,0.032652088423096,0.00603708310037632,0.189225256202918,0.105125362081232,0.0499198251796995,0.0719106741131,0.0276344117216114,0.0449711564582988,0.164706208993277,0.0821610061598196
14560,7332,0.152967642754511,0.195460190251645,0.0337489968478478,0.00495455123102892,0.117157226752541,0.107843473664258,0.0493741243843589,0.089121516132782,0.0365169458847367,0.056133912032285,0.121014666456395,0.0357067536076105
10836,15778,0.106473589364645,0.175600193399226,0.0583143940273261,0.00946970590887943,0.14260971494928,0.0969279932951971,0.060237844649167,0.0919348661857532,0.0415808064183811,0.0502343857849733,0.116255224634146,0.0503612813830264
13170,4924,0.184149948488992,0.152770630996801,0.0402720253093066,0.0106956836769805,0.150813356316372,0.0925555172976223,0.0491532553449822,0.0391655486382852,0.0235048133083891,0.0735556897955783,0.0696876235690973,0.113675907257593
16780,8774,0.0692645291899329,0.212340709517712,0.0384043517097161,0.00626640543150175,0.199370557407837,0.0449673450225764,0.0263699365862189,0.102554026932926,0.0124728525892895,0.0313982706365774,0.152604877753289,0.103986137222423
11232,5892,0.20654561216866,0.173717291562826,0.0411589818810994,0.00318677498409952,0.107058286772438,0.076477484136154,0.0923004343999468,0.0732671650155017,0.0468734262056471,0.0324451796053163,0.0751859235153333,0.0717834397529782
16930,14319,0.0679793634889629,0.161067239719816,0.0559148446750511,0.00177311301473963,0.224336569911483,0.0443520608434784,0.0264733781409229,0.128852337329168,0.02226919544045,0.0151789874365337,0.163163812425524,0.0886390975738702
11248,13607,0.0205659729572733,0.0472933329919965,0.0327832810703014,0.0865335026883874,0.0548290768573687,0.469537581371947,0.0256629942252859,0.0580122340404213,0.0214228596593777,0.0251182503340768,0.0559607155998225,0.102280198203741
16230,10704,0.143701394199777,0.216315223359577,0.0320982228751669,0.00362319292884946,0.14870895534588,0.0403570810363607,0.0574014039947821,0.0631204776342256,0.0340537776170979,0.0480121637639726,0.126774730327781,0.0858333769165296
16239,15044,0.111191749627496,0.178591129806472,0.0472269235925067,0.00284863814533376,0.14940175843066,0.063890848435667,0.0553942315789875,0.144987586358041,0.0555147918575257,0.0446332412233925,0.0756648525416398,0.0706542484022773
9993,9994,0.15532471160089,0.19730145862976,0.0220333925587551,0.00384163378071327,0.110640910225818,0.0786498797028818,0.0840754620825211,0.0730645684881819,0.0366095588790157,0.0538770868531797,0.088277451245227,0.0963038859530568
8601,6621,0.0652870688311305,0.255966332333362,0.0385959709063874,0.0175759408897628,0.155615909174714,0.0801287274806116,0.0549056464284343,0.0723014476544246,0.0112997059555108,0.0654766680656665,0.111532649480693,0.0713139327993032
8468,9273,0.14811147976095,0.0684069729779915,0.0714128831547373,0.0111252683690679,0.181677220759564,0.106146343048896,0.0650031558348231,0.0710490442912887,0.0256603043150491,0.0699379872487511,0.0764784131089597,0.104990927129921
8053,9515,0.0655517513196348,0.2120148862807,0.0404194738715977,0.00565576008651491,0.20693221702912,0.0527016351562784,0.0520395923627081,0.0687109094459621,0.0210908559771835,0.0322939597889438,0.124738541670262,0.117850417011095
12497,14810,0.00204014866852799,0.0161305533532552,0.0685154214666745,0.00135683412078964,0.144366330681441,0.156498855193572,0.00546210100403014,0.156534788221696,0.00713855748424336,0.00281820438950527,0.250237037669371,0.188901167746894
14842,9743,0.0904623120485197,0.137261403642122,0.0523940946865542,0.00983900835905115,0.171801669194509,0.0570912735198116,0.072915928766124,0.0968002583086778,0.0351963422463311,0.079190113151947,0.106830720579326,0.0902168754970264
11781,3480,0.186528416246301,0.125537103048863,0.0382009498568505,0.00917323410302516,0.0948878610199799,0.0663614712759197,0.0632908340176913,0.0789210172580867,0.0309816062795524,0.0750689178932036,0.0919651314541382,0.139083457546389
8204,16024,0.0973817978600368,0.154870124818016,0.0106022784392264,0.0111127752608258,0.165080016687103,0.079787448527912,0.00805905869155027,0.0716005893839185,0.00958792279842435,0.0139221148708077,0.296140595965254,0.0818552766969262
18038,14317,0.0975667736978572,0.137043362046812,0.0519099781022143,0.00756309629539,0.13222979948721,0.123391327218709,0.00792639768176069,0.106516566236886,0.0142513151966253,0.036737203043849,0.247735339829622,0.0371288411630641
14015,11673,0.195433111412427,0.0962595529760377,0.0523144940748628,0.0101308665309869,0.146255791203829,0.147981334996171,0.0740851762165587,0.0413488398089208,0.0160472252869509,0.0711970675407043,0.0882281291936541,0.0607184107588973
12896,6371,0.0678724216390501,0.160313353102362,0.0671135417402899,0.0370648498663195,0.141513279948244,0.0518578257550316,0.103182504698332,0.0459830275943678,0.0307853923883695,0.0773863815052867,0.081580256306559,0.135347165455788
17620,13112,0.0586812270379898,0.110842716035247,0.0690919914375029,0.00557690688894372,0.256776398918953,0.0497940103317509,0.0375171419074211,0.155365163128491,0.044169513707142,0.0496259092392162,0.0949248885210739,0.0676341328462693
11940,13365,0.0622476570116809,0.0786725469468028,0.0327376440412236,0.0312845130695617,0.174279561333967,0.27495200901943,0.0316201560634173,0.0539438227387177,0.0137372379000723,0.0487045751078037,0.0863728133557181,0.111447463411605
13584,4200,0.110466250457173,0.22534946056839,0.0567924235258802,0.0118368441046068,0.0834510873395386,0.135963346799708,0.0487296480407617,0.0379442853202152,0.00980675042097763,0.0489266077572293,0.0852447184145824,0.145488577250937
8323,6139,0.139265633220176,0.0892728616604995,0.0339447245343012,0.005536481945466,0.062023906772866,0.0185397413933194,0.0403016925561143,0.0730296633707814,0.0142948475765188,0.0120818199505805,0.476514964756761,0.0351936622626153
10562,17225,0.0571497600319705,0.216840148787209,0.0539020422626354,0.00759783681686136,0.128593799256184,0.217315819756093,0.0117441666653395,0.0524380924448826,0.0201688140610027,0.0288299866012941,0.15440089874091,0.0510186345756169
8064,15301,0.0932985978786101,0.201089650440918,0.0332474922869179,0.00371089858570819,0.230293250741907,0.0553410105413582,0.106500761241206,0.0855630366780993,0.0486084842677747,0.058273697724018,0.0773227762430916,0.00675034337039148
9710,7101,0.158959880252449,0.177841395407039,0.0534063457994817,0.00240661923146931,0.166499826038822,0.0836817429745498,0.090615255126553,0.0634259697215237,0.0240753353314749,0.0348524714558636,0.0511407253480888,0.0930944333126853
17345,14077,0.0628658187091313,0.134942619180087,0.103629456485766,0.012293117792794,0.232848656513562,0.0602516159086681,0.0200674423843704,0.132408394787636,0.0388864334343129,0.037105667144478,0.148255053550353,0.0164457241088402
17344,13595,0.106201224298703,0.133506334929164,0.0869503995787076,0.0137544177620891,0.160777318812695,0.101610794136678,0.0251207457207077,0.158481495444128,0.0203179439264007,0.0513756813702203,0.104275221981559,0.0376284220389478
8052,9033,0.150414752194394,0.163832118278072,0.0404085827568332,0.00645222088586787,0.132793256544995,0.0501610858514113,0.0729833625301519,0.0876085633024399,0.0314080403858285,0.0776205695004295,0.108795204102339,0.0775222436672385
10416,13609,0.073924937400322,0.0917279519151871,0.0502003976472057,0.0151481610379398,0.137066583138142,0.275014277784818,0.0177609586783906,0.107385570093338,0.00870574262137483,0.0218287704892232,0.128629679193078,0.0726069700009806
12494,13364,0.121495320071841,0.134552750194391,0.0500935110869374,0.0105267045185912,0.131326819151065,0.075140246834533,0.0567893526915192,0.051036853049635,0.0389985560900469,0.0590829771285329,0.200791625091695,0.070165284091213
18174,12629,0.108189889257996,0.0729927400710432,0.0278848489316785,0.0167849557244753,0.109901547857691,0.0648883803959361,0.0237613573463632,0.0569953201478748,0.0398356708753826,0.0265120929550988,0.405909151081341,0.0463440453551198
16645,10462,0.0470009680558126,0.0833804846310663,0.0600359412570641,0.00770552778467574,0.236424454010134,0.0973173586608855,0.0181733398610057,0.121859999459524,0.012780061924743,0.0340517424085277,0.118585622326108,0.162684499620453
13181,10228,0.143682340411873,0.125486456406794,0.0387030169196259,0.011464472483011,0.162374050278603,0.0575670908450831,0.0638222333199572,0.0912078103382315,0.0362879207420229,0.0809638817663999,0.0788023136102199,0.109638412878178
11805,15053,0.0322020613240333,0.0726050931910581,0.0366576848148355,0.131530774746874,0.122340280414496,0.27839224260571,0.0144442322457168,0.0749712306224975,0.0191721613053008,0.0466763183880851,0.111405226116502,0.0596026942248913
10260,4689,0.182687284994631,0.122703849274233,0.0158306455795202,0.00477880373006316,0.158776599831098,0.0401844153027753,0.143598685755489,0.066568946195213,0.0418358227297169,0.0565866636719394,0.0752038114805051,0.0912444714548157
8893,13853,0.17859036281897,0.349165257213265,0.0214181683602328,0.00492066708967082,0.104773439625735,0.0463703100759822,0.0692074005920756,0.0382828250186963,0.0198208405130671,0.0740598207331206,0.0736336161214993,0.0197572918376854
11384,12402,0.0337504712543979,0.0386702306129603,0.0526283334719503,0.15633781762309,0.142876397925732,0.238358121329673,0.00569334841303352,0.0346189105787309,0.0429856000040285,0.0303577843899187,0.124712710277847,0.099010274118638
16381,16731,0.061091512022756,0.0819412662349177,0.0227129334984048,0.051184676767379,0.120383601449876,0.0674716319611144,0.0239607706624987,0.131569868778111,0.0392231979438153,0.0451207821876914,0.272529312312483,0.0828104461809528
10420,15538,0.0706553386824628,0.133320577825478,0.0396095497085349,0.00169685210775961,0.167217203176917,0.137622104923579,0.0231586514201177,0.102114041303933,0.0363337067502515,0.0230845932808391,0.174218704507794,0.0909686763123332
18030,9977,0.0508138707689683,0.118479068070923,0.00848371310733224,0.00357808834022628,0.0741834678354498,0.0207159679387555,0.00172760046520885,0.0437499038255674,0.0195067102934596,0.00610111848250789,0.595477914793416,0.0571825760781845
10399,4930,0.221789822113742,0.184132890058459,0.0350041802060457,0.00371197457836181,0.118730273905898,0.0538788926797366,0.0473299239167865,0.0644915077156879,0.0387294143569322,0.0844384673859891,0.070308899981138,0.0774537531012233
9846,5413,0.148475113824307,0.200045554693742,0.0297144966678527,0.00287307300866084,0.130426808501339,0.0307111369359949,0.0828835969949185,0.094713954744815,0.0254436724374791,0.0749410122161113,0.090647237775326,0.0891243421994535
13179,9264,0.101755728856287,0.255264289858752,0.0609676867680836,0.0029302063361466,0.15507796353596,0.0526540754502993,0.0402208072914378,0.0543909886898365,0.0289004642948344,0.0700751614326435,0.106693499969278,0.0710691275164406
14566,10225,0.125853330420381,0.1812043473684,0.0434363486602283,0.00769116184276483,0.164197080629021,0.0944240702557928,0.0339350487531244,0.0835937041767178,0.0232855760137582,0.0503451345580974,0.126691251372844,0.0653429459488692
8479,15060,0.0197180696233531,0.0532961514047572,0.0702368982093051,0.0752510370390952,0.0657207145982038,0.152856383144175,0.205624289572222,0.011592463118909,0.0240844240456541,0.0310844784301814,0.272244989753237,0.0182901010609069
13318,9505,0.148889894362783,0.110628115999922,0.0537889530267694,0.00366634952800788,0.115274678207121,0.0705625539300652,0.0391922371532233,0.0948343169628183,0.0187270292210896,0.0425433198152999,0.161993998686279,0.139898553106621
15963,16009,0.0837347515665588,0.129164693028505,0.0715251932698516,0.00344847643410183,0.263221656600552,0.0388391670967801,0.0232082003942278,0.137302942947554,0.0278936172876664,0.0369144755633504,0.109388588799807,0.0753582370110444
17072,16007,0.126623893634892,0.19139134032297,0.0471574162270789,0.00217418718434166,0.145968220675348,0.0480348763489728,0.0491411587444849,0.129865065237936,0.025591466373374,0.0571131990777362,0.130171658602029,0.0467675175708366
14836,6367,0.0957507201319673,0.242311181415116,0.03714434094804,0.00350580104972659,0.137754994752901,0.0652102435387693,0.0370656016216574,0.0712007950415027,0.0296027901501248,0.0372374924185559,0.103085671629512,0.140130367302127
14001,4923,0.141305347744757,0.195284718402313,0.0239619132988373,0.00641990073597474,0.0981807631775335,0.117071655375955,0.0445768743174996,0.0543182238042346,0.029671068244489,0.0266413250405392,0.119234137260256,0.143334072597611
12075,11677,0.125092934786504,0.166215738233774,0.0319631188799567,0.0047421464034323,0.104435519354841,0.0707330483508895,0.0367330336715645,0.0851560896472196,0.0416094920160517,0.09198269812825,0.125214601784764,0.116121578742753
14988,13359,0.0810471654350202,0.0936669934845284,0.0690015207487463,0.00852252575230578,0.146697979439273,0.187884270412472,0.0229348633040213,0.118126797364721,0.036674095642574,0.0274246873246442,0.13260127284243,0.0754178282492631
15529,6607,0.0725988494093871,0.18790506738399,0.0330021354804433,0.0037095121428541,0.159522738547711,0.0405473499721118,0.0331080718838931,0.106677912047887,0.0198476618475914,0.018687075190556,0.181373454111738,0.143020171981837
9435,8066,0.182437560905693,0.0688818442239577,0.0545763210141636,0.022187210904229,0.115759141693361,0.12887752873105,0.0507772230277349,0.0833809566019751,0.0248000096587854,0.0817659361784928,0.0555311734949408,0.131025093565616
14843,10225,0.0810754117573813,0.122114642645707,0.0729748117010213,0.00589905656629078,0.123659393917345,0.0745447190771873,0.0711384306965908,0.114120465780179,0.022599187864956,0.0331314482873878,0.17091910840011,0.107823323305844
12615,4443,0.149983187718724,0.107298129666676,0.0624243147500115,0.00380313684647627,0.12067571868189,0.125565061601568,0.0496500009124238,0.0625836975708957,0.0318802718440412,0.0373080496695694,0.0937643942408962,0.155064036496829
13883,14808,0.0224572588977604,0.130990663299468,0.087252889522858,0.00235553524237731,0.192405348060345,0.0642904999915924,0.0209729044689165,0.139895073860226,0.0283852740775149,0.020512020646829,0.129577878824904,0.160904653107208
8895,14818,0.0681977960556502,0.190940373445865,0.0332688915705847,0.00177058192761426,0.163600213106103,0.118562372521542,0.0480819649977707,0.101976790223097,0.0183127098521692,0.0249158663938674,0.123542310195492,0.106830129710245
9868,16503,0.131974174235632,0.185435913652039,0.0842492745060218,0.00880726557348035,0.133200663246059,0.0458914611026536,0.0421927533837032,0.166260280851074,0.0384508257325581,0.04090681313809,0.0807496266044831,0.0418809479742057
13311,6129,0.104124343935851,0.25258971754667,0.0375301469207986,0.00473561813024549,0.172149175333622,0.0498966585754198,0.0270186390491069,0.0712949659320263,0.0297531705590852,0.0331468101059966,0.0870312087278525,0.130729545183326
18031,10460,0.0681380585919041,0.11301005416385,0.0159992557770968,0.0250231584875327,0.16985963228847,0.0313049039785242,0.0125639032326937,0.0701620628961761,0.044795940745831,0.0526743567562408,0.336724924361446,0.0597437487202347
12207,8543,0.102809056587771,0.146937943678257,0.0579607351043478,0.0215839096186426,0.164923547190158,0.0681066435437828,0.0227005031122699,0.0665318743923223,0.0342457310772188,0.0444898342039207,0.133732132243893,0.135978089247416
15410,16492,0.0982000884567708,0.132001595045941,0.0332079201327895,0.00846157480097388,0.162366333229107,0.0625221102458934,0.0210690743088755,0.0947381854341413,0.0462667429776655,0.0380953704475114,0.198046536170827,0.105024468749504
16779,8292,0.117653829946001,0.199264998975879,0.0246625559040574,0.00625011238844578,0.124087682762155,0.0995471929903449,0.0526864400497296,0.0848537912821517,0.0438082232793512,0.0313328519104137,0.0674713042246854,0.148381016286786
16086,8053,0.127568362763572,0.242629042711659,0.0256615350802805,0.00305052920459368,0.159636135698703,0.0244118597270845,0.0475094390506624,0.0580573988229111,0.0194509115631397,0.0432301892678073,0.145313776901511,0.103480819208076
11366,3722,0.135375095256506,0.212368074367209,0.0206198366336968,0.00748688336406736,0.200473049342622,0.0493354649992941,0.075050107195573,0.037586986506958,0.0410906564058081,0.0707674657238646,0.0821222370450609,0.0677241431593397
15964,16491,0.0556442648883482,0.159568304116927,0.0727153988073217,0.00861305067615184,0.127323291694797,0.0769253688275323,0.0149728509926978,0.1437015003786,0.0357896528274169,0.0845564538027938,0.129696173531207,0.0904936894562068
12478,5167,0.153280799423218,0.268533157513533,0.0263600014549003,0.00487074990849082,0.145558278719146,0.0291427017887607,0.0726392999867596,0.0722216482838974,0.0179031968440416,0.0647598879807977,0.074176691375084,0.0705535867213707
12895,5889,0.187868041186433,0.11492957441326,0.0462402815759852,0.00802692666348149,0.121250663729969,0.0926710655670333,0.0251493130593655,0.0431339187651978,0.0352089046938194,0.0748423564701164,0.143215710609926,0.107463243265413
15806,6607,0.174107919192176,0.287168935459451,0.0283220267247721,0.00727795866488506,0.120369288327272,0.0604660558793896,0.0744488130038109,0.0208407326530835,0.0238565971934177,0.0483835586363666,0.0944205189561792,0.0603375953091963
10835,15296,0.0565572822829244,0.0930722710337923,0.0417073258215656,0.0482196262438107,0.124877902575537,0.221640570023411,0.0309363567842388,0.0869891103049373,0.02913261033481,0.0428622168198962,0.147055865980514,0.0769488617945626
14430,11431,0.0553741963253386,0.0763776061874609,0.0202065701562319,0.0712626964036391,0.12311291070866,0.281700703001055,0.051514245934137,0.0665485806470831,0.0396393315932281,0.03578810615555,0.0660614975377083,0.112413555349907
12759,7095,0.16246403783772,0.182593960907729,0.0171508217314727,0.004762648930969,0.182334319211558,0.0629951248810267,0.0343965004206958,0.0982813778630054,0.023827491913547,0.0383235152123729,0.0950798842951728,0.0977903167947311
7637,9757,0.0957799064677024,0.149160586083919,0.0218762429510505,0.00766794575146492,0.108610570893196,0.0453271222754419,0.0220524040993686,0.0461553835853958,0.0146281832817214,0.0198535784597363,0.42091458778733,0.0479734883636734
13032,5166,0.13743440356975,0.167859881841593,0.0467849618185896,0.0064694194570218,0.128798352042457,0.08933005134992,0.0353851852091886,0.0364865699721564,0.0346680208465867,0.055661876665417,0.105261481559235,0.155859795668085
11111,14331,0.00472161465340495,0.029988260646243,0.0431298579190926,0.0735719683584399,0.0510670592231707,0.428316116981322,0.0140268603834588,0.100362351886398,0.00716453390657639,0.00509578030367191,0.107554953934803,0.135000641803419
14428,10467,0.0693203351169045,0.0701332652760769,0.0974955845674358,0.00642917639428918,0.150664926198099,0.0970138225774876,0.0237589573450141,0.0948771673720475,0.017648296445195,0.0422166012365792,0.144805915345201,0.18563595212567
12482,7095,0.0812987675783874,0.193198740421663,0.0404320018447755,0.00339388551696261,0.175979085757072,0.0702182698978248,0.0392914857269116,0.103396974857552,0.0134886185151684,0.02617269110773,0.134551054902978,0.118578423872975
11107,12402,0.104262062415571,0.144513850047428,0.0363396156906706,0.0083626960792514,0.156888826305007,0.050206848284873,0.0615288227443047,0.153243463206642,0.0357547254350336,0.0475856297813508,0.162721698655744,0.0385917613541239
9573,7825,0.115826601176525,0.208843804673712,0.0493376686668665,0.00958035582144211,0.157366697885351,0.0876224358818922,0.0534486440991104,0.0782720664302651,0.0474946389267797,0.0565183723305408,0.0636150866372258,0.0720736274702893
18309,10941,0.0713493561001514,0.0888980799908144,0.0186271344403758,0.0214421932249412,0.0728526601582705,0.0339840535398336,0.0109870094562837,0.0399809829667352,0.0286689492208402,0.0405617638143284,0.543706065006936,0.0289417520804895
8605,8550,0.116249403356491,0.248978220343574,0.0467100349679281,0.0104529537247906,0.14931332730917,0.0422187090947028,0.0620032464348792,0.0451538451778435,0.0232897938537632,0.058831086909128,0.105664805518012,0.0911345733097172
12222,15775,0.108889037638826,0.166366161812896,0.0354885608474935,0.00794495454560011,0.150425885040485,0.118027532702541,0.0310347253775948,0.157524993551002,0.0365210030927397,0.0413614180316441,0.104058415821504,0.042357311537673
8332,10479,0.116704313253715,0.209914449259065,0.0444814907176386,0.00933438678116534,0.147523674379559,0.0601922394127647,0.0540357234819512,0.117316320801835,0.0204209836353987,0.0823735751280785,0.0865513837329752,0.0511514594158547
11930,8543,0.138840458977587,0.198741443568846,0.0471816295448657,0.00327842010010458,0.126541305292787,0.0842665216273644,0.0394379151819144,0.0602057689134213,0.0829670162761419,0.0367553254852205,0.120241845591286,0.0615423494404611
11241,10232,0.152659471559243,0.148612647734596,0.0541730188025988,0.00812363815886744,0.106395025958915,0.108501473341677,0.0682856878643093,0.121851963718856,0.0235760322790101,0.0345745502601682,0.110750336559643,0.0624961537621174
15685,15527,0.0846179616440116,0.15020225191206,0.0572220947320383,0.00279906954874011,0.200238620054831,0.0747177681250565,0.0313471526284708,0.117982092772082,0.044375602324962,0.0309277768152814,0.0748103975572241,0.130759211885242
9175,16264,0.0923329055736953,0.146705601472961,0.0580849650433836,0.0055776298490506,0.220077132201734,0.092316368483201,0.0260936795286331,0.130933213035355,0.0393157174983967,0.041613356556442,0.0724967417564028,0.0744526890007448
12757,6131,0.120412820907557,0.16093326662449,0.0349013142772965,0.0104344261633883,0.147689390735372,0.0565051963408082,0.0298444112745122,0.102834131216388,0.0143672981241275,0.0331386351358846,0.151821252208064,0.137117856992112
17762,14800,0.0746456497074632,0.133666395910188,0.0355754220002539,0.00211418786076678,0.158340814361104,0.0676945819028276,0.0128425529397168,0.172611776290323,0.0224575982078018,0.0790877130222306,0.196948876546853,0.0440144312504719
9589,15539,0.0317247851817007,0.123551495570859,0.0354543917002775,0.0222866895005504,0.0727484136847033,0.123455682589928,0.0313573817812978,0.0676716346212702,0.0274348068381534,0.0345065047219464,0.32570651725926,0.104101696550053
15808,7571,0.0930260591439508,0.128010011325103,0.0579393957188272,0.0150249334740172,0.132230437390798,0.0662383445765988,0.207680932974733,0.0322603053179838,0.0135414569459342,0.0403367319386385,0.152118275555265,0.0615931156381501
13307,4201,0.120660248629481,0.115506061431304,0.0518210882542814,0.014303972184204,0.110914505468719,0.0986550522989249,0.160000934070221,0.0505698713147009,0.0109188134193461,0.0426478742813333,0.124996961946614,0.0990046167008704
15959,13598,0.085039116530646,0.19035360960316,0.0781277130676794,0.0108168216418872,0.109310769094612,0.133295019896181,0.0253068281522891,0.116928087300561,0.0279102134537424,0.0310134727842437,0.117105956385423,0.0747923920895756
9446,13370,0.178703880267312,0.112333235183649,0.0396810337102596,0.00629464766363728,0.116610504153182,0.0597760282437568,0.0707364150163715,0.127230606972287,0.0303975333540296,0.0681956185817648,0.0769836636366744,0.113056833217076
12339,4926,0.211693381235778,0.18967097701479,0.0248812560782174,0.00891211784543283,0.144228421883397,0.0875056998822895,0.0828863815954004,0.0326950292015923,0.0342309375110302,0.0451445263918705,0.0550137767637286,0.0831374945964739
7498,9516,0.133401623879042,0.169992725266552,0.0379351040376694,0.00754442853346201,0.0737238263489177,0.10136845408645,0.0277136771457365,0.0455313302243434,0.0212413795875953,0.0257612041363768,0.340590196412701,0.0151960503411546
10561,16743,0.0783705067301092,0.241089159723855,0.0636366232285221,0.00478941693804933,0.143075016066501,0.0789586170443562,0.0516567192109145,0.128527170015172,0.0268830882485618,0.0489791422866384,0.0715373669860665,0.0624971735212535
15817,11911,0.139071498328635,0.153072928373212,0.0401738076339266,0.00802953501476023,0.137044593052677,0.107369536982212,0.0825089264227193,0.0668213035819134,0.0356089128591482,0.0430285021065121,0.0906865976680882,0.0965838579761951
15680,12634,0.0677240797313485,0.232525983451115,0.0455233403244062,0.0222165601933614,0.14052800924631,0.0705105471027053,0.0453203499999608,0.0761263886956171,0.0424004154097947,0.0400376817642351,0.142897089676404,0.0741895544047417
8470,10238,0.121897654593895,0.246272600641365,0.0356250910503265,0.00619937431164555,0.0899363989392967,0.0758397003569243,0.061555070957886,0.0612318938900984,0.0362494286188644,0.0733883354051995,0.0830935801967205,0.108710871037778
11504,3481,0.109973859524862,0.177010958609101,0.0410493107672747,0.0102269289781817,0.0893864271636037,0.0756551143218857,0.0442491970295645,0.0385685939998143,0.0160539871978927,0.0367607011717605,0.224614557253543,0.136450363982516
14976,7090,0.102850036439219,0.164322326345282,0.0378251016669749,0.00195344464423967,0.147268334966766,0.0627598294680543,0.0623529153646942,0.127912016018709,0.0140049558722332,0.0184560369081289,0.123671367183043,0.136623635122656
17752,9496,0.212517760155043,0.162382791924862,0.0208441935551861,0.00334307587468662,0.113666810093761,0.0493976567942986,0.0372570390858114,0.0474118649404462,0.0244550848725771,0.0464930248492553,0.244459936961379,0.0377707608926943
11106,11920,0.0998422733468108,0.233591176750019,0.0553180812825797,0.00987353764037455,0.146397879136904,0.077132654452947,0.040502481778662,0.118576565487718,0.0378693697991636,0.0562726672905078,0.0836409675434497,0.040982345490864
12762,8541,0.142013369586097,0.164173815929506,0.0464790331355279,0.0156073709171119,0.121979047092632,0.0614632459731052,0.0386250000990594,0.0417177329343771,0.0457080004152951,0.0677499171155754,0.123441795688759,0.131041671112953
14857,16975,0.116127138323127,0.158711990234958,0.0575828286646655,0.00770326707407029,0.145554041172172,0.0998935945733754,0.0295485003446485,0.109420467693954,0.0291336619185273,0.0438563532541551,0.143226289177854,0.0592418675684934
17070,15042,0.117196751085939,0.245865853238767,0.020955895697448,0.00311269146337639,0.155348072322702,0.0658878749096336,0.0240213299723037,0.0918267115525916,0.0426680859848093,0.0752383175715745,0.123508347382997,0.034370068817857
18726,11664,0.103500456229287,0.20573753460703,0.0361549200886172,0.00299792402209366,0.163506857704771,0.0539521496705557,0.0344945018008357,0.0218426161627861,0.029698783722,0.0653396435135425,0.169722386121152,0.11305222635733
11924,5650,0.177838818221342,0.212063466844796,0.028942106829274,0.00449690242079105,0.124222245010949,0.075692536511205,0.0453284027011656,0.0765364221398297,0.0205871164007324,0.0754674722580751,0.0950509753371886,0.0637735353246513
12484,8542,0.174756928099027,0.162016313599681,0.047022398307295,0.00906968136507091,0.140662348078201,0.0631684895095659,0.0463314236634709,0.0691826407011632,0.0306102406387047,0.0593445424514793,0.073595651740054,0.124239341846286
13459,10710,0.16575549330363,0.178045489613977,0.0449717732827098,0.00972467434596902,0.136080237756507,0.0728286856912751,0.0574305292075881,0.0694418581761382,0.0457892139386328,0.0971149262700398,0.0618554362848659,0.0609616821286675
10977,16983,0.14992921152648,0.0937788297302907,0.0554853334434145,0.00869340526919636,0.174325348427526,0.0591916988816911,0.0564186610099706,0.0821565174317419,0.0281537588150717,0.106726138501193,0.0788466076718162,0.106294489291608
14423,8056,0.199707259097859,0.185513302836576,0.0377541713437255,0.00240424163703424,0.108284743676655,0.076788433089239,0.0709868052742956,0.0661934684020026,0.019336663217902,0.0442937798628212,0.10230494692238,0.0864321846395099
15537,10465,0.110064530332598,0.129053386361971,0.0528061396738915,0.0117108222704355,0.236155052708469,0.0560433959217655,0.0382660446094138,0.100687934008038,0.0186704332132101,0.0406123800975381,0.0881098844391954,0.117819996363473
9303,11200,0.15602773279059,0.158891460543564,0.0346455702032379,0.00384206773028822,0.0991998511683443,0.0422677335590001,0.0729877563449054,0.124053111122492,0.040874296721503,0.0623090063594221,0.102453307236441,0.102448106220212
14858,17458,0.0430916914385313,0.0610040779439031,0.044183835790612,0.135472232117347,0.287686162389863,0.0748556143593566,0.0177839745718676,0.0678150983161663,0.016064191734334,0.0405214115005975,0.112048938809843,0.0994727710275786
9579,10718,0.085634712513072,0.0939445660219606,0.0602356123993474,0.0137652377879084,0.162489085574768,0.0542492899087744,0.0799812861647975,0.0724327748160639,0.0293517656774983,0.0912021232318408,0.209244621779554,0.0474689241244145
15945,6847,0.134734756198432,0.0984640176360584,0.0572608252049341,0.0110773560055832,0.0541798937289099,0.072570037335118,0.300975562181042,0.0437416385583519,0.0330489549286387,0.0321875197160594,0.12319422134042,0.0385652171664526
11251,15054,0.0100044714312702,0.0378360859130241,0.0400533116374763,0.0945213448784532,0.0493109348033771,0.489950783512352,0.0301468634161579,0.0511060551479008,0.011815001558425,0.00917864816759056,0.0892326540186757,0.0868438455152973
12775,15292,0.0575734420101291,0.10029700106337,0.0705366241419573,0.0480068702588967,0.24235895458772,0.115144436207873,0.038272249816281,0.0396387637136013,0.0393296784225548,0.0555364664780638,0.077180618982112,0.11612489431744
7773,8069,0.12580071491399,0.112300427964135,0.0328795466831094,0.00989062195112623,0.140597974562996,0.0411648278209315,0.0752035922418057,0.0505041795643194,0.0233557468848502,0.0499850417229137,0.252206899280744,0.0861104264090794
8743,8308,0.10262844830232,0.0636769708482807,0.0465992927861666,0.0319666650120079,0.106227250871802,0.0840378141407316,0.128026704513032,0.0527759069002028,0.0369257700913509,0.0332309689311452,0.141761766754309,0.172142440848652
14706,10948,0.108029428509391,0.198259614635172,0.0553913582501128,0.0156807909507778,0.15045395134937,0.106955721318947,0.0459838368968507,0.0523575156035187,0.0172392480697088,0.0506765779069686,0.091221496079198,0.107750460429984
16369,10945,0.0669204574714401,0.186638303001321,0.0480896102030875,0.0153508807264947,0.14957492030087,0.112363971823069,0.0226368283360628,0.0842188227793217,0.0477334371255114,0.0469563695847733,0.139895123850798,0.0796212747972509
16791,14078,0.0963970455589452,0.194056229227307,0.0440790845253421,0.0122987902801832,0.143086210417114,0.0635125503624515,0.0514776040396637,0.133467534181204,0.0422149690389006,0.0518531866815286,0.127857662605725,0.0396991330816352
14997,17698,0.0774431020097579,0.12057121762649,0.103477665565663,0.0209410170842182,0.180838478667381,0.0766264006201683,0.059251300846718,0.126061005724817,0.0433055540580553,0.0469732351460157,0.0550946949236209,0.0894163277270949
11797,11195,0.149441565025676,0.18234445635363,0.0462630146771485,0.00534110974252566,0.108696673624189,0.0538527513817185,0.1050880919098,0.0655243052246438,0.0676888781302807,0.0356107225131086,0.0810068197742811,0.0991416116429973
10544,8064,0.0904328463138418,0.1754931959719,0.0538446927503741,0.00242650130390941,0.171021472210592,0.0970379294336008,0.0448427812137647,0.081780966255925,0.0281134851616253,0.021833079546814,0.147736387455861,0.0854366623817916
13729,7334,0.194123944821359,0.0833970161826608,0.0499614567202266,0.00465006702826068,0.199802776486091,0.0590299766484529,0.0440037013249622,0.0836315659880736,0.0361509598358992,0.0476242383615623,0.0732739296949531,0.124350366907498
9728,15780,0.0766287530093414,0.128338663482557,0.0252539404402626,0.00533117890686171,0.141175912127813,0.0488287268421574,0.0163973277522475,0.0843702056011462,0.0545130580961427,0.0346213156606709,0.319131672048282,0.0654092460325182
14996,17216,0.17428692576737,0.187168786138275,0.0273190513571839,0.022264885104832,0.200660515041043,0.0482689623562074,0.0400565338759153,0.0829091362155545,0.0386726455550647,0.082833189601796,0.0660219458956997,0.0295374230910593
13726,5887,0.0979843619007168,0.287822577992892,0.0286971259130541,0.0201224557818908,0.139923889325795,0.0762534427677998,0.0266011519100762,0.0370397177410334,0.0277209647387128,0.0614041050562911,0.100868029045166,0.095562177826571
14152,10950,0.0822460367942785,0.245110159608732,0.0579267837458188,0.00141980507195371,0.146796450602442,0.0644068534058003,0.0506085607591936,0.102556635727152,0.0368556734678898,0.0319324134314499,0.0922652661511613,0.087875361234128
17071,15524,0.122690279323133,0.0967555298365647,0.0809067805522962,0.00455672794285663,0.0768225391951556,0.0624296316213045,0.0624834678106112,0.219345395064831,0.028349487376985,0.0900680044334558,0.0876965136829509,0.0678956431598556
12768,11917,0.133906553710753,0.12368380212701,0.0545673397727089,0.0259961511386431,0.1073547530333,0.0890141950230893,0.071723995865809,0.0528047763061395,0.0593027728228939,0.0743565113749283,0.102975633343079,0.104313515481646
15965,16973,0.0521907162877733,0.197768827097755,0.064357207907025,0.0050633909480485,0.152950533699039,0.097770509017976,0.0142238631549071,0.0807344578686695,0.0220739735749011,0.0241639273077506,0.219557766467243,0.0691448266689107
13885,15772,0.101973697589758,0.131391639738098,0.0387126001537946,0.0197081998495635,0.142548343583459,0.126013522409269,0.0726535008828618,0.0952560071693555,0.0412444528757511,0.0455441943083602,0.0830383663807188,0.101915475059009
10139,13610,0.0458268167206687,0.0934194556417383,0.0349060517362366,0.0114458481840309,0.0738508062197937,0.1149514239295,0.0149537934455701,0.072139798852505,0.0167276041863078,0.0196849650033693,0.379028073716551,0.123065362363729
13035,6612,0.173380277176297,0.112478153492624,0.0494525156813177,0.0168902947251969,0.174032353172187,0.104010009114687,0.0476985255682719,0.0476053581715093,0.0441988334997244,0.0507024592202286,0.102900047459443,0.0766511727185126
16094,11910,0.169603264430772,0.148636558613757,0.0470529572917611,0.00296611903135759,0.151854450605033,0.0621350706418484,0.0649036123154649,0.0778641646297913,0.041372347273059,0.0602021032085638,0.0903616378567195,0.0830477141018735
13731,8298,0.149471438016505,0.206413960704608,0.028767727677974,0.0113988617752383,0.132259650661619,0.0970666725783668,0.0706650514090588,0.0294080170136258,0.0177947802003651,0.0634284619752282,0.0905824854883637,0.102742892499048
9712,8065,0.120741616600868,0.26806338746348,0.0224698070135248,0.0327346147319245,0.115518863243424,0.0618249216066935,0.028586567866154,0.0647416799312534,0.0223198778542921,0.0630782784108112,0.110060186399026,0.089860198878548
9302,10718,0.0991954418209778,0.249719850639803,0.043156962716908,0.00572702194165033,0.169179538318258,0.0646934463706987,0.0418663600079055,0.0980683126546986,0.0398467323062522,0.0620252133104504,0.0635393565116315,0.0629817634007659
16646,10945,0.123499091987144,0.177089778748899,0.0290996286074619,0.00464629813150489,0.179223110245445,0.0891102526383072,0.0442841197696622,0.102475268783078,0.0266539681605932,0.0524670493022897,0.101897525217637,0.0695539084079783
10965,10715,0.111703423726358,0.116786478851941,0.0305394682140991,0.00858239944992786,0.212164136294616,0.0354874198702539,0.0476556732239273,0.137235827449411,0.0588338061090763,0.0690212651636365,0.0633763055599289,0.108613796086825
8878,6621,0.172481133677902,0.136641012856336,0.02798839317906,0.00355368465183727,0.196991298537604,0.0577659303855115,0.0320076682097823,0.121515743323087,0.0265522655991922,0.0725723770310219,0.0920375652686261,0.05989292728004
7775,9516,0.157905761733151,0.233591230154245,0.0384125280045667,0.00430220080397731,0.0699942247597923,0.0636095692168914,0.062372513350021,0.0410803710914362,0.0148413928527453,0.0648245932203707,0.170647552097115,0.0784180627156875
16235,13115,0.183668054599772,0.101232417047554,0.068857604590905,0.00390322299591644,0.148200632646158,0.0976555711466242,0.0609731306976307,0.0882052561939888,0.030372881343974,0.0483413897139277,0.117960279485211,0.0506295595383379
9157,7584,0.131558044050349,0.250495768095243,0.0305904340549234,0.0161446271109528,0.125448623944832,0.0928622704635471,0.0162085008261658,0.0423109656843393,0.0122862851967322,0.0438833965621053,0.157992725974725,0.0802183580360847
8619,15783,0.163476879286572,0.0833295389801612,0.0386095130661162,0.00357252347821702,0.175274782080778,0.067196809286735,0.0162870038606546,0.144109011238744,0.0684543051992106,0.0494054691242942,0.136762492130517,0.0535216722680004
9870,17468,0.096063963465008,0.182885183949429,0.077131957057301,0.00680842633956695,0.169802822045262,0.0486788327071443,0.0300340621478603,0.107123521649707,0.0506169228829965,0.0640992759554506,0.0586432493836502,0.108111782416625
8461,5898,0.144910024368231,0.117101606933348,0.0509445271054992,0.014089236450442,0.105351999937701,0.100428509660878,0.0350641391383728,0.04011090218951,0.0388427869802439,0.0241905322245746,0.257078796600993,0.0718869384102059
9567,4931,0.165166285197787,0.173379623586145,0.0411036854120796,0.0153750975950848,0.120918246585215,0.0843659072077286,0.0609218834326607,0.0410461790241334,0.0162453055897514,0.0678901264406356,0.122745115631318,0.090842544297461
14425,9020,0.11239450182042,0.177922489845637,0.0588684294169739,0.00863058317170611,0.118680539784262,0.0658388686771397,0.0674187681701505,0.083062525672567,0.0405206913291186,0.058902288092046,0.0784774145506333,0.129282899469346
9312,15540,0.0735981639459217,0.0796511710678205,0.0797322703557676,0.00679834304794637,0.148817089927141,0.145544667082837,0.0419909898597462,0.136061678102519,0.0273722550655342,0.0347945676245984,0.171591771508683,0.0540470324114841
8891,12889,0.23304921561571,0.103475446193728,0.017635870797386,0.00425453290902662,0.121554265890883,0.0443024179330003,0.0485749014857864,0.144914661949821,0.02835183975897,0.0855324055690105,0.101373409265841,0.066981032630837
10972,14572,0.0126579266472321,0.0306057431835569,0.0264131706311079,0.0289687231023725,0.0253817282358343,0.684749803069314,0.0114459216244362,0.0444371207893699,0.0176469020174772,0.00433546242447055,0.0728992435037498,0.0404582547710785
11935,10954,0.217717209840381,0.193436968807546,0.0277706936374212,0.00648036923379806,0.131324447363291,0.0689067562545246,0.0527636089213227,0.0691425672697816,0.0166737037906604,0.0856688228940345,0.0613542076320536,0.0687606443551854
14554,3957,0.187594185058456,0.105817294502755,0.0243265101174584,0.0123756107575254,0.0818064873982497,0.0663538613635758,0.0686319397984158,0.0779589267985063,0.0146921973818177,0.00992916931637025,0.296540137681054,0.0539736798258152
13747,16013,0.0744942441881385,0.114737521308715,0.0441316827499551,0.00779314415110517,0.206865123952744,0.0988500217888463,0.0182823876717751,0.0689106200703271,0.0379777289754011,0.048577814354445,0.187678306224102,0.0917014045644462
11803,14088,0.0192835034019884,0.0439341604429345,0.0458305105777894,0.0452548724896206,0.0606178409450014,0.552622860422048,0.00744218499377076,0.050059107011863,0.0131205602037409,0.00471359051980391,0.109955754982519,0.0471650540089206
17623,14559,0.135340357481644,0.156949407127606,0.0567134476991343,0.00164406659612994,0.142477099408398,0.056456742223899,0.0583369009298602,0.199005581692988,0.023912402465211,0.0577126649829697,0.0755169429453037,0.0359343864468565
15673,9259,0.103689397531711,0.155625105295962,0.0508703660395224,0.00527725179262086,0.154736086737793,0.0658863192420784,0.0367797739469069,0.119359070248664,0.0277443603267045,0.0817401476336188,0.134795826224074,0.0634962949803451
10825,9992,0.159494733672687,0.163410509349717,0.0492585908321756,0.00517335537433443,0.145065839448251,0.100395347681996,0.0321083604338954,0.0765630187162304,0.0274428061663872,0.0791448914710512,0.0774325644962267,0.0845099823570471
9455,17710,0.115255432370076,0.185566860837718,0.0156377191764886,0.00235261906613204,0.122705200247844,0.0408735490572439,0.00647220977444828,0.162622916233688,0.0103469200515479,0.0169938641959572,0.270943212834288,0.0502294961545691
17202,11908,0.131333173671181,0.196787540400567,0.0420013536791882,0.00217873018476271,0.151538533743751,0.0635861465745667,0.0917495506447099,0.0511116927871568,0.0268718249818004,0.0632018902116955,0.106799851210357,0.0728397119102632
15547,15769,0.0989576948440517,0.116166385367883,0.049723981051014,0.00993704082287086,0.228863681915342,0.0575468969470261,0.028361919298699,0.147655022078389,0.0295003654530235,0.0476523867969126,0.115943527977227,0.0696910974475613
17896,12630,0.0836511586872444,0.0668788121840915,0.0231334291231791,0.0173552509911908,0.23143935646467,0.0466246677657977,0.0217384393030138,0.139318093866516,0.0294565731407769,0.0715735440350027,0.201198033675872,0.0676326407626458
17204,12872,0.0572483667132555,0.0524941521805295,0.0588283465780895,0.0249963849136648,0.239345076967441,0.0790400628752504,0.0430115331611304,0.139148837303586,0.0226043324889144,0.050059346494356,0.161773453314702,0.0714501070090806
11661,12401,0.0632950308373495,0.115083240192894,0.0485428136429386,0.0227771099599281,0.151340812196314,0.185643322514164,0.0252476132423828,0.0866995094259313,0.0185197476468216,0.0271213669206644,0.151586259077155,0.104143174343456
15265,13358,0.0910364627997506,0.190107587920804,0.0248000870292681,0.0200259812935179,0.174959558455683,0.152218088153539,0.0166104600187099,0.133756458114883,0.0454911958675907,0.0621471096912377,0.0633725590342624,0.025474451620753
10819,7099,0.0851915253837088,0.120747400409217,0.0656003286849097,0.0128207926735183,0.175128691493026,0.0942613122140705,0.0322332861151782,0.0820112138651342,0.0237223501575354,0.0636493746307901,0.104962816168118,0.139670908204795
10408,9269,0.142226789084439,0.0981672829728314,0.0363282971378162,0.00383495174738408,0.079833242048524,0.13666435761517,0.0738786206949527,0.0984555370923458,0.0628539388973065,0.0551898252452092,0.0879088287324943,0.124658328731527
10273,11440,0.177237441240848,0.168625767357155,0.0377638642222554,0.00742745140711191,0.124886010007302,0.0426018130892845,0.030116894438138,0.0902547186371271,0.039480559516462,0.0964854642887008,0.14329446940201,0.0418255463936053
14564,9261,0.14830576742271,0.147999752173413,0.0470020869929311,0.00676137896826665,0.132664576534725,0.136602067642212,0.0468529939608502,0.0917527661985894,0.0137116706219422,0.0477118923351377,0.120376195725651,0.0602588514235725
14154,11914,0.0647638864290104,0.0802011538273428,0.0261348422764161,0.0978604409044554,0.23617657622534,0.214718256705918,0.0295996115260976,0.040346625148335,0.0178275967971513,0.0620669329683333,0.0596054410045489,0.0706986361870515
15391,6848,0.160094552224047,0.249592716076443,0.0396601776297881,0.00527636652681154,0.14684967236368,0.0645606208939886,0.0530698100176031,0.0469554984819838,0.0290092919656886,0.0607829012786217,0.107339368687502,0.0368090238538425
13730,7816,0.154731518648272,0.216129176835941,0.0435445034016397,0.00545407451298499,0.103535151345278,0.0618884244372434,0.096912543029115,0.0643344621505961,0.024154031797168,0.0516056424896957,0.0977846635166221,0.0799258078354439
9730,16745,0.0992782068224036,0.193311964259452,0.0336188249841076,0.0127896320883735,0.109056158580402,0.052678982512996,0.0453286013198602,0.173525796274357,0.0427668516267969,0.0411847549885005,0.0914300656068932,0.105030160935858
14003,5887,0.149458945189828,0.209894067664265,0.0250066067089524,0.00205233114448555,0.140861928901226,0.0610221192747578,0.0276818735154986,0.0652556194274549,0.0167023117360324,0.0459622368369098,0.147816689628573,0.108285269972017
7641,11686,0.158558643251669,0.0893742134731155,0.0340435929263461,0.00359754200328808,0.0971801646243147,0.0374442126374697,0.0335562452536962,0.0300951904258177,0.0226318389483961,0.0236144803236901,0.458197091873962,0.0117067842582352
8060,13373,0.139537030315621,0.138378236281939,0.0455843579493255,0.00993174675460668,0.105460455425489,0.075806917316173,0.0321031652976252,0.0964126734671769,0.0301526446266676,0.0426576813735759,0.227688002602946,0.0562870885888548
16226,8776,0.179800412044463,0.174257578804625,0.0243932457715864,0.00389246830470816,0.120444506662182,0.0702012929442841,0.06830676306549,0.102385202390451,0.0169529428845443,0.0544538214043075,0.138506015185786,0.0464057505375728
16223,7329,0.0831863536989697,0.107809748361857,0.0345687960197279,0.00652027482539287,0.110433648630648,0.0997292483668059,0.186213218608594,0.0737274240229473,0.0272183903748762,0.0355038590637693,0.100601400246001,0.134487637780411
12065,6855,0.0702432457755806,0.0858050599881338,0.0610745116451546,0.0523723411250635,0.147951580410857,0.0891454599814583,0.0250369245776227,0.083633813777642,0.0537986979236103,0.0473405199854933,0.18883152163339,0.0947663231759947
14720,17699,0.00987993203427655,0.10806341997321,0.0744153434968342,0.00108028576467343,0.167749441587828,0.0550006747953919,0.0161774853678599,0.164646985610663,0.0137205009229936,0.00397246120140684,0.181911899068367,0.203381570176496
12477,4685,0.109596403671482,0.207776564171838,0.0342617650323565,0.00944528732937192,0.141911837883923,0.0716349444439189,0.0446754360498574,0.0595241125533417,0.0225143854355627,0.0437383791716245,0.12708556946119,0.127835314795533
10130,9270,0.0321828840213564,0.0706090901076673,0.0692041456520194,0.032508494830306,0.185352758808922,0.119499103373642,0.0362486813848536,0.0883645136705731,0.0202167251799047,0.0312752314780581,0.228508557230673,0.0860298142620248
9722,12887,0.132435820147761,0.194495708756587,0.0328329399570512,0.0045933076527413,0.102176519204372,0.0953543205428115,0.0366596862195602,0.117241565653688,0.0277508420782883,0.112109309136519,0.0647715452497018,0.0795784354009191
13333,17220,0.0388552008457457,0.195029288132646,0.0411089796815097,0.000508392254909388,0.10672759043484,0.0956825766590719,0.0141569530853059,0.16106925199932,0.0147010625864452,0.0279739146190529,0.212875273762257,0.0913115159388969
15951,9740,0.0989232234471789,0.13043780561498,0.0750935355266653,0.015364367197594,0.14012741606275,0.0815781570181473,0.0270615957031016,0.0988255031541344,0.0299553215641046,0.0942021425133666,0.085763443419304,0.122667488778673
13190,15050,0.0274005052947814,0.0619207769138051,0.0273916355690112,0.0413126601230388,0.0340760593868717,0.322296021910649,0.0116679125710704,0.0597870350221411,0.0226011734125367,0.00942116448166187,0.305790671733403,0.0763343835810301
11231,5410,0.110181655684532,0.213495026336271,0.0445564661549355,0.00290422546430364,0.102447570001,0.0683123563093201,0.0420321518158868,0.0433619468514212,0.0383346487653696,0.039752656628191,0.188147899522144,0.106473396466624
10411,11198,0.150932618175464,0.19181397618901,0.0650536285937968,0.003453205430047,0.0733857913133967,0.102975202567966,0.0326592422525553,0.122361537110255,0.0546983517672397,0.087950780277637,0.0722349196438588,0.0424807466787735
14140,5163,0.105275854067588,0.335224743942053,0.0522342594471599,0.00696355940819618,0.122330324945785,0.0543314183069362,0.0398294598853538,0.0220132395111085,0.042553324779526,0.0314948131945086,0.0562197984027895,0.131529204108996
10284,16744,0.181386217732321,0.176677673555831,0.0263768685265183,0.00945800698969808,0.169940551281492,0.0470762084779676,0.0479703994468953,0.108349731085752,0.0422595332717529,0.071300660042453,0.0574159398133437,0.0617882097759745
12905,11193,0.365339074526115,0.0791309698649734,0.0121380366854275,0.00824326605456994,0.117671899920733,0.0265037154878802,0.0371652937123024,0.0117433293154298,0.0161675755611035,0.126609074096166,0.13224359443393,0.067044170341369
13323,11916,0.0300287447733124,0.134297866669592,0.0398402674920041,0.0453957959659055,0.0488741887114596,0.219740890177314,0.171375658824498,0.0420534546638562,0.0296598377696079,0.0396478705249085,0.129776725696566,0.0693086987309761
16650,12873,0.0513072531585619,0.0582575149707759,0.0431398342665687,0.00690843949343456,0.0821487281349716,0.05414967229543,0.0136110225894805,0.310581180159859,0.0115887662891716,0.0101290740813732,0.248898279023095,0.109280235537278
8189,8310,0.164531901460011,0.170895208804897,0.0546152614649133,0.00574123365414318,0.170805176937541,0.0832566081879499,0.0636391399092966,0.0499952956617325,0.0283436938675606,0.0797620561026014,0.0401138886186197,0.0883005353307335
18037,13353,0.0495361783671426,0.0601187392723268,0.0065891342395049,0.00430963891321811,0.0354311884468533,0.0111877554817544,0.00276632058888591,0.0748594910421702,0.00820868987203604,0.00698714764113611,0.724211859331593,0.0157938568033784
14716,15770,0.0517526363711072,0.0900041055165719,0.0447650502714076,0.00960703271710896,0.195938914521625,0.136632344979012,0.0430045252122594,0.115042381663396,0.0345761138752069,0.0361154304589435,0.142213564644182,0.100347899769179
15110,4920,0.130380602130808,0.159961545765299,0.0491453950045598,0.00619147151099099,0.140072353769759,0.0587255927907069,0.0642584330585936,0.109445852449382,0.0142915950675067,0.0428214920291712,0.180583601087714,0.0441220653355093
11116,17224,0.147328377326597,0.17855567621743,0.0498639450431111,0.00542531070637895,0.150167333651311,0.0622561504636666,0.0829091122524625,0.0798463304531004,0.0496864430125003,0.048874069795557,0.0736751600363653,0.0714120910415199
13329,15291,0.101318252640679,0.149592812009661,0.0171796194169503,0.0168935811534397,0.115419779666136,0.101551188493431,0.0797305495888931,0.0977495438384423,0.0419089714960114,0.0587242625769871,0.147482839240624,0.0724485998787454
12907,12157,0.192356242935623,0.214579187263231,0.0285509860115034,0.0152658362553912,0.172028122539405,0.0676318108121272,0.0490795044690488,0.016955307893034,0.0521181987509702,0.0938428478305369,0.0400324114491691,0.0575595437899611
8899,17229,0.0276473581558838,0.0550285511221374,0.00209061192220747,0.00454985398558871,0.0181553363346325,0.0232209224407457,0.00056734374613799,0.0512189275013687,0.00210633225714841,0.00138572102630007,0.806972290962815,0.00705675054503442
11809,16982,0.169724333136598,0.20563798985043,0.0296568340263396,0.0011664528132528,0.14428524567941,0.118132802878057,0.0101086141627794,0.129585239156158,0.0257443861498018,0.0334351293312329,0.0846124858949712,0.0479104869209689
8192,9756,0.155908831912319,0.219728836739368,0.0296805586430818,0.00490329966571609,0.106715262629581,0.0971202753879984,0.0512561198078133,0.0786906686294028,0.0236990298841309,0.119041181934881,0.0663770143589887,0.0468789204067186
10814,4688,0.181675251884853,0.208282344773477,0.0272575521123111,0.0053988507919903,0.115555188280419,0.0800291349186967,0.0594304570807975,0.0383261503991628,0.0203044176227795,0.0865665337823825,0.105705800438116,0.0714683179150149
15389,5884,0.230004209839323,0.187563582576566,0.0477795192936694,0.00466585186603852,0.0918214754802508,0.107697998294057,0.0676170012508163,0.0384836890762906,0.0131158970793679,0.0593580784065262,0.112244003724431,0.0396486931126643
9439,9995,0.138541206781202,0.227768982642491,0.0469388088017624,0.00529353068884825,0.13314190803379,0.0825311741652901,0.0277259720854387,0.102968532889905,0.0176785101674617,0.0747120356481933,0.105207742219037,0.0374915958765803
8340,14819,0.056145896730739,0.0898489378569518,0.0489254071166185,0.0407347646307379,0.0657225243961766,0.132623194746228,0.0304295717546665,0.0261085683724001,0.019162833770702,0.0323387041089102,0.418145984120373,0.0398136123954964
7638,10239,0.0888706034686377,0.187203020546296,0.0297295466169929,0.00641982846773005,0.122172944441315,0.0360231206400841,0.0637816078955879,0.0665834757031376,0.0216205572626847,0.0574249202968679,0.274562067665516,0.0456083069951512
11245,12161,0.0736760957071841,0.119582457166716,0.0483284730913985,0.0060421789591549,0.158524381019425,0.109054273356187,0.0108447693778753,0.108740521378292,0.0445569490140297,0.0210498258025022,0.175066792913744,0.124533282213491
14284,7815,0.203334476292652,0.177517683583083,0.0350910217009057,0.00287990175969655,0.110467337300625,0.0759911878122475,0.0835707753839225,0.0552371254990738,0.0290731808761546,0.0370282747366393,0.099220799603368,0.0905882354516324
7500,10481,0.0718104386387145,0.084840786458293,0.0276995594825126,0.00746079780085931,0.123290456938466,0.0695787645858721,0.0164037143077276,0.0234891508627642,0.0097852762649154,0.0436176531913144,0.475028115505833,0.0469952859627278
15672,8777,0.0980095748197248,0.165290562401122,0.0468414848532048,0.00820739822974559,0.149886297481435,0.0556110893766221,0.0415499362123662,0.121587527540345,0.0301492236922432,0.0385158627285355,0.161904276253008,0.0824467664116483
16794,15525,0.0588414574820288,0.136724149404376,0.051333401622149,0.00619388385728942,0.166630241443076,0.0936489083689503,0.0136191469952277,0.154974991206939,0.0132890940507896,0.0593200611752968,0.083364803320287,0.16205986107359
12630,12158,0.121632357492065,0.120750966031742,0.034082770079021,0.00543579982437668,0.175098342430404,0.0616662433490201,0.05203072609899,0.127931708867959,0.0272679584867134,0.0399959080445811,0.169187800569704,0.0649194187254232
17194,8050,0.121963955461602,0.241019414683239,0.101410690419342,0.00534184157282048,0.104947514839776,0.0248031133292528,0.00910147948879082,0.064435071504445,0.0245857281337926,0.0262206647307397,0.115991225665493,0.160179300170707
8203,15542,0.148187138067845,0.161516900099192,0.0291180737949917,0.00580659921861755,0.122800698644538,0.0996075421671395,0.0178557849476263,0.0967541288566161,0.015597403150189,0.0290339093422246,0.235451657593631,0.03827016411739
16655,15284,0.0792791779426859,0.188865028299721,0.0758698412517855,0.0235288199971709,0.214299546929538,0.0899363764818832,0.0235174419019875,0.106947923856157,0.0510029282869857,0.0314121242174699,0.0756640590798646,0.0396767317547517
15257,9019,0.150400068922041,0.186663226382134,0.0560503015114736,0.0110324703292851,0.115507124883352,0.0606897256354007,0.113950216907807,0.0766377290117159,0.0369663191447223,0.0873977537577293,0.0710320862588301,0.0336729772555105
10548,9992,0.0923957282665734,0.151536620512292,0.0722626929424182,0.0135402479986771,0.0719477766656586,0.0643211225506745,0.0544528040009337,0.082115736278324,0.0246712217601969,0.0809115855508948,0.147855271607286,0.143989191866071
13723,4441,0.10996977378891,0.167973884170118,0.0825194768463942,0.00827061291260961,0.121260327921534,0.0910938159441384,0.040818334974799,0.0804340322407836,0.0263389468070335,0.031242120575596,0.13967684898066,0.100401824837423
15533,8536,0.0989711241594542,0.129911246101139,0.0538466095424919,0.00274993574315198,0.187098665216012,0.0487899588043964,0.0227305680391139,0.143854336181634,0.0188225270159318,0.043333284219498,0.146139446877851,0.103752298099326
8481,16024,0.12451250644361,0.125160161857588,0.0681278254367176,0.00241387420076981,0.199939694962525,0.0710133535009355,0.020446308791354,0.156784326696797,0.0245975824061157,0.0356629539893939,0.117286799711465,0.0540546120027288
11375,8062,0.0998367992373443,0.157288802123734,0.0426856409163985,0.023961187566032,0.199994186750588,0.0711820526652837,0.0521988148771199,0.0429699231712408,0.0382288967078353,0.0949875411456638,0.0936147228875188,0.0830514319512407
16920,9497,0.111230504697211,0.214761523234861,0.0279203467345913,0.00314216618469187,0.127516870991305,0.119019090179069,0.0247609802125659,0.090742490957999,0.0124788939847836,0.0201603691426375,0.146385433041971,0.101881330638314
12906,11675,0.115339720215929,0.215669900323562,0.0600273967997309,0.00686107290047169,0.108594642282567,0.0846203068403714,0.0350809458432943,0.0738381973895102,0.0239663182920367,0.0485410467449728,0.11050279330332,0.116957659064233
11794,9749,0.0484916949090735,0.173484689586905,0.0572821312917446,0.00190807607279128,0.156117139972262,0.0718529022045611,0.0509284458551928,0.0902969717948641,0.0147663335781864,0.0293707066095049,0.138799629336326,0.166701278788588
16638,7087,0.0595453012891197,0.102082110388504,0.0262322975986663,0.0339368526109171,0.0569551579358135,0.0260225901467187,0.0183567564149339,0.0586271394212766,0.0277291098721618,0.0131013320547723,0.531220209139851,0.0461911431272649
15266,13840,0.0772995253822393,0.190853829630791,0.0248555441059881,0.0250973681286953,0.13025154222526,0.134159633718367,0.0465290345601439,0.133870610695505,0.0336940667795678,0.0225644252815559,0.0992114125458964,0.0816130069459903
17060,10220,0.136731939771495,0.136623815206083,0.0488308002830409,0.00827059369087532,0.130197701427215,0.0723430478569996,0.0477785454308753,0.0999963587647754,0.0306796970865321,0.0375658790929788,0.119854422640613,0.131127198748517
12360,15534,0.119350262758867,0.107034772993328,0.0395606293848714,0.0254350986759823,0.190274911789754,0.100206907892762,0.0387215728439839,0.039032625213617,0.0568670400268339,0.0628036007714061,0.123868196977867,0.0968443806707274
13887,16736,0.0515704695970342,0.106639170410867,0.0668247188410093,0.00822176232754921,0.256144423221588,0.0515132723986322,0.0158913738546906,0.140051494701088,0.0220187406458099,0.0337871494875922,0.111681713313549,0.135655711200589
13724,4923,0.113802521995646,0.177838610571358,0.0499965319308156,0.0165182986179553,0.193654137736817,0.0556975704011938,0.0274818514608301,0.0593035592443286,0.0148504860346344,0.0469492970656703,0.100879525175759,0.143027609764993
12211,10471,0.13144430275339,0.125614358807746,0.0461573302820207,0.00515232818601324,0.159760340205336,0.0913438660720411,0.0361553128926564,0.0942190526293169,0.013672227624391,0.0486222458755964,0.143535482649041,0.104323152022451
7914,9757,0.0930157811837308,0.0997956535656102,0.0416852029532961,0.0146593905440121,0.070883370152867,0.104772635423797,0.243829386410211,0.0575448031835025,0.0148142712009981,0.0305880818394393,0.156159154110035,0.0722522694325016
11942,14329,0.0169966593615225,0.0401239831622618,0.0527355881005185,0.0281811506784074,0.0347765578526152,0.48203232717193,0.00492801819779231,0.0715789244165475,0.00778167441006921,0.00429841572521409,0.165967179210335,0.0905995217127871
12067,7820,0.139146924015931,0.123422362831618,0.0675096975442404,0.00678918390258743,0.167958941537045,0.109945473435557,0.0333432524310581,0.0946817503702835,0.0328421019286524,0.0482416014611352,0.111753668656564,0.0643650418853268
16501,7811,0.170063129785464,0.133971141832775,0.0449263128126143,0.00332902046410625,0.192545624123189,0.0381929817431144,0.0364521560649441,0.0594082419825158,0.0271680929525026,0.0209126343160839,0.178438112203995,0.0945925517186957
15544,14322,0.0447122059172928,0.072845546747355,0.0354839640241141,0.00427926354558459,0.23558554857641,0.078986109562712,0.017624516690669,0.144315935739927,0.0193591178161384,0.0118223651241667,0.145523170336099,0.189462255919531
12210,9989,0.191465414196743,0.162170485639794,0.0236294896598726,0.00398379877797362,0.213527149646151,0.0631277058269812,0.0634190712266623,0.0567817599290339,0.0144437559052423,0.0416622992231094,0.0762166009298306,0.0895724690386054
10838,16742,0.108873902655944,0.135295047654927,0.0548110632643226,0.00410837459109893,0.22971672978007,0.0738181521297765,0.0420645234596504,0.0934699879577998,0.0268673905085563,0.0507165816009694,0.115911279886305,0.0643469665105799
17069,14560,0.136382971506104,0.127145997637737,0.0335087564320687,0.00714412653321236,0.132100909981019,0.0536762038261194,0.0189240295340161,0.189855164182301,0.0260112804637319,0.0422755369276832,0.15213984166478,0.0808351813112267
11792,8784,0.0638239290444807,0.161324859496603,0.0650897156881408,0.00849895402502878,0.192784474091016,0.0778795870459716,0.0283676734848141,0.0799461923487862,0.0489408850229829,0.0367231918820159,0.10720779855258,0.129412739317579
11249,14090,0.0117259275113909,0.0461677849404417,0.0402038480618891,0.0964910717573467,0.0415923589616051,0.519035024877389,0.00545855745103403,0.0524182707079886,0.0130897783021,0.00232620239500561,0.0485006478695936,0.122990527164216
14012,10227,0.0739327970795666,0.101754694115295,0.0579490204992854,0.00704192496983382,0.174555234880373,0.0842328537730806,0.0433616173844979,0.122536716529511,0.0265039985117781,0.0373106033398979,0.14821681336451,0.122603725552371
14441,16735,0.0622893796249082,0.0608252573545809,0.0475138662161184,0.0175025228083664,0.262969675445579,0.0939046630445009,0.0103353105237877,0.155034588950701,0.0172094721020615,0.0528174159724063,0.13073251612226,0.088865331834729
12085,16499,0.143668676240788,0.16641127949309,0.028828170884641,0.00868631984600726,0.161769922394283,0.0592830566358659,0.0315498374780638,0.115739172363825,0.059272310258874,0.030581073165834,0.10563224441407,0.0885779368246587
13055,16738,0.0253628722100417,0.112355100077721,0.0859850216708742,0.00330347416552695,0.216028856649266,0.0629485243449797,0.0213972633294967,0.144156955227507,0.0253509955350766,0.0185185703865437,0.127781606069907,0.15681076033306
15946,7330,0.145204653276212,0.190746068981811,0.0323134897319046,0.00451208252658448,0.162121922707763,0.076562552615883,0.126642554181464,0.0596749150739847,0.0208317622155147,0.0229928627221781,0.0862129199815994,0.0721842159851012
11368,4687,0.158153702432177,0.168887980912146,0.0340719297788357,0.00864422460196185,0.157523960271589,0.0595566738008756,0.0764828918280715,0.0896580407630098,0.0209377904684992,0.0528668235694615,0.0885721920922556,0.0846437894811177
13469,16014,0.05285405817624,0.152395603682749,0.0705502953187321,0.0144070069099619,0.210123131472711,0.0783325638220402,0.0168792573646032,0.0921399386263381,0.021071500640307,0.0104156544502132,0.155370900884638,0.125460088651467
11234,6857,0.183412436979822,0.166683990198995,0.0293077596351393,0.0135576199463918,0.189641002513715,0.0405124665663741,0.0406627867640887,0.116262824570391,0.0319230808434496,0.0717551410551397,0.0628937523320394,0.0533871385944549
8057,11926,0.211095486011258,0.225967492292173,0.0192694063716081,0.00826252809426618,0.0956769048079733,0.0417061075019947,0.0649970389590799,0.0883064589274441,0.0228432483455827,0.0732912070788826,0.0945063144142418,0.0540778071954964
10817,6134,0.176690661241228,0.0847556917905117,0.0285911133469614,0.00746799355982581,0.149823173957504,0.0967795002363271,0.109593383655118,0.0891487105142692,0.0329299849252084,0.053482231173442,0.0814427252778049,0.0892948303217997
9591,16504,0.101180923840049,0.259898056517044,0.0365307674524306,0.00240350236363797,0.143750995589571,0.0503139061160308,0.022060717869149,0.177234679736036,0.0424336420280393,0.0397596965379125,0.0689235322826802,0.0555095796674184
10822,8545,0.135282192911295,0.168321399734113,0.0306217586411027,0.00159747956831278,0.154889142361808,0.0756308386609153,0.0497813258650738,0.113798720234843,0.0212944510966221,0.0295021752585896,0.115954158361012,0.103326357306313
16361,7088,0.103053412183756,0.138796050328263,0.022258275053154,0.0401502152560085,0.0926046522345614,0.0870893920871987,0.239018592832924,0.0589138349129741,0.0132374718215955,0.0243928172852378,0.125088064343963,0.0553972216603629
12066,7337,0.0605374310450587,0.107803465790627,0.0769081874927498,0.0329662713424284,0.291303152304808,0.0663584559931663,0.0164421013721472,0.0668049942287471,0.0322861722154464,0.0240197247546503,0.128353868671921,0.0962161747882495
11530,16018,0.051734734549361,0.14858573265519,0.0606882930156806,0.0149985837355284,0.195381252118137,0.136127181104801,0.0439423942764831,0.113823956286388,0.0425079163740718,0.0441267326931101,0.0701214612642068,0.0779617619270418
13876,11432,0.134046272945315,0.205932939322103,0.0477158953570781,0.00577977187576643,0.0813784708829064,0.154209194374897,0.067645302606282,0.0774255908777943,0.0110827174697088,0.0369231628722,0.137905850724357,0.0399548306915921
9569,5896,0.118863269785893,0.256032263920546,0.0452432775793144,0.0020403385285603,0.0972666540393689,0.1136347164046,0.0836832932451802,0.0896488700615181,0.0239459281950162,0.0538716351954772,0.0516141919328095,0.0641555611117165
15135,17457,0.083313660754903,0.138471137318982,0.0531544161551038,0.0624883224806846,0.228803127793665,0.0961653355148596,0.0447892522604169,0.0772495056043796,0.0139656048033196,0.0387674741312889,0.103419950188172,0.0594122129942258
12078,13124,0.132514017404281,0.17099561173835,0.045769693807687,0.00609778602590621,0.149118953552271,0.10589360552077,0.0291693157784307,0.0534859562027939,0.042032967120403,0.0570089065793522,0.130697543258449,0.0772156430113062
12347,9266,0.117762641617612,0.194192285944856,0.0206250688875111,0.00667438878117205,0.183072635007771,0.0573666258377721,0.0463215267500616,0.0687221556694418,0.0214256128597866,0.0669371920861109,0.106762802968589,0.110137063589316
11239,9268,0.106605915228339,0.246660254858355,0.0365087348367557,0.0133751038334818,0.144187243220639,0.0593807648938682,0.0562242691914858,0.0531174127010513,0.0454349798359946,0.072488783851587,0.12546100573078,0.0405555318176625
12616,4925,0.126437687177035,0.126415991236027,0.037213354978751,0.0141832292330756,0.149764631694081,0.069867305347473,0.0423665868310882,0.0694574590519571,0.0272244093845513,0.0655439848265526,0.174421778672753,0.0971035815666553
16511,12632,0.0856139155906934,0.192947886656792,0.0404894194596837,0.00549801201720647,0.143792447068988,0.056643238276612,0.0336008762097396,0.109704817329183,0.0239739881760208,0.0317102582137592,0.213751409170326,0.0622737318309961
10695,14573,0.0125538428899938,0.0448793442012387,0.0241228039192552,0.0749167972507184,0.0440440074961739,0.603240058977266,0.0127147079236775,0.0342487534046656,0.00931099852715129,0.00742946270018251,0.0597184664331249,0.0728207562765519
12202,6132,0.168095455663413,0.22487513609397,0.0326133217037536,0.00428182348266187,0.159414949033851,0.0581157514184224,0.0554092762673183,0.0427609953627442,0.0375942145387911,0.0411830851008228,0.0943709251392277,0.0812850661950236
9999,12887,0.161076546625757,0.170170793582904,0.0295903061006753,0.00709101533388573,0.0944186656491945,0.101779597667691,0.0814030354177487,0.109652716842142,0.0422783819620746,0.0793772872918142,0.0700147548435286,0.0531468986825848
16642,9016,0.145430494105696,0.229758990900003,0.0317425198271778,0.00323741944331627,0.0679849250888989,0.0738682789721897,0.0839328017337391,0.0744199846451552,0.0199792539545012,0.0276167492829519,0.178123927638462,0.0639046544079086
13187,13603,0.0694442350800928,0.132328795816794,0.0308337632647708,0.0220331006616726,0.132602610264673,0.122908579308155,0.0478585595898608,0.109229822988711,0.037938332044725,0.0307166183608051,0.170215150356589,0.0938904322631499
9429,5173,0.174437218006527,0.168569876881995,0.0270127830463181,0.00476326127281621,0.193087776980303,0.07945919681724,0.0564433424304943,0.0496834731720644,0.0140512051284271,0.0659100462500012,0.0794219197600518,0.0871599002537618
12358,14570,0.0375308146017623,0.0504266400055871,0.0560646324732099,0.0101103263255893,0.0814598163048622,0.430630883161682,0.014188450082093,0.0621069579981657,0.0207654740254341,0.00309700175613834,0.188226413998289,0.0453925892671878
16657,16248,0.101947341679701,0.292536573108843,0.0364190163275137,0.00275988997829354,0.144947996108468,0.039891184942147,0.0294398924774783,0.123076544133543,0.0146672113166537,0.0610393812141378,0.0878848615340557,0.0653901071791649
13312,6612,0.155970505056569,0.158671464208008,0.0394285791849101,0.0061185972580527,0.14375230491913,0.0694103024266322,0.0606712859412141,0.0565328535214824,0.0289907750497815,0.0550937818226149,0.0986185406168113,0.126741009994793
11243,11196,0.075032930479062,0.17678350504174,0.0525039887662339,0.00881401243955064,0.0625459483036154,0.266389279839546,0.0152186425463708,0.0457225142997423,0.0288013141424078,0.00405438841168366,0.191306740230604,0.0728267354994427
13721,3477,0.107939031312227,0.0906166005175337,0.0352726019455816,0.0116992016811901,0.0694286921224519,0.0606138124670073,0.0350778765753973,0.0522551092141756,0.0147553574578331,0.0263995397388699,0.449598280121385,0.0463438968463477
15549,16733,0.0739258539945439,0.0858679585036897,0.0664860551600179,0.0120353434675113,0.199812576064327,0.0538876507861207,0.0306628369477804,0.0877500656126878,0.0468653960569194,0.0188495326123543,0.188505293425683,0.135351437368365
15111,5402,0.151138859699164,0.281352733540177,0.0267715177825801,0.001410159313691,0.110059669775449,0.0386874886283683,0.0919902164273298,0.0974679035167239,0.00852103763124481,0.0312987309557332,0.0778882344678326,0.0834134482617067
13050,14327,0.0957428559092469,0.169727784035994,0.0586551477440729,0.0169275331506492,0.127572514318378,0.110047278554045,0.0615574394439846,0.100223850496489,0.0210940311213158,0.0608517407425961,0.117893521406241,0.0597063030769879
9990,8547,0.114288789498712,0.139951759174577,0.0479338568490521,0.00819334399210246,0.132270135506074,0.0572848130179792,0.0301485200254724,0.109966965114836,0.0266577115217961,0.0599779867154866,0.133982687628385,0.139343430955526
14850,13600,0.0942858667673755,0.127838192854393,0.0540377698413519,0.0147845633471077,0.109610789873569,0.158184352593061,0.0227951433979136,0.0930183015122146,0.0534080152960972,0.0547948697876599,0.121152031263086,0.0960901034661713
10277,13368,0.0510018665307615,0.0946113042494268,0.0635834186441602,0.00878520479334164,0.0818294189211786,0.14831018293791,0.00641250134251796,0.103915037588377,0.0145421743076338,0.0189748005522351,0.319363603924415,0.0886704862080425
13864,5646,0.146213564138109,0.202319245633889,0.0460587190206657,0.00856736223085048,0.178620199080642,0.0783356245758717,0.0355725752314522,0.0297787018139404,0.0201393693280546,0.0398405066942912,0.134933342560282,0.0796207896919525
14982,10466,0.0888930395282466,0.180726157111058,0.0401794850471157,0.00499258500417056,0.120621152976227,0.0995578324167128,0.0341013785121652,0.0618441470043233,0.0365957172244742,0.0517988624118011,0.136544598117609,0.144145044646097
15956,12151,0.0993601009806381,0.224381215450727,0.0295392716154563,0.00305358919550554,0.183734894490508,0.0887354949560439,0.0846746903336401,0.0967350502015969,0.0155060048895857,0.0339257448151245,0.0786813255520306,0.0616726175191424
10418,14573,0.0785970326408268,0.078151633385617,0.0605340504787021,0.0112825830986653,0.110634922894299,0.348852759368066,0.015120505007467,0.100534848311691,0.0280081831249175,0.0210503821152205,0.0783215102252506,0.0689115893492777
14290,10708,0.0899345707302923,0.148009755720438,0.0518556790102372,0.00189358972928171,0.159247125145287,0.0936775605255174,0.0531607638959249,0.107061460832011,0.0319497089808687,0.0477315579432447,0.128577427490695,0.0869007999962011
13600,11915,0.148600068890558,0.10379741377596,0.0605496023540846,0.00716499337413255,0.119718865432542,0.156144739105462,0.0737958004078466,0.0719898774261884,0.0304685305720479,0.0507310350029497,0.0775129592060302,0.0995261144521979
14846,11671,0.0309312439535876,0.09633217258778,0.0645632769113487,0.0135184147010374,0.136790286365344,0.178071352938921,0.012599634840999,0.0918617775779687,0.0227533815752707,0.00514573603947754,0.230872442910324,0.116560279597941
16087,8535,0.172503870081517,0.136921341221231,0.030603914285494,0.00544578467649546,0.0801448961508866,0.0576066452854057,0.0767715269875313,0.0786055646571602,0.0268595725384271,0.0336086617485764,0.16663170758837,0.134296514778905
14848,12636,0.0295690270801468,0.0349034877371758,0.0541471810728174,0.143825876053473,0.0498843468389496,0.488409788262768,0.022082970261738,0.0193330126234579,0.0176832154255178,0.0298579029804674,0.0480819539828818,0.0622212376806059
9718,10958,0.0529738614190928,0.11023427411812,0.0770634191001947,0.00879523132723193,0.0946050022028823,0.167805596973925,0.0209536553675851,0.108446560312869,0.0204605308476147,0.0387291979797917,0.125648458846839,0.174284211503853
9034,15058,0.136799370479869,0.17333355001974,0.0359395733935433,0.00884570766844453,0.106789368041693,0.0840225600845276,0.0999369452663712,0.0986487585730938,0.0512326989552276,0.0699870395809865,0.0703566595492754,0.0641077683872274
14144,7092,0.133210799120612,0.310334473136315,0.0618463253541173,0.00319541216204952,0.152830304751993,0.0700849993652532,0.0291571486636092,0.0145728789785979,0.0496827918232896,0.0238182210191955,0.106258945448358,0.0450077001766108
12352,11676,0.169649162316962,0.155725317697614,0.0382377720002422,0.00311426590643602,0.110774617004125,0.11033678438341,0.0818873782251405,0.0820369970128199,0.0236537746523948,0.0495092381071384,0.10959645134897,0.065478241344747
14991,14805,0.0613685769796508,0.117144168593803,0.0442649881396386,0.0153562528011204,0.173933329767999,0.0495590935873308,0.032284140131086,0.219516494753786,0.0404284490848843,0.0395410871624103,0.127656805208846,0.0789466137894435
10692,13126,0.0689975812572191,0.152466265650716,0.0581017882264635,0.0087515445590354,0.156144067563359,0.0734161275458712,0.0387094192067075,0.133967686535428,0.0287426957218768,0.0410141818399507,0.170641142336407,0.0690474995569665
10403,6859,0.131970804397112,0.149284197493836,0.0565195750923611,0.00533347443800797,0.149624233304033,0.0541822241995456,0.059490528355264,0.0955691878835109,0.0203666367248743,0.0508491887753924,0.0731011361665519,0.153708813169511
11367,4205,0.145630100897968,0.161095302238909,0.02183757122651,0.00914968930773533,0.164044378364997,0.074674489222699,0.0709407264054366,0.0398474642762596,0.0319322853380337,0.0523426175908089,0.105502212402181,0.123003162728461
8883,9031,0.13878152344163,0.125486271711397,0.0382625776890998,0.00813840540273234,0.110531970951633,0.0859467252813127,0.0491865059208797,0.0587755774857399,0.0229935323278527,0.0648320969067848,0.133641149710645,0.163423663170293
9291,5414,0.167055027856858,0.201608232512411,0.0334376046417646,0.00567601052041429,0.0903975438603363,0.127348311851869,0.0329615202758724,0.0739316658089422,0.030228338497682,0.0603198048280679,0.0629911167124961,0.114044822633287
13451,6852,0.129196637203536,0.111019249157283,0.0557497697632316,0.00596630148119522,0.181519792751861,0.067959246182237,0.0557837868884298,0.0972614931570172,0.0257478357182415,0.05358112257971,0.0979370367948146,0.118277728322443
16781,9257,0.159060163904173,0.125733932299494,0.0453824409638291,0.0133540056014655,0.143110535706084,0.0950535807988936,0.037329509260583,0.0987842131369781,0.0301283819987067,0.054968919445641,0.107177454919678,0.0899168619644746
14163,16254,0.0616559893705696,0.1774662257625,0.0632784549422101,0.0210539360224154,0.181510664212148,0.0877018985223813,0.0573287914292653,0.0913129767716631,0.0192969643719829,0.036496912196803,0.111551229933479,0.0913459564645817
13330,15773,0.141200451507914,0.158964864399856,0.0361864266720395,0.00244013076686473,0.21607384803963,0.0783964640383391,0.0365964937777417,0.0492697309023265,0.0160012877701138,0.0472155341591074,0.151418946568727,0.0662358213973398
10964,10233,0.133695152709867,0.139413453361966,0.0427050684712101,0.00484912239386423,0.0966477327336933,0.0918416281724539,0.0453863420899212,0.13213596035373,0.018922687344587,0.0446244606430855,0.173622846090686,0.0761555456349358
9588,15057,0.110305933672861,0.119686047760234,0.0494198238919952,0.00589783901457745,0.141456990313531,0.134902985668614,0.0513018588535288,0.120733927909315,0.0300440249916029,0.0395974734248606,0.137258364410011,0.0593947300888709
17898,13594,0.0620614111950556,0.140075227535842,0.0446913076445233,0.002892911224818,0.293908488697619,0.0281288237351233,0.013277388624147,0.221092372901224,0.0146860866132071,0.0454448301086312,0.0726149091995218,0.0611262425202891
8887,10960,0.158978506611779,0.208970126777889,0.0495194881384254,0.00430222736533644,0.0783877533311806,0.0415636255560272,0.066436010089749,0.0962054038418899,0.0245192704418286,0.0721942830877952,0.121182487074906,0.0777408176831945
9170,13853,0.130261044587531,0.158049824696293,0.063524047668711,0.00555813576014032,0.11013009488594,0.100669488644404,0.0490838539896068,0.102218465686233,0.0212653509874293,0.0807455331525975,0.0693367042060875,0.109157455735027
10953,4929,0.118756842556033,0.190189231005619,0.0445294728370549,0.00720655949457549,0.0839679795930209,0.0642417398667019,0.0922210920845596,0.0562987815949111,0.035665574465149,0.0476162581589125,0.139036201734852,0.120270266608611
15538,10947,0.081232826985019,0.0970109966393438,0.0547106088170474,0.00833235824947471,0.190812700480679,0.114471388527204,0.0431891115042103,0.111427291374252,0.00748386530702869,0.0565450472759594,0.138075815440887,0.096707989398895
10275,12404,0.0927268467548047,0.123197922305123,0.0750668297461809,0.00930307428627879,0.115783281574723,0.0560477810283575,0.0323237542453504,0.136177814460843,0.0175957799615638,0.0449360782294927,0.144187697802081,0.152653139605202
10560,16261,0.153454077067443,0.0857804888704684,0.0438040383761182,0.0171283684171476,0.171871315388759,0.0726059155524875,0.0450667682456629,0.122233223074913,0.0273256676794185,0.0512319418938712,0.102555410327169,0.106942785106542
9709,6619,0.144472658196828,0.158233091064716,0.0337486321064214,0.00359879928890389,0.216138855674357,0.0554510313491217,0.0440070008252279,0.0706733457049381,0.0330349804842952,0.0736636322601929,0.0990779094916448,0.0679000635533527
11802,13606,0.0299338640742217,0.0659653573307876,0.0419137269860235,0.13541480022071,0.17813114919943,0.166067186885458,0.0162261771413468,0.105179919461066,0.017426742047092,0.0315418854140158,0.145790485785428,0.0664087054544201
15668,6848,0.155697892182481,0.146391907616925,0.0473739996164133,0.00357401288909377,0.0934361274188129,0.0775764157611357,0.117268780379563,0.0834701511464361,0.0428406168830519,0.0509532580472513,0.0878751812735088,0.0935416567853271
13736,10709,0.10123311240739,0.200674594148593,0.0331958683555182,0.00270431266970712,0.0937979286423605,0.0856255549576751,0.0320699804497574,0.123268843721462,0.0198347163480672,0.0752035673209378,0.138422000950437,0.0939695200280944
11927,7097,0.0771727514905496,0.119496546415674,0.0762424813419054,0.00775783885095776,0.166286027435804,0.066730265484813,0.0380313388762986,0.134179101601422,0.0400120299201667,0.0540142552829603,0.142635729331375,0.0774416339680741
12772,13845,0.126307425829342,0.169998224465072,0.0230387536396113,0.00351454830267788,0.104760448057575,0.0772760735359981,0.0946154879460009,0.0836933813111533,0.0421732953085796,0.0140165026996451,0.175974891278326,0.0846309676260177
14296,13601,0.0675244438743386,0.0864622772891763,0.0309696342136471,0.0443483938653081,0.0663226936468053,0.30644507024831,0.0329835805468835,0.109087792970499,0.0245167991810975,0.0385008040633667,0.0597579089133954,0.133080601187173
14707,11431,0.0792350359781327,0.138667210930971,0.0295068060597247,0.0407628641385977,0.140027217242781,0.12421328214125,0.0523527136389045,0.067165892929639,0.0235392384063681,0.0320285806369299,0.150815624690432,0.12168553320627
11522,12160,0.0300534973915381,0.0486203770698633,0.040328836075029,0.017784595346647,0.168482649069498,0.20655802387264,0.0184072704868787,0.0808587259382365,0.0333966744993746,0.0129821146865709,0.217988923151075,0.124538312412649
11804,14571,0.0119150202173177,0.0183069583019062,0.0309381179304444,0.139198363673955,0.0365617481877301,0.502757024264636,0.00776506390369317,0.0660280153179657,0.00313916333728973,0.0109702743257694,0.0922586172871512,0.0801616332521416
15686,16009,0.0692733984260907,0.0609392078748446,0.0789745818292185,0.0101945699067681,0.208654433756153,0.0976058820172068,0.0340544077991925,0.0996333935350239,0.0337860799578176,0.0565772083116358,0.148122753084166,0.102184083501882
8191,9274,0.2026449808351,0.102626017709494,0.0787920409619018,0.00672924799351275,0.111430022451038,0.103157006809479,0.0564909062082444,0.109575523273628,0.0278566206503967,0.0683895146691293,0.0603789992441172,0.0719291191939583
8759,16506,0.126943317448241,0.148339476614149,0.0361517849031905,0.00352272211152746,0.135710315779473,0.060708583058396,0.0146309114631343,0.161593522184008,0.013254052934907,0.0522689102325118,0.155606996382343,0.0912694068881192
15400,11188,0.104580730133979,0.20088318787123,0.0517092644532091,0.00798010233663799,0.143015559614217,0.0968690522776523,0.0652293616467432,0.052930526577558,0.0216388002667925,0.0381885927956124,0.118600984163588,0.0983738378627806
11091,4687,0.171053928998302,0.147225963425928,0.031331712241743,0.00694171529008824,0.171792397031614,0.0817031121519447,0.0386348252531286,0.0524954825790794,0.0208199911517933,0.0417326949770121,0.121631880649217,0.114636296250149
9721,12405,0.077850215987908,0.103811378394013,0.0752596569651379,0.00501568603808806,0.166684194525158,0.0814338448949758,0.0623448486554871,0.111035997400784,0.0144712064493128,0.0841329275682693,0.117186838642534,0.100773204478332
9867,16021,0.0622220727860425,0.117424007751001,0.103546332587431,0.00697127209548117,0.168234418738821,0.0592298789553655,0.0302520212875838,0.110011107139796,0.0368119722497473,0.0436549485386856,0.118615372746197,0.143026595123847
12754,4684,0.100420256782646,0.220632893884442,0.0362629200451464,0.00675759319722452,0.0854575031727281,0.118572398390771,0.0471821150408738,0.0942895474907501,0.0139043076703951,0.0502304082243286,0.113011349699935,0.113278706400759
16922,10462,0.137176712848059,0.13366546617364,0.054959545901903,0.00469098083555854,0.16568251602952,0.0878397328247441,0.0419148999883657,0.118168483153447,0.0214891923845179,0.0431315254857113,0.0998763056847635,0.0914046386897715
10142,15056,0.0664445548544587,0.0468860323725578,0.0448168895648756,0.0262715624843332,0.0775769626121126,0.322298440310928,0.0252300861845838,0.0758635446166893,0.0254264230363283,0.0403791582728384,0.177005518488139,0.071800827202155
12063,5891,0.166059103531359,0.156360206573289,0.0638260767047106,0.0068278910529597,0.123694204314449,0.0910757781687968,0.0645417465919197,0.0706082185038684,0.036837096218323,0.052342531971514,0.0748114905578647,0.093015655810945
9852,8788,0.181935535905598,0.11216501747868,0.028310131305104,0.00401297941504908,0.155553808095924,0.063686387476203,0.0588245747401422,0.0957178069335709,0.0237331396389024,0.0512373264716852,0.138430146590707,0.0863931459484346
15943,5883,0.0953351561705763,0.081234289671203,0.0157157556574699,0.00318291209926336,0.0259345432574306,0.048116683271642,0.0110394442348635,0.0945355851967436,0.0118049044792965,0.014531530822072,0.534167222593836,0.0644019725456029
9997,11922,0.149309844839333,0.172204771938126,0.0373081593985929,0.00249877991379896,0.0996384956473678,0.0533441726734098,0.0239700669043343,0.163338618829056,0.0252695611006169,0.0689942326050599,0.142693182452596,0.0614301136977084
14443,17700,0.0470695917016958,0.15748794425322,0.0637436436990218,0.0152125120293636,0.167336227290024,0.0795687045049877,0.0299924870969136,0.131509463356344,0.0214546980678692,0.0282240655761643,0.187564036097248,0.070836626327147
9571,6860,0.113239517711336,0.156906108970631,0.0278415096802803,0.00865064490189025,0.144739816683516,0.0425571357824956,0.0587783022022476,0.0846834063972086,0.0160769613989797,0.0733656004801857,0.126315590930815,0.146845404860414
12498,15293,0.0520475592570612,0.0934113353861126,0.0400495290774917,0.00308598566146904,0.224168441285971,0.0688833185107691,0.0232832020984262,0.126768838138049,0.0247996620379826,0.0140985747002791,0.184614200787857,0.144789353058531
11945,15776,0.1211932187339,0.147782267938088,0.052302359935764,0.0157219538961919,0.185865221718951,0.101952347465409,0.0299890512517846,0.0785759054940258,0.0449767927755737,0.060474808187405,0.102580074147098,0.0585859984558097
13609,16737,0.0620820279320754,0.0641651365530694,0.0848220986402491,0.0268598269745536,0.173981149493951,0.125556227861982,0.113219265389045,0.106700619973139,0.0431745826326258,0.0556051561327231,0.0561967641232855,0.0876371442933006
11371,6133,0.0889266099364526,0.131999967785261,0.0785946385226015,0.0226113274393804,0.166275072476082,0.107152120314688,0.0445974907354778,0.0501699751054056,0.0448865185958988,0.0532821822355202,0.119028275161225,0.0924758216920078
14702,9020,0.147238121558412,0.193436942700651,0.0372035120747247,0.00929179648184643,0.144311509875106,0.0818309969405064,0.0494841730422592,0.0814725333329963,0.0296580802263749,0.0601623152756175,0.102720745240244,0.0631892732512617
12225,17222,0.0938693823119438,0.118059046496846,0.0463795085458052,0.0199964267327744,0.143094622514114,0.0868765062337703,0.0504886351664415,0.122979970727168,0.0495297992218379,0.0358895750209906,0.154186436843034,0.078650090185274
11114,16260,0.150809511515742,0.178879834793511,0.0466906222132569,0.0106094350238592,0.138617610130806,0.0633115046786542,0.0653210020858393,0.116700980297747,0.0367718172939978,0.0471145295076117,0.109479666318765,0.0356934861402095
10963,9751,0.14294995647991,0.230681152133996,0.0441818286750892,0.0031965945066329,0.0933004039384729,0.0860052454259131,0.0426367312640354,0.0515826591159888,0.0246238316435439,0.0532446207577584,0.108321463296715,0.119275512761945
10978,17465,0.0314924757042848,0.140587419241803,0.0797806684990964,0.012611878358539,0.146928696062242,0.153050527003432,0.0163258215136975,0.0690676389015467,0.025335295194198,0.0132509546686685,0.250801064063409,0.0607675607890831
10694,14091,0.0197002204695133,0.0387556706314585,0.0394477938169884,0.0155966963678161,0.0797495816357706,0.419919616228332,0.0335102260906988,0.116327519032652,0.0132003798918612,0.00630865502622103,0.0430091494069398,0.174474491401749
15260,10465,0.168048902994058,0.103774530452849,0.033603848692974,0.00261626409715407,0.180951564499033,0.0542890262358545,0.0388677746386104,0.0647369188277791,0.0303168293117669,0.0639710748717782,0.171173373010718,0.0876498923674251
9164,10960,0.15372663799618,0.216172644631112,0.0430574017148199,0.00489449043093708,0.141324709480051,0.0968344396012403,0.0383379642634677,0.0651984390488822,0.0203648719183208,0.0245876295806874,0.095734932918788,0.0997658384155128
11092,5170,0.156105277731666,0.130320140295288,0.0560752217624009,0.0128668123769973,0.13121832002544,0.097232530268151,0.0428029905352261,0.102185640837946,0.0447746351738568,0.0854495686374445,0.0617197662113866,0.0792490961441965
9024,10237,0.15871111281668,0.171599086848344,0.0266761021414087,0.011430826199222,0.110103220112386,0.0601179566470879,0.0590658082836882,0.0980892360978971,0.0218266191406862,0.0533163295703967,0.125134527422293,0.10392917471991
15401,11670,0.116914203415122,0.167830278181765,0.0427504564652196,0.00630516913887435,0.208893315468011,0.0602564895060793,0.0507956197087329,0.0360582022621464,0.0189794562457165,0.0485730189241568,0.185558987502309,0.0570848031818669
14139,4681,0.167004473947713,0.130369344370567,0.0421073865060691,0.00470182810054499,0.152578990599365,0.082952107391623,0.0655371616610417,0.0728415880597516,0.0261596331340673,0.0415444647168516,0.0845901611491461,0.129612860363259
8465,7827,0.113934179647002,0.125026562775427,0.0434498598249565,0.0212941082297853,0.0643593943540043,0.138114553644914,0.134303975360644,0.0318803878889791,0.0319966262787623,0.052939408035203,0.151036697139856,0.0916642468204683
11521,11678,0.117796632773019,0.0786474529784158,0.0471785790691978,0.0195620531846419,0.096082977191535,0.119695055839159,0.0408742639607364,0.0531882670617748,0.0286002732815285,0.0132651622577317,0.208254623035678,0.176854659366582
12224,16740,0.094484220246972,0.182212052228019,0.0388629466935608,0.00867227176984852,0.18988166511135,0.0591535783382297,0.024119110868603,0.0737949556546588,0.0412708542304096,0.0452163322507126,0.177786434866648,0.0645455777409877
15249,5161,0.095089761829304,0.266088616146486,0.0391289325092149,0.00900041442725681,0.0778636120785803,0.0611669816311166,0.0753734134177299,0.0780525026478894,0.041201006586971,0.0638313070993647,0.060952462069578,0.132250989556509
13877,11914,0.149448142031597,0.122559808164613,0.0187792204118562,0.0124102815271011,0.136851326670834,0.137283336416971,0.0375302486932685,0.0734225564686187,0.0155900537176705,0.0675673658966366,0.174375155069926,0.0541825049309073
12204,7096,0.0602373662091017,0.0841400640478888,0.0535925841632555,0.0200626090675898,0.185867067430577,0.0968788624710054,0.027102954249564,0.108568274247103,0.0185145022579426,0.036456117058947,0.199807113625556,0.108772485171469
12071,9748,0.139778842448192,0.164658291686845,0.0253196218083222,0.00432696264865776,0.106407920969218,0.0637649749462206,0.0641877712746854,0.076103894289841,0.0528171175534425,0.0528221645040836,0.138117477872423,0.111694959998069
10276,12886,0.178260822252671,0.13921742617903,0.0793877457907032,0.0149023487216181,0.0970112825263535,0.0821155818480453,0.0652607766800788,0.0258363359909814,0.0493404450487579,0.0941961075896917,0.121964659075074,0.0525064682969957
16510,12150,0.152838129782324,0.193656239733793,0.0592960358747677,0.00472142699377676,0.112820696924253,0.112894672742052,0.0558644834029242,0.0569053504825898,0.0252454103915241,0.0651036547184367,0.0931741500455624,0.0674797489079954
13314,7576,0.111974302584346,0.209600335346577,0.0504153616027675,0.00737048061305508,0.16289951297462,0.0357385605527585,0.0719236023280683,0.0610061901403888,0.0329262152771663,0.0265982519218934,0.109020638720876,0.120526547937483
10125,6377,0.146951038606046,0.241286599271576,0.0299917583849237,0.00711895750750065,0.0920408653290218,0.0397433361166936,0.0518987863770651,0.0718043587689615,0.0279656721194001,0.0687194820051018,0.1133114308006,0.109167714713109
12624,8783,0.127406947717075,0.190179625458035,0.0433091810783564,0.00456445609659951,0.133862812301812,0.0647046770785575,0.0613533248934196,0.0916393271827977,0.0293575333952697,0.0615278412426897,0.0977254958960665,0.0943687776593216
9028,12165,0.141745859546906,0.213727786643759,0.0303290465452572,0.00520289538358251,0.0971192145248309,0.0904270490520987,0.0265272922063792,0.0720068143970305,0.0205752175156034,0.117569207296524,0.0970934905468261,0.0876761263412028
17899,14076,0.0984239705125555,0.140365362660911,0.0628260460392304,0.00506471410957274,0.131507858650529,0.0694176066131908,0.0228105268380518,0.172132051662229,0.0210746597625134,0.0518686900248034,0.122623448135461,0.101885064990952
14569,11672,0.0550294136762276,0.091824049977685,0.0496718825024311,0.0298582028469388,0.118451072574287,0.316891151472907,0.0630043972671437,0.0468836890914221,0.0389589842465224,0.0289210885162985,0.0716635184897829,0.0888425493383543
12502,17221,0.106492884782902,0.146087520966139,0.0505090507622253,0.0241848989226166,0.141135277957984,0.114604770613281,0.0197619845086068,0.0562577431425102,0.0482619276616485,0.0518921540844445,0.163980091523494,0.0768316950741489
9586,14093,0.0458477351137571,0.262451352599351,0.0393370486749161,0.00234060314895605,0.123228877989382,0.0684915379777947,0.0320153326349852,0.149313423887811,0.0202268688907391,0.032635083344061,0.120369088298197,0.10374304744005
17625,15523,0.032899532241962,0.182269493482585,0.0358768470342697,0.00540873477145729,0.123871909256712,0.0233584267239795,0.0274753771773714,0.203029622163374,0.0141724575871407,0.0695894921334625,0.226694929597674,0.055353177830011
9160,9031,0.177697606303597,0.202834901033783,0.0412097344983966,0.00650974242119361,0.142240297971437,0.0878453371828098,0.0569493408972118,0.0174458104404354,0.0391128195843707,0.0901150250194189,0.0791137167344972,0.0589256679128498
18170,10700,0.0434865314592791,0.0578761442028618,0.016600567044294,0.0351630651158335,0.0911195330499873,0.0192971195449394,0.0104825848991872,0.0664551961741252,0.020608567812476,0.0402054979543948,0.565824582952273,0.0328806097903489
18176,13593,0.0689671328192722,0.102406925319503,0.00535873393328986,0.00510378623350365,0.0265664035129426,0.0346312440680679,0.00506374814359673,0.090477049183436,0.0224202458312649,0.0258454373610234,0.562377479270037,0.0507818143240622
13862,4682,0.138700454985089,0.155706937911451,0.0587831886172754,0.0132911171375876,0.122981068718004,0.0842728031848121,0.0564616664668071,0.0855024110204093,0.0285900362735124,0.0592107443756774,0.0966731069582358,0.0998264643511391
9857,11199,0.0553235190841273,0.0636185991807965,0.0658330404714406,0.0384337590000403,0.144542993828155,0.0804479071913741,0.0777285422003322,0.0435836617029811,0.029100986857049,0.0857257779443128,0.237777864031066,0.0778833485083255
12918,17461,0.0997705985580156,0.0968088547729893,0.0393385389947787,0.00989366106715715,0.15176007603106,0.106260380745904,0.0394510175162238,0.113430961697886,0.0328859327354981,0.0206171687533191,0.21007813794598,0.0797046711811887
12357,14087,0.0710194130387538,0.129421046492624,0.040467706775358,0.00962352218104164,0.136639532666793,0.116250328488297,0.0540772447350353,0.0903569400864839,0.0297814482807147,0.0287493859586623,0.206537303652616,0.0870761276436206
16516,15043,0.113377637458534,0.148673047755158,0.0588814304294056,0.0166178676314475,0.182474309664158,0.0510438899784601,0.0231308963414642,0.107214206128707,0.0214098209848462,0.0437922878034524,0.165794062346634,0.0675905434777333
10141,14574,0.0497062348402102,0.107190294214995,0.0754192600605435,0.0316695774495687,0.0656080965990778,0.237387913326129,0.0214668716831222,0.0805107856474069,0.0386341482727548,0.0111581541153297,0.170681519205257,0.110567144585605
7639,10722,0.16384237128322,0.104972776962572,0.0496854855694862,0.00565245532201331,0.126268547476711,0.0559590981047028,0.0405563025916218,0.0732800609924668,0.0320929958009392,0.0870213726341491,0.217909609177403,0.0427589240847138
9729,16262,0.110907424701615,0.121115574568566,0.0456080373102846,0.0121538898756957,0.221175546372064,0.0395970242666627,0.0309094624474366,0.111182281619063,0.03505084246621,0.0364936793071961,0.130012044637569,0.105794192427637
16503,8775,0.196747695041938,0.21509134657549,0.0344240288185282,0.00315992668615373,0.128123824917035,0.0651927373277842,0.0579776389564216,0.0484018062939658,0.0273927996246137,0.0562524528818617,0.0894018602938879,0.0778338825823211
9988,7100,0.143249081738113,0.132625220638817,0.0496292885322881,0.0154765152878293,0.0912709960056012,0.0614772734852107,0.136148499293278,0.0972139881911323,0.0319578368257097,0.0621621939315413,0.103626978052355,0.0751621280181241
8604,8068,0.12323164974722,0.164829399332244,0.0560442997758402,0.0130383333135695,0.102527264139704,0.0771935731879213,0.0667783671136899,0.0583930214303563,0.011490288319691,0.0316753431800196,0.16955951464941,0.125238945810334
13472,17460,0.0215823579182267,0.0876515727529669,0.0964672892935796,0.0500680587741245,0.245887230579024,0.118914094531243,0.0107105839985479,0.0879467712256493,0.0266494733310652,0.0363543918330699,0.110013069351031,0.107755106411472
17338,10702,0.0778086694067005,0.234625966214567,0.0527176148162476,0.00469836576829609,0.155098167742031,0.078002113442739,0.0475258886749508,0.0589948716276365,0.0260043319710543,0.0228638897079782,0.119037534876392,0.122622585751407
15948,8294,0.202450900874865,0.12505342590473,0.0307996237487479,0.00648963281113616,0.09761550920583,0.0889222655459062,0.135264988040646,0.0433837878992617,0.0170800584496501,0.0428327986357142,0.0996701179432895,0.110436890940223
13053,15774,0.0857801353979135,0.196833219793755,0.0699355409334377,0.0389713707486672,0.0924185861663471,0.0804540329267183,0.0349458887214282,0.0634247888246189,0.0332946081847356,0.0808413762540668,0.129905642155541,0.0931948098927711
13740,12638,0.142997089925135,0.216542912639707,0.0470324740852861,0.0122809319473098,0.111096986429033,0.13962276357741,0.0605493837301633,0.0722994407288214,0.0258506623858828,0.0693635175183553,0.0823061284241198,0.0200577086087768
10406,8305,0.0830143873189798,0.141939700995848,0.0296509489414059,0.00471034796676289,0.168101925987095,0.0768667173193854,0.032486687738213,0.0611291261612798,0.0366374124950174,0.0370632963999117,0.225830338162138,0.102569110513964
10556,14332,0.0188430128732873,0.0383639330275844,0.0366219662898857,0.0586555502323977,0.036950412348787,0.610975075689613,0.0156606034437569,0.0667735737334938,0.020581710337985,0.0127275150734559,0.0399617088192591,0.0438849381304944
8194,10720,0.147854967531797,0.275844973235479,0.0298307971938074,0.00742956989263957,0.128885169157335,0.0701110448125747,0.0757325546875081,0.0347772503989955,0.0346396424752103,0.081685791054489,0.0628317595715066,0.0503764799886578
8746,9755,0.139340778534238,0.199525497557861,0.0299507710486697,0.00321225046548325,0.129067674343432,0.0582370167181797,0.0334193965809131,0.101174230980696,0.0277472372732822,0.0675725877403933,0.0958048882074166,0.114947670549436
12901,8782,0.130718195298937,0.150323453021901,0.0590390144223726,0.00681842540206611,0.175114585695355,0.0802331631359786,0.0515605705366563,0.0532285879701538,0.0344656044543334,0.0443803507967443,0.12617683396425,0.087941215301251
13324,12398,0.133278337184771,0.181860438378956,0.0499272250931174,0.0039349601153956,0.122743878014067,0.128989253392703,0.026675546838953,0.0824526966331437,0.0151516512389396,0.0543614810029876,0.132170906276995,0.0684536258299724
12634,14087,0.118545294845003,0.195991577842482,0.0349534023429084,0.00834235000722969,0.0842428483178995,0.17657608603956,0.106379635724925,0.0452266724524024,0.0291019655506156,0.0503392406786425,0.102061697948132,0.0482392282501998
13746,15531,0.0831253064526658,0.130136200836894,0.0386782075894449,0.00527731113877597,0.143104880458301,0.0777168593802287,0.017893661617586,0.112975240074049,0.0304960668763687,0.0279129084886354,0.1803029725416,0.152380384545452
14990,14323,0.0736026340103859,0.158798823842156,0.0672646584828594,0.0131905854665925,0.140917660079944,0.102609949138909,0.0492064914624118,0.149596730175287,0.0532976407856616,0.0633294334503019,0.0781653938314995,0.0500199992739906
10676,4929,0.190533831149844,0.226651318182096,0.029287707893024,0.0050680434353952,0.0749841932797276,0.0544647126667567,0.0677373086592522,0.0777226057177444,0.0399346773540549,0.0708843497033635,0.10066614508834,0.062065106870402
17483,13836,0.0710799131020399,0.151491227459807,0.0926765356641724,0.00459329138017974,0.132694903289552,0.124045788144261,0.0129755677621373,0.216542980371825,0.0125254754899009,0.0232107374426185,0.090863788128277,0.0672997917652289
15542,13358,0.215074723462967,0.142807857752782,0.0267262707408244,0.00184254057812782,0.096708284620723,0.0835541267027607,0.0172535360439756,0.130920035965641,0.0472643382376067,0.045197084115505,0.146322691975394,0.0463285098036919
14147,8539,0.141018791068772,0.163035809642083,0.0161246098746498,0.00186731808096699,0.195696983808886,0.0442002264899104,0.041653956532692,0.081831428185407,0.0340958990680438,0.0475817462281379,0.116237608188261,0.11665562283219
18448,11182,0.02604965164568,0.104165959227994,0.00813469704525639,0.00616586621149188,0.0910280161909354,0.0214622770511602,0.00723140510630871,0.0425937219782277,0.0163975836706955,0.00681574541926606,0.572345626579348,0.0976094498736359
14978,8055,0.178442246437808,0.204036924740382,0.045881539709474,0.00441453362752783,0.107903550651792,0.0549794729801652,0.0923295007340607,0.0686604819798307,0.0199510641707616,0.0560122275134534,0.0973023774859128,0.0700860799688317
12061,4444,0.142191609770227,0.165100529761874,0.0258721908993591,0.00946968835435333,0.178534815294098,0.0481381796855902,0.0934076043730611,0.0753915631492981,0.0205222105341922,0.0411612606701467,0.100759940064188,0.0994504074436127
11949,17705,0.0703610943248019,0.198848294395066,0.0202281497879554,0.00375377788203568,0.107432243597027,0.0777159210225405,0.0202473191447077,0.0950047847919199,0.0214813648433997,0.0318006875575706,0.292125874205801,0.0610004884471747
11531,16500,0.0698927882607844,0.12534696067789,0.0379892830569371,0.00437874085516441,0.186020390963461,0.0689371443156845,0.0312901325209532,0.137430481563578,0.0188186319739845,0.0346811604374522,0.168054457408067,0.117159827966043
8615,13372,0.129632307253614,0.216410478585691,0.0339879968617698,0.0120278789387947,0.0897178812246468,0.0578188923387054,0.0824605498500147,0.0784936323082484,0.0486422005013873,0.0463159401301282,0.123698653051031,0.0807935889559692
12501,16739,0.128050625877147,0.0979582051743545,0.0349267470056661,0.00793380314837392,0.189678021031608,0.0398174406210714,0.0416663669909255,0.0531407545253983,0.0339935986570632,0.0376409398662598,0.259992014736984,0.0752014823651487
9311,15058,0.134694618897579,0.206006527947768,0.0112239204658128,0.0116081904296326,0.134046186117601,0.0963715951204648,0.0640270921411984,0.0565095408103527,0.0367344143095643,0.0506450145138746,0.108188739704819,0.0899441595413334
10691,12644,0.115850555006482,0.172674569381246,0.0403610084637126,0.0133707427046944,0.111821686093393,0.105548696665739,0.0465860594675465,0.0536591747040399,0.0377663211526089,0.0622775395555666,0.153937154719629,0.086146492085342
14164,16736,0.0542474439966841,0.118005648578849,0.0935492277713036,0.0323361966982422,0.188805823848,0.123156066929539,0.0234375264040366,0.0869128826786129,0.0263737750215818,0.0503273123581058,0.114098963647144,0.0887491320679004
14847,12154,0.048824597084146,0.0452581511630789,0.0226088119810512,0.0213262895951728,0.0458128156448094,0.617818136244559,0.00601649669243249,0.0619906546436605,0.00773204466226218,0.00467120783336095,0.0703978842994799,0.047542910155987
14983,10948,0.134323008520374,0.127613489364268,0.0509661798983502,0.0139194188405132,0.128779916697051,0.0599744000230278,0.0368617037921884,0.0836846206851784,0.0422893246767466,0.031894525748599,0.146635351165534,0.143058060588169
8890,12407,0.189359753341069,0.159921245904037,0.0775105265826365,0.00942301897084927,0.108782864087523,0.113603522750218,0.044850464299619,0.0651950663940715,0.0174760385143247,0.0866329327934403,0.0696225296939534,0.0576220366682581
10970,13126,0.0439989097363105,0.0572927401938328,0.0429358896509804,0.105676188515212,0.136553569111184,0.311285480163025,0.0225128743707711,0.0766549546263129,0.019646813765227,0.0361888690809227,0.050489092675163,0.0967646181110572
10675,4447,0.180027724038213,0.135688351760311,0.047067137113347,0.0045553770027433,0.169364096277348,0.0694158684132478,0.0476919312704269,0.0822395628531784,0.0198139531454846,0.049300198221798,0.109968184140056,0.0848676157638469
13875,10950,0.139916985089775,0.124907559308105,0.046993916685409,0.00232370856155559,0.148615846299915,0.0597064152803951,0.0796425727674921,0.1160806890922,0.0139755336206674,0.041678023820955,0.123090296323326,0.103068453150205
15251,6125,0.15527589853001,0.159379995185477,0.0484415367844848,0.0060336140281961,0.16617993565878,0.115384335821778,0.0653283118122961,0.0864149172902997,0.0229937282815101,0.0292589541509155,0.111443722495352,0.0338650499609
16505,9739,0.0794503500280009,0.150469735785099,0.0439683885612356,0.00250537626320619,0.163645713094861,0.060185988709835,0.0160229907134203,0.132279014043855,0.0120191394016328,0.0254926905833822,0.210641929789028,0.103318683026445
14973,5644,0.194927220501389,0.150073927338617,0.0311297827378152,0.00268044982100291,0.105895539991853,0.0908449987797831,0.0425840501401155,0.0582691630501599,0.033975009418684,0.0330515051057711,0.122283297686233,0.134285055428578
10407,8787,0.105599784380971,0.103307324462994,0.0530280964729724,0.00352692108473852,0.187670222881099,0.068333940993848,0.0686154148442295,0.12670881515456,0.0212466385157496,0.046523071740001,0.103530232711845,0.111909536756993
10960,8304,0.161497674632446,0.0922763471818509,0.0329315547356199,0.00332037615035904,0.170540663676373,0.0836209619183615,0.0711607767117238,0.110624386265049,0.0333482937897494,0.0464512082366885,0.0888354150634266,0.105392341638352
12766,10952,0.117823968493971,0.133179468308628,0.0483069109866804,0.00478918261943174,0.134844881481222,0.0879194783499904,0.0476687415824402,0.0771839439923743,0.0198188822584985,0.0659659178037957,0.118999082172955,0.143499541950013
15809,8053,0.154385794655765,0.22460760788922,0.01812752437655,0.00128149449988416,0.148853872457231,0.0834431148251736,0.0446331328155699,0.0645303195986044,0.0094572804489382,0.0581162182107119,0.116255890315256,0.0763077499070959
9158,8067,0.168643143213714,0.102738624241002,0.0313804700411799,0.00954904053325579,0.188731826387716,0.0665223715971349,0.0416681708659109,0.0852374337214926,0.0198260452975507,0.0558746726548223,0.129832554769183,0.0999956466770389
9855,10235,0.160756061324351,0.146779444306194,0.0394120968021005,0.00719174906551912,0.18230384033805,0.0621404136576029,0.0441613287695471,0.100545217086793,0.0352682003512433,0.0600240453385248,0.107109500462436,0.0543081024976375
16236,13597,0.0684223288767582,0.148703875005239,0.0774006377339214,0.0134977159872492,0.155324667180044,0.146797149948666,0.0404790684406975,0.0766021951333372,0.0295880159213768,0.0273013065983951,0.168440900747367,0.0474421384269483
12068,8302,0.114429077331616,0.159383971120645,0.0673800917846601,0.0133001930932489,0.114548815313431,0.0814547442893296,0.0454467404603574,0.0853783582251198,0.0366784380503953,0.0357115706309173,0.137364553590251,0.108923446110028
12627,10712,0.132072638399393,0.107867619539376,0.0415389114769291,0.00192836277233072,0.133635481805044,0.0886061051148942,0.0327953017357107,0.143919334970135,0.011701679985315,0.0340020739942015,0.144474640093933,0.127457850112738
10422,16502,0.105832787287898,0.0971926854490274,0.0572073068728913,0.00164377911955685,0.162727602697602,0.104231082853573,0.0225447329469853,0.13549415433193,0.0272238461959047,0.0262940502839174,0.117602296000241,0.142005675960473
12353,12159,0.0863314789606327,0.0938128683115527,0.0353926957895051,0.0194693742515026,0.0959277762737588,0.154994536679711,0.115413704848519,0.0879052270200318,0.0483966661608025,0.0526670129669955,0.130479062868043,0.0792095958689445
7915,10239,0.113032246663131,0.104527049052256,0.0646835749036063,0.00697861155894537,0.138731304508161,0.113775406531949,0.104648995737837,0.0732539143139235,0.0207679484300641,0.0258916075753562,0.172129115623854,0.0615802251009162
13889,17701,0.0623370717961863,0.16506815988875,0.0642078722902147,0.0260617480529621,0.179528395240486,0.0801653197400296,0.0423817142900679,0.094958793811365,0.0310259901121405,0.0528786229305711,0.113489509432323,0.0878968024149036
10549,10475,0.0922904594404567,0.247125770614087,0.0575267764495454,0.00684534381987493,0.172185376556726,0.120643989562356,0.039662587685603,0.0674032497131747,0.0315449404301404,0.0359697872764652,0.0647513272706416,0.0640503911809288
9707,5654,0.0693306099759781,0.0738391608687575,0.00517354423085193,0.0212352705691905,0.0591338359705632,0.0195345400558864,0.602712753666707,0.0468002686852162,0.00611580159983029,0.0273217604995595,0.0368931337141032,0.0319093201633563
13046,11916,0.0186522163395496,0.0875523207166402,0.039749200797988,0.0461926292177348,0.0774360845483531,0.193139243020175,0.217089085385995,0.0670985256425668,0.0168833957122676,0.00799125689464746,0.158395470805909,0.0698205709181733
13445,3959,0.0418299681494538,0.121147674711168,0.102701336558662,0.0258319167997863,0.122354827928486,0.110766237097891,0.16848242935342,0.084589911921109,0.020383434701977,0.0121824895412956,0.135996423729173,0.053733349507578
12752,3720,0.153015272981477,0.161148761300526,0.0601044800457675,0.00854572594543229,0.129444830717274,0.0666710456069743,0.0561898414460439,0.0725256697166609,0.0339375303739581,0.085285299439624,0.0986044308917115,0.0745271115345504
8611,11443,0.174813354276925,0.172595885441899,0.0230513788056418,0.0067698550724964,0.143555020175468,0.0481299867516776,0.0657219301117207,0.044912190123005,0.0342335135776842,0.0968230066524576,0.129671759736136,0.0597221192748886
15545,14804,0.105270705463148,0.0815854802338766,0.120116205578026,0.00265387256072546,0.128915134228158,0.112067400267808,0.0257197966189943,0.117910450490839,0.0191201016016922,0.0600952688742345,0.121178533641535,0.105367050440964
8056,11444,0.224345040035384,0.124170825106666,0.0501629017547934,0.00855728763827005,0.115296022661278,0.0937071104307346,0.0664501674874792,0.103826096964259,0.0301425049067119,0.0929778712464373,0.053687439529996,0.0366767322379911
11928,7579,0.121659036609905,0.173896725203231,0.0400586621059281,0.0277962869983668,0.114741675245687,0.0562654829952661,0.0485661104395601,0.0925080136067424,0.0625341547180447,0.0602822129253524,0.0938744851492989,0.107817154002617
13171,5406,0.164205768026939,0.254747580793418,0.0210320511283449,0.0101025068504288,0.142960588089769,0.0571686142774871,0.0701916176983377,0.0364305798657287,0.0268734539885638,0.0455867648783112,0.0898563205246109,0.0808441538780622
12490,11435,0.162027563297125,0.130504437040215,0.0422933763736817,0.00594520809965802,0.104085627916804,0.131267292393399,0.0499646947221894,0.0800330587105025,0.0260314981864905,0.0643306933639653,0.132728663279858,0.0707878866161117
13749,17460,0.0484346922028488,0.100823325655239,0.0570691776762651,0.0278679792582403,0.132523209665751,0.0800328662792368,0.015234593563105,0.124650522079405,0.0276008663227259,0.0404963640593315,0.237399147766438,0.107867255471415
14018,13120,0.0952616051903469,0.198568619787493,0.0143443869571719,0.0438851778659112,0.101380738504905,0.10805036581698,0.0365095330803083,0.09092784170585,0.0213537636847748,0.067289414065943,0.113841992221949,0.108586561118367
11944,15294,0.0428043826087053,0.0633993000085973,0.0688429108145634,0.0702316090813808,0.111615399213875,0.1930775631489,0.0214717596969026,0.0966175426496269,0.0455852911793588,0.0466393640801646,0.0998352322414565,0.139879645276469
8331,9997,0.166090315119397,0.105672315861415,0.0438425038790695,0.00352542556731238,0.0927926252104588,0.110092498291302,0.0616829974672713,0.088578922873312,0.0261414301042781,0.0582349312583115,0.14450285196788,0.0988431823999933
17342,12631,0.0373974652865292,0.0794587373446336,0.0362403888632814,0.00436494248009089,0.186399661646374,0.104397967312525,0.119153614961317,0.0980937366548787,0.0168093869854309,0.0327950869054043,0.190453434733193,0.0944355768263407
15387,4920,0.0949401020141816,0.188214627299906,0.0497017385913696,0.00383952747327896,0.134453416050884,0.0442244350833089,0.0650743662134989,0.112906784978535,0.0206651420665108,0.0510873894505735,0.16290215334934,0.0719903174286123
18311,11906,0.0332957702119399,0.0656462689988376,0.0349039880812023,0.0412837018660433,0.0630446942547333,0.0585195107326075,0.0127792055044583,0.0574776069693463,0.0238725800604557,0.0401756616043569,0.504552200885036,0.0644488108309827
8464,7345,0.125331788251694,0.161666288037449,0.0369063539450598,0.011408788261134,0.120281317635482,0.064028061338613,0.0859914971508221,0.101255109044219,0.0416889483821638,0.064692655796444,0.10710516727718,0.0796440248797398
18451,12629,0.0847882889802756,0.182172579893121,0.0270407250406614,0.0133319872349851,0.0834045411727546,0.0533336519863236,0.00653123638487681,0.0745918431487127,0.0149391988872069,0.0208056506460148,0.386309253943383,0.0527510426816845
11505,3963,0.148658679932985,0.140282006963783,0.0516914864453655,0.00799918511506616,0.180676882273414,0.135730217593386,0.0362386779503016,0.0731306917660959,0.0172052974574253,0.0426629055075242,0.0902395268065192,0.0754844421881349
15684,15045,0.0905406462761236,0.15958289452232,0.030207851924615,0.00821380707519243,0.129069752931433,0.10979899391845,0.0182808073444485,0.226234010551304,0.0216612465469824,0.0210053598223774,0.131174107583478,0.0542305215032757
8063,14819,0.0361730445159902,0.125369889680769,0.0497809142923876,0.0348645036243484,0.0825255883774535,0.0924264948593108,0.125154735486691,0.0501658928674719,0.0195840912234853,0.0291897213837096,0.285947047769233,0.0688180759191489
12087,17463,0.122277186184448,0.131321710892206,0.0598181748504244,0.0100867554471667,0.145096018198844,0.145247915199324,0.059984654685356,0.0627391962265817,0.0180683982843747,0.0319862414162712,0.116567922872071,0.0968058257429332
16923,10944,0.109570915290739,0.130078686613921,0.0638764614614568,0.0145486164807858,0.221508995720811,0.0885345427017314,0.047319734165549,0.0830021028546225,0.0334760328929111,0.0536167891493698,0.0715598905579117,0.0829072321101909
14435,13842,0.0260349376025357,0.0751735997595599,0.0281753460120383,0.0496876684131096,0.0998923559949575,0.359210868259651,0.0100313779899032,0.0305991435270242,0.0254851333033189,0.0174031234224009,0.198171094024691,0.0801353516908099
11103,10473,0.12378031424569,0.115886543467059,0.066560860490327,0.00882441224033172,0.148441629417971,0.115946223043102,0.0463805648082091,0.0708718735303052,0.0311134663799064,0.0307405123266887,0.151717888671213,0.0897357113791964
8471,10720,0.168945891394885,0.181132079915969,0.0465084171852295,0.00466037291823615,0.158422752776518,0.104848674510173,0.0417199824456647,0.120243644628272,0.0192014586534366,0.0572687345358799,0.0590190114356422,0.0380289796000937
7776,9998,0.129570665304832,0.202352907105148,0.0475761642327664,0.0168880432157751,0.0653998965864482,0.0553271767229074,0.095154180277753,0.0529279225045249,0.0190009719840739,0.0697628020270869,0.173122600971986,0.0729166690666978
15666,5884,0.117386459946707,0.133491171531917,0.0363851610108188,0.0292194159443639,0.0985698554547267,0.0483971470524431,0.211740799824169,0.044408360391116,0.032750385275061,0.0411909949657276,0.147445963257316,0.0590142853456336
14162,15771,0.0991075573897039,0.170131385825775,0.039905044985104,0.0154169481796432,0.157067289965188,0.148686916190146,0.0396703658293543,0.0577028957771407,0.0216144868851365,0.0446661813988288,0.124134190478004,0.0818967370959759
10826,10474,0.0851217700457382,0.0862725474216244,0.0485849015605819,0.0137365030467847,0.0835668479597849,0.109128744757135,0.14261103917558,0.0843640714174942,0.0270971172149772,0.0854652297585051,0.178348490825295,0.055702736816499
16928,13355,0.26275527499697,0.0937611166947721,0.00936520387596371,0.014150723126349,0.0686229619797852,0.141839734818252,0.00229629331315207,0.0936035865768871,0.00841154558012736,0.08085238590734,0.0286105312551712,0.19573064187523
15118,8778,0.181144940958492,0.217203916234758,0.0355080976793359,0.0104562536275748,0.140674239602003,0.0686157910190839,0.0821897695240327,0.0387120705426168,0.028509235643314,0.0781377570288035,0.0698654806245521,0.0489824475154341
18029,9495,0.135926281760147,0.125936845225082,0.0206386918672291,0.0063260341016372,0.117416605965568,0.037921368188698,0.0159930078928304,0.0780742202824256,0.0131055595359713,0.0125601865240372,0.311278418497534,0.124822780158841
16916,7569,0.14289550767075,0.193828414273947,0.0160246420032404,0.00464657627505529,0.121485905606686,0.0257872438743439,0.128710935658444,0.139950511895723,0.0233751954594713,0.0417544076717653,0.135900013499883,0.02564064611069
8058,12408,0.189299172942647,0.106444469040083,0.0479195527067454,0.00418187026414046,0.146202533469077,0.0534832332324193,0.0324050509964545,0.0883437094587941,0.023011838959357,0.0801067366631654,0.126396040149788,0.102205792117328
15824,15768,0.0786219813839775,0.182429977926815,0.038815095381189,0.00340606080196975,0.198663665993109,0.0813804138627403,0.0231782210192938,0.118921277330884,0.0606620805544071,0.0455333523984399,0.082211147847745,0.0861767254994308
14975,6608,0.126814511692438,0.145496113541991,0.0280259501378775,0.00988033910455799,0.201002833774958,0.0592330799423462,0.0458708647541,0.0958932015491372,0.019918061701662,0.0301076276831389,0.120612444126607,0.117144971991186
15114,6849,0.106301696841832,0.134487524506777,0.0702559443542151,0.00674718451284503,0.164133794761786,0.13854443378157,0.0289522824482244,0.0761844851292661,0.0232930653302216,0.0247547471378965,0.13815885110174,0.0881859900936269
9171,14335,0.120156039943226,0.265267090773996,0.0258504561575933,0.00292746718885379,0.120110420628506,0.101954517104168,0.0593495423466767,0.0789300499541772,0.0247597550144141,0.0600238120598198,0.0519072228333855,0.0887636259951843
17890,9254,0.0984709189275881,0.099457212772782,0.0204990527891743,0.0030133725082576,0.0729366227388309,0.0535237142938237,0.0152035259458113,0.0292756083407358,0.0127985409234075,0.0114363017470912,0.543098012546286,0.0402871164662114
11388,14330,0.0167410868899691,0.0333732131137377,0.0407445478267754,0.202847550100837,0.0272588497367119,0.515653340448592,0.0251753930960467,0.0271654292389042,0.0187372446840702,0.010311261970227,0.0272349373546253,0.054757145539504
8337,13372,0.211267591517015,0.203613382551616,0.0345724032554656,0.00881767013177626,0.0785067724678268,0.0714827795264362,0.0720191410013139,0.082628842789549,0.0327179519906868,0.0694138046547141,0.0551329849257656,0.0798266751878355
13592,8058,0.156566359926245,0.154480365218014,0.0279973460978883,0.00812918801789259,0.194837511727337,0.0594605608899793,0.0486454799507276,0.0986261074051603,0.0370775931350285,0.0402697441092467,0.0872145430703793,0.0866952004521016
8885,9996,0.157467158912896,0.18617619081549,0.018642156444417,0.0126493259442392,0.127940782116405,0.113647651311391,0.0811113561462078,0.0577643963238307,0.0167083333983663,0.0849191670554407,0.0547089357217062,0.0882645458096097
11105,11438,0.17189350733706,0.192452182271144,0.0300672620293373,0.00600979182872742,0.112059621638176,0.0960634437706297,0.0200064350021524,0.112848258715958,0.0373251538279086,0.0380206060917209,0.137404563026547,0.0458491744606388
8193,10238,0.126281099467141,0.187245675799529,0.0354896617453533,0.00478534535682842,0.0946474593888662,0.152248448905645,0.0717227852996265,0.0393508719208384,0.0224064104575424,0.0614282555856873,0.110667123846791,0.0937268622261521
10828,11438,0.165487714585541,0.133040531136364,0.0653252536136956,0.00586152351258383,0.0804239162399078,0.107362929130599,0.04531862221442,0.108857354298078,0.0597080474124273,0.107217991235542,0.0792812622375219,0.04211485438332
8462,6380,0.120635434432244,0.152970359788032,0.047226423562146,0.0164394384216664,0.154979067229448,0.0885725390254785,0.0587739753804639,0.0663840482295466,0.0201117578563819,0.047444729546733,0.148965439419617,0.0774967871082428
15256,8536,0.130544416403347,0.145321544290581,0.0606793010009694,0.00836211940147585,0.156872760930418,0.0858572914649739,0.0582293312438558,0.0629063610995891,0.0452253515247782,0.0410593164879712,0.110543504470693,0.094398701681347
15816,11428,0.102419863691682,0.166206859065776,0.0556248618651873,0.00580520199525906,0.166761630674602,0.0325841892375658,0.0526214769453158,0.0521593273564539,0.0227814939435355,0.0511327878986803,0.19451094318437,0.0973913641415729
16241,16008,0.0785132242721084,0.155039025416201,0.0376733429267312,0.00262556911793387,0.230440257190459,0.0375949292532334,0.030241016915396,0.152019974085177,0.0423733258363252,0.0774659760458768,0.0759251690693685,0.0800881898711895
13051,14809,0.0177283143399056,0.0343424719531133,0.0249307794448271,0.0189260832213645,0.0435128318022046,0.521872625680032,0.00866422093533373,0.0330674405506272,0.0130276791127135,0.00469327821117742,0.212596888216824,0.0666373865318768
9568,5414,0.156290987626936,0.16092007486899,0.0393957586648589,0.00955255682778424,0.178239180111295,0.0633809458443821,0.115434811476876,0.0630987802664252,0.0267598125887739,0.0412341547775141,0.0690255128613772,0.0766674240847867
16515,14561,0.124013676069197,0.157372616778519,0.0491228165844432,0.00525983675846433,0.127959408499784,0.125146256283019,0.0395161547731483,0.113423402761949,0.0324432538340681,0.0475009357668544,0.130520699834317,0.0477209420562365
14016,12155,0.0991682276733436,0.118909996445432,0.0350959130259805,0.0197096570236369,0.128817992127253,0.0872453360800115,0.0683004091016482,0.0898959995742813,0.0200710602411555,0.0678175394667552,0.134137703336919,0.130830165903583
14304,17459,0.0917748219160135,0.130376819814086,0.0352303165056348,0.0014914662987626,0.15108077471644,0.137713910065602,0.0219579345067115,0.14291593968028,0.038688391214268,0.031404217848949,0.149711659032121,0.0676537484011323
11100,9027,0.140846526789431,0.192135357498302,0.0394779218894477,0.00885949855608653,0.161517774728787,0.0591445849125539,0.047039358398356,0.0828207295280339,0.0371346543446518,0.0574965861434296,0.0969396357882832,0.0765873714226373
17476,10461,0.183024903694828,0.133202563512458,0.0236665385110479,0.00360023418559986,0.120361691238679,0.0672262663648465,0.0949869864370376,0.107487384848808,0.0277998706548981,0.0364485126721874,0.137168201994016,0.0650268458855944
10138,13127,0.072753752490379,0.149946474162125,0.0663415151749876,0.0283455536180251,0.0756634002273403,0.189584510491127,0.0205405650540285,0.0840201210842993,0.0146697510228549,0.0601473261445366,0.191254818828412,0.0467322117018843
17474,9496,0.162668854690876,0.140749611125537,0.0294687531701054,0.00798719311873799,0.0841399495901662,0.113117251642732,0.131556990797683,0.0399018677920028,0.0255491577718345,0.0338779974337254,0.143579950041793,0.0874024228248065
17754,10460,0.163426344964414,0.184029659812572,0.0504193400687608,0.00595046139218019,0.125015525173784,0.05784958419156,0.0692485098926405,0.0715916388318479,0.0312111855175049,0.0456977247288869,0.109819103067155,0.0857409223586946
9163,10477,0.170739355230858,0.240211883743645,0.0233085610749751,0.00371924589295229,0.127084290558311,0.0678598992767849,0.0588062406208637,0.0777198395673101,0.0216058141647589,0.0779153335006821,0.0912493685324456,0.0397801678364128
11379,9991,0.15964275382716,0.195953040194141,0.0184344700566153,0.00653729654665547,0.121504994933568,0.053097057567459,0.0474572823381925,0.0649564764383937,0.0396004567345927,0.0545349986830218,0.135987564458688,0.102293608221513
12891,3960,0.0980955767717835,0.117307562087307,0.0556838497458805,0.01146525607001,0.17482864786632,0.0364577378682872,0.103774921104632,0.0480506720922985,0.0343565297619439,0.0234167925141795,0.082095190595036,0.21446726352232
13320,10469,0.074514292094692,0.133430863392794,0.0747484234854195,0.00417333227174216,0.161868601906439,0.069370404972678,0.0407695117365214,0.121191952665767,0.0281932711047116,0.0290397587157582,0.117128150466726,0.145571437186751
16508,11186,0.153955829292385,0.132447319826621,0.0596763924442644,0.0127009535788714,0.09254327789143,0.115992291208169,0.0711565573763368,0.0702230186303423,0.0233394831262884,0.0689782536558285,0.144302154341831,0.0546844686276317
15810,8535,0.0694938193257503,0.274967160045394,0.050206928680946,0.0112799131199435,0.13186788777554,0.0856711517364804,0.0750648355204369,0.0814050061117451,0.0198158769153028,0.0494217020748746,0.0776372185622754,0.073168500131311
11659,11437,0.130954025873321,0.250473243003625,0.034910966833554,0.00514509460081506,0.112015527639232,0.0463935704202351,0.0781104841987712,0.0632838663550423,0.0303937623099084,0.0594594814253233,0.118333916421011,0.0705260609191624
17897,13112,0.102766557674615,0.208588041822763,0.0376329194711389,0.00396190430500268,0.276776456608278,0.0229999168706385,0.030710581736649,0.0823414472316214,0.0912146656921046,0.0339879719067546,0.0865191137356471,0.0225004229447869
14161,15289,0.113351099681281,0.153717751066313,0.0330720869144945,0.0167045619688039,0.154812874259176,0.0621169678501187,0.0357226221115184,0.0996901344904643,0.0555298660570281,0.0335442599452828,0.142230761943056,0.0995070137124622
12348,9748,0.169144319370321,0.117701817248196,0.0247943472360579,0.00395980635320853,0.209159569424855,0.0713848365305682,0.0460759588900858,0.0820760779249763,0.0277064418761845,0.051924643633956,0.105401848504236,0.0906703330073548
9166,11924,0.116615337285394,0.288162242287874,0.0301911961110264,0.00658133909474179,0.0945576872293817,0.0883591672888616,0.0458583442963437,0.0865892688555841,0.0269603478578362,0.0639395799334121,0.0778199198528482,0.074365569906697
14696,5644,0.12992599022402,0.249250599906495,0.0246352949028272,0.00503099573117758,0.159383228405673,0.0808813910779331,0.0712580555483142,0.0444949290316562,0.0270788798035622,0.0511362949778091,0.0680989046358179,0.0888254357547149
15671,8294,0.154429972835441,0.143942082507958,0.0642609309895964,0.00727520902383185,0.13260483079012,0.11859997297752,0.105735126952449,0.0470788340059612,0.0228366530656234,0.0658019201044758,0.102854514891558,0.034579951855464
14992,15287,0.089663718152843,0.153193406068646,0.037176474009951,0.00985662711081653,0.194302286381251,0.0243520046567688,0.0154995541375688,0.16786029014173,0.0288592295949783,0.0490189758038756,0.11759896122068,0.11261847272089
8616,13854,0.106039234827344,0.264565359046076,0.0247893182701561,0.0018488535649178,0.12660683247923,0.0450636089734175,0.048234030576766,0.0735696741279427,0.0319456424455067,0.0451765260467509,0.147889890169361,0.0842710294725305
13463,12639,0.150452055224834,0.22948600748251,0.0651897188006135,0.00664974395544176,0.105882854327543,0.0912756575584553,0.0374913777202924,0.0700122342693363,0.0303183659526879,0.0680772812988683,0.105640630644029,0.0395240727653883
7916,10721,0.206788804713996,0.226921658770129,0.0582429821844963,0.0049731478170908,0.0682402537502128,0.0686715278835391,0.03418642617626,0.0946827015405536,0.0166812792273501,0.0783545811999221,0.0838458803914814,0.0584107563449689
9292,5896,0.244418614834358,0.120157825714833,0.0301812452462096,0.00801164940053181,0.0879258721670385,0.100980212410098,0.112355094003055,0.0408855431972642,0.0324284771091717,0.0540339363638187,0.063035694569352,0.10558583498427
9726,14816,0.0598102527494824,0.0758423837137503,0.0516585153101368,0.0376619584715574,0.17637494654727,0.101906025166213,0.0654890216626964,0.069923855162057,0.0366868932924007,0.0697847859158806,0.195268481573983,0.0595928804345734
15667,6366,0.260899278362102,0.0985649250871027,0.0353272752947971,0.00705670663667347,0.0722847687323634,0.110180081113787,0.0689982543007946,0.0734246858726453,0.0221964240981718,0.0541590169133745,0.110971500138423,0.0859370834497655
9445,12888,0.117228915342989,0.218955607734016,0.050750908208024,0.00122994232964727,0.100071789251139,0.107142695506788,0.034829697904824,0.080146612697414,0.024652948039904,0.066391186370633,0.101762747274585,0.0968369493400374
16782,9739,0.122726852288601,0.144692837304285,0.0258737890758081,0.00687828887752139,0.185908471442044,0.0720745217341782,0.0666494670076901,0.105965005574679,0.0142796931880849,0.0382316549611899,0.142490499934664,0.0742289186112542
11647,5651,0.120826856627878,0.13436173869705,0.0271752662932183,0.0205183537785194,0.146823354079719,0.0642837354147614,0.0370253035385528,0.0786933315018029,0.0707149710727782,0.077347588986364,0.130552067831593,0.0916774321777625
11250,14572,0.0161815496069723,0.0324464833403134,0.0150033268248697,0.0834415616140237,0.0343469749073781,0.660362264371077,0.00710218077155072,0.0525121556776445,0.00558852510805264,0.0116168853789617,0.00843950304544715,0.0729585893537086
8333,10961,0.243866578841201,0.167904274348889,0.0290924770291241,0.00374517661001924,0.123108989647427,0.0872100939979803,0.0580769790290104,0.0494190291680933,0.0243632841631473,0.0564985558060316,0.0927628347285216,0.0639517266305555
15813,9982,0.0965717595511959,0.108129457786405,0.0268401159713047,0.00238415892706861,0.153675514171135,0.0549764724162135,0.037544636362214,0.25758866531681,0.0213110207531734,0.0904504577886074,0.102708800699399,0.0478189402564734
14854,15529,0.0449270815024039,0.095826461831561,0.0405331608300017,0.0179183976517704,0.118350905046091,0.153805650101599,0.0130719082873505,0.145951261932199,0.032449783129674,0.0202910349521194,0.224648866494057,0.0922254882411742
13734,9745,0.012012202792202,0.0357692172074806,0.00181880020336133,0.0127337765208719,0.0282799007557719,0.0303301946201761,0.82723990039028,0.0244776180254698,0.000917986171253083,0.00194525269234844,0.0184213523081816,0.00605379831260353
9155,6620,0.0734131368156236,0.108074205500597,0.0497419377093317,0.0198031270656313,0.0757878901480545,0.12439944503473,0.266709357233027,0.0367947450597606,0.016020175799247,0.0135767082270386,0.0917130920406664,0.123966179366292
17073,16489,0.100189989371713,0.118684483465217,0.0451079924369594,0.00276396983933031,0.170701395215529,0.085738395968182,0.0129795297672388,0.109044116016637,0.0280658904798241,0.0723897263060821,0.174939716169958,0.0793947949633292
12214,11918,0.0995515396380697,0.0997457623344994,0.0498439055168301,0.00289948038492118,0.119202514210556,0.144891921044853,0.0645712091045456,0.10647968425188,0.0222862419660102,0.0378696698786227,0.106630849213219,0.146027222455993
15682,13598,0.0709080129937905,0.151839114739387,0.0768272067941023,0.0114046966919167,0.181892362440333,0.0825692342369158,0.0285538829215991,0.108441889017097,0.0106089848487123,0.046132642140326,0.166535965850751,0.064286007325069
17063,11667,0.139451734801861,0.208179389527975,0.0618645748287118,0.00709636589929914,0.134792943533909,0.0772889990510495,0.0557807670260672,0.0782907131622299,0.0268372809171879,0.0464046887440838,0.0796335290745627,0.0843790134330636
15962,15044,0.071441030685345,0.173715909891137,0.0530144103697401,0.00523933080427841,0.196119809033398,0.059302781134466,0.0290022748025712,0.073512364307174,0.0300301820696865,0.0254189059924009,0.173287035539004,0.109915965370799
8755,14095,0.188931439039672,0.127412378611529,0.032016632800642,0.0045501677175063,0.0583544593150183,0.0882346480283065,0.0465480740623228,0.108114035403663,0.0433520777560904,0.0715959329747397,0.142840444569011,0.0880497097214995
14298,14566,0.0997318099467948,0.163745128548139,0.043981532828442,0.00998946341441152,0.141001378054294,0.0926544161564718,0.0219068540762195,0.112757643301727,0.0263091671061477,0.061630451915697,0.170327512189127,0.0559646424625285
11658,10955,0.138037155492134,0.25252577254965,0.0384157888499959,0.00256128040982423,0.124565070276246,0.0515883490714262,0.0415642846868962,0.0690665580854083,0.0268371922772379,0.0694901924944297,0.124401132261075,0.0609472235456771
14851,14082,0.0736766222507235,0.0830884073033988,0.0510071551515327,0.0102603329816624,0.179277002632012,0.0803347680848803,0.0171042091916957,0.172250991233562,0.0171066826705833,0.0172463578275617,0.203584145547529,0.0950633251248589
13467,14567,0.00377478921294865,0.0148938397636317,0.0364086567639401,0.00859056463853385,0.023676126046983,0.43407754523523,0.0018088572685218,0.0590566250209806,0.0410625574977958,0.00165902241079125,0.343300222024214,0.0316911941164284
10699,16502,0.0659917171134209,0.242662452289813,0.0270483369469603,0.00473992587710641,0.153297115859817,0.0558896387239043,0.0339599121811571,0.0960934036345109,0.0310403452803059,0.044999868924402,0.137263228911031,0.107014054257571
17756,11907,0.14810189748952,0.110465969679352,0.0367049999857112,0.0344670529970405,0.0854625605833773,0.147673490941231,0.040164336763161,0.0811588996839171,0.0388515121960318,0.0873724937594542,0.142443504629121,0.0471332812920828
18172,11665,0.0275777212444373,0.073036549148448,0.0274319281979559,0.00393059679857975,0.104128948893999,0.0421685047091602,0.0289575068928283,0.0741513505012816,0.027030564925401,0.0223981594079686,0.443745372044993,0.125442797234947
16370,11427,0.0965926851557877,0.187526059924324,0.0733171838129761,0.0082963326210628,0.17760434762138,0.101847055211378,0.032782598838359,0.0770181594245274,0.0392154402818737,0.0451763256891998,0.0846188327075653,0.0760049787115661
14282,6851,0.0929279405658564,0.11468207823491,0.0657876507571011,0.00444578853226206,0.1714015237321,0.0601997613309748,0.0482329141844029,0.101305432153174,0.0303879516066482,0.0216226820605035,0.198458430369851,0.0905478464722162
10681,7340,0.145516422040022,0.153732029236854,0.0400105534176058,0.00700187824307115,0.145047003881814,0.0895063700999301,0.129574300861185,0.119625093846578,0.0206180183923183,0.0451401383816519,0.0608038346373369,0.0434243569616329
8188,7827,0.175009369862311,0.224823826263642,0.0388760854947463,0.00346106755388579,0.107978255228053,0.0777658465482473,0.0637418532178368,0.100107324305273,0.0119642887294683,0.0682041423919025,0.0812542119764022,0.0468137284282327
10682,7822,0.114474819747308,0.176035478043637,0.0386049835667905,0.00365566988663275,0.105450526941286,0.0852927662406393,0.0491299458678074,0.077793518432423,0.0321038757075945,0.0413807849288925,0.210090438974261,0.0659871916627274
10146,16985,0.151857485579414,0.206330589815833,0.0511333569731886,0.00334417273701895,0.0659196269569707,0.0750641421161453,0.018127204076336,0.165918849463853,0.0418836787896234,0.0558323823041269,0.129135177571719,0.035453333615772
11520,11196,0.12447304778929,0.220382156218105,0.0357887384816867,0.0102369710906424,0.141534703267377,0.0574974751185205,0.0787125400491234,0.0466135088657005,0.0286709238519804,0.0705904617176084,0.126996136670568,0.0585033368793972
12767,11435,0.124010843071373,0.186670885347193,0.0461426600093839,0.001951801255033,0.140647380246192,0.132276805762616,0.034530007748084,0.0828501718154021,0.0194483960350603,0.0614076737201168,0.088345125412864,0.0817182495766807
10419,15056,0.0892068526444174,0.141937425968945,0.0192536627485683,0.0111823594693328,0.0979343595305145,0.124198664444675,0.0454898781612127,0.0882126099418905,0.0520012924714525,0.0380371769348748,0.228680784584939,0.0638649330991778
13049,13845,0.149530964978352,0.107850277873748,0.0441616052931311,0.0107310526779775,0.127248427749151,0.136079653662177,0.0288134138787804,0.106716662451045,0.0701919560151017,0.019327153654915,0.142683442996742,0.0566653887688803
11377,9026,0.208380916290689,0.118817576012263,0.0395083111915026,0.0114830152268185,0.124240792907801,0.0485856673924959,0.0798362588751593,0.0571393957474123,0.0474015677010267,0.0799908372283151,0.0979555651065512,0.0866600963199652
11527,14571,0.0187628549142826,0.0181994321343122,0.0286380611139516,0.175067453871582,0.0496834461166318,0.505391263761857,0.0244926152265434,0.0456619132860234,0.0180825039564977,0.0290132065654362,0.00877218234707656,0.0782350667058058
7920,12650,0.0798622038623249,0.193168045899439,0.0463598031024267,0.0109214538459377,0.104606239104977,0.0529150750086013,0.0338508173503815,0.0886199962068846,0.0489195662546834,0.0449304325847793,0.227099940260284,0.0687464265192808
15815,10946,0.0450499204783071,0.1711141857483,0.063890382498862,0.0181483071021399,0.22012417041254,0.0726560876279921,0.014951062929151,0.113915620360572,0.0128640079791895,0.0459044205746623,0.145836725772181,0.0755451085161035
14292,11673,0.0618621819559806,0.086821203458615,0.0287623975543104,0.0539769697355974,0.127646423811395,0.246566305413281,0.0578163779441021,0.0595725241305969,0.0418502934581932,0.0478458364243013,0.0879463292805433,0.0993331568330842
18169,10218,0.0844361199899912,0.0943464080027725,0.0196179012975895,0.0198862090627753,0.10882346978172,0.0422609565047264,0.0259942414887831,0.0535320969541088,0.0231110780694108,0.029530244632852,0.441941415353028,0.0565198588622426
14981,9983,0.0248883249534299,0.0906048170278651,0.0846515572510032,0.00316049543981625,0.178562692919228,0.0467080175163786,0.0314845261239868,0.178943758126578,0.0157489600710974,0.024041828160337,0.163636965719055,0.157568056691225
13316,8540,0.106982800593017,0.237427457867403,0.0384721715008772,0.00537464309051197,0.142613472540078,0.0882514421502177,0.0537203016250093,0.0814994040537891,0.0129131540681985,0.0268873005359138,0.103793889270257,0.102063962704727
16088,9017,0.162532160924675,0.158258208456619,0.0416425587655518,0.00746615444247722,0.133143374454317,0.0652132856570005,0.0510099238328414,0.0889526987019372,0.00974600389373745,0.0708733938812975,0.104468172919198,0.106694064070348
15812,9500,0.0836694998471589,0.0974228296033652,0.0423933996020168,0.0116668640967415,0.26476029561309,0.10538938883294,0.0253422831217022,0.128477740435735,0.0275973236475228,0.0492811654235751,0.0991822849339169,0.0648169248422355
16795,16007,0.113915532016411,0.143616984021336,0.0612408223636582,0.00835487154399414,0.119754705904236,0.0856386508812832,0.0226871192680292,0.166314564419345,0.0291778618903646,0.066268020328911,0.109572387433283,0.0734584799291488
15113,6367,0.105942057026869,0.215153483339595,0.0491496157126919,0.00388355249613783,0.142525780243683,0.0438912236404051,0.0494955273993584,0.081537405059044,0.020193695368307,0.0400109634519947,0.142921653108422,0.105295043153492
9169,13370,0.175340688071606,0.132733274739322,0.0336639846132365,0.0039946220214935,0.0967608544303872,0.0766137942915158,0.066343941782849,0.11796072030155,0.033374024236287,0.0798243582316463,0.0969869349933586,0.086402802286748
14138,4199,0.155756747535504,0.116540754952887,0.0408372886101358,0.0171629411710876,0.157076399522575,0.0726932665051198,0.0391340160934724,0.0875193541378373,0.0161095309272239,0.0754521117455986,0.114287788489023,0.107429800309536
14010,9262,0.0244378257392394,0.0645125773983615,0.0251882448619005,0.032152261242685,0.0501603040845155,0.126608142941085,0.377992203197039,0.0343426821886605,0.0194281201119321,0.0146746616978178,0.196210788133689,0.0342921884030752
18036,12870,0.111660743221849,0.123046898300222,0.0376063384714012,0.0146651478348753,0.183457516860985,0.0783524825994335,0.0502273092993749,0.155775536667992,0.0473029076676168,0.0639620676357607,0.0798196638661712,0.0541233875743179
11941,13847,0.0439585267845709,0.0980965243254603,0.0326914023015209,0.0242523107743778,0.105825169452971,0.24281435098484,0.045860691524695,0.060606810944854,0.0355452034096289,0.0245499835438743,0.204748122031176,0.0810509039220314
8325,7104,0.150827321226279,0.133383352030248,0.0381752710854699,0.0158193161316757,0.12241068410592,0.0873050901007829,0.0662765487078991,0.0661537224874543,0.0363440980019052,0.062207056756498,0.114641086048857,0.10645645331701
11937,11918,0.123174233710586,0.187683299555233,0.0337555926972403,0.0113890673197411,0.137889885884748,0.128855502080527,0.024368505153303,0.0425179662452478,0.0224562643759013,0.0345294247608189,0.124674318546621,0.128705939670033
16932,15284,0.0930223108717271,0.180339970959624,0.0499474288345336,0.0127813874796571,0.128660946675903,0.0661631464698932,0.0320394503678129,0.153034884200239,0.0473656177166542,0.101224770359529,0.0575901523496894,0.0778299337147369
14007,7816,0.103022837054311,0.180090214990715,0.0347499185256316,0.00400734310323016,0.206290895437251,0.0475427039479878,0.038857907724622,0.0745946997758395,0.0220460698778955,0.0497026878567114,0.11450328000312,0.124591441702686
12226,17704,0.126126572466077,0.12400937401908,0.0454271777568354,0.0228749416937575,0.136895351367911,0.151236055137544,0.0120242357738761,0.0881582346568068,0.0232540223145959,0.0200005807876479,0.212232125498556,0.037761328527312
12751,3237,0.146081452727306,0.212974822537019,0.0375591014799369,0.0169626502876979,0.0750705075585356,0.0559990344917212,0.0846873423852331,0.0695858338942317,0.0289769870727448,0.112062956457059,0.093089261233923,0.066950049874592
13456,9263,0.176201520131663,0.0919750745519876,0.0510931989813803,0.0170766965685552,0.0952483655060987,0.0680286004445772,0.0600216364255665,0.131991017403487,0.0341189864582018,0.0793456767499678,0.087632923379902,0.107266303398612
9986,6136,0.196387163002422,0.264656551627736,0.0290390593550058,0.00742156130216436,0.126805477565512,0.0572772435706413,0.0265801758670685,0.0324050957776819,0.0222575326824528,0.0794348072679409,0.0863493867044152,0.0713859452769594
14011,9744,0.0581631413442553,0.113104396625391,0.0386428254260103,0.0136124538861852,0.069795676128643,0.127898096761161,0.130179536748806,0.0716179509306437,0.0203924686120887,0.0187478777702717,0.224791346164089,0.113054229602455
15678,11670,0.167513401801596,0.180204271375232,0.0500088092335491,0.00430468169192171,0.0996821896927345,0.102331089362459,0.0596055639889391,0.0741752705822644,0.0155098972822218,0.0537522514503643,0.0987394395473727,0.0941731339913455
8886,10478,0.143500226580303,0.195261385388408,0.0294448976819765,0.00516739548658842,0.124839995022332,0.0723029127568478,0.0530635668031289,0.082476143372033,0.0226885129007366,0.0510471851829396,0.13636334122595,0.0838444375987567
15259,9983,0.127120239688115,0.108105981620971,0.0457709276101847,0.00193730228221091,0.149739420372957,0.0803925496307313,0.0498084211657161,0.125426197853937,0.0277754423685112,0.050435939030945,0.129288841088128,0.104198737287594
13865,6128,0.165947458428297,0.13133250354428,0.0537147152719549,0.0186286161480996,0.133654497049344,0.0516584069140432,0.0506681730083314,0.0557073514287251,0.0180223422746369,0.0505497753353764,0.168282821427577,0.101833339169335
14301,16012,0.094146927661998,0.121906016295321,0.0385268050326179,0.00654373899044816,0.209704820773844,0.118415228853226,0.044064263101361,0.0879187900752873,0.0245891001611814,0.0473418815873165,0.119128051968026,0.0877143754993729
14148,9021,0.0309168252727521,0.0288163398835737,0.0535666135207661,0.00352227696926946,0.204715674987921,0.0666616293059449,0.0923605402647797,0.118693146942147,0.0182453098045989,0.00252099112765702,0.251672096866159,0.12830855505443
9996,11440,0.121212246867674,0.0906380242146562,0.0810453623499434,0.00429628846920968,0.130244560007113,0.063006826935687,0.0463424728288227,0.116875034508982,0.0189772463545217,0.0654976299149809,0.164107967382933,0.0977563401654767
11117,17706,0.106025600196794,0.178899720254724,0.0332936655813957,0.0045670047675393,0.161803839802023,0.135526807175823,0.0328418324967484,0.0616180401230398,0.0654604562106777,0.0454342425565176,0.135557800257521,0.0389709905771967
12215,12400,0.12144356062985,0.192469114230181,0.038681943399007,0.0129846767253822,0.0910096426375145,0.0654062695002649,0.0412872689934534,0.11441463337567,0.0445686026513111,0.0423932352952168,0.113273131682534,0.122067920879615
12346,8783,0.119002465216549,0.16492929645673,0.0856161415904301,0.00743518265257762,0.166460446757275,0.0469409217842393,0.0483251772876982,0.0729773787798871,0.034425725069277,0.0619647211604126,0.0696390109136027,0.122283532331321
9023,9754,0.190069988033831,0.111346539132079,0.0329538551197502,0.00478975843283189,0.138739547515402,0.0825471005026841,0.0624643244614108,0.0896734812949649,0.0316527244857324,0.0878129017208124,0.10134470656477,0.066605072735732
16929,13837,0.0900945600033412,0.131437837096608,0.047228166517459,0.0432213004067735,0.179280454610225,0.0993610856404628,0.0236362942899252,0.172202642650439,0.0220241450414666,0.0627927552572035,0.070377318504268,0.0583434399818279
14141,5646,0.112079806781045,0.109477055562704,0.0680457467336036,0.00702014480993221,0.2001721607522,0.0901242425776383,0.0317449039100599,0.11090250819957,0.0237701142895443,0.0248131445121484,0.123728279083837,0.0981218927877181
13610,17219,0.0785943253884868,0.173998096985174,0.052705097053215,0.0166238597868538,0.219660555468787,0.0540186434946673,0.0234484112320938,0.101646587247672,0.0292195717831078,0.0572862435786167,0.104971852178769,0.0878267558025555
8897,15782,0.123401447928778,0.108647080683092,0.0521454570512575,0.00155557817942042,0.177984545327619,0.119383826836256,0.0235369022110943,0.123393354706179,0.015612502448348,0.0338613536448692,0.135775429807453,0.0847025211756326
14708,11913,0.0794973610033306,0.0975633508744119,0.0623832390568934,0.0148235631778362,0.0936139432294047,0.352808136885859,0.0164497695439797,0.0586330265661931,0.0483036338205815,0.0183731348302738,0.0625590691132344,0.0949917718980017
10135,11681,0.201770331703408,0.0912379061236017,0.0439742151605706,0.00509760222136928,0.17133905031096,0.0956521317045082,0.0255507811264233,0.151092285373602,0.0226853554866996,0.101674316577392,0.0569749567008222,0.0329510675106438
14577,15529,0.0858539653528571,0.172620652733734,0.0515505752797287,0.0103952595840117,0.134150336673465,0.112936261060351,0.0373931770274775,0.0907375628257036,0.0359939993085884,0.0296582379973276,0.137575869514444,0.10113410264231
10831,12885,0.126604003148684,0.0868300006281097,0.0431354773381201,0.0215182520667041,0.112366094566824,0.212105663770469,0.0286311072559004,0.0809503069334088,0.0294920084260644,0.0674476103129516,0.126601277803205,0.0643181977495591
12503,17703,0.047002793146028,0.0718134399622456,0.031747877832784,0.0100417365311744,0.117175372492439,0.0443943654565093,0.00397919953462142,0.108661585859332,0.0213382930492237,0.0102005835232021,0.460539240247368,0.0731055123650718
9022,9272,0.184163215656864,0.16306876202306,0.0386044197073533,0.00468807843520511,0.110565396048906,0.059237899126101,0.043599850309206,0.0456876838188728,0.0138603215517476,0.0527511327910713,0.175616746166169,0.108156494365443
12208,9025,0.165537999943273,0.189586378563387,0.0498074736414451,0.0079382169037356,0.115444600327462,0.103192584105552,0.0325120253883074,0.0787404272102177,0.0560391354332338,0.0671594199581689,0.06496769994163,0.0690740385835862
14026,16977,0.123483391357156,0.17815090594629,0.0499182514531088,0.00930631651769932,0.174480029203235,0.0811764650874305,0.0232640369244058,0.0680172512381823,0.0296194000650625,0.0311384281534204,0.164307817493525,0.0671377065604843
8760,16988,0.071413685526538,0.176957956356364,0.0401260691017652,0.00730807593122379,0.159950425733965,0.0213761160353638,0.00752397696225619,0.140365010745095,0.0136689582661578,0.0267847606504509,0.279631161084261,0.0548938036065585
8330,9515,0.100069359703907,0.232073804308123,0.0346833270878907,0.00658477325452957,0.134678698999055,0.069690180625372,0.0261624635977705,0.0774176382868476,0.0205989453443496,0.0551732320559835,0.14863273907184,0.0942348376643313
15534,9018,0.157229214089578,0.164693390028997,0.0371156203484994,0.00898297457903996,0.180317455459643,0.0492470303754014,0.0352977576032143,0.101467108788697,0.0346999438285767,0.0883570806743874,0.0979678464578674,0.0446245777660985
12622,7818,0.122994171166006,0.274851568636767,0.0251839293128008,0.00525473352843313,0.107383789964182,0.0585743484387489,0.0563456074556017,0.0665281804537974,0.0141130226383074,0.0434396496226786,0.115307927401152,0.110023071381526
13603,13362,0.123780771110563,0.0626591140749311,0.0482205785662033,0.00302262607162617,0.150645742092381,0.0641026252082015,0.0707277573655451,0.0880170926969566,0.0177749296119992,0.0236760628588385,0.217907586129692,0.129465114213062
11253,16018,0.0839295380146547,0.140319998530058,0.0501607319515109,0.0117270574196776,0.142668041734691,0.14368004794304,0.0138658581000421,0.153240868570972,0.0262428663813126,0.0762201424973688,0.110456070092303,0.0474887787643697
7778,10962,0.154268360855002,0.194569845895541,0.0445428599171491,0.00505663931746234,0.129960899433634,0.0974531663860974,0.0609853958610595,0.0759216208379122,0.0195764415769104,0.0741461459602715,0.113819833630666,0.0296987903282948
13194,16979,0.0796393166313722,0.131426113607958,0.0928098490043868,0.0227740802959338,0.130861378116593,0.114973667184497,0.031044526081586,0.0903395287698152,0.0453831736568787,0.0282714563513841,0.112541203140199,0.119935707159396
14718,16735,0.141247322536145,0.147480777145956,0.0459745463388304,0.00519031427182876,0.284977652189239,0.0835214375343658,0.0412455503598943,0.0777074410005408,0.0368330290603213,0.0151427255486637,0.0691701283412683,0.0515090756729471
10004,15298,0.0443574339289107,0.0982939325098835,0.0354510783564405,0.0150767655375461,0.11440522136161,0.150867835492833,0.0230498028006157,0.0550241899509939,0.0260489489958643,0.0189073444099975,0.32683169014346,0.0916857565118452
10962,9268,0.135337049393249,0.189093855149603,0.0576489066488504,0.00752886397184622,0.14475486113339,0.0497338370154655,0.0713999354102039,0.0767747826112332,0.0355682471912653,0.0358238245482514,0.135788864044325,0.0605469728823177
11516,9267,0.11924016193298,0.121692089956376,0.0569721331974953,0.0102565535441905,0.175486267594036,0.0677806809856192,0.0535821913472434,0.0617645621763602,0.0426401168001822,0.0611676521969146,0.0856268294834216,0.143790760785181
9717,10476,0.154778143863646,0.120309374792995,0.056301870714591,0.00664866186267141,0.202239455441412,0.0727715378996835,0.0297481613790566,0.0814752082131465,0.0249802687784457,0.0424814687679052,0.144226077542189,0.0640397707442582
13041,9505,0.146807874895383,0.17509765833254,0.0410190899213267,0.0104027843462491,0.1524058762249,0.0783056525407992,0.0517581660720142,0.0871291442457217,0.0340711709411664,0.0672308734063326,0.0782015269703276,0.0775701821032391
8614,12889,0.20007743093037,0.160357311170717,0.0231019352376487,0.00576663055960663,0.170579762455609,0.0601697978734856,0.0963263835213754,0.0936761668368048,0.0206444764410085,0.0791813278292266,0.0528529505396476,0.0372658266044992
15123,11671,0.113358256875758,0.179806113420295,0.0215908589652533,0.0176284177165501,0.159494049131198,0.0936054429272072,0.035573184610046,0.0604041259160987,0.0336245373307837,0.0573561308873775,0.127751811137021,0.0998070710824124
10974,15537,0.0665129927955541,0.212666961605197,0.0387067888894927,0.0146299135191632,0.116145301881117,0.14707101682332,0.0240936351183864,0.0765149925838757,0.0336814255888339,0.0288730029165631,0.131940559051435,0.109163409227062
9858,11681,0.173475260807397,0.148642994166895,0.0488567512128595,0.00183917545329703,0.113338408947936,0.0841896125194315,0.0438473328880042,0.0983312327344487,0.0279680437938664,0.0593883615464365,0.112198290592247,0.0879245353371802
14289,10226,0.145438077288071,0.18517526490115,0.0326348033577442,0.000416913734075413,0.133563744565763,0.0850685651752403,0.0611351064945001,0.101653993534628,0.0135640856893313,0.067467567579134,0.107804346457733,0.0660775312226292
10683,8305,0.133736483971705,0.163250082895464,0.031119999575204,0.00328476393742798,0.159763567355789,0.0952522229551093,0.0301349421300198,0.0971320803316933,0.0170912447433974,0.0763983785269688,0.118958695053844,0.0738775385233777
8892,13371,0.171700530999385,0.127116546571537,0.0416576298516007,0.0138143384599546,0.14145183681636,0.0688360805669985,0.0945969368664366,0.0691695485388068,0.0323788160935312,0.0748985380619909,0.122560411939279,0.0418187852341209
7780,11927,0.196105696403863,0.191239067444354,0.0398333869716963,0.00650854217351863,0.0825170215173594,0.0401954281630359,0.00797273849485322,0.04216122745754,0.0213009926608089,0.0106981918741605,0.34045366992851,0.0210140369103002
10127,7341,0.11913483348332,0.207442512030756,0.030920307612966,0.00980293935489517,0.163423939193462,0.0389818083414579,0.0581307762253125,0.107903615266876,0.0459602738109506,0.0448612850461944,0.103557993440581,0.0698797161932278
9584,13129,0.154990309009271,0.171697936627117,0.0173744727339513,0.00809317582478276,0.102101482461213,0.0963505804302889,0.0893100849625359,0.0822213016250494,0.034346224415991,0.129526818972359,0.0618196448565975,0.052167968080843
14279,5404,0.125977811703661,0.21879505674732,0.0623593081522691,0.00347763041753799,0.147675372350671,0.060098624836762,0.0275555545889177,0.0747927510978942,0.0303075533349716,0.0203911136260697,0.128055244948873,0.100513978195053
13886,16254,0.148970149173351,0.106939052065959,0.063674806405012,0.0296355563788447,0.132677395297329,0.117477395170779,0.0363201411034898,0.0883360552047565,0.0417744837378778,0.0744963725767007,0.084454102780547,0.0752444901053528
9727,15298,0.0969854668990303,0.118340854280666,0.0557995212692425,0.024092905245289,0.160334555487715,0.0854103443634113,0.0425795053294583,0.0817464295802439,0.0482752418341785,0.0606604332577919,0.150099397603487,0.0756753448494877
14977,7573,0.17970734068675,0.176086232606909,0.0319345751834233,0.0069487222961353,0.142475550129019,0.0441191339089752,0.0623123147460105,0.0391700917042735,0.0134747067263199,0.0382955428793266,0.177361450201881,0.0881143389309769
12209,9507,0.221001237171823,0.141263871222341,0.0473891513332295,0.00646659086003482,0.136338347047206,0.0513382125818688,0.0567874983007735,0.0611006754818749,0.0294288267070974,0.107030422094104,0.0880435571746849,0.0538116100249621
9714,9030,0.186517561487165,0.153229125083035,0.0452981096907228,0.00624257050444637,0.0975445869343417,0.0608584350916568,0.0458189952653985,0.0812706687818418,0.0481911035446929,0.0346617863370396,0.17629617603642,0.0640708812432389
8055,10480,0.181047951158691,0.102382817952693,0.0462066482973651,0.00800151881519861,0.201788167434117,0.086569250754604,0.0371672168277313,0.0684676186119639,0.0196595961935786,0.0397020648517719,0.126334551058611,0.0826725980436748
9162,9995,0.177975477715305,0.136778372921546,0.0223879348478356,0.00863673933883776,0.126132432828094,0.0885049863511318,0.0577175573013873,0.0999117273268496,0.0409268705315378,0.0653560939019579,0.107887482695856,0.0677843242396617
10285,17226,0.105052466531217,0.19369715124937,0.0481963191092382,0.00199478377741178,0.15216575170258,0.0527624832289057,0.0229561871185894,0.129115906554146,0.0245226672112641,0.0179963357422089,0.178988950657124,0.0725509971179435
10414,12645,0.143434994616695,0.117841151477699,0.0315761327969858,0.00781276779663071,0.182375887594404,0.0291726627221818,0.0392770131350086,0.126742396898805,0.0669817419176777,0.0450078178936994,0.080525052792712,0.1292523803575
12197,3239,0.157020767803719,0.185106216681308,0.0435801787293107,0.00632750417473156,0.10014333850442,0.0655486888599226,0.04888162656514,0.104273485327395,0.0255671215328891,0.0598074153456621,0.142198266467095,0.0615453900084071
12062,5409,0.187759522977939,0.1389115577421,0.0502136255563527,0.0102000915394872,0.173541938307106,0.0862689297385534,0.0316586615681982,0.0587244563156966,0.0257296986482633,0.0410969451341087,0.105760650264407,0.0901339222077881
9587,14575,0.0956486695347668,0.167927612015907,0.0370256246199586,0.00308259397255422,0.141817760332717,0.0435258714022191,0.0784838218931858,0.143645906113563,0.018094597433473,0.0630518693398476,0.102609708501518,0.10508596484029
17479,11907,0.113473769904029,0.14581393343539,0.0293625126966899,0.00111596964286517,0.193686386833354,0.070203880709037,0.0220434829765728,0.103982848900655,0.0188691134247087,0.044867310748322,0.159764470285356,0.0968163204430205
13861,4200,0.107830518581091,0.249508206158785,0.0389429510658473,0.00432061184462424,0.0865439384669673,0.0939990268440254,0.0338628425674754,0.115260081682263,0.0125596628247457,0.0431064248279496,0.126494233932483,0.0875715012037431
10134,11199,0.104330288015322,0.233417755414092,0.0757983734388199,0.00633476597995597,0.105675484043662,0.0846749379059745,0.0256121958249598,0.112219673091883,0.0261344792514218,0.0545131073910453,0.113852340188547,0.0574365994543156
17195,8532,0.126427573041779,0.170959461220799,0.024946555965778,0.00589523579573478,0.171868102459809,0.0567015763267708,0.0406697922792428,0.0630157769370657,0.0362025790141412,0.0227616630327873,0.212775125722505,0.0677765582035879
12496,14328,0.140461604600141,0.0537131163631012,0.0563835691628066,0.0178183912059228,0.0983847701424504,0.246224166215918,0.0363854643619289,0.0717889249940454,0.0143648376492979,0.00926410253592622,0.189599583559301,0.0656114692091605
10002,14333,0.0969378927270105,0.0926259209010352,0.0208941449059222,0.0259713586766455,0.13651197639061,0.236696481902553,0.0534993916991905,0.07954575085512,0.0519191179305372,0.0383970455869039,0.110456995645716,0.0565439227787551
12625,9747,0.141606242035725,0.195814469579766,0.048062245624504,0.0150647375534851,0.164617623644361,0.0759303116519874,0.0403522720480726,0.0567738233412732,0.0384186041531191,0.0502608304586072,0.0705426907315017,0.102556149177598
9992,9511,0.197330927490716,0.0921579318807472,0.0311082101193183,0.00461875619028878,0.191602095241261,0.0943894053876189,0.0353640173863326,0.0485202580934536,0.0199698363163789,0.0452340048681597,0.137575407715979,0.102129149309746
17207,14319,0.103675518182978,0.122811047683676,0.0274351616435228,0.0167172306136237,0.223033734253835,0.0928298000567818,0.0221109547608916,0.143214949011528,0.0610176047987679,0.0299020502525112,0.0779054486343548,0.0793465001075292
11247,13125,0.0126096838162755,0.0255896467834931,0.0420559846268523,0.120383055896355,0.0415073642821347,0.584658208181204,0.00558688964885269,0.0281702595013879,0.0179032631510934,0.00662990308462637,0.0434608351010183,0.0714449059267072
16084,7088,0.0702749605020571,0.127257301452531,0.0110834098378786,0.0106052308051126,0.0347837574639212,0.0862389480871466,0.570812911057585,0.0190508618312153,0.0052797397507077,0.00360454129036001,0.0471409628741688,0.0138673750473158
14287,9262,0.0451215533944346,0.0953648447186523,0.0143352863380881,0.031306618320992,0.0860212827531042,0.0620037821339262,0.416379244809274,0.0551180286840407,0.0109516675971677,0.0807334890733135,0.0632668773270807,0.0393973248499259
9865,15057,0.102035462512388,0.145432330990655,0.0598302883540337,0.0389434208369033,0.104993204262201,0.127904026935112,0.0501128601664143,0.100378351629128,0.0294426408179304,0.0509994086668416,0.110007930148211,0.0799200746801816
16658,16731,0.0505557594806919,0.068076875576951,0.00674638533727086,0.00340085196969193,0.0486410853299911,0.0124553925038108,0.00318599239078824,0.0734306791443503,0.0113756072662035,0.0172109704555289,0.700968031068315,0.00395236947640632
13732,8781,0.12862593474647,0.159704528411371,0.0318618395848358,0.00501979764414758,0.131516616783481,0.0640763188529427,0.0440639247148426,0.115761193821113,0.0226761884302312,0.0217585890463945,0.182835047412695,0.0921000205514767
11671,17223,0.0508980778416081,0.112628464259946,0.0558945174276521,0.00337853595010176,0.204727777027126,0.0800222812936013,0.0382459834977163,0.180549368303261,0.0204860825736525,0.0630830652962956,0.111300474692084,0.0787853718369552
7782,12891,0.140463956175128,0.166889946811719,0.0285463758983316,0.00441550857638188,0.0682629874229091,0.0233480963548609,0.00920397023192238,0.0560641519175008,0.0144379807813237,0.0236200087526707,0.362270768601757,0.102476248475494
13597,10468,0.142637838360225,0.130577180910788,0.0616706670314635,0.00253554401777143,0.161225632414008,0.0885056503497253,0.0337534866662831,0.122604999234335,0.0150430079226032,0.0375829159965739,0.110247954224042,0.0936151228721813
9178,17710,0.0230258680205703,0.0976517373412216,0.0151303411008927,0.00331236237690429,0.0835855107970377,0.0108540039340561,0.00128703665142068,0.0864964097781784,0.00649888873870236,0.00374567694819763,0.608485445927952,0.0599267183848661
9014,5415,0.126933153482579,0.131846023085333,0.032763463763118,0.00532652069200224,0.0874182084550447,0.0513919002393153,0.0115938073492719,0.0685205532359723,0.0166092155937486,0.04042599291491,0.360999202612203,0.0661719585765016
9027,11683,0.159660444115205,0.107722219763861,0.0380441231370204,0.015300111124867,0.082304370392313,0.14173788239846,0.0471912133993632,0.0767124283531401,0.052604010260066,0.102807081055007,0.0606863205562771,0.11522979544442
14437,14806,0.0809162879393216,0.133600412768924,0.0584023307739888,0.0466824004066636,0.165645584773031,0.086014512190665,0.0351294520691163,0.146946638400054,0.0289578607256671,0.0868439988625917,0.0807338760605731,0.0501266450294043
14710,12877,0.0187753941137702,0.0368783825704383,0.0487519960999648,0.0270466312092636,0.0165478545045492,0.663062905548756,0.00359518027965672,0.0765775373617626,0.0162186740276793,0.00330754291359144,0.0326085007628764,0.056629400607691
7634,8311,0.121363186157674,0.168765826656059,0.0229735756446802,0.0148449975780642,0.0829996634769524,0.0611576256830645,0.053855166935821,0.0613971593319718,0.0498997459806274,0.055102392938602,0.258277694120969,0.0493629654955148
17200,10943,0.137777712226063,0.114310479493886,0.0525026665507701,0.00368060346442411,0.181404451387885,0.063526613403002,0.020679627626027,0.123662189929077,0.0267262094841836,0.0382512033505662,0.157084056141719,0.0803941869423963
12760,7577,0.0937683290151037,0.222252803450774,0.0317003939314599,0.00506504079218677,0.1864446064772,0.052422717665488,0.0210321518865196,0.0858436167406718,0.0377883587615222,0.0435928679774518,0.121807496104706,0.0982816171969169
16788,12632,0.0669583070935342,0.181327891274622,0.0418679500753423,0.00405465371725817,0.149162202538752,0.0651844458810418,0.0254349126368171,0.136266416549792,0.0144681301696681,0.0451930854471384,0.176746436705654,0.0933355679103804
15258,9501,0.167404370105458,0.120238123095415,0.0586253664123842,0.00658176454754043,0.158056829962279,0.130015402137515,0.0423910226546082,0.111260928008139,0.0146750596961001,0.0343985993738062,0.104073919743304,0.0522786142634516
17211,16247,0.162418836128149,0.111327118281749,0.0319886311773009,0.000460152479647105,0.191891258242233,0.0875938332258527,0.0171681890314299,0.137076220368291,0.028602527827909,0.0265153419974078,0.200253700051326,0.00470419118870373
17901,15041,0.0618002798750498,0.137332316231769,0.0847754401210918,0.00279590309682787,0.151096555219135,0.0881849940262394,0.00554401815307911,0.100995352792158,0.0105650291058483,0.0507252749092933,0.145354490344992,0.160830346124517
9039,17469,0.0118655558120305,0.0124053139872392,0.00165502203610534,0.00199762858425829,0.00408778150788119,0.00557267127913128,0.000168201470099482,0.0204573261812214,0.00151441837079162,8.52159280870081e-05,0.934781569011478,0.0054092958316769
11373,7098,0.162182775567147,0.228495471715918,0.0144031077681324,0.0103110055202688,0.143107535979467,0.0697339707998361,0.0630147869810254,0.0199421682757745,0.0398016270463776,0.0616789104483592,0.140803554853795,0.0465250850438988
12060,3962,0.12695876238282,0.21577150141579,0.0406010153660225,0.00607541773035627,0.157740876866277,0.0767927889897918,0.0503471452283145,0.0493655113480252,0.0236064066411483,0.0492890028988952,0.0940148150165802,0.109436756115979
14014,11191,0.151982654623405,0.089840752683512,0.0250999517877263,0.00502166508697654,0.137079719942478,0.0800122493836173,0.0626787649664405,0.096333440319011,0.0105408052123734,0.0353597609592972,0.167343553249016,0.138706681786146
7633,7828,0.138588986411596,0.217466539129382,0.0278357329160983,0.0134709941370818,0.0625060234761221,0.0273699420074844,0.0236002665497384,0.0868896063646799,0.026108815759636,0.0360344990526721,0.282117661957021,0.0580109322384879
16919,9015,0.130170003271453,0.251688387073604,0.033425542093514,0.0043343629506299,0.14026022433793,0.0549386200312627,0.0461146117281255,0.0613031344504609,0.0293487986309212,0.0348840144444818,0.11372960722797,0.0998026937596458
8754,13612,0.128330124199351,0.194514313021544,0.0299709434076734,0.00231912569395721,0.123906439803988,0.0904499026472027,0.0474039323241824,0.134718851641955,0.0217561652928212,0.0527837554711429,0.0889648060014569,0.0848816404947247
11518,10232,0.0971075389765476,0.179413568858579,0.0524702855323825,0.00768070062087895,0.184670294128823,0.050708441637848,0.0405899780286111,0.110651113331265,0.0128425106743924,0.03669421471538,0.120428866074754,0.106742487420539
14151,10467,0.12216290581244,0.174499605272405,0.0475115186371441,0.00400246262929862,0.179088058832448,0.0908033965402498,0.0392145062540633,0.090215162031748,0.0169321331839622,0.0869677117122827,0.10405919168303,0.0445433474109282
10541,6617,0.0935752302658775,0.207660979199512,0.046264574843626,0.00762749105217066,0.192785907618464,0.0627639742470823,0.059317955819945,0.0905550209156886,0.0361293222587184,0.0547873028925671,0.0781515116669255,0.0703807292194225
12631,12640,0.106740108595369,0.211753145711728,0.0554617985886389,0.01339295547032,0.071188367860129,0.0487279252815985,0.0286167832063869,0.0935141409297519,0.0297066124867556,0.051625128064033,0.172460428789661,0.116812605015629
12076,12159,0.143226870845712,0.209604218111704,0.0320665383878185,0.00764032507042995,0.105393132195988,0.0975794312154548,0.114406560678858,0.0975276978741135,0.0230872965818023,0.0736337105364976,0.0582706908207807,0.0375635276808402
10267,8064,0.140132347571532,0.147926021259056,0.0468519891104682,0.00405962220801309,0.132672352755378,0.109952680531511,0.0342342987260484,0.0990725482441854,0.0125647229157162,0.0456976060217326,0.164734851471455,0.062100959184905
16778,7810,0.106414624709005,0.0761445317806613,0.0282130948846538,0.0169227833708882,0.110404336895708,0.0636764539181638,0.14092186317644,0.0383204331685013,0.0384777943115443,0.0249598734945844,0.28915113141715,0.0663930788726999
13872,9504,0.0528760645880632,0.0739380303299976,0.078586812264633,0.0123039511566288,0.117874956498652,0.072941249572437,0.100503703259223,0.131007402215224,0.0276153384588346,0.0283101426740693,0.189301483486493,0.114740865495746
11947,16740,0.209323963605983,0.139399396518766,0.0437283990129685,0.00438762975259892,0.146167279268918,0.14296070071324,0.0364405343980952,0.0337244330059381,0.0429174134675923,0.0393730269083508,0.103601185112004,0.0579760382355455
12356,13605,0.137138625322234,0.132910200681265,0.0469505139409376,0.0114169365216455,0.115635437694293,0.100289552777565,0.060706783968118,0.0699154850454126,0.0209176398698583,0.0609205868986282,0.153851291973357,0.0893469453066858
12212,10953,0.0961559841326377,0.204407150130524,0.0412433555930316,0.00333526659165021,0.15808073071535,0.0975000136874623,0.0331996355800868,0.0844072917518309,0.018132894713397,0.0593973536890221,0.115319378827199,0.0888209445878086
14979,9019,0.141751996570347,0.161381588642807,0.0245729025699518,0.00479782764963559,0.148295089349981,0.0826575958894267,0.072475638722553,0.101297825485848,0.0293329931197581,0.0443913193181423,0.122714709906077,0.066330512775472
13587,5647,0.130697667505524,0.163303609148948,0.0447870412803019,0.0244267715344739,0.125117005721417,0.073484964165319,0.0398209449534191,0.0534792270442033,0.039497802659805,0.0576197571857674,0.13072108293958,0.117044125861242
13880,13361,0.127139674961978,0.191019306857389,0.052064819531296,0.00790266899009419,0.136609889673127,0.11623414247209,0.0700086130722235,0.054942534897509,0.0204106843002597,0.0509966780361833,0.117703651175147,0.0549673360327028
13332,16737,0.0293244149361972,0.108365136708976,0.0533202317249031,0.00272043683183513,0.213176662751887,0.0429107386294469,0.030630160281644,0.149346938876209,0.01881871233345,0.0284340526293401,0.179387662335825,0.143564851960286
10679,6376,0.1548977623272,0.220654489254921,0.0478608257826347,0.00282221693467524,0.176829992535848,0.0363710073325721,0.0644483781212565,0.0861166381692996,0.0272143889823273,0.0410803393665059,0.0897645472192893,0.0519394139734694
16100,14803,0.0924012334142963,0.109275826854746,0.0592244163713552,0.00618445824867223,0.119764245915497,0.120153089359738,0.0376888848344053,0.144033039476701,0.0333233283930276,0.0240112653017438,0.0766669070021055,0.177273304827712
15411,16974,0.161449985465343,0.112716413709104,0.0681474392203295,0.0360917206036743,0.174382270572473,0.0798239721580796,0.0413010132022259,0.0458742747236343,0.0576700249930121,0.0577120576161423,0.0598580638457765,0.104972763890207
11800,12642,0.0845575230825106,0.075800331460274,0.0731283480882656,0.0104459267404538,0.155621267680211,0.110791242336513,0.0379344487049838,0.118315287096777,0.0283704167157113,0.0325914514749122,0.142512892110662,0.129930864508725
15399,10706,0.0735267631435498,0.21355609607302,0.0412597265857157,0.00647982276797762,0.148420438570331,0.0421875463719535,0.0722658336301288,0.0961277061331069,0.0284191722224308,0.0314101461126928,0.173129591043365,0.0732171573457274
7921,13132,0.0863063085644153,0.0914583563339013,0.0216910016448091,0.0101615352796581,0.136978991454752,0.0452055383805727,0.0177248646638153,0.0289978702557932,0.0114007164591493,0.04673848278661,0.417205489502029,0.086130844674495
13321,10951,0.040001543280322,0.0768688419616816,0.0570901236076868,0.0111194676084867,0.122012950579392,0.174810151103991,0.0885258698655862,0.0645743599443581,0.0122078624031204,0.0270268144225387,0.195590722459667,0.13017129276317
11089,3723,0.15720432660302,0.207457074672859,0.0361904542379467,0.0164634744168112,0.0731765776473127,0.0935165659287914,0.110830885231903,0.0466705315065042,0.0382873605717618,0.0564710355748349,0.0872554815576279,0.0764762320506268
12475,3720,0.0918890277070626,0.153170918167524,0.0600978863354128,0.0174308525512528,0.142043868140899,0.0919368457118816,0.0369904919053436,0.0594017621950706,0.025266590400184,0.068062648084889,0.0749754856109607,0.178733623189519
11099,8545,0.104361365862196,0.205733686932375,0.0645633551597787,0.00980719947856892,0.12595314570814,0.111670157934657,0.0531957129402367,0.0776894330335144,0.0250276746050971,0.0383160180395428,0.0919690149101706,0.0917132353957224
11236,7821,0.172770619759524,0.095595217729255,0.0563751083008359,0.00426607659667619,0.100048796007058,0.112310949715456,0.0555710754722418,0.149410116654165,0.0272247193315547,0.0764813493160819,0.0956782741498316,0.054267696967319
11934,10472,0.120507086702566,0.127327980143547,0.056523050440538,0.00835995553406172,0.15695374751898,0.123498775928013,0.0854505107624686,0.0351902955244926,0.0215024054276766,0.103221443112412,0.0710444918559303,0.0904202570493137
10008,17226,0.103260823337184,0.111859912870946,0.0456804737759519,0.00794886888996587,0.22213326069962,0.0609809107792726,0.0262606417649942,0.163783497289688,0.0473511628639797,0.0394778905652227,0.095298898168447,0.0759636589947285
17340,11666,0.136754446309523,0.215499657048939,0.0316910576659591,0.00637891029497869,0.158428946500501,0.0692130033796033,0.0473350797539558,0.0735978565249225,0.0204551528810205,0.0768506427216696,0.0920647600310377,0.0717304868878907
12764,9506,0.13140300329907,0.210219485736439,0.0334580580260393,0.00225997329943224,0.203828631004018,0.0516136380440463,0.0664204041820405,0.0968901640229645,0.0398155918559316,0.0247509263346404,0.075913299788763,0.0634268244066157
14023,15531,0.0666635658052949,0.134975699186542,0.0378482853276179,0.0147906561944952,0.139064211100184,0.158645679875229,0.0310403890893647,0.0806651467857304,0.0254573033038453,0.021580050302052,0.204688601118744,0.0845804119109008
14852,14564,0.0486387161770727,0.132619782020752,0.068148784180951,0.0055728067009575,0.164704660762463,0.0996794123024006,0.062328674035632,0.101880367907264,0.0230714406929748,0.0117879598591097,0.158860209935355,0.122707185425067
9851,8306,0.13373648811541,0.260137371530657,0.057884562858082,0.00764454158130561,0.0969122667910492,0.0925136987757721,0.0671902403640938,0.0276577677592931,0.0316897209253984,0.0521184462309801,0.080786699473385,0.0917281955945736
15267,14323,0.0576174906454362,0.135183215118889,0.0296356641347251,0.0125183125684361,0.170658736652488,0.0668919797719722,0.0186787231674232,0.185613917940704,0.108326737321615,0.0109348550399259,0.0647561490451836,0.139184218593202
13999,3958,0.0576735690354578,0.0634616658634004,0.0465563972781932,0.0361563124948299,0.15411945766617,0.0588938662730431,0.0617119391391222,0.144069962867692,0.0249508268854895,0.0683444737602016,0.156691528471139,0.127370000265262
8618,15300,0.0524600188609332,0.108308135276141,0.0569098960328398,0.0152311112174975,0.0884993160686586,0.127172477168942,0.106191299627564,0.0442764787958247,0.0513994254411049,0.0634693901742411,0.25457394965378,0.0315085016824722
13044,10952,0.215291619208342,0.0689358622753857,0.0526177832074119,0.00167098215492176,0.117370379623359,0.11604472668764,0.0661704733972794,0.0980756818008583,0.0365439218157537,0.0720932221380207,0.0880699627037307,0.0671153849872966
7636,9275,0.0805377124605615,0.1049789966247,0.0335905207750596,0.00819499827728958,0.104250207964123,0.0415952755290946,0.0173634825380048,0.0614245603772923,0.0276995674834187,0.0256245056374689,0.445844773129315,0.0488953992036717
13310,5647,0.200203954527348,0.168576251045619,0.0419386083432315,0.0151435905679864,0.106195527934048,0.0659070032641743,0.0649143912471171,0.0569589560766377,0.0278130744148679,0.0707977802509903,0.0999256752401684,0.0816251870878115
11668,15776,0.0858483494188311,0.158405669742368,0.0242540354501816,0.0199555782537142,0.184072151016888,0.104680768315097,0.0333359509739419,0.0472710626570782,0.0454986894527809,0.0708877985234404,0.159630411134748,0.0661595350609295
11246,12643,0.102767107723779,0.136586632339271,0.0301670324268337,0.0591693189867973,0.182148773259601,0.144657326688361,0.0164270975512678,0.0955931815953149,0.0242767981800842,0.0505054506672211,0.0980246035713684,0.0596766770100993
15805,6124,0.224552608515653,0.192705085089174,0.0558004091975973,0.00456014416341059,0.136699967871488,0.0467125441553038,0.069008055801095,0.0131092353815147,0.0501534042029316,0.0429705817312757,0.0746605829360098,0.0890673809545468
13186,12639,0.100547930976481,0.173345208861695,0.0320106356285904,0.0122483604914118,0.192454351928041,0.0332744044137276,0.0371060987672803,0.0725771999787369,0.0759504968045411,0.0709143721091723,0.0517136938646081,0.147857246175715
15412,17456,0.138941423663134,0.188468487061952,0.0378033353997768,0.00237606001540071,0.18178560666514,0.123361221129408,0.0386189096699456,0.0626311533714906,0.0233246141486638,0.041226966712194,0.0751474984518097,0.0863147237110849
8472,11202,0.11455801151065,0.149974056192306,0.0572200714074629,0.00561554652609804,0.149417352862874,0.102918710488337,0.0688671311059272,0.0510702195802135,0.0186601904412329,0.0358555657688723,0.125616455611376,0.12022668850465
15127,13600,0.0467759344063798,0.123837076477166,0.0810230628539104,0.00356908032246839,0.173602744984414,0.137525408235766,0.0506151053137836,0.166249454162484,0.031061112971656,0.018239118318316,0.09197197498531,0.0755299269683458
11807,16017,0.0779189860498911,0.12542453826275,0.0693040593291592,0.0292694069300017,0.179623579021353,0.111829985276773,0.0320901298344407,0.0727348607677638,0.0491282151424674,0.0648751450774729,0.138497235740577,0.04930385856735
13727,6370,0.158677337495863,0.194117368010196,0.0350606074675884,0.00882016451844097,0.10485584895915,0.119578792502306,0.055172111485108,0.056677733214931,0.0504212834468121,0.0456176406746663,0.0656299861369314,0.105371126088007
8752,12648,0.243231059823463,0.197042890587656,0.0248371001311381,0.00589156459524481,0.0941792703936798,0.0255788698232768,0.108360033436471,0.0939137934068345,0.0278227967871691,0.119823078991513,0.0403266609438042,0.0189928810797502
13446,4441,0.0982486813082366,0.156216814442499,0.044690266268542,0.0178904709239912,0.156481574166404,0.10619845440897,0.0688769251989629,0.0630705142889738,0.0398146216640084,0.0255960017235188,0.0788412226032868,0.144074453002607
18173,12147,0.00834780385596889,0.0201006992967469,0.0586573196167761,0.0730813472516041,0.03824114926973,0.126621836016318,0.358095473923048,0.0646944840324534,0.0106522109845965,0.00970661984308318,0.211792582629516,0.0200084732801589
14838,7332,0.19081763827229,0.123553016748722,0.0614782499813272,0.00446488377409919,0.102503960586386,0.0934953879568012,0.0762954771745885,0.101562809068926,0.0204674871811506,0.0348937995917917,0.125278800738775,0.0651884889251413
17057,8774,0.0859374847371356,0.282613434171992,0.035533438295242,0.006053050163188,0.177594246319464,0.0726462071120099,0.0414888060404889,0.060820337464884,0.0220181594094154,0.0764024659312983,0.0662294931947535,0.0726628771601289
12917,16979,0.119559188836492,0.112622389430811,0.0243418314072027,0.00667768980726097,0.174886790986068,0.0970132498088162,0.0117688526778099,0.0929926229069529,0.0433251405606944,0.0343827511618417,0.173601210155253,0.108828282260797
15260,10947,0.14341215654806,0.24053647687853,0.0323164706289115,0.00421812020869855,0.100280787886625,0.044419242651037,0.0354502393248373,0.082544921260491,0.028782925747516,0.0833464291853329,0.128056367573848,0.0766358621061129
13056,17220,0.0902764238593831,0.169112942049241,0.0668610299731909,0.0213757827162391,0.139207652085304,0.10449680413521,0.0334778642365741,0.0634337322538882,0.0341803505716596,0.0400339208679549,0.162646091483374,0.0748974057679804
9583,12646,0.144351525984953,0.104481663394337,0.0328791782669283,0.00773966184022469,0.0679553961674354,0.108170835064882,0.105229203673691,0.105128696959172,0.0151842125801706,0.0474168611934173,0.168749287793966,0.0927134770808219
13322,11433,0.077969037859259,0.120586729032727,0.0294464704514408,0.0153515874999396,0.0683098461432642,0.121268422488543,0.0513611226925461,0.0459875709382698,0.0523286200061218,0.0301972811617486,0.32821306299817,0.0589802487279695
14694,4680,0.241173157808688,0.177099582925954,0.0308923298701012,0.00475513733636349,0.14730888521341,0.0877800842161524,0.0574236370324412,0.0370582906702574,0.023489991512416,0.0429787976122223,0.104602251653224,0.0454378541487709
10417,14091,0.014585067235033,0.069044013780153,0.0591827382982026,0.0696543413081497,0.0873938086730484,0.385699047174699,0.0201835108768321,0.0932351392270634,0.0107495503857075,0.0192677722105113,0.0777586460794128,0.093246364751187
16096,12874,0.0905581288014331,0.1630993464236,0.0534345689083964,0.0103843437300019,0.10747930385898,0.0688395695285441,0.0364946389329073,0.139100617052163,0.0384248506408922,0.028915418788944,0.173377783835666,0.0898914294984726
10552,12403,0.00697935616557062,0.0675122302164309,0.109789086224102,0.000736639115507491,0.164774467447246,0.0438200336835016,0.01661609853869,0.216120192069651,0.0106149460878683,0.0155873153466201,0.161272562162745,0.186177072942067
14302,16494,0.0468367822119,0.0839820458304786,0.0818401311597226,0.00454553488924193,0.230579302416354,0.121102347257784,0.0155383841226525,0.130614967400352,0.0336147980911544,0.0214953401237398,0.115594299939963,0.114256066556656
8198,13131,0.146206192503748,0.14498555455496,0.0375732190538225,0.00191941805336317,0.102814540817051,0.0969214521728998,0.0740448894404241,0.131485117637358,0.0404670369463224,0.0514282131114807,0.0934599419816335,0.0786944237269364
11230,4928,0.154448222642736,0.253544664312451,0.0368126844190473,0.00672101782684162,0.120862906550234,0.0693426228476594,0.0529026518342786,0.0571163211515666,0.0223068269138239,0.0668482680733678,0.0710551429308243,0.0880386704971703
10147,17467,0.121252964437407,0.248975333081005,0.0317392453228094,0.00337947811461927,0.160262857977016,0.0617113701287957,0.0271574961844303,0.117939865396689,0.0401560639283542,0.043929382884418,0.0826802092600118,0.0608157332844452
12479,5649,0.141256459654848,0.219767129849963,0.0296242374977039,0.00586376513752766,0.162029863501436,0.0746756273042357,0.0623653169651521,0.0509160663842758,0.0397417842900824,0.0466822832043554,0.0850643577738439,0.0820131084365753
14429,10949,0.0693667856216,0.0861253263006801,0.0563927048783637,0.0255455231954629,0.167825153790906,0.182645346983931,0.0254328782739256,0.0896569020057784,0.0249785385003465,0.0373463005964819,0.123698864330813,0.110985675521711
8751,12166,0.180881164438911,0.144024929685754,0.0429512310050067,0.00979194234892285,0.0927600325920821,0.110646920603883,0.0229001359782764,0.0917857275122017,0.0263215323428536,0.0919617040046584,0.153985194707286,0.0319894847801646
8613,12407,0.178502412387758,0.11140734105727,0.0323548571327779,0.00326792840405529,0.097418375297508,0.0795111907089332,0.0693843157213684,0.134026380137653,0.0211118995892515,0.0730158977926687,0.101177477862202,0.0988219239085544
16506,10222,0.0594304738258764,0.198869290551051,0.0569227902594515,0.00461915877638411,0.212888244661953,0.0741807844893132,0.0399705700824383,0.11761920881877,0.0217929033713238,0.0278108063972525,0.0951897947680532,0.0907059739981323
10402,6376,0.112343379386609,0.246653608230473,0.0324883391312282,0.00556849836736979,0.164416236442278,0.0877194315292943,0.0273619795787284,0.0619472583597994,0.0205330655872022,0.0385561853119769,0.0819117878623007,0.12050023021274
14153,11432,0.122761476621356,0.164592177300388,0.0501010938020618,0.00522133763295394,0.149882063798022,0.0884290528833697,0.0452107024953094,0.0971765140858977,0.0346850271684824,0.0622033111658347,0.112667846434481,0.0670693966118426
9854,9753,0.108331084919251,0.170754054423292,0.0362097574529495,0.0130917582250076,0.117251581592791,0.0508713343720115,0.131356707515425,0.0679931845508797,0.0272256479425725,0.0533895967528738,0.117078292669761,0.106446999583185
18728,12628,0.1173113454278,0.163687648668565,0.0454842205815979,0.00171160816548523,0.139269070692206,0.105876179611997,0.0853714533893082,0.148880251808726,0.0352776339854679,0.0308474661933458,0.0707812423649273,0.0555018791105743
13863,5164,0.151783702772703,0.191324027075535,0.043189721105554,0.00561112240739651,0.153742973689738,0.0555864479742517,0.0416678268751189,0.0465373182511655,0.0501651145688847,0.0596682178018751,0.0945823841775624,0.106141143300216
11528,15053,0.0380041174413865,0.0439193924236237,0.0233135154925702,0.104975829291422,0.0752247041052603,0.410143052040926,0.0472316024600407,0.0519603511059119,0.0178150703289228,0.0468072858856888,0.0392129404294875,0.10139213899476
7924,14578,0.032054959831087,0.0321548994092022,0.0238912937330852,0.0804582355449991,0.0737106397018001,0.126547278456646,0.38168744107403,0.020233535847837,0.0138873716477678,0.0253211401936222,0.167823014952191,0.0222301896077316
8051,8551,0.120361266394652,0.278673784681302,0.0445551740971779,0.0149367694809472,0.064685183756137,0.0661986140405346,0.0468438495857974,0.0645739050952662,0.021721428309791,0.0740870760290742,0.0840576691335075,0.119305279395812
8341,15301,0.0794995352215766,0.0782681869553522,0.0520075775677366,0.0156333539083628,0.0775563324597023,0.100006727481164,0.0105246842479686,0.0864532759830163,0.0286167974035905,0.0167208135913383,0.438536476022718,0.0161762391574737
13601,12397,0.209300808700044,0.126041789907015,0.0393484731756865,0.00963209221010173,0.146165294744725,0.116008792046543,0.0313893846433015,0.0836227412853271,0.042935697406477,0.0841331655384742,0.0619372203249637,0.0494845400173415
17196,9015,0.115672529849441,0.216336383169429,0.0480013134253702,0.00466034859585165,0.152774986591792,0.0451572013643839,0.0205685600812431,0.0878090513256157,0.027538602620161,0.0537320674879664,0.128314222771987,0.0994347327167594
13453,7817,0.144675024387632,0.235189633773609,0.0576671508051451,0.00811066539552241,0.157363458747187,0.0489377648542188,0.0491320190615007,0.0735103882880981,0.0236684534812809,0.0608686640240193,0.06964266952328,0.0712341076585074
13191,15532,0.0891911443184657,0.118326816836698,0.0579468518617228,0.0353530027827287,0.133311857169285,0.143473688733847,0.0322318106287374,0.0602493980139568,0.0303811082364769,0.0806503733271501,0.125790084486112,0.0930938636048207
13189,14568,0.0719558439792808,0.0979254528093543,0.0172071612617265,0.0147840935571009,0.0553580877418537,0.56097472578413,0.00819340151809758,0.0173223021225695,0.0233414511965728,0.0080538086388293,0.104445787354894,0.0204378840355902
14149,9503,0.0266456516618025,0.108140127636527,0.0373652728491733,0.0369802398358667,0.100445005583041,0.109603519225129,0.141606381682915,0.104359050048057,0.0242086833447192,0.0200423918029631,0.214736842422724,0.0758668339070821
13045,11434,0.113327423432385,0.203396655519727,0.0545953458229056,0.0122912165770042,0.144091273032387,0.0808070079622309,0.0934317104646054,0.0729651024625979,0.0236149666047129,0.0825207773432635,0.073958432068366,0.0450000887098142
14157,13360,0.0494780603418912,0.0847034247042979,0.048785223944526,0.0186957120604875,0.148560151079224,0.272399392606282,0.017729218106197,0.0707344219454169,0.0210962498549428,0.0504502057639031,0.0988974383808659,0.118470501211966
12774,14810,0.00745460044271107,0.0369630245642012,0.05188872940297,0.00154116988467419,0.112037912853019,0.189273416700949,0.0065136847109977,0.118871582988813,0.0151148234337032,0.00116513799880741,0.307647479995712,0.151528437023443
18034,11906,0.0396027751090641,0.052606806852188,0.0404663720765549,0.0366740866545548,0.153694508598048,0.0285469850208697,0.0348012004099432,0.0519138083668817,0.0367797689414258,0.0640243974642132,0.344387614969253,0.116501675537004
12500,16257,0.104830971531662,0.150809103969562,0.0611485435826564,0.00672108160299205,0.16943393712951,0.096720590403682,0.0324135668255118,0.0778563857459062,0.0356849950044193,0.0475122585517941,0.16145110460067,0.0554174610516336
11939,12883,0.145166287836957,0.151326628567782,0.0493752073047772,0.00711937020238359,0.0741331836829525,0.127158769485066,0.0540620372262164,0.0512574873511098,0.0396514569042098,0.0324705756070178,0.230881954894811,0.037397040936717
9720,11923,0.11811588721536,0.159914897945028,0.0336551078278981,0.00176006172643869,0.105131124776445,0.0917922002610214,0.0625512527742321,0.13564999350431,0.028400051309903,0.0689578336219285,0.100139106744934,0.0939324822925022
13028,3237,0.142558167498644,0.190471110643965,0.0295239662217428,0.0105374358055607,0.120690458266942,0.0719394042844054,0.061176833738095,0.0422012247199704,0.0205302255534785,0.0325286097841658,0.217238105626499,0.0606044578565315
13057,17702,0.0385962639636635,0.160711375336877,0.0810307976238419,0.00180643225081017,0.0934376661104026,0.149957470104204,0.0143822855486212,0.0989069232224483,0.0277076742771716,0.0140667755230398,0.239057255283059,0.0803390807558611
17484,14318,0.0750898292183794,0.206492019411493,0.102277896619998,0.00145204352413758,0.166582913683021,0.0585484736023474,0.0272538239134034,0.112878563550461,0.0237948235191929,0.0309467660061988,0.132430014662102,0.0622528322892642
10415,13127,0.105607524092152,0.118005986002293,0.075507764357791,0.0252920388483505,0.0892673823709969,0.268084221879193,0.0321513401808535,0.0415307311546505,0.014885113999747,0.0251797458684775,0.102135259866461,0.102352891379034
17197,9497,0.178679812457022,0.164983085808304,0.058290540991725,0.00808929697671133,0.110415066276701,0.0379380012493765,0.0553752774616617,0.0605164674393419,0.0244099416775133,0.0723019218913065,0.12539699016358,0.103603597606757
9985,5654,0.179390626343241,0.11395389781598,0.0480249919810261,0.00565427928801877,0.146730588599306,0.0527347974760882,0.111640464529064,0.0294663722171082,0.0267928603572957,0.0649106063794075,0.107837064826268,0.112863450187196
9994,10476,0.154266745161156,0.192374755048616,0.0584347469023089,0.00398448168681223,0.116577376669923,0.0600905172159019,0.0375360099437415,0.0834358974568048,0.0283285096481481,0.0807394555938986,0.122469545118887,0.0617619595538018
17761,14318,0.110996189258275,0.201336174487437,0.0358050198574128,0.00255004643622613,0.107868653153503,0.0454572299585623,0.0192751220232784,0.165079367484421,0.0177925783606077,0.0740799373446026,0.141707896633089,0.0780517850025855
17896,12147,0.0509070276900006,0.0250565123831931,0.022474663349089,0.0210429762429692,0.115740116784676,0.0981970373465983,0.167675593981919,0.0679516164515454,0.0177831667656675,0.0581194845700114,0.280782102652289,0.0742697017820421
17613,9255,0.150794223360593,0.177912147038249,0.0558401801298938,0.00482815789951463,0.0785443048504857,0.0933849352824878,0.0393000788290159,0.0792734008514109,0.037671333303265,0.0517775771341604,0.149078861143169,0.0815948001777551
14989,13841,0.0605658744503213,0.0925937918707557,0.0447080758165558,0.00500927251952949,0.262337899735256,0.0949053876260042,0.0244274981266262,0.146907617515356,0.0353441953561669,0.0124468676839852,0.120466053906604,0.100287465392839
9707,5172,0.136105119127633,0.209212620779849,0.0539877043285213,0.0071746165187733,0.113286145245176,0.0846704525719022,0.0603997779825642,0.0703452624502715,0.0305412214303684,0.0478380884077483,0.114640516907435,0.0717984742497585
8195,11685,0.167631468824662,0.0816044526437697,0.056967066148899,0.0109153198605524,0.0748036772299385,0.145680074654023,0.0565325209461493,0.0393334810530773,0.0286537619301205,0.0684323644881971,0.177351518818286,0.0920942934023247
13466,14085,0.0805068335057739,0.124462838706325,0.0605692121477644,0.0230497858600047,0.111850977916352,0.154490431797403,0.0485772737697553,0.0379797726148709,0.0330067334655663,0.0547109721886251,0.218588510139911,0.0522066578876477
9295,7343,0.145341187374505,0.284523425017617,0.053797733285901,0.0104968123209518,0.112204002775465,0.0490115372454051,0.0577146220588344,0.0682498100089063,0.0268516671900928,0.0523669030470655,0.0798416431795193,0.059600656495737
14841,9261,0.126553754119388,0.23235667798843,0.0544686046424956,0.00675727505506148,0.0940622865597785,0.0781186738608778,0.0720270671903777,0.0762791530692472,0.0369085443935328,0.0674297860275626,0.108511714680008,0.0465264624132406
9578,10235,0.0996138157764935,0.195810400601621,0.0467535208271709,0.00820420664738777,0.165710078500804,0.0827165837137707,0.0377322503402792,0.0703018819348129,0.0317863066618994,0.0504776729258321,0.0931558356188851,0.117737446451043
11389,14813,0.0175576841509581,0.0226702830284843,0.0204885851305091,0.15694854675832,0.0314924033530884,0.526192478248671,0.0196178312368689,0.0605462572261525,0.011349631874234,0.0122765052024027,0.0530370277925487,0.0678227659977627
9152,5173,0.119292548653743,0.111251683495563,0.021273665119068,0.00867617177689907,0.0861723861989823,0.0109156998532539,0.0212943529141905,0.108301089554022,0.0136987340729062,0.0467884274084707,0.420482591111795,0.0318526498411064
11524,13125,0.0123374165718406,0.0503500921910433,0.069430888245206,0.0414521145749281,0.13660790867283,0.16474589969146,0.0143309872393314,0.106008953677178,0.0157664984926539,0.0185914488487994,0.165244372510286,0.205133419284442
9434,7584,0.141670917390227,0.181746266217748,0.0294947332539851,0.00632440701286044,0.135425669397513,0.0696024125758877,0.0364326767184181,0.0951972621625037,0.0280408106500979,0.03441651208904,0.130372146910901,0.111276185620818
12628,11194,0.128744038408226,0.112895251366387,0.0433725245410271,0.00488549828007429,0.148376748121977,0.125945265708642,0.0399728581949501,0.0910208158931485,0.0200221671551342,0.0576964722789025,0.12727133131453,0.0997970287370025
10684,8787,0.134972817930672,0.167720556803028,0.0460454244258569,0.00376786295621846,0.138497857338418,0.0552825116649213,0.0330629132671086,0.11660356053916,0.01889930205496,0.0849590373807128,0.116006155237142,0.0841820004018016
13738,11674,0.145570466504633,0.172411051170561,0.051609593588565,0.00643589218265786,0.116884499412785,0.101221211675971,0.076932092921313,0.0613708143322105,0.0318560368086021,0.028524817729443,0.123693574141586,0.0834899495316725
11664,13848,0.0135942041243203,0.019784440079586,0.0335193324150756,0.0533772480768211,0.0462198898308276,0.46947358242974,0.00278998411973149,0.0308826395506339,0.0152062267796928,0.00271341503198825,0.262614262054528,0.049824775507055
15272,16733,0.115284973366346,0.105594252988956,0.0514875651132373,0.00169472236332467,0.151602371604275,0.0419554309341957,0.100666086823057,0.13365601650769,0.0401558621947309,0.0281499466618303,0.185065463823611,0.0446873076187454
10833,14332,0.0165820177422692,0.0315922967115767,0.0525331588023927,0.0957873904936178,0.0506034375881872,0.438872719623661,0.0141441083905426,0.0789587746607364,0.0129480453333604,0.00754790924731212,0.0475275562523313,0.152902585154013
9453,16745,0.0928692027603321,0.166464647203603,0.040779644682863,0.00615578451634246,0.279267290501365,0.0315492289982863,0.0130119233228839,0.10999123462171,0.0160043979248507,0.0240520495805613,0.119082332683598,0.100772263203604
14839,8296,0.147920774812151,0.11540477903292,0.0588629679850298,0.00332348421524316,0.140039533130026,0.0778600610405307,0.0542215859145726,0.108468637793831,0.0248956344115163,0.0473900183496737,0.112388314353035,0.109224208961472
12350,10712,0.101195718033418,0.160075567131692,0.0637141552602166,0.00745183406496907,0.164116221304115,0.0839109469128511,0.0500449592926077,0.106188845411329,0.00829471190583964,0.0642706628126247,0.0826995682740645,0.108036809596273
16643,9498,0.1470278414999,0.197657171490475,0.048597634371573,0.00345997238276104,0.133524126020224,0.105568323516413,0.0282549261797091,0.0968248054131922,0.0187917703547937,0.0159530872602109,0.120666509340743,0.0836738321700045
17349,16006,0.0547554559253611,0.24193794830859,0.0498752584221151,0.00639261985659288,0.102606765530918,0.108526902910144,0.0284250180367964,0.123074050571152,0.0283228676571344,0.013568817489418,0.117636085428426,0.124878209863353
17473,8532,0.101542114633941,0.129347278433049,0.0268635619815219,0.00458475610806597,0.11438883762652,0.0345920684070425,0.0121299643975386,0.114106121889153,0.0318065970707188,0.0296274477111089,0.337136255024365,0.0638749967169755
9443,11923,0.0580325380786067,0.27402088243771,0.0420236099370702,0.00280664938991245,0.144897607254793,0.0666816954060539,0.0323449476594187,0.0801045583075399,0.0270667339654884,0.0692138457204458,0.0982830454354655,0.104523886407495
12483,7578,0.0566386505678448,0.140010756528601,0.0390854595016738,0.00867207690808108,0.211156014400747,0.0820060806185198,0.0348843798144022,0.113001224784076,0.0222875815537302,0.0264878377370402,0.155940365487164,0.109829572098121
9450,15299,0.0874233332967974,0.169830363487645,0.049561544607061,0.0154270453894015,0.165950684248918,0.0955443461854033,0.0580646685722388,0.0677583537718796,0.0414593105247373,0.0729681357185667,0.0902348555606309,0.0857773586367207
12362,16498,0.127863839060299,0.146353996575691,0.0335790949851269,0.00687098232034851,0.200174904387201,0.0829146737139975,0.034866006702313,0.103222903317895,0.048046414906113,0.0392258616045821,0.118070117028963,0.0588112053974694
16095,12392,0.161441555236538,0.0792791152591574,0.049105409941255,0.00263641330043124,0.141507129682624,0.0803480911422284,0.0735016427753801,0.0949012476584599,0.018787684340843,0.0697502353625009,0.144097479306426,0.0846439959941569
15823,15286,0.103131148193725,0.118276179134198,0.0519161139671047,0.00603895474600963,0.190877887318455,0.0726315358454538,0.0363153430831629,0.14578832617963,0.0175672904270321,0.0361249087157835,0.123147452110268,0.098184860279178
8197,12649,0.0963743976978892,0.17958425715373,0.0506692172925883,0.00491934127239725,0.13455703026426,0.0673968559953665,0.057784523511089,0.076510645029373,0.0247169535054504,0.066420115327832,0.112808403007705,0.128258259942319
15822,14321,0.0569537145345095,0.18481019083787,0.0434420289695236,0.00382612917243944,0.115797680239215,0.0538461706802093,0.0168482501774237,0.220908495993582,0.0233544315222522,0.0512639349427739,0.146771309329502,0.0821776636006996
15250,5643,0.0921490861887835,0.413733739625883,0.0150938125498937,0.00173496045759788,0.108673664479876,0.0603127323159021,0.0337106132092608,0.0969906963453966,0.0151918213180539,0.0164146520580664,0.102099809042446,0.0438944124088402
11510,6374,0.137335248251813,0.145096118442228,0.0568060245323418,0.00602880692813319,0.146004853100357,0.0759448762214065,0.0349527563064886,0.0800127999837807,0.035972410040975,0.0394464549008595,0.103109935505502,0.139289715786114
7922,13614,0.0444714687963273,0.0706904569193382,0.00870510898187466,0.00355832611173475,0.0336443755615946,0.011718211277493,0.00516156751608062,0.0468445316672626,0.00567305769178156,0.00403785387435612,0.729768267389068,0.0357267742130885
14146,8056,0.141930692077944,0.222902870492185,0.0274375388651002,0.00640237791116441,0.172467793577197,0.0804408753964473,0.0391758392478525,0.0961062757599163,0.0212812776476658,0.0341032741679084,0.0907388004318218,0.0670123844247977
9153,5656,0.18672239808233,0.155790962974735,0.0335342367837257,0.00372605748438136,0.0744080575300522,0.101564737888341,0.0588645194192688,0.106292533996615,0.0141680518209086,0.0355841059212037,0.12970398995165,0.0996403481467888
15531,7571,0.0794912904878951,0.210151602857124,0.0369508519498708,0.00104874194910931,0.143249847724534,0.0481675032230755,0.044766160202634,0.0971054368141539,0.0273889022401948,0.0165678088565648,0.176213006822193,0.118898846872652
16796,16489,0.107546745018264,0.222479375436168,0.0304287515424964,0.00878328427546276,0.169490796488134,0.05550811367912,0.0136493077836067,0.120312596811049,0.0241614416861703,0.0659044551217108,0.108652985075072,0.0730821470827454
17617,11666,0.125488010327366,0.114979679761068,0.0349505824174989,0.00676289696753636,0.145322524057946,0.0407206219982168,0.0341268822142961,0.1265026107226,0.0320641959216226,0.0239909023536892,0.165425552535215,0.149665540722945
9442,11441,0.14663583491508,0.159314738519929,0.0658217705726933,0.00451715618248015,0.144476664386656,0.039877008523795,0.0287264140338324,0.0982060117809576,0.0261118392412045,0.077151076907432,0.0793082697950385,0.129853215140901
14439,15771,0.126898160598748,0.15216991501322,0.0459987248957107,0.0164910863232199,0.122493718519332,0.120937142811571,0.0790122298395216,0.0720360346936113,0.0228097820145526,0.0419220097322804,0.128045684888653,0.0711855106695799
10966,11197,0.167671369221089,0.123573868480711,0.0495969644616237,0.0248587735768821,0.139397188320654,0.0440472899247103,0.0669514168765833,0.107121233751007,0.0634884631094753,0.0674510189246118,0.0787657062082751,0.0670767071443768
10272,10957,0.091800267570818,0.132184715767908,0.0622781707605312,0.00548351551076793,0.144282688705683,0.053334057155593,0.0283247182373112,0.110750742330103,0.01864021097138,0.0367917606960715,0.176799164493385,0.139329987800447
11113,15777,0.099061958827991,0.151135327773013,0.0467034717925057,0.014506535604461,0.126289002141919,0.1300297758206,0.0212963769142798,0.0763008361560021,0.0271458557928138,0.0294335846970658,0.197023178987052,0.0810740954922971
14160,14807,0.0332843112988363,0.0483409866566247,0.0786893695591567,0.0153856875431901,0.175896431725213,0.139105293891872,0.012468662567757,0.0957566865625004,0.0366944623575815,0.0162622688109173,0.206190034795215,0.141925804231136
9723,13369,0.0760354833040209,0.25268541226072,0.0579007511047388,0.00128009696999978,0.168447829783059,0.0496261529124505,0.0145251008251333,0.144170963147949,0.0142236881005786,0.0249005044736551,0.139921738359615,0.0562822787580807
11644,4204,0.162956161403052,0.204728139146564,0.0403452587027148,0.00745370818690716,0.127640001233038,0.100010091759584,0.0301931120846869,0.0500592718994425,0.0174356561501973,0.0562560914524782,0.113167648569662,0.0897548594116724
15551,17697,0.0451864227236231,0.183199362553611,0.0291986280325803,0.017196520415182,0.15433618501391,0.0450381376104439,0.0489463663697725,0.113550834718866,0.0244987895082328,0.0176934045085046,0.206097307946986,0.115058040598288
16089,9499,0.0705744491996739,0.161215340378492,0.0568527686260883,0.0162209857465067,0.221941371779166,0.126310069723796,0.0479041292157567,0.0718117260879889,0.0180240764855754,0.0163087192831381,0.068007923497485,0.124828439976332
11662,12883,0.0221464676111035,0.152548088663887,0.0639471667524543,0.00300477507983176,0.177869319545831,0.141454111205224,0.0256005946384649,0.131395331692798,0.0284463007778244,0.00691801517123148,0.119844954743197,0.126824874118152
10559,15779,0.074636241906661,0.143498029651507,0.0634698413933538,0.00168230941522888,0.208327586208125,0.0961830394202984,0.0171653706584737,0.118491804235889,0.0188300421217127,0.0243826765247542,0.138214621810775,0.0951184366532223
12218,13847,0.0679567634058466,0.167576446501436,0.0630960629807843,0.0188765578968697,0.121447611537314,0.100473635291908,0.0369025758894256,0.123519882020509,0.056485915373208,0.0617195488808366,0.105423603909831,0.0765213963120311
11252,15536,0.0627814729907759,0.118561656514027,0.0408602934472718,0.0158874371451322,0.211701878802124,0.141473487145582,0.0269177340622775,0.102339474235335,0.0180895777733497,0.0382973454104099,0.1283932611363,0.0946963813374142
10400,5412,0.13211661497289,0.179473424570872,0.0326664282717897,0.00533913421958142,0.0973106155796179,0.0895619757708773,0.0752110584101621,0.103666880942884,0.0171405189757232,0.0704915675522176,0.0786024595524564,0.118419321180929
9590,16022,0.0361830402539358,0.136660780669792,0.0789394662258946,0.00337182707589454,0.223567405697348,0.0578831235633577,0.0287402818391159,0.0988970833032493,0.0341158486465894,0.0236229220078492,0.189164997735588,0.0888532229813859
9991,9029,0.0796667118132765,0.148710833311607,0.0682823141486307,0.0123099532900647,0.142997215382373,0.10509812000289,0.0282959033288494,0.122051540640711,0.0375452683893601,0.0164907892126441,0.15330641063551,0.0852449398440845
10137,12645,0.135616210708287,0.210176118586477,0.0524707317203699,0.0085203456654082,0.092074137729416,0.0624543031776907,0.0911127219793867,0.0782725570119866,0.044114851649618,0.107043080121726,0.0518507418486997,0.0662941998009343
11799,12160,0.144971788736461,0.123324818372821,0.0679441150227984,0.00315537932611281,0.136442218589379,0.0815543094650644,0.0503766649752757,0.0804992569688994,0.0383676634071237,0.0654679759393799,0.119280441184064,0.0886153680126209
8054,9997,0.128135236749013,0.166942363868904,0.0450174044272121,0.00505389382717165,0.138682333377111,0.0812065778500223,0.0579836538136745,0.0685905605909243,0.0315785060544911,0.0628816771977502,0.0961029977564373,0.117824794487288
7499,9999,0.0863177060320875,0.14928031276816,0.0337390379900106,0.00358042113840636,0.120560338948633,0.0468102376231376,0.0115800727116556,0.0813198356625906,0.0154980057814434,0.0127216016903966,0.410505507406246,0.0280869222472333
9719,11441,0.164863516900364,0.203995078499126,0.0407793462312897,0.0025980579562942,0.130464311473802,0.0547361762072605,0.0237774778309915,0.140495454749992,0.0141587008944253,0.0665058496720455,0.0725543894636156,0.0850716401207931
10689,11198,0.144943434548416,0.095686255351371,0.0346958596622864,0.00264311094107349,0.117087872741429,0.0644315357085947,0.0602301455419669,0.102376349009994,0.0454085972718283,0.0937709370404688,0.205076511836996,0.033649390345576
10834,14814,0.0177282715592313,0.0190254417696508,0.00881382345324796,0.0437643846794766,0.0373674523008983,0.762083155769424,0.00223550976917787,0.0382811669920252,0.0132327348729045,0.00126910154980884,0.035543310400027,0.020655646884128
17059,9738,0.160727807978973,0.136268277352399,0.0273080299267338,0.0020689764167698,0.154419211337552,0.0519552170155251,0.0491496646319923,0.0981763065821947,0.0199325931779416,0.0260441811631095,0.161474669362446,0.112475065054365
14143,6610,0.169512268976764,0.163325678685782,0.0289171476554146,0.00398787184478563,0.145315730919085,0.0865552658973213,0.0410486470241378,0.0614124390493355,0.0288011005406389,0.0441392663453934,0.149441256887177,0.0775433261741637
16935,16730,0.0753194250289751,0.174471738739887,0.020298963222133,0.00778368498526121,0.0929694034667111,0.0882773279790695,0.00763375126456408,0.129431879619281,0.0147669797507098,0.0460702673922712,0.270612628518547,0.0723639500325903
8482,16506,0.0823256783405591,0.0948640414934491,0.0165055227406063,0.00226756471232882,0.113605834828391,0.0456985145989468,0.0155247056504278,0.111897012576285,0.0221871376765266,0.0182639137887582,0.380008734656558,0.0968513389371632
9173,15299,0.119909397987987,0.150908459660377,0.0307356342589498,0.0138405328560994,0.0689225330136981,0.14527940016654,0.074114278336497,0.071181077275621,0.0307410847372246,0.0240379529438771,0.143963803991827,0.126365844771302
13866,6610,0.120992962835174,0.214933444854092,0.0339158383648532,0.00264053474553001,0.124241644394266,0.0728938007183429,0.0528459877339739,0.0628935987463389,0.0330642678484131,0.0242890938504583,0.140629035819579,0.116659790088978
9035,15541,0.0671920135990164,0.101883565027173,0.0298757947781701,0.00635737476479761,0.145627206323323,0.0990799132195118,0.00882645816901871,0.0837282847351223,0.0118598451619756,0.026418829006458,0.357730157062389,0.0614205581530451
8757,15059,0.0939358522922163,0.117529690559113,0.0377589799514473,0.0182087994356416,0.136284668956691,0.0625130697868499,0.0705930861213202,0.081043556090471,0.0228790963565918,0.0752930895251521,0.170341602169342,0.113618508755164
14705,10466,0.0934588567058745,0.0699008880537636,0.046122673854426,0.0200062415386032,0.203035150330205,0.0583212484577929,0.0643287198572516,0.121730255475658,0.0253268442352526,0.0595396380078211,0.17422277701873,0.0640067064646219
15949,8776,0.17323610299823,0.114948513846985,0.0235502956346635,0.00231303869354096,0.232886998541741,0.0780610836915201,0.0263652281571875,0.088334912985682,0.0119653431321778,0.0387293172691853,0.133600598374398,0.0760085666746889
13871,9021,0.117817101907277,0.144465482238803,0.0604596071088167,0.0110747070577486,0.138243747235359,0.0646981163279884,0.0417941597448139,0.0989320369892167,0.0220529276581508,0.0272618871512137,0.153228640276647,0.119971586303965
16519,16490,0.120571640517454,0.207872666347163,0.0456636816579886,0.00646905076016123,0.136528310571508,0.0646386857175843,0.0200526991642049,0.103713386213795,0.0345831124003732,0.0561118580918656,0.116890578934518,0.0869043296233834
13168,3960,0.103538901751881,0.157977975789463,0.0352069053215854,0.0236116006653393,0.142788635061282,0.0791867957827215,0.184006986778013,0.061909638441997,0.0159938261551617,0.0167640945765332,0.121507043832652,0.0575075958433714
12778,16739,0.106422202481404,0.140099157838597,0.0453397658595196,0.00729600802344561,0.196264010347631,0.0960275487858322,0.0381808119887602,0.0775806321957821,0.0216091090989342,0.0326959388893867,0.145701770729113,0.0927830437615947
15119,9260,0.197221184464172,0.142333271602286,0.0315899948527463,0.00771494582167982,0.137350244051834,0.121334609222172,0.0701156632310145,0.0511011240516589,0.020057926476407,0.0522795144880858,0.06916811062146,0.0997334111164839
17061,10703,0.0511288057617082,0.164622986903891,0.0507344942921821,0.0104968395719697,0.244309960173245,0.0769297816222644,0.0224744791970436,0.106327022927188,0.034259218286362,0.0499581003097896,0.100535566980397,0.0882227439739593
9983,4690,0.214642540745152,0.170775087215992,0.0379055237354288,0.00469450613582863,0.0916538117502787,0.0790484509215905,0.0744380586781595,0.0519624420005223,0.0225032222356386,0.0782021469878109,0.102614585617916,0.0715596239756826
15961,14562,0.0575508914867759,0.110513059773849,0.0599491146195987,0.00380663524408749,0.148174841144238,0.0914189513331439,0.0225394948607075,0.183615453535841,0.0193206554708257,0.0119781176125065,0.153028112291646,0.13810467262678
10268,8546,0.123415921569173,0.226630794807328,0.0435932015644683,0.00598168127867788,0.113832064733241,0.0926193970581692,0.0400539146319756,0.0523778304123675,0.0331802489154656,0.0354956962776024,0.0997154495715308,0.13310379918
10000,13369,0.0308409554242621,0.0996320103933977,0.0424870782534669,0.0115802214602437,0.108170479538173,0.249271476469847,0.0128442819487536,0.0621663791061395,0.0199785640319416,0.00923918680660132,0.242050781846687,0.111738584720487
12614,3961,0.193228742517986,0.0929305128913077,0.069111099601098,0.00467341034320308,0.140397840262902,0.0992313206227618,0.0700595465196024,0.0411243985657938,0.0252211775255484,0.0476366633480434,0.0782239508784233,0.13816133692333
16102,15767,0.0330152035986473,0.0867818321805126,0.0727681676695354,0.00263159109480814,0.279717571883692,0.0597369403511282,0.0125682812248432,0.163549734892895,0.0264552770025298,0.0135118124053841,0.134162723462421,0.115100864233604
14985,11912,0.0710220449161283,0.12920837581902,0.0632249294959702,0.0090504584478456,0.0927214971324025,0.212259431867425,0.0376391543287359,0.0576245158399412,0.0180775574708933,0.0169172484613852,0.191888573313436,0.100366212906817
14426,9502,0.158315336411038,0.146224066622294,0.0291418238654648,0.00447900200929346,0.122833148954346,0.109255250854381,0.083894961165042,0.0637122269778981,0.0172594867566634,0.0612116691672169,0.12244352844895,0.0812294987674129
17757,12389,0.0662430587134992,0.137838854534086,0.0403076650507967,0.019633863765753,0.0984999928452514,0.0777850599068683,0.0883035355727904,0.116910631841591,0.0242156839170305,0.0585493139462196,0.244100544037877,0.0276117958682374
13327,14326,0.105636940809981,0.0928786963297907,0.0512000015575114,0.0142808197298834,0.142964758623466,0.186590758186267,0.0250070742573188,0.0503004350437466,0.0415674723236254,0.0493656350662356,0.184962198296719,0.0552452097754539
12073,10713,0.0732620459734247,0.163780468225262,0.0639934353914317,0.00353063584893045,0.120872963086501,0.153344829162007,0.0635091313690425,0.0810693846745909,0.0138682441081311,0.0517849123214939,0.10736880903518,0.103615140804005
10545,8546,0.0731898373268317,0.299304749518253,0.0477438724499361,0.00292765210108336,0.10922601244012,0.0595527124129058,0.032452988203101,0.125926242921524,0.0131418529614571,0.0512162134983865,0.116232890954504,0.0690849752118964
9724,13852,0.109438300382675,0.115872725303617,0.0522143143681357,0.0102316308882533,0.193249762943488,0.107896325722159,0.0473755022488921,0.140711156317486,0.00726573539087734,0.0408516335578502,0.0856669123207618,0.0892260005558052
9313,16022,0.0707158423903881,0.107158242878473,0.0417673403365905,0.00456684203853411,0.179304700920268,0.143137803148617,0.0362439850457801,0.141387265079838,0.027318510207033,0.028688855978997,0.166729092019749,0.0529815199557313
10693,13609,0.0262651457554143,0.0746717564245404,0.0987175681695368,0.00104645276713876,0.22158284474537,0.0830099311452181,0.0237154537501654,0.180478055287793,0.00799229783763476,0.01674826105485,0.110479226495762,0.155293006566576
14421,7092,0.100487115728829,0.0915501552920944,0.0947018440303332,0.00783804352967854,0.212828695894437,0.0762405122195234,0.0215428222740653,0.0930442377839028,0.0328942366211823,0.0385037009520833,0.123725081753305,0.106643553920565
15952,10223,0.0426724384743401,0.109609903578549,0.0944170844443612,0.00257529073154657,0.117833092679846,0.0391709367397407,0.0339279068471724,0.24224253773693,0.0137764508923089,0.068780546284544,0.142233537463731,0.0927602741269292
10126,6859,0.186517570704156,0.146209426973619,0.0644300308218695,0.00758165038122461,0.166251547057354,0.0678707004614479,0.0344115362321288,0.0856226034527,0.0366193966329632,0.0360016958701447,0.0922604632258492,0.076223378186543
16504,9257,0.127370013054943,0.222540220036076,0.051044345901794,0.00340784482436279,0.153674374857394,0.143514240368158,0.047149601832745,0.0536920888399744,0.0316581952666371,0.0301329821696076,0.0851184537206726,0.0506976391276362
13608,16255,0.048353241083627,0.105103846905873,0.0550572471997463,0.002429213877558,0.187259327325963,0.0720068842548359,0.023157909671098,0.170242420150791,0.0237014714181333,0.0236112656002857,0.153136516870961,0.135940655641128
14568,11190,0.10894844757334,0.141232393163198,0.0335255900504601,0.00670131182147051,0.219288666776027,0.108790548453549,0.0548727388601661,0.059690438182843,0.0246019015023345,0.0739471845284887,0.105120653041084,0.0632801260470389
10975,16019,0.0961314359941767,0.114676605501433,0.0765890267787542,0.00669252079770996,0.22740348231022,0.118937448552517,0.0130974300751794,0.135591383071673,0.0238598955967898,0.0255047874245577,0.0781785868650743,0.0833373970319154
11933,9990,0.0850347865652035,0.240789079269982,0.062105868179485,0.0073885401511822,0.1164591450663,0.114172786285876,0.0271101898069872,0.0945653904178964,0.0272981924477554,0.0939699336961442,0.0627763369597995,0.0683297511533892
8620,16265,0.0873321770225943,0.17179288663693,0.0530291466160967,0.000775264912234388,0.152671529141534,0.102667377934373,0.0155473397862797,0.13326289377452,0.017123456932277,0.0291043710760108,0.142911705451766,0.0937818507153842
9316,17469,0.0361026823526894,0.0714437732955683,0.0809928645603963,0.00206688832928152,0.19795334918865,0.0267458322152258,0.0124950188005742,0.226142856947727,0.017782481240202,0.0130567786556577,0.225614021538895,0.0896034528751321
9995,10958,0.159252138910418,0.0865470933073659,0.0562683895154207,0.00627693128930909,0.20376931678739,0.0713341050148588,0.0440371503788792,0.0730550913468302,0.036478089099476,0.0496234006014103,0.13560014793744,0.0777581458112013
15958,13116,0.170047683684251,0.167948538786311,0.0310857768241467,0.00209444830074167,0.108792015268394,0.0708317514940249,0.0523790215552025,0.112563881192567,0.0219464594587421,0.103493242265797,0.0921713633267221,0.0666458178430998
9853,9271,0.068745624439904,0.262655811024015,0.0419559209723781,0.00837594648062505,0.212118113348598,0.0773349155737211,0.0242649701753274,0.035450879328999,0.0531596831725908,0.0512616153966664,0.0734658975021611,0.0912106225850147
14000,4440,0.0893725728404119,0.203513580659479,0.0325663171075559,0.002820209260416,0.12693197927983,0.114265071050734,0.0262575359229926,0.124227827156192,0.00911267064977238,0.0264821220153184,0.158755877159542,0.0856942368977562
10537,4688,0.161137412944495,0.22693435641488,0.0541905520786571,0.00459204294043517,0.107144200245262,0.0884264540356116,0.0205340804762087,0.0509380188203701,0.0245190562699663,0.0855375506320315,0.0926741586604029,0.0833721164816798
8739,6380,0.155455587570794,0.109857906804199,0.0466918969706189,0.0102089646895371,0.112156356388425,0.0529636219250162,0.0794707686481577,0.089296764654836,0.0265424972842456,0.0624537633085922,0.127185266066544,0.127716605689035
10971,13608,0.0130392924042921,0.0239353749842803,0.0454524971404646,0.0587023012823323,0.116355036789822,0.360865996887105,0.00398717786949,0.0458124262313129,0.0193828645650569,0.0177751775656546,0.160084054781676,0.134607799498513
12084,16017,0.0635469092009581,0.097906194941758,0.0543026198336367,0.00988704369411126,0.220656033230025,0.198581344901671,0.031359109686643,0.0901188879138615,0.0263765863950477,0.0377606949269091,0.0942909937065387,0.0752135815688394
9038,16987,0.0714560133592822,0.158026329762815,0.0484719242210493,0.0249155881700274,0.303919185218333,0.0605023762720519,0.0191766345152155,0.0979631086791813,0.0124415412679997,0.0298101915959696,0.0923131189941523,0.0810039879439225
16785,11185,0.0917847025981803,0.132372980776656,0.0416162215923778,0.0119133864559912,0.219509753130673,0.0600241883028977,0.0321888422554017,0.0796201956157727,0.0166832834150504,0.0459872038354784,0.158120740914517,0.110178501107003
16229,10222,0.142249256113356,0.148391898475342,0.0391420412383044,0.00560948121673499,0.174290495471857,0.115247832104432,0.0366331900553542,0.112854945370047,0.0117806903629953,0.0419924354726861,0.0971184552099961,0.0746892789088945
16500,7328,0.155450206610817,0.206904618579621,0.022261179020643,0.0042462598456308,0.148702066580442,0.0581550686000782,0.0502362415913525,0.0560900871547622,0.026809707539518,0.045433929051616,0.131905976320091,0.0938046591054284
13606,14808,0.029107646038132,0.0630120011049697,0.0377178126956347,0.00829141100691554,0.177852449818246,0.105027639309377,0.0171384505998291,0.115778044478911,0.0288020738200309,0.0263598418596122,0.276822566176703,0.11409006309164
9847,5895,0.108321628481276,0.220771900938802,0.0487824007043502,0.00348179351014165,0.103015915880698,0.0671754169764755,0.125083045230804,0.0734746488728305,0.0374628227166133,0.0312913751078271,0.0865728691550739,0.0945661824251076
10005,15780,0.0919721938332677,0.101013251279683,0.0499547489269947,0.00379696866594733,0.179007033703417,0.0745866752166831,0.0337475115750918,0.117644444239269,0.020385060329976,0.0490298980117033,0.209506809717628,0.069355404500338
10122,4930,0.186916557071898,0.160896335327726,0.0253606308758191,0.013153725144226,0.162785819189322,0.079713730568792,0.0537807870897493,0.033466054282383,0.0313144147304092,0.0476559341456727,0.0980663194724956,0.106889692101507
14837,6850,0.105418415266036,0.180533797231519,0.0477935003630728,0.0099030914729097,0.167576748975026,0.0657644344917561,0.0461752627034232,0.101602494801881,0.0175194996841499,0.0440218100960194,0.112937730080513,0.100753214833694
9433,7102,0.170309096887711,0.112476346445005,0.0315481496420327,0.0141030703936115,0.124306900102221,0.0946371547760246,0.142256648765969,0.0463882032328905,0.016321246717696,0.0876145549138602,0.0844503276759485,0.0755883004470301
10967,11679,0.171586626275401,0.193942763321913,0.0337774093929445,0.00396063073015182,0.136403983039037,0.0459737923645109,0.0409291631868685,0.0977698493290861,0.0461975789189532,0.103033106923131,0.0618573389474135,0.0645677575705888
15131,15528,0.0538757497593263,0.161584981714411,0.0437518341154887,0.0123241240289921,0.197956250303929,0.0793205264708618,0.047781785550143,0.128044024083234,0.0258803506062973,0.0422098965633418,0.11367927306468,0.0935912037392946
11097,7580,0.0653488939335934,0.19707387506909,0.0342222799448555,0.0177520763140732,0.1294301397022,0.0410622501428731,0.0951314597680104,0.105817633406533,0.0310643746898499,0.0731065592379411,0.0963189790940672,0.113671478696913
10128,7823,0.104249183499863,0.133059361022505,0.0690397570347219,0.0378065242110158,0.0995938084562959,0.105397431274439,0.116187923317829,0.055354622440019,0.0271841993602024,0.0518519508728517,0.106543957379046,0.0937312811312107
10410,10234,0.121965748605472,0.203787905476918,0.056584371378891,0.00353105799173998,0.13260998273842,0.0843883762063763,0.0648249774200836,0.106925079236879,0.032858127604876,0.0590110589911601,0.0606766704083624,0.0728366439408212
10685,9269,0.0978445756576329,0.18155391358806,0.0506143828265536,0.00212024628981984,0.114388662284778,0.0910103619524521,0.0642997732339917,0.103387879153674,0.0200369637683068,0.0286877467766201,0.194443308470355,0.0516121859977557
10687,10233,0.114615677544397,0.138749641262485,0.0529126701787038,0.00144146598281658,0.138766367391401,0.0796959803142907,0.0326000511361791,0.122972178277297,0.0126055746648347,0.0514108116470167,0.164638285057395,0.0895912965431842
17201,11426,0.109170130360444,0.199822548110758,0.0444202604004453,0.00455873861242463,0.181958309632766,0.104263334433422,0.0200996848238119,0.088070904874767,0.018529054165558,0.034290705736754,0.127536219494052,0.0672801093547975
15390,6366,0.142012942391651,0.128548401843568,0.0350337411996337,0.00342784069620703,0.205668797114805,0.0786080745926383,0.0520555005520002,0.0948518195256415,0.0228946635299048,0.041055385156954,0.106907263009289,0.0889355703877074
14009,8780,0.11155640313109,0.167115363958854,0.0476028840493368,0.0051188419224426,0.105620635345982,0.0667157949413174,0.0506030183548706,0.0789862800989846,0.0426499678450667,0.0341512952325439,0.155236232434061,0.13464328268545
8896,15300,0.118010459981385,0.180985604669452,0.0469569274250581,0.00662127740703037,0.12666038493243,0.134032436972009,0.0533827691123042,0.0814300479627617,0.0599573912582099,0.076415667108446,0.0676252936890453,0.0479217394818685
15953,10705,0.116042021975859,0.135153065050325,0.0671534295646658,0.00848827744721514,0.1893347385628,0.0760742069057495,0.0500740272666358,0.107202486307072,0.027304068013436,0.0542174181381671,0.106448350668535,0.0625079100995393
12903,9747,0.119327558087573,0.113675773126705,0.0323136717497955,0.00881367855858084,0.155798022159644,0.063310568718338,0.0342853502962388,0.131933005302518,0.0189788384644612,0.0543497083029841,0.125244219507468,0.141969605725694
10554,13368,0.0315642965701754,0.0447482881279149,0.0340716739049969,0.111973522178772,0.0719116893560219,0.405064616071201,0.0354823796076033,0.057875127324859,0.0284094482463744,0.0298615523514016,0.0655335064691554,0.0835038997915244
14575,14565,0.0508284732448871,0.127654873490944,0.0578866460058609,0.0118801513361963,0.215047263201969,0.0974448042380004,0.0551299370535259,0.136884381670494,0.0262815824180241,0.0392063372666343,0.0622417950443772,0.119513755029087
11517,9749,0.118926227019572,0.154474916497604,0.0497656051673569,0.00773276898830163,0.133016083695378,0.0999148527381113,0.0639008431949786,0.0972728704826333,0.0358453782980573,0.0892419622948111,0.0797364475006575,0.070172044122538
10678,5894,0.119966145851167,0.18542642939927,0.0367361032000883,0.0100287341671502,0.11351270476374,0.0450351288908855,0.0618525648781251,0.0638314354516705,0.0230909677744109,0.0774535627442084,0.0997162336373055,0.163349989241979
13448,5406,0.101016754573505,0.136651184998955,0.0457697371240628,0.0129006386005487,0.232403929184984,0.0387131363373195,0.0263850107369628,0.0745215755326026,0.013057006171545,0.0281059718206628,0.127568548872504,0.162906506046348
9018,7344,0.129169055567589,0.0923498874288771,0.0365281001017848,0.0125847801053243,0.112550181043597,0.0618674259251771,0.131012174450081,0.0723647556640672,0.00984429736857293,0.0836950657677685,0.190721763683176,0.0673125128939861
10958,7340,0.17183438620963,0.0862259513838762,0.0360609963901916,0.0067586999255669,0.176016183474049,0.079482382980748,0.037960070919024,0.0789212648396291,0.0454275421763712,0.106370933808606,0.0710804191443283,0.103861168747979
11654,9026,0.0999276123388694,0.149228758019667,0.0315968889630294,0.015494563305898,0.133188409555312,0.0505050323009796,0.0615568312098926,0.11380729789827,0.0230980356819824,0.0409106342768463,0.170028952789867,0.110656983659387
12361,16016,0.0962480370525358,0.10912400110087,0.0462594458403266,0.00954046851353394,0.172788634334521,0.117339401013149,0.0300504872134501,0.116169050529008,0.038736234524294,0.0259016639428278,0.150747130540565,0.0870954453949184
8758,15541,0.0841113011614548,0.123415599599972,0.080057062487739,0.00555289712375244,0.113954393054114,0.0781992378321537,0.0842709226137612,0.113075173273805,0.073899038332613,0.076937278720092,0.0816354016705041,0.0848916941300379
9711,7583,0.0990846712077099,0.104438651750438,0.0355364445091648,0.0320588030564369,0.086488005683414,0.106326912588737,0.188163250367981,0.0606069668361593,0.024534272078674,0.0931308500184535,0.0567207001945889,0.112910471708242
10412,11680,0.149765764734649,0.191767157037003,0.0222944989699327,0.00392080014865461,0.14443413912739,0.104420815511327,0.0440237741449233,0.0320467093342579,0.024831017736686,0.0884444388539422,0.0961371022798056,0.0979137821214292
17624,15041,0.106307502673245,0.17445218478502,0.0677322413110242,0.00934612522503298,0.11142144539495,0.0391055204595528,0.0189079493585243,0.173863580398517,0.0151028178013155,0.0534220835010839,0.171225786493171,0.0591127625985634
17614,9737,0.138264261496163,0.151144041559215,0.0398929099763264,0.00647668069182782,0.158307725242254,0.0493919802300631,0.0312091105728813,0.107987837695656,0.0200607811073539,0.0558522278773922,0.164612097696576,0.0768003458542915
16927,12873,0.0517502500165443,0.107304579171682,0.055800248400216,0.00878191341865102,0.167632132205514,0.0834575937548015,0.0255242324738443,0.1602160078387,0.0148304122938995,0.0250720793467324,0.234271146510309,0.065359404569105
11115,16742,0.130047222627033,0.159844878529271,0.0248332904359279,0.00412510001741105,0.167371672491349,0.0484906209673512,0.0458662111161912,0.155311098495142,0.0318912602957182,0.0691949360210152,0.0959029312600884,0.0671207777435011
15825,16250,0.0826535153801645,0.0821976882959918,0.0637586813868976,0.00328558443072007,0.23125520679212,0.0721733397205994,0.0276743089592524,0.128241533458758,0.0514925980554051,0.0247696554893386,0.1561494780663,0.0763484099644526
9447,13852,0.126024155501319,0.140451524908765,0.0383135483379422,0.00535802954671107,0.171182351674195,0.0410735636736467,0.0373465569807998,0.113744168892069,0.0293957153248104,0.0592869040642879,0.143145336482595,0.0946781446128586
9449,14816,0.107360584602498,0.205611841697971,0.0232367064603125,0.010841139416995,0.159803032903019,0.0639379595068952,0.0506869113673135,0.118155258261969,0.0173645875397586,0.0348550919621153,0.0849180441558104,0.123228842125341
13602,12879,0.0787929107181485,0.131312643869018,0.068470163003697,0.0117721364659345,0.165886532446165,0.0838914496461778,0.0861999378207017,0.0785500844508748,0.0255297038042449,0.072233104674953,0.0918627991108034,0.105498533989281
9299,9272,0.167282779938247,0.18902222783743,0.046792434047334,0.00554850371092898,0.0826587904254791,0.0992172786236556,0.0349544044750365,0.0378500632962013,0.0269550645669949,0.0807724170300883,0.151640897403147,0.077305138645458
10830,12403,0.10899013119409,0.134947616680246,0.100795938260093,0.0107577182507786,0.0994431877054778,0.0651854166369383,0.040997753564107,0.162885751286338,0.0360003071343651,0.0704195414775361,0.0856672849102881,0.0839093528997417
15395,8777,0.107785921399977,0.127488100634999,0.036608565807683,0.0126638593064293,0.167216080753553,0.0874476522293891,0.0534996579781018,0.0818931045653831,0.0262776803250541,0.0421647495329234,0.167822948295388,0.0891316791711188
9438,9512,0.138939218433006,0.137011503909072,0.0407728893390769,0.0123741644183987,0.133388863626802,0.087236843734115,0.0681262548885168,0.0891060866584935,0.0149940872950115,0.0533198100069671,0.102634330413343,0.122095947277197
8879,7103,0.139313355082756,0.142904909528074,0.0405502745406397,0.0137085396807739,0.185526940554946,0.0589472463496498,0.0600576570197561,0.0595417022269859,0.0270231821628944,0.0851610715999231,0.0725049295271134,0.114760191726487
11242,10714,0.09476012827367,0.0989434622375665,0.0869840383046906,0.0213382908750046,0.116933830132306,0.199165851818735,0.0152648013696944,0.0684753213697048,0.026439861497499,0.0185915789341731,0.190286128291567,0.062816706895388
15526,5161,0.18508189848118,0.0797161034497941,0.0151289522361505,0.0107072114163349,0.172223754493113,0.0428492474878341,0.0291073642648638,0.0728711370995128,0.0416460581927254,0.0391547577141354,0.208916989635858,0.102596525528499
17334,8773,0.163147079347704,0.15046321899276,0.0440193441564179,0.00437304506732521,0.100259495101891,0.0811345790364081,0.0586781073073135,0.042524694269799,0.05259340527625,0.0532584790370495,0.135366872838868,0.114181679568213
12632,13122,0.163042558242475,0.0874120066098667,0.0481419740635418,0.0110699575899992,0.137118210797037,0.0326067960194464,0.0162853130824454,0.0795282435509474,0.0406739251338363,0.0994740618111249,0.199468482058157,0.085178471041123
12763,9024,0.117585109379075,0.331574383716136,0.0328443206282184,0.00351087342147095,0.148167754918327,0.0652124117899067,0.039153398839974,0.0637541894786201,0.0245325342608068,0.0561246655423488,0.0748152623095195,0.0427250957155968
8343,16265,0.0734574974119983,0.114312767346049,0.0261024669319546,0.00582933349404053,0.114102666685366,0.0365809880223323,0.00373539668434711,0.0748218123442149,0.0121850579549806,0.011921838171356,0.48913852161244,0.0378116533409205
12623,8301,0.152939131031683,0.236532062227722,0.0265986256072539,0.00547247569721144,0.17689156676685,0.0572039124149113,0.0332937028905694,0.0660085511112665,0.0449989686162712,0.0408949374662119,0.0891208049885653,0.0700452611814835
8467,8791,0.172288335374964,0.16452462559912,0.0131118481500351,0.0102217200717015,0.126932935430526,0.0378587250055287,0.0610014150102177,0.10889581087217,0.016678192001847,0.0789262934563959,0.12610558933838,0.0834545096891138
9306,12647,0.142420344941267,0.185780388422316,0.0442184723926697,0.00226117213649408,0.094049449895238,0.109310815424624,0.0420960419452121,0.138587077756734,0.0201850377514467,0.0593213241434797,0.0852213842520863,0.0765484909384328
11254,16983,0.0697313103862381,0.188898002785538,0.040327627504439,0.0011922202114886,0.140698650930964,0.096612452558749,0.0349224597876383,0.119887730182317,0.0319506060420502,0.0574077385358874,0.0821077354140979,0.136263465660593
12338,4444,0.17513227835275,0.164487002661884,0.0357514909179558,0.00643671757955646,0.101953998729924,0.0923282539855594,0.075048650560935,0.0752863576296609,0.025476644914755,0.0569197017192468,0.0900156632213686,0.101163239726404
14280,5886,0.0639515125621007,0.219924642317102,0.0465184052794324,0.0058237581046293,0.143808120149345,0.0662088994115563,0.0372265642898552,0.0727235160894976,0.0117708669190268,0.0206653862273185,0.156887346119966,0.154490982530169
16367,9981,0.0478634288534631,0.249827170986636,0.0515744681311156,0.00840205637585018,0.130826061446525,0.150791849862654,0.0411719437338292,0.0906712815841645,0.0289880973205591,0.0358679374941657,0.0826713870544699,0.0813443171565672
17900,14558,0.072935493225354,0.185655156996132,0.0451998097111254,0.000937548260255374,0.0810933789267891,0.0763641242331896,0.0142608118120472,0.15350399332476,0.0136895120730789,0.0269784172273401,0.265551351206335,0.0638304030035932
15274,17698,0.0752132674116236,0.109034326827813,0.0651020075083427,0.0163139724166784,0.196921332842358,0.0981394390503222,0.0325082404800264,0.0873581477333832,0.060754332958622,0.0297312123875975,0.100700890835661,0.128222829547572
8195,11203,0.158232279235012,0.180342933324299,0.034477218020295,0.00302083053953711,0.103296327344773,0.0974245777794548,0.0248681204460665,0.0682458886990101,0.0186589215542494,0.0728257508557614,0.165515668404488,0.0730914837970534
13611,17701,0.044555246597694,0.0793403404617157,0.040187133905165,0.0547204816098623,0.187947168158917,0.149039344347348,0.0109946756077222,0.0932893195531127,0.0253717471497718,0.0497450343229366,0.119617748997224,0.145191759288531
10007,16744,0.0946172053711755,0.145596064930432,0.0742056769605752,0.00857414864992124,0.195786492019465,0.0449289695111938,0.0395901768565803,0.0980079423706757,0.0101339817865919,0.0623670999281431,0.118122085887442,0.108070155727804
7635,8793,0.19259252767521,0.109297620912838,0.011260550069796,0.00810584140722277,0.0633494927961941,0.0833933977762157,0.0408656016081232,0.0733424987089658,0.0261570770722817,0.0756825967017793,0.263162836608359,0.0527899586630143
10006,16262,0.150478053053042,0.123827152922968,0.0746007281930373,0.0253042880466749,0.177842411576711,0.0828777719617814,0.0406940058770372,0.0877664625336062,0.0388431541916494,0.0593033071894694,0.0522110855590438,0.0862515788949793
13594,9022,0.128854690273959,0.151894351513714,0.0339000651602661,0.00985660976606858,0.104263531884191,0.0664194607908712,0.0311685170537185,0.123911886738891,0.016785741372633,0.0564168627513575,0.117137913077077,0.159390369617252
12351,11194,0.112756755167774,0.159698032051199,0.0711188189829598,0.00336286579909516,0.11932701980321,0.128459957067325,0.0436869524754605,0.0948738299517899,0.0172335129949436,0.0352003641178611,0.101352126865234,0.112929764723147
10546,9028,0.127352493229243,0.162208708029894,0.0494838101043728,0.00233566392006431,0.152795248817638,0.0889341950533811,0.0301598696491742,0.0740036055976318,0.0204526732889389,0.0354167223815456,0.142175451017599,0.114681558910517
11392,16259,0.0712766584057865,0.127019739239901,0.0792632393016113,0.0155076737727248,0.228612049457439,0.129266929143975,0.0326062429131881,0.074271948153438,0.0199678739940208,0.0447445314449356,0.133201053014683,0.0442620611582975
13167,3478,0.1211777755102,0.244335181467276,0.0319323140882281,0.00425094509588816,0.118145183839147,0.109869170356875,0.0707013622893766,0.0891599504960409,0.017469656213303,0.0240223898204276,0.0911211858638312,0.0778148849594066
10959,7822,0.20201254832834,0.107328182492125,0.0291633988952259,0.00839818149217771,0.137836578349088,0.0641017821336726,0.0521497189294518,0.113885109636709,0.0471913038414982,0.066662786009855,0.0984055925780026,0.0728648173138537
17474,9014,0.157920165096015,0.182040927572657,0.0205141104228298,0.00642868294604818,0.213129790174604,0.0397405054332952,0.0428075121559981,0.0585973739720526,0.0323641583618623,0.0515222266133204,0.0925690044722242,0.102365542779094
10409,9752,0.103527079311546,0.19415478316961,0.0459344259305696,0.00279872396521974,0.142478139391274,0.0714584828380384,0.055493561447964,0.111346092994805,0.0269232025741844,0.0379354780768051,0.0803948981306696,0.127555132169314
9298,8789,0.198832348708878,0.140832714197472,0.0168736748682793,0.00523319671020788,0.19874067583422,0.0414621871543432,0.0414197908025184,0.0926869109646165,0.0391974567130486,0.0581768168021538,0.104755759605636,0.0617884676386264
12206,8060,0.115119290320688,0.149427225160315,0.103337509356933,0.00624065789523205,0.0898671195375263,0.0624907004036264,0.0333475012604732,0.0825413083919158,0.0194120825045076,0.0379160408476788,0.203267968554816,0.0970325957662871
13036,7094,0.214584146024688,0.129167210345927,0.036305860663245,0.00609054337952625,0.16203146048353,0.0854731371256986,0.056197161636704,0.0369400450967493,0.0418314641676966,0.0447962544293742,0.136350522567405,0.0502321940794566
13739,12156,0.0816201730969928,0.164820939451103,0.0733994884460418,0.0133590267760407,0.128938793765385,0.0875529747981574,0.0825341192111221,0.0629700348754565,0.0200556433072259,0.0732121037593589,0.130698690073397,0.080838012439719
14557,5886,0.0952363485842077,0.151874313650119,0.0392648608925266,0.0078598034154814,0.173356533285534,0.0718060937659302,0.0389385528755022,0.104927611502943,0.0177071864223363,0.0334177877745882,0.146058813628223,0.119552094202608
11509,5892,0.0947540829594899,0.159821900147681,0.0890846808875744,0.0207884516684123,0.168222615214855,0.0595220583597331,0.0251722971714222,0.0921807331339214,0.0261660368531768,0.0515943856395773,0.128159021566173,0.0845337363979841
13174,6853,0.143886517105159,0.0986859371871442,0.0519585291833818,0.0074252511827783,0.203736942414266,0.0975764629409418,0.0500087900505343,0.0589149407801475,0.0353587610597107,0.0462220925770614,0.0977997535780261,0.108426021940849
9988,7583,0.16219367866094,0.167220757983144,0.0434236221579223,0.00667481438252019,0.0978384747596391,0.0752689614999411,0.0643445466130765,0.0622030492165296,0.0279671455902682,0.0650314676350207,0.142118064211512,0.0857154172894859
12913,15051,0.00815688129765289,0.0231099107783129,0.0224019327866856,0.0230557851425767,0.00790029222224581,0.548746315030405,0.00339172160550625,0.0552547072032067,0.0270769123866462,0.00265014502434794,0.20626207555509,0.0719933209673243
14288,9744,0.131826321452747,0.109879060512202,0.039581639660019,0.011377112180057,0.126564022718074,0.0925005734467874,0.0779860154195363,0.0812282423165509,0.0322880021264021,0.108135398568118,0.113855223566484,0.0747783880330224
16376,14320,0.0900425656483736,0.267666382027157,0.0750681043774397,0.00405054029756969,0.109724587798828,0.033672747977939,0.0188649241518235,0.137559612322542,0.0229732432341086,0.0812619553577199,0.116161120046987,0.0429542167595115
13879,12879,0.101153540769674,0.137060787580045,0.034579212013648,0.0192976934842834,0.213571484159128,0.0590564121105905,0.0452128087661566,0.0973223955113391,0.0437535067546152,0.0543354532036867,0.112137827955648,0.0825188776911856
11525,13607,0.0121476487650838,0.0153953217821017,0.0202219828386468,0.0850833054895958,0.0335629133530442,0.582967611584598,0.00214595491485399,0.0506652216095703,0.0162659853800511,0.00463072656578743,0.104498373086671,0.0724149546299954
16225,8293,0.222968020498409,0.123327814254267,0.0357897060978745,0.00285853232914759,0.116618032225602,0.0649063888032958,0.0615517778441004,0.133243515152601,0.0317833639579506,0.0394161309866246,0.128727059928269,0.0388096579218573
15966,17455,0.0289980687320615,0.106989524366895,0.0517258962955115,0.00175415979247095,0.203772005516047,0.108821639167569,0.00444901502231739,0.169373056312257,0.0229066530501518,0.00742895862386055,0.174883210336743,0.118897812784115
10001,13851,0.0816956003656991,0.0958189763171855,0.0334938489643333,0.00636938231329489,0.184709695411252,0.182624889333518,0.0090714208307279,0.133663117080823,0.00510823658162769,0.00830679268000743,0.168987287639126,0.0901507524824058
16514,14079,0.11372337072884,0.150415163253738,0.0442845722392677,0.0333849703475263,0.168869486691456,0.0451328776324205,0.0286171812350975,0.217232640162618,0.0393186815266394,0.0447390046180105,0.0650435788657686,0.049238472698618
14979,8537,0.121009179103153,0.221963419024004,0.0600216527470628,0.00439443259414503,0.152650914524509,0.0685394668687418,0.0713133742737587,0.0740720221514746,0.0213688466629157,0.057917021305675,0.0672394622706107,0.0795102084739501
12359,15052,0.0439534244348402,0.0805270420700068,0.0315894011982712,0.0052453211894249,0.207888041922381,0.143430202830007,0.0202452977761189,0.120317571124507,0.0231443863822275,0.0369560496048804,0.139558655167925,0.14714460629941
9037,16505,0.164097151136024,0.224970937184774,0.0332472244173804,0.00570696655522952,0.100593385636693,0.0671539802862237,0.0317086041205134,0.0972790102082105,0.0446635778521939,0.0416121127624645,0.100477453968744,0.0884895958715489
14294,12637,0.0731794648508081,0.101209496480223,0.0940048963998138,0.0594304691939513,0.0733779768112999,0.233710255772012,0.0354180814855268,0.0688226115126634,0.0428771208430344,0.0578459785052483,0.0432504989015782,0.116873149243841
8334,11443,0.131661389513843,0.146477467703174,0.050961852929247,0.00506822689884036,0.144421009542316,0.0675950298200354,0.0391169237784431,0.0996900453255578,0.0193611184718638,0.106192396645094,0.0970676049935349,0.0923869343780507
13183,11193,0.153527325595927,0.120072282564315,0.0731504976387739,0.00739150107930802,0.0735402642171434,0.134268248709679,0.0417119911279541,0.0902626171169265,0.0219596141203553,0.0315918822714305,0.12929742272458,0.123226352833607
15820,13357,0.120872594018929,0.198530868393188,0.0542145432677435,0.00621115943487629,0.0886883824671557,0.084418492379674,0.0540131830390694,0.116050377871861,0.0408533822343009,0.0781217698265748,0.0800016027269268,0.0780236443397003
12201,5167,0.125418145475057,0.21294100145374,0.032563710801693,0.009646526194754,0.214574324238638,0.0722095101608074,0.063547909211237,0.0513964499090463,0.0308187085312677,0.0492508134528823,0.0699787797632288,0.0676541208076491
15407,15046,0.0587051156333726,0.182252998170224,0.0588062739009791,0.00440439704753528,0.225463379251678,0.0584685643427425,0.0165592077386112,0.119562906844254,0.063665558518707,0.0260185034924174,0.150764063723999,0.0353290313354786
11238,8786,0.139370806022396,0.20615220632103,0.0488896989802542,0.0117770772168368,0.122423439257192,0.116043977594421,0.0801785582283706,0.0574987771419151,0.0243074700559587,0.0537297452521836,0.084094186795515,0.0555340571339273
8882,8549,0.109986071019605,0.162134109609744,0.0334013553121039,0.0115679322906817,0.164197665413941,0.0663008083226518,0.109162791208444,0.086576133600427,0.0233226580209082,0.0561960748355208,0.103429282247649,0.0737251181183233
16372,12392,0.192391194091408,0.174134040147836,0.0455505174353991,0.00323181459297858,0.0878118013602039,0.127512815249675,0.0537066089099455,0.0763977469775031,0.0197500255966818,0.0701138548802012,0.0909425405871987,0.0584570401709693
10271,10475,0.186390987606697,0.188325527520035,0.0613028533774695,0.0110351088627965,0.143090490934378,0.0800763155593803,0.0498766417307993,0.0326213363156631,0.0433376191583581,0.0325924171094079,0.0785878877307744,0.0927628140942409
13047,12880,0.110304294738906,0.200595753897326,0.0446710738373178,0.00884954288628201,0.148422339148174,0.0761130558627888,0.0355673412255489,0.0589894296669183,0.0590196389245961,0.0866491889617073,0.0824959679436985,0.0883223729067372
13742,13602,0.159272924592909,0.104934026947031,0.0528981659109874,0.0179104586026376,0.0854444371508715,0.13545880766933,0.033396994345731,0.0713711718354558,0.0311694998379789,0.0806147676757454,0.167583505048143,0.0599452403831789
7781,12409,0.124432338782504,0.0917270348773607,0.0211670152901053,0.00195577335426586,0.0300590891951847,0.0421569897217281,0.00895218458298946,0.0141833453327098,0.0133687227089699,0.00362819104317726,0.635678429535102,0.0126908855759026
14581,17458,0.149742702314498,0.212180160986943,0.0379514931048004,0.00374606975183594,0.215067405446652,0.0430402128597519,0.0167085445813602,0.071427180896912,0.0133886474502482,0.0202178072447449,0.118971274385431,0.0975585009768225
11094,6134,0.229254552049136,0.152615136803093,0.0338120061374719,0.002819896289058,0.178697405559443,0.0458795539553032,0.0760484360779331,0.0153402170974758,0.0510532490729135,0.0419281383566838,0.081744717688734,0.0908066909127553
14974,6126,0.115884179027512,0.231438525982705,0.0502696268043113,0.00542430219884898,0.131625093535783,0.079011969616012,0.0650226207295604,0.0645242654202323,0.0192109382985253,0.0321400260102784,0.122612511523157,0.0828359408530751
12779,17221,0.0864633648992479,0.178382813335435,0.0471014611894546,0.00467289147419441,0.166653101931656,0.117806745918438,0.0189868767781291,0.106392981488512,0.0340738297385585,0.0333408359444793,0.160503477688005,0.0456216196138907
11376,8544,0.147030281642645,0.178693341620462,0.0376282771682823,0.0110730546447549,0.0982053982789674,0.115027159127224,0.0124081955454435,0.0675113525759452,0.0319206496330552,0.0201524235399383,0.216938744102867,0.063411122120416
12900,8300,0.186529996748116,0.196027379514648,0.030977347397828,0.00521806534548723,0.146545724551358,0.0806877435997236,0.0483325756442095,0.0697507151500083,0.0471475445602415,0.0392040194829065,0.0827665380947745,0.0668123499106988
14699,7573,0.144018590688732,0.248751727902688,0.0454999419615993,0.00407901269240853,0.108463190366572,0.0692741621149994,0.0758674874481465,0.0994610539503604,0.0242351369404551,0.0452623197024124,0.0893899486289855,0.0456974276026415
13595,9504,0.16738233360685,0.142525237628535,0.0385582166844071,0.00670723192182109,0.148360758477075,0.0824896559963506,0.0282542438347248,0.106816738820116,0.0223910890623595,0.024874357436402,0.162693463383452,0.0689466731479066
12902,9264,0.096190927324219,0.184147576384435,0.0306068203163107,0.00841466158770373,0.12080701709684,0.0537078266773219,0.0844141630238939,0.111118232724729,0.0253309501887334,0.057459705153158,0.121507886487213,0.106294233035442
17205,13354,0.0737799727716575,0.209163719027744,0.0823955421584799,0.00517203595627926,0.122210219467781,0.106279787162204,0.0220043238723876,0.169801097533429,0.0239297678120613,0.0649344978860147,0.0753233232204401,0.0450057131315226
15963,15527,0.134644495572515,0.175067160484803,0.0454777028891637,0.0131251485413159,0.158825359800984,0.0354812240365413,0.0240114103923271,0.10601616452277,0.0434596912404588,0.0270863547152003,0.133117017400417,0.103688270403504
17751,9014,0.0547006659049372,0.0861999056856245,0.0274253882850706,0.00364917851883993,0.105822081584051,0.0558795090103259,0.0314813136768658,0.0706081506456628,0.023601794632914,0.0434205133483734,0.468004682190279,0.0292068165170566
12499,15775,0.104888632596361,0.134874735649233,0.0480773965563192,0.0274649946218985,0.201709696139902,0.119289946958016,0.0291148304561526,0.050961896527478,0.0225701234062451,0.0512034359986131,0.117610918104616,0.0922333929851666
14845,11189,0.176630312801225,0.172981814443923,0.0453473453574167,0.0213597596914267,0.0719868105676254,0.114254671118604,0.0258444954745901,0.0335025682314051,0.0298743174656603,0.0617333735500937,0.15825086959738,0.0882336617006492
13315,8058,0.145841436118258,0.168187577204169,0.0315221249320488,0.00678111350039092,0.138281120723602,0.0624598645334145,0.0690276203339071,0.0774160702064016,0.0144426666135523,0.0536975419546884,0.0901847479312299,0.142158115948337
10398,4448,0.283130074073974,0.304507684764238,0.040942764118289,0.0221057968388525,0.124033974159817,0.0304109885657998,0.0237957757373061,0.00705521584605145,0.0651622689389436,0.0380102932234428,0.019121548851157,0.0417236148821285
8186,6863,0.117870496118317,0.134108748630155,0.0155775173113548,0.00685539283680915,0.070198106457589,0.0331802075147483,0.0267653367274363,0.0469881355660897,0.0553924156153681,0.0361561741630324,0.438805287744031,0.0181021813150686
14159,14325,0.0512565783461504,0.0819904876030398,0.0347910523623377,0.0369872146692918,0.193348826731732,0.315515574059319,0.0106893849091326,0.0847170095629285,0.0180531227166132,0.032407528946873,0.0811624903364945,0.0590807297560872
17209,15283,0.202386597913165,0.135108567911991,0.0735605020253269,0.00530414746527848,0.12109634803815,0.0488878196735049,0.0103733259210873,0.103720927851877,0.0788174375237453,0.0319173024930843,0.0404438420093194,0.148383181173471
10140,14092,0.0345240057104645,0.046017151214502,0.0279952384546054,0.0443423289258503,0.0396664088550508,0.533915305382673,0.00283809400646129,0.013410628342174,0.00665878553092287,0.00351880362445408,0.175992090775827,0.0711211591770156
11228,3964,0.064096236537974,0.145273355136951,0.0119530346593701,0.0301652410408893,0.0744895821233204,0.04606121185942,0.456571681932599,0.0752845397202999,0.00611183544359474,0.0414283625784483,0.0149628023201129,0.0336021166470204
9033,14576,0.136675833504388,0.149478525279207,0.0405033633182799,0.00980165101852032,0.100074372753693,0.11298768970824,0.0896961419745122,0.100002334434301,0.0357137394387635,0.086941049864884,0.0978314954903816,0.0402938032148298
17347,15042,0.102117189776548,0.162643177873284,0.0503947347667133,0.00309493930190933,0.191003238259023,0.10324995743494,0.0329922013020891,0.158341928279762,0.036815941095112,0.039792728528003,0.0748590980619371,0.044694865320679
11929,8061,0.0821043245083261,0.144381740839852,0.0606780751275858,0.0140035701858343,0.129461335802956,0.101478065363731,0.0237040572734306,0.060547991769691,0.0352665809409192,0.0177647298015497,0.226174180567082,0.104435347819042
8602,7103,0.159850084095428,0.276835468866096,0.0212529366245583,0.00205047539534797,0.120757878473333,0.0734429887738229,0.0353884907867824,0.0528975413245437,0.0220786734658498,0.0751809962624037,0.0684468994758883,0.091817566455947
11801,13124,0.114633946973668,0.0946967587367386,0.0336422546278865,0.0176999085371766,0.234575803085717,0.102746874635191,0.0500630450185398,0.101692121804196,0.0487512675408427,0.0206200902364585,0.105127970953381,0.0757499578502051
16364,8534,0.252144688309899,0.178709209239835,0.0176178867886724,0.00262899242897595,0.143180991657223,0.0824918497076817,0.0475002303325901,0.0732039553781167,0.0247059660117963,0.0432376659337442,0.102517466857469,0.0320610973539961
16233,12151,0.138349757412559,0.220252777617053,0.0222279755939397,0.00533079691956015,0.114154726870749,0.0439716611558206,0.0942200821573357,0.0704605100516351,0.0275828526105287,0.0499035193064472,0.134236893390121,0.0793084469142508
10131,9752,0.0847336932975722,0.146719095520992,0.0590489390656874,0.0167552093307984,0.140018953333808,0.0968983352834316,0.0822074079665238,0.087973778318095,0.032749925828291,0.0334941302157739,0.121778659189222,0.0976218726498046
11511,6856,0.169190367172253,0.189496765144714,0.0423603401497204,0.00963505813775413,0.136058047446274,0.0601159631267952,0.0446646624336341,0.0871630800671186,0.0253446106104019,0.081673266737604,0.0827125239324217,0.0715853150413094
15688,16974,0.101641734870137,0.103472918599566,0.0380661428209565,0.00841583483476295,0.275338790716113,0.0405247315217159,0.0388241620491928,0.107636854332818,0.0237165246242071,0.0269566782816962,0.10902413126341,0.126381496085425
14711,13359,0.0371218198800973,0.0488242376078994,0.0249190968105843,0.0990101953285742,0.0932776838700781,0.286630815795277,0.0453513821369346,0.100433263145787,0.012165805965824,0.0453733889274804,0.102962099365468,0.103930211165996
13450,6370,0.131054726848258,0.233759209180014,0.023568007199273,0.00917540266294204,0.118433253962545,0.058573942111155,0.0782306439550658,0.0616851215261891,0.0266482051536257,0.0549397387841618,0.0863874328342717,0.117544315782499
15548,16251,0.0877495226783171,0.161087044573226,0.0578973647484092,0.0127730209587014,0.133202080311844,0.123194493545063,0.0201947569369059,0.131314996409313,0.0281442973623918,0.0332632058503035,0.118675482011328,0.0925037346141962
13744,14567,0.0581192109515941,0.108960517083644,0.0604836652986591,0.00849964785173605,0.11262786525957,0.177917004228974,0.0103956880164495,0.0765562199520457,0.0287430750307193,0.0206146540617913,0.274236818482112,0.0628456337827047
18312,12388,0.028627469090796,0.0763292082042674,0.0459055135333193,0.0312190962771686,0.109591093162672,0.0473253289638074,0.0187436432758405,0.0711765580137825,0.0390660150978424,0.0442607238035763,0.394237850854972,0.0935174997219559
18177,14076,0.0898146793121736,0.124890943335311,0.0239223114833493,0.00235818798035395,0.128965985217878,0.0353613972261145,0.0115632232538449,0.129680102515223,0.0177552794964403,0.0545398780913755,0.367066750684417,0.0140812614035184
9848,6377,0.20081874141489,0.0991937030814878,0.0258329874801585,0.00623213280435779,0.177811394669449,0.0617781096126205,0.126999083038499,0.0373220115349919,0.0350917316365258,0.0603087302505535,0.0789470798329384,0.0896642946435285
15819,12875,0.101885127813454,0.136329492234516,0.0361825315324205,0.00809206905177864,0.211417756562091,0.0447314384653093,0.0354613631621407,0.077069350030473,0.0363507982196648,0.0633409616671037,0.163895172429995,0.0852439388310528
14299,15048,0.086287204514597,0.105639309408789,0.0304090505260759,0.0101605108898192,0.151659612989192,0.159572394174583,0.0376578050790347,0.0759477281927709,0.0149136526055231,0.0292142597118574,0.214774042513584,0.0837644293941734
15674,9741,0.106346840235087,0.121569358854235,0.0767744966474068,0.00445427765885993,0.134739062172122,0.0723904907492091,0.0169541139965278,0.110110426607058,0.0116067667226161,0.0400937086117244,0.124164982246241,0.180795475498913
14158,13843,0.109307130655139,0.142888709602441,0.0409145676630914,0.0286556784103116,0.122260952754587,0.177449502706855,0.0373278354458911,0.0478171444320898,0.050811197297371,0.0312203855698537,0.10671659225044,0.10463030321193
16380,16249,0.134878880251521,0.125180190725852,0.0402326575124565,0.00293614528453382,0.190990292383149,0.0368993117104916,0.0579131241621113,0.160608136749517,0.0398770959528629,0.0811848521190825,0.0872971254437178,0.0420021877047047
13599,11433,0.0718718940411226,0.109483669181799,0.0587920372283235,0.00363876480195134,0.185493622511356,0.0717671026238762,0.0411332748778972,0.10235328746291,0.0233218745033711,0.0207828019539703,0.174049544135138,0.137312126678284
16231,11186,0.0770165911322177,0.140525036951552,0.0553976535178779,0.00525077044576692,0.221242155038172,0.0902575875558814,0.0230912409805617,0.100792855284236,0.0163561628568331,0.0238854689888765,0.147881136347042,0.0983033409009821
7640,11204,0.163155676680113,0.147720719825451,0.0513344646561679,0.0118073687703652,0.0868136605256573,0.0491077236457552,0.0191034055881963,0.0609193416217421,0.0169753233198336,0.044396243230282,0.305342483359065,0.0433235887773717
13733,9263,0.101483227233991,0.095351543626031,0.0469125594890376,0.00738300668885576,0.201164999212704,0.0570207511710127,0.0412273160296895,0.106100938822938,0.0298536632764843,0.0340752445465611,0.144260568612289,0.135166181290407
15252,6608,0.126869208197865,0.195665038681879,0.0397286614389887,0.0039228447250351,0.124872198636725,0.0849450412769963,0.0745380429657851,0.110267853038731,0.0204046054358628,0.0250823838780844,0.129909522437258,0.0637945992867899
15541,12393,0.0894850019556399,0.0851213863179745,0.0611449299572129,0.0102353137053965,0.157513798655864,0.120488082371492,0.0373804996933275,0.0639643567564839,0.027873359240247,0.0292081705907966,0.238655553104795,0.0789295476507702
17616,11184,0.120632988309058,0.229008573270534,0.0238008825665031,0.0046069964772195,0.145132861701651,0.0453014645034609,0.0482922067887912,0.0503295690253199,0.0357673792114762,0.0432730990421996,0.11495127672912,0.138902702374667
16371,11909,0.0945942130890772,0.217523042445924,0.0518971959697287,0.00174303118015077,0.132315043967415,0.0740059556397028,0.0476783415275751,0.0943502231836532,0.0094485931325763,0.0386736398764925,0.142370526319904,0.0954001936678002
15950,9258,0.0861727567174205,0.218672806183272,0.0431224531070052,0.00313738585289328,0.126876066810535,0.0877714589073137,0.021931424461908,0.115697335195522,0.0161273232203891,0.0457121120428786,0.156956832479716,0.077822045021146
12489,10953,0.118368470304884,0.136928677743193,0.0617377913011788,0.00321973124851222,0.129551126520332,0.119029632381938,0.0394828419171657,0.0885032375538643,0.025777326056102,0.0602384304858858,0.123675923773695,0.0934868107132488
11793,9267,0.103792325978101,0.16899255760393,0.0635760070863329,0.01378689174336,0.133046735469027,0.0441602658835903,0.0585095677224009,0.0674540168456558,0.0288564767001714,0.0582425995228499,0.142286315998267,0.117296239446315
17480,12389,0.0336091129010783,0.0749146176624904,0.0712579183124321,0.000660937089351372,0.13680268721492,0.0263375674316875,0.0327808754987773,0.117942017228026,0.0263689777440525,0.0107076124870433,0.325167751333086,0.143449925097055
12070,9266,0.122861108046387,0.147234914753688,0.0511814034959539,0.0053421612953784,0.101156212279408,0.0845628565512788,0.0826725552762461,0.0855591510142091,0.0310805545562478,0.0641644122339569,0.103836949229357,0.120347721267889
11948,17222,0.102271133210756,0.153096521069419,0.0221772116485232,0.00483123187939513,0.184993738662331,0.0597719005812337,0.0146282551429031,0.156920305487168,0.0200281512975106,0.0418021999308045,0.144597187645123,0.0948821634448324
11649,6615,0.10624650511399,0.0764721417541566,0.0510949356266831,0.0288375074822684,0.165009736144419,0.108368659532482,0.0329813647069404,0.0692150029749157,0.0418277849935309,0.0485741704490907,0.173278802958726,0.098093388262797
16228,9740,0.0496426310489916,0.179310570958931,0.0237069318515975,0.00186254662466268,0.195766642722827,0.0623561061433824,0.0210475298162601,0.134651615384489,0.0177484135948627,0.0205236000342,0.158475642884236,0.13490776893556
12753,4202,0.141767526413156,0.114254050683635,0.0455397947484259,0.00545512735571199,0.168145534040356,0.0433571026359784,0.047638509364431,0.128862393518813,0.0244236856880048,0.0400356909396964,0.097887732790392,0.142632851821399
14150,9985,0.111812901643486,0.208273253088681,0.0332386554749526,0.0109645904365667,0.0975747098535658,0.120644205627188,0.103777024805366,0.103191330443231,0.0216933876753133,0.0498716453741479,0.0912468233765762,0.0477114722009249
14027,17459,0.0996467250576766,0.16588060711873,0.0574265332578692,0.017173471836361,0.151999378489228,0.133622995422523,0.0259591930722574,0.105432950235479,0.0278001868922555,0.0224349096454899,0.0915307114359783,0.101092337536151
9593,17468,0.0989457493157144,0.203886351412269,0.0533384055670461,0.0107721179803233,0.160698210735121,0.0786609119778817,0.0247071800010395,0.0997112090337001,0.0485416038043594,0.0372181172589026,0.0779240866245933,0.10559605628905
17758,12871,0.0928938935362659,0.170572065886926,0.026420186402741,0.0137281747590344,0.154728628030418,0.0328734559479709,0.00911768046268299,0.219170922425758,0.0228075659213816,0.0505962480722878,0.149253021544607,0.0578381570099269
16644,9980,0.11762203681971,0.236335295686941,0.0556633289199162,0.00458225820774972,0.144200484433752,0.114733341386059,0.0390725189899147,0.0747342184324479,0.0454171557290888,0.0345775137968554,0.0706672983664231,0.0623945492311434
11255,17465,0.0538899228061988,0.129118697114008,0.0518491836872374,0.00430171951674084,0.213372939667553,0.0646844430726689,0.0218436042333784,0.127537214146372,0.0206595831400354,0.0156334396628386,0.149135291656719,0.147973961296249
9161,9513,0.148734282131261,0.139287138551887,0.0388926057251556,0.0051299830600401,0.113097997743117,0.0804132715764207,0.0631840228910712,0.097866359231293,0.0415681193536488,0.0535046725160562,0.113107844458342,0.105213702761708
15814,10464,0.135666280098641,0.123679066407721,0.043210426130206,0.00885457097932252,0.120721192246888,0.064706269834942,0.0400277398733077,0.167759734321418,0.0339220602726341,0.072200591801226,0.110962831296389,0.0782892367373056
12077,12641,0.112368547817016,0.123233996846518,0.0479587355309037,0.00584641007883007,0.127372454050037,0.0422850585356813,0.0485704450593266,0.120039308555598,0.0117814071285324,0.0601451502683595,0.188914033294246,0.111484452834951
10124,5895,0.132972569184987,0.18575034934635,0.0311721342173015,0.00895706655335134,0.221577932661234,0.0603882406553141,0.0655727529035367,0.0575287696435614,0.0474625939598628,0.0412124133955062,0.0635731079074635,0.0838320695715321
15261,11429,0.122676226900221,0.232211444446384,0.052846273185416,0.0056650740785359,0.121163072165217,0.0740209253652625,0.0438327953870896,0.067285885988009,0.0128474919632001,0.056209396936312,0.11536383037568,0.095877583208673
15665,5401,0.0977057021579514,0.144684486383942,0.0294112429258823,0.00891175001934959,0.1046170161807,0.0399550342251131,0.0212425949602665,0.0689088540018576,0.0395846064028777,0.0163786674262347,0.39103199319779,0.0375680521180351
7918,11685,0.207074859119931,0.150584217316174,0.0321741879732506,0.0184093810935005,0.171930592386407,0.0536618649394209,0.0268871231905381,0.0823050665384611,0.0380073294396115,0.0775829527049692,0.0889296114465891,0.0524528138511474
11666,14812,0.00886762729839023,0.0236110527182856,0.0286127894518784,0.214960936886212,0.0921157289947598,0.33465324773752,0.0251740816547594,0.0472500062385478,0.0221539546878127,0.0574225287356731,0.0610743610507771,0.0841036845453838
14419,6127,0.102017041156941,0.245610990249577,0.0255271342406661,0.00420260370949854,0.149113539987046,0.0913008169998147,0.0268802416697742,0.0853447544940087,0.0145392426008588,0.0670147169786785,0.0910111850355625,0.0974377328775737
10697,15537,0.0568777289308209,0.213946893601072,0.0501268114363083,0.00864354304815156,0.132658837151495,0.0908066351525061,0.021321930057668,0.094255461335119,0.0265146546647342,0.050792935446337,0.192184768144888,0.0618698010308999
10553,12886,0.107562098671219,0.187164597036598,0.0418407565980014,0.0125290306385073,0.17490972045056,0.0944643115182635,0.03117372607769,0.102130093455018,0.0259671824461693,0.0470342510147941,0.109603900177795,0.0656203319153843
8336,12408,0.1578265248398,0.0923829158869889,0.0545627524501604,0.00405633729340266,0.162831953132249,0.0480252121138978,0.111124933622016,0.0987974221734447,0.0166362690794308,0.0842502688942324,0.0793647404344232,0.0901406700799533
14286,8779,0.157670213476409,0.155363102328286,0.0464576871112444,0.00495674308887255,0.165245932309307,0.0391649757793338,0.074746396363642,0.0839181586894581,0.0298986351992251,0.0547769729543446,0.111350340387611,0.0764508423122671
18175,13111,0.0425406308017695,0.109956272765448,0.019581551643848,0.00284645914642986,0.0662950551008205,0.0183873929616681,0.00281240945827677,0.0477317585605162,0.00980097868556745,0.00725775597362333,0.60197065450771,0.0708190803943224
8617,14818,0.0726932489891751,0.071518621880508,0.0385372527575962,0.00166376450983947,0.273795755179712,0.0633519738897292,0.0460904683622963,0.10665951601161,0.0284659367399745,0.063507127944623,0.132332845803959,0.101383487930977
10129,8306,0.140325265541697,0.187328514892099,0.0286655976657815,0.00618426703068291,0.139120293874845,0.0710415924870634,0.0603576172920287,0.079198584279905,0.0324368697472345,0.0901800151486864,0.0814426439855415,0.0837187380544349
9574,8307,0.136584257748796,0.193382552088239,0.0347679937464524,0.0132096850082841,0.112246855068613,0.0978085889816833,0.0660756264318779,0.0627737283474461,0.0258012456716235,0.0546799749225547,0.0780958412527599,0.12457365073167
16933,15766,0.0606395914011643,0.152516989657019,0.0723526391294088,0.0054489670306053,0.161331095281931,0.065556684624082,0.0348518478852745,0.127801044223912,0.0272249023453809,0.0409219311676944,0.127760531142149,0.12359377611138
9592,16986,0.117319683357191,0.158653254960949,0.0506172372424788,0.00674226758945433,0.212387706751502,0.0734985083795559,0.0205791962355465,0.119137386238692,0.0301153890759365,0.0280719867185505,0.121090900743246,0.0617864827068979
8329,9033,0.15312900849825,0.15634300926143,0.0380034499399457,0.0101250384930276,0.125531947731187,0.103612671334068,0.0910014467442193,0.0396150473737471,0.0235626909568531,0.0815469126684898,0.0376206464801971,0.139908130518586
8753,13130,0.209185876314306,0.13751283650604,0.0539967594229347,0.012671999537616,0.0970920276782994,0.0600049308344975,0.0557181477038352,0.0533609483905539,0.0580436034568552,0.100095765983784,0.103558889109264,0.0587582150620148
15132,16010,0.0744292524984318,0.224085224202852,0.0658941522003277,0.00384784746985616,0.137765422042226,0.112745370593628,0.0341327983564989,0.0669013183644538,0.0640472468149016,0.0342898305184193,0.0954213316084594,0.0864402053299453
10961,8786,0.137916464002362,0.113732093731032,0.0308214833368555,0.0104569987228396,0.0794033129610227,0.12655651540144,0.0453883242572688,0.0841081333304974,0.0349861986699764,0.0262921779320415,0.162625555625578,0.147712742029086
15133,16493,0.11383945741438,0.166525736210047,0.0640280875271984,0.00330260214971467,0.141388150008629,0.142891480952431,0.0244661819309126,0.104982118660377,0.0244457249474897,0.0209032833830386,0.141802716527706,0.0514244602880757
9025,10719,0.135166172619984,0.196101181556325,0.0322625524619422,0.00492307212519466,0.126713653580001,0.120244343129338,0.0622528709490782,0.0867330831013904,0.0150065481168688,0.0542513060794536,0.0640898011887773,0.102255415091647
12898,7336,0.129139317212682,0.21552729619435,0.0426505850479425,0.00695939703675508,0.154126313769922,0.0970412045487511,0.0527970757585256,0.0769022445983191,0.0443535927238588,0.05412351632682,0.0702872039698501,0.0560922528122249
15122,11189,0.149795294889305,0.251703635102809,0.0305261318596329,0.00385052483159434,0.10346250580165,0.0356992212449619,0.0791796408217902,0.0708516246520822,0.0293192927374888,0.0441739633671915,0.150923544704928,0.0505146199865666
14427,9985,0.099984247200272,0.157299498699858,0.0490795369683694,0.0033848494597285,0.129375665975133,0.0871512667534224,0.0569702260247638,0.0978070659358318,0.014634314941006,0.0429571333200199,0.137858885586529,0.123497309135066
11925,6132,0.110854535547405,0.180039881282749,0.0627200546303333,0.0240103141644015,0.0988675537146601,0.105700841679408,0.0505879876038727,0.0954585386970437,0.0363195220493229,0.0393314350439157,0.102520900685921,0.0935884349009679
13870,8539,0.121856442704846,0.168500794302082,0.0234627623272305,0.00630425296649885,0.172084837075759,0.0420782221968365,0.061268984248969,0.0906408407052153,0.0330511325464429,0.0454757081846277,0.123459879694623,0.11181614304687
9864,14575,0.0904516864240659,0.141916238988519,0.039250102367135,0.0110024589641731,0.198022156073116,0.208850308343846,0.0349868974466786,0.0527299588579561,0.0312066326872284,0.0336439063196152,0.0939239023515968,0.0640157511760702
13173,6371,0.147067356229919,0.186104533222475,0.0788311244649864,0.00805908690813108,0.100682380027989,0.112082771585189,0.0428580505948895,0.071586861139411,0.0204891084288364,0.0404112786307375,0.078073912503634,0.113753536263802
12495,13846,0.0952632449250669,0.11516033386649,0.0485965574372707,0.0139282743341667,0.161539334634613,0.0768964156195176,0.0362549779278727,0.105647285941936,0.0194432303246687,0.0472179489729452,0.173347121917729,0.106705274097723
14698,6609,0.122292835197018,0.205757148201767,0.039659516847464,0.00436908764645179,0.111943130456839,0.103968518920181,0.0299963087697552,0.127469690513563,0.0329443819341888,0.02596703680817,0.147777964854352,0.0478543798502489
13046,12398,0.173437941054255,0.127856790645752,0.0258473652193154,0.00756915332693128,0.0953725956229985,0.0604885031153643,0.0334465521993777,0.117584783140437,0.0233641275514043,0.0843488742565123,0.10412255226179,0.146560761605862
11390,15295,0.0555973030537875,0.12989371934896,0.0328174399053298,0.0736291718523871,0.0943446069631248,0.263628417900371,0.0379972251067849,0.0822231625600167,0.0280143792905627,0.0483335329339006,0.0804465464053579,0.073074494679417
17208,14801,0.109898160226383,0.202729235090512,0.0308771326516081,0.00489395764461187,0.146987165315406,0.0443715749072935,0.0368529690906286,0.143935216097371,0.0408119306561358,0.0428905321572241,0.132812667746075,0.0629394584167511
12342,6372,0.121522587002108,0.14754782143496,0.0478460411933548,0.0102152480276151,0.172541535841966,0.0937507921855199,0.0461666277008313,0.0860142452531925,0.0240824392186672,0.0382733955749202,0.121322290442588,0.0907169761242769
14020,14084,0.10663915537219,0.144131712619797,0.0587423345831977,0.0211259340591253,0.0870115287641041,0.254938137643304,0.0409401684518523,0.0583432624280492,0.0331382242909492,0.056429025442529,0.102737887441429,0.0358226289034727
9029,12648,0.210831658529024,0.0834384026957137,0.0291100257482591,0.00838682515699475,0.211315136892808,0.0670406908609901,0.0309092999385732,0.105132852885363,0.0336250040009737,0.0784616626411773,0.0838196286596725,0.0579288119904507
8199,13614,0.129337817258988,0.134439489392786,0.0477194174911056,0.00241014263377688,0.112637995092544,0.0804589041421826,0.0265878654368712,0.0876620782613218,0.0297343053464305,0.0637117657842889,0.198715827412117,0.0865843917475873
11931,9025,0.119929942503243,0.162846441244831,0.0480636833592632,0.00520659771179043,0.210922270555284,0.0618559577311988,0.0297109239444638,0.0811445734210774,0.0264655101276552,0.0478388332062431,0.10460272871855,0.101412537476401
8327,8068,0.160915396699982,0.162172747447275,0.053348691825089,0.0202168980940049,0.121957301387546,0.0579417885681399,0.0875312713798661,0.10993462625671,0.0157955297849789,0.08784878635196,0.0622274854014539,0.0601094768029936
12343,6855,0.116191026557936,0.145467060702654,0.0637433471808868,0.00989156578413441,0.167742083885699,0.0549702712505593,0.0372492789056873,0.111612370562418,0.0301097626881773,0.0495822251335345,0.112671054469176,0.100769952879138
10121,4448,0.222504121809784,0.176695639062564,0.0162961591487034,0.015177869341819,0.183061699186226,0.0284953127614463,0.142995773591463,0.0202093878784084,0.0507902368189049,0.0976692437352586,0.0135361580135502,0.0325683986518727
11783,4445,0.14444682642513,0.227126602247166,0.0450442736105796,0.00427932593828123,0.123932267988263,0.04872965471372,0.0896819021432819,0.0740450312288116,0.0237908284091161,0.0478558450509311,0.0811137491565221,0.0899536930881966
8612,11925,0.121535375516058,0.144679321902394,0.0471686230436381,0.0090831937796228,0.10207964078445,0.0791599997471308,0.177487528050109,0.0425357101288291,0.03284640222535,0.0724917897022654,0.126018257490476,0.0449141576296767
13184,11675,0.0411023828735696,0.0380873666209117,0.015597982930964,0.0335919021140097,0.0270473213196824,0.13594496249343,0.309616816466704,0.0509927517436288,0.0131978319289975,0.00731691568426529,0.244548239152307,0.0829555266715294
15128,14082,0.0143742200796098,0.0836703884774668,0.0662622407500145,0.00617280284010422,0.228537418104287,0.0620889264410445,0.0170463557125886,0.14143534143794,0.0145228342521492,0.00684624208538021,0.180787522684297,0.178255707135119
15818,12393,0.0821368085716294,0.122781780050765,0.0235117392896233,0.00476470854251506,0.103046804554849,0.0729707953175906,0.0540708736563821,0.0834381729132674,0.0280199271376445,0.0367388772692489,0.349552783434471,0.038966729262014
11113,15295,0.0799477406935886,0.0822784394261655,0.045390536180125,0.015506549929245,0.183055588410663,0.268303902695794,0.0284327702731429,0.0838713422124576,0.0248968576460289,0.0370644833678898,0.0969810247697473,0.0542707643951523
12641,17462,0.103724511347922,0.159422372897242,0.0574307932446339,0.01723113186212,0.0906427060506776,0.170194926418872,0.0253109888321635,0.0132012051486697,0.0314224188533402,0.0479351987252863,0.241721992552992,0.0417617540660808
12363,16980,0.113158581549362,0.136823935524885,0.0442659672178185,0.00659206474280362,0.175952498469778,0.0700349708766444,0.0292847866621844,0.080915539980842,0.0687888254941116,0.0441949464933055,0.138326384548666,0.0916614984396
8324,6622,0.13183492468262,0.0830130718415551,0.0204245916148722,0.00354659766723953,0.0680586252545902,0.0577224935614947,0.0178466254574495,0.0737172107116131,0.0228450407884501,0.0136481500416864,0.459074321715282,0.0482683466631474
11796,10713,0.132448437422029,0.138380004353094,0.0292992766697254,0.0152068870656565,0.161697392502007,0.0394847571596062,0.089450738609502,0.126003970621014,0.0163120717289679,0.0668904514995297,0.112623693651782,0.0722023187170869
11808,16499,0.0871538613087996,0.197482216848454,0.0697873674762737,0.00723262861905341,0.153904960916532,0.0566572584464444,0.0356119272489494,0.122674944874184,0.0486616911528199,0.0274396247025748,0.102822011668784,0.090571506737131
16777,7328,0.100657554529983,0.191290968392349,0.0364950044196173,0.00675509405496054,0.138889494300909,0.0340484050648303,0.0222681281573118,0.0517656850584265,0.0464460039907193,0.0442003798542509,0.231612287067364,0.0955709951092787
12064,6373,0.145498050336207,0.15637851813605,0.0353702091437538,0.00518267898888591,0.0898943631224347,0.0571116132469774,0.0470770458807126,0.160403267607185,0.0457314456948142,0.0584643865679386,0.114216693695867,0.0846717275791736
13748,16495,0.0483479697986561,0.123966833437555,0.0744667112098102,0.0100581176416455,0.168750966176818,0.0462906264189784,0.0279035402245496,0.131024106275797,0.0194074234572367,0.0303932395961082,0.16350695688253,0.155883508880317
12765,10470,0.109329364036296,0.153509259344649,0.0535257557974851,0.0135808004538278,0.178194633223533,0.0909439776398772,0.0236075036977566,0.0831078781220033,0.0225216528799702,0.0444727564346972,0.110379642575374,0.116826775794531
8328,8550,0.163971114559958,0.0972685998804927,0.0501042752883482,0.0024349657178234,0.191373101615742,0.0565362798293292,0.033342976434636,0.0760551113287635,0.0297328553782299,0.047330194522005,0.114004491859553,0.13784603358512
13465,13603,0.0911760921322643,0.125493439014427,0.0415890355651976,0.0111393080282877,0.137383838580016,0.142450724840893,0.028108432123406,0.113078002591431,0.0208413562027373,0.0336707851174752,0.202289673802663,0.052779312001201
14559,6850,0.137279196032974,0.124795277283969,0.0496660930462015,0.0086230690423593,0.173861833317413,0.0867690596189753,0.0749121497435133,0.0780650937038284,0.0231664821037611,0.0585021016028571,0.103261093709357,0.0810985507947906
10424,17467,0.0549461205133369,0.196836707984756,0.0268651812733463,0.0185022434153671,0.191755557017704,0.134429046274842,0.0128555075261049,0.0926347691675071,0.0243087138953923,0.0390356669912685,0.158058217005438,0.0497722689349372
17346,14559,0.103678903532601,0.280615490862486,0.0579402406098249,0.00506364752257328,0.0882567880390143,0.0980844333190336,0.0380084395374251,0.123100423862558,0.0558103211655711,0.0573165699054416,0.0494122189207249,0.042712522722746
10691,12162,0.124167751496138,0.138048119674787,0.0503358448554118,0.0224835623628133,0.145927406575747,0.0779889952295139,0.0571010030808329,0.125392622388966,0.0370822249978351,0.0897672285751101,0.0703641447881026,0.0613410959747435
11104,10956,0.176440550628807,0.185890381530333,0.0375955062330636,0.00518673057181186,0.125723459261295,0.12657705341728,0.0314468533820714,0.0931752470900816,0.0389855461144882,0.0532707887297588,0.0809878622217367,0.0447200208192735
13177,8299,0.14878322379371,0.243104190343614,0.0298306972943751,0.00590934582280711,0.0876230460860414,0.0958295534533946,0.0559834560429164,0.0746634510769816,0.0273381178564198,0.050231314495732,0.090826270203433,0.0898773335305741
7911,7828,0.113381160642802,0.189221514202592,0.0441756490912351,0.00949792315044916,0.157943182543112,0.132564830496592,0.0597080731006993,0.0225434664762604,0.0286849978109329,0.0672155211863443,0.101510649418397,0.0735530318805846
9172,14817,0.133759930885541,0.25095804867322,0.0352809411468718,0.00485761437439471,0.149380729978901,0.0459606195775975,0.0953522531212894,0.0425211462127184,0.0525055695997383,0.0689076568015432,0.0552348478235462,0.0652806418046393
10278,13850,0.0241630064550949,0.0534786790738747,0.0492163045283884,0.0114706018907648,0.0669652586736121,0.434253590396834,0.00673288230628542,0.0816176387412803,0.00721268367135889,0.00607332974850168,0.129535718067668,0.129280306446338
14024,16013,0.0783111169386373,0.159574590752181,0.0701730135359045,0.00506620295534111,0.180971334546785,0.13724236504667,0.0380279489140861,0.0728779952326325,0.0255350669586143,0.0367243517037944,0.119318884473908,0.0761771289414463
9708,6137,0.163686286802321,0.205234180510993,0.0283642082308336,0.00373084920327397,0.149749330550759,0.0510258736675578,0.0902911722600148,0.0835968266696022,0.0241187124534162,0.0585476442431329,0.0662887581156294,0.0753661572924665
17619,12630,0.0252551013566622,0.0608664351347173,0.0694252615937422,0.00684321964594916,0.137322430125997,0.103414115819643,0.0148591907161152,0.127107519565248,0.0340629498450331,0.0590666150726383,0.28449405653334,0.0772831045909153
12755,5166,0.153161509265172,0.115466693507671,0.082880442213041,0.0234331443009407,0.114890888574651,0.163710576972177,0.0331426676889528,0.0624258830105572,0.0440018983925815,0.0374937945242311,0.0871365224911636,0.082255979058861
12618,5890,0.177318892258159,0.24996890773936,0.0288685973063187,0.00221036190358708,0.100712581969762,0.0794003569074769,0.0314872589097757,0.0632333242457902,0.0301334022502967,0.0345926813970097,0.107024274993675,0.095049360118789
14987,12877,0.0217428180338415,0.0582975979078817,0.0693498056555171,0.079933604650886,0.064633745955971,0.342402477758733,0.0286863079725649,0.0812131423225046,0.032423095956305,0.0350744044416113,0.0417446873335801,0.144498312010603
13585,4682,0.15307562448264,0.203309629759141,0.0675187561163398,0.00378183795046259,0.113060093229894,0.100890852625483,0.0346405608503881,0.110106518015823,0.0227885739854523,0.0335277331758869,0.105656196306237,0.0516436235022513
16512,13115,0.0709713432749165,0.142790021650504,0.0402464423340341,0.00306137551060236,0.234799629047568,0.0357381120437652,0.0168371300515853,0.147238353861945,0.0153713489015391,0.0660305522551151,0.141393213991213,0.0855224770772124
12059,3480,0.165183925786517,0.162973464663461,0.0469170615553593,0.00861774075593853,0.147891540170783,0.0811142044804418,0.051647535714199,0.0509595174268868,0.0226119805413182,0.0577988176900975,0.110127739717156,0.0941564714978413
12911,14086,0.119810497112482,0.151644817387217,0.0544802600633845,0.00389964999520551,0.111087348370198,0.133927641092759,0.0569633782520523,0.0768901185457043,0.0219863827037954,0.0296326820962425,0.146948603037592,0.0927286213433676
12910,13604,0.0871055910531306,0.166775119420141,0.0507487635139683,0.00436056476828597,0.109147816195675,0.103060671314719,0.0488306500974652,0.106222003718645,0.0237631251483229,0.0249014428797559,0.183218416837735,0.0918658350521558
10265,7100,0.120711533601519,0.288927581023507,0.027977549073498,0.0105293184350135,0.125583012569396,0.0744650177500909,0.0633577684610753,0.0360114092468202,0.0231950247054454,0.0488382752320644,0.0852871626525622,0.0951163472490087
15270,15769,0.0999870323941264,0.14043870667621,0.0543353143670747,0.00626516449255871,0.155704439692737,0.0969677105677895,0.0178462208833537,0.133487786341216,0.0309411711966218,0.037878496441892,0.140396636863805,0.0857513200826155
10688,10715,0.12103945549478,0.157525414930052,0.0349177212899238,0.0172608090969015,0.144247766001597,0.0331742592248149,0.0752277202088516,0.0702113804099922,0.0628120205734811,0.0630306958472945,0.14568917253413,0.0748635843881816
14565,9743,0.0962155486684934,0.107864946302868,0.0354539608995345,0.00493752133718393,0.169821068223595,0.0857983048180349,0.0717267526442519,0.124927327013731,0.0202231363271995,0.0374743725745326,0.135052487887858,0.110504573302717
13593,8540,0.0884387704454072,0.192519983942282,0.0416311495228571,0.0160970985756851,0.165178879015106,0.0888474390360547,0.145402924614727,0.0404225969238326,0.0178011582200634,0.0453211733164958,0.0910798496035175,0.0672589767839706
15540,11911,0.132599583123776,0.108797434425915,0.0225712378800039,0.00506677367762782,0.16392520676416,0.113273849608245,0.0403648308428759,0.0868553600166354,0.0177310775263308,0.0569139336380426,0.122003051604913,0.129897660891474
10536,4206,0.239665109193342,0.173683292654857,0.0290960049649204,0.00524917040206188,0.149035700910956,0.0535926294023585,0.069291967258635,0.0708497394511867,0.0167793900032891,0.0724684447921345,0.0614653795925989,0.0588231713736596
12758,6613,0.103975872085593,0.229965661584435,0.0407207286596574,0.00147326899965962,0.144390968502404,0.0491342877209014,0.0347427732852807,0.107287477704167,0.0198139942764684,0.0309877495659584,0.123307517832113,0.114199699783362
11391,15777,0.0703530912569237,0.10647957510216,0.049839353330283,0.0206661571566559,0.151124773607296,0.224105181894913,0.0156027649048641,0.0826141532621023,0.04007085337558,0.0435768412373058,0.116432982667487,0.0791342722044284
16099,14321,0.0811048670003437,0.157791346252689,0.0298186299103533,0.0218334567009848,0.112425945195746,0.135582904938566,0.0480541153481174,0.127081867702587,0.0187193679057047,0.0442079969371115,0.186511542673753,0.0368679594340437
14701,8538,0.167996002024512,0.154126014499837,0.0326225079316216,0.00603478479867432,0.162828815712866,0.0851935797952741,0.0784384952576835,0.0762628601525159,0.0260847268494846,0.0605650877635499,0.106675791622254,0.0431713335917273
10839,17225,0.0790766862086558,0.192786349993809,0.0636460210647192,0.00433700988838372,0.114079180272784,0.10236410168126,0.0384208670535499,0.11642469550118,0.0406470021184183,0.0174386772543465,0.207514061570796,0.0232653473920971
9454,17227,0.047149435531267,0.0715553765402266,0.0713808426056959,0.0256430740268918,0.325582320448879,0.0934711976403825,0.00499304067203339,0.0952551237144301,0.0269707285354079,0.0394658359987165,0.081790467775124,0.116742556510946
14570,12154,0.0288806721720358,0.0615432555457187,0.0305140148112552,0.0570522452251119,0.0299474858832189,0.575209669910909,0.057294372546128,0.0403699651481228,0.0055571698506768,0.00817274214384673,0.0424838584148187,0.062974548348157
8747,10237,0.168196529408751,0.121936765278719,0.0324362301271348,0.0058726380058547,0.104869559832306,0.0647020912280567,0.0801121789907427,0.0629578241483324,0.0503187732818438,0.0691903328795207,0.120825234112532,0.118581842706207
11109,13367,0.0124765925076983,0.0229074499367811,0.023595058100616,0.184454635147,0.0532832166994801,0.51649896839818,0.0252428380684651,0.0135742738895141,0.00721662677574546,0.0174422083826821,0.020710028509187,0.102598103584652
8607,9514,0.162702962215244,0.160434629451325,0.0461949235070231,0.00976033523541178,0.0997764031406842,0.071178866844542,0.095760825034867,0.0458549923944816,0.0266926432252478,0.074835516786861,0.105988449364357,0.100819452799956
14006,7333,0.157531235323937,0.188591958897903,0.048432592077544,0.00371024563127047,0.149481832817109,0.0523553221655115,0.0531624532747947,0.0784744208492722,0.0217906799655081,0.0437444306073379,0.13568234425371,0.0670424841361019
13306,3718,0.0133584745990621,0.0522905462396314,0.00697277998982075,0.0158910370189139,0.0128271791558526,0.088097705620989,0.672593156386099,0.0533433080565742,0.00187021190372249,0.000324745530554863,0.0681007010412243,0.0143301544575553
10401,5894,0.166696252011066,0.121910332791072,0.0542790139535961,0.00938459944634973,0.0924483083492849,0.0879729776882519,0.071608113316918,0.0621446342636538,0.0197069484463859,0.0704253345341401,0.104765589424128,0.138657895775154
15811,9017,0.069286865091781,0.230269043622923,0.0525055835671043,0.00531162807148391,0.113348915149753,0.0497078076854907,0.0366072848011952,0.0776379842878283,0.0356486235729474,0.051181390498952,0.131690236275665,0.146804637374876
10263,6136,0.15206637657466,0.0895763052547531,0.0560643526054612,0.0104573604871719,0.129618988567834,0.0366202332194778,0.0720846215286489,0.125363668874619,0.0282788261666819,0.0727726608768165,0.0771672396363165,0.149929366207559
16648,11909,0.142388690869757,0.129242083403651,0.0333796012524288,0.0120159135761567,0.111078916463482,0.103805744663484,0.0543020924313096,0.0768375351770194,0.0171901928470029,0.0496680747941322,0.110747036428928,0.159344118092649
13308,4683,0.125240633810506,0.199947444451356,0.0429406982195753,0.0106859779218795,0.149711548535215,0.1353953961902,0.040723396634744,0.0505324189377073,0.0229882052536676,0.0516499534946291,0.0775532322241457,0.0926310943263754
8744,8791,0.128485323939375,0.135460411884308,0.0459887418135284,0.00278912533158108,0.147017288401725,0.111217539569051,0.0690652038403056,0.0553540239285607,0.0529069538448953,0.0359095259550372,0.13253985893801,0.0832660025536215
15134,16975,0.0549165102008307,0.0799722944950191,0.0520578539937718,0.00735289417446358,0.274780253218127,0.121665954895424,0.0181112222573827,0.127004986616323,0.0148907472201743,0.0431494616233079,0.105275350027818,0.100822471277357
13172,5889,0.137052715702823,0.21479800729577,0.0267947789350165,0.00733320875190778,0.204830987069174,0.0309193181457603,0.0354816512097405,0.0854384560510533,0.0248639141028187,0.042729379954286,0.0987947101687104,0.0909628726129383
12069,8784,0.0690673334391423,0.12570682739186,0.042030384104719,0.0044176067377801,0.20983336092836,0.0516683164052382,0.0463371481965384,0.0881330209233704,0.0161062195513061,0.0217749760511443,0.184763641564045,0.140161164706497
13193,16497,0.096432471002576,0.0981819827193025,0.0821293351791741,0.00117548999458769,0.175062899925424,0.0890744687878932,0.0205648964744604,0.159633523172154,0.017742869751262,0.0407061070598582,0.102661995964864,0.116633959968444
12202,5649,0.152008192155708,0.13452373581313,0.0693613664551479,0.0093981109196556,0.161407540235927,0.0677703315764239,0.0617119883810508,0.0624967563467114,0.0279058719278065,0.0462369563338381,0.109363365930653,0.097815783923948
9849,7342,0.158611148463356,0.209108575000078,0.019604974558078,0.0108585160718778,0.0800824065786639,0.0548537797266802,0.0705908021518287,0.0761433799962415,0.0220584475811098,0.0705931460485225,0.0954964082100891,0.131998415613475
15947,7812,0.116406295943606,0.165637905543977,0.0283067792433431,0.00485109753973654,0.195102069273569,0.0447666371339419,0.0439728489248324,0.0979796695719552,0.0268211686996205,0.0394121251800937,0.117994518065012,0.118748884880313
16924,11426,0.151503441476564,0.182132333484104,0.0336619302466576,0.00381765937462524,0.15981988162092,0.0701039393911984,0.0402102079915687,0.0867319173702448,0.0279642442426862,0.0370562452648618,0.150124928226201,0.0568732713103684
14418,5645,0.126762098491082,0.269095283999471,0.0196904472460213,0.00857729752641982,0.0956026856807916,0.0760384780325345,0.0403345586580859,0.0913292063851006,0.0203366185173008,0.0471093239743053,0.122015500577157,0.0831085009117294
10698,16019,0.0992480070682546,0.170476586154378,0.0636489633807846,0.00510398277866375,0.164737860143949,0.132294942508057,0.0512424279303825,0.0522472044715092,0.0259366937845759,0.0315593997273179,0.0984764001195316,0.105027531932595
15535,9500,0.11689727950471,0.162829139901018,0.0618196656988266,0.00857532987645161,0.177661142532171,0.0935822640383697,0.0608019682779706,0.0714479558891883,0.0182345656021525,0.0643917737562127,0.0737543498180988,0.09000456510483
13464,13121,0.0888644080544359,0.150787460719649,0.0554693249678144,0.0118111085893539,0.146827029772799,0.159901539918358,0.06798653324173,0.0638377969764539,0.0151808207021832,0.0202194658388911,0.126934102012746,0.0921804092055856
13457,9745,0.202132153311601,0.111187820803404,0.0219350189546645,0.00327998254619912,0.102763808721334,0.0326632766024376,0.0934826567738746,0.116198176010272,0.0456509309138073,0.0586290903592004,0.116061803591051,0.0960152814121543
10136,12163,0.133989844627143,0.166475081867577,0.0617008571137306,0.0045599026971504,0.108960902900493,0.085177914052967,0.043432480959169,0.127319267419767,0.0384397135753071,0.0879139311762909,0.0760064057783869,0.0660236978320174
11526,14089,0.0100655306421118,0.0224691507162746,0.0221842925227417,0.0316030583209485,0.0403467439003841,0.670735786922059,0.00842358440687249,0.0623431861210624,0.00438965278860195,0.00325288710654209,0.0433080758899103,0.0808780506624914
8898,16264,0.118203511254132,0.135042599993213,0.0552447380901228,0.00557608915494999,0.154628137098906,0.104638370996749,0.0171049510208387,0.0966622435987521,0.0449256467737574,0.032871776432774,0.128820271322847,0.106281664262959
14557,5404,0.135117140279215,0.271715450184549,0.0341789686724461,0.00354181344031121,0.128862600553522,0.0790618968606636,0.0727959865400645,0.0249831555601384,0.0310134857023644,0.0216684732912104,0.118262753698045,0.0787982752174697
13741,13120,0.0632773899056155,0.210856092770521,0.0565763997382839,0.0197509124296572,0.0974157468660738,0.149006588049635,0.0279887381346702,0.0627360512549872,0.0225539156589018,0.0216589891802406,0.149201134989363,0.118978041022051
14571,12636,0.0403824398555463,0.0654916538806366,0.070232548303977,0.0973110416858821,0.0628616575125054,0.391225787273222,0.0367449398075077,0.0615546258789013,0.0340430099785412,0.0145893055980229,0.0713716852846598,0.0541913049405974
16222,6847,0.102247995694581,0.137717082175758,0.0341699507313542,0.0107678346105714,0.159139178744251,0.0543426375258822,0.091599852619591,0.0778429849849163,0.0301177040291112,0.0137765699624807,0.180394693368624,0.107883515552878
15676,10705,0.0772932661885036,0.146215936352292,0.0408910254459354,0.0199892948905593,0.208104747243651,0.094808968539693,0.0347185941901089,0.132576569596096,0.0207957467897437,0.0261606917824668,0.105237165152323,0.0932079938286272
15687,16492,0.000680229393824521,0.00560970343892915,0.0745715107812506,0.00351089802133677,0.247268205197661,0.0598373970803992,0.00281786194028083,0.195085375047791,0.00529712076256382,0.0243592739535339,0.184898736889339,0.19606368749309
15264,12876,0.0500925481663669,0.1233266500801,0.0654666510779703,0.0180434837368789,0.176449672354088,0.116990878996814,0.0210813877409493,0.0540935149795184,0.0212736418085374,0.0398714194025966,0.244016868253221,0.06929328340296
12777,16256,0.0940847567322388,0.0873784109570735,0.0487020325706083,0.0138218067302703,0.208425641852474,0.0844268435219993,0.0476824014272901,0.0959393587926637,0.0183204988274404,0.03136267591241,0.117511577198074,0.152343995477458
12905,10711,0.0971316392576918,0.169297294158858,0.0504132953230722,0.00612675463557681,0.14996539448557,0.0708622191360766,0.0468828684200494,0.105854171008834,0.0167090645408309,0.0526700515315363,0.129485045856754,0.10460220164515
11513,7821,0.149826267014504,0.248375206793442,0.0247872650816979,0.00597450836741991,0.133335486841248,0.0480958550111802,0.0514519780844904,0.0926731974621859,0.0344997874602434,0.0533353709606062,0.120274135348418,0.0373709415745627
14712,13842,0.0338113146609097,0.0933410225095415,0.0665165454947396,0.00613929367278565,0.209316688269482,0.101921610160799,0.0151821545875584,0.135326091084339,0.0283197148519728,0.0117487664877374,0.162513806014567,0.135862992205568
10957,6857,0.0506229681625852,0.152785591333724,0.0657701893327824,0.00884665577139793,0.111890997296748,0.0991256044049133,0.0420100188770858,0.11107616775972,0.0352088438378795,0.0546186150683736,0.104520624297788,0.163523723857002
11382,11437,0.102157443101276,0.0938759511224021,0.0764838376340047,0.0162267830643576,0.0894698065993042,0.171571857772991,0.0259898137580358,0.0687245171724212,0.0372725394988484,0.0118123606624653,0.170994583206679,0.135420506407215
14013,10709,0.108264768002185,0.131856527914168,0.0379229652155368,0.0029915763315816,0.138349819099704,0.0610397947524026,0.0605110342056773,0.12230843335235,0.0302323861115176,0.0465729083721634,0.148901986650859,0.111047799991856
12354,12641,0.145001371163556,0.263463058246441,0.0206507809368627,0.0101333096015782,0.0948449000681866,0.0516341913908532,0.0176543505505229,0.11835403183296,0.0186742340089905,0.0257105922319517,0.0998677078139444,0.134011472154153
10815,5170,0.177592098091686,0.17741734991691,0.0286854569022646,0.00724855018375738,0.155687094918814,0.0495483808530827,0.0754272707681404,0.0853560610169263,0.0271347601972701,0.0314947881514428,0.0711667956404529,0.113241393359254
13042,9987,0.116196691277708,0.210548210499569,0.0466270307845319,0.00525593974459388,0.0763450446231081,0.129187506784854,0.0436485308677184,0.0635455621388421,0.0302531483731468,0.0629688799845362,0.087919836821338,0.127503618100054
9293,6379,0.211304794081323,0.20806143214643,0.0306057347078466,0.00578053102200667,0.158619661487314,0.0366527064815057,0.0636280503610792,0.0429096647408881,0.01767346259008,0.0631222703196491,0.0831226684071408,0.078519023654737
13031,4683,0.140983164572664,0.257093804541223,0.0349279699731109,0.0158079258117208,0.104252774628202,0.104598918776998,0.0700436196731548,0.0389340935116089,0.0230257469760573,0.0589782065409825,0.0784017718119041,0.0729520031823743
14567,10708,0.126248789029682,0.0700015084660914,0.0246127685273623,0.00512708073096698,0.212790610044246,0.0961164337250643,0.0439070882299733,0.0728950539461439,0.0171836860364318,0.0390936820160533,0.13783038523112,0.154192914016865
13305,3236,0.0768039168303205,0.0466614907356057,0.0221546625038617,0.00240184371606011,0.114066027413107,0.0171841096221425,0.0245280628897715,0.068200122869049,0.0162060918479164,0.010107670452139,0.502518385287516,0.0991676158325111
10133,10717,0.0996632181930951,0.217916226875348,0.0353225819639877,0.00550410011515502,0.13556607328236,0.0581826219174438,0.0307697867606661,0.138974600168012,0.0359718512271633,0.0648560953679671,0.101255771590032,0.0760170725387702
12220,14811,0.00414518743195295,0.0173492267197087,0.0650711828287696,0.0044806907731199,0.158650172544859,0.113414162246366,0.00272001834245132,0.147703131524164,0.00642420166581668,0.00568938944800561,0.299227482741307,0.17512515373348
9732,17709,0.0838325642476644,0.102948374848883,0.0537167425487293,0.0089041421856171,0.201808731165609,0.0523257989650845,0.0177185686878956,0.111648679702834,0.0202397941786603,0.0442552794846701,0.119896271477697,0.182705052506655
14433,12878,0.0322419181893127,0.0861851254039497,0.082319741573917,0.0193902249206547,0.0352740410201981,0.556465162770051,0.00271931654710256,0.0477533762620648,0.0183731163397324,0.00421583274598444,0.0983864507123486,0.0166756935146837
15822,14804,0.0794887457055126,0.118713139296858,0.0338579285538505,0.00541739242999295,0.193946912456704,0.0822578667377222,0.0415217644690774,0.122025375167106,0.0659877377953457,0.0745046454859317,0.14465669706822,0.0376217948336782
13034,6130,0.124238762830108,0.21870423946805,0.0376592772286806,0.00443364128934796,0.117343288427788,0.0513134681208174,0.0773199606253221,0.0749482721593826,0.0146173405985166,0.0273701259634097,0.129904348187411,0.122147275101166
15807,7089,0.135630339199832,0.16539030194003,0.0298602503639123,0.00334534565979367,0.198726330490982,0.107483013150631,0.105220130994971,0.0284706782789959,0.0198394533294281,0.0364641902040729,0.0934700447252349,0.0760999216621161
9030,13130,0.152940537969571,0.167879218506523,0.0602352176974532,0.00440810141562455,0.19394196102841,0.0444057482071394,0.0516934857924207,0.0428762195709897,0.0326651593049025,0.0625370917474199,0.0850775437460875,0.101339715013458
9031,13612,0.111439693760062,0.1866596904964,0.0778864823160984,0.00596092740978891,0.119537013727433,0.0658101491812451,0.0435726481342085,0.100139955417364,0.0149881435824967,0.0467436601592386,0.123143993485518,0.104117642330147
18032,10942,0.0918521972251019,0.10019384572908,0.0259520039217359,0.0109621586145785,0.0863689072837221,0.0313259515175567,0.0185642052572802,0.0844960169260178,0.0213146112685809,0.0398049686386361,0.369291429720342,0.119873703897368
11523,12642,0.0329191523184922,0.0902279507618723,0.0418587583921335,0.0714674790834267,0.155324198903415,0.253644475489145,0.0142658377662555,0.0583500768295628,0.0294339002203937,0.0319579090980163,0.100166267044146,0.120383994093142
8756,14577,0.155928244112244,0.099634144987543,0.0443473050520816,0.00722041620295756,0.132357560284226,0.0641570437382045,0.0777999761438637,0.104731516019741,0.0212127123861592,0.0809180533844678,0.109212041091127,0.102480986597385
18587,11423,0.134194967272206,0.0905768247163988,0.0267318432198243,0.00396415425912754,0.12346388173686,0.0517569459400372,0.011545859058302,0.0700738858799619,0.0852155377856664,0.0287917253202068,0.339144654582343,0.0345397202290662
14709,12395,0.0151339760870458,0.0390364739445461,0.0297766639024159,0.208147077742686,0.0451030047282253,0.389780467145734,0.0272729502683119,0.0371489538649727,0.0305928685300924,0.0230524575716618,0.0550904864389626,0.0998646197753449
9432,6619,0.130929971547092,0.146527170175299,0.0357079968746706,0.00624027471182114,0.147131660031209,0.0726381228964218,0.0623330645410181,0.067078576726494,0.0247238961185664,0.0497529417789311,0.100370603861711,0.156565720736766
14573,13601,0.0351737714555418,0.0665573292270095,0.0494180156370828,0.0929281313250082,0.167386274864913,0.332639064499593,0.0161277837767134,0.0421880462462596,0.0114921540789221,0.058430361478222,0.0414095736298103,0.0862494937809247
12080,14088,0.0171524940256986,0.0395865723119865,0.0422521340043035,0.0270212736939058,0.0180209155348116,0.475468026068414,0.00147132635952212,0.0316886837963801,0.0268485730692446,0.00347718304039707,0.273913267678321,0.0430995504170151
8741,7344,0.192471964980809,0.175704228806842,0.0284531024997953,0.00759645908885947,0.13078012755984,0.0704255969394425,0.0707319740422139,0.0276163863267481,0.0304985103215241,0.115453090189926,0.0706181461663049,0.0796504130776937
8880,7585,0.0996354681760184,0.138720873083124,0.0412872955313834,0.0231466731516476,0.119868682436438,0.0891281321259418,0.150221542187699,0.0393706595606975,0.0274808462051366,0.0318111281913189,0.155992345323942,0.0833363540266534
10837,16260,0.155299464351712,0.147041415232147,0.0541364433409826,0.00409258918568048,0.170779050976439,0.0347989187350853,0.0541952565808999,0.14078135380111,0.0282190702256006,0.0634434619668924,0.0720728692269046,0.0751401063765465
9174,15781,0.0809868159706151,0.133607861116427,0.0518031353896336,0.00440830074513955,0.158312543803401,0.118365193304861,0.0833120144658669,0.102093763639428,0.0479026574331926,0.0397504422301244,0.126151215008449,0.0533060568928612
14834,5403,0.197319720993011,0.142528121370837,0.0437532969822215,0.00345828664858503,0.148503619932987,0.0467653551753192,0.068588263757863,0.0680886900783837,0.0210408859957151,0.0692647101694263,0.103447864419516,0.0872411844761362
12626,10229,0.12589265443705,0.192381652553881,0.0730543790000693,0.00954401539870673,0.124047319485731,0.0994941492116569,0.0397461534852382,0.0513007754718093,0.0378562096259962,0.066248243525643,0.101810197323834,0.0786242504803838
11394,17706,0.0517272374667524,0.128820289993174,0.079880134130681,0.0556925354405494,0.22932589073949,0.0366050384765823,0.0163160566874535,0.128610755187577,0.0111804842585822,0.0364282703108842,0.11734130095232,0.108072006355954
14555,4439,0.267957476012488,0.105178822765824,0.0224860723617729,0.00995627889699643,0.139691158619517,0.0893156128998977,0.0623949950348416,0.0581952407682194,0.021283814904519,0.0797418100311744,0.0980201527033396,0.0457785650014103
15120,9742,0.0966131508967986,0.202768966631645,0.0521148434370263,0.00608367846125313,0.146504273291917,0.0657688645176302,0.06641203736475,0.118936773322321,0.023070726013936,0.0461300192490092,0.103884222166384,0.0717124446473298
9036,16023,0.0608867246064949,0.0923577356290332,0.0854332167988004,0.00448411778224096,0.293779405272955,0.0612573600864494,0.0198476573278325,0.139598806685603,0.0184119373516096,0.0433215477059332,0.0858845764557547,0.0947369142972934
8740,6862,0.136719795210724,0.152194889070261,0.0386047194757598,0.0029808206919194,0.18162232356412,0.0449655459481493,0.0615371278588034,0.0704342398503712,0.0371045298416006,0.0412217742057314,0.107786252998302,0.124827981284258
10286,17708,0.0679377311405608,0.115477279458783,0.0524579290446159,0.00626824493901245,0.201560324329492,0.125053220707969,0.012950848117026,0.0500183074858846,0.0259815022055186,0.0149714206705966,0.229035946413353,0.0982872454871882
14297,14083,0.0452505054238368,0.0905884755335325,0.0333630281685189,0.0368230621671991,0.174405631621613,0.237445216832133,0.0298926092327814,0.0477476488933216,0.036247667979593,0.0123962584027547,0.234301852556832,0.021538043187883
12217,13364,0.118870518023667,0.128505609833126,0.102065438723441,0.0125374425291246,0.0883750612782364,0.0987965968926093,0.0540089273194304,0.119833013696614,0.0254034410577237,0.0710017029299955,0.0875937304742805,0.0930085172417523
13737,11191,0.154170298919424,0.148974036868356,0.0369084206115044,0.00351260785676593,0.161660526910444,0.0772836163460293,0.061156960431871,0.11403041973371,0.0205324094931565,0.030889755611913,0.0961769387282593,0.0947040084885661
17334,8291,0.122245615095275,0.138252284511777,0.0968218910003116,0.00230846760655176,0.103121583336734,0.0774307698215977,0.0138580765763223,0.0516480000573475,0.0347171736028822,0.0325543217724195,0.21503137314039,0.112010443478393
11093,5652,0.111837613350201,0.178915572077078,0.0739598106302578,0.00538350888891174,0.138963962526014,0.116046226970701,0.0572506904901619,0.0722964338420897,0.020165832960389,0.0458053689911562,0.103162899482938,0.0762120797901015
16651,13355,0.0802472105619089,0.115010381732897,0.0601628382196771,0.00218664091858536,0.180033156524332,0.113486328521338,0.027396130271634,0.200360537566969,0.0103657122607613,0.0418911797012624,0.110571725053674,0.05828815866696
8336,12890,0.173157148295374,0.18744233033404,0.0464689595442006,0.00382925461480193,0.0526077254248449,0.0808017094125519,0.0474014812014184,0.0626788160428586,0.0299631033997202,0.0550030164581253,0.197522577550952,0.0631238777211116
17894,11183,0.122698693271917,0.162879190008309,0.024403337826992,0.00764803767506131,0.205493846103037,0.0664887704585029,0.0649213115238932,0.0700671261733419,0.016572972040623,0.10077905924923,0.105236911068017,0.0528107446010763
13589,6611,0.162292516649167,0.113218954826771,0.0485391203298989,0.0062577728629049,0.189497654971616,0.0631497396321353,0.0477642917675002,0.0678880211977412,0.0265228228097797,0.0503291833248908,0.0888354604568045,0.135704461170791
14855,16011,0.090069641817593,0.0965373539409532,0.0763973724640255,0.018675728363628,0.16692959556312,0.100217491441324,0.0211417540298129,0.118752368531065,0.0333033373966375,0.0468474251010329,0.128533795147746,0.102594136203061
9576,9271,0.175483244752133,0.166614913518241,0.040075014195848,0.0137959314460581,0.152340802633474,0.0795224210248416,0.0419532674993797,0.0925144842571452,0.0300333661221009,0.0779364084156064,0.0905686831112626,0.0391614630239091
13180,9746,0.104127711027624,0.163518484689004,0.0391040010103369,0.00274879470768254,0.150700198850316,0.0700236924956849,0.0348908352851322,0.065426045813547,0.0219578560280604,0.0409106143366408,0.121773476343052,0.18481828941292
16092,10946,0.0876056724105161,0.156304711520948,0.0534590190256719,0.00583229078468315,0.199996405429161,0.064063465357499,0.0148287637415471,0.139012290040438,0.0335313416556794,0.0473883731294501,0.151000247682755,0.0469774192216512
16373,12874,0.0506936443948685,0.104834163536512,0.0209932684495159,0.0217677538211081,0.117582217131875,0.0548127855730287,0.0119205344366344,0.150530156248647,0.0285876474369657,0.0287475643395146,0.303452420828986,0.106077843802345
13749,16978,0.0872958896110058,0.138829401155749,0.0408862203707645,0.0190242195226621,0.18576886817129,0.0841178433371566,0.0255459398215444,0.127780251417452,0.0350528445008557,0.0525787691518758,0.0997625038106484,0.103357249128996
13452,7335,0.136379832011974,0.239062976317182,0.0437641075753499,0.00744477375510341,0.213055646299488,0.0696713684105464,0.0539368273320071,0.0264039258972542,0.0195933075529132,0.0449371715959365,0.0697411849647881,0.0760088782874576
16647,11427,0.138149096425255,0.141063935732439,0.0628036192265014,0.00322215835878659,0.179490471241132,0.188696729128534,0.0196831197533298,0.0652599346040675,0.0141465294436007,0.0270946047768536,0.0699180839906497,0.0904717173188505
8335,11926,0.0701862841245067,0.201632835607165,0.0395417440846793,0.0161730671402648,0.15903931371783,0.0935452437104482,0.105273693412532,0.0639487750471922,0.0188388903031315,0.0442161108518147,0.0862510000511919,0.101353041949243
17065,12631,0.0756008627174482,0.0440359510488303,0.0367727773778053,0.00230952871130123,0.156043962376785,0.0930728496949896,0.0560289717478218,0.123618852321711,0.0113766806074948,0.0157571879530981,0.222220559088195,0.163161816354519
14714,14806,0.0481855526747435,0.133238186830285,0.034305804528105,0.00223505646994779,0.164235800828986,0.0674690410092762,0.0148325679694762,0.137016570816456,0.0177665458098941,0.0175036821392966,0.196640426938221,0.166570763985312
7919,12168,0.148278397376833,0.164179545234141,0.0260056790115382,0.00622772426385304,0.111657269312152,0.0634684449113769,0.0475024915925838,0.101380992647677,0.0163364202796675,0.0374669829600497,0.198639189255696,0.0788568631544319
18727,12146,0.0907111073689915,0.165406750896133,0.0264621818970173,0.00695767355963462,0.209032966885051,0.115932574854269,0.0370823400043197,0.0376719124890086,0.0329912144185292,0.0316498197462533,0.166724615016272,0.0793768428645206
9159,8549,0.0752536028172677,0.178346322304033,0.0306139202362566,0.00695695259592111,0.16848459512131,0.0451413890822621,0.0522886274582558,0.07892082901045,0.0136085847598198,0.058876847830538,0.128947901194603,0.162560427589283
15115,7331,0.0968405897383609,0.165489524767863,0.0430497962471042,0.00179596735324915,0.154032861449061,0.156722138300287,0.036540867777014,0.0864129931330568,0.0169331238571518,0.0169027908608868,0.173377623484504,0.051901723031461
10551,11921,0.136655955138333,0.12106549843557,0.0748187032145567,0.00307897422491264,0.114376452660319,0.12987718766573,0.0267631101100704,0.116328852326782,0.0164795447948821,0.0565680986992563,0.157356728212466,0.0466308945171205
10818,6617,0.13215762326907,0.212209044326146,0.0438973094965295,0.00908146990885465,0.143489398857501,0.0581876624058778,0.0642010729655849,0.0697826349343577,0.0281322819401861,0.0868995277609243,0.0680436850819571,0.0839182890530109
18450,12146,0.0262579309973585,0.0407380558951003,0.016351934242259,0.0238589259334311,0.0396346066104719,0.0593905857006482,0.134875888696149,0.0474370720392578,0.0335678203078183,0.00785423440218213,0.508400310149113,0.0616326350262111
13470,16496,0.0341326551741147,0.231579123953347,0.0536147185439167,0.00468064322908408,0.178494376067892,0.0887613157220942,0.0164933686149736,0.116073915171561,0.0385493292533668,0.0313796550668148,0.102826861959315,0.10341403724352
8894,14335,0.153387937304487,0.239809961672373,0.0495667905967611,0.00516881462497245,0.0498611248783917,0.0969097852022516,0.0493753673501381,0.0892292656546452,0.043643346952013,0.0530196661145821,0.0984120526496859,0.071615886999698
8338,13854,0.112110520802981,0.287159395495831,0.0342598998975769,0.00354327413340538,0.0924615089701529,0.0841542324516318,0.0465668454029761,0.10155233662114,0.0218136829151674,0.0446267135789853,0.153003219698955,0.0187483700311964
12620,6854,0.160962803230792,0.156746861168912,0.0508060518793056,0.00699407350808658,0.101338293050045,0.0727038447972221,0.0493241988551132,0.0752974142872167,0.045100231426093,0.0680591546506802,0.077224059921989,0.135443013224545
10540,6135,0.158247748207876,0.241368306372082,0.0288659670114101,0.00151133869074479,0.14749779912578,0.0516564200756728,0.0513355259500712,0.0613288382542525,0.0164320516452768,0.0456718133434051,0.1117280137192,0.0843561776042279
10547,9510,0.121461640740898,0.143175638083328,0.0357456435212251,0.00482342111017984,0.164784028642904,0.0723893049744164,0.0861104389002213,0.109969463420894,0.0198034672294143,0.0441843471888713,0.104138067131587,0.0934145390560613
13444,3477,0.125024509313446,0.149587462453532,0.0580627449134317,0.0195156460993856,0.129947532884312,0.065881379242163,0.0843323837562185,0.0203656479971105,0.0317358315084898,0.0641603084425264,0.194706878442401,0.0566796749469824
17206,13836,0.0394162515203348,0.0700200816975677,0.0418018491358858,0.011187506170909,0.250258956139826,0.0651035732869732,0.011971811399229,0.220860143941046,0.0130128286652808,0.0524357405135294,0.117459801983654,0.106471455545764
14576,15047,0.111313273337137,0.106376070175448,0.0766835253620983,0.0163904236656616,0.137861559955093,0.0901788282459792,0.0452399088344759,0.148343001723188,0.0354712412322418,0.065009780498597,0.111730014268679,0.0554023727014015
9861,13128,0.12076617667982,0.177867670055492,0.0411716887650032,0.00412637736038797,0.126544631607643,0.0516860357207105,0.098395785349301,0.108047086229803,0.0327555095860551,0.0513616035842555,0.0942252671095722,0.0930521679519566
10951,3964,0.174500089417288,0.124513073123199,0.0271317317868118,0.0123970725290715,0.156066709296111,0.0810863863116861,0.0625808633590446,0.055580225049316,0.0319944962614038,0.0989803020960915,0.0871762711725514,0.0879927795974262
10262,5653,0.146826557617701,0.247180354728032,0.0385167216736198,0.0106107079600571,0.152303234835995,0.0669251598847643,0.0537784145453059,0.055812534176858,0.0611864903097226,0.0862229126812886,0.033953568161737,0.0466833434249189
14002,5405,0.155381851005684,0.118340940603453,0.0365736665563394,0.0102111355538148,0.20044260325369,0.0929936665052643,0.0520039399926467,0.051694081564234,0.0211190428043773,0.0407326842922534,0.113760133974595,0.106746253893648
12345,8301,0.170648590052416,0.157492608807954,0.0421658672880794,0.00594323636962257,0.11500351459094,0.0841658201245995,0.0494047633398915,0.0828824486503985,0.0279034637471255,0.0357175572787603,0.137761031658297,0.0909110980919161
17760,13835,0.035018048624283,0.151860401004949,0.0738555569969869,0.000668419972015081,0.199141599766393,0.0480308054701013,0.0120376490769151,0.144357656743715,0.0153934507704256,0.0247739806941457,0.157212325099282,0.13765010578079
13178,8782,0.153241828737103,0.166147633241238,0.0405553523566378,0.0122953367279996,0.077281652079515,0.0585894435627908,0.0541964155802667,0.0756124986695993,0.0263753118717321,0.091406257802331,0.116282854389891,0.128015414980895
9307,13129,0.114570792049925,0.144421772076227,0.051401803291463,0.00123246816741657,0.157177918152646,0.0513922509204484,0.0585298648500484,0.11219300023469,0.0222637981839369,0.0561655250176273,0.0580006858408651,0.172650121214705
13869,8057,0.0904695042413626,0.28723551599631,0.0340675427159307,0.00388831959871036,0.170162979362821,0.0655045869950906,0.0585695925585961,0.0893220022516525,0.0207212658451033,0.0292611768252622,0.0856239558742662,0.065173557734894
10270,9993,0.147365450174253,0.164386425921648,0.0328773339415682,0.00270093362289555,0.135197982624502,0.0362683271349463,0.024153624932505,0.103141123637341,0.044681320319351,0.0311870077539885,0.215227096215748,0.0628133737212539
12892,4443,0.127652896873079,0.194474611764903,0.0506179179953321,0.00588168985438867,0.168126129158561,0.0631579800198042,0.0619610184834812,0.0423246009680548,0.016930159025632,0.0428304435127693,0.0993091033058958,0.126733449038099
10680,6858,0.130748200539442,0.139608469875139,0.0703391352349543,0.00741951780458239,0.16158259191988,0.0401295642862652,0.0528493200811575,0.0815506709688046,0.0384711132120103,0.070875045127554,0.0572908960669188,0.149135474883292
15130,15046,0.0577835472553666,0.148812942527314,0.0491034504257572,0.0170831198809615,0.110429979000818,0.0609260685716438,0.0232054124683964,0.20924118685697,0.0335987337749424,0.0359511293448969,0.09774603949323,0.156118390399703
12915,16015,0.116349772294046,0.10326648196794,0.0595365556321986,0.00530440314780594,0.200544167376986,0.081786692702707,0.0315614996425793,0.0865501287312146,0.0204517277001651,0.057726672402821,0.161968572005742,0.0749533263957949
10955,5893,0.138790944546894,0.168562662348862,0.0642640241716026,0.0216351784331159,0.164229652906756,0.0650999314615409,0.0636626398590695,0.0558252232056918,0.0228054249718728,0.0456073155897003,0.0631375071653329,0.126379495339561
15826,16732,0.0127004710302457,0.0727237616243533,0.0473655367101376,0.00367020014483448,0.11931967766653,0.0265664657472792,0.00891175118444794,0.126494524089862,0.00604556320004037,0.0055369410191924,0.437492293790923,0.133172813792154
10973,15054,0.0177074842203305,0.03059470079987,0.020512012425506,0.0755680229945342,0.0530602649832315,0.508576375928801,0.00497596386815546,0.0510462759153213,0.00719789847077092,0.00972109201294473,0.147090415004838,0.0739494933756956
10832,13849,0.0168510181764995,0.0511568363268768,0.016103004709591,0.175150727719891,0.0584325725360775,0.425261774914951,0.0571781879324046,0.0528154208386495,0.0200927663750146,0.0221281840029466,0.0155047549670868,0.0893247515000102
8463,6862,0.170527333845591,0.207765434439878,0.0323758539147191,0.00486984347546867,0.113353048660315,0.0719691392288486,0.0413330414761085,0.082352907196545,0.0242424556411167,0.0567336673571298,0.12226824600233,0.0722090287619501
11512,7338,0.178303494734215,0.197146081200132,0.0380876752424442,0.0192082204110122,0.0807661155617162,0.0481074801226544,0.0543157072953375,0.0744254756068213,0.0611624816395284,0.10955385977345,0.0761567541567671,0.0627666542559211
13317,9022,0.104402881285228,0.193678197076758,0.0556302399078614,0.00600370630185138,0.189394977876882,0.0897943974797524,0.0353969044837704,0.0606053791032889,0.0106143040584125,0.0663542734991369,0.0846415432629504,0.103483195664108
8480,15542,0.0960616296692001,0.159343038320241,0.0533913122954113,0.0143064917846364,0.129267270792311,0.1047867363554,0.0202374364234722,0.0259718963367301,0.0281683127912299,0.0287443501033593,0.307424313145722,0.0322972119822863
