"x","y","Epi-mesenchymal cells","Vascular endothelial cells","Immature myocardial cells","Endocardial cells","Erythrocytes","Cardiomyocytes","Mural cells","TMSB4X high cells","Fibroblast cells","Epi-epithelial cells","Valve cells","Macrophages"
16790,13596,0.0458428133234285,0.0968462599169401,0.294036999884412,0.114676738819957,0.0343902943690043,0.121707993219628,0.0397290288196852,0.0140964352440373,0.0647165204460037,0.0579687715275194,0.0916060788097128,0.0243820656196725
16103,16250,0.0508188209913283,0.134726240585289,0.287502633865884,0.0662660392367354,0.0624116949978792,0.211837954308555,0.0204090269578887,0.021154235509747,0.0293279650556512,0.0185699735804448,0.066708054722957,0.0302673601876402
18589,12387,0.0792589965376019,0.0546452530987757,0.128953679779314,0.0445598686110181,0.0341370858782799,0.0407010204846518,0.0793149195993895,0.0269739801117255,0.15834180502576,0.239728223120647,0.0900164346560502,0.0233687330967868
8477,14095,0.0645556973674568,0.138030096252901,0.272714930491202,0.0594190111496808,0.0968496204014939,0.215130192740384,0.0249228778445234,0.0113394404144511,0.031665359641779,0.014987568262069,0.0540378468611117,0.0163473585729473
14165,17218,0.0557129601700656,0.120078728966346,0.135268439105835,0.113167339732145,0.0779033567887602,0.11002172943739,0.0294445775190088,0.0430162206590662,0.0372600598420835,0.0401460712809902,0.219677668477246,0.0183028480210643
13596,9986,0.0712532084637504,0.126095580122595,0.23623286948284,0.113444542703823,0.0723828016672822,0.128823881354029,0.0393677196195693,0.0274341934561088,0.0628082437986113,0.0239438204783381,0.0682696007485264,0.0299435381045274
15273,17216,0.0569399333318594,0.148627313594028,0.195548467985263,0.0630154866539655,0.0206160995414255,0.133229600678829,0.0653985639207318,0.0762477542240443,0.0508710105774991,0.042933982686692,0.114733529526581,0.0318382572790824
10840,17707,0.0337764750160688,0.290584761260175,0.214718017112398,0.0835539920581076,0.000606231479961225,0.149303435239769,0.0513487045671571,0.0714633178472925,0.0291405388156219,0.00348964932760641,0.033907466452527,0.0381074108233162
12364,17463,0.0546421149960793,0.0938527875685151,0.175954190297792,0.171375707903979,0.0192652229890778,0.145103637910451,0.0657016408216258,0.0510315150994761,0.107600022078322,0.0191116445747081,0.0853480543461678,0.0110134614138064
11938,12401,0.0524229475606731,0.150024462376947,0.220820875211234,0.119587730868519,0.047817120588927,0.0772702711863937,0.0623535942186396,0.0307392322828891,0.0593004758691721,0.0354612910303285,0.0961622730547397,0.0480397257515363
10145,16503,0.0518841748517596,0.105293584750715,0.270609087516543,0.155447455277518,0.0470851126484798,0.142628198260362,0.0363500543240064,0.0200466742737803,0.0219514774642222,0.0309605210536267,0.0628461566094499,0.0548975029695364
10280,14815,0.0527680726652669,0.0373193130820833,0.0926855943389964,0.08550140742206,0.0140283750463667,0.0541038372702656,0.0180195810423663,0.060521787152853,0.0398758645443045,0.168964245271863,0.356663829453919,0.0195480927096556
11235,7339,0.0639466373222631,0.128030045856181,0.334855693554003,0.0535592152484728,0.043137678068053,0.125993775015445,0.0196032314661075,0.043327175880087,0.0609689700161862,0.0280901880265722,0.0636374467568344,0.0348499427897953
15679,12152,0.0646146657806808,0.153585095720249,0.260527787768624,0.0891531860248243,0.0284614867196602,0.0887200678603635,0.0395257559035279,0.0102351536596231,0.0585267360861384,0.0317552803412241,0.138397040195274,0.036497743939811
15955,11669,0.0484756715879659,0.13237919422123,0.347891882104866,0.0885955042578444,0.0179206280265629,0.071006850515549,0.0362198011598953,0.0316977748231536,0.0555406686269075,0.0556523027590604,0.0860454941734661,0.028574227743499
14833,4921,0.0426044365839807,0.156510836647177,0.30694062382264,0.0919076222679175,0.0231443049520903,0.190007146148461,0.0206350794599482,0.0284506867434689,0.0260259814013594,0.0113972349611335,0.0535445964714233,0.0488314505403998
12216,12882,0.0430403643456029,0.12453797296964,0.291574429104934,0.083680173090431,0.0338876365687474,0.0971615637733655,0.0367319429225002,0.0440564096343906,0.0491904612960025,0.0449006852413903,0.0976155042363002,0.0536228568166955
17337,10220,0.0547211316565136,0.157134114939018,0.294666368326598,0.0620975193913789,0.0189651599893312,0.180830553016582,0.0341036557592311,0.0149223028786868,0.0308338785386417,0.0386316857533527,0.0759096735084238,0.037183956242242
13605,14326,0.0446614370493865,0.0148244445508314,0.0210904543998589,0.0349507865458317,0.0241093835644087,0.0169642044302985,0.0342726904909179,0.0145495910202784,0.120269645786006,0.203740011343268,0.467201028063159,0.0033663227557553
14719,17217,0.0632244174662495,0.199187934213546,0.0955796536047453,0.176887743777604,0.0267526576656942,0.0609850301482954,0.0538043384596082,0.0578447384823023,0.0687116626167149,0.0495711353450144,0.126936725732875,0.020513962487351
10413,12163,0.0638586069609869,0.123334879162375,0.317354079280445,0.070713948842032,0.0375148522821667,0.0920016579732424,0.0644243687295995,0.0191030300465229,0.0408638171047816,0.0358830777798481,0.0875798238412491,0.0473678579967502
16653,14320,0.0715038366621556,0.0870980921464864,0.210546515610088,0.170403231078272,0.0633191719737271,0.128666399224678,0.0372162182716859,0.0303055703355817,0.0330866287954838,0.0657144483480766,0.0604235990052687,0.0417162885484957
12200,4685,0.0512263097563433,0.219097783051958,0.215658439571752,0.151106611048437,0.0356305865892449,0.0936965421457677,0.023698071846409,0.0512385583792623,0.0219135540331731,0.0168707863522032,0.0899536692561543,0.0299090879692942
9715,9512,0.0604433352942034,0.140123777333209,0.254519813283352,0.127812994965452,0.0203117930452031,0.180264327675959,0.0398383011465291,0.0231255800314446,0.0186147528453664,0.0201252631405082,0.0736469583486196,0.0411731028901552
10686,9751,0.0572900810678535,0.186387458690753,0.225710023291653,0.0910369098912042,0.0380232486746246,0.125357157480377,0.0329826455485431,0.0322149564847517,0.0442550978601741,0.0290372854389199,0.104882353310271,0.0328227822608745
14556,4921,0.0229845436919979,0.266609950973557,0.282231691394271,0.0770916297957056,0.0256766337972503,0.0682339733262872,0.0310202033692891,0.0177769886208741,0.0393229082184256,0.0245374037116806,0.121352714257364,0.023161358843297
15670,7812,0.0666488767288854,0.191514139395138,0.276432610556391,0.0639845401788087,0.0135787754900682,0.110627245538763,0.0363312294592297,0.0273246602691836,0.0800312424179388,0.0299310869206258,0.0709597820842206,0.0326358109607482
8466,8309,0.0367726398077793,0.179267500643635,0.225080787378018,0.103871973435595,0.028356694480666,0.148796767701222,0.0319378690466196,0.0237970190250577,0.0543402483288863,0.0390216401311631,0.0899298450038215,0.0388270150175366
15543,13840,0.0424822367664747,0.101864822524925,0.166475152237681,0.12789977778517,0.0655603052163562,0.124164314030983,0.0232966726258121,0.0478802709134609,0.0291097970661326,0.0263574571707179,0.203875297216521,0.0410338964457662
11643,3722,0.0251633948541538,0.107808542475904,0.362994832969716,0.0939336407041411,0.0519788020133838,0.0715882272747319,0.0396092071540102,0.0422535426692577,0.0165100779707822,0.00889680581221232,0.140593861944793,0.038669064156914
11923,5168,0.0669089427634768,0.223976739260664,0.280589900509487,0.0574565720938654,0.0492887379632723,0.0791461653056157,0.0378477586027096,0.0311978801959645,0.0300659848287232,0.0226139118878366,0.0768478877024749,0.0440595188859105
18314,13352,0.0474473073806864,0.0217706609644472,0.159528942001017,0.0442957010319427,0.00577948034710961,0.0706105114980313,0.106816060527842,0.0262189340136943,0.145022349529331,0.281009823180263,0.0729785679716869,0.0185216615539481
16363,8052,0.0469219797243486,0.203772717953657,0.26530087960945,0.0635594742018804,0.018582568681823,0.209632846420349,0.036770241648755,0.015787396843783,0.0257040809789236,0.0132382399598901,0.0555998710145119,0.0451297029626281
9869,16985,0.0792499992063876,0.160866355169165,0.296977896356478,0.107846715385671,0.0380620744988698,0.136443933120956,0.0181974275065974,0.0483291891948105,0.0258165704018881,0.00751128870601146,0.0557243180572382,0.0249742323959271
15954,11187,0.0557425579743779,0.184515663066949,0.17432160775664,0.147499124323836,0.0262978958855492,0.089385392759469,0.0206923077914063,0.0377214333228517,0.0712495208486865,0.0676562852577112,0.087153683770591,0.0377645272419322
12336,3479,0.0645441262723133,0.25818367875623,0.215572382537326,0.0429079126746232,0.00514713605741804,0.106654885541781,0.0391071404720106,0.0304456640237798,0.0447040358257429,0.0260250180809093,0.137478910958875,0.0292291087989914
12343,7337,0.0463809027062193,0.0654446478217385,0.287857093593471,0.138472490859055,0.0444359353626587,0.143019775967595,0.0735095704621728,0.0132288054589973,0.0437234627499128,0.0221385023772991,0.0740057512265376,0.0477830614143434
15402,12635,0.0713102579924849,0.183134831615648,0.169222082413827,0.117566161366081,0.0376262565041935,0.0892220071938206,0.0476164284400519,0.0332958863871408,0.0846618814902043,0.0303041314939242,0.117977066175117,0.0180630089275061
11506,4445,0.0450822579261562,0.200962174826409,0.232260882661315,0.139539288592541,0.0158739358552715,0.16585677033236,0.0263338457566226,0.0324482314529028,0.0261660411252116,0.0100353678843282,0.0838023957698538,0.0216388078170288
14025,16495,0.0514393411144942,0.160794682954309,0.209596170023165,0.0772569891923086,0.0445168839733058,0.0593383128395345,0.029653809747254,0.0388405372953004,0.0601565622747103,0.0653568428048463,0.180201334295069,0.0228485334857033
12081,14570,0.0328931882666923,0.0104772974917785,0.00948167716098652,0.0155291926897972,0.00698205070970757,0.019165012450195,0.0332501205348408,0.0123154543902436,0.117122137392462,0.197904818008492,0.54297169871188,0.00190735219292479
15388,5402,0.0680654902767615,0.167031994407868,0.306153637664827,0.121065564664926,0.0133372689132277,0.146085735793612,0.0112370557426568,0.0454692576815623,0.0271731618196303,0.0038904372498616,0.0696078428966339,0.0208825528884342
12773,14328,0.0685120480590802,0.0886820563610317,0.247737429346335,0.108909307904315,0.0718520093223276,0.0869369993237106,0.0300146629078485,0.0304591889345816,0.0485534251183897,0.077857803588302,0.119386810907704,0.0210982582263738
9984,5172,0.0425078312660366,0.178085639363051,0.359298250183265,0.107249888258095,0.0221744122604718,0.109180433010199,0.0271300378253853,0.0148929257938387,0.0254675472116136,0.0120089908979032,0.0775560937577353,0.0244479501724056
13175,7335,0.0287354733150191,0.238667793149648,0.265806609848374,0.129888570041648,0.0334468955253807,0.100505336571392,0.0216069280627013,0.046734395643869,0.0189908094756112,0.0150952662782546,0.0667810682116077,0.0337408538764938
10009,17708,0.0696444291651235,0.112489304838481,0.355277850043976,0.081209643811167,0.0430947450752133,0.0972693655808191,0.016920549700134,0.0294043664796137,0.0555217077025295,0.0158307063076173,0.0745997021086459,0.0487376291866798
11650,7097,0.0572822851073334,0.127596229019138,0.275063567208346,0.100706761551249,0.0172476389773184,0.177294193362918,0.0566080368608008,0.029575526184468,0.0326426954198234,0.018681039896114,0.0701628942840855,0.0371391321284054
15683,14563,0.0645937700754919,0.0588799567654749,0.275217284381407,0.0753319961496524,0.0356589231869663,0.0975655098071991,0.0870491295946802,0.0159350428692946,0.086933731979565,0.0171493938437952,0.117145853946621,0.068539407399852
15404,13599,0.0504364310506301,0.126786074548424,0.147737598040163,0.102184924565135,0.0187109314815504,0.127110423264933,0.0268110997142694,0.0439948401265516,0.0598771847651016,0.117317398549676,0.100324412018583,0.0787086818749838
8059,12891,0.0790676588915171,0.14993938583152,0.28079739368237,0.10759702790306,0.0059365847847118,0.0890485624790808,0.0400750403411592,0.0369617440768829,0.0587415322074545,0.0575459419269328,0.0563783726167849,0.0379107552585274
8476,13131,0.0566740132023023,0.14061206019981,0.341861810068541,0.0845226895927678,0.0159981006656431,0.193211030138712,0.0209223269888365,0.0241183620328998,0.029581539739579,0.0245679169180048,0.0375530977962193,0.0303770526566842
8187,7345,0.0782188934609271,0.193572885714217,0.216232507068072,0.128410694568609,0.0312838046215619,0.0883341081141627,0.0350032584528139,0.0430013697340052,0.046156503519996,0.030157685723111,0.0761584861394725,0.0334698028830514
14137,3717,0.0982271074961153,0.0560865988276351,0.171900044233063,0.0421398415163763,0.0508198885627111,0.07658611786381,0.0533726082519602,0.0230735985385115,0.0727620503942703,0.233442507954057,0.0772385520087226,0.0443510843527677
12904,10229,0.0473799313185611,0.109529299486079,0.278444021237676,0.130779805136765,0.0590109376447221,0.139849780836454,0.0190481608371281,0.0232917117856515,0.0249890014483116,0.0176351423253704,0.118011017299815,0.0320311906434663
18313,12870,0.0760352714188822,0.0153842619577913,0.178244634071193,0.0621776901689831,0.0147418129650037,0.087292725177758,0.0399558708526814,0.0104155755974208,0.112753705090934,0.295858157999867,0.100939844620576,0.00620045007890895
11112,14813,0.0368210402249886,0.00553382781913413,0.0182792155771527,0.0178431739614572,0.0160898946005831,0.0343665566513552,0.0352450283727673,0.0273323673103405,0.0498958731418346,0.04766971642059,0.696444838756263,0.0144784671635341
8748,10719,0.0387966160433338,0.19949051567502,0.306635183848801,0.0992860026295008,0.0455606163160731,0.124833794041135,0.0293617874344317,0.0307239407027607,0.0267946375785505,0.00889773013967188,0.0730639173760756,0.0165552582146463
15409,16010,0.051648241071144,0.0986955529105169,0.259378133287155,0.0509257466949774,0.057217944204779,0.180884435943841,0.0185853663044971,0.0293506712646003,0.052480072907814,0.052020753025395,0.125174356335135,0.0236387260501451
15536,9982,0.0321870927208492,0.199017782452659,0.330622931343491,0.0629806616482477,0.0759835529539867,0.112962894982644,0.0241264434651439,0.031274497778841,0.0229746410184125,0.019172363531951,0.0621503611244628,0.0265467769793117
8339,14337,0.0379352553955545,0.0950079727138901,0.288959809610499,0.133305296188948,0.0521388016053421,0.149356422495606,0.0187518770724237,0.0176756195626801,0.0322896936165816,0.0429378106783144,0.095517733764296,0.0361237072958637
11785,5409,0.0369702032767601,0.318370438590014,0.168759768493302,0.0928440771360585,0.023310345985927,0.144484130630581,0.0376808403964582,0.0532943221272047,0.0163340117964733,0.0125951352969753,0.079131481727583,0.0162252445426631
11787,6374,0.0648781452158915,0.165942279601036,0.160576993190023,0.0991456225796464,0.0544155137531041,0.0797985376986248,0.062563214862642,0.0636960310686923,0.0935283576130218,0.0312946107116308,0.0870474105942396,0.0371132831114475
10144,16021,0.0545801740856513,0.110647455836445,0.227021606355178,0.177473224359077,0.016367269366724,0.162946166829044,0.0565522282846345,0.0405383524990229,0.0537934115274697,0.0138347616715016,0.0530931967325638,0.033152152452689
12072,10230,0.0641174214758767,0.124325530727804,0.271164803326073,0.07691864764395,0.0445369689214164,0.144185402140727,0.0343633437980078,0.0273766773820408,0.040899878001939,0.0277010100690273,0.0859113150634827,0.058499001449655
13319,9987,0.0664143513943518,0.150129221155267,0.250633259822584,0.151081412799794,0.0700348410069252,0.0751968196398659,0.0387267048403868,0.0238124431287371,0.0298122893549231,0.022953927171703,0.0792864471478683,0.0419182825375932
13735,10227,0.0599814306329807,0.144237601912647,0.223091467126736,0.0856898520573122,0.016987559918861,0.132346839353322,0.0468812153283814,0.0138189487062335,0.0510456328064805,0.045614580118899,0.14498197942395,0.0353228926141972
15116,7813,0.0191504984546587,0.219253179879313,0.285623149442244,0.0609262531201181,0.0198384088446196,0.115453337197381,0.0259537317258488,0.0394624810164261,0.0678810845297216,0.0256501467636559,0.090160498935567,0.0306472300904468
12776,15774,0.0615581035382627,0.095607778131383,0.241477335332585,0.0897354107353163,0.0407892452079826,0.143681602453873,0.0231214915687559,0.0735687782682702,0.0590858126318623,0.0502932924405568,0.0852780806920562,0.0358030689990961
12219,14329,0.0387708650676975,0.0130132458553392,0.00870426165363069,0.0401193605494877,0.0108375908136311,0.0313282673238689,0.0511907085265002,0.0192848229367653,0.107127927287854,0.134673948732933,0.53306203007345,0.0118869711788427
17482,13354,0.0240369451957453,0.077509156177217,0.314253967829981,0.114577942653016,0.0364769586744766,0.166079734235674,0.0311010259794063,0.0127131408833199,0.054080875454455,0.0397895765457937,0.11112500999804,0.0182556663728765
12780,17703,0.0304788578943394,0.0106234301013452,0.0071279765223293,0.0136890486658735,0.0251373077916834,0.0103402308260659,0.0259914831702081,0.0148206975687057,0.151516259549957,0.677294253898014,0.018459357174019,0.0145210968374591
12079,13606,0.0883191352099364,0.061304873499674,0.17481211061537,0.0877170248034996,0.0437847395527674,0.153205378567848,0.0639354798844039,0.0312777458655651,0.0600024910107343,0.0335435267504708,0.171694785591205,0.0304027086485258
12765,9988,0.0318094725031606,0.206877904173757,0.210513718490272,0.1108066232665,0.0418604689474344,0.149330499429405,0.0352309858802229,0.021278735447355,0.0552997537221725,0.0236605067775383,0.089590528089529,0.0237408032726541
13884,15290,0.0942251850714223,0.140731821175035,0.192804363596154,0.0605597766418673,0.0560273097065388,0.0979702522225629,0.0382045935922756,0.0278291745053655,0.0386082694696208,0.0433048396021684,0.152856872355041,0.0568775420619482
9297,8307,0.0504285773262703,0.264338959094092,0.194792267347076,0.0887484190580032,0.0372893298922856,0.118146621166848,0.0236741891309594,0.0309493670120424,0.0333151024355352,0.0405337024578743,0.0680874318880728,0.0496960331909409
17755,10942,0.0305556203088603,0.158097048159942,0.341455716171908,0.0864541998526885,0.0581221734078378,0.0847393972162222,0.0368282928838695,0.0316482431254993,0.0268526515342272,0.0104514841793089,0.113046031114855,0.021749142044781
14700,8055,0.0428982946976809,0.155564320534464,0.338775325280303,0.0691718854060532,0.0420402453933904,0.0995764032928939,0.0478361425098218,0.0249120303835895,0.03247008409944,0.0262480520574194,0.0722581347773432,0.0482490815676009
7910,7346,0.0774803660439775,0.166812373275534,0.217050622913239,0.0468921846896193,0.10432675317457,0.187078872162549,0.0342358416797143,0.0415110575701694,0.0371236494448587,0.0242469433230589,0.0396077867214511,0.0236335490012584
9021,8790,0.0417701573527394,0.175053387696752,0.248253272766937,0.0733940961487945,0.0664205954009985,0.138690557588221,0.0274135176962235,0.0230996444874645,0.0314656112781209,0.0158716483504698,0.123006096363354,0.0355614148699249
15393,7813,0.0496518683025641,0.199322090625548,0.166221659177759,0.144433667539673,0.0302273129159733,0.0887632962723783,0.0276361192672131,0.0523199209061848,0.0579514371981978,0.0176911772940837,0.133169784535379,0.0326116659650454
13868,7575,0.048042117353983,0.139903227997835,0.296980437127769,0.0823447623050954,0.0227195470216178,0.153963524837372,0.0620380027694998,0.0249214020796116,0.036857894749705,0.0304496155617964,0.0708999266107486,0.0308795415849654
15401,12152,0.0311947446084596,0.0436500955375182,0.142203170380905,0.0682427385776653,0.0597771702418338,0.125259630149705,0.0431342087923236,0.0193516312625176,0.0640452269317932,0.208423368198371,0.157866854340728,0.0368511609781802
9154,6138,0.0294269518362647,0.245891317405615,0.282220949244789,0.152799526037406,0.0281384967575746,0.0997334222862739,0.0334845991631528,0.0192547050143986,0.0159062673105393,0.0107940383890064,0.0674508206011899,0.0148989059537899
16649,12391,0.0491051334483037,0.188971861232019,0.302271923420413,0.0669239635590037,0.0515745366729036,0.0905904185313715,0.0539516521952206,0.0242372644568353,0.033567953843415,0.0286264973367613,0.0710896035466041,0.0390891917571498
9314,16504,0.0664165831833138,0.128949931451892,0.258302455877868,0.140852993490975,0.0287987113760943,0.128168656959177,0.0498378064820957,0.0208637716298039,0.0464446277994652,0.0351091138549459,0.0572096051688668,0.0390457427255032
17064,12149,0.0515310064118285,0.277315027650459,0.269169816717652,0.0892945872243078,0.00792066039104295,0.0878713588334376,0.0288088495202302,0.019043102874295,0.0414739043516976,0.0209166885781092,0.0705939027908568,0.036061094656083
13743,14085,0.0802027056619328,0.0501378811867107,0.10191197886895,0.0910787516660399,0.00770132672573364,0.0889746436724012,0.0410924211495945,0.0209976967234511,0.154045226772235,0.149856734510185,0.202323295275888,0.011677337786877
14438,15289,0.0611846371958725,0.0787404067373631,0.207389287942235,0.0834407932335077,0.0314990761902378,0.113107769909718,0.0496421017433274,0.0310625728550469,0.0871326381203249,0.0812561904186437,0.139490887586066,0.036053638067657
7923,14096,0.0602979484760217,0.0698182873418149,0.108290531219491,0.0542533432344859,0.0213463910866398,0.134788669567692,0.0764761864050325,0.0309570195238557,0.118701459425992,0.232937448489365,0.0771773625303661,0.0149553526992439
9032,14094,0.0462469278046378,0.198297413765775,0.303900400190097,0.0582832253198763,0.0267387837108528,0.136073955784038,0.0235307290082723,0.026788538023668,0.0362532124639899,0.0316956036798772,0.0704217404180627,0.0417694698308531
14572,13119,0.0562991615198888,0.00259029776087673,0.00308354098545476,0.0074983487244481,0.00354361218905494,0.00767087914156121,0.0393007525345301,0.0110391208152771,0.104222856652612,0.217247618129052,0.546586763100744,0.000917048446501301
10558,15296,0.0619241061889078,0.121334608720917,0.161731620909636,0.0964218891394101,0.0148957391099814,0.0994499399993999,0.0338063400144577,0.0904679873612684,0.0572756148090439,0.065238061788517,0.154348881563493,0.0431052103949683
17759,13353,0.0500100476251286,0.117131724905629,0.212929081477819,0.0757731982718297,0.0677848391527448,0.123623299409075,0.0271910105088498,0.0217822696784685,0.0350428878987165,0.0731768245401718,0.116222389779374,0.0793324267521921
16640,8051,0.0555976893130373,0.192348549515066,0.247343464640002,0.119026858648675,0.021926988604673,0.0924016483896943,0.0410754816588307,0.0218316187190554,0.033555328128584,0.0371576726589855,0.105318795402192,0.0324159043212045
16238,14562,0.0903795787044776,0.127719503272996,0.262452134996083,0.139073247920994,0.0134113942805254,0.0700226807168351,0.0154987900462609,0.0449337764419909,0.0594847667111754,0.054718499461043,0.0714390030160978,0.0508666244315205
13598,10951,0.036345905124013,0.17517810191822,0.154225803901888,0.120405410233281,0.0366361774956859,0.0804736477573173,0.0523067788367858,0.0637127101952141,0.0530375471787904,0.096086582607112,0.105857168688957,0.0257341660627356
18449,11664,0.0716744575830017,0.0482530910661899,0.14911276507846,0.0506151013201029,0.00632244846064036,0.0905833206480965,0.0913019139912882,0.0287292049630889,0.120411149640536,0.173652767594343,0.154217650886045,0.0151261287682072
14166,17700,0.0532003820081118,0.113063137023582,0.0648436139581871,0.0643185874720525,0.0648653513521348,0.114021213432442,0.0434897563031625,0.0586245467524311,0.084579976573196,0.102882196959401,0.163876602778479,0.0722346353868205
15396,9259,0.0334744174798052,0.133051806121872,0.255487370936896,0.0784197775380258,0.0172724952012669,0.105510936436588,0.0617143437230333,0.0362900019542862,0.0581689427066298,0.0195921694599165,0.145217298176624,0.055800440265055
13462,12156,0.078298926326185,0.163065231047426,0.197264236996616,0.101655118053335,0.0362408525028407,0.176335154125816,0.016585847949227,0.0259714887776753,0.0441143650992933,0.0238915539296778,0.0817088072214249,0.0548684179704829
9156,7102,0.0395808663755396,0.181081017985331,0.273656057185953,0.119597386729275,0.0199496659778932,0.117648650017441,0.0462792960973879,0.0363659006258803,0.0364716697178562,0.0235646185047874,0.0842158474334824,0.0215890233491728
15530,7089,0.0484247993557102,0.174616583516453,0.275493891847249,0.0699819015107043,0.012768167752731,0.149268955321302,0.0428735643285825,0.0189079396738557,0.0544395020027945,0.0383522137484759,0.0750644395102076,0.0398080414319345
16639,7569,0.0558382829961638,0.0762255138444538,0.177387737509619,0.13528115916169,0.0300408776776422,0.10296542952765,0.053338503864847,0.0602092756382679,0.0505436157453263,0.103072604951889,0.0752966652831906,0.0798003337992602
10820,7581,0.0381698632100862,0.256244302242002,0.280419577215941,0.0832089911343761,0.0064355896328631,0.105251433019767,0.0393089109125594,0.0262208721798777,0.0312137938619479,0.0249596711350664,0.0893133538340605,0.0192536416214527
16082,6124,0.0472085576288544,0.11993113600371,0.117526333872588,0.0543867335085512,0.0127356394917504,0.100537651114848,0.0386661148159623,0.0488319328703425,0.0515388962341159,0.314738958373146,0.0708177336982802,0.0230803123878501
9580,11200,0.0511739726387387,0.147615042544554,0.313154883447942,0.101364134854457,0.0468916625737863,0.0620807103460162,0.0174967295662439,0.0209384299023379,0.0352099837204152,0.0302138295671528,0.123329502676071,0.050531118162285
11806,15535,0.077809160644887,0.0770078247182591,0.153384235151735,0.0941282276360349,0.0299607752048525,0.131500051153038,0.036203702604187,0.0505266658088008,0.0633120155600843,0.0868471942429701,0.174654542758361,0.0246656045167909
11387,13848,0.0343122479167625,0.009591201520312,0.00539888006390374,0.0445893550432256,0.0166105928742236,0.0113472855849359,0.0266169338738416,0.0549708026126591,0.0644363505927072,0.0389247092789187,0.677378402380894,0.0158232382576162
15253,7090,0.067939963048978,0.187367282033853,0.240758511880582,0.0617967211854903,0.0298581954684061,0.195845474014606,0.0254915706540683,0.0150347335872102,0.0325817294008307,0.0132098548756763,0.100534665382528,0.029581298467771
10701,17466,0.0641762641503189,0.059496868886399,0.19742085304012,0.112292274351387,0.0151807218167371,0.150413233092401,0.0617203774475322,0.0174304599430608,0.0692936593223052,0.0302723595201968,0.215393356893277,0.00690957153626584
13195,17461,0.0599140746859534,0.178484165615697,0.164223902162919,0.0580005965377577,0.01752776222679,0.215322606515513,0.0324196518249667,0.0216103048920223,0.0460838980383675,0.043438499281059,0.12908980152067,0.033884736698285
11386,13366,0.0443911347602463,0.0831060150272702,0.0284658741898222,0.0487474551541293,0.0029011738717954,0.0229885180350877,0.0367312167912525,0.057613714036562,0.067163048819066,0.0914043386783103,0.494990620481479,0.0214968901549788
14155,12396,0.0433926552513795,0.160103191092176,0.222417780642292,0.086769593187396,0.01787883840543,0.17398148439306,0.0336944292831576,0.0294238002167781,0.039597497656812,0.0439648280438817,0.135432034025741,0.013343867801896
15248,4679,0.0543285365402577,0.114419281065574,0.154818517500949,0.106189063312734,0.00938022966961547,0.167708972661221,0.0612087423628229,0.0146552794146885,0.114073449525138,0.135906801436475,0.0610867230960653,0.00622440341445911
11921,4203,0.0502235950048675,0.158052051513675,0.277208822885333,0.104543149323362,0.0368015264787429,0.108557135263003,0.0266792578228315,0.0247378577587246,0.043424967943677,0.0255423780841236,0.128941981093953,0.0152872768277067
16104,16732,0.0641899772891456,0.0883162969914273,0.11249533347797,0.0427226206183408,0.0609140673164739,0.0470520972215656,0.0240309593611218,0.0643365243608793,0.0436322938022246,0.334972213361797,0.087691964878205,0.0296456513208491
14019,13602,0.0676076953556245,0.0771029662494914,0.216775463202915,0.0919511756914694,0.0207518540591165,0.198541228865987,0.0269941981419042,0.0383106880648445,0.0334909147944399,0.0756610787569149,0.13483935826008,0.0179733785572128
14293,12155,0.0559230802226962,0.0957747804277231,0.0283547116886015,0.125435020766564,0.028357160051449,0.0337881230567386,0.0536250078760032,0.0791483425226572,0.0675845798360438,0.0235723268768954,0.384995351195948,0.0234415154786795
12624,9265,0.0417137597606291,0.167212422210985,0.230887113599257,0.124919785440215,0.0286645272016812,0.172794916277137,0.021384958364556,0.0188706866793704,0.0404726555540693,0.0151324922142995,0.101972546432205,0.0359741362655954
13048,13363,0.0481335470111311,0.157042884958995,0.215921986801735,0.114146512797525,0.0210843596498611,0.116880565458022,0.0321950925013772,0.0283095584209078,0.0510563727287417,0.048192572399103,0.135656826916877,0.0313797203557233
7774,8551,0.0539047512201995,0.118299042566308,0.27770487946549,0.0888821486808904,0.0610325914801489,0.0688669005819129,0.01758305006381,0.0282359788950407,0.0496564913314949,0.0645617488329788,0.120788596080005,0.0504838208017209
14717,16252,0.0418877366200886,0.11762235091703,0.221449626513567,0.0821234157398317,0.0138345770342638,0.15955397541744,0.0338267658538822,0.0303280670833449,0.0559604542935823,0.0588093802188327,0.161920901050932,0.0226827492572049
13185,12157,0.0440755791634275,0.212100717451146,0.309506769348642,0.118671247399826,0.0477631062720904,0.0551986581325832,0.0366691685615321,0.0384007923413341,0.0235703922474285,0.025657998103793,0.0607288562453413,0.027656714732855
16098,13839,0.0497977485944472,0.0772014473076775,0.173703954538025,0.105737843219433,0.137138918872296,0.112288228880157,0.025889246720641,0.0498792499467672,0.0591275347491545,0.0401614828597789,0.0702120253771771,0.0988623189344455
14008,8298,0.0409654524086073,0.160329582930844,0.270935005517641,0.0683826087178212,0.0440547766179864,0.141152209359589,0.0496459877670982,0.0136738542395429,0.0594478020464981,0.0257919454660287,0.0748474006026309,0.0507733743257113
10404,7341,0.069345410950371,0.0991822579160511,0.377834231823862,0.0639019204588404,0.0127849718869507,0.143955861851574,0.031078296752711,0.0322403377833557,0.0508502989934671,0.0216912404905337,0.0659755603869374,0.0311596107053456
15124,12153,0.0430316795728448,0.217835749697751,0.121331863013674,0.136753731205991,0.00698165014959902,0.0771370404332138,0.0392467481362028,0.0824872933738925,0.0364931613449146,0.0324243464548439,0.182942349268774,0.0233343873482993
11507,4928,0.0724461323273168,0.138140281167899,0.306624814379376,0.0754459439186529,0.00777147276414909,0.136907116057462,0.050362138908318,0.0173742767191298,0.0398748442358983,0.0190508977511858,0.0801353380510171,0.055866743719595
9572,7342,0.0550869844025353,0.244741941929653,0.286424844102873,0.0554700670257518,0.0512685069669868,0.0872511916820868,0.0263895480031901,0.0209701723603951,0.0362142860925105,0.0179263590200637,0.0934406773153146,0.0248154210986391
8603,7585,0.0743508724800391,0.141524091580818,0.133916826076435,0.119925332978165,0.0596808874882118,0.0540174335363413,0.052581925546312,0.0334898268788514,0.0939382578044799,0.0776579622534293,0.12713275996942,0.0317838234074974
18033,11424,0.0628253469501746,0.174718870169066,0.0610508981340456,0.0892392519702874,0.0376279239529668,0.0543922764166358,0.0628686138948729,0.0491044042853901,0.0961972018213712,0.244107823928822,0.0387069911130698,0.0291603973632971
12485,9024,0.0367674262338668,0.192520998981692,0.315170590724721,0.122906668798652,0.0218060537091759,0.100965296887522,0.0169256579992249,0.024354634036956,0.0256163021457869,0.0182053020657863,0.0923072604292822,0.0324538079873347
12474,3238,0.0458688456461171,0.220371214012294,0.279913560232686,0.0856031767866746,0.0249298188012907,0.14231762284638,0.0276632644801953,0.0173227180075745,0.0339835138263235,0.00773581967966407,0.0732730646755529,0.0410173810052464
12484,8060,0.0547481796125725,0.0834592343289258,0.392124958215916,0.0464234878342412,0.0411334905307262,0.136144126581286,0.0339243923048328,0.0253535937332923,0.0403246317699318,0.015498082239554,0.0962702963994479,0.0345955264492731
9309,14093,0.0569246370733189,0.196754217369795,0.355273623714142,0.132026921853476,0.0156206981989003,0.0950846503662549,0.0151466313103976,0.0134433246022758,0.0337528407489128,0.0183003648768943,0.0421543962793678,0.0255176936062641
10674,3965,0.0532575744035458,0.136505435903776,0.325390554165095,0.115894861397689,0.0255486679436606,0.182130750477935,0.0204704453748766,0.0196074830157313,0.0315143129502229,0.0104294940646257,0.0571658409890473,0.0220845793137951
16379,15767,0.0694347247536055,0.139176392112596,0.212727023995077,0.138381603569201,0.0411113807677287,0.0515028636806131,0.0364671793009322,0.0285765901438709,0.0593042606002046,0.0508525579145142,0.124766418096301,0.0476990050653548
13722,3959,0.0590753874484074,0.115186815734964,0.266990866645166,0.0736625542838539,0.0416458067669272,0.0653987961428154,0.0221313001929986,0.0302206343180685,0.0418587632033369,0.0784647684118122,0.170808855123534,0.0345554517281156
14713,14324,0.0568710332955618,0.171214961470737,0.215055565266137,0.131912990218647,0.0136300419158275,0.0995175651198276,0.0190436334090308,0.0222725659472593,0.0493952788039037,0.0772631504641849,0.115006686085678,0.0288165280032054
8061,13855,0.0569100499270954,0.0687749032891251,0.195966176474868,0.0633560589755914,0.0466770868249182,0.0666136203757083,0.0337191958276038,0.0323130568537129,0.0666588578140666,0.287769474307422,0.0500051029832751,0.0312364163466129
11372,6615,0.052133599170635,0.111760415121921,0.250289533064294,0.0823579075555734,0.0260575068824676,0.105431362028851,0.0424804447200403,0.0347541541810177,0.0807400221266894,0.0423050257014492,0.157302919038285,0.0143871104087764
10557,14814,0.0449046475245547,0.0300981247963774,0.0919617106879258,0.0852385002178366,0.0411725314482111,0.0686106540317076,0.0281257513224759,0.0493191640204477,0.0507637875935337,0.203652061586108,0.264027296606476,0.0421257701643453
16786,11667,0.0444565288867292,0.208519246940402,0.22785557042988,0.0980670981982342,0.0128449161409277,0.15444928809541,0.0407749528477061,0.0243520352245287,0.0404282591181615,0.017085663167928,0.103840239143448,0.0273262018066447
11244,11679,0.0633040017305216,0.133320573546219,0.192315721599287,0.0879349365104637,0.0410451807425709,0.137522680167285,0.0192859159798023,0.0367668662099727,0.0372766485524033,0.0574184316413314,0.168175397659113,0.02563364566103
7779,11445,0.0427361151775999,0.157298699654629,0.241419408167919,0.119249406180449,0.0698197537393661,0.0950272278654771,0.0202481601733059,0.0199733203269902,0.0392075488934408,0.0649121001667133,0.0988039160555411,0.0313043435985679
13878,12397,0.0561822479041742,0.230375872655952,0.226663782754116,0.104457444463031,0.051594829797925,0.138158377890217,0.028627811663076,0.0290854260031407,0.0242163722632305,0.0216055534070912,0.0606730840577736,0.0283591971402718
13029,3719,0.0415184807570158,0.18143686860255,0.0554769646013421,0.094118446436297,0.00424250797381587,0.0451853314264318,0.114297426269937,0.0975810801362926,0.0688693726076928,0.0525796224198846,0.203060992529006,0.0416329062397345
17062,11185,0.0514030508767072,0.199981044935292,0.252366719314215,0.0766300718416759,0.0412257709367091,0.0767370582872268,0.0451664040077824,0.0263525319453027,0.0748005098105122,0.0415704720867275,0.0822180311463888,0.0315483348114601
11110,13849,0.0425392831638157,0.0410995494218626,0.00513062244004602,0.0483276926652133,0.00973671751310666,0.0140890271940882,0.0327211611452874,0.0579524769982584,0.0943669435960249,0.027799311085258,0.604459941839932,0.0217772729371068
9448,14334,0.0382693265227842,0.270463989050751,0.222462989717318,0.14198178994657,0.0661356318752822,0.0629886984250888,0.0201230106259281,0.0310025738066806,0.0327101728604873,0.0165927407608322,0.0712714552667204,0.0259976211415575
9430,5655,0.025318323097599,0.22985171617465,0.296345633271437,0.0699210866455797,0.0640974765111958,0.107196521023522,0.0305297615813519,0.0252250847427362,0.0235930684657105,0.0110331675707405,0.0794891358115134,0.0373990251039632
13468,15049,0.0563576846574772,0.146936710247202,0.139573540420588,0.0574671540266485,0.0527431298787128,0.0724119800201994,0.0456400892109949,0.0441906897775297,0.0923072845644188,0.0729648666325493,0.191938065567933,0.0274688049957472
10129,8788,0.0543110648158471,0.15490779463063,0.24157851460996,0.144504552189948,0.00524237122332245,0.193031021144231,0.0265445220413006,0.0290931641190085,0.0492970082707174,0.0157460779550864,0.0642511895184129,0.0214927194815352
17478,11425,0.0463945503507583,0.273325820027156,0.249497477228166,0.077945481020186,0.0333052370569417,0.0725701301475522,0.027415605930108,0.014237127187663,0.0315402394705711,0.0373169387158583,0.10299250036769,0.0334588924973493
13186,13121,0.0345055292159898,0.14887446396015,0.203795449922013,0.0479470807032987,0.0819355572921438,0.0977662029034995,0.0344131395802143,0.0285290181880818,0.0380527947574081,0.127756905434113,0.135947163348391,0.0204766946946962
15681,13116,0.0350505813691944,0.177716644930925,0.329970564205347,0.0901894256992256,0.027152062645988,0.11772771348086,0.0307446706898296,0.0193405987825058,0.0387867267429905,0.0247512083855913,0.0821325694270987,0.0264372336404431
10410,10716,0.0397461786474978,0.157329811652327,0.347551774474357,0.0507569186441667,0.0129749294575309,0.114361579614293,0.0338953770538775,0.0162266616705322,0.0620119005886803,0.0240710804326785,0.110108992933186,0.0309647948308736
8473,11684,0.0410433720981552,0.120326417494808,0.338133531024501,0.126000295855452,0.0143924002333634,0.161573507973204,0.0233152931432451,0.0247044708919131,0.0371315716043245,0.0206422505389832,0.064780026621264,0.0279568625207869
14563,8779,0.0541362522502704,0.131443172976476,0.257542404955589,0.111743184367817,0.0399893814015293,0.134942618706542,0.0439674156999634,0.0246062448168332,0.0465749629259139,0.0488684157150285,0.0706648707873587,0.0355210753966785
7777,10480,0.0371640230255205,0.185263348975274,0.270241868652105,0.125041033417853,0.0211171709442973,0.150559003609334,0.0193296272886641,0.0343682068617728,0.0219072263862076,0.0514123328516042,0.0603979551265867,0.0231982028607812
16518,16008,0.0423229853772784,0.0864409326846701,0.34677544872533,0.0802643850567483,0.0235466810551546,0.165701281220941,0.0218471750460861,0.0206107603146879,0.0286881882278486,0.0447782993698465,0.0863800498308677,0.0526438130905412
11667,15294,0.046472140292456,0.121964148285479,0.105529729034646,0.0732583081022534,0.0256324907852091,0.131794106914435,0.03802182754783,0.0503064771892965,0.0602348252814081,0.0536221961954667,0.260565898365727,0.0325978520057938
16507,10704,0.0430111543936938,0.151545860200978,0.194463644261985,0.0652640611727172,0.0523343084938174,0.124030856044255,0.0408779139027688,0.0578728691161708,0.0378200186002292,0.0547591319954173,0.121188955188816,0.0568312266291511
9304,11683,0.0240813254098425,0.151047273404849,0.348004358870971,0.0671517743758502,0.0450025887164633,0.0928612605219628,0.0530509979552237,0.00589662218602428,0.0379771189406582,0.020343387460702,0.0937095188352518,0.0608737733222008
10143,15538,0.055855507728408,0.114022042601861,0.161473138559582,0.11866612915637,0.0263689588630798,0.120244406774545,0.0616726129562465,0.0407365174944846,0.0954536803548181,0.0758509484499106,0.120320689387346,0.00933536767334825
8202,15060,0.0710944991305354,0.0400707576469475,0.097131992571626,0.0513158479623141,0.0515260416369134,0.0592953095080767,0.0179357360162182,0.0386595819753804,0.065586528751998,0.365699835792715,0.115899435063941,0.0257844339433343
14295,13119,0.0432733059817332,0.0105537177725526,0.0471287610567505,0.0474963011526076,0.00737712793719745,0.0686477340637889,0.0318957683242448,0.00950750772002053,0.223255834896311,0.15275849652521,0.350964282635742,0.00714116193384202
11645,4686,0.0485576057017751,0.230895699747542,0.295238705145319,0.0944136908520524,0.0131595936820285,0.140682659792718,0.0426248008007203,0.0200658378613398,0.0304934826981599,0.010905240494334,0.050158088252164,0.0228045949718471
11946,16258,0.115418177626765,0.0808671166240004,0.167611453415483,0.101180415397578,0.00998534370616842,0.228250374919457,0.0346708483769744,0.0326797697901419,0.0546876359946876,0.0748084167276836,0.0835127496906648,0.0163276977303961
11791,8302,0.0849496935601919,0.0762231742364326,0.165258151872858,0.0778968671506129,0.0202141723331924,0.199066828585928,0.0599440948805054,0.0291319546543,0.0957369458066064,0.0952905752236671,0.084716097965743,0.0115714437299626
15398,10224,0.0558453078814873,0.124942892525696,0.174414164283827,0.107956894606369,0.0306940120411601,0.097619920390039,0.0773815417393074,0.0279345179726278,0.0569111474695323,0.119576728786053,0.100159533333147,0.0265633389707536
13604,13844,0.0842183128325329,0.125946153836366,0.196525614116878,0.0721161770000109,0.0152941859255419,0.0736527381910158,0.0377316805485255,0.0234489711698637,0.0915375728918773,0.115106673686667,0.147900301087489,0.0165216187132317
17341,12149,0.0423672119722349,0.189565985032974,0.258041429109082,0.108174264059566,0.0372612916335527,0.0962506660651625,0.0326405026477872,0.0326755135228847,0.0249843011212272,0.0281459231393487,0.114156565414144,0.0357363462820362
16234,12633,0.0373420716547186,0.0869698324355819,0.20362354459786,0.0684775290931617,0.0339738457288663,0.111953375787157,0.0468518277481324,0.0305281713465143,0.0762315125446843,0.106259758684858,0.163794351172867,0.0339941792055988
18310,11423,0.0570297368116819,0.0380089231761251,0.103554056177587,0.082011604145566,0.0124521153692271,0.0510076889754594,0.0332069208518805,0.0227907731268913,0.103803599365855,0.415613980386663,0.057805902679038,0.022714698934026
17485,14800,0.0508836212330266,0.0843794723273048,0.244700608319875,0.185726929356809,0.0123821517634264,0.182714039562974,0.0342861217960558,0.0308955277229945,0.0269020914955544,0.0161187411967782,0.0719345322890012,0.0590761629361993
13860,3717,0.0773574202980149,0.105226427741111,0.22487206190222,0.122540814473307,0.0462205401734276,0.113209916334833,0.0180303985883978,0.0341791445127105,0.0519060022737393,0.110621727962112,0.0762532209194111,0.0195823248207171
17056,8292,0.059536565396359,0.0189251159008767,0.0905857862736727,0.059215579305369,0.00893658934613969,0.0701107986116058,0.0680458326227651,0.0545358038325433,0.0947866152188822,0.405004893447235,0.0606101098669335,0.00970631017761776
13728,6852,0.0572193897350282,0.215433165398264,0.259152448161324,0.124276099973327,0.0228313307582657,0.144442443035042,0.020924279151088,0.0486285291819794,0.017139792742518,0.00990606958926996,0.051442752504758,0.0286036997691357
11374,7580,0.0478616309603116,0.136394760014805,0.297547970704974,0.0832311269081539,0.0542585284983498,0.122969685513813,0.0284882736168856,0.0254193357254811,0.041509746514899,0.0162406925902769,0.0822384633950269,0.0638397855570235
16783,10221,0.0211975855558053,0.21585898814293,0.243908241167205,0.0726910112141286,0.0209283412846877,0.0861040585070153,0.041471790392078,0.0236578131190928,0.0327400219386122,0.0836584778223608,0.107774654890591,0.0500090159654932
8609,10479,0.0274459808044622,0.169373003827044,0.304005557911361,0.137578749806433,0.0494294317379738,0.130953794483806,0.022380498514999,0.0132266328101453,0.0228888065025232,0.00628800032075325,0.0856573882392582,0.0307721550412405
12337,3962,0.0327900890191026,0.174625612131897,0.395252191431038,0.0665964921248056,0.0282633479930454,0.131023971139577,0.0210429516268074,0.0189269536040733,0.0145419297881378,0.0117668014166283,0.0783617916247107,0.0268078681001769
9176,16746,0.0578289562861063,0.0996710227725757,0.293638017372779,0.136984940308056,0.0480895992896531,0.172910580523132,0.0279717644367372,0.0295382220991663,0.0335090015442549,0.0194955004216623,0.0398184711210797,0.0405439238247976
16793,15043,0.0637223386595171,0.165122039677806,0.266085674797238,0.0933927439940466,0.0189420678058249,0.119063950266389,0.0336113019545171,0.0386796916017425,0.037341360841009,0.0317178940260091,0.0672981595879746,0.0650227767879261
11101,9509,0.0428199553120309,0.264189511656976,0.248268961540809,0.0521041145743154,0.0147291666040363,0.104302514844901,0.0397268539786636,0.0395581417246144,0.021313401458471,0.0134793617825992,0.100546782437957,0.0589612340846253
12756,5648,0.0394989154534806,0.188274958646506,0.28673176392679,0.101805791334009,0.0225408669019028,0.159350652769389,0.0366634187070103,0.0371222074633567,0.03488976823551,0.0164915161118063,0.0488650100721165,0.0277651303781227
12491,11917,0.0567506542654676,0.246258879868926,0.256728443403897,0.0538739357940933,0.0832763305594268,0.0709726107133374,0.0365495714186817,0.0174896273961147,0.0606688738944016,0.018870885998088,0.0777467216715483,0.0208134650160175
10831,13367,0.0531955446855967,0.127238658331122,0.0764886729648001,0.0793035857277985,0.0505511663183907,0.0526670055013744,0.0793700036819066,0.0539958139101428,0.129371563102302,0.0368174587083648,0.22621459297888,0.034785934089322
11240,9750,0.0533739091508519,0.164116934531338,0.208926215808937,0.0913391473627436,0.0125490101433251,0.16341156345317,0.0285024205800443,0.0246955268099499,0.0323767161828247,0.0668206869379671,0.136201150770075,0.0176867182687743
16502,8293,0.0393724550080847,0.184497206093476,0.292417422357516,0.0954907586281379,0.00640335270438296,0.11312646283934,0.0694133934630988,0.0453495090396549,0.0423309859848306,0.0291522848744358,0.056756042879831,0.0256901261272111
13054,16256,0.100675475169477,0.145166147630153,0.23866450289599,0.0835038476731959,0.0255095568121864,0.110444060176784,0.0337397180430607,0.0398537296241957,0.0657858919760469,0.0122685389912858,0.108045947771286,0.0363425832363388
13607,15290,0.0571810766875138,0.209254606946908,0.159314735043894,0.100519124585561,0.00875347208513641,0.164935216959522,0.0420124032419052,0.0233073042369844,0.0570765963642475,0.0555430372537832,0.0849876708937599,0.0371147557007846
10972,14090,0.0486777355455519,0.0145968816953145,0.00863922746611977,0.0326260323139519,0.00523492171115179,0.00667608058437262,0.0183465032253903,0.0258792305053085,0.0346669925930402,0.0407803406933422,0.7577492613288,0.00612679233765588
10279,14333,0.0487308271634362,0.0246931208128783,0.04140533982596,0.0602829880941938,0.0349570060920549,0.0604701824194906,0.0291105159764982,0.0546312843234067,0.0529803280513539,0.0525182778105087,0.524170738800069,0.0160493906301498
13326,13362,0.0647081938514466,0.200557785598972,0.191711849054042,0.104596674966888,0.0474733967202016,0.168510513991647,0.0189084021361031,0.0352542054976588,0.0393619845293527,0.0112362285122346,0.0815369064369179,0.036143858704537
11782,3963,0.03407714014192,0.266934572201968,0.202962777463793,0.0774361993728239,0.0374932230657669,0.171012860343849,0.0210519049885369,0.0229455761433711,0.0312310931570895,0.00712990663058503,0.0838593535135302,0.0438653929767668
11932,9507,0.0645245537635084,0.206700267370549,0.257674837404304,0.104387220490583,0.0155417999292071,0.117002089570616,0.0493696200041206,0.0152513159723856,0.0516858083699342,0.0269680514003978,0.0611634669402423,0.029730968784151
16093,11428,0.0369682038827199,0.15386421295094,0.213789481277299,0.105490503513862,0.0219538539083153,0.112486487533237,0.0581379520726698,0.0110929006814933,0.0590930979109574,0.0501875405090832,0.115324405016317,0.0616113607431067
11370,5651,0.0327404981939298,0.122232730600415,0.271963402387239,0.164870140045309,0.0170241861454557,0.131953918685497,0.0372100755032405,0.0391023386104208,0.0520920553667214,0.0207153424326055,0.0663628056100862,0.0437325064190796
12213,11436,0.0392382573672128,0.143480221802278,0.246908235511682,0.0972750926278257,0.0293426739133022,0.0728091241662287,0.0725471603728381,0.0217665091276382,0.0484980684290937,0.0375510464612306,0.147504497076457,0.0430791131442131
8055,10962,0.0427190738302878,0.103965907693763,0.329937709613358,0.093027608008118,0.0639691910311897,0.219176262416792,0.0285679181434793,0.0101062889802699,0.0229049611279468,0.0329322965769955,0.0395331432945183,0.0131596392832815
8758,16023,0.0329135692581863,0.0834499592303276,0.169599280712025,0.27325354760697,0.0335716963857486,0.169365610013531,0.0144695666175671,0.0386961496376979,0.0308698466341999,0.0403598051565664,0.0899551232136593,0.0234958455335207
15827,17215,0.0756168303290223,0.0734758693627333,0.274538853576076,0.0639104637375611,0.0270961185539278,0.148612841973168,0.0262937621047492,0.0266075703079844,0.0774188638170813,0.105720582399258,0.0734579650405463,0.0272502787978923
12062,4926,0.0439794944377909,0.257329561976104,0.28984987575421,0.0815887378682636,0.0147258678922063,0.114396174217959,0.0263521801551399,0.0382187870506473,0.0319223166311044,0.00602688111462376,0.0812170206496584,0.0143931022522924
8326,7586,0.0502845194440652,0.205827557956998,0.170639069320469,0.0642431080037081,0.0257117456422291,0.132412753417475,0.0430101084134485,0.0767938207586874,0.0317467410729639,0.0525346329130033,0.10631699032706,0.0404789527298933
10421,16020,0.0789830076667227,0.115167358604977,0.280653178829668,0.108102964195399,0.0709594664798378,0.163282335359718,0.0399499215701016,0.021356348703781,0.0442512896117758,0.0125393718405677,0.0450838210985779,0.0196709360388738
17067,13596,0.038507115189971,0.116804252852637,0.274068485215274,0.0979436339764319,0.0568615730850091,0.147520255131851,0.0221437942123298,0.0178915119510625,0.0343984183579196,0.045500637321109,0.117214554351064,0.0311457683553415
17615,10701,0.0606185343026175,0.153535342303921,0.251928812722787,0.113378287713633,0.0146811045461466,0.171178629223302,0.049245633417708,0.0224344846958865,0.0392084362328209,0.0162010011267563,0.0688284365114596,0.0387612972029616
12893,4925,0.0427839761176594,0.169128444523357,0.254993717834044,0.0909172476806822,0.014278964380088,0.170609365824861,0.0359571790986169,0.0359371737690001,0.02948439251956,0.0229485820848084,0.0933051821075003,0.0396557740598226
8342,15783,0.0481535000315871,0.0634613826556245,0.130738827107842,0.09277984230762,0.0134267458154251,0.0703867067625946,0.0259816717367206,0.0122017078082396,0.0853796394333933,0.374036467444042,0.0693672586570047,0.0140862502399073
14578,16012,0.0628182663314763,0.142462497190429,0.180802599656101,0.0560754994729861,0.046291300659049,0.149933938260962,0.0441724755341911,0.0395768941887056,0.0749687935645206,0.0337016698198768,0.14702409803641,0.0221719672852919
12205,7578,0.0680625032209441,0.117962540542338,0.246648185110651,0.0904952756028643,0.118055214814505,0.0680746669651198,0.0508714659656529,0.0431509310815146,0.0347551332367056,0.0365849705184466,0.0790430703169064,0.0462960426243519
17058,9256,0.0379007122541225,0.175621697812874,0.309270691870869,0.125169008253942,0.014481617074209,0.204455130840993,0.0191065744265477,0.0204609843299512,0.0269857423137133,0.0101525896833724,0.0309037626362223,0.0254914885031832
12221,15293,0.0578988013646655,0.0801162916934079,0.133075923517215,0.148032253074103,0.023314662589441,0.159284507717511,0.0404113690453105,0.054006610003546,0.051948146150936,0.0595372959082195,0.15246268288341,0.0399114560522344
12355,13123,0.0383186604614175,0.114327167568291,0.325992460962368,0.105313667376413,0.0620717820819112,0.0955858420659471,0.0287647023075613,0.0383175273326554,0.027849120555159,0.0244219602706276,0.108363500808397,0.0306736082092525
13458,10228,0.0674828896504705,0.188538837991957,0.233738077171871,0.0987834028380929,0.0245127004648166,0.150248729573099,0.0319737510017449,0.0323845295657228,0.0520082511428947,0.0249813282814282,0.0660440889934191,0.0293034133244835
13461,11674,0.0886696001501994,0.0692777883665288,0.177737497454592,0.062057620646,0.0149406619801759,0.113132681512275,0.0480818229107015,0.0403009215058418,0.0871062772121861,0.148225507918944,0.127657467285691,0.0228121530568639
12349,10230,0.0555134390972405,0.132935741295415,0.303582446547455,0.0772147546027731,0.0843032283130888,0.107249391288897,0.0388462010243871,0.0209768977790828,0.0615986388425973,0.0455795119525065,0.0428225003787886,0.0293772488777682
15546,15286,0.0586210032356666,0.104294993463397,0.172699478817178,0.147933810294312,0.0629725807222233,0.18734300452505,0.0584048463633637,0.0108894334178002,0.0510393524043249,0.0371358409533685,0.0813645166423314,0.0273011391609846
14156,12878,0.0930201685276522,0.0914382164508084,0.1419136981669,0.127745751535823,0.0218941002423265,0.133359388485073,0.038967725466916,0.0252682872109276,0.0782393313111426,0.0693023710535701,0.163877185117178,0.0149737764316827
12340,5408,0.0445618787473169,0.200188198116296,0.280377551523684,0.109213327828396,0.0130323636072088,0.0841479370386586,0.0492835368915128,0.031361812579144,0.021276815993245,0.00867707055965998,0.107446439980504,0.0504330671343736
13455,8781,0.0512858137154544,0.187480277927624,0.264490080243036,0.11749783935524,0.0375219199451051,0.113076457603955,0.0405272383181006,0.0248991030596702,0.0431046264054633,0.0162839410841755,0.0704842192795743,0.033348483062602
8050,8069,0.039486570335404,0.146690623787515,0.328561553545635,0.109048397302549,0.0760655851089856,0.10274307101282,0.0310849769840863,0.0201266231737898,0.0177857493243359,0.0328909688938769,0.0720363628380421,0.0234795176929595
10269,9511,0.0508938400692095,0.171675823814223,0.147811607111845,0.095638115543472,0.0541358689916494,0.108318516704262,0.0266557750111412,0.0350823571761137,0.086208837534539,0.0629433370402255,0.131980549287483,0.0286553717158361
11515,8785,0.056671758544525,0.122520592028608,0.26177460667166,0.0715426010038453,0.0610113117454006,0.115770504980388,0.0408001086017256,0.0207915447436003,0.0462018874560273,0.0355961525875661,0.132982227030469,0.0343367046061855
13468,15532,0.0715306215908198,0.113892519874247,0.271834964243977,0.0635437944823951,0.0535018064516311,0.087758250431913,0.0419423638990399,0.041789360059075,0.0503244324187799,0.0568797017735135,0.107267202085232,0.0397349826893767
15120,10224,0.0784611988028046,0.0616677684671883,0.239218783174082,0.0599017604921556,0.0553404473112456,0.149486502590745,0.0615453553711428,0.0153580653311096,0.0907252215014971,0.0394299930918378,0.107385532025936,0.0414793718402558
9856,10717,0.043211786072059,0.123768356870726,0.297823440320024,0.125026612810221,0.0886740504672787,0.158099560470076,0.0203291687208687,0.0251364518783569,0.0213400552010474,0.00881353619384166,0.0521612473409838,0.0356157336545162
15125,12635,0.0700318400365717,0.140505736992814,0.0490683133259577,0.0988043034271221,0.00778740643130767,0.0736375575576418,0.0671508988138526,0.0539359353453632,0.10134182464578,0.14639263666375,0.17473327937353,0.0166102673863106
13881,13843,0.0472021786644823,0.11519563237207,0.175016866728351,0.0597559914236188,0.0349108599798258,0.102919255706059,0.0468237802536719,0.0488156682098399,0.0597690073524414,0.116133175201924,0.153857282035717,0.039600302072
14440,16253,0.0748286059049646,0.147309912680432,0.162471379603561,0.0781381584659933,0.078127786873693,0.149945417154646,0.0482329891526234,0.039529022986219,0.0432168882118006,0.0315296619529609,0.0773859194952576,0.0692842575178486
13038,8059,0.0678525731828603,0.190119254098506,0.266807030431626,0.104014664977904,0.0257216724061829,0.194681942191486,0.0259054993213263,0.019473067601327,0.0213489290872181,0.0117859968329083,0.0542252725948255,0.0180640972738291
12629,11676,0.0377886332649812,0.136676745126887,0.252983151621781,0.0919877356773679,0.0275978323215874,0.136517514726579,0.0606557055546595,0.0461517249458946,0.0248676782002871,0.0198641739516974,0.107746792295717,0.0571623123125606
9436,8548,0.0344589270948206,0.22239508771574,0.190615434105351,0.137253440735996,0.049451474253855,0.193851801183762,0.0232296053344382,0.0300006416667709,0.0306768521252895,0.0186784020222317,0.0455023230968336,0.0238860106649115
17622,14077,0.0874867097274519,0.0532490523373357,0.150655702651887,0.136877382889072,0.0816546512375673,0.0793258547471572,0.0316508567755153,0.0274411462112039,0.0951769227666111,0.0557427299988808,0.153514696703491,0.0472242939538265
17335,9255,0.0666475613903247,0.13673927870041,0.274072776825939,0.0917767761250043,0.0550885118143851,0.202405085441141,0.0208328366513147,0.0166850501390855,0.0254430682071751,0.0312935830062429,0.0563429910185166,0.0226724806804609
11237,8303,0.0785349038180755,0.0842474740580784,0.253697004738671,0.0696452658001665,0.035311186426718,0.081502222699684,0.0601905571317299,0.0448645299230729,0.0679552665444626,0.046872755425755,0.143033064487054,0.0341457689465319
12761,8059,0.0448927327608182,0.169599312763072,0.272540490034589,0.149653916449119,0.0319856801781273,0.178957559658235,0.0218445061775187,0.0106704401001982,0.0315692766042832,0.0158141168535873,0.0515675909682182,0.0209043774522334
8750,11684,0.0250384892755324,0.215399407766918,0.251597676764394,0.123867872000826,0.0231333492825326,0.136149871028617,0.0399400827209262,0.0428683872755311,0.037331598093515,0.0221837414132204,0.0400056209841935,0.0424839033937938
13471,16978,0.0423271403578449,0.293769998330089,0.0900376675552512,0.137023086344701,0.0261535134276715,0.11247320835649,0.0251363380296053,0.0721314592672269,0.0699435934140947,0.0517196741226137,0.03441943860696,0.0448648821874515
16227,9258,0.0347876110214216,0.103078455007347,0.262494970584817,0.131284977968033,0.0793605423031509,0.0901322536649557,0.0325828501423428,0.0214890700685298,0.0655064221412994,0.0785010354020082,0.0748799320826188,0.0259018796134765
11663,13365,0.0541353113042901,0.139603798704517,0.0888973920826541,0.127016095108959,0.00935454209863302,0.0649460642389551,0.0588675830239865,0.0299570917406255,0.0954811044505749,0.125739984604642,0.189655518242246,0.016345514399916
10405,7823,0.0726575815946802,0.16257129813759,0.239205605971332,0.0701032605308071,0.0319790656695726,0.0755985954739525,0.0560522135028954,0.0202212527917288,0.0646883814619171,0.0190214250420587,0.156221563394038,0.0316797564294269
18037,13835,0.0356936179976636,0.209186741098406,0.276551138554037,0.0945751086480143,0.0202409457086127,0.130401825153319,0.0135581264740946,0.0308691591891824,0.0330650710300389,0.0281755737000294,0.0950663426733634,0.0326163497732386
16097,13357,0.0734511377934913,0.133153073415824,0.266484709560821,0.0921840757191254,0.0765872249269213,0.0725260754599334,0.0396283459854388,0.0120855231514718,0.0466916179425744,0.026422960429576,0.1133446944613,0.047440561153523
9020,8308,0.0492692192503245,0.217813305974131,0.205137972975474,0.0852481903024688,0.0505827506530929,0.13136809371176,0.0371423812272723,0.0276239755019808,0.0638489388975381,0.0216064633911821,0.0731482174717124,0.0372104906430634
8898,16746,0.0536587715991117,0.087523148516836,0.290009733255031,0.124172573906477,0.0764411639881097,0.121992299441995,0.0261456821109913,0.0348267304761735,0.0402972619129813,0.0226729659084814,0.0973689472870898,0.0248907215967217
14838,7814,0.0633056859304718,0.120701177685551,0.336518802834912,0.0832750317025311,0.0174389925375215,0.0871994640041398,0.0487823878801449,0.0499177753754332,0.0338580359060087,0.0205610093392036,0.0951278553415211,0.0433137814625613
11508,5410,0.0653487495098019,0.192293706656521,0.25958222866954,0.0979244759260662,0.0112871259270396,0.144471283007754,0.0209505102427323,0.0279431861394746,0.0275536169010979,0.0300764366371485,0.0837484875321008,0.0388201928507233
16652,13838,0.0380988829522268,0.114426195414914,0.158740907542852,0.108353661275352,0.108279137687478,0.126500298096446,0.0311765332908687,0.100195606654969,0.0465946223270256,0.0568340079199899,0.0833220751120203,0.0274780717258586
17343,13113,0.03535388432428,0.107111533416119,0.333838407556153,0.162270117765362,0.00874657581160787,0.122631410236354,0.0214767300536695,0.0186144284469031,0.0290704029896148,0.0535895462218722,0.0665383741778496,0.0407585890002153
8745,9273,0.0593962877216612,0.178762127847222,0.28034942647707,0.0922172792524146,0.0270199303748944,0.118441598848871,0.0441568307302331,0.0222811086509149,0.0308570062924302,0.0221689863608093,0.0692044709745554,0.0551449464689242
7917,11203,0.0466364403450319,0.159158155641005,0.29071296092466,0.0640802580945303,0.0578802866348358,0.198215365708684,0.0144947526353376,0.029142478359976,0.03709310683021,0.0160508952411418,0.054706162238041,0.0318291373465463
14017,12637,0.056006834860455,0.192153917775356,0.168754494284482,0.0849379145377032,0.0152590373455265,0.0953320226682322,0.0749228559559893,0.0331846017526648,0.0927578784962662,0.0203874149950545,0.133102878493565,0.0332001488347048
12640,16980,0.067791243832528,0.0728753781314946,0.297258490071534,0.057161276724654,0.0369488560880234,0.123867206615242,0.0576535753484738,0.0237758044121445,0.0605785933873495,0.0895685271164814,0.0902690759200415,0.022251972352034
16083,6606,0.0658100202878083,0.0443489535826723,0.249739855872159,0.110913537903821,0.0251978946179524,0.158256017448905,0.0719579332333444,0.0201131391512809,0.0580955321436259,0.0420577679043311,0.109896830198136,0.0436125176559639
13039,8541,0.0247224144914621,0.16147089432976,0.325563524658408,0.0841895076298804,0.0308414246036405,0.110963876773202,0.0222933887940023,0.027515218018342,0.0333521528391772,0.0260185874103651,0.124086278763019,0.0289827316887419
10264,6618,0.0278900678547773,0.176596364957322,0.285603643639303,0.1123901812136,0.0661582169490412,0.150361667898331,0.0322178629673983,0.0147916882551239,0.037160062847661,0.0281213078604432,0.0487831364265563,0.019925799130442
17336,9738,0.0388930902011481,0.224397975145161,0.320868584216728,0.0945876142810877,0.0310837805679769,0.101963049848703,0.0322556195607576,0.0220632834202091,0.0204292378535353,0.0172587347207785,0.0701017548261972,0.0260972753577173
10132,10234,0.0459073382526447,0.162660872568083,0.353780595549604,0.0540460883754426,0.0201046370315937,0.120692830616193,0.0455534513868087,0.020484827347178,0.0299999925783417,0.0321894683667824,0.0885490224525279,0.0260308754748002
12638,16016,0.0635763114280093,0.121163440444967,0.167093526577355,0.138254791610104,0.0174684338527285,0.0598379014834096,0.0715373166791395,0.0537503950133104,0.0682202102792133,0.0673130122663917,0.146090053225439,0.0256946071399337
15539,11429,0.0494817049145257,0.176684846578491,0.219230070819945,0.0950484212522589,0.0231373978438351,0.178968712277853,0.0336259913907226,0.0265224903389068,0.0444450503994775,0.0368826931126368,0.0864027535111834,0.0295698675601651
11652,8061,0.044718529510636,0.104984914190852,0.171012391105475,0.13317977554408,0.0447758315604785,0.0785564213530432,0.044110289936398,0.0656489961543598,0.0942301341538147,0.0390383806926138,0.132549958748762,0.0471943770494865
13882,14325,0.0573308161906514,0.0122362029089914,0.072201821775801,0.023527191117285,0.00654626202743075,0.0733936694671732,0.0411731634456148,0.0153609192041842,0.10090186174134,0.136704520012939,0.457530188368993,0.00309338373959662
12086,16981,0.0961265585821076,0.0506943029312057,0.24908339961922,0.0855967100495979,0.00660242732745921,0.101807460437577,0.057894483525467,0.0197423750301374,0.151195375070486,0.055778539549553,0.121416900932071,0.00406146694511804
10696,15055,0.0556987347252071,0.0597799319193339,0.110295355017729,0.13786929650858,0.0114312065285827,0.07595497777066,0.0521049347903813,0.0633754962222484,0.0744828267019706,0.110030275872403,0.227554594463315,0.0214223694795885
15821,13839,0.0353509743247166,0.102094889645314,0.205821749248315,0.110572761844353,0.0509448478716432,0.16319363719884,0.033321828805147,0.0608964747992386,0.0556698500142152,0.0330130330499514,0.103203524993413,0.0459164282048531
9848,6860,0.0523657275908291,0.190387746166331,0.316977175961207,0.0753154099052049,0.0288736022684828,0.0734177633014081,0.0239095437103553,0.0130341706299251,0.0260525045095817,0.0201129873261438,0.126738597622388,0.0528147710081439
10700,16984,0.0545618198257076,0.143722982463634,0.300411626578396,0.125273850229139,0.0587374879481526,0.127185921966492,0.0375514558314973,0.0234341389007697,0.0337889324967502,0.0193687008599577,0.0401247330719014,0.0358383498276027
14995,16734,0.0373008025572561,0.116218400955287,0.22580164615496,0.108415538118187,0.0403170877626676,0.161481374835097,0.0231467221409233,0.0607424487165009,0.0513969484417738,0.0556549062179028,0.0826721609038769,0.036851963195567
13867,7093,0.0532592464806218,0.166608228427399,0.315020991637127,0.078597204160918,0.0148956324430191,0.118726769959426,0.0528014360693444,0.0202731601777032,0.0565586147316591,0.0182322305913245,0.0517787223201076,0.0532477630013505
11646,5168,0.0445975510990626,0.201056695799868,0.271445595398969,0.0895485951968274,0.0338269562428738,0.0926583505947879,0.0418526799444698,0.0303828090996794,0.0615885080867779,0.0120033955107224,0.0851906721359543,0.0358481908900078
7784,13855,0.0581703449302073,0.104736810802023,0.234619714096498,0.0804821463839846,0.0331948860754126,0.208265593149633,0.046553689293539,0.0182759472774306,0.0571241276181894,0.0287664616408229,0.0886761866393451,0.0411340920929144
10816,5652,0.0341478487235166,0.119719116475536,0.2895666757776,0.1081521666444,0.0693713913538716,0.0888980909763365,0.0493489074094981,0.0333093288986706,0.0413746750257504,0.0143891310062149,0.0769106856348174,0.0748119820737878
10266,7582,0.0632847454667008,0.186813598410978,0.246951874748023,0.10209970987583,0.023038265929656,0.121948984389931,0.0377156574929451,0.00935221055442322,0.0461566508155139,0.0342668058018987,0.0787345570654438,0.0496369394486551
10281,15297,0.0557897684478431,0.0878805897298407,0.0570068324521073,0.157833956107783,0.0193856098620774,0.0998067590050595,0.053905667773874,0.053807386959537,0.10820278779133,0.0412649256391649,0.236174842873155,0.0289408733582288
15392,7331,0.0459042862843845,0.157184623006171,0.271359952145583,0.0767255850999617,0.0286211520911724,0.129967992168673,0.0525636530557766,0.0264417038886718,0.0226875168436074,0.0339580095510703,0.100441815210036,0.0541437106548916
11253,16500,0.0304489271134402,0.1133545066681,0.251775793794097,0.168210392202795,0.017367792666767,0.203028634269009,0.0325293416237089,0.0259854625553994,0.0237074830577095,0.0213107165632765,0.0860908545713166,0.0261900949143808
11810,17464,0.0300467622159603,0.0824030406497402,0.156809259938504,0.0731243702129596,0.020764896991113,0.0975341227753408,0.0661301077640052,0.038110509749021,0.103554755701322,0.0455320928215038,0.206489157440843,0.0795009237396869
12492,12399,0.0933927818201385,0.0996570862869979,0.27681163191745,0.120989655123165,0.0717130639076059,0.145472768129318,0.00969398135677104,0.0464281315168219,0.0172112829292909,0.0173233158087523,0.0657424648588162,0.035563836344872
14580,16976,0.0630556375066089,0.112359360859499,0.200062095312281,0.145600703664054,0.00840255399001778,0.0676825829721847,0.0323242969162788,0.026817383455193,0.0635803603014204,0.0721347105413476,0.161322917872389,0.0466573966087261
16360,6605,0.0720975546866356,0.111956139521019,0.173682196064493,0.0480297560413834,0.038722437648318,0.0992797380929094,0.0423905322990777,0.0511932038921645,0.0537352523983193,0.197401163253168,0.0677104626641107,0.043801563438401
12894,5407,0.0445933399654253,0.184952200945812,0.307695024670124,0.110451158676364,0.00892905744782767,0.100480188868775,0.0447979916736733,0.0283152885829466,0.0337755393192532,0.0280187582331487,0.0826726991476627,0.0253187524689871
17763,15282,0.0494326856957659,0.11730256984205,0.203217754500541,0.111273665481189,0.0281919458073414,0.160197921294108,0.0450672937663818,0.0524755784675031,0.061076898152941,0.0202158497735729,0.109972960290623,0.0415748769279825
14574,14083,0.0335688026530279,0.0948647892084447,0.182187177423534,0.134994466072417,0.0142378162021936,0.231120736730543,0.0167470201639572,0.0822619174732405,0.028150249645488,0.0324868159308884,0.096552173019181,0.0528280354770851
13182,10710,0.0558249307469046,0.170979662807036,0.23323826774756,0.0615275997651876,0.0190149696586756,0.120135675353879,0.0609676643678824,0.030412337807834,0.0917346582378893,0.0321154936517299,0.08505842426733,0.038990315588092
14835,5885,0.0458963977233246,0.160644311745131,0.323180286506762,0.0903869579748836,0.0157518539822998,0.147224725730309,0.0238081753957161,0.0235574144502606,0.0207359572423888,0.0176663747026675,0.0996800940741323,0.0314674504721243
17477,10943,0.0387585090173489,0.295314743456417,0.298722506801552,0.0610856199712012,0.0190991369784485,0.12562779048305,0.0313622666601806,0.0360202914413843,0.0214956440129053,0.0138422506957903,0.0472443853137253,0.0114268551679969
8888,11442,0.0358030136887129,0.217758959043306,0.247857404965298,0.0961506063079466,0.0293368884587462,0.126505537622577,0.0364184896733014,0.0184138092135226,0.0427445338002855,0.0154538421251927,0.107032976445073,0.0265239386560389
14281,6369,0.0598508109162441,0.267603758751898,0.223321377955448,0.0853399678273932,0.00771564904356509,0.0860672838112167,0.0186252775009814,0.0255129003151736,0.0461584349447812,0.0252323059955128,0.10992480568218,0.0446474272556061
11669,16259,0.101444038835564,0.0388793990532406,0.20522038858547,0.11084370481794,0.0183201737329422,0.0916731442937029,0.0589945270479849,0.0388562110449613,0.0972789268471819,0.113763660460229,0.0859414199718776,0.0387844053089055
14431,11913,0.0695455218570711,0.0277394348602127,0.017787133328227,0.0253562866719957,0.0250278686838858,0.0221861398855247,0.0435534437141438,0.014265969299531,0.0626199186669626,0.0224730721888662,0.663726651658193,0.00571855918538639
8889,11925,0.0719256845722936,0.141066235656131,0.339170685646117,0.0690530776684493,0.0252788922229507,0.140552339294714,0.0418225260605662,0.0228019980310911,0.0322388914566451,0.0274211891996463,0.0644388663507112,0.0242296138406846
16237,14080,0.0724706839683318,0.101755662501779,0.200894246765982,0.0750988968806229,0.0913130155709035,0.141695465575032,0.0360231381433911,0.0496554317738769,0.044609468283528,0.0450305547522856,0.108656750429005,0.0327966853552624
11665,14330,0.0578746667344827,0.0374119177032933,0.0105344343133523,0.0141026241191365,0.0157577321995339,0.0200936715729738,0.0425312444694489,0.0735988368209357,0.0618978429674613,0.0539067836081789,0.578211511565032,0.0340787339261707
15957,12634,0.0474069390991423,0.105345907052982,0.147026124894022,0.064922385227806,0.0962684038100718,0.126430418821206,0.0441645409275956,0.0429243457563001,0.0556968610630397,0.0669701640947525,0.128526594730529,0.0743173145225527
14561,7815,0.0474959457240442,0.184751548840551,0.301605155195232,0.100874683084562,0.0200519948039354,0.0700501063165656,0.0524420997577173,0.0139430168212581,0.0336089793322301,0.0272640572946099,0.101850547379428,0.0460618654498657
9451,15781,0.0409821724228028,0.161501984047089,0.221067148948353,0.0981820471025702,0.0365681596198398,0.0977597683699225,0.0551675998237536,0.0673029320493939,0.0439933982222872,0.0507290361477662,0.0818683279899302,0.0448774252562916
16374,13356,0.0523805726527634,0.0838539532987034,0.307935564781754,0.0729405342498121,0.0800872661509276,0.130721812639969,0.028757727933143,0.0254895182131156,0.0460759365730135,0.0333872535686906,0.0693994141988764,0.0689704457392307
7912,8310,0.0429978925280733,0.234039901299335,0.270207713355188,0.121774761111337,0.031308021349143,0.0791354065486869,0.0358186356388989,0.0217068288492085,0.0382913866559472,0.0118699836696992,0.0670067017017224,0.0458427672927604
10261,5171,0.0504229996631606,0.159959288961184,0.292178150720977,0.0775840942753114,0.0341600660995757,0.109187008179604,0.0504595651965024,0.0275307088849351,0.023131045390227,0.022785146794742,0.126716149792863,0.025885776040918
14856,16493,0.074795232968051,0.0639309870945432,0.226264139398597,0.0998413305484537,0.0201305412388679,0.134166759389435,0.0284311110662825,0.0243062747837352,0.0583107686833566,0.0616970532622927,0.198168700384135,0.00995710118225035
8477,13613,0.0409029479383199,0.0794893554408793,0.375073679001278,0.116777938071173,0.0819710312214512,0.128264097463873,0.0167957960566165,0.020276878186159,0.0204354095646067,0.015408259182815,0.0660277340581769,0.0385768738146512
14971,4680,0.0802958705906738,0.216224256624596,0.245715134724052,0.040505289079791,0.0286609896353588,0.0503959788108012,0.0368285069113925,0.0200404957920594,0.0666179916457057,0.0828033914786447,0.0959995084693831,0.0359125862375411
17892,10219,0.0560037447002762,0.185058093573553,0.225204706044464,0.0836309092470042,0.0139034350946648,0.15372493190381,0.0526618387753623,0.0432376167717909,0.0295535027583934,0.0305922455084326,0.0775490385872145,0.0488799370350341
10003,14815,0.0414509019790868,0.157270342037239,0.144884140171327,0.0850661584898676,0.0373353901964812,0.112703641555507,0.0417618646434649,0.0598442108979319,0.033534843160664,0.0699723956882471,0.192249452111568,0.0239266590686159
12890,3478,0.0369138885691967,0.224380291857514,0.209670709090325,0.0973453484504975,0.00714453796540139,0.160610932848287,0.0555916715656073,0.0440005288986889,0.0349436196072901,0.0414173076552523,0.0683601632800951,0.0196210002118447
8876,5656,0.0699949114467787,0.108559648839643,0.263656134478865,0.0636792169051402,0.0321505808777816,0.13835775432683,0.0357510788158866,0.0328237586678473,0.0416973423837136,0.0623495489530401,0.12049972732711,0.030480296977364
11656,9990,0.0487062386557809,0.188322195652186,0.215730677215502,0.104133233501461,0.0247405471254232,0.188931418587215,0.0542551777886796,0.0140263843659316,0.0350229083174917,0.0126660589585251,0.0822938176767555,0.0311713421550478
16091,10463,0.0380353005742992,0.271089075601758,0.17549028775217,0.155357687761264,0.00504309349243641,0.0905187039749603,0.038600153108877,0.0510023374466528,0.0351107461872526,0.0264700082059298,0.0864010899308188,0.0268815159635813
15397,9742,0.0409864389154464,0.125256555987413,0.244443147314385,0.0730145819625242,0.0257710377109094,0.187576681001768,0.0262356557306352,0.0460926575631839,0.0408392254733681,0.050897580655269,0.080428495065046,0.0584579426200512
14840,8778,0.0618085708559791,0.198677014777101,0.263073785064325,0.0763595384931062,0.0265192833815201,0.142183878015113,0.0342025986937873,0.0127292440732595,0.0262119620403935,0.0296294508363598,0.0804725567331874,0.0481321170358677
11378,9509,0.0633066540118473,0.112534189184637,0.253379634570309,0.125646019958066,0.0579162733922207,0.125847872632569,0.0645676186452226,0.0324599144713061,0.047327344728379,0.0213871040436523,0.0768584948336313,0.0187688795281598
13169,4442,0.0461187486071971,0.170111478164895,0.270612034901466,0.117705077099391,0.0307093178237081,0.167721987222663,0.0306011760262502,0.0208609285462475,0.0358030575270748,0.0256163094967439,0.0644550304602459,0.0196848541241172
17753,9978,0.0547232432700149,0.0762959953734157,0.24536906640473,0.118152593161289,0.0287242920201656,0.163179432753134,0.0582202115636139,0.0429966242047929,0.071766535104444,0.0589042012046445,0.0617740177872503,0.0198937871525046
17055,7809,0.0496789198464523,0.131809493197382,0.220705379380109,0.160104873981176,0.0666163410586604,0.184634005187437,0.0124585559068318,0.0467841854353011,0.0152042887926996,0.0773968509737678,0.0294782341758384,0.00512887206434584
10423,16984,0.0516663524848534,0.205415783473369,0.247405800331096,0.118030694500137,0.0456544231346682,0.091426469893678,0.0331348849705373,0.034001303959641,0.0267236044853429,0.0171495104839914,0.0966618653498752,0.0327293069328106
18588,11905,0.0510600295920466,0.0946291015418931,0.154246705253943,0.104665243104275,0.00330990799197898,0.0719477141125613,0.0331091251179184,0.0421434710773321,0.130353407390783,0.169237326658533,0.134941480728411,0.0103564874303263
12897,6854,0.0680802286165059,0.209918721779267,0.271050557728788,0.093077121064495,0.0474043487932108,0.0913786118549231,0.0356904095180625,0.0303333078354155,0.0411517787676811,0.0113918328754064,0.0699111363126665,0.0306119448535785
11936,11436,0.0372928959035684,0.227217865750467,0.270253691186704,0.0818760326674126,0.0262698905868021,0.124488469464015,0.0390034348628561,0.015468685023579,0.0216350719805054,0.0120242709791638,0.104428126908261,0.0400415646866667
10954,5411,0.0563001320698385,0.150356859365504,0.329251658540899,0.0693941638090199,0.0536783477432235,0.102234224895934,0.036372090705092,0.0250696226588675,0.0371512159849117,0.0113656761341462,0.10102819928362,0.027797808808943
13591,7575,0.0584907981619597,0.147171487452389,0.255327789100696,0.0787417727251564,0.0265248351588389,0.143289921001353,0.050396798675542,0.0472191636566968,0.0261501210817005,0.0228381942999605,0.0979509641953356,0.0458981544903721
14853,15047,0.0614763484374377,0.0501267178848709,0.220463728328007,0.120406663990803,0.0974308342741279,0.102035974750122,0.0228740089222312,0.038084763787637,0.0551714055187957,0.0428933671796498,0.154202056474989,0.0348341304513283
9706,4690,0.0484089817841026,0.141890366923524,0.329331542268404,0.0573838307637416,0.0485841841728283,0.170388730262261,0.0180453880740348,0.0190519815417381,0.0308042588040167,0.024195577407948,0.0633023639476516,0.0486127940497501
9315,16987,0.0345533026394007,0.100227564586832,0.319885297939453,0.15975556259217,0.0649013807285596,0.093354053656011,0.0317773754076912,0.020726706278127,0.0440698766735874,0.0394125664551507,0.0673199459252944,0.0240163671177232
9866,15539,0.0689442069461923,0.104983133511318,0.0770176597989834,0.0849800353649021,0.0398656461648299,0.158610315033548,0.0203102240954597,0.0572035022266473,0.0351593941406222,0.241479603877277,0.0831990928224156,0.0282471860178046
9165,11442,0.0441263628037945,0.294698151953234,0.252990935044238,0.0680588715480664,0.0197558560132566,0.112644229801584,0.0166268982722929,0.0275561748105974,0.0199983043964645,0.0135580208288705,0.0812822486909803,0.0487039458366208
15126,13117,0.0709871583614305,0.200735848181094,0.159610580001505,0.040209188712217,0.0484854145173414,0.112466470850362,0.0334406446377438,0.0314825965606304,0.0562312674826319,0.0390555474545126,0.154330879369701,0.0529644038708298
16377,14803,0.0667373329269022,0.0363248717176987,0.248375213888718,0.0515026191580767,0.0580555096679712,0.1939752885645,0.0328514553034377,0.0140828338679146,0.0531713169163158,0.0573702454307319,0.178955767213335,0.00859754534439728
16509,11668,0.0383735042322061,0.232507074061895,0.289148659021445,0.107827316338042,0.0157945370305359,0.0801385848830717,0.0684622192609157,0.018072623276112,0.0412928071749484,0.0160980265711689,0.0668373842118698,0.0254472639377891
15527,5643,0.0698356908163027,0.125476563400212,0.265256405590696,0.0906758699807217,0.00759551585551219,0.203191841758862,0.0750964174276292,0.0189272534778625,0.0364181749667859,0.023267729594777,0.0599540063224098,0.0243045308082277
15121,10706,0.048056405492549,0.122527579065814,0.228598550796217,0.0528119009967517,0.0529764661059324,0.132606253863083,0.0455580168878953,0.0407604123706271,0.0547349329735834,0.0473340217149628,0.125669467465775,0.0483659922668081
8049,7587,0.0248110646764535,0.262655546438951,0.268788839760051,0.107375154666311,0.0392973748652239,0.0901875933212559,0.0196763436599699,0.0235918057164601,0.0249959977663213,0.022420815307383,0.0858727707339225,0.030326693087697
18171,11183,0.0502905003056584,0.0199791859760763,0.0336952774583314,0.0352550758265297,0.0202164696113427,0.0398521023745354,0.0512472839994916,0.0200801921315063,0.157803709024184,0.535309750153305,0.0252101906606645,0.0110602624783745
13888,17218,0.0606231201547072,0.148422783132443,0.0884416196364846,0.131982560072266,0.0228758663595348,0.0410284166692153,0.0570263233858047,0.132848682022917,0.120984690865563,0.078656464605365,0.0895772647015473,0.027532208394151
15269,15287,0.0823547014241283,0.186269903067306,0.186502478511726,0.0870107101946151,0.0195279516267614,0.154710273550234,0.0373891502867038,0.0396812578197591,0.0412567972519983,0.0360562799801779,0.0940379490328964,0.0352025472536943
11789,7338,0.0318948425617773,0.158857889425228,0.275563545277999,0.0766864016098284,0.0481451064960533,0.129303949253482,0.0528644437825692,0.0271664459659895,0.0397257338322206,0.0226405894043493,0.094881218624759,0.042269833765745
13334,17702,0.0450535322135759,0.0882263169181522,0.204843527627326,0.142947755665815,0.0221420804853849,0.166268449285752,0.0404910797977681,0.020449772606638,0.0661787632889535,0.0683450640164455,0.112820510403962,0.0222331476902267
16787,12150,0.0175273829274929,0.243344479800895,0.229916406027049,0.0371755728899375,0.0205434452865659,0.188345554491667,0.0540893774149707,0.0187905008590539,0.0247338910667629,0.0254073206996939,0.107466659993392,0.0326594085425192
9859,12164,0.0579598151029251,0.196267082295259,0.270239059463804,0.0660419706480266,0.0275919304980558,0.110573761522616,0.0309116343838014,0.0195177438057306,0.0348759365708447,0.043655472127179,0.108126587586132,0.0342390059956256
14704,9984,0.05293647376987,0.153193142764432,0.14726079530499,0.124561737195103,0.0527842323782992,0.0581172552125699,0.0823589162287547,0.0581915899982886,0.0747603966285521,0.0544101986506896,0.0910353393687092,0.0503899224997416
16918,8533,0.0463458706219015,0.0987296569836788,0.235107703155275,0.131656369645208,0.0136222882592422,0.206222188299715,0.0350156630445857,0.0309904007397234,0.0515188362073587,0.0250499368185281,0.0869908670608811,0.0387502191639017
14993,15770,0.0698650811113756,0.143046971661139,0.202040165869064,0.118385742944038,0.0170396524396042,0.0636583058397648,0.0569363472049597,0.0350935082558091,0.0538064266416694,0.0801432036225881,0.0833996630851033,0.076584931324885
9444,12406,0.037174913369871,0.191671686037402,0.253130371738187,0.0872452721841131,0.0569116877506476,0.189147215240589,0.0342588031247365,0.0158286048830621,0.0413428957604014,0.0231602818296888,0.029916069692298,0.0402121983890041
14703,9502,0.0465983692394816,0.155045945812068,0.276326141895902,0.0977092789845914,0.0391226665168315,0.143117605922496,0.0204487684496347,0.0257824083955215,0.0349229782573638,0.0198324125420576,0.0995868984356817,0.0415065255483707
15960,14080,0.0695327061887973,0.0902343838458766,0.207943127088374,0.0741028918834555,0.0899885891478518,0.112344451188114,0.0250551467645951,0.0775176709181057,0.0431457226290621,0.0794126096178651,0.0924555071719709,0.0382671935559321
8475,12649,0.0439376153988887,0.15053224352249,0.289934481998601,0.146159442259117,0.0277848279001067,0.184886490484352,0.0171222751488371,0.0365365968077739,0.0231144737347315,0.0133971626133534,0.0523832867883623,0.0142111033433859
15271,16251,0.0523919240803909,0.0851026770061001,0.14151828770675,0.0780168596939802,0.00780416989194059,0.246141466709841,0.0190412044618302,0.0545506503896852,0.0450477196522833,0.116917881468459,0.13717523154721,0.0162919273915295
14984,11430,0.0846546970992732,0.160545520577537,0.244976716555726,0.102297441966398,0.0247650116398779,0.117571778408582,0.0312199075542918,0.0141692219580831,0.0530765643761257,0.0617200771475581,0.0725740542749405,0.0324290084416059
15669,7330,0.0622802643479255,0.279889557982509,0.29362225243521,0.0771060704729924,0.0061099681305194,0.0977906065703504,0.0202877795429558,0.0312174773517258,0.0373978568939283,0.024250088751173,0.0384094330965243,0.0316386444241862
14579,16494,0.0426672412173705,0.0747372746405607,0.22961306042751,0.14529125097687,0.0130277520113398,0.125465231864832,0.024595443905247,0.0292429543786112,0.0242392925501079,0.0496693560131152,0.194448606702039,0.0470025353123967
15804,5642,0.0396079151276455,0.0719060885573347,0.131975695729457,0.0540428822125274,0.0133461405530732,0.067435042603505,0.0461764165341939,0.028946712009402,0.0815761134252001,0.404019959136193,0.0400979309967323,0.0208691031147359
8749,11202,0.0738832836880478,0.2019890290338,0.21910836844149,0.0957149109128258,0.0156203311515336,0.0592680133903375,0.0315781102306867,0.0331461490680083,0.0473226407161452,0.0630486158557759,0.0577139514399737,0.101606596071375
13725,5405,0.0395708334296668,0.241292193450693,0.217890843198767,0.10951898324355,0.0302909314914903,0.0959424637192382,0.0429166446066315,0.0297420850205415,0.0463446448728749,0.0166218771842469,0.069456167758684,0.0604123320236159
14972,5162,0.0346182342026555,0.15257535937676,0.278676352088019,0.091379262782692,0.0348253734188626,0.133268189142425,0.0441089417545115,0.0176850963380837,0.0226260426004283,0.016654178393234,0.0893027795961776,0.0842801903061511
9575,8789,0.0451052847965931,0.199389416617998,0.189485681924784,0.161312500619219,0.0116888479248044,0.164287593742802,0.0429980108107185,0.0272960367979776,0.038107368803584,0.0180098848524846,0.0733267283780623,0.0289926447309722
11660,11919,0.0471050316359294,0.0989486580095588,0.246602359522191,0.101647894378575,0.0311348798614336,0.0984436604461055,0.0393121411632693,0.0269763406673637,0.0635049390117176,0.0771174605837597,0.138638935892084,0.0305676988280124
11394,17223,0.0640367403392321,0.130909856300933,0.226071501765065,0.120696837473545,0.0127498164161134,0.113606624604011,0.0441773458590541,0.0306679584778132,0.0610012665477036,0.068253872432685,0.0970216004439861,0.0308065793398581
11229,4446,0.0607208934335933,0.199514146661621,0.233200140324013,0.0601595941702156,0.0289168212551925,0.0914958345174141,0.0540739829327017,0.0140257679262902,0.0549927797386666,0.0307103507494801,0.140025557563733,0.0321641307270794
12914,15533,0.0949458227094826,0.0722122714183636,0.179876914415145,0.104591397489944,0.0240930974334216,0.144894940695316,0.0325419207807202,0.0269357083878313,0.0557593277149749,0.154889008039669,0.0686432404354141,0.0406163504797172
16789,13114,0.0367571568678162,0.136870913567382,0.230383168777987,0.0777927112708223,0.0632093350639002,0.187083639350625,0.0118122314652764,0.0337019440864494,0.0449805426881758,0.0623076401791959,0.0896900123129763,0.025410704369393
11108,12884,0.0573285993070291,0.0527914609544864,0.0824540516548846,0.130342022828804,0.0230853425465989,0.0621687195109068,0.0297577777957464,0.0580205281480284,0.05488759347584,0.0914057946054887,0.333705479557117,0.0240526296150697
17486,15282,0.0231164096846052,0.168573107834857,0.17962546906608,0.0804172285099966,0.052172008171148,0.101380977614128,0.0182383170063608,0.0233488755411402,0.0379070928732064,0.175159354795627,0.111622026922431,0.0284391319804192
9577,9753,0.0757441956491652,0.101667821442857,0.307432879359445,0.0873537292232266,0.0707212914775838,0.130910102339074,0.0335813497123321,0.0164545453018287,0.0206337506493798,0.0207515576280894,0.120412586226667,0.0143361909903513
13873,9986,0.0872798508628877,0.100400373671597,0.127423330838219,0.127778181616787,0.0235844366161216,0.0995816749341288,0.0801638455538408,0.0242156650806753,0.0545403901875549,0.0965253889208828,0.140174854236845,0.0383320074804599
13037,7576,0.0405775442894993,0.190918233460628,0.342109132096231,0.0682489961140628,0.0454211738404032,0.11115690239179,0.0386610436116051,0.0351331882247831,0.0248232070202967,0.0147187527053796,0.0611496825927583,0.0270821436525621
12633,13605,0.095687977179736,0.0303704295322268,0.236073033213766,0.0901632076539572,0.0892072134721644,0.0936851440219132,0.0561501420029458,0.0461692297569109,0.0426931721445832,0.0381871469088053,0.136799937217876,0.0448133668951159
16917,8051,0.0632604887383137,0.0329482638514852,0.170273327604771,0.0832748216803619,0.0252680562611701,0.121492421678107,0.048818883124224,0.0312537987889016,0.0698319906242219,0.224056028117476,0.0775677773348867,0.0519541421960812
17615,10219,0.0225424821784968,0.231663816179082,0.272186174516185,0.0911030105027801,0.0326490049080787,0.0866635503530739,0.0481619947374926,0.0271491716420628,0.0285651955554654,0.0220920285366734,0.0940568210936501,0.0431667497969591
9860,12646,0.0364612941460674,0.276565985711405,0.210839291081389,0.0555306240022711,0.0522210019394208,0.167415437795375,0.0249782431072463,0.0198873031131325,0.0318323831304956,0.0240092310541982,0.077966338733899,0.0222928661850999
11385,12884,0.0726044006360924,0.0557620321137685,0.0331968892350473,0.10976382290264,0.0133061864951721,0.0612288898923898,0.0506299073862866,0.0483775675948959,0.146323280407221,0.0536760070775246,0.329986344712087,0.0251446715468742
13331,16255,0.0905012848240568,0.101759848921958,0.203609709247186,0.100044117631511,0.0458294265291533,0.139654057925068,0.0506572177030156,0.0276574121687,0.0515908272657368,0.0511280392651184,0.0888811751927815,0.048686883325715
11532,16982,0.0557768948447188,0.172268176737571,0.236504000802196,0.0612765167944053,0.0530209647041551,0.183730552522877,0.0167017243054183,0.0472123672943634,0.0228850433242165,0.028409912207293,0.0934750837112767,0.0287387627515085
12636,15051,0.100756582107879,0.0452918664125491,0.132869961800235,0.115183373851622,0.0411702821677935,0.109513876637227,0.0585934225093361,0.0329708879735678,0.0802591643591216,0.0760741158890246,0.183677305178853,0.0236391611127913
11529,15536,0.0417209610443509,0.105583180593272,0.117199730358563,0.083957962479086,0.0322006850427637,0.168237210264812,0.0483145498861917,0.032684902881199,0.0355075578314403,0.0538714573574689,0.246186801142375,0.0345350011184773
13460,11192,0.0325075721184883,0.136200309774474,0.0126859765856985,0.0265483716485258,0.0101334478691526,0.0187746516149873,0.1986522639232,0.0422845928870492,0.0406972192292046,0.198534445994771,0.224747989626957,0.0582331587274914
14005,6851,0.0538847553524327,0.232209334157568,0.306794821150293,0.0583189155174718,0.00951713010773503,0.112425438262012,0.0272845025703882,0.0141941525294491,0.0451533398785666,0.0112689254457701,0.0974036527751953,0.0315450322531175
13328,14809,0.0856335704720087,0.00574934282346024,0.030514027338062,0.027650306007177,0.0103477844529151,0.0358735771381526,0.0719520637320824,0.0155682372328476,0.104097152376183,0.194880131220042,0.407379761120856,0.0103540460862126
15541,12875,0.0578593147496811,0.143988084513359,0.249089295915655,0.152243599964013,0.00775435990384583,0.0888389090594202,0.0707173457481511,0.0240400815883648,0.0270315314583804,0.0404148245127528,0.110261073672569,0.0277615789138088
11393,16741,0.080676341380613,0.10691142676964,0.344454694148227,0.103429111712758,0.0495020518066054,0.103613620429923,0.0251321869030967,0.0156916141902496,0.0546760552994769,0.0326640021344271,0.0589299980148402,0.0243188972101425
17210,15765,0.0659967683934793,0.129085627791951,0.213252836192985,0.114421785091854,0.0384872607444294,0.147776480959864,0.0508696898284844,0.0203091264926731,0.0437519680316606,0.0581311256704,0.0336728264953609,0.0842445043068579
11095,6616,0.0727877252252865,0.139322567702564,0.228254193027724,0.0800314735319072,0.0397260003322119,0.184993254439783,0.0605940947641569,0.023062100924287,0.0654550000938467,0.014972262025105,0.0738696529168508,0.0169316750162778
14300,15530,0.0551651621211494,0.142645231834046,0.207942769406318,0.145243010008471,0.0358595640949477,0.149827808121907,0.0479874078462124,0.040520932489485,0.0347541171973194,0.0363013283369866,0.0752461424113321,0.0285065261318244
15394,8295,0.0290058790946178,0.0926654653229796,0.240303732906626,0.107366324529603,0.0475686627643954,0.0753189096566745,0.0567408663386638,0.0173390060256163,0.0544137162955524,0.0715187305354878,0.137180436511155,0.0705782700186289
8884,9514,0.0572831956401552,0.151597150918231,0.251700115445173,0.0998696556166247,0.0402631015151677,0.129354170250607,0.0381821295364139,0.0234181898935513,0.0225414050927004,0.0291519077346569,0.107899073789897,0.0487399045668219
9296,7825,0.0396784170927346,0.193068309694738,0.19143841573562,0.168156058844434,0.026429496565429,0.168250410083362,0.0203339623796683,0.0253922859070014,0.0369316833822145,0.0202638595740349,0.0656645988381901,0.0443925019025734
15532,8054,0.0662502343207477,0.142213791721825,0.288248806342665,0.0595392789794965,0.0043384994090356,0.130333192087174,0.0650796432755794,0.0307440658765498,0.0605113786508324,0.0241624261713366,0.0837282030297655,0.0448504801349932
16242,16490,0.0488612277467043,0.123224838602899,0.289345709913422,0.0774530432996648,0.0472061903623962,0.116578967459248,0.0524175243100527,0.0292396546843685,0.0614193423041517,0.0383726281092023,0.0717498155826528,0.0441310576252367
16085,7570,0.0464006924229136,0.223903534298486,0.280960212489868,0.0682214478411936,0.00365007692567478,0.0744284717540343,0.0587161283249435,0.0255664805768484,0.0686769074412017,0.00937355497038011,0.106190448951787,0.0339120440026684
12481,6613,0.0582106973345397,0.123947574939308,0.318771204008708,0.112715522425798,0.0345232235759973,0.154649036379665,0.039229069537067,0.0187597987382778,0.0296992005701201,0.0173580689847797,0.052849552860594,0.0392870506451457
11514,8303,0.0689400461922317,0.11342183549588,0.125565193352835,0.144072778530265,0.0170380887116906,0.099511580473282,0.0464731196799913,0.0418888376078049,0.0948828564957943,0.0718154989280825,0.138825906022861,0.0375642585092818
11920,3239,0.0599929093870406,0.163236723599074,0.269721912881175,0.111896872361215,0.00878262724464766,0.0790919815338731,0.0565107673692837,0.025253200621769,0.0374048555981664,0.0516240644082248,0.116560269838619,0.0199238151569117
10550,11439,0.0471011509581992,0.160577482410153,0.223872805026982,0.12871119690597,0.0079063098567491,0.0999011185503477,0.0380316175656783,0.0218503188082339,0.0469511679311262,0.0350842301700511,0.151472253626334,0.0385403481901772
16784,10703,0.036834849890257,0.136828771967139,0.178208110483139,0.141836683102317,0.05408743212693,0.057681279401575,0.0200827427013307,0.0276802386953834,0.0523778375916031,0.098929452710962,0.144709898006347,0.0507427033230161
12083,15534,0.0651206527747037,0.0883258878670971,0.249713721180327,0.0914893595912397,0.0511515971187886,0.0577045216583982,0.0534915135406882,0.0368101395598922,0.0632888262982005,0.044025180239972,0.150033630196694,0.0488449699739986
12912,14568,0.0768875887759633,0.0877400531481384,0.0941446633302468,0.0820402375571039,0.0187598557995737,0.165599238923891,0.0348078634573046,0.0203099635200497,0.111688347127317,0.0834831877001507,0.214990245383512,0.00954875527674904
15689,17456,0.0533568852409999,0.0419705424570032,0.532227971453192,0.127189254606901,0.0218376891136426,0.0836368390428291,0.0242908189432547,0.011911800811848,0.0285891138971738,0.0116108990679751,0.0292453203459071,0.0341328650192741
17199,10461,0.0407849738276399,0.202786576744401,0.265491580742138,0.0740158759472773,0.00983988119118898,0.128660347557395,0.0293148983474422,0.0162829770143465,0.0376452614968213,0.0339718619539489,0.143159248383645,0.0180465167937556
17893,10701,0.0464578117210439,0.181108687948543,0.288801304086481,0.0805173980851231,0.0463836064016098,0.0831911013270995,0.0354788690505187,0.0323020607422709,0.0417944519236503,0.025489213347053,0.0865452941286362,0.0519302012379712
15408,15528,0.0408847985038499,0.147695365457961,0.229157189015119,0.117290575723319,0.0516534807715977,0.105468582552372,0.0246327936671407,0.0432087824549652,0.0533580549941252,0.0532557782861115,0.0768541338312339,0.0565404647422051
14697,6127,0.0538449646594195,0.217622785185999,0.294739348196067,0.0720106807151518,0.0339109988571306,0.0888841693937807,0.0318622370512427,0.0243659551343721,0.0294267216716278,0.018413384107668,0.0848195059912343,0.0500992490363063
11102,9991,0.0582678574772002,0.228544963995414,0.239936886352008,0.0854925112301912,0.02028411359641,0.0672612787833483,0.0429975985168211,0.0218448603345028,0.0439890784913177,0.0352169763712925,0.124818893347564,0.0313449815039312
16090,9981,0.0415019809919947,0.171199145580032,0.188623116050694,0.117785406783129,0.0417995839833533,0.0864866561600437,0.028968721884242,0.0416087858833246,0.0510587317851569,0.050194079935045,0.121184325401391,0.0595894655615939
8196,12167,0.0468541276845206,0.149714197075217,0.286425782399621,0.129504545355799,0.0426135214270315,0.117512060955901,0.0321899834158775,0.0259627000333976,0.0253773061892577,0.0140410705786065,0.0954353006284059,0.0343694042563651
13327,13844,0.0712507902168396,0.101528279207155,0.189151411313524,0.0942983423761872,0.0488266334704066,0.0547447017201578,0.0446647612898108,0.018762814748007,0.111819938496156,0.0726806834143159,0.168804673049124,0.0234669706983162
10813,4206,0.0385818004763504,0.199367037167565,0.294634361524921,0.12050509678055,0.00747557588965473,0.0904748341624595,0.0313570164983101,0.0121549338130985,0.0216249184812742,0.0113754014707996,0.106398796918295,0.0660502268167227
10269,9029,0.0810538023767128,0.105674527908994,0.292877348890562,0.0752629723501082,0.0485567467193289,0.0795024712582166,0.0514898607868375,0.0121194287269699,0.0757273131126191,0.0547511769053383,0.0923527423472898,0.0306316086170233
17481,12872,0.0765269477189763,0.0510262659301895,0.19652542779434,0.120051411403763,0.055783612521092,0.0994364746859761,0.0886750734077238,0.0242889681996981,0.124832195115225,0.072746115377622,0.0800913012930846,0.0100162065523091
11655,9508,0.0644998163029821,0.213215274798958,0.224789805115035,0.127153847197524,0.0140568262742556,0.115957779011137,0.0373453048500294,0.033759399777862,0.0307206946365301,0.0144935259172032,0.0920136337985876,0.031994092319896
14004,6369,0.0642113819091636,0.168620178031966,0.166068256162174,0.0945029690592834,0.0245404519171505,0.10641453471105,0.0533993641152726,0.0346158309077534,0.0586002067210981,0.0526270566478092,0.143987493647185,0.0324122761700935
11926,6614,0.0531314283675244,0.199332575745545,0.299576241684363,0.0644472894555938,0.0236353656711739,0.143142497315248,0.0435192165916852,0.0158452575834536,0.0248575374254044,0.0314899585320757,0.0697924427801789,0.0312301888477539
8474,12166,0.0308308553356011,0.137037468981693,0.268620363249494,0.17028402586646,0.0442156855206581,0.143062325667181,0.016652472568914,0.0250652397904356,0.034030031337895,0.0156002681010094,0.060966356574543,0.0536349070061164
14715,15288,0.0656508001288386,0.116946757090276,0.158236199677933,0.0888160781936855,0.0475673772250918,0.0892217088108453,0.0265784752487709,0.0530718001997749,0.0948951792322455,0.0799170913927893,0.158478471570258,0.0206200612294907
14698,7091,0.0665214066328378,0.166787602377169,0.262432677578847,0.069690917315254,0.00990856134048646,0.0841535345179265,0.0320864236261939,0.0286717855656266,0.0436834132465382,0.032024115163466,0.152557622703244,0.0514819399324098
10827,10956,0.0625280429604534,0.0605415249868612,0.247552958333145,0.15248099689626,0.057421892024097,0.184359814478118,0.0337860952825427,0.0266573946792134,0.0373052865462839,0.0373162765224541,0.0722995413254567,0.0277501759651144
7772,7587,0.0514371419692827,0.174971370388257,0.185457482322762,0.0367230755755457,0.110418029765266,0.167361679522815,0.0676685201957946,0.0345544653451435,0.0444112156070854,0.0151396406276643,0.0854977964260783,0.0263595822543054
12639,16498,0.0713113726283111,0.0571897944487976,0.243883328083106,0.12771171895698,0.0592306868399055,0.156264518153379,0.0221587756736534,0.0332240824746351,0.0286019185638868,0.0387992199791407,0.126185106970107,0.035439477228098
9862,13610,0.072394002840744,0.0203841758044251,0.0381522639631174,0.0559098005836327,0.0113060500199233,0.0397539558940222,0.0647117185264968,0.0281535400728838,0.0883994391152852,0.0812538972048661,0.49324559611499,0.00633555985961382
9026,11201,0.0536893130890227,0.129064882540949,0.150500097080088,0.0768701360563953,0.00429302815785588,0.0891607973676568,0.135704710583929,0.0529609191307178,0.0748531588328695,0.0432052252494131,0.141785820281523,0.04791191162958
9305,12165,0.0536056798257228,0.178422968062682,0.237382576894314,0.0767700252205868,0.0665253528243351,0.0955779712990253,0.039364163041341,0.0171700181930502,0.046383314601772,0.0415776839457785,0.107155776209083,0.0400644698823086
9167,12406,0.054797463694553,0.176094088341721,0.297798569091058,0.103192782482738,0.0110237126789953,0.121410111596757,0.0328744105670037,0.0217109239073677,0.0474816171260898,0.0178095979600706,0.0679367221325976,0.0478700004210479
11383,11919,0.0759244469592329,0.0698382397333006,0.145412419487648,0.121311023010298,0.0201125063555866,0.137821995871096,0.0730105671701877,0.044611420454373,0.0758609018983719,0.0958472295315496,0.131409008378566,0.00884024114978945
11096,7098,0.0660575264630438,0.0862075891064363,0.284498170536823,0.108996934008838,0.0462393005736166,0.105054731931881,0.0798898668299474,0.0234323837855636,0.0780293600300589,0.0283709871627466,0.0616096511525583,0.0316134984184855
10543,7582,0.063297389267774,0.150747719982137,0.241837100489977,0.0959786088858968,0.0162937475867138,0.144916886216289,0.0401995674195502,0.0317650814399438,0.0528388769674104,0.0396849908195601,0.0799097671396755,0.042530263785073
17203,12390,0.0453390551557823,0.222303086361675,0.214647067959981,0.106860138769802,0.0111846269147078,0.126548220189175,0.0385894668570726,0.0191758361259973,0.0331741407762213,0.0466694321987447,0.10277724578052,0.0327316829103206
13188,14086,0.062732540531924,0.172884379349021,0.208534561121508,0.0856937544503073,0.0364435840324012,0.0868961511760824,0.041257416261401,0.0279263876297344,0.0626133350752016,0.0589049721742202,0.118506765783435,0.0376061524147641
15944,6365,0.0428441298830416,0.181559333228401,0.246718272124391,0.109737285853231,0.00733679260748791,0.180322001203271,0.0452332524978006,0.0229941050541278,0.0385746648417298,0.0125246582463953,0.075818252759411,0.0363372517007118
16240,15526,0.060800918074796,0.0552118652426193,0.261228701035519,0.0997778546761119,0.0663576734900974,0.103275092456697,0.0200741229270986,0.0391379917263376,0.0235864685877235,0.130552447523289,0.0905328711155649,0.049463993144146
11943,14811,0.0661997537985168,0.0491699027234404,0.0505392911983584,0.0453169306175998,0.0227510919223616,0.0319286363016756,0.0909973997802817,0.0704954191398281,0.116281394381721,0.16841531807418,0.265030927570692,0.0228739344913444
11672,17705,0.0515376647407889,0.248320022109683,0.176250140925548,0.113206912173987,0.0358948208828265,0.0866293988922202,0.0617668123973638,0.0331267053016969,0.0600299543061511,0.0670444505449206,0.0348567837532771,0.0313363339715365
12617,5408,0.0848874480832726,0.120773071916659,0.241903297352007,0.0721767973457936,0.0684891023836071,0.118207688897028,0.0286521690415058,0.0446025515171836,0.0596497745029493,0.0210378888522228,0.100708329665819,0.0389118804419526
16641,8534,0.0413502168172367,0.174717242648776,0.357344625126391,0.0767716261184656,0.0130012275826858,0.0856097351260345,0.0355852564244281,0.0136945479623482,0.0485164544660694,0.0495100960410611,0.078366051245774,0.0255329204407289
10563,17707,0.0333517796187696,0.139144374914819,0.242798249893775,0.0773896669232118,0.0273511649451176,0.131307612089342,0.0168911573274914,0.0410895339031784,0.0305566969107053,0.096080475347932,0.0997346919892638,0.0643045961363942
12223,16257,0.0533927796812913,0.127824422006103,0.258881582952247,0.0758071738346098,0.0204343142939641,0.120995574059505,0.0233200501170246,0.0249114743938328,0.069327163491887,0.0700958424670308,0.107993072601307,0.0470165501011971
13176,7817,0.0450940696433857,0.2292184514702,0.257017981700212,0.099652326845407,0.0365708318577003,0.101479919412721,0.0678056432536113,0.0157501939899155,0.0276329054002479,0.0300758105464417,0.0656797096529419,0.0240221562272151
10538,5171,0.0467395840655014,0.244923652916201,0.292104306008756,0.0758070778489804,0.0480575435355022,0.0899625657235638,0.0278036719661194,0.0360268948296917,0.0339763468325532,0.0112076819967707,0.051932601210924,0.0414580730654359
8742,7826,0.0426305890463533,0.174946655319064,0.231551946557553,0.0768136978971331,0.0317298816573326,0.0918560718368163,0.0733804378891443,0.0197789636001264,0.0514480461501772,0.0305256836679005,0.0758924424809914,0.0994455838974076
17612,8773,0.0591321769145992,0.00756358145013913,0.11875582143937,0.0521212585780902,0.00116335388894761,0.0571881281222925,0.0308667881529629,0.0119250281878289,0.0658171856636967,0.572518091324641,0.0164568988633353,0.00649168741409636
9017,6861,0.0439844797913696,0.131852831093535,0.231234265097535,0.125411090231885,0.0437588918423624,0.102512793026505,0.0372136786521761,0.0464318208108634,0.0454437594827622,0.0152509141823619,0.114205309683909,0.0627001661047361
10677,5411,0.0528543025361244,0.245159832516844,0.355449946385899,0.0640518231640227,0.0151707227591995,0.10893540340497,0.018133573000726,0.0300399937025628,0.0246691277806541,0.00865566511157751,0.0575527688875651,0.0193268407498551
8621,16747,0.0380443808087735,0.0106309727805343,0.217623215919701,0.0568904663254594,0.0385959076181934,0.119375677286051,0.0237151659951941,0.00592225435164595,0.0856967360585903,0.349706243006828,0.0453275087349537,0.0084714711140756
14849,13118,0.0444684862939245,0.0351581870408429,0.00708913917825355,0.0343076443299783,0.0243403904563608,0.0119286938839631,0.0427234985988391,0.0474210859083818,0.136176011558225,0.109729813932609,0.489988803231481,0.0166682455871413
10123,5413,0.0486223479465091,0.228544538806399,0.225148552330137,0.119373104756039,0.0155940267187888,0.156641687945398,0.030175462578658,0.0176704976187356,0.0408050372424434,0.0143906108663523,0.0740127429824463,0.0290213902080944
9582,12164,0.0259707267357738,0.166557664211663,0.26756993320288,0.135453722369758,0.0206550304133472,0.158910319707663,0.0204646941476425,0.0168859284670666,0.0393111646270293,0.0183065691651541,0.0938282043143624,0.0360860426376613
8881,8067,0.0496801026154036,0.141814994240868,0.291942540778039,0.0926336053470038,0.0281636594758707,0.113291127589168,0.0262131690793056,0.0305233256145774,0.0423059398300877,0.0342960900999789,0.11411096618723,0.0350244791424658
11651,7579,0.0568629222373284,0.148605097645737,0.301462727311281,0.0794750248376853,0.0691133917617131,0.160030650065727,0.0387766366803232,0.0281867895138132,0.0377966924807161,0.0295006776570189,0.0205665464071655,0.0296228434014907
15262,11912,0.0939594623669447,0.143010903562391,0.163836162395794,0.101774201372601,0.0149044351402844,0.0988153329809214,0.0304686277321454,0.0227219109923945,0.0990990593587027,0.0570754981027904,0.136401833776975,0.0379325722180557
13040,9023,0.0398738892015789,0.266807404176851,0.22980545355534,0.0884340757268939,0.0185020668760503,0.117909198621664,0.0429451731488441,0.0342144658690299,0.0305695967285555,0.0326596681966107,0.0584254157526393,0.0398535921459422
14142,6128,0.0407499375219271,0.142478599804822,0.283713481580454,0.135487511963093,0.0208779324577842,0.122734876548369,0.0267119764385167,0.0128422488146669,0.0276890797061405,0.04522890144203,0.0962744594508578,0.0452109942713396
12487,9989,0.0641143488062002,0.10304714200724,0.328851775316886,0.0686902976474722,0.0288778052930516,0.082251536619083,0.0286428092426576,0.0316227624539363,0.0492046172889566,0.0307254228014011,0.0878037958891398,0.0961676866339757
17066,13113,0.0421836764898178,0.0823107883389442,0.297842432433528,0.123782207590719,0.0474666599639281,0.108213380244229,0.0266132927734698,0.019652436749957,0.0272575609634832,0.0989720771638681,0.092114130677494,0.0335913566105621
13192,16014,0.0616286864502463,0.155520449905804,0.236682335349359,0.126920738843423,0.0439735830551423,0.0845137181901527,0.0391542798713611,0.0393557739490559,0.0436635752668299,0.0211327805295147,0.111620182503508,0.0358338960856027
11795,10231,0.0715447849337529,0.16710504109725,0.295254053047939,0.0847687698714374,0.0289135281109665,0.138678924775931,0.0335964354946525,0.0330242657921724,0.0316375110581284,0.0180522040796475,0.0784583049827022,0.0189661767554208
13588,6129,0.0605998918986346,0.111785803935852,0.272158321887646,0.102696571462403,0.0667604772793705,0.192441455089755,0.0218430689055724,0.0215962546178077,0.0436115842432225,0.0183266476425385,0.0705217030437794,0.0176582199934181
11098,8063,0.0464182379322793,0.234840090072242,0.236474036733125,0.0961059425924849,0.0406134222956997,0.107693555255142,0.0302964981234016,0.0124441524171393,0.0398664937619473,0.00820753759131521,0.118006144532663,0.0290338886925617
15263,12394,0.103344014359678,0.0384413448679891,0.0615625893841713,0.0975411998571027,0.0184729335872035,0.0361463555144898,0.0647725973222628,0.0212719764963884,0.0953468749588716,0.186790442967924,0.25375493660443,0.0225547340794885
14432,12396,0.049625925227646,0.0903653750303683,0.0315303032420621,0.0643980046509285,0.0331827663052399,0.035654604530007,0.0722277501746021,0.144686435994831,0.077105283021657,0.0790270253347193,0.27570051168289,0.0464960148050482
11533,17464,0.137628637697917,0.0503051117447571,0.251630293470855,0.0944610318415598,0.0264099742682662,0.134779479335019,0.030943280553678,0.0157333379738921,0.0488343693569974,0.0849558444216969,0.112894123464235,0.0114245158711276
10542,7099,0.0635030556853948,0.131685953035789,0.29743810687383,0.11549094465292,0.0737889322984366,0.0879245386013202,0.0459800914271508,0.0330333190057022,0.0499323672870946,0.0168675466606642,0.0475531732238066,0.0368019712478903
12493,12882,0.0731376712107663,0.111401223308357,0.249211961556265,0.11878989275446,0.0453703024107967,0.128615063467766,0.0321118232166201,0.0274404042934118,0.0421407305769124,0.0405110052935577,0.0804899601380184,0.0507799617730681
9177,17228,0.0734399136555823,0.0503080840074427,0.23251903161863,0.0769425308315681,0.0598264235482652,0.190052982467111,0.0497363697712442,0.0138227394963491,0.0414675940347374,0.101180838859294,0.0808671919008063,0.0298362998089695
10829,11921,0.033003914529573,0.0512965892336955,0.283341002605132,0.145427165879835,0.0350726714511442,0.104783172364517,0.0649390712077153,0.0415219676311833,0.0482945586191883,0.0369650051963961,0.115452573511957,0.0399023077696634
11788,6856,0.062473961484408,0.109634484423368,0.178882865442021,0.125015506872961,0.032003076214054,0.135504126456915,0.0305189673578322,0.0247302766349898,0.0799508120582235,0.0657728523343669,0.0932743241477519,0.0622387465731097
13590,7093,0.0279299711447774,0.253056085736188,0.223922242035806,0.0912580547041415,0.0166995506852247,0.181408152473441,0.0222612020225788,0.0359092080141449,0.0284786031496454,0.00618250781624967,0.0749799794284145,0.0379144427893876
11784,4927,0.0326561888402551,0.196086249835548,0.298657272086122,0.0794666125976898,0.0286227831030295,0.126429473215107,0.0366343880894666,0.0150307284525584,0.0419157172312765,0.0174917958029638,0.102051602289057,0.0249571884569259
14693,4198,0.0731769563424372,0.0683415888479125,0.127243654448723,0.0649763448384347,0.0277201991212443,0.0887727433923835,0.0400397164549528,0.0208834388525651,0.0872997887643127,0.350883228760219,0.0388371420156804,0.0118251981611355
17621,13595,0.0451602305511015,0.187252855168072,0.217476767417205,0.05618523519329,0.046779536810788,0.0694695292241474,0.0198727772845708,0.0240152773205903,0.0379799080784179,0.0748157802944028,0.139453727612541,0.0815383750448728
8738,5898,0.030403737681583,0.22607620325841,0.233953335560102,0.0830179440887928,0.0271874943554568,0.126369054407386,0.0248791270774089,0.0230660953577809,0.0236027297530672,0.0667613648368242,0.0967574731792025,0.0379254404439858
16499,6846,0.0736668779032756,0.156174258499418,0.122269523448238,0.127498493195437,0.0170229435714012,0.0848510541437901,0.0496195341642423,0.0457904873165609,0.0728293315635827,0.16090965655098,0.06750506466814,0.0218627749749342
9431,6137,0.0634996598255537,0.232284482861471,0.281528623527126,0.11017638386987,0.0203908110067718,0.0984802428165945,0.034757503328492,0.030600901457264,0.0235787075909013,0.0147557122158586,0.067212650840209,0.022734320659889
12488,10471,0.0524320950265989,0.235102427044067,0.209483579364302,0.078426271651669,0.0267410168844352,0.125908373040397,0.0548346026735839,0.0447590979479656,0.0357546856170601,0.0230595876444054,0.0763812565938813,0.0371170065116351
13449,5888,0.068049027687057,0.184153948580075,0.262878168428518,0.0992279756655907,0.0381649442951747,0.0895109261294863,0.0493204257049324,0.0240318618275531,0.034276646843705,0.0205136598146875,0.0833109752048429,0.0465614398183775
9987,6618,0.0566327057558063,0.215740950634034,0.276350076575996,0.124646926383547,0.0172119831093464,0.119964362818649,0.0355234847637567,0.0186567622105636,0.0347294306768225,0.00833396455173463,0.0608744854913103,0.031334867028434
16517,15526,0.0699161180296945,0.0910290520909499,0.269258566363162,0.0617076339508629,0.0734321611770139,0.107890720106554,0.0438575270258354,0.0314634753247122,0.0518590861939503,0.04431431007281,0.0906589364112092,0.0646124132532465
12082,15052,0.031955597366764,0.101480421406922,0.0877875038515312,0.135854006651761,0.0126948398930536,0.0657094888375831,0.0819204262253318,0.118819081490076,0.077151771016541,0.0724875922038567,0.128122749508732,0.0860165215478481
16221,6365,0.0517639068764024,0.0972334629960974,0.127640485306422,0.0588066380411377,0.0768162479927061,0.12495835576249,0.0479058256788456,0.0308917702611647,0.0799540400755927,0.223148741225562,0.0582908570950599,0.0225896686885196
10969,12644,0.0629790985048722,0.0573594377280216,0.253208431408874,0.0776674890461537,0.00951245850237053,0.130720597236043,0.0524677283152907,0.036876113862102,0.0738808355254619,0.049568321167641,0.179051454796384,0.0167080339067859
14994,16252,0.0447027501689443,0.0790302085804273,0.259800823808719,0.0760974895831435,0.0488661915679325,0.122724524221176,0.0483433988062007,0.0264333981654354,0.0750984266315885,0.0881787312822428,0.0956295654282634,0.0350944917559263
8048,7104,0.0270744546162286,0.152334546349869,0.182341014206625,0.160210489104889,0.015474656265134,0.198313506605734,0.0348368574802887,0.023695908670946,0.0223918619864132,0.0214613906046034,0.0976452508228937,0.0642200632863747
17895,11665,0.0546784426864323,0.154403321023617,0.140991540055327,0.147426649012204,0.0180316909140126,0.110935304835742,0.0369094002452269,0.0258887396417693,0.0444748502638523,0.153118630515838,0.081631260594632,0.0315101702113452
9437,9030,0.049781065065088,0.234082105303307,0.309013991486094,0.0688837238766661,0.0196920518003345,0.0910536547425204,0.0534714495393011,0.0343571868968008,0.0240097596012506,0.0186105831518737,0.0671114026313467,0.0299330259054169
12613,3479,0.033260252101133,0.228145260077171,0.223390141010245,0.0840999354221984,0.113166308489779,0.10533754347262,0.0142387836296637,0.023498258005724,0.0287102722548271,0.0214071723849949,0.0888415283622485,0.0359045447893951
16366,9499,0.0394021921605536,0.148800502810334,0.325954553570312,0.0433770389206329,0.0293948406998021,0.0723545148355159,0.0682985094505659,0.0204529237923568,0.0611533584408526,0.0792712841077789,0.0874467926543846,0.0240934885569108
14303,16977,0.0474438517384775,0.29301859093785,0.0833958262283962,0.145065356649412,0.0257575339232553,0.094991611758356,0.020737249358328,0.0448641556124877,0.0319636396329654,0.0681229694747434,0.111946246938903,0.0326929677468251
16375,13838,0.0623645189932155,0.101709715287587,0.267702215448746,0.0671140064882665,0.0699415302886286,0.164331428959442,0.0216234967675306,0.0807231572055037,0.0219615221123554,0.0432324143808281,0.0675826711947575,0.031713322873139
8608,9996,0.0612584225396489,0.239342817310295,0.256296533672012,0.0854383079530333,0.036791874462623,0.0828331398944681,0.0419816417911762,0.0283419516740601,0.0234850188883188,0.0198996651478068,0.0890633093804251,0.0352673172861325
16792,14561,0.029293276801108,0.136580913735633,0.222672336137584,0.109595606064007,0.041514463285715,0.240962148274133,0.0195574327243449,0.01540740598304,0.0278188608337054,0.0300592469687428,0.10001391129933,0.0265243978926579
16921,9980,0.0388770190235621,0.143979754839989,0.288263956911406,0.0587114511562288,0.0394882825940988,0.0823581950814582,0.0360820325207301,0.0253665759438559,0.0733058034615163,0.0631573002045027,0.103864093867092,0.0465455343955608
14417,5163,0.0477706088685566,0.187076130975597,0.294369881126082,0.0911862743121629,0.0198411694500656,0.128748151397747,0.0269615835578295,0.0371897702701991,0.037977069749257,0.0280595926909238,0.0773314814358953,0.0234882861656843
9845,4931,0.043272608476763,0.163267417065556,0.356621287807591,0.0634471731640195,0.035219937592178,0.109572486245019,0.0477952658842953,0.0224100768021418,0.018801812692693,0.017385439807939,0.084414080253325,0.0377924142084792
7913,8792,0.0719469365079267,0.14598781047458,0.0985543729040067,0.103580383520292,0.0322218683248006,0.113008571957876,0.0764635959633002,0.0174842089098066,0.0661442549274253,0.124448300895765,0.118095213431197,0.0320644821830245
13447,4924,0.0534051304123273,0.248450990711237,0.261058072108288,0.086319144195211,0.0158372608330703,0.116329548640428,0.0348776317019224,0.0292031224522722,0.0405764256661782,0.009954952893541,0.0788372897754477,0.025150430610076
14291,11190,0.0808833517185371,0.110831564915921,0.219407493202717,0.0494604606564021,0.0273472878138451,0.115715625446419,0.0429859892866785,0.0259425852138117,0.110532495402088,0.0615332161343041,0.121757970485158,0.0336019597241188
12480,6131,0.0407090217889565,0.139626977664738,0.403648322854036,0.0612031148983823,0.0237142408002861,0.120463248348778,0.0685754185105859,0.0185198878233674,0.0208323039021163,0.00974456639079828,0.0502480482007714,0.0427148488171832
9168,12888,0.0259666152192275,0.191513145834489,0.257347426267743,0.14221732095182,0.036246758050386,0.0984887121214915,0.0400180646924351,0.0251495264234319,0.0466574083921671,0.0105606851982615,0.0732906925431563,0.0525436443053919
8190,8792,0.0607345369362187,0.183343548967284,0.235292712734473,0.0464996331651452,0.0225690757673459,0.0998718990851762,0.0503243509155349,0.0188588849721937,0.0751753016681235,0.0472533026978623,0.117846915461266,0.0422298376293772
14277,4440,0.0388067023648522,0.16397959766065,0.248813332118548,0.154752902730587,0.00419128008086967,0.143289712755924,0.0298162044030875,0.0297832533738218,0.0365464757761008,0.0314881237178236,0.0887075443860036,0.0298248706317317
13030,4201,0.043926368284797,0.0778918071333556,0.238843961026618,0.106927041688097,0.0335360816515897,0.177363627014687,0.0526464442005741,0.0254261259325882,0.0535872246992006,0.0489571930530671,0.0915755346109455,0.0493185907044811
18035,12388,0.0854630106695895,0.0146035164193302,0.04846156360014,0.0244659083119795,0.0410562747704129,0.0860721611956595,0.0451573125645054,0.0282170924598955,0.0331715055365222,0.473247011903538,0.102475331663082,0.0176093109053449
9998,12404,0.0486061143318508,0.165543672673494,0.308804394980818,0.109301342968195,0.0359887351588538,0.0854787249518192,0.0348439002431255,0.0268435766120119,0.0568018478680635,0.0226715246298195,0.0759701560847672,0.0291460094971815
11922,4686,0.0361273259114423,0.281139515889006,0.231685318272857,0.164800204943367,0.0220019618511616,0.103468592578865,0.0316024388570161,0.0279884217100385,0.015866251608955,0.00882917669673112,0.0570583934309634,0.0194323982495974
16934,16248,0.0557204479415187,0.144465944410849,0.291630990790949,0.0811086572056157,0.095341799481889,0.174852616662255,0.015104506785746,0.0246018300369012,0.0307008473774961,0.0135575149937932,0.034487718042325,0.0384271262706616
9570,6378,0.0501998858564262,0.2638168517567,0.222192089459338,0.0542325207841597,0.0708654414706004,0.106644515623907,0.047463964531219,0.0313368205010324,0.0291038738034669,0.0104389854024894,0.0657707054803192,0.0479343453303427
13586,5164,0.0415083286920598,0.139434156493513,0.282503522410838,0.0957013023996794,0.0169283030352945,0.156116854272386,0.0252829103925125,0.0335636697617121,0.0426378458660173,0.0252563661685165,0.0645302007329377,0.0765365397745325
9015,5897,0.0459433269142809,0.236212986198098,0.410772169408827,0.058205390051928,0.0251845288201161,0.0829144224326351,0.0135437574636571,0.0176173217039556,0.0161044313254314,0.0122726588043147,0.0532525515352776,0.0279764553414781
10282,15779,0.0366394557817135,0.237675918100574,0.204185358438755,0.0773107776579513,0.0334310971712121,0.120275420704247,0.0513954888655251,0.0219097488616376,0.0575018976035798,0.0184060537161058,0.120399952841235,0.0208688302574637
12908,12640,0.0665828495632896,0.17264364297686,0.281806116335823,0.114755034383612,0.038348188294677,0.0732139070014612,0.0358863307766103,0.0283797789176616,0.0404052752656605,0.0244258373804926,0.0742413788545558,0.0493116602492974
14986,12394,0.0449492433554848,0.0636982812545827,0.0392615669489762,0.073725986268551,0.00682617424326169,0.0761821545826987,0.0686269714262976,0.0689109964944534,0.137820798969952,0.0859581585092402,0.323487513615886,0.0105521543306161
7914,9274,0.0566111779689824,0.215898076674049,0.259784992009721,0.0542134934307803,0.057205696488935,0.130480885073822,0.0350671626951738,0.017078701391409,0.0379502481785835,0.0264089499623512,0.0778674019707709,0.0314332141554222
11786,5891,0.0517191120586191,0.168226844632379,0.294283348154273,0.091756506058427,0.0139651653627286,0.134972155094064,0.0449087954169931,0.0288296328093965,0.0428341092672037,0.0165341229607303,0.091101381937861,0.0208688262473244
12635,14569,0.0539031715734149,0.190046586498123,0.128331417168854,0.122399144277067,0.0504782627341861,0.0888215994641615,0.0403069503536648,0.032857108554618,0.0435598592891264,0.0666722807811087,0.154404745767218,0.0282188735384581
12074,11195,0.0482806222555891,0.149067741599654,0.248102762999169,0.0838563695851914,0.0423681173119329,0.118680135023533,0.045951785240189,0.0133058104301916,0.0506140503114225,0.0261586279979677,0.111492377558077,0.0621215996870821
17891,9737,0.0527639316313645,0.19558812433814,0.139069301599396,0.075619931470382,0.019544959837125,0.0623900410405511,0.04912498902534,0.0394912719698998,0.0741139976609921,0.184008848773756,0.0714666245671391,0.0368179780859138
15677,11188,0.0412225823762618,0.206855626631909,0.263314018967336,0.136160381771089,0.00610401861810393,0.0813340798216696,0.0254603794093266,0.0390081467426376,0.0238201226842482,0.0402201162366745,0.103772517765099,0.032728008975644
12899,7818,0.0570702955315505,0.140361069064537,0.339383241047254,0.100381232797049,0.0241306446138931,0.149776386348536,0.0266010698952725,0.0308289852038366,0.0262266133070202,0.016265755735668,0.0611283100821507,0.0278463963732331
8201,14578,0.0610991351345322,0.09688527500529,0.0708144288044178,0.0894905428177948,0.0209234570934238,0.121408347229513,0.0500320800519161,0.062696561993171,0.144093078915131,0.133416981912978,0.121339464495127,0.0278006465467049
14832,4439,0.0417062457675195,0.0299821669113146,0.145237324265941,0.0619060895108842,0.0485564748027067,0.133043154687251,0.0269880904187604,0.0208813483870434,0.064258359323633,0.380454184099241,0.032831088061356,0.0141554737643484
14021,14566,0.0737223848764772,0.0418280376902137,0.130406655991157,0.121856107790684,0.01929408241954,0.0471301539587289,0.0770727537645986,0.0313099974280613,0.158841142589975,0.175048450995671,0.1001401028638,0.0233501296310947
14562,8297,0.0389421646238729,0.148039513060681,0.279619014264143,0.0787675833772143,0.0312466996977941,0.200786871372875,0.0341952342826962,0.0258051382176636,0.0286230205181997,0.0352071984822711,0.0636665802501747,0.0351009818524146
11653,8544,0.0740046284615916,0.0452477413718704,0.180692847540532,0.0793179417907995,0.0185741091435909,0.121480488408706,0.0774773316174491,0.0254705747691108,0.0792963167906722,0.117517935182705,0.153700072758742,0.0272200121642305
11380,10473,0.0472886188018962,0.195175929187692,0.29883994226551,0.0869433568588614,0.0473977018547346,0.0806106749015301,0.0226747038269323,0.0214670251754199,0.0247931136284852,0.0244599818400568,0.0956120902347825,0.0547368614240987
9581,11682,0.0744239735445437,0.166504715473439,0.23419450996969,0.0688254595637108,0.0366909525944287,0.135217821903215,0.0327803748497324,0.0298050667704966,0.035683934443538,0.0259062386787442,0.1111371535752,0.0488297986332608
16931,14801,0.0398415996496237,0.176785573016586,0.278261641170071,0.0849767649472285,0.0292011305466095,0.104239950194373,0.0472752120248005,0.0423561347678445,0.0458002732596659,0.046205904325678,0.0716613377734375,0.033394478324082
18590,12869,0.0601365552224136,0.0782600973662434,0.202607013196075,0.0750185702632946,0.143956540998601,0.0895734132112596,0.0188537016078885,0.0156898783816631,0.0507885064634662,0.0914120735730237,0.1664597776501,0.00724387206597118
14980,9501,0.0326834437554043,0.0868501216572356,0.28905728148753,0.112262378931344,0.0119576746134093,0.172586204363354,0.0448325437406119,0.0216527434135586,0.0387171378449507,0.0696805608826081,0.0777962845163595,0.0419236247936331
10823,9028,0.0736039127857872,0.124450801801718,0.246132389359088,0.0931186512645173,0.0698700911522515,0.0951219179209102,0.060279679417253,0.0141272070330776,0.0563926959870622,0.0345622530543229,0.0992775838717918,0.0330628163522207
10956,6375,0.0334312737890384,0.22030725044182,0.337590216754163,0.0632482312281163,0.0210770532051192,0.108957251454885,0.045675256082362,0.0183887111527066,0.0481453071166922,0.0198217674835405,0.0531647748789861,0.030192906412572
16101,15285,0.029044929248199,0.125655513574959,0.284127592232127,0.103078977420764,0.00681692472639293,0.0968136302830252,0.0545434154965932,0.0374810546953634,0.0386294941773129,0.0318087724765819,0.166970665249018,0.0250290304196628
10976,16501,0.0573759184114277,0.278297164389924,0.231441054435061,0.128779181390895,0.0117387198200507,0.126312705682258,0.0306941960507763,0.0250616594610863,0.0445166783632845,0.0137284888830117,0.0326294568872275,0.0194247762249966
12770,12881,0.0701458282221828,0.0616996113301218,0.188084809794723,0.153405197453155,0.0556239781032445,0.164885116698533,0.0429298639107765,0.060020879147301,0.0455257901791957,0.0258747956608388,0.0895063762840058,0.0422977532159229
13052,15291,0.0488000143972475,0.210358929911818,0.113711716815982,0.113171058489261,0.00548645346062012,0.0839072923971046,0.0731331469831856,0.0659684322756749,0.056945068460638,0.0794150764775035,0.117303201625947,0.0317996087050174
11519,10714,0.0578686047067665,0.183259480283775,0.279516897369521,0.0989554752963879,0.0284324768463767,0.122470690371422,0.0296130002832602,0.0340675114274624,0.0615910567683104,0.0141991460452345,0.0598626283277085,0.0301630322737742
15112,5885,0.0237793813023523,0.25951187922481,0.329526392899259,0.0730270212076122,0.0138137605568089,0.113053537102417,0.0353016352446423,0.0240722344971304,0.0254089377149857,0.0127219385202716,0.0551116753522833,0.0346716063774276
17618,12148,0.0570251762467473,0.0702938596337805,0.0978340069412414,0.0851994159366501,0.0184262974947394,0.125911870593262,0.0391414971341057,0.0297458512361807,0.141109560432947,0.180891114470057,0.132933886198155,0.0214874636821345
11090,4205,0.0643363526139245,0.218508379067431,0.291657549942071,0.100878827390365,0.0292077566315656,0.0920774125130655,0.0244766710310037,0.0240083084440231,0.0113276585833471,0.0155132690847403,0.0864154948118786,0.0415923198865847
17198,9979,0.0468036800469189,0.146426861361717,0.233929334458639,0.0904971440249273,0.028274751082491,0.179561231015334,0.028422184800136,0.0351631545884871,0.0526403939514851,0.0271132256763838,0.0926589395156314,0.0385090994778496
8599,5657,0.063855007670673,0.0962910268403841,0.182978089453113,0.0941309904984375,0.0199418644617883,0.0535301614627717,0.047521977696535,0.0326192579234448,0.0682132078294477,0.238058531573461,0.0471834656284506,0.0556764189614924
14558,6368,0.0499137052961108,0.137417053944462,0.232945245472867,0.0942746314004743,0.0352584609702765,0.136435090533187,0.0308690204530651,0.0362127928275684,0.0396856415078365,0.0748888236148246,0.0861558176565308,0.0459437163227968
8062,14337,0.0211924564060206,0.0423759306165049,0.0422925842819705,0.0669944201617957,0.00993946191886043,0.0559723526391145,0.0946374168801268,0.0530226963630522,0.0677452990017304,0.360888491331312,0.176800436387019,0.00813845401249252
13745,15049,0.0683292436123244,0.0979904416016401,0.193650328600031,0.166525830783316,0.0374626077252086,0.0838107774604747,0.0327234888974807,0.0330070711474766,0.0692855448614126,0.056780683905604,0.136156524084082,0.0242774573209497
14276,3958,0.0388161449052148,0.130752583678955,0.0870443592007987,0.0645566436023002,0.0373620117305227,0.0765285744978893,0.0555056696403741,0.0552647073155392,0.0727374246900965,0.306862787008995,0.0527556517586117,0.0218134419707031
10821,8063,0.0339377967184938,0.205737457395816,0.253231570305499,0.0437644542247337,0.0115646309496517,0.0986084692116635,0.0481141498542738,0.0331218724342431,0.0629697498691457,0.0429041285763921,0.127017484261016,0.0390282361990707
11921,3721,0.042143642824319,0.196272446293975,0.2820360688296,0.105240926762185,0.0639763409960332,0.0965022472477456,0.0302720892558029,0.00852675046630043,0.0325909814015213,0.0145046208290542,0.0945383960274488,0.0333954890660145
17068,14078,0.0243300428004531,0.112927658600395,0.182651348013058,0.0848341111899039,0.0800217907507756,0.166273090244646,0.0331748004413561,0.0622158999220543,0.0523123284822128,0.043240195719935,0.112914924151991,0.0451038096832197
7785,14338,0.0875950972530653,0.155332708376491,0.176245469691431,0.141070670915527,0.0172591174723205,0.073284923564835,0.0651699239435836,0.034101977511642,0.0448493893831766,0.0835008631346444,0.0930024674214019,0.0285873913318811
12619,6372,0.038675747676236,0.181251673888426,0.308830849322831,0.0709809738691483,0.0514253439027716,0.0928706115669875,0.0407539066219448,0.0307558044968956,0.0236551821312899,0.0187658583040851,0.0977284053119562,0.0443056429074281
12341,5890,0.0233100189975689,0.123984801077793,0.358000681554569,0.112304031920495,0.0407481645556545,0.0672295311797757,0.0757704854734531,0.00903637282139017,0.0378287927207895,0.0132137759881163,0.113401160637524,0.0251721830728717
14283,7333,0.0488874502757569,0.206669558390775,0.310123437694707,0.0634466159012498,0.00635072328278753,0.130119072699109,0.0478239039406935,0.0204321261518266,0.0342452535932899,0.0231063672750146,0.0600343434219402,0.0487611473728506
16925,11908,0.0220953435330867,0.220567322414918,0.265323479686067,0.100758344717917,0.0232209441186305,0.156714589007526,0.0595565576886837,0.0152802000027557,0.0415123768274925,0.0185792122988942,0.0506004506851356,0.0257911790188939
12621,7336,0.0381432087624056,0.118507400373615,0.250858252532274,0.0953793990425178,0.0361565826479949,0.098972342413606,0.0705365115750146,0.0192229338724541,0.0813756836879065,0.0553416321224312,0.1049646656817,0.0305413872880804
8606,9032,0.0767510975266902,0.149285083250134,0.269691183745107,0.0798678882323003,0.0194587504218515,0.142592870725279,0.0331359496898986,0.035534663111181,0.0286958640650581,0.0251856665322333,0.0781687416922369,0.0616322410080308
16232,11669,0.0602581202775993,0.183396815347996,0.349079114793046,0.0932201278735732,0.0322649679309751,0.0661395659679767,0.0409245463619892,0.00761794610230728,0.035947755418344,0.0270920198935703,0.0777474599754793,0.0263115600571438
7783,13373,0.0281612399692733,0.119151347419963,0.120799877690218,0.0780080557725375,0.0187572378329884,0.130305417083022,0.0178315410888875,0.0193467428899785,0.0717362962377066,0.332390473916343,0.0531308286303364,0.0103809414687462
13874,10468,0.0471366394910914,0.114133517091953,0.299594994738385,0.04010089108175,0.0329901856661443,0.160361642958972,0.0460237620251804,0.013352301627096,0.0476192400116399,0.0260372901038895,0.119850478154857,0.0527990570490412
15268,14805,0.0466064588916864,0.171746352149662,0.228228883692498,0.123397029274312,0.0981380254282267,0.0844332983797537,0.0354379228515123,0.0251652525619779,0.0639795121400722,0.0162720467992856,0.0771929094310137,0.0294023083999996
9716,9994,0.0760675515516245,0.205032869500178,0.220876728120985,0.112035532414805,0.0219705044246881,0.0727097513752889,0.031031653424936,0.0201836401169629,0.0820293818349563,0.0320543712290703,0.0965594792818283,0.0294485367246764
17487,15765,0.088024723475165,0.0277330366204268,0.16057760403649,0.0288667188838354,0.0256628556349513,0.0438272499952077,0.0774564774647431,0.0145885353789787,0.131089751682438,0.324350927231532,0.0532930683643468,0.0245290512318847
10550,10957,0.0412419652143191,0.103076056891981,0.249080624291568,0.135026284974045,0.00574012785567865,0.175630706354486,0.0379597501024175,0.037916943379402,0.0344804942499677,0.0840759044342244,0.0660041689713146,0.029766973280596
12476,4202,0.0423720048839039,0.291931677781238,0.280556998760611,0.0910318126129468,0.00245693395709501,0.0980215121471357,0.0217174996685153,0.0205383777775603,0.0228789703793002,0.014287385260489,0.0940031201300984,0.0202037066411067
14695,5162,0.0274202340976652,0.255000776397408,0.257331584592158,0.146469926553295,0.0166838966312464,0.119640197023954,0.0197646926199788,0.0234155048330122,0.0161925747707196,0.00910275128854467,0.0805227052426881,0.0284551559493296
12909,13122,0.0428026247273378,0.110494082063844,0.209263831831818,0.208942180934469,0.0395516382161989,0.178561203183749,0.0311424325345386,0.0218563347001719,0.0375108448615326,0.0297117828504132,0.0626961805915111,0.0274668635044155
16656,15766,0.0596592909923703,0.0320443216861537,0.137810797690267,0.0584626827598383,0.0635036069141919,0.0579134307573687,0.0421684438967736,0.0618914272036099,0.0809100339145151,0.155674735445203,0.214453848319425,0.0355073804202836
9731,17227,0.0448812113436986,0.229511775149268,0.303516659993142,0.128275379829058,0.0199363122030926,0.112747365980404,0.0285054282089676,0.0157434825967772,0.0191747693613475,0.0114551151700901,0.0371986957355566,0.0490538044285977
8600,6139,0.0746613044898057,0.140658336624416,0.31194858925878,0.0697730788150351,0.0435930249480082,0.0995375166795882,0.0256645235787801,0.0210502052687549,0.034918255462181,0.0492229443415559,0.100939413410324,0.0280328071227712
9300,9754,0.062624179560199,0.161367254266218,0.302713604066545,0.0914389165518176,0.0429465855973769,0.0764631873571526,0.0386768233030559,0.0190504897629735,0.0329885227667914,0.01460134971255,0.0896840862923552,0.067445000762965
14436,14324,0.0653265024411189,0.0784826672497395,0.221059879027669,0.154288609252179,0.0224046133511533,0.116421585142739,0.0223517061169747,0.0408069750044768,0.0356628562347821,0.0699581315424763,0.130157176576361,0.0430792980603306
18039,14799,0.0587428857101895,0.0641764435150942,0.22828681469669,0.120228818049324,0.0249635928319472,0.182128345149789,0.0527056053668516,0.0164793723333791,0.0539857855766445,0.0558090648760883,0.12177401100983,0.0207192608841735
9725,14334,0.0277283779309815,0.133431286555578,0.282420085995014,0.0894931678424066,0.0562240012571727,0.185144014332406,0.0376910329290867,0.0250400415433039,0.0289218412979154,0.0374744176835076,0.0737279135877581,0.0227038190448692
16365,9016,0.0373857855406117,0.212787139208224,0.290034288099563,0.0758345857275551,0.0135878371077319,0.128935068738857,0.0209909815661663,0.0135529275254065,0.0443376693690964,0.0299474692162284,0.112051841908724,0.0205544059918347
9585,13611,0.0816663702629551,0.185856159848213,0.241477717450808,0.144368420329675,0.00940449589695939,0.118102431388485,0.0368462949164395,0.0223860769071807,0.0464584185359527,0.0169233483780205,0.0785418596183854,0.0179684064669253
10555,13850,0.0622058988461196,0.0479182127198821,0.0492492277698627,0.0610918928148369,0.0243368583450989,0.078147982437267,0.104296839397304,0.0553136506444939,0.109613611747795,0.044310899530863,0.329985393839565,0.0335295319069117
12344,7819,0.05642554510478,0.0744064473271799,0.229402779589147,0.0938766336072489,0.103389072333698,0.1158308359513,0.0396746644145095,0.0210731750339456,0.0650559629427887,0.0347634317228516,0.11267200133431,0.0534294506382406
9310,14576,0.0710181837752225,0.174991262373315,0.305728104844258,0.0842065349632938,0.0613282076747076,0.116846619527507,0.0237924980833188,0.0254096117342708,0.0333851285153611,0.0259737725754642,0.0532530462919187,0.0240670296413621
12198,3721,0.0272751524959341,0.159446752345394,0.276548657031277,0.151239818803493,0.0225614987851577,0.161014104393986,0.0228225700189433,0.0233973668665889,0.0371466614939046,0.013553982335807,0.0695575331715367,0.0354359022579782
9019,7826,0.0579710117972574,0.113538293027534,0.232644097502391,0.112580404931323,0.0624527871006567,0.16803793315788,0.0283735002844703,0.0667320950144526,0.0300552851940593,0.0294236122986312,0.0547091807973406,0.0434817988940033
13454,8299,0.0611534572750765,0.132594358412771,0.311465357657314,0.0757865204361885,0.0153681774852202,0.118012124128904,0.0234459011488924,0.0325933620544574,0.0529532590677452,0.042207439562622,0.0784774618236583,0.0559425809471501
16513,13597,0.077293234303436,0.0796464736009262,0.0892541108381236,0.124762029384083,0.095064848261363,0.105761312136792,0.020845135163432,0.0928571288066695,0.0647708978588104,0.128397860033438,0.0782453215634189,0.0431016480495076
12916,16497,0.0573454413986347,0.0635975271827769,0.223809138965291,0.180283590817739,0.0333332786812909,0.132692079652732,0.0678486256052697,0.0278668154753277,0.078621176505876,0.0400505398415832,0.0689311875956412,0.0256205982778374
14416,4198,0.0628122196301655,0.263893262127503,0.154219437365781,0.055806752877691,0.0823953901387453,0.107728829714277,0.0405684560934742,0.020838283172953,0.0452983393409075,0.028875798917528,0.0776848618666241,0.059878368754351
13313,7094,0.0468353973651721,0.117350537101449,0.322862064186824,0.123787983218543,0.0101621083616425,0.126241510668511,0.0565301855490185,0.0197832026844579,0.0589355175668001,0.0205021657536136,0.0692225758144574,0.0277867517295113
8617,14336,0.037738069866351,0.271610118105331,0.247769802973137,0.137854815940727,0.0297262816134476,0.0761213491023789,0.0283391423968563,0.0367134107657373,0.0284895826083798,0.0104912607028272,0.0616983272018948,0.033447838722932
10824,9510,0.0551910984465614,0.188669143415784,0.244209336958682,0.0839705126917794,0.0307090713517461,0.202035754385466,0.0451750901178326,0.0257896346951875,0.0194548288196026,0.0343471528353409,0.0430658389283321,0.027382537353686
15117,8296,0.0679678834502649,0.145718712245423,0.323985775404335,0.0578893484561086,0.0258655584654856,0.0829219225944547,0.0586974241286467,0.0206227984803558,0.0495551295800019,0.0295194916287952,0.0685593802998953,0.0686965752662326
14417,4681,0.0506558151590128,0.169884790653739,0.335818135810388,0.102560711062725,0.0170816062245203,0.121254460674499,0.0330747887309599,0.0198993346032929,0.0199936671808387,0.0241947726445081,0.0802859083115955,0.0252960089439214
10968,12161,0.0673420900891485,0.0947831172892011,0.196588511187307,0.0990276641535327,0.0564087164121375,0.149422134835577,0.0282312096032128,0.0247998542553314,0.0496001029432111,0.0441762101653305,0.126994719041041,0.0626256700249697
14442,17217,0.045037269892294,0.118460029733641,0.177970739615535,0.0768297361024861,0.0467099596865924,0.0768958188969472,0.065491158270575,0.00974903268350659,0.0663089480664867,0.0516285715468501,0.210104282012854,0.0548144534922317
8610,10961,0.0532505383041229,0.192758009192578,0.313641361396278,0.115267290653008,0.0225367560893535,0.108948470848819,0.0349414715832809,0.0219863322475311,0.0250204321075934,0.0144088598690927,0.0427804179995272,0.0544600597088155
12771,13363,0.0677573981082406,0.180210446006941,0.181996202949673,0.13158339171733,0.0660630501721322,0.095060479807196,0.0324912256472114,0.0370750909231835,0.0376065681247546,0.0277493700323732,0.107191762269338,0.0352150142416264
15254,7572,0.051881927818775,0.180585410717588,0.275002525357546,0.118535467245145,0.013995178802692,0.109616879793378,0.0351534478352494,0.0162932748276503,0.0469959762009075,0.0408417912885885,0.0798415871717884,0.031256532940692
16362,7570,0.0491003292575942,0.218145295545033,0.267014339488312,0.0810304737642764,0.00488337971883362,0.0941848626331215,0.0365835869396449,0.0220287538212906,0.0254183572576184,0.0376797728992575,0.123344047448334,0.0405868012266846
11798,11678,0.0579553447861353,0.160028807232891,0.191684603609132,0.0854173700179351,0.0640510093039423,0.157849957296547,0.0347512593002938,0.029777473743703,0.0297684942250568,0.0236952957550027,0.117988077822747,0.0470323069066143
14145,7574,0.0303136768283689,0.213987426143312,0.283672399469609,0.0677390862634717,0.0247701717995729,0.116020237844299,0.0249029369151386,0.0169703713043033,0.0362893386718527,0.0184576312854638,0.109417365895642,0.0574593575789656
15405,14081,0.0801760630949206,0.101696940905033,0.181868557275764,0.121365119564181,0.0729464300318717,0.124632682670729,0.0404718786277463,0.0307163209456029,0.0865034152306268,0.0454745943033597,0.0920621011882804,0.0220858961618851
9713,8548,0.02473254478079,0.143286606588749,0.263877022914975,0.135558498948922,0.0195458740894357,0.0949180835092612,0.0497012422329559,0.0209688629517989,0.0539928339964057,0.02602371481935,0.111943749087768,0.0554509660795878
15675,10223,0.0327723134803081,0.213439422884202,0.281270217512747,0.0855294145727547,0.00849165351871199,0.0653818560673915,0.0158004052052348,0.0333921563563436,0.0364695315768594,0.0465290571743072,0.131069375115751,0.049854596535389
12637,15533,0.0753655905603692,0.127441455261363,0.206146504076156,0.131682791149525,0.0178589581742408,0.0963846407244404,0.0725511961086951,0.0120584998695767,0.0557164501472496,0.0550963697146746,0.131177436202887,0.0185201080108222
10283,16261,0.0457570787445679,0.158685553052918,0.229867830455723,0.146800853462935,0.0250869720750632,0.110750441872736,0.0446103205400028,0.0386685852817605,0.0619102742765685,0.0391488434030431,0.073549815974528,0.0251634308601544
11381,10955,0.0684601372806798,0.187161240106106,0.213779414358871,0.0892978128833737,0.0203757801100298,0.0849697790077778,0.0315435507754611,0.035420271201875,0.0670906677740284,0.0576620831863083,0.115192533991738,0.0290467293237511
9301,10236,0.0669272517221915,0.170545661800563,0.20110052010942,0.111761715849127,0.0255969997929396,0.0851835798153181,0.0658793449217529,0.0331306212519199,0.0628766206086953,0.0481392494807255,0.105846361515342,0.0230120731320061
8478,14577,0.068906303717602,0.180385785177998,0.226362694061677,0.119687642656747,0.0182091444213734,0.146276328175351,0.0186352013761791,0.0254683443002669,0.0317876899270869,0.0147785182867387,0.127017949928946,0.022484397970034
13309,5165,0.05802625475069,0.13362399757633,0.273615245700103,0.111887142955253,0.00285420570088946,0.103392531700486,0.0791463700561352,0.0429871011693437,0.0447662471171817,0.0096981858539277,0.11366001242821,0.0263427049914495
8877,6138,0.0478140349527573,0.160303759744888,0.252875944674517,0.112356802051856,0.0456012372411652,0.0778537163617732,0.0472755357730136,0.0222256126442784,0.052390123520314,0.0484255608683487,0.0869465994485255,0.0459310727185623
15550,17215,0.0955875392849955,0.13965041387351,0.216408176037729,0.103966954397274,0.0194837231802722,0.0875629333492497,0.0559598899117659,0.063549558804667,0.0917479248732276,0.0371580380033314,0.0586755006611387,0.0302493476228393
10274,11922,0.0741678450898583,0.10549713664348,0.306939547083401,0.130675020415521,0.0149697730441754,0.118205287558739,0.0364838512129907,0.0324441448067012,0.0361831158931379,0.029572068637677,0.065388341603121,0.049473868011198
13583,3718,0.0670372659072266,0.179507630258196,0.285461788332919,0.0983296928925813,0.0536330119733602,0.140854606251222,0.0223464327133473,0.021569503919687,0.0280604047725627,0.0169181497787062,0.0546402012685091,0.0316413119316823
12199,4203,0.0302030077409422,0.239630204425666,0.313512931222828,0.0728530093364826,0.0824970868965849,0.0724722935897301,0.011780001185925,0.0104433101008431,0.0177111363686563,0.0116103443847267,0.105462904510802,0.0318237702368138
15682,14081,0.0862723092964823,0.0968221209162081,0.175732047772605,0.0680875940180267,0.0930696388226337,0.118370483204312,0.0614965654765822,0.0469323186326663,0.0442144799915619,0.0528220382380436,0.0786091586586187,0.0775712449722599
15406,14563,0.0429756970306163,0.243164083085607,0.193216727410292,0.0547318394329652,0.0131855451131883,0.168735697203354,0.0228140158861846,0.0331398833243047,0.0609000367406776,0.0496140785795676,0.0814207731458866,0.0361016230473564
10690,11680,0.0359080619208815,0.106846289120303,0.334714224600615,0.113702085575458,0.0309360996677454,0.0921394196617859,0.043656922644981,0.0189594779614256,0.0536424281222524,0.0512563506365107,0.0734267577736705,0.0448118823143714
16368,10463,0.0445714067259443,0.184624642114177,0.260032619803978,0.0865606818651374,0.010703777538835,0.120905479209986,0.0232956782325708,0.0323864858981936,0.0597053046255453,0.0389545973572552,0.0918817597576107,0.046377566870767
17339,11184,0.0320205628608836,0.10909618450133,0.230884120483584,0.137607272183653,0.0302512287911061,0.204566486617922,0.0509586508202146,0.017091132033429,0.0511829139098168,0.0393618145443489,0.0819998315804515,0.0149798016732602
13608,15772,0.0628800984556478,0.115732290461645,0.248060288714623,0.115059295702279,0.0355508359721447,0.117316727368527,0.0308792003538251,0.0541933122199028,0.0492795143866702,0.0331441372221589,0.100465792145259,0.0374385069973178
12203,6614,0.0454530974499958,0.165272157177715,0.181905501431715,0.0745016010165512,0.0368384722386063,0.120942298920959,0.0507262022168913,0.0374092327575155,0.093485735210475,0.0715137068657733,0.0869532829815335,0.0349987117322695
16926,12390,0.0673042307921845,0.0967115392221227,0.188104544133391,0.0622245818974123,0.0457095978013465,0.0385147929880071,0.0418458656355859,0.0211634383656933,0.0694415534274801,0.0884185464359875,0.246892530003127,0.0336687792976621
16224,7811,0.0619548123031388,0.186280463643517,0.270123118041077,0.10654761065605,0.0132300514678492,0.0759718865744899,0.0332918112705329,0.0272326731191134,0.0523649003619825,0.0256367125750659,0.0894618029388597,0.0579041570483227
11369,5169,0.0346186964842859,0.194155016146606,0.300016368989737,0.0817264789141207,0.00926086430390097,0.169489609572856,0.0411914134840653,0.0182119445180907,0.0249307484330676,0.018563793503656,0.0733087860112199,0.0345262796383937
10952,4447,0.0375482591575822,0.250374318511569,0.275798339512738,0.0951192930165029,0.0175791416403739,0.131957559698979,0.0387551698495916,0.0202480303348251,0.0286265719590668,0.0131818317358682,0.0520790507009418,0.0387324338819626
16654,14802,0.0764001522151659,0.134208326988493,0.182909367369923,0.148677725511715,0.0495823371598442,0.142237957500411,0.0471749545609367,0.0113273166515565,0.0520163731003183,0.0175408725298108,0.0721869948707747,0.065737621541051
10539,5653,0.0507761804518702,0.191115938604415,0.330962818603864,0.0928671878107195,0.0262077739000815,0.0723751211023169,0.0351471723974799,0.0159931100062059,0.0273985762945064,0.0200326168593352,0.0987740864462493,0.038349417522956
14022,15048,0.0426580739619054,0.1604684538712,0.13333637950423,0.111283590621655,0.0428606183793703,0.0730262479799274,0.0492058190151776,0.0397352724848786,0.0754579629309557,0.0433414725583825,0.147505780313333,0.0811203283789842
14420,6609,0.0640496524227236,0.0971197728713019,0.223221418735389,0.107248383189631,0.0302608811625957,0.150606741194791,0.0463459165173566,0.0252295433340849,0.0787544004740258,0.0503678981774724,0.0951562079284053,0.0316391839922227
12769,12399,0.0649100371944584,0.0342050732186062,0.409810973549377,0.0790931711047394,0.0825762330233498,0.0854060737081827,0.0258224622928305,0.00954070358084964,0.0343918241030218,0.0601723131669068,0.0439241623212252,0.0701469727364527
11790,7820,0.0757430396450684,0.0956439342901776,0.273446556903493,0.113676719752472,0.026430134776615,0.114390109311768,0.0256641884689192,0.0326725693134358,0.0719995108368916,0.0325934354630103,0.113721226635513,0.0240185746026359
15129,14564,0.112749929497375,0.126262340944098,0.240074521722075,0.111591473774511,0.0411537750475602,0.140208078762412,0.0241396016913813,0.0134635946170787,0.0469352273123167,0.0127460942827821,0.104885762612701,0.0257895997357097
14434,13360,0.0647817448408709,0.00472130309086227,0.0459265115302557,0.0242544921091854,0.0158084921569731,0.0378998684112375,0.0532827346815534,0.0358404239696768,0.207467915399947,0.199608359107887,0.286593631477745,0.0238145232238055
11648,6133,0.0454266825437842,0.288689732553501,0.188913313470246,0.0799473621102829,0.0394549841305378,0.0566527114843838,0.0561313936522671,0.0229674430500493,0.0580402388475837,0.0308158589900514,0.0943238303060787,0.038636448861234
9850,7824,0.0560053485092802,0.22354849884205,0.248939974954142,0.0933873817419607,0.00815336044685754,0.19527083956347,0.029675019026051,0.0183689352657674,0.0238540251803106,0.00945875063205424,0.0856580786085942,0.00767978722946214
14422,7574,0.037974359918653,0.160463302030864,0.299288005418772,0.115719418424563,0.0386237277901303,0.181541680893521,0.0124840754686925,0.0376546012288166,0.017684566808084,0.0239515773438736,0.0584179447321693,0.0161967399418606
9308,13611,0.02954677637075,0.258325662182206,0.285841692089336,0.0808774184859498,0.0452093538871563,0.090449993646581,0.0209707497057363,0.013784038035296,0.0463628142977497,0.0332184885545324,0.0566022072382202,0.0388108055064866
9294,6861,0.0570738279450749,0.0939055981352244,0.218735865250175,0.119640987857661,0.039233306146813,0.0900801016348802,0.0676889630907823,0.0588786758104572,0.0744067701326934,0.0370707535312425,0.107642042592355,0.0356431078726406
18315,13834,0.0448500299792769,0.141790239261365,0.183880987752186,0.0984565544203495,0.0292938524625759,0.130911167409239,0.0355775784689798,0.0418712693093448,0.0495344915739439,0.188103924854694,0.0338691878252113,0.0218607166828337
7774,9034,0.0424016683566394,0.10781890691284,0.0901699063631995,0.089927732737689,0.00953391945132858,0.086559378596531,0.0748381523312493,0.0295786996145759,0.0948637589087077,0.203965234772993,0.152448972017521,0.0178936699367255
9863,14092,0.0735875504506553,0.0971619306123246,0.0501559208603408,0.0910804907600451,0.0283863288024061,0.0853355994555737,0.0176876077556025,0.0262431707245893,0.0484482336629249,0.0889825348768786,0.380077175556262,0.0128534564823972
11233,6375,0.0582771756894035,0.143912343630352,0.18970292683666,0.066349927769219,0.0285456317625004,0.106526564963056,0.09459501105704,0.023145662025761,0.0926997564330034,0.0611846109006052,0.111318890255646,0.0237414986767527
12486,9506,0.0723931161021612,0.14929759232393,0.264963943352022,0.0956785062313604,0.0147938576186988,0.179822308005932,0.039109227387225,0.0252559904927027,0.0280589885312142,0.0198678032130953,0.085696790242824,0.0250618764988347
9290,4932,0.0645894410679629,0.0962502867123997,0.18703674928362,0.108737324941001,0.0880212022115563,0.0993927149242229,0.0393565937000997,0.0331138627329348,0.0901942718666737,0.133787763381265,0.0357171385655773,0.023802650612687
8469,9756,0.0487495923348098,0.162069172766135,0.334102159958369,0.0889989690835749,0.0193984165471562,0.0972841670778504,0.0380467766598978,0.0219631037210587,0.0402635420044654,0.0242957486444956,0.0861486755727524,0.0386796756294343
14278,4922,0.0553894218771389,0.219015468585018,0.229735737210078,0.101601171086518,0.00817481805561482,0.159026588871276,0.0361876740669019,0.0263581173593178,0.027378126438898,0.0150341088220332,0.094645696255567,0.0274530713716379
9440,10477,0.0830862504699612,0.182170832062696,0.181825221458004,0.0958040057964963,0.0561476448334394,0.0983908604595192,0.022748873203579,0.029926645186648,0.063656000899541,0.0499533800857624,0.101324931616967,0.0349653539273863
15528,6125,0.0297478117318107,0.139832276534232,0.363655611820104,0.0923057165294642,0.0300955750538223,0.0971296311028774,0.0356321125926763,0.0184722787979679,0.0701430902959027,0.011928778304804,0.0691044239874655,0.0419526932488725
9016,6379,0.0771609156487389,0.175798186025617,0.229964100220103,0.12455193508664,0.018203067608405,0.147472744168818,0.038594755213041,0.0248473990100601,0.0510267994111008,0.0316349104793414,0.0501065801745232,0.030638606953612
14424,8538,0.0691533202734843,0.140097125160652,0.218518553660472,0.0976196153398856,0.02805476367262,0.169517212571707,0.0402767465624255,0.0141604975665815,0.0362254604140572,0.0457146723042592,0.0663254456865662,0.0743365867872887
9441,10959,0.0486256025449065,0.200967389861921,0.265427580886872,0.0605282159939341,0.0494584976012741,0.151807490549678,0.044855997554745,0.0251307755297642,0.013931666636252,0.0086761672503141,0.110237901238,0.0203527143523398
15403,13117,0.0538527247520896,0.177333572655515,0.258753517300706,0.106673258424937,0.0158265082730462,0.110853331394021,0.0363028030727124,0.0171974631257654,0.0454512855253567,0.0280357128092433,0.108481005233772,0.0412388174328352
8200,14096,0.0531516381064468,0.182261767121135,0.186134192041849,0.0628109292180202,0.0875958886750716,0.0551907723023301,0.0319341980907763,0.0670349690723548,0.0420301508113272,0.113000479842165,0.0897047863758602,0.0291502283426627
13043,10470,0.044353424483087,0.143383855568514,0.271456354192363,0.0817273580310613,0.0436996708300067,0.132754548699814,0.0408478466748321,0.0427620939170347,0.0354555652473661,0.0519510439022639,0.0763784534134492,0.0352297850402084
17756,11424,0.0461456693180416,0.135786084941624,0.2756502104244,0.048038961483477,0.0270734143344655,0.13669594787744,0.0286917048469926,0.0235475618149963,0.0506021466398606,0.046651813244651,0.156055689418918,0.0250607956551322
13033,5648,0.0414464985315525,0.238508629976094,0.222107443929797,0.148133958823343,0.0131825857690328,0.122387415540175,0.0200457564781763,0.0373684818862433,0.0167855954780893,0.013334246673718,0.0935292863222409,0.0331701005915388
17475,9978,0.0411031873011678,0.150583564153883,0.354314802159419,0.0770090117228549,0.0326702973805032,0.166520989374822,0.0262928523175454,0.026527222700709,0.0195886316206559,0.0114170768352531,0.0556880056543505,0.038284358778836
17348,15524,0.068116027948832,0.0602382875649439,0.211630822259411,0.0627344535579311,0.00854264053283709,0.19202134138708,0.0557379050445321,0.0225614793834102,0.0741858026552085,0.100629211520704,0.102786218919428,0.0408158092256816
7646,14097,0.0352347748440734,0.208748616408863,0.214303661047828,0.0426227370578836,0.0554760471307429,0.0763160038376348,0.0367332742232514,0.0164527186806211,0.0691791503678822,0.0871770769627248,0.143348265773673,0.0144076736648209
14285,8297,0.0698460771865288,0.131279158132063,0.329475110967732,0.102362695080351,0.0250096784879231,0.120431088430442,0.0252210804162004,0.0281080925162976,0.0363472531633295,0.0184810849484741,0.0807883981026003,0.0326502825680588
11657,10472,0.0510421645902464,0.217057185741687,0.246598065640144,0.124625931548003,0.0156775544450382,0.0922214489118082,0.0385551868431485,0.0258587973179746,0.0325576658346366,0.0228171316237718,0.107952388728645,0.0250364787748974
11670,16741,0.0638467544126861,0.0957575794520137,0.264847932756865,0.108748970385297,0.0349442375020056,0.0833343965614192,0.0305645972041064,0.0237082885970181,0.0533688886849484,0.0444102924772359,0.16430950316344,0.0321585588029648
9989,8065,0.0768457651258965,0.129068302361684,0.30584001325561,0.0756258562713945,0.0626347619880168,0.0896002173051397,0.0581732498992493,0.0372807835564589,0.034961081710001,0.0188167095469709,0.0819514000525938,0.0292018589269842
15255,8054,0.0565899140843212,0.163869889206493,0.207801527386276,0.104408304614966,0.0278233517404661,0.108681342372792,0.0334588169391038,0.0346011063396826,0.0522604256422956,0.0492238974870804,0.107548859614164,0.0537325645723594
14560,7332,0.0589818510809824,0.116537300478433,0.250370488606544,0.0827911017292853,0.0154414608194745,0.195250925745867,0.0296924306728487,0.0129520224043532,0.0462326048441343,0.0326990491559164,0.119799438128816,0.039251326333345
10836,15778,0.0614181727459491,0.109041317720451,0.260035477265644,0.066440818993059,0.0157174354985506,0.0962506752342358,0.0680323916812801,0.0609629174781563,0.069928169202274,0.0378591356949288,0.124534430719002,0.0297790577664696
13170,4924,0.0594825472279504,0.189700657531496,0.260436268503523,0.0699233920732667,0.0204614442542822,0.191244299301167,0.0185417667465403,0.032956661875758,0.0259928433311348,0.0148072518718432,0.0680762362464191,0.0483766310366188
16780,8774,0.022256047025194,0.268062689271675,0.262960830882026,0.0998295749345016,0.0280296887501818,0.0886953602695267,0.0432735258598889,0.0282334446560502,0.0334029736854547,0.021245882238865,0.0860008723340876,0.018009110092548
11232,5892,0.0500191722305209,0.11005200326027,0.405776722669405,0.0633155617324622,0.027053792971618,0.137563007490428,0.0442482971133231,0.0100474648430238,0.0422870461426551,0.00866358574397365,0.0759141758820081,0.0250591699203127
16930,14319,0.0749871571956973,0.121559211817039,0.297611104792759,0.0751924496946639,0.0413761490778767,0.114786654077667,0.0240576791872907,0.0296323201640606,0.0264912802236882,0.0693222754529496,0.102769342894179,0.0222143754221283
11248,13607,0.0484571081638778,0.0431887151551808,0.0148577224347155,0.0344891868318522,0.0112608475220719,0.0221014241295147,0.0432285079836422,0.0816238200570235,0.0596216685862005,0.0527161150941479,0.559504523376631,0.0289503606651423
16230,10704,0.0725880016670804,0.20283569057528,0.288204446282289,0.0671015264296409,0.00251593251106866,0.069266036680656,0.051923649122551,0.0254370548801458,0.0451914839506077,0.0361240539145842,0.101948635449695,0.0368634885364016
16239,15044,0.0425678332906929,0.147978827982724,0.21818750275992,0.135605862231763,0.0191792345148542,0.171351542251874,0.0432317438984467,0.0318817988904625,0.0311329617574379,0.0393529967788598,0.0905498275931021,0.0289798680498642
9993,9994,0.0539251227243248,0.198655668126228,0.289664320267501,0.0903100186742325,0.0238423705519013,0.161072723220886,0.0463362493804398,0.0164639068354099,0.0337487115509167,0.0104216672369898,0.0514545157911772,0.0241047256399937
8601,6621,0.0230524353635444,0.330757454063291,0.194509974607693,0.110581254379805,0.0195805416520251,0.0834603408342133,0.036620267778732,0.0150761391277016,0.0245519548993565,0.0241764718137575,0.0919179250665544,0.0457152404133256
8468,9273,0.0601980714595424,0.10412945966082,0.254397832705622,0.159682031674113,0.0341694329706082,0.0977830533864375,0.0387067325793962,0.0452081996528847,0.042149151009889,0.0140504188994227,0.0711074780528072,0.0784181379484575
8053,9515,0.0407122632665259,0.192260891147106,0.225198489317733,0.120481867595665,0.00882583702307895,0.138446352842404,0.0429466057622466,0.0412479330988951,0.0435151776717273,0.012307228698379,0.0916494716921625,0.0424078818840769
12497,14810,0.0518906782878462,0.0264753877850575,0.0699515992426308,0.0625835545343145,0.0119840691776906,0.0845302230115305,0.0355135564702918,0.035203283383101,0.0905436936076696,0.152714565803411,0.369343516016199,0.00926587268025734
14842,9743,0.0769753585003293,0.186268848556373,0.24928840744996,0.133401850666702,0.0145475336956348,0.0895901990523088,0.03509743046234,0.0196745064845111,0.0552494969437206,0.0394225853811444,0.0698463914175415,0.030637391389435
11781,3480,0.0539381245205356,0.196207552347373,0.263165784027751,0.0742052975379438,0.032118391362773,0.122393814856761,0.0381829676295339,0.0393235382823798,0.0400576976650828,0.0206470976540675,0.0701342520201672,0.049625482095631
8204,16024,0.0691178777990919,0.0636623032905416,0.211598464177726,0.104617270890954,0.0273925805781744,0.187646760165779,0.0166871280005046,0.0327143932358519,0.0309218610619574,0.0941537738787585,0.111956766217956,0.0495308207027049
18038,14317,0.0493529670550264,0.06762764165738,0.191952532454498,0.12106326817397,0.0276611410310223,0.0934471918702755,0.0225580529400961,0.0256987853458695,0.0506745652649366,0.216957476965078,0.111129582803895,0.0218767944379525
14015,11673,0.0475688633792518,0.144396843187269,0.243364781586115,0.121875624008776,0.0178802204690227,0.125486983149027,0.0637235181746434,0.0250149882510462,0.0303757991428571,0.0320901889839815,0.1193427367434,0.0288794529246111
12896,6371,0.0512374444065013,0.313517268580069,0.134852290817202,0.0808909312122832,0.0438189030022334,0.068932741449907,0.0533454565689154,0.0740633223335663,0.0357707811250152,0.0255822278650488,0.0792118989871243,0.0387767336521335
17620,13112,0.0694031463369016,0.0943870742555664,0.210820029037976,0.109553847197814,0.0671231322912303,0.114310790358005,0.0235590395803098,0.0657250573342126,0.06297948960058,0.0490766394986703,0.0928512196350273,0.0402105348737071
11940,13365,0.0496369590468913,0.170873220933686,0.123245933695701,0.108779156783898,0.0167763019060549,0.0695865045704341,0.0233251585783772,0.0658897204863731,0.0310051735662188,0.0392920828501857,0.248070570137133,0.0535192174450463
13584,4200,0.0215261110026535,0.259033225808036,0.231298879796323,0.0911783381000285,0.0211253819919809,0.133576738305172,0.020158107129522,0.0318078720251121,0.0241198723826419,0.0190955470894874,0.114474363320893,0.0326055630481489
8323,6139,0.0479356023947272,0.179312254311197,0.195760562771851,0.0907191027943876,0.00254604592091906,0.0403297680412253,0.036182925074187,0.0417700816376237,0.0525508640027896,0.20256658825853,0.105347344727857,0.00497886006470614
10562,17225,0.0533403505014574,0.084401277676392,0.152108053391407,0.0843863413523991,0.0261573647431855,0.0959493882770969,0.0375239915874633,0.0194207107664071,0.0925390206304827,0.097524509744695,0.238448473770326,0.0182005175586874
8064,15301,0.0444924070425807,0.112019162644306,0.1991743287401,0.119407057968244,0.0389281983232701,0.115080889696272,0.047962509426539,0.0405693020196836,0.0629611763962972,0.0695197669099703,0.128293045763441,0.0215921550692955
9710,7101,0.0589107172963863,0.191173055095268,0.309617793995968,0.0559431190335858,0.0387856529261795,0.11372815072909,0.0367443866990981,0.0356791560584362,0.02645042533944,0.00748334949868851,0.0884721474314568,0.0370120458964042
17345,14077,0.0404896608398509,0.104024539527595,0.164119817001479,0.112744634018295,0.0623857301967496,0.0657858538098892,0.0803767856766648,0.0320467551906562,0.13232399172362,0.0565090224175902,0.134016550195142,0.0151766594024686
17344,13595,0.0354368510783774,0.0687646513760645,0.223189085545391,0.100823534853877,0.0647857152011744,0.110634255153531,0.0215189860833233,0.0139724176075053,0.0570651734241864,0.184540929939766,0.0827104686845044,0.0365579310522997
8052,9033,0.0526222103929063,0.218029263888093,0.281831515658762,0.0880727471892895,0.0101820931667303,0.0811532243570503,0.0450378632180602,0.0216242958825312,0.0219961346399609,0.0327666863847549,0.117229433198101,0.0294545320237605
10416,13609,0.028051401897933,0.0817279333893335,0.154526140502681,0.0514073415238117,0.0475902943063197,0.0578826177523395,0.0186822869463051,0.0266300415970994,0.0525804074585493,0.0553855591916235,0.401242745157059,0.0242932302769452
12494,13364,0.0839214143188513,0.1101749429986,0.232752687145236,0.125954325484205,0.0154928367674751,0.104380488204394,0.0327186122693121,0.020445297235636,0.0505315117702496,0.0866633001524283,0.121318899453726,0.0156456841998861
18174,12629,0.0945265711161889,0.035623446114736,0.15710919613037,0.113365592288138,0.0547941113938158,0.0579074757770327,0.0298814771667086,0.0390708419300683,0.080112813830416,0.226252963684787,0.0838179045373062,0.0275376060304319
16645,10462,0.0412127656403478,0.131438903284094,0.139687493482906,0.0671445119089991,0.0570953234992615,0.0924672195990172,0.0300344123865159,0.118370938677301,0.0458719561071314,0.0251224405693237,0.153738154468058,0.0978158803770441
13181,10228,0.042306148779503,0.206694818523699,0.237248977610881,0.13027117891854,0.011989088031068,0.177213731907595,0.0475625649096272,0.0257127174222236,0.0438884662448676,0.0252821252649398,0.0321775546772329,0.0196526277098245
11805,15053,0.0461450624100424,0.090971031635848,0.0455800870724329,0.0997561277408488,0.0374128143659744,0.0401880292638952,0.0415730976740871,0.0952348218765892,0.0753735262785397,0.10419855687469,0.290098582537072,0.0334682622699797
10260,4689,0.0504746198520184,0.180501097985674,0.242636707608558,0.0833936032821461,0.0405449181237839,0.135935645222466,0.0566078808984661,0.0472421160874251,0.0264817538954024,0.0161446684174746,0.0750592353145338,0.0449777533120511
8893,13853,0.0346899982494922,0.139591147336447,0.342040822438892,0.0994898668256627,0.0282729868564919,0.170462687419185,0.0278826713086579,0.0171749102990854,0.0344730709610233,0.0257969811715357,0.0687725904729709,0.0113522666605563
11384,12402,0.0982200832933429,0.0901582278693441,0.0451082805607595,0.132936941596947,0.0110552298666163,0.0307940246913103,0.0400343481715457,0.112291416774973,0.148359583688344,0.0802303238951232,0.171325245915623,0.0394862936760715
16381,16731,0.0522118151872019,0.0390191158250744,0.103973327023302,0.079331827075064,0.07435600655743,0.0948408176214711,0.0433748080952569,0.0623808807074718,0.0460288903846861,0.309159034329076,0.0546572697754895,0.0406662074184768
10420,15538,0.105543252352416,0.0643363207094799,0.203721062640031,0.109062335302305,0.0170066175474438,0.0819765800656653,0.0443528562451147,0.0133660000976746,0.0806643465647921,0.101646555666298,0.155476821847147,0.0228472509616322
18030,9977,0.0613744308661419,0.0190012709812059,0.0903860743489514,0.0563637829137855,0.0224524943652029,0.0768286892782851,0.0164723683369826,0.0268863951004663,0.0775348021879256,0.484592751922814,0.048358502582638,0.0197484371156004
10399,4930,0.0424053145376223,0.160225256851596,0.358657447749137,0.107254275778172,0.00476278960980352,0.07956778141918,0.030276262550029,0.00666306304157532,0.0526557139613617,0.011733524909984,0.104609271313865,0.0411892982776742
9846,5413,0.0525515036284565,0.257420215518444,0.303966957992682,0.0369378637459779,0.0193166455515055,0.0868901863610812,0.0540891901666958,0.0245854294054936,0.0405972038245517,0.0282501228535925,0.0583785661540007,0.0370161147975184
13179,9264,0.0481402817027074,0.213729484884725,0.29438282293306,0.0381589837499035,0.026004023215974,0.105067764352723,0.0246078196441305,0.0250494253967482,0.0324167605397053,0.0268964799542996,0.122703839833543,0.0428423137924807
14566,10225,0.0812582360945966,0.165543734515468,0.226881793762965,0.0884185030837785,0.0241065947257256,0.0794271451902423,0.0318131240525708,0.026827738186973,0.049389685099641,0.0540685299691802,0.14769135965231,0.0245735556665489
8479,15060,0.0692252948380131,0.0358355153641761,0.0241627083206554,0.041259336273978,0.015373529043406,0.0276663666681132,0.149803009484769,0.0244527951229832,0.116030388104525,0.308993333700442,0.171856864822511,0.0153408582564288
13318,9505,0.0533983557814989,0.122026165439445,0.298796311320253,0.0762624610600025,0.0698585158498223,0.0939863608139766,0.0373927035557433,0.0250041483226865,0.0364788166149402,0.0430180016030856,0.0920493904658601,0.0517287691726863
15963,16009,0.0592001403272791,0.121186528174095,0.292363022750964,0.0748704360658299,0.0392383519198731,0.0884701862845954,0.047792463814729,0.035502976156652,0.0881099865310434,0.015531850669167,0.111354930860229,0.0263791264455432
17072,16007,0.0414997472743685,0.0962713589864645,0.415615666357022,0.0826864213783616,0.0406178943268078,0.0906890718638784,0.0419318815954662,0.0236417197537618,0.0202497825970599,0.0394452536132361,0.0680898241316751,0.0392613781218978
14836,6367,0.0288249870091521,0.309514319390293,0.246360098247296,0.0975702139625554,0.00962382164717918,0.1161504804369,0.0174180804284468,0.0235417406069646,0.0505831254029655,0.00958688662030075,0.0751174396293819,0.0157088066185644
14001,4923,0.0522558567388535,0.187559084411313,0.244609235114793,0.0787337468799887,0.0253968468967633,0.171765041573994,0.0285029913615805,0.0503289176697324,0.0298422864974619,0.0318508661538921,0.0785717505791723,0.0205833761224559
12075,11677,0.074204782281774,0.18156911605173,0.21446828858858,0.0757059122201669,0.0260659642195825,0.117347995700942,0.0405471319038361,0.0206550138910902,0.0612777433705768,0.0457889113415149,0.100477526319923,0.0418916141102832
14988,13359,0.0757050831989929,0.0896059465935689,0.215679816643596,0.0794606000816721,0.0461071010380497,0.0922023755797198,0.0320486962557364,0.0233521203657045,0.0496576869623468,0.0769867928127268,0.187609178922868,0.0315846015450175
15529,6607,0.0418878596218469,0.229699705146329,0.305219794357931,0.117183970621379,0.0162142999722356,0.119358918901196,0.0214031247683876,0.0178839292199979,0.0278004538770159,0.0215108917282238,0.0602338917265467,0.0216031600589107
9435,8066,0.049845840150383,0.149135214095594,0.257101921537691,0.0989942359949765,0.0144024139016684,0.125906896629557,0.0612847643010453,0.0485358825865658,0.0413779190021181,0.0256847848931785,0.0555161594898395,0.0722139674173836
14843,10225,0.0607335169847907,0.120242751764175,0.167230864711154,0.0624388932019043,0.033204531269949,0.118144462305943,0.0857346508714854,0.0257813727619674,0.0693342755526412,0.0730589895903349,0.124394636708778,0.0597010542768773
12615,4443,0.0963119233635249,0.172043461708782,0.30192819024192,0.059957993187469,0.0214845782072005,0.136749716631087,0.030249067936256,0.0233418386148721,0.0288826153545724,0.0198460473158823,0.0856376910232392,0.0235668764151948
13883,14808,0.090367527072169,0.104415437736718,0.177242222050818,0.119746712586143,0.0184342653954413,0.181079976718582,0.0563095715864049,0.0487921104619493,0.0576093726666501,0.0471911274252281,0.0785526445844969,0.0202590317153991
8895,14818,0.0336351406093509,0.165921445257526,0.261005278781342,0.0776125629617712,0.0370278079845759,0.242414879121991,0.0240320461120708,0.0185481460492923,0.0268919444542477,0.0176178011433207,0.084727026451172,0.0105659210733395
9868,16503,0.0683720639630817,0.0718891649977,0.311923443411426,0.0787681233165734,0.0599457410048227,0.110459432635557,0.0742141539105464,0.0330003476967443,0.0712509539062313,0.0224408411991577,0.0518350252787627,0.0459007086793964
13311,6129,0.0595926899345843,0.112614176533566,0.325596552212694,0.0927035238255069,0.0163106906435503,0.14044977484413,0.0397537977139539,0.0169277445411965,0.0552565951835719,0.0229360965400055,0.0741572692088978,0.0437010888183432
18031,10460,0.0510070049164894,0.119607076672027,0.107095114468412,0.110520297006818,0.044514446125139,0.108971643919448,0.0220558973582053,0.0577452662695728,0.0960037683672257,0.182634525760618,0.0650022700023582,0.0348426891336872
12207,8543,0.0516490005988031,0.135767333732263,0.205507374180998,0.124716939272818,0.0573268197187703,0.162654516845309,0.0217228361894621,0.0332317851029584,0.0309086658567069,0.0605992390323154,0.0794310039762351,0.0364844854933599
15410,16492,0.0785789490071601,0.065629205448263,0.212088215038586,0.132938668926164,0.0108811295613996,0.210346546835373,0.0293345319986241,0.0253988418507314,0.0652984559654848,0.0819945853149575,0.0535555363823959,0.0339553336708605
16779,8292,0.0684094296654307,0.142715533584086,0.218468957934522,0.0774581060697295,0.0390434352815791,0.238408446242886,0.0434682571771227,0.0434416372734343,0.0311202983923628,0.0176578188468184,0.0514108917855991,0.0283971877464291
16086,8053,0.0360374482369407,0.198489189349796,0.351078628721859,0.0769413046548133,0.0219969814250029,0.063058293423463,0.0314656467274793,0.0167898880566974,0.0322311690201248,0.0184751883874494,0.107700326893405,0.0457359351029691
11366,3722,0.037162299334311,0.280049795735612,0.247010115032876,0.103638629521283,0.0103369108142011,0.118117558000599,0.0375303084693073,0.0448146791885914,0.0353470318348587,0.00605340798050437,0.0557503290553444,0.0241889350325116
15964,16491,0.0650904727479908,0.176485942753468,0.184053967841089,0.12230080789238,0.0552807251733578,0.0944900901492022,0.0229870158399582,0.03578949080955,0.0340882161508095,0.0706183910469004,0.100422455359572,0.0383924242357221
12478,5167,0.0260816172591514,0.22117135280017,0.316390463429603,0.0893977639644034,0.0276396813487989,0.140155584368028,0.0383064839304173,0.0250012834955481,0.022012876110642,0.00794493027726732,0.0616712258326326,0.0242267371833389
12895,5889,0.0658297008954911,0.133008281285034,0.277530751147421,0.117342628947948,0.0113305181143476,0.123196316681423,0.0287192712899981,0.0291428536357111,0.0461006732797365,0.0401463821211508,0.0704093297783828,0.0572432928233562
15806,6607,0.0242784564956506,0.205601401829814,0.3042868128706,0.102009446052261,0.0180948640268756,0.10797728705865,0.0335988099334216,0.0247848955883117,0.0495854702386557,0.0218568301859821,0.0860264452020066,0.0218992805177716
10835,15296,0.0733857201030538,0.102004650644645,0.0928517287350497,0.0782224089141409,0.035592730064279,0.0896099692407929,0.0596915451093284,0.0675035171203062,0.0743526394678168,0.103832668447087,0.205142049520156,0.0178103726333444
14430,11431,0.0705123830403158,0.170852602659106,0.0682896579633161,0.102414025300985,0.0212265826548982,0.0975129121244272,0.0360279376894151,0.0847791844955839,0.0643781295870433,0.0402737672951524,0.221057564373132,0.0226752528166249
12759,7095,0.0468302042057912,0.163519645670153,0.266617649121672,0.0958273644545885,0.0363620166935251,0.154116401054282,0.028606224935196,0.0386106165391913,0.0206966458890335,0.0100807198085896,0.103105745724432,0.0356267659035459
7637,9757,0.0677754523936361,0.0739633912005486,0.197333047313845,0.0982445306235216,0.0263074998969586,0.101849485262914,0.0328896945092918,0.00932000606325871,0.035775404741159,0.230204798471119,0.111239642181371,0.0150970473423765
13032,5166,0.0485696127088511,0.139305568169893,0.279044727818255,0.0937148408911836,0.0411224286434405,0.148860285667983,0.0168483685688541,0.024222799937201,0.0317363654775708,0.0351347380000493,0.084135565982295,0.0573046981344238
11111,14331,0.0331603409735679,0.0170374684018505,0.00704047077114865,0.0403428979937465,0.0151630480245633,0.01453859255137,0.0400516105368759,0.052366165679174,0.0284924287640236,0.0579600654701825,0.686988025463795,0.00685888536970221
14428,10467,0.0811416031406285,0.112265544523605,0.205366088931988,0.114413386129727,0.0205539672902243,0.0921470286884721,0.0613772925053113,0.0275605865108902,0.0693339247556298,0.0338108595017935,0.13784499796507,0.044184720056661
12482,7095,0.0385738782304109,0.119955928634529,0.251952206444011,0.097258201629551,0.0251630786209901,0.161707204062746,0.0388131541313868,0.0289917660372663,0.0330686238753969,0.038577430500419,0.100348123849765,0.0655904039835281
11107,12402,0.0715984055274238,0.0641712819309083,0.247035191353278,0.0927723758284727,0.0614072904995901,0.0747463531987938,0.0543622813201527,0.0507280765023321,0.0660764684562596,0.0422678422486395,0.142657201505328,0.0321772316288211
9573,7825,0.0561821045710831,0.25631394008573,0.279868162647368,0.101046279459786,0.0442616231025394,0.114096267495443,0.024755247037711,0.0372495941965471,0.0365190297214314,0.00838241645604406,0.0269842760725768,0.0143410591537404
18309,10941,0.0676845909801436,0.0702367187277086,0.0888257588303009,0.0685279881130206,0.0196137930828028,0.120621159129427,0.0404517836079054,0.0240034482753763,0.0936187340067513,0.371366550273141,0.0232305466715404,0.011818928301882
8605,8550,0.0555256225346001,0.171522000516954,0.295672120781028,0.115206679651624,0.0172325620068904,0.0697152150745167,0.0441233230432976,0.0271944675962724,0.0294393476019706,0.0309082393341309,0.0824575999775867,0.0610028218811288
12222,15775,0.0617940606770878,0.0869426085430312,0.239455509404846,0.0861555157425165,0.0338926645145674,0.145816680700839,0.0424587975465238,0.0510419576132819,0.0688617597091553,0.0543317771600954,0.103260042227189,0.0259886261608667
8332,10479,0.0632419929472755,0.198976221422081,0.298163993651338,0.0800539538304047,0.0712104351599259,0.0730696408894053,0.0358160721968778,0.0111199912324416,0.0296290017397536,0.031170297474424,0.0748339507731376,0.032714448682936
11930,8543,0.0637641488780289,0.0765507649780862,0.296486071990297,0.0880293628537392,0.0153042195564917,0.153484143061954,0.0352544569716785,0.0191049026986523,0.077612747913345,0.0605852092675445,0.0737183592301025,0.0401056126000806
11241,10232,0.0529594990364189,0.111211321283092,0.287955453325229,0.120241850393216,0.0599753445968046,0.113111593924238,0.0435430651817793,0.0274093025249263,0.0353347094995022,0.0112372919492549,0.117964576473681,0.0190559918118573
15685,15527,0.066667984607825,0.0853843873154882,0.287442231590246,0.0920326142865527,0.0286705860934519,0.192995588879784,0.0310871822386278,0.0235479821238109,0.0568170635395979,0.0256853903989885,0.0647668357107306,0.0449021532148964
9175,16264,0.092485100246824,0.0804299180053653,0.245248772717259,0.103759856220966,0.0486980063612943,0.173231784962844,0.0392088259974842,0.0289265229207235,0.0404864099214233,0.0208722522299108,0.0800770703603393,0.0465754800555665
12757,6131,0.0430813595180091,0.115154623292951,0.266906053108088,0.120376540397708,0.059568865174737,0.113145522141776,0.0565981758094755,0.0209770056861598,0.03312642972402,0.033762444765547,0.10419286317281,0.0331101172087185
17762,14800,0.0370656725491719,0.0955133774616092,0.187025123589435,0.0695860314056787,0.0904782697548324,0.16496830651956,0.012889693835772,0.011956699392294,0.0358962093573775,0.168176451332891,0.0901743320116679,0.0362698327897103
9589,15539,0.0699245956060615,0.0387422843195063,0.0846878630924582,0.0774158715132086,0.0403996139883565,0.116266669634453,0.0930653733037327,0.0231418281214511,0.0925750687708541,0.216433890011453,0.131570844894069,0.0157760967443953
15808,7571,0.0464830121194634,0.169407879436645,0.156780643947603,0.104146979776367,0.0118315363755809,0.0770127922074831,0.114375773840012,0.0213320570642496,0.0436608054133897,0.0888985513178501,0.114660081090222,0.0514098874111334
13307,4201,0.0782079467692948,0.209143946923053,0.185371664333376,0.104046726660625,0.0146294871186688,0.0944971380809746,0.0430032403882901,0.0390456261280261,0.046640350534754,0.0918686547269592,0.0662315329202659,0.027313685415712
15959,13598,0.0673538217250776,0.0585582138798509,0.169201826001157,0.0975732190137601,0.0766037418323435,0.133916132348611,0.0392070667218201,0.0201754885346858,0.0742216360241191,0.0997665715440035,0.147302220860282,0.016120061514289
9446,13370,0.0433682076069673,0.106219778041707,0.298132395364302,0.0953195175160529,0.0318234673011627,0.165104016815548,0.0364505532828692,0.0144147876052828,0.0456470986493848,0.0185641624836212,0.0881887817636311,0.0567672335694703
12339,4926,0.0574668425274368,0.112640537910404,0.358128833346926,0.116598132212363,0.00779825848103644,0.148556765254648,0.046783845558094,0.0167427803559798,0.0251253684525976,0.0125634015293644,0.0676136333162074,0.0299816010549425
7498,9516,0.0326565102246203,0.126257662992895,0.209181680725856,0.0885259007886505,0.0234826317574538,0.113321051561088,0.0267276498758629,0.0259061009132307,0.0655648075542786,0.17936678027889,0.0959198008492118,0.0130894224779624
10561,16743,0.0363820313185691,0.152750109374168,0.310056971553434,0.0996338386007747,0.0516871901271585,0.136153132374634,0.0414377977146682,0.0134916270053239,0.0381795307330038,0.0142871507711486,0.0898293851991547,0.0161112352279629
15817,11911,0.0473539572780775,0.177030124898018,0.260826961321495,0.149059289543577,0.0180456491478421,0.0930041649035074,0.0375317906740015,0.0256990161359205,0.056412546436874,0.0232807183223973,0.0743619281531532,0.0373938531851359
15680,12634,0.049146058301966,0.101330574072417,0.210568379711645,0.0926191077106034,0.0455126889595028,0.0987619990321415,0.0342814690378837,0.0371418780247817,0.0587467406905119,0.078669594317911,0.1142993687378,0.0789221414028356
8470,10238,0.0365935755080906,0.240838746463271,0.264305991466961,0.0684847440565347,0.0256366602649191,0.0988850688816256,0.0387320396253707,0.0197619713798143,0.0505478295368612,0.0100023967493431,0.109542280957916,0.0366686951092928
11504,3481,0.0468057610559264,0.121621781838805,0.255359760092281,0.102968921565811,0.0251239728574139,0.120844669065496,0.0379283484219084,0.02006218944233,0.0403619464469412,0.12159079814519,0.0794717353382489,0.0278601157296468
14976,7090,0.04492402789729,0.155715172693594,0.244200568543661,0.10964396847683,0.0189797754035549,0.19023900707165,0.0701738111407407,0.0354129975099644,0.0429139158996108,0.025644393382466,0.0441591729139659,0.0179931890666732
17752,9496,0.0321216120950217,0.07628535564717,0.32852766134479,0.106371894181454,0.0242566781332105,0.109548968220946,0.0465924396443754,0.0158393536457007,0.0498762108658223,0.0810608204511385,0.086044257430099,0.0434747483402725
11106,11920,0.0560336905237506,0.180556618269801,0.227253115447465,0.087680823974262,0.0578009436643921,0.127001827036601,0.0326698957250552,0.0373208616058416,0.0591055880398589,0.0427724432363148,0.0647959076072889,0.0270082848693693
12762,8541,0.0670793568383984,0.218990443834059,0.250597922391018,0.11567374855748,0.0156139682130922,0.137091525431064,0.0274440281030443,0.0304632506017085,0.0327717891082813,0.0224860339540707,0.0491790031875525,0.0326089297802318
14857,16975,0.043707051143811,0.142004593006556,0.236056856949884,0.0923703155964093,0.0203688885233113,0.0975818575065288,0.0449182993246546,0.0323622093875733,0.042785762682398,0.0504502310734811,0.160878841946045,0.0365150928593474
17070,15042,0.0346766608329791,0.187163371331456,0.257703474671281,0.145216171008362,0.0136285556430222,0.198687451772125,0.0217541376566495,0.00921414315291991,0.0262131706604598,0.0352733345635188,0.0552786700220856,0.0151908586851419
18726,11664,0.0387751915424062,0.143611982420435,0.195825629672757,0.0655435404097438,0.0123566328233524,0.104427428400205,0.0580559446424402,0.0204589261477684,0.0977606414299282,0.0548704534061811,0.0919181318940663,0.116395497210716
11924,5650,0.0507912088789891,0.191980994237868,0.316398461450317,0.067408286441437,0.0433527572419532,0.146411695323693,0.0218906775179545,0.0239874995601233,0.0155811163839968,0.0134998562849286,0.0777863064830964,0.0309111401956432
12484,8542,0.0494796337876312,0.104530211878769,0.332493191050311,0.12295108525334,0.0476196480916267,0.120733972698052,0.0274037584896277,0.0139871586032787,0.0459533057146942,0.0215801419905396,0.0723740223824288,0.0408938700597
13459,10710,0.072526083753896,0.15311209535092,0.273770622801784,0.10634687641355,0.0653066987877639,0.0798587681168616,0.0284946318072239,0.0250322717218071,0.0216022062904534,0.0231412084395963,0.0964221208176476,0.0543864156984967
10977,16983,0.0507880703472957,0.180683932578046,0.228903931221599,0.124640756246699,0.0133337932680154,0.121373361223813,0.0443337728734211,0.029920303901666,0.0360234627238221,0.0162742977275911,0.102342812331194,0.0513815055568379
14423,8056,0.0642772646953356,0.193155816720068,0.299771364569903,0.0882445058132471,0.0158823150456325,0.108424965322745,0.053889786125775,0.014865550000989,0.0357818013014409,0.015654849163001,0.0869129468060669,0.0231388344357953
15537,10465,0.0420416073208017,0.268535876019841,0.182935118413092,0.1229760006221,0.0265282745352524,0.0728775666608631,0.0428551827894183,0.0469125511796465,0.033065734519806,0.0187052380149308,0.0935566866729923,0.0490101632512556
9303,11200,0.0598287752554695,0.134590019741049,0.362162210512664,0.0618336537435765,0.0399247240398191,0.120455222077177,0.0358900977672068,0.0197889526519607,0.0379703645008527,0.0219747360424158,0.071895920386922,0.0336853232808867
14858,17458,0.045660276935455,0.168937631924959,0.11724762780393,0.131155359902653,0.037219959316041,0.0554721514956576,0.0660143099341623,0.0600987140606836,0.0688252263517063,0.0706306493242637,0.1475367171346,0.0312013758158888
9579,10718,0.0776131535075717,0.138536728591589,0.131481851510758,0.107736232813088,0.0706679877579417,0.0661407798011272,0.0757969129587133,0.0409119029489714,0.0458771691261866,0.108680497369325,0.0898195289702636,0.0467372546444646
15945,6847,0.0605633705929273,0.116199082987842,0.223336620776262,0.0616024432645728,0.0188596921706637,0.0751831815543889,0.0777014854319234,0.0335453536905176,0.094151582666494,0.0701129554011953,0.118839121168488,0.0499051102947251
11251,15054,0.0365235481146249,0.0144253018763694,0.0102231080223608,0.0242709129413898,0.0225229734349822,0.0196570604966793,0.0490852347054302,0.0776810647890611,0.0596931457054354,0.153902687718904,0.513998537025273,0.0180164251694903
12775,15292,0.0769454965116215,0.144095604077278,0.126860286816805,0.160453191104298,0.0352397310753486,0.0794185912624947,0.0720964111242628,0.0605613326084465,0.0990200149748145,0.0480822102926696,0.06692664141341,0.0303004887385506
7773,8069,0.0557021736343741,0.163191136808367,0.217825331192714,0.121445428384159,0.034024567458803,0.059661078045883,0.0545838689040009,0.0253855759695724,0.0526540080025072,0.0919794937564329,0.0898101623803896,0.0337371754627964
8743,8308,0.0780489333155044,0.0818003866862028,0.147163198012644,0.0999566108500229,0.0424620521043303,0.108684335135991,0.093319195601071,0.0215395978920705,0.125895884702583,0.0398626599503481,0.107564966780951,0.0537021789682799
14706,10948,0.048046375346864,0.14418811714375,0.231131636235554,0.0862229042008542,0.00759402277745348,0.126100793726018,0.065540457539527,0.0297949689476238,0.0610407532341228,0.0577385416881141,0.116500364661827,0.0261010644982921
16369,10945,0.039540603265862,0.162718091934331,0.147572511391748,0.0924907064267321,0.00999910787942371,0.136795450349951,0.036998157202259,0.0388117090434532,0.125891907255358,0.0391229689987571,0.140047151571625,0.0300116346804993
16791,14078,0.0421761882408019,0.122531890084913,0.187166174427435,0.0898356433826217,0.106820627300036,0.120757044232248,0.0388513104044852,0.0369132786038633,0.0743268358554204,0.061541406863188,0.0609170906853287,0.05816250991966
14997,17698,0.0571995810650063,0.0874052065127142,0.207251175946173,0.129006163253826,0.0808894970333943,0.109480311075498,0.0655504859095286,0.0306543354225531,0.111522578474834,0.0234311949458627,0.0674019631232695,0.0302075072373396
11797,11195,0.0517921146304322,0.155999240643074,0.326006074749166,0.0754573814155796,0.0226593363169713,0.0737843994088029,0.0533200757214534,0.0277202233845988,0.0567356601515292,0.00974829674637171,0.108662704654089,0.0381144921779318
10544,8064,0.0530559669415857,0.0782417607765038,0.241201808538444,0.0846846007684409,0.0126543807470458,0.177145453308836,0.0611879504157828,0.00974530446067599,0.0862330454943503,0.0389600444521408,0.130994843811914,0.0258948402842799
13729,7334,0.0839069394146511,0.118708915188848,0.345454270862608,0.0995941929721669,0.0316717629883701,0.117617533012814,0.0274548878927719,0.0161558275496545,0.0333368781059512,0.0134629652323846,0.0661297932457938,0.0465060335339857
9728,15780,0.0781187974356686,0.0593464945868675,0.172647177935262,0.0921297634972083,0.0337320411294668,0.163523307865094,0.0401818151841347,0.0300534461765615,0.079197955086469,0.165067119234689,0.0518582318827883,0.0341438499857907
14996,17216,0.0622866195426,0.236434461459211,0.256494127987071,0.111661341049592,0.0284833186145917,0.0752144724520046,0.0299422963610026,0.0239921372151835,0.047374007885093,0.0259551515679566,0.0737997140203962,0.0283623518452969
13726,5887,0.0415678412508705,0.223361563625848,0.214113844498698,0.1255310430594,0.0258136748509169,0.135809135942082,0.0116030555597649,0.0238041144701259,0.0254266953786873,0.0381993359415929,0.102664022423579,0.0321056729984344
14152,10950,0.0336977797430738,0.252106567579511,0.29823714824255,0.0757921934440978,0.00667862415802591,0.137392229152672,0.0397353368683739,0.0112832655389022,0.0509085316964282,0.0141627488624974,0.0456510951455057,0.0343544795683625
17071,15524,0.0614915250111748,0.0445469489160951,0.28285533507316,0.0677848098099689,0.132317499463832,0.114924929918532,0.0516578395948353,0.0127977344454879,0.0457206264968764,0.0240316075339863,0.0847243629062046,0.0771467808298471
12768,11917,0.084064727266217,0.165400407064954,0.228420430106547,0.112669219797903,0.0201252621621436,0.132133108618822,0.0432707797448239,0.0402288964924156,0.0239744233770837,0.0363008696341172,0.0822915477378506,0.0311203279971217
15965,16973,0.0301486277675658,0.0854780825515094,0.214792622776148,0.0843315082360731,0.0225569682166212,0.0870631308227448,0.038461805570555,0.0197075002774828,0.0961458826717813,0.165775362624857,0.11815322967732,0.0373852788073413
13885,15772,0.071051074116912,0.109068127141212,0.186437898741738,0.0892675951122446,0.0433098349091726,0.16079792403766,0.0583041375597499,0.0265633507742848,0.0494929832384905,0.0315853824917187,0.111291140230978,0.0628305516458384
10139,13610,0.0526143730251947,0.0545254371813644,0.0918663123630247,0.0399635877791234,0.0213822721763118,0.0589325634613477,0.0388705348254836,0.033204744590544,0.0784957320038949,0.277038619528534,0.176299630152989,0.0768061929121875
13035,6612,0.0507358240960537,0.140051906311251,0.242509446159956,0.120488970884196,0.0339720096798901,0.096277822884185,0.037480804000407,0.0237192692190635,0.0793816221336233,0.0344058628313355,0.0995908451628539,0.0413856166371848
16094,11910,0.05627078463669,0.23965787898667,0.284791377067018,0.0979010221135849,0.0136970886076791,0.0713538850443227,0.0452062983200145,0.0202487260234674,0.0492008934281032,0.0131602149672201,0.0677373801322844,0.0407744506729458
13731,8298,0.0488112222108555,0.130839760049557,0.249886057699732,0.108126565937325,0.0178132734137515,0.17843060875116,0.0338928209842394,0.0200529867956203,0.0254464000077752,0.0470525721658916,0.09549850031663,0.0441492316674626
9712,8065,0.0482084952283685,0.217892896188123,0.207315670359189,0.150690896846981,0.0261467122610683,0.0960840117959927,0.0371177541757828,0.0255008267138811,0.0292667830146646,0.0375826887075628,0.0888300007357322,0.0353632639726542
9302,10718,0.0269299095754283,0.186930181996925,0.290907545970501,0.117917879683963,0.0327349278714241,0.108012335325114,0.030322973946778,0.0197911185495986,0.0510626882747122,0.0293205320833637,0.0674781964693027,0.038591710252889
16646,10945,0.0283883044496373,0.126439567698875,0.216277458210391,0.0730050352703381,0.027137166610445,0.159420457536267,0.0503049236133806,0.0105668269917836,0.0807449422511032,0.0678396696912503,0.0771561207350562,0.0827195269414717
10965,10715,0.0560046885547602,0.0902132243685204,0.254831541985797,0.132773150200575,0.0671340629978181,0.138010784524892,0.055361148731905,0.0423743403357004,0.0624429007978886,0.0113628323946035,0.059459622554627,0.0300317025529132
8878,6621,0.0461747973267678,0.249356332278914,0.292551912483615,0.0938453961759231,0.0243603354377979,0.0959131905784887,0.0181416282581652,0.020640860058499,0.0164623664193098,0.0122827933639879,0.0776388518700938,0.0526315357484368
7775,9516,0.0376558346805035,0.219972532515791,0.251466759335057,0.0948975279942537,0.0358067339684161,0.103746546924766,0.0312659521092217,0.0260087889094627,0.0286306466203766,0.0402238432972029,0.0930478089627527,0.0372770246821967
16235,13115,0.0601801922209717,0.0769686441978843,0.297262442733294,0.117394284539955,0.0638256713294302,0.0737631977714504,0.0408805307617345,0.0212696910582903,0.0258921931877983,0.0245717679664047,0.154035121086668,0.0439562631461187
9157,7584,0.0502103575052587,0.112279126958369,0.266187767326378,0.137005203285571,0.0335627693572667,0.178556507396231,0.00926422963502155,0.0184068826457112,0.022468168380782,0.103876304737639,0.0497323975488612,0.0184502852229108
8619,15783,0.0818462133079082,0.0629529662421609,0.283342487315931,0.0965509320952674,0.048123004451387,0.180859699695869,0.0198008387313455,0.0268902803484339,0.0627914201510638,0.0268049956169592,0.0835681617297489,0.0264690003139251
9870,17468,0.0731907133097299,0.144176047726809,0.298683999145124,0.0695022482657546,0.0459265292248077,0.115904047260494,0.0266300206606493,0.0275394540811209,0.041549198917753,0.0123905378207776,0.105687366074593,0.0388198375123867
8461,5898,0.0714163817327672,0.0665258807903117,0.239776951418024,0.0673338001315592,0.0406134348322825,0.0965622694372088,0.0185388898247732,0.0200961259265023,0.0463451100084331,0.160848257798587,0.122668360293385,0.049274537806167
9567,4931,0.0302649213523829,0.264212224443973,0.224471086710669,0.0825628705320506,0.0146264876024085,0.101466182222442,0.0324394786696367,0.0294138128786817,0.0363639269045782,0.0386819531653636,0.109029797638409,0.036467257879405
14425,9020,0.0616436448726668,0.219630666181234,0.224522568511874,0.0782840223835188,0.0474317653796271,0.130698217909242,0.0314787615050502,0.021097811766735,0.0505547384155883,0.0154863014632486,0.0728967082055811,0.0462747934056333
9312,15540,0.0767782142694343,0.103815387091089,0.137373693632581,0.115787339069214,0.0198256614186331,0.117545404588094,0.064178853996892,0.0797621966175588,0.083244622919247,0.0931924340839858,0.093864752310096,0.0146314400031756
8891,12889,0.0333864146847979,0.120158563089358,0.300187679844054,0.0906454941505713,0.0791146277083011,0.157251570373385,0.0299878071315403,0.0300166199914349,0.029082136608513,0.01416399719291,0.0682210635711462,0.0477840256539877
10972,14572,0.0492764737527063,0.0103364935498641,0.00541756300170973,0.0172302642979309,0.00694675873004738,0.0106097688683188,0.0269718945167097,0.0246247646108154,0.0743758499296753,0.0689160738156497,0.701644001484223,0.00365009344234937
11935,10954,0.0354803554400761,0.170351894971133,0.317051472567514,0.0742453108613659,0.0529696284932183,0.110447025763772,0.0427311579812155,0.0153565841186754,0.0344780322612522,0.0267657903499244,0.0651577605362182,0.0549649866556348
14554,3957,0.0337594055248852,0.0784126188707252,0.235274865937663,0.0769777916622534,0.0522398358356038,0.182710208625864,0.0256807997705885,0.0669058369264527,0.0331795794136637,0.136988951577928,0.0309861137354313,0.0468839921189414
13747,16013,0.065285599184573,0.0964973219444768,0.182544560871486,0.0562475925519655,0.0161228804732079,0.154880585213676,0.076407020410702,0.03273196272412,0.129335777420698,0.0736866846439652,0.101252880396255,0.0150071341648744
11803,14088,0.0626731382551239,0.0293141283371608,0.0171215105684217,0.0401503913567133,0.025234796207997,0.0242447733638181,0.0395841838694316,0.0574328343965086,0.0708395404873225,0.125182629967908,0.499127149319516,0.00909492387007826
17623,14559,0.0424374537741285,0.0972345223939395,0.324932962496221,0.0697089537577932,0.0802177129462353,0.148654971941789,0.0532937773321207,0.00860965538498027,0.0322190444051924,0.0310709887071525,0.0878554891394462,0.0237644677210007
15673,9259,0.0838039519487023,0.136388593104664,0.203284422995766,0.0926181178704291,0.00856649660815672,0.0749515606176059,0.0553121298325296,0.0321283305083445,0.0773671545389086,0.0658434956741862,0.126714895619909,0.0430208506807972
10825,9992,0.0371937686786659,0.198358904870506,0.302718747018967,0.0606514431249155,0.0194238552406211,0.13838059279213,0.0403884250542114,0.0282143949296703,0.0327498987482496,0.0210881173466769,0.0779555975428364,0.0428762546525504
9455,17710,0.0559729775013719,0.0579143998072182,0.256171976462739,0.0540388311632819,0.070759160201525,0.139033856888031,0.0181543770468696,0.0352519272933678,0.0319303530735616,0.171170543576062,0.0850435143470965,0.0245580826388763
17202,11908,0.033856096093017,0.279311459277342,0.319229782689287,0.0509632324161197,0.0230821158484611,0.0913457055436107,0.0433884280856548,0.0250418140493072,0.0347114300562725,0.0131948298716435,0.0483761886417994,0.0374989174274848
15547,15769,0.0448984728086317,0.0623584440111561,0.253368864015698,0.0706699219851197,0.138900340406053,0.123672163916975,0.0611265908240098,0.0285102689769711,0.0720385007242371,0.0288068512916364,0.0730175050080826,0.0426320760314286
17896,12630,0.0867801158097334,0.0659556616390591,0.146263038613849,0.142515109866098,0.125240419817073,0.112478824242175,0.0389183136509909,0.035743612559174,0.0574858607090516,0.081537861200373,0.0667766740076276,0.0403045078847964
17204,12872,0.0434007110535181,0.130182100930462,0.11375985001915,0.161068663045581,0.0446124994084832,0.105056684926503,0.0353694625907382,0.0520724629267564,0.0782080422177282,0.105299503902334,0.0822931330661097,0.0486768859126369
11661,12401,0.0660456766540959,0.13085836509525,0.139838556528185,0.117529013903397,0.0173240623737496,0.0945745712514691,0.05149592309322,0.0326320351150043,0.0805857696983779,0.0728076174019013,0.167708171546078,0.0286002373392723
15265,13358,0.0521305404308708,0.123306876696939,0.184416923774806,0.104188836873172,0.0596519208549256,0.117241009477985,0.0135263415843853,0.0448853752861029,0.0463447740825566,0.0340289692727925,0.187410620369347,0.0328678112961168
10819,7099,0.0739133758024494,0.214645229667337,0.158340945762342,0.10159775484286,0.0411357413495859,0.0902071514766279,0.0499915657733977,0.0292831392022325,0.0352805592096213,0.0367700549884,0.0985359956158243,0.0702984863093216
10408,9269,0.0763891938733745,0.157917746691426,0.197997081610837,0.0979221157595075,0.028104396660649,0.184261739169042,0.0496467687315284,0.0214800146130166,0.0384385866885257,0.0263340734961059,0.0838720151783606,0.0376362675276272
10273,11440,0.0642230638452401,0.0846939448142753,0.300059369988746,0.069764416966802,0.045197627506914,0.0736906923271851,0.0555267665888678,0.0218950927230414,0.0511868573642897,0.0286364647298412,0.1654740026565,0.0396517004882969
14564,9261,0.0547411148997772,0.152252622516441,0.248483070169863,0.064626675012462,0.0309634488589422,0.144973040235393,0.0389485218914431,0.0343710866555666,0.0347036654915859,0.0730420901765833,0.09799573420022,0.0248989298917219
14154,11914,0.034283221390494,0.23544253598656,0.0830038721291843,0.161358294930852,0.0128589498133418,0.104953559863874,0.0239079068060295,0.0432881645483872,0.0594792083171174,0.0353082602536827,0.187829346130337,0.0182866798301405
15391,6848,0.030880730227474,0.284494290429095,0.293147225360547,0.0619055066228265,0.013107557750812,0.0926199912620977,0.0351534538664937,0.013628961288436,0.030872828135747,0.013984898646744,0.0956050861734104,0.0345994702363163
13730,7816,0.0701004155999645,0.161042517969872,0.321034543551535,0.0887473616480919,0.0235560513980511,0.0649864114313022,0.0394885220041286,0.023663236030175,0.0259307481126256,0.038145004462783,0.102224862633497,0.0410803251579742
9730,16745,0.046909601139296,0.101864914003817,0.274752570067833,0.160989222847105,0.0437043673337559,0.134618666732613,0.0326038011115387,0.0448435109588875,0.0393033805832213,0.0253841778178641,0.0640176010988156,0.0310081863052518
14003,5887,0.0374466013774263,0.22973234167646,0.280490084351939,0.0241986599908634,0.0367098941627536,0.145513805653451,0.0322070658792739,0.0115355841486657,0.0402620761451704,0.0308821695882607,0.106717471609035,0.0243042454167013
7641,11686,0.0839833825797052,0.0415626737108755,0.194483782251255,0.0685469617778658,0.0283381074026848,0.106527800328681,0.039256724100676,0.0187145579097278,0.0839706614285466,0.252710687927834,0.0623343593366825,0.0195703012454669
8060,13373,0.0580932747398306,0.121528239459735,0.248165439872945,0.0748581437546408,0.0510331393694114,0.11767290054903,0.0273443926348419,0.0125410089268821,0.0859609669423899,0.108492653513645,0.0707499091700423,0.0235599310666067
16226,8776,0.0312329012024329,0.203188507694319,0.286326942139724,0.0691511032718924,0.044961791611572,0.143317525173611,0.0314379624897312,0.0259487468838453,0.019278656427935,0.0262546207473214,0.0881923631234098,0.0307088792342055
16223,7329,0.0429082763497058,0.193575117397311,0.15270764813435,0.0661308466427201,0.0508188548554961,0.174951659565189,0.0462209496789287,0.0518648084021266,0.0473262207346405,0.0363242005349861,0.110379554828495,0.0267918628760504
12065,6855,0.0532002549626642,0.102118106386513,0.123281194205339,0.130243087607071,0.0407387023474248,0.0840748949202574,0.0661395304331981,0.0374182365094267,0.163579518918728,0.0988513781311167,0.0745825816856242,0.0257725138926371
14720,17699,0.0540582050226308,0.0819964041749942,0.225305226038201,0.103726580356268,0.0362827431173979,0.141857747846248,0.048830944477772,0.0282850907816581,0.0782801533018834,0.0470165618800823,0.121497688795694,0.0328626542071703
12477,4685,0.0499225059176198,0.118348196344687,0.25480866839873,0.134141335260376,0.0175971976767695,0.210553313365449,0.0393947647374828,0.0344608649348765,0.018580762500529,0.024291824259055,0.0677044230887079,0.0301961435157174
10130,9270,0.0659460465137589,0.115901235730786,0.108443191098679,0.0864265915025247,0.0363650054895266,0.0812231192154123,0.0526663597978728,0.0207353283552271,0.0891712812929306,0.19121648508447,0.138999840829213,0.0129055150895983
9722,12887,0.0413254981269888,0.196670057221678,0.241927180537672,0.11456072306634,0.0252840850289158,0.175368638638035,0.0201634763549082,0.0226926641965884,0.0279701236880437,0.0211584214195449,0.0942094761134399,0.0186696556078455
13333,17220,0.034077331057727,0.117352748010969,0.197151132577178,0.0766544533345476,0.0183374430177367,0.105966537207704,0.0318641441516116,0.0151492399568574,0.0430591463362684,0.173411172930373,0.167711472224077,0.0192651791949496
15951,9740,0.0471345421882279,0.199311044995322,0.165314478426605,0.126564593999198,0.0231664390121049,0.101077941413042,0.032988652835784,0.0455474347342125,0.0538918667426965,0.0608802580968098,0.0866581610746367,0.0574645864813607
13190,15050,0.0528618990830286,0.011503114765124,0.0165385898574408,0.0290621857851219,0.0247615865936991,0.0414458924791854,0.0820051983542018,0.0239811906228002,0.13284074834804,0.205322900719048,0.362051743166183,0.0176249502261276
11231,5410,0.0625141606104066,0.214634279774812,0.270001845743264,0.0616760846157104,0.00544749809120215,0.11976068546036,0.0281172322715811,0.019306131146372,0.0585446720442546,0.0448421081972772,0.101264779597636,0.0138905224471231
10411,11198,0.0590526513479183,0.14219157982423,0.285044335939261,0.0954095349994066,0.0320971269533398,0.124731249668718,0.0241111452768838,0.0152316556410319,0.0491121624814091,0.0302866230586244,0.109867746331203,0.0328641884779739
14140,5163,0.0347170933316741,0.211130916215396,0.317853561403569,0.103917402802724,0.0164369454106923,0.098221966491623,0.0312962385358634,0.0346974993976937,0.0536631134733558,0.0253868012930334,0.0501705950216601,0.0225078666227151
10284,16744,0.0665696998204706,0.131819408436349,0.250769144094258,0.125941646665046,0.0450059726411848,0.14880678478917,0.0400156775926801,0.0314888635062761,0.0317530832278287,0.021506460687105,0.0442023736679883,0.0621208848716442
12905,11193,0.0550256550909059,0.12577307254504,0.400031159179607,0.0586182733732613,0.00688421094246371,0.134509524064441,0.0216048973803809,0.0228312099185215,0.0277787102298157,0.0240293726547541,0.0541459013390505,0.0687680132817575
13323,11916,0.0404039340041227,0.0778885934361495,0.0616385935308246,0.0546157734825702,0.0178276955611165,0.0689533292520447,0.118772897826384,0.0490605025569906,0.135209740837302,0.209483939889908,0.152688900765533,0.0134560988570548
16650,12873,0.0402548415363413,0.0173989791387893,0.0928396417684564,0.0378864742250296,0.267227599436208,0.0453763118189814,0.0890928824653091,0.0156029480122582,0.0685798844221408,0.197085811698564,0.0745200828572871,0.0541345426206347
8189,8310,0.0135505406798175,0.0768735280319774,0.337479922744991,0.109017030105106,0.0399913305074821,0.105530653997183,0.0488803273404098,0.0475063813240749,0.0402742024915281,0.00666413284700435,0.149013512610981,0.0252184373194435
18037,13353,0.0381845901511037,0.00566201553970313,0.0655802397069328,0.0348405257997754,0.0503503042174887,0.0592502755252512,0.0273197828488541,0.0177256381294455,0.100097580564402,0.552647655664308,0.0424806837427186,0.00586070811001646
14716,15770,0.0593390673912616,0.11736764862374,0.127828068281845,0.160283451939388,0.00982425461194435,0.139967848076941,0.0710656163216017,0.0261787228242986,0.0925905274450759,0.0482985006423342,0.127629334196937,0.0196269596446331
15110,4920,0.0465950100325031,0.170624353831853,0.294633589224045,0.104157318185179,0.0121707344998644,0.10325490672128,0.0558732564253225,0.0295698489856412,0.0251585460927671,0.0550906337857202,0.0588646171556338,0.0440071850601904
11116,17224,0.0631108793265842,0.116096712355122,0.356320850828826,0.0783183606681896,0.0326960474378554,0.120942029872508,0.0450945830697387,0.0176727294908234,0.0420625108092592,0.0307938198772325,0.0617553368440866,0.0351361394197749
13329,15291,0.0492971995920775,0.133430169623669,0.14401673143712,0.10624599336692,0.0478555973639726,0.212382707215751,0.0462650348360569,0.0324391077547342,0.0706752916717807,0.0223975163788575,0.095018307099305,0.0399763436597549
12907,12157,0.0721858266552653,0.196754851263096,0.275442797976094,0.102707551232292,0.00616917655000027,0.111541053130207,0.0518929587958946,0.0229800473686235,0.0538168989950191,0.0124158414378829,0.0515177944438829,0.0425752021517433
8899,17229,0.017641190579074,0.00257493197025527,0.0265938070518035,0.0169032618872592,0.0311605828892246,0.0577174335515308,0.00962384092607841,0.0101807174519982,0.0623368134262629,0.737592584730122,0.0260474501129257,0.00162738542346571
11809,16982,0.0474777892161299,0.0643757379501388,0.354323110959618,0.0959639306883857,0.0660358497500736,0.211469266643727,0.0080419028276834,0.0112437087239899,0.0220393063171118,0.0174822377803735,0.0759871358349548,0.0255600233078128
8192,9756,0.044384588902958,0.301100444893382,0.227148566480032,0.064217684590102,0.0546916319791805,0.128753926368562,0.0241535347975293,0.0278165872632275,0.0315481639599844,0.0220625906128224,0.053869755344949,0.020252524807271
10814,4688,0.0296286873278973,0.261549555106218,0.254877447951669,0.0853773544455084,0.0120075920265293,0.117486338147509,0.0256685752603184,0.0167397236203078,0.0381668115384586,0.0105986618210133,0.0949555015329012,0.05294375122167
15389,5884,0.0463846524551734,0.256421575690993,0.32422586880778,0.0737599778611292,0.00675126278658035,0.0871470035354396,0.0322821568480418,0.0383944779301127,0.0181654390986581,0.0230369064881886,0.0743335760788987,0.0190971024190045
9439,9995,0.0431339330541772,0.18396013009704,0.283692344524822,0.0908533493387441,0.039202682223356,0.150566445926084,0.0221255503598796,0.0170041316141621,0.0364547289114549,0.0246412517854786,0.0831496814303802,0.0252157707344209
8340,14819,0.0782072319743676,0.0380455904236128,0.0817103205522755,0.0515033419706263,0.0458194355356396,0.0417068209388659,0.0442525374613642,0.0262813821568011,0.102766409330018,0.404268842608692,0.0657023478847198,0.0197357391630174
7638,10239,0.0701940355860783,0.22872256540999,0.159202366634276,0.0753316463232928,0.0260990270956007,0.102452131153965,0.0483300526646444,0.0260976940196613,0.0616828406279037,0.129650943492603,0.0558871408833449,0.0163495561086404
11245,12161,0.11260722114409,0.0492284208431709,0.194011205687456,0.10897266786954,0.0175548970019577,0.109381801946649,0.0295398464168579,0.055939645575035,0.0718949045578461,0.113741571334833,0.106696320018257,0.030431497604306
14284,7815,0.0449467853231181,0.162493873242554,0.357280212790694,0.0771749070652561,0.0086328509239388,0.118477729399914,0.0321079850423869,0.0355084149243081,0.0321559527924393,0.0100063906906626,0.0841101972459961,0.0371047005587321
7500,10481,0.0434698335678512,0.19672287473686,0.116207842836095,0.0682674124605989,0.0169671661439595,0.0938094483530658,0.0262169949688259,0.0184771907529436,0.0472821798802765,0.309050008085387,0.0455417917881697,0.0179872564259674
15672,8777,0.0323096575870559,0.184256182545083,0.201459206706377,0.101492444106276,0.0425079568379986,0.098047909054959,0.0527205452867324,0.0376308342322276,0.0739254006110651,0.0581786293223863,0.0625398064860156,0.054931427223823
16794,15525,0.0610644839892313,0.19855398069401,0.21251266283655,0.111381128783477,0.0334725304574685,0.165054518529556,0.0245684273383585,0.0295176006010864,0.0248244751936723,0.0292935812187134,0.0628928590600806,0.0468637512977967
12630,12158,0.0610546303807158,0.0698268232124615,0.276068978073468,0.102762194089381,0.0609430357444299,0.138905822958367,0.0543437997568989,0.0191494012066194,0.0476904154568398,0.0716716815528617,0.0892381606539643,0.00834505691399238
17194,8050,0.0514594435030534,0.112936582363642,0.336962324718982,0.0412440572885899,0.0272239454646865,0.134881447132053,0.060943158496473,0.0254857748907841,0.0707948922858313,0.0786694696518973,0.0450767225796619,0.0143221816243458
8203,15542,0.0433397286360485,0.0701060872183309,0.310641471777244,0.137065867328035,0.0341732503502171,0.127708584745745,0.018920836020526,0.0206699341549285,0.0275340460023836,0.0925950613106598,0.0856241666450537,0.031620965810827
16655,15284,0.042683024742123,0.117807661308266,0.216238943769201,0.143768133511177,0.03944875269062,0.0974021835001986,0.0578440894183692,0.0345541576538697,0.068521235644942,0.032985005478223,0.131573138749353,0.0171736735336575
15257,9019,0.0561951652983353,0.265525126624867,0.260134999347937,0.0653143954007997,0.0144126753099477,0.0913859779073966,0.0420510259580835,0.0175385626235317,0.042635193043841,0.0254131002495702,0.0782302072492817,0.0411635709864084
10548,9992,0.0579734876080192,0.222175642660631,0.209586232086136,0.12728411666112,0.0282655242930941,0.0729229769957098,0.0500471190359175,0.0376255337274205,0.0443182907254762,0.0293785850129709,0.0696537248976238,0.050768766295881
13723,4441,0.0775249836286682,0.152670299089277,0.247451324564538,0.084269989252705,0.0137490268691393,0.117967315680901,0.0145246129007465,0.0363468371807958,0.0528991875200442,0.0473606394926498,0.125978355386534,0.0292574284340016
15533,8536,0.0611684088651674,0.176540483992244,0.247686719066482,0.0648407578324121,0.0401503101539656,0.101633502242092,0.0385064801524893,0.0261269776518778,0.057827782065832,0.0593865715168895,0.0882798714033823,0.0378521350571658
8481,16024,0.0830445080794389,0.0551687754007602,0.313583447870849,0.1398365924574,0.0451989382572619,0.0677883127097087,0.039358675293533,0.0109651994101792,0.0618198666886595,0.0310196264512616,0.127524104901095,0.0246919524798532
11375,8062,0.0748529091783883,0.204713487323174,0.168406908549134,0.0816226426235784,0.0244408114857718,0.107084762415388,0.0487650450943919,0.0446441181090951,0.0683104230503121,0.0337536898678358,0.100371911316004,0.0430332909869259
16920,9497,0.0377704310387597,0.14462215746087,0.243382111334876,0.107449006666694,0.0260636702647266,0.174562195094832,0.0326562132746465,0.0182043031509677,0.0289407319316901,0.0235435408099639,0.134748670688412,0.0280569682835617
12906,11675,0.0436996874577584,0.128720510993949,0.323188779958154,0.123047185917703,0.00399469919767872,0.0866584133812854,0.0313792688797002,0.0209276710968356,0.0674570092143389,0.0469795046993317,0.0986272234266556,0.0253200457766097
11794,9749,0.0300451154878881,0.180142793652604,0.258810479139937,0.0885484232029202,0.0319037913718134,0.133563844706381,0.0570300191062979,0.018003491679072,0.0533792189744868,0.0448573796678982,0.0715457776942088,0.0321696653164929
16638,7087,0.0566445898776959,0.0303725432159139,0.0810564458917107,0.0567493331848916,0.0176191866007883,0.0634564655185972,0.0426514591894335,0.0313495804667973,0.150259002262041,0.399527037777227,0.0624794407894193,0.00783491522548412
15266,13840,0.0253256880561379,0.0976943840634587,0.15211465599776,0.0864785779427442,0.0756511104182534,0.111511998120374,0.0371310509491704,0.0397748624627402,0.0501901049070901,0.0191195333235625,0.230614696781253,0.0743933369774558
17060,10220,0.035987932140298,0.157829929152922,0.246587490927257,0.108511375558942,0.0563828192523291,0.106449816387785,0.0469642964156433,0.0366103907192826,0.0529637150647748,0.0414731062041067,0.0774025377439604,0.0328365904326985
12360,15534,0.0843834133883488,0.149006083599004,0.155368110002087,0.0425780000722588,0.0334106359843456,0.166471557696946,0.0538439725232907,0.0761365179208141,0.0656334420719314,0.0332600195294587,0.1123851742543,0.0275230729572151
13887,16736,0.0529431325084497,0.20480480491446,0.178993596427104,0.126001159497922,0.0484956911406285,0.0750764917428819,0.0278878592861496,0.0528901900818299,0.0544561086355984,0.030877377834253,0.115102655716132,0.0324709322145904
13724,4923,0.0649501266015817,0.193925174995439,0.279492459035672,0.0971597290310347,0.0135988453832382,0.104302312145393,0.0212571754388443,0.0164807365576656,0.0570869545346809,0.0272047655362651,0.0948330258809493,0.0297086948592358
12211,10471,0.0549858340364874,0.186955304483809,0.282283850873706,0.0917984516979178,0.0211022258918985,0.0716517827939699,0.0342982049497308,0.0248636830734483,0.0302361860906799,0.0189053941712763,0.14161566464583,0.0413034172912453
7914,9757,0.0540320366875972,0.089576753403793,0.155429090973113,0.119598254787705,0.0494933583449024,0.0970454985032367,0.0830575158645616,0.031826999066892,0.0500418876181553,0.0665948142662985,0.140542681849441,0.062761108634304
11942,14329,0.0350256697363452,0.0226345942661486,0.0237558796443229,0.0252681805153983,0.0380808717686538,0.0257518470324838,0.0223311055292198,0.0489429233228398,0.0569609954994247,0.114669602946206,0.568762338513045,0.0178159912259124
12067,7820,0.070821543587355,0.0848398852781259,0.258808543484706,0.0776268489410363,0.0569952231837321,0.124795223746618,0.037977396583485,0.0259488413373878,0.0559220011337883,0.0609823194732658,0.120311069758834,0.0249711034916662
16501,7811,0.0744732657526873,0.0793636648260159,0.360957732058831,0.0943741389282848,0.00279081277010539,0.0866614299769295,0.0413565403472775,0.0439665092271226,0.0457531453074356,0.0612404673326917,0.0797436113795559,0.0293186820930629
15544,14322,0.0600928160711001,0.119664725173141,0.148513805076901,0.0826735063011386,0.0619998611596564,0.0863344385746702,0.0513383032679695,0.0831631206795749,0.0752608011257743,0.0549277351394604,0.127794141476691,0.0482367459539238
12210,9989,0.0403819008245949,0.118581925710362,0.350772149962508,0.0916032092582186,0.0246906142954971,0.190410536689496,0.0456382950944022,0.0164300803217644,0.017068615561162,0.0120472734142062,0.0487815332852566,0.0435938655825323
10838,16742,0.0452457720252896,0.204019596085179,0.249232940129933,0.0761553558563811,0.0284949402191109,0.134791869722005,0.0344904685992999,0.045899112325141,0.0472931756501761,0.0300662252568843,0.0806223693339067,0.0236881747966931
17069,14560,0.0412459190527049,0.0808993113382145,0.266407709890552,0.0970208258746854,0.0665540714948547,0.173603514925892,0.0220600902456568,0.0173951583585835,0.0409761732102437,0.0493349255020527,0.114140645002581,0.0303616551039781
11792,8784,0.0748898016332456,0.200588769833186,0.218637682426037,0.130191316882158,0.0352343576693033,0.0825250358958455,0.0333816885085216,0.045535312408116,0.0489817622500397,0.026666504232585,0.0778769576891604,0.0254908105718016
11249,14090,0.0323728490322526,0.0255656343554074,0.017181798319516,0.0529219557971828,0.0225993918231625,0.0359735564591414,0.0256962577666623,0.09188634130611,0.113303085346804,0.0573903409756008,0.506852479322647,0.0182563094955133
14012,10227,0.0870625373185179,0.148278987065993,0.224796708298358,0.0973803840117142,0.0356572217431476,0.140046242130567,0.0506899854800368,0.0262782821317061,0.0594049540773764,0.0264799726353179,0.0789005466899174,0.0250241784173479
14441,16735,0.0436634507530877,0.112774526980363,0.140080875718367,0.147300002417984,0.0930133140754805,0.123510914877496,0.021542510430035,0.0364752656564496,0.0722401728942729,0.0852545012389926,0.102126136951472,0.0220183280060009
12085,16499,0.0745510055059478,0.0563255705084556,0.285376828345396,0.112465497896734,0.0156638196541604,0.140302824567937,0.0354599553024065,0.0248251643251786,0.0621719777224739,0.0313194198488215,0.131703125904119,0.0298348104183698
13055,16738,0.0887109630801245,0.159269404401848,0.197945818884047,0.119473123619415,0.0176061250717581,0.100666415270889,0.0452911941690244,0.0189095245299989,0.0830268965822106,0.0323025957469759,0.108923305899919,0.0278746327437898
15946,7330,0.0599870179503706,0.147313693370356,0.290496461216248,0.0904888401644482,0.0209487165536797,0.0981449761704812,0.0686952824971479,0.0270986507322307,0.0337273978719016,0.0188894617058007,0.101078864367777,0.0431306373995587
11368,4687,0.0320181746366432,0.160388349948224,0.305818074096287,0.151567231630746,0.0179026325231005,0.0960128260343686,0.0332449194252146,0.0275759907142557,0.0305690861718134,0.0162656981210479,0.0839810674121317,0.0446559492861671
13469,16014,0.0706715052792562,0.0738216625127135,0.230840133569951,0.0986471207831647,0.0221880562152103,0.0967454731828048,0.0505560916262723,0.0458381257022531,0.0642192090256062,0.0806176045911415,0.138887021834707,0.0269679956769199
11234,6857,0.0434324552808652,0.173479317726145,0.283620100390437,0.131368721296272,0.0355573844221552,0.141886774578838,0.0278638973153345,0.0328468563980678,0.038161648405302,0.0176595929978141,0.047403445204342,0.0267198059844271
8057,11926,0.0248115962635359,0.0791510221787973,0.309510240063757,0.138720823973751,0.0759490520598219,0.146119728888319,0.0336237189909443,0.0222201175459778,0.035685355566181,0.0252805318528272,0.0713486303727227,0.037579182243365
10817,6134,0.0885654478610247,0.128904592055848,0.25975728057585,0.0996733675434134,0.0126510213170035,0.140620334104629,0.0677619084986468,0.0398583493564655,0.0373359382798186,0.0133732256460003,0.080541841179531,0.0309566935817701
9591,16504,0.0454821844254499,0.0517670960479335,0.373770417237448,0.102265816970924,0.107841112633668,0.143323374750994,0.0195365508966668,0.0209666730897944,0.0202089265705105,0.0165826509939586,0.0643728676707258,0.0338823287119263
10822,8545,0.0431832830779069,0.147592134108834,0.364011212763191,0.0588355994446403,0.0440007673283346,0.164722949111523,0.0182376795517985,0.0188084703910511,0.0286194832252194,0.0118367072026453,0.0633002995565091,0.0368514142383473
16361,7088,0.0711096956194892,0.103052547668011,0.119764642747148,0.117598219377471,0.0167622360419893,0.139035039962997,0.140036567154027,0.0435804098877013,0.0616322767840169,0.0718575805425741,0.0720233258554104,0.0435474583591644
12066,7337,0.0743320219915512,0.0950009171460927,0.187690578516775,0.118140500792081,0.0574274760871799,0.134868248398577,0.0540055604155688,0.044390929896384,0.0958689937132012,0.0582650796983199,0.0608493811267006,0.0191603122175684
11530,16018,0.0592220174851949,0.0861755513904099,0.171937236529382,0.165396518101031,0.0394080151722453,0.0909085163693704,0.0831023243253148,0.0451175550566143,0.0624111753318893,0.0823432765970785,0.097171227676305,0.0168065859651645
13876,11432,0.0332390954817616,0.109914382155941,0.356736718988888,0.10876549622575,0.0452769541404328,0.132628525099359,0.0572071418626052,0.00717029127947631,0.0244925849957798,0.0268832611849248,0.0914752071396365,0.00621034144544445
9569,5896,0.0336969503679049,0.248125386852739,0.255011281155777,0.0536424050891569,0.0474322794556612,0.136858009945524,0.0583131622145816,0.0240042346601123,0.0506075394392354,0.0229376854314713,0.0489225150582233,0.0204485503296133
15135,17457,0.0287728410729143,0.196165822428289,0.152362608200203,0.146480728017605,0.0108544905628158,0.069569600930208,0.0627428178732618,0.0690221726003317,0.0387705842295891,0.0487951204483071,0.153847397325875,0.0226158163106005
12078,13124,0.0522057051714406,0.107811025412632,0.277881634002701,0.0928985375979179,0.0635821728775832,0.153945205438186,0.0343812469050453,0.0190114787798326,0.0431457853023319,0.0372601701721384,0.0717260708228455,0.0461509675173458
12347,9266,0.0522345685835511,0.204077156958539,0.241510408989713,0.073024371592965,0.0394505605169936,0.190165475109675,0.0373160923768604,0.0232556173923956,0.0307884303914153,0.0214074750274112,0.0656722609408719,0.0210975821196091
11239,9268,0.040149518206516,0.153477637203574,0.246696699959906,0.171413508649152,0.0174221958009705,0.110182544919775,0.0446739249936879,0.0225570859321346,0.0523377951638754,0.040039012648753,0.0738006380269186,0.0272494384947374
12616,4925,0.0294281786303882,0.266311718616931,0.200676807330462,0.109418674058054,0.0149040450929856,0.0944611692357166,0.0318744734017003,0.049493709714643,0.0413220699590925,0.0365274459602431,0.100394242788313,0.025187465211471
16511,12632,0.0400531949480113,0.180427681103695,0.202965605708428,0.147413568319551,0.0246664636140553,0.116827332899116,0.0524908603936698,0.0221781517205548,0.0755350558899997,0.0738566003562628,0.04693089616669,0.0166545888799659
10695,14573,0.0272707646613967,0.00881496302066142,0.0177505840199115,0.0276712991620303,0.00781054112403715,0.0306294628057716,0.0482047309068937,0.017576609331457,0.0648126815348717,0.0854315664493652,0.657880524398739,0.00614627258486485
12202,6132,0.0566695775453658,0.162608016200489,0.32461029133498,0.114616389939868,0.0220730980154752,0.116670479687906,0.0448122060540962,0.0257272405597701,0.0317447111810812,0.00914568246903062,0.064513568405401,0.0268087386065363
9999,12887,0.0445927685760573,0.111682634580974,0.253119077776503,0.124246505019801,0.0448830614635819,0.196272261205777,0.0280054287574873,0.0311072236665533,0.030771581479825,0.0271443221809759,0.0927455596126384,0.0154295756798267
16642,9016,0.0361161436185317,0.176362600858759,0.288871212923974,0.0883542410088943,0.00464932885791673,0.077675610339447,0.0687947855197277,0.0170078256848104,0.0399110517643703,0.0387085667706058,0.123311173554828,0.0402374590981356
13187,13603,0.053891972105381,0.097231787274749,0.136831697576473,0.125568911204057,0.0462501657416368,0.11785933231872,0.0254014730041067,0.0364679433889778,0.057646395658531,0.131644340115421,0.13326147412932,0.0379445074826271
9429,5173,0.0444752357889908,0.195231313559491,0.313662966037171,0.0644521526184174,0.0354217980862905,0.170691057886763,0.0201250253877319,0.027624594005058,0.0193732163600132,0.0132201492823545,0.0687062904417453,0.0270162005459735
12358,14570,0.0622428606067639,0.0182549954986925,0.0582346024474844,0.0602492437778454,0.0264971690757356,0.0411750286770672,0.0253248321823928,0.0229785129998691,0.0417494934295398,0.161912628411218,0.468565029270665,0.012815603622726
16657,16248,0.0309327555081116,0.160042632245406,0.340785728932612,0.110017800143748,0.00934462179383226,0.106095132555221,0.0441946967208774,0.0134603622455411,0.0168941943166142,0.0107251382894806,0.0789760818613558,0.0785308553872009
13312,6612,0.0657446248247577,0.20309864914549,0.264445743575783,0.0657866969100974,0.02245179349233,0.15672295927357,0.0418789715904296,0.0304906182032776,0.0369162759631344,0.0229368223634963,0.0541621183809036,0.0353647262767294
11243,11196,0.0580242615452878,0.0598931770591828,0.116336784178635,0.0303467142478901,0.0243379852469431,0.123608135240907,0.036608598594062,0.0168399120683086,0.122023613198978,0.103224691298061,0.295952599176069,0.0128035281456753
13721,3477,0.043437831298207,0.0699426812516238,0.172045251501694,0.0438288830833237,0.0218563722974885,0.102731275241067,0.0350024956775714,0.021526266771054,0.0483873966946739,0.343211833153735,0.0734348422055823,0.02459487082398
15549,16733,0.0572953037470302,0.124477509950233,0.188439383735953,0.0974455980958128,0.0279122383025123,0.155948584464406,0.0343309918101859,0.07017561995107,0.0641483721955034,0.0740606244039663,0.0699056719697621,0.035860101373565
15111,5402,0.0338043529832969,0.173661533902056,0.418516709311584,0.0316692493951675,0.0119069548585212,0.112276038884735,0.0589515618999453,0.0110122377744722,0.034755214832933,0.0100679888373615,0.0820498097823344,0.0213283475375919
13050,14327,0.0457645898393558,0.178550627552994,0.189448268173598,0.10235606564773,0.073422289736044,0.144539453769536,0.0434479373569368,0.0497150547699473,0.0250506528932023,0.0317486994426397,0.0951154723639078,0.0208408884541092
9990,8547,0.0489591646672936,0.153139247901763,0.238724183005699,0.0576874018711716,0.0747507397717463,0.148706111698507,0.0432167925275271,0.0276223073601799,0.0480505011779757,0.0269289243401907,0.0931478120461031,0.0390668136318433
14850,13600,0.0896246158178702,0.124057577057113,0.188547026266283,0.0777614140290579,0.0265106064445525,0.112450653902108,0.0530332877698612,0.0538021700132173,0.0603167752926664,0.0551314966771531,0.130000091273219,0.0287642854568989
10277,13368,0.0583028021591406,0.0938941777757603,0.164478779469872,0.0500766905728042,0.0242442256560846,0.101813630826341,0.0127919190985572,0.0246371486175282,0.0824351341890236,0.213675772378749,0.158529695668157,0.0151200235879833
13864,5646,0.0444315610912853,0.106953765280928,0.296766838099773,0.108981809619009,0.02657947472331,0.117244865088161,0.0310987925752745,0.0214692312044447,0.0460315261100431,0.0663730285959785,0.116558599771656,0.0175105078401368
14982,10466,0.0530107908734727,0.166937909383019,0.204497591146501,0.0516714425226771,0.0265251503526867,0.152174576750894,0.0379873587398061,0.0169063247671038,0.0797213608068854,0.0427851956480641,0.119027883389847,0.0487544156190435
15956,12151,0.0303890363695084,0.165204612529863,0.270534348378426,0.0843626611878066,0.0338520167101681,0.196476695739512,0.0460523814424034,0.0157711204734921,0.0296284918475075,0.0143094365546496,0.0817560467473165,0.0316631520193466
10418,14573,0.0795868922090684,0.0226995488556039,0.160753931264004,0.0639803076071759,0.0279481956156789,0.0551812962188414,0.0453534295599214,0.0109481249542979,0.0713656882174314,0.0796763098774959,0.355744853430571,0.02676142218991
14290,10708,0.074865265954811,0.159929274177817,0.233842424468263,0.0792981081444717,0.0266443821756184,0.0710007337854327,0.0517867009384663,0.0164427527018581,0.0835723436598977,0.0414360675296831,0.144779003864524,0.016402942599158
13600,11915,0.0673940011607551,0.143600361490261,0.217655796210864,0.0568221862022181,0.0197396287942699,0.133393682257351,0.050143689493973,0.0306264684210058,0.0681043653772722,0.0588097611545137,0.111936819905271,0.041773239532245
14846,11671,0.0568704086381703,0.107339844823366,0.0768029734349266,0.0708524293439395,0.017396847717142,0.0775151518520784,0.060325544548653,0.046410312021705,0.0785380812930465,0.102324245834759,0.296410753117619,0.0092134073745944
16087,8535,0.0537970215593127,0.177064972039258,0.284818206917449,0.0888587615716292,0.0287060412548195,0.10233144846424,0.035395228117535,0.0275463028986746,0.0404038536301762,0.0347844207008412,0.0602355080191226,0.0660582348269415
14848,12636,0.0681617404782937,0.0143339801516534,0.0280308678116852,0.0387577945192741,0.00848284306028501,0.052866875233304,0.0397919162258494,0.05016855880131,0.0716664731317923,0.0589590031186322,0.559656971893642,0.0091229755742784
9718,10958,0.0419282705790501,0.112194223138824,0.128410254540539,0.10266315863707,0.0812894891282843,0.156036645329035,0.0340388740077966,0.0179935131702754,0.0480792064318251,0.081955792637788,0.15648220376435,0.0389283686351631
9034,15058,0.0421338682363448,0.136884011635618,0.245500935301261,0.128059619497972,0.097785622184692,0.147981986548376,0.0299275835314432,0.0211440064323632,0.0349371813239103,0.0270878211363422,0.056633850911501,0.0319235132601759
14144,7092,0.0735717604821277,0.137269504057197,0.336520259844689,0.075608292509771,0.00190044786967022,0.0580319873505448,0.0378130580065489,0.0182107833346381,0.083338558949048,0.0446536793175757,0.104998626106409,0.0280830421717804
12352,11676,0.0398128919024853,0.18253487982308,0.274723479619924,0.085592096013454,0.0178686366796692,0.11679351566927,0.038829673283777,0.00972887800669151,0.0429582154660219,0.0209839251471767,0.125884407611328,0.0442894007771222
14991,14805,0.0491633748902338,0.0857090925593384,0.215713804056758,0.10456454533256,0.171882540512386,0.112302328940218,0.0407349979326281,0.0178336860969885,0.0563210146748906,0.0302353321588607,0.088314193464819,0.0272250893803201
10692,13126,0.0390132932402351,0.14040018191051,0.19432549607101,0.104275662316458,0.078796216442825,0.0809186048201882,0.0416609152820181,0.029874695476041,0.0684801121125395,0.0586845499504574,0.106041789819326,0.0575284825583909
10403,6859,0.0371633522614874,0.204766550743126,0.296543628790546,0.0834539813191583,0.0188275442982398,0.110074004111388,0.0524832755783736,0.0337404123345414,0.0244481597575255,0.00830935620978667,0.0837228815407775,0.0464668530550503
11367,4205,0.0456511368980936,0.238334700532886,0.240908884723335,0.0664304073870059,0.0188861252558645,0.17020518312974,0.02990859727548,0.029429827409618,0.0466235809538536,0.00894425825107019,0.0644625784390174,0.0402147197440358
8883,9031,0.0436137967648702,0.197194094941306,0.31845225807281,0.0531129011788168,0.0158489779594535,0.104053376319933,0.0214881964838508,0.0148370336005149,0.0342420362814314,0.0329421560265713,0.132054984152934,0.0321601882175075
9291,5414,0.0549288782638793,0.187097802589294,0.3112128911494,0.0616021050978067,0.0279555245984528,0.157530580186769,0.0192217258997021,0.0144194207821629,0.0507125685030788,0.0158034352371526,0.0537198051797369,0.045795262512565
13451,6852,0.0604376066245233,0.279482961291326,0.269325359421116,0.0747821195854224,0.0242389927181543,0.0666886757931,0.0348096750052435,0.0160637416094969,0.0374897120624604,0.0170321043940575,0.0878499549239092,0.0317990965711907
16781,9257,0.0580794791076314,0.187155023915187,0.252361365254635,0.089951527387381,0.0161170212658157,0.121033445969691,0.0389275434797773,0.0238775605902313,0.0473019013346894,0.0236373041868673,0.122346959779869,0.0192108677282236
14163,16254,0.0435187046361385,0.078900377150954,0.221020716171936,0.102303060834739,0.0522363044713629,0.0938398916418714,0.0765875474811558,0.0177970697172228,0.0739871519117501,0.0393186148600143,0.152038568135204,0.048451992987652
13330,15773,0.0726456331435595,0.0796456162498101,0.249199911955879,0.0995552877571262,0.00981309521314264,0.169764012928771,0.0344621867948737,0.0168620560458794,0.0446336631562268,0.0673178852218119,0.136118053203182,0.0199825983297371
10964,10233,0.0639697278547726,0.160791040884779,0.256583444773037,0.0894297641162553,0.0636895472799011,0.127344670951683,0.0328630792278097,0.0180733277788906,0.0260256761400262,0.0225699893464522,0.111972453719773,0.0266872779266193
9588,15057,0.0652772539201055,0.091942329873465,0.241527202810226,0.0931812523549224,0.118553381769793,0.135413687201336,0.0333227358665708,0.0138452473544513,0.0529662202322628,0.0480058805849927,0.0885877588723455,0.0173770491595286
17898,13594,0.0206641529223423,0.0758243557892716,0.280957854107278,0.184084005738349,0.145272291522338,0.109584128982385,0.0134967381248491,0.0508513982513209,0.0107286002333115,0.0231181011316535,0.0611751534490719,0.0242432197478295
8887,10960,0.0440375434694843,0.166722459965485,0.356915222491193,0.0763880615320052,0.0248264192383354,0.0495390629488228,0.034221986970167,0.0277613820646605,0.0386067467892968,0.0223698976614947,0.122053166176093,0.0365580506929628
9170,13853,0.0410058756397567,0.175301523675414,0.266515388688224,0.106330977481938,0.0297497314829242,0.143118505899064,0.0333750527636045,0.0286631603880796,0.0490826368530177,0.0249733160467479,0.056635861455614,0.0452479696256147
10953,4929,0.0602228121272816,0.182366568778505,0.267083369213895,0.0788170602465665,0.0279205419493236,0.102952134949966,0.0679933935528464,0.0311642913402483,0.0441547982455051,0.0170019117421592,0.0785882871331365,0.041734830720567
15538,10947,0.0489388589655357,0.229536050149675,0.162711099712891,0.130828660020966,0.0367609016961659,0.0817153699181015,0.0367325557349489,0.0590479897038955,0.031045723867732,0.0555341834339205,0.0958853194810565,0.0312632873151114
10275,12404,0.0858826006847536,0.111617497381195,0.246756942954094,0.122814977428157,0.0299114486920421,0.12823052288918,0.0510984577432699,0.0191408070379043,0.0593508520635384,0.0423244389410868,0.0669382061064746,0.0359332480783054
10560,16261,0.0613140409329367,0.10235032236367,0.279907363031632,0.155350849915109,0.0463436397141492,0.113665213610579,0.0258856968935401,0.0392655330421237,0.0201187253497358,0.0182282910255658,0.101578773773779,0.0359915503471801
9709,6619,0.0505766843608319,0.208140882519417,0.294982266071763,0.12398520395711,0.0400408775709197,0.0826844963236915,0.0636070242181298,0.0107589645320442,0.0446656344520839,0.0130972389351445,0.031532684073677,0.0359280429851875
11802,13606,0.0365210099823407,0.171483608673688,0.0531456229415967,0.141145464148347,0.0353092912983743,0.0493829360981522,0.0483307758347428,0.0469211321744138,0.105276302023218,0.0742478768745526,0.229189540700142,0.00904643925043283
15668,6848,0.0680582994017755,0.17090141909293,0.30907499259474,0.0930979602976274,0.00880422987242271,0.0971461162571003,0.0366861995065023,0.00936540703535348,0.0333890306555987,0.0183337987642529,0.0873290818236749,0.0678134646980221
13736,10709,0.0248413581543886,0.270295180470111,0.262656806171748,0.0645691981782723,0.0702162724782836,0.0948498810335694,0.023956296014032,0.0140511300134594,0.033811966387267,0.0448270697181101,0.0689265485734901,0.0269982928072681
11927,7097,0.0622898414615184,0.0926193234418843,0.200295791061114,0.0602264680803185,0.0618328025924064,0.0667552665159951,0.0595394820183403,0.0305279213807762,0.0560454250391312,0.0830317414161052,0.172946839396957,0.0538890975954538
12772,13845,0.0888583535303114,0.057519419679007,0.234162664217825,0.0738751702537557,0.042352589986416,0.186747959893796,0.0342639465096763,0.0154593367765278,0.0566587762306347,0.0790766753972408,0.0992662819426869,0.0317588255821216
14296,13601,0.0661064481723805,0.0900714796484366,0.0807090465889211,0.116925386531394,0.0595820468462235,0.0721872728959033,0.0372374849067855,0.0325185339506646,0.0640101280921449,0.0902499999529668,0.250764811309644,0.0396373611045345
14707,11431,0.0437076079161346,0.203459280820941,0.12818731652938,0.152444300800253,0.00979495598918168,0.0950804313115253,0.0380146876042952,0.0622022211906445,0.0427150650944354,0.0267698063551255,0.174959827121091,0.0226644992669922
11522,12160,0.0981091891234518,0.0503927931493364,0.0541696155365472,0.0551058639652422,0.012334333689417,0.0959039008226844,0.0878517630760769,0.0324393122359727,0.182484607660424,0.148946007808993,0.17261006556368,0.00965254736817374
11804,14571,0.0365318799293337,0.0227344504994167,0.00800796046621955,0.0217431937212568,0.00676873014153963,0.0177791847792083,0.0464697523586985,0.042505781438502,0.0499490994932786,0.101195138166742,0.640630476884845,0.00568435212095961
15686,16009,0.0757567630977262,0.0762709727249334,0.160290979843576,0.132204926216943,0.0508238285702643,0.134631388402566,0.0534659877204167,0.0243961995434395,0.0368741756001967,0.0650530791239503,0.134737944868095,0.0554937542878931
8191,9274,0.0680417887902791,0.134577609769132,0.322596137191249,0.0780940654492523,0.0626009908457248,0.100624786600883,0.0464920894039693,0.0202868029513813,0.0556904359549975,0.0171080656915002,0.0485208190417646,0.0453664083098666
8759,16506,0.0419836337053056,0.121922142020485,0.323183699616752,0.132348117096463,0.0401437342623528,0.106650061232584,0.0224092892962201,0.0260763473161237,0.0234173962427966,0.03520773056957,0.0764475615991297,0.0502102870422178
15400,11188,0.0381328668573293,0.139889499378196,0.198063092896529,0.122522765113409,0.0168433452202324,0.156416862939811,0.0524420924465183,0.0188002117947022,0.0671090084788475,0.0385894237703062,0.129260407369699,0.0219304237344204
11091,4687,0.0468118020653799,0.132240232726535,0.336912108792958,0.103696494405681,0.00821037583209283,0.141576028718074,0.0284110748628364,0.0123675787873026,0.0302228176866673,0.0199984960682563,0.106278529843798,0.0332744602104192
9721,12405,0.0388152353343968,0.178907615668467,0.208539057071853,0.0817089824391481,0.0287657835271814,0.086056372617223,0.0394841946273387,0.0339234310764948,0.0427989591490941,0.0866233103446086,0.105790014141014,0.0685870440031808
9867,16021,0.0602721287680036,0.131898940629086,0.211045474432284,0.0990468272167358,0.0159555551469342,0.106425825861241,0.0289024053271714,0.0669796814179417,0.104180916337252,0.0652668650629276,0.0572846119190477,0.0527407678813753
12754,4684,0.0346105757777772,0.156791334537514,0.256064700080433,0.0773738348610679,0.0408344397126752,0.182080709935014,0.0244914081588189,0.0209854744631378,0.0367006708030527,0.0372984005857105,0.10346361926289,0.0293048318219084
16922,10462,0.0422297232126107,0.146093638159391,0.290285967496653,0.0668887463438909,0.0289585415966357,0.132545619580725,0.0545684673114346,0.0289395055800459,0.0407101945183554,0.0209190914567992,0.121470268424203,0.0263902363192545
10142,15056,0.0597549561634321,0.0630171809647863,0.0814746976244791,0.0642777267668117,0.0265390592910539,0.0667108473899923,0.0363620569112636,0.0620986894890145,0.0669395834819215,0.105070288429499,0.358065109590673,0.00968980389707399
12063,5891,0.0410150108150188,0.141854161989339,0.300696316253806,0.080787625400376,0.0420432116552218,0.100364128019729,0.0625653055842614,0.0272246972258518,0.0480750014909105,0.0213789318330915,0.100691993197895,0.0333036165344991
9852,8788,0.0572603895760098,0.160905453300819,0.281041560686624,0.127452152211533,0.0482076710246247,0.145724288436842,0.0207211430082483,0.026571261026808,0.0215934850341499,0.009976532099143,0.0741859531569892,0.026360110438209
15943,5883,0.0546582882476375,0.0361052041838409,0.12889277360662,0.0450774504816064,0.0311263202677089,0.0798758872071575,0.0104319101058879,0.0146133915846496,0.0243993810920936,0.523075581680707,0.042324413456427,0.00941939808566398
9997,11922,0.0478482828645894,0.199379635686113,0.280602156547148,0.109343892199654,0.0358373283416126,0.107166889025853,0.0206100123966271,0.0199901461964639,0.0312764240037112,0.0368816977375984,0.0604486606506653,0.0506148743499639
14443,17700,0.0693425122489527,0.0822503789046354,0.145219922388923,0.120052493222289,0.0711860635949899,0.0669971036912946,0.047557267635323,0.0291395433879975,0.0823593136318363,0.0931064970847593,0.1507676854352,0.0420212187737991
9571,6860,0.0321867086988196,0.327420536871722,0.237411733355615,0.097101453450293,0.0153380486142581,0.0934414240893903,0.0213041318948827,0.0509784577436346,0.0229347291117485,0.0165347714012832,0.0503298819918282,0.0350181227765256
12498,15293,0.0956618068819789,0.0953852934448551,0.22576947526154,0.115071926107666,0.0205693868208367,0.123536252542324,0.0595745224885043,0.0246316310197428,0.0481932733635278,0.0222558227655295,0.140728677897544,0.028621931405952
11945,15776,0.0692225289302438,0.132490264852801,0.202057115770992,0.119088758100351,0.0212986475147075,0.122062981252276,0.0313111874794522,0.0198544214972251,0.0632294589907659,0.06385606445982,0.115950243727813,0.0395783274235523
13609,16737,0.0820810688418227,0.0881071701609361,0.130657409631008,0.124158098574788,0.0481604704783473,0.138497449540168,0.0879324658626043,0.024001637239827,0.0877892875755992,0.0443130298289657,0.108945162277295,0.0353567499886389
11371,6133,0.056504716152717,0.244824173971867,0.169803480633504,0.107589707478392,0.0252217467580247,0.074514764310824,0.0265000092721132,0.0597825658574416,0.0622874763728627,0.0375088715448866,0.102788590636153,0.0326738970112142
14702,9020,0.0701683820357775,0.14353534469561,0.276616270355156,0.132095406368816,0.0362482924726989,0.123536979433221,0.0300217203682407,0.026868168061907,0.0384181110632786,0.0330164715991514,0.0646233410275445,0.024851512518598
12225,17222,0.119707959895221,0.116741837591014,0.160067186608804,0.0907160390565883,0.0358167581427971,0.129599997161711,0.0593926236946277,0.0382721232054222,0.0928547624847448,0.0375033687356285,0.094304116388474,0.0250232270349663
11114,16260,0.0446745674988673,0.0775740612684376,0.336720349947115,0.189514317513834,0.0272476721569616,0.0677950164139465,0.0314174138908593,0.0362172764892439,0.0275570304468671,0.0181668627597889,0.114815789392605,0.028299642221474
10963,9751,0.0535010909075461,0.2052059056591,0.321187470234929,0.0577376374619356,0.0307633834988505,0.105630913969711,0.0240616195300486,0.0232265983791757,0.0269710918125393,0.021747168184438,0.0987811945312714,0.0311859258304556
10978,17465,0.0654692430898426,0.108156964592129,0.102085205921669,0.0710394304289223,0.0255827212277152,0.0711819978936469,0.0487083146083031,0.0240799314669852,0.100490449702515,0.160017688481234,0.203753645759565,0.0194344068274729
10694,14091,0.0563769065014504,0.0216637408818824,0.0315338311584646,0.0641363106086967,0.0284057629925644,0.0670083981823328,0.0721067898809194,0.029830644505005,0.0536049231786846,0.0391175495059447,0.516945583397238,0.0192695592068172
15260,10465,0.0657037011655293,0.145514557506522,0.313578446360403,0.0623174056665465,0.00820830118379706,0.08993544037995,0.0250292344525926,0.0234737404400955,0.0383839433773773,0.0738496058847766,0.0565384464321261,0.097467177150284
9164,10960,0.0318024390190371,0.101239370893791,0.326731783319581,0.110668692571479,0.0266279812035094,0.128984610771935,0.0271309384834637,0.0308256875987594,0.0400294932733041,0.0169875578967277,0.110032008802738,0.0489394361656751
11092,5170,0.0565675347178306,0.263014275715732,0.236726011169438,0.0720596611623398,0.0301266908648076,0.0979559737585027,0.0308602434370962,0.0196977671264465,0.0458832409913034,0.014346320100399,0.0751507672126735,0.057611513743431
9024,10237,0.0280078634076076,0.196477588939617,0.281547450397831,0.0916662436602815,0.062164616631907,0.135139333251823,0.0231023897327378,0.0332827843092598,0.0207266784197496,0.0169119290586434,0.0866031568827164,0.0243699653078263
15401,11670,0.0387064458337891,0.217541448796354,0.239137122404384,0.096220394750462,0.0394160358608498,0.0978411257185118,0.0368552927619976,0.0380549400936316,0.0320835112451168,0.0482462459307348,0.0931104290223257,0.0227870075818427
14139,4681,0.0743523779618049,0.142430032886998,0.32170532837891,0.0664158441002566,0.030450852818865,0.118704985451381,0.030591679542647,0.0139076268735913,0.0235273826149463,0.0207330151026729,0.0957754122935693,0.0614054619743574
8465,7827,0.0894662976511603,0.138115138639486,0.165171233551701,0.0595342849394618,0.00982591604882634,0.0804535867694193,0.0491016574495353,0.0385751024290184,0.0460154739131116,0.0713093106597819,0.197856145309879,0.0545758526386189
11521,11678,0.08510080807557,0.0481614985754517,0.190719468910205,0.125319462028629,0.0278836198156968,0.122697004832081,0.0509403055772538,0.0360923116758295,0.0775988034881036,0.0618780494400894,0.158896411982864,0.0147122555982256
12224,16740,0.0617363703648135,0.125955082400063,0.252251218513602,0.0806773329222743,0.0589453551763676,0.0615030938256112,0.0314197734929586,0.0387485990987102,0.0904593450114552,0.0471780859686549,0.122048269944745,0.0290774732807441
15249,5161,0.0404994297468723,0.307584162093008,0.215978885746326,0.0820035585033531,0.0160454734023535,0.125274529271632,0.0284998169457639,0.0311896271625753,0.0254613177331266,0.0281207694187779,0.050823511554927,0.0485189184212849
13877,11914,0.0440639806684643,0.163258285309597,0.13647345407899,0.0991176772114215,0.0401905139104522,0.175790057874002,0.0401135113395396,0.029456365072019,0.0473791084427671,0.0588995308822621,0.134864457866773,0.0303930573437126
12204,7096,0.0444293236767225,0.0589516064713416,0.161844918122135,0.112011774880101,0.0414166208390484,0.104153696743406,0.0475899192030884,0.0425982447448647,0.0738103933449911,0.0904578513383268,0.192140281064098,0.030595369571877
12071,9748,0.0655767784013361,0.145105204550315,0.29085529253085,0.1089863197926,0.0392018004860247,0.137183416743011,0.0383203925374353,0.014966955898922,0.0401599405614179,0.0324093891188852,0.05371757645924,0.0335169329199634
10276,12886,0.0772084912437103,0.105664044449914,0.280684317026471,0.0707481663516345,0.00554780933727679,0.0904823516998379,0.0551618377478875,0.0429141051680283,0.0578089617897224,0.0824769520762442,0.0525109753260195,0.0787919877832529
16510,12150,0.0567483793986454,0.238934589498806,0.288822185931844,0.104397025730097,0.0371095507185356,0.0910095113415352,0.0179481153228033,0.0224435589960418,0.0317118964036419,0.0190038774068249,0.0634360374633095,0.0284352717879152
13314,7576,0.049624460311217,0.170119927793208,0.330221885901821,0.0852183798793785,0.0336817928842323,0.0453874931686367,0.0520930261750085,0.0216038613526747,0.0554528107638397,0.02137819260918,0.0998899588015932,0.0353282103592103
10125,6377,0.0450767405520089,0.194398487765748,0.296327106298781,0.12338329952769,0.0366012022284088,0.102289567150911,0.0303100719503217,0.0294957642356052,0.0258948834506005,0.0258641542580151,0.0566836499476299,0.0336750726342792
12624,8783,0.0736421853655062,0.248776669724089,0.224530423292619,0.0481165031523273,0.0259811504261245,0.149837889666893,0.0346550210865495,0.0369894900672052,0.0334360554690605,0.0200104980915254,0.0585190349664558,0.0455050786916436
9028,12165,0.0403295797946936,0.266580040462115,0.272326564760311,0.0859168605936825,0.0231623858247057,0.108082103089578,0.0173719569953086,0.0272888768754958,0.0498954097704847,0.0273548615894835,0.0543525924557682,0.0273387677883732
17899,14076,0.0494277429611962,0.171039675929061,0.239961713303232,0.139726840943681,0.0284636515695728,0.150161149620992,0.0331242175932065,0.022194834530326,0.0418926340304559,0.0514629395890998,0.0422481647278441,0.0302964352013325
14569,11672,0.071100562920399,0.126632271510396,0.0898004342702323,0.0363486294922872,0.0130337266089525,0.0512241801635031,0.0548074865356873,0.0720172954178864,0.0823563494626442,0.0495311883346139,0.320571895875364,0.0325759794080348
12502,17221,0.0812332838184907,0.113791951547386,0.200748559324278,0.113823982619985,0.00748458005037225,0.175914473996891,0.046674923598549,0.0240439465901818,0.091233180425539,0.053652152405411,0.0817935008409531,0.00960546478196271
9586,14093,0.020140680172391,0.222518984920925,0.240878068972258,0.0846160496471052,0.0434418817174419,0.104297850618613,0.0261630473409593,0.0252552492747127,0.06085524903726,0.0351910604440105,0.107304192573279,0.029337685281044
17625,15523,0.0165314506515244,0.117807109555969,0.176181647999408,0.0932434951473931,0.0738239424169572,0.0949760571981243,0.0267460053487308,0.0218905626063372,0.0402117967501767,0.248163099722028,0.0716572238001237,0.0187676088032283
9160,9031,0.0682447314176494,0.22030303686849,0.263504532869104,0.102073890266325,0.0273993957720771,0.115328495793999,0.0286954814614714,0.0369516413518197,0.0354711401091959,0.0179618194984519,0.0669382324250775,0.01712760216634
18170,10700,0.0498274483286863,0.0682878415680319,0.0714636358307034,0.0550872698628503,0.0394393809460212,0.0646455847580395,0.0271812325034198,0.0284585043239468,0.0839145300497154,0.431918287898479,0.0589872313278528,0.0207890526022534
18176,13593,0.0324340292327803,0.0478579293741253,0.0952918008164444,0.0600225615472851,0.012425001335548,0.121937359471171,0.0111216868524537,0.023713979066052,0.125774259275177,0.43192865170649,0.026399308355068,0.0110934329674045
13862,4682,0.0530178609987092,0.13596690039713,0.223820965857712,0.140813580332078,0.024448118415606,0.0747513174418565,0.0490970409298081,0.0434481117375949,0.0530170121820364,0.0410535652576946,0.101746838509477,0.0588186879402971
9857,11199,0.0443840512188701,0.254039504528432,0.101597239782633,0.11689830602009,0.0165578283756348,0.0896048852994447,0.0404822744804771,0.0527967412397693,0.0697791146241309,0.0884489058054853,0.110162480361459,0.0152486682635738
12918,17461,0.106851270954001,0.116493723150643,0.161632236070103,0.116041259721474,0.0610228462916075,0.148722762139228,0.0366601585482124,0.0321740470894587,0.0619786611247689,0.086929353607725,0.0469045568064488,0.0245891244963293
12357,14087,0.0770012848716943,0.125729544819509,0.15371862225999,0.0823173272900758,0.0339947099537083,0.061989735433842,0.0436197103151057,0.0352320561450164,0.10296362724943,0.127879381131423,0.135545025782436,0.0200089747477701
16516,15043,0.0523378752893426,0.100532301164349,0.220532885968718,0.170438934893185,0.0414385127463637,0.0736540833961238,0.0229325478438666,0.0458268175586724,0.0381564632499621,0.0814360648403018,0.0991828592775613,0.053530653771553
10141,14574,0.0636222497855235,0.0660669820126717,0.0931100463104518,0.103096710377476,0.026777409688495,0.0419122453519431,0.0355339637244826,0.0413677109977367,0.113751373833455,0.129066700307083,0.265048877488087,0.0206457301225949
7639,10722,0.0734949104001693,0.173677156843675,0.219096118411276,0.0814345884072891,0.0258054522379798,0.103665189871837,0.0572770231629767,0.0355993750051878,0.0597108077921414,0.0655088146589892,0.0870106775822611,0.0177198856262169
9729,16262,0.0427416488438494,0.0662946569803465,0.269004118958886,0.125705364383806,0.0408000645223814,0.209845953666955,0.0560970326817289,0.0352546253701191,0.0423491770900775,0.0233561765979926,0.052328546848844,0.0362226340550136
16503,8775,0.0647159632726185,0.219478407409832,0.299462978930681,0.0677489489900399,0.0111998447583357,0.0858530464797596,0.0328175514413318,0.0267069713494295,0.0423748683960825,0.0224135804505804,0.0851763150649068,0.0420515234564025
9988,7100,0.0886301146679367,0.181432123872361,0.234976812314051,0.114797669758724,0.0223738433934118,0.0591054844568824,0.0552041294479143,0.0328304601581239,0.041138085908259,0.0369013785722742,0.078552476351614,0.0540574210984472
8604,8068,0.0374143530783139,0.154939194222309,0.26835781031994,0.126133549530778,0.0234694658121851,0.082228510781075,0.0268508557348434,0.0327202231467256,0.0293880568403116,0.0758004026703128,0.107424744836498,0.0352728330267077
13472,17460,0.0406384106900797,0.0718251044826372,0.0992302116110286,0.0790504438734144,0.0449076730202444,0.0478094383541941,0.0656305618004949,0.0772216953761069,0.142149770024748,0.0883620732444067,0.207065902603695,0.0361087149189507
17338,10702,0.0299740316073259,0.130849682615132,0.253963924967102,0.0657579244952371,0.0112025230090736,0.134401091686127,0.0450022722716542,0.0326111780138282,0.0782592339284254,0.0435632169231072,0.120372655168719,0.0540422653142689
15948,8294,0.0359081895434642,0.115757185688107,0.305024522989481,0.0923439232923434,0.00410824068253736,0.128849682569546,0.0693714098236758,0.0265892405132101,0.0472848742210675,0.0228621786025061,0.0883270338928956,0.0635735181811657
13053,15774,0.0598737089199986,0.217956588190459,0.168357582923772,0.0962616381890138,0.00863189832290583,0.101954757802543,0.0525638981781015,0.023376579224292,0.0869626016505701,0.068426178242014,0.0805268358347878,0.0351077325215416
13740,12638,0.0345246142223902,0.173765349968803,0.203346654739061,0.0833257295149865,0.0351519661109608,0.123401252767552,0.0322780421517895,0.0248818405289444,0.077505764521859,0.101511315416993,0.100815496111784,0.00949197394487626
10406,8305,0.0520433388958005,0.137366450362783,0.172335641502542,0.100534988825668,0.0198174152123805,0.172016015006499,0.0410175740941359,0.0222077350634507,0.0482438306332882,0.0630171229576859,0.14654836059357,0.024851526852196
10556,14332,0.052896524296257,0.0380044306712689,0.0119111765542927,0.0330797459761375,0.0030993424318369,0.0190081688303719,0.0217420160400487,0.057804402215114,0.0430893492127524,0.0482809012013207,0.661927266845459,0.00915667572514037
8194,10720,0.0273793026185961,0.182037181279553,0.302711501483692,0.111263236158932,0.00567319216410333,0.142946456616413,0.0426436519902835,0.022240161748901,0.0329590089028868,0.0193766551538991,0.0803943757291242,0.0303752761536152
8746,9755,0.0345959148196883,0.251543476815379,0.233348905354925,0.0848951238234483,0.0440469340403463,0.144080493969157,0.0193980196688386,0.0147824979253133,0.0334880746897076,0.0262328405131781,0.0678631829017572,0.0457245354782618
12901,8782,0.0978733298463211,0.205223190166005,0.258380903430577,0.0805389249873917,0.0389590299055812,0.114461887690354,0.0248305102741287,0.0270031900817156,0.0269968773887391,0.0317668061556011,0.0673649286739775,0.0266004213996081
13324,12398,0.0348470134930001,0.113388051375929,0.306655515992155,0.0623776149130232,0.0774677477477752,0.107778562138169,0.0380977801960832,0.0256592586984505,0.0446807117612739,0.0268356620426174,0.1422349430881,0.0199771385534237
12634,14087,0.0642735420795616,0.15066351568275,0.208832661231471,0.1075338105784,0.0104154397456572,0.133337147995651,0.0228550263200934,0.0288484327702401,0.0650826415444904,0.053108700434373,0.128675583070863,0.0263734985464493
13746,15531,0.073878671857133,0.0705600573369005,0.219201755396666,0.113160681087021,0.0400043000539573,0.102880433226671,0.0347445040813479,0.0327433728923236,0.0489033884947722,0.0645964607048707,0.155117360900618,0.044209013967719
14990,14323,0.0530515489530261,0.160828319156285,0.19969825341681,0.115058595335141,0.060766793328545,0.126334282186533,0.027452754079872,0.0365380160400329,0.0302756555085481,0.0479982124365236,0.100601742220528,0.0413958273381541
10676,4929,0.055379999159756,0.142047231274042,0.340771221410303,0.0817992951677784,0.0325262342327549,0.0897640058578009,0.0315831185114124,0.0180170686972844,0.0394304490933918,0.0177915647041462,0.117751474358108,0.033138337533222
17483,13836,0.0271084216931296,0.0400202744661072,0.292185543863829,0.0710749265176746,0.15459389370853,0.109893891949024,0.0242180982269049,0.0173021145421575,0.046174639816119,0.0253607818603339,0.166381536528397,0.0256858768277931
15542,13358,0.0710594408378577,0.0893262396589821,0.384219450171895,0.0528407829339915,0.0431497504835887,0.109528776995821,0.0194490206128701,0.025935091162633,0.0422357240166155,0.0374583354795441,0.0950077562485603,0.0297896313976416
14147,8539,0.0412457028183742,0.132802041767241,0.280589970442832,0.0765246561782077,0.0284703488408234,0.254719242744087,0.0172545177870387,0.0254552620967917,0.0285208749899258,0.0136555175800972,0.0626277696496417,0.0381340951049391
18448,11182,0.027013387367068,0.0419798027303886,0.0646499197731667,0.0406548070628266,0.0105278955931629,0.0926599966530137,0.0294463682031369,0.0156137442586734,0.0730604257143874,0.551195089445536,0.0381260402817,0.0150725229169398
14978,8055,0.0391296550469027,0.143992238458127,0.364597928508068,0.0642529318572122,0.0287120398825679,0.0988647897413173,0.0318874324472283,0.0181235850492946,0.0272267591757921,0.0315628691542135,0.100107708425775,0.0515420622535019
12061,4444,0.047843298222269,0.173455877875228,0.270008364938179,0.0944058925375213,0.0347031485601807,0.131608077940062,0.0476290930008366,0.0269337848115828,0.0378304864063026,0.0160709638194824,0.0819641352848176,0.0375468766035378
11949,17705,0.0513670919492674,0.0650502274496433,0.184350905636977,0.12099425426117,0.0150439369517636,0.157904949152087,0.0381498219765395,0.0330148913496589,0.0355607670869608,0.15966171891052,0.104636152157899,0.0342652831175143
11531,16500,0.0739587529161205,0.0966819157757263,0.198996987662821,0.087184965909287,0.0995897012257171,0.146991311104206,0.0534339497995262,0.0232253452791629,0.0420504858537191,0.0506180633818973,0.0980657731956382,0.0292027478961786
8615,13372,0.0498580581442823,0.0958873477255171,0.281903954521416,0.113621315143036,0.135717662927121,0.130979205434366,0.0333544052333335,0.0135848688346635,0.0421917076193399,0.0152334862796108,0.0524468875988637,0.0352211005384506
12501,16739,0.0650189093772471,0.053901729894386,0.247569994101558,0.157900224172023,0.0416244915712859,0.112359135267007,0.0389512870265586,0.0271403436803594,0.0768499363480257,0.0796095615163423,0.0642098937598612,0.0348644932853459
9311,15058,0.0508106131096176,0.156435748329864,0.183177165492608,0.10998660950836,0.0213696081830951,0.28403786277052,0.025213795881645,0.0375598717234506,0.0246828367504364,0.0101130504363764,0.0636407430559271,0.0329720947581012
10691,12644,0.0545384382100183,0.198345886656816,0.243671201318294,0.0908847641450485,0.0107460837532068,0.108148913585993,0.0220290602347574,0.0465136072187948,0.0637536007075472,0.0463950618609948,0.082598147777351,0.0323752345311782
14164,16736,0.0724747905821957,0.20304979280715,0.137678885453684,0.0998658757754753,0.0325127157557759,0.124378379407422,0.0445851069067402,0.0538443776331898,0.0493240581400483,0.0537858742679102,0.115813716967059,0.012686426303349
14847,12154,0.04285490766726,0.0246413960186608,0.0311130508554213,0.0417950707580195,0.0227728531224818,0.0289319721214617,0.014292915570992,0.0263167118941643,0.048170677748309,0.0585485241291805,0.647398357740965,0.0131635623730837
14983,10948,0.0345883794514515,0.115679861690552,0.247421238996256,0.116262539012149,0.018915155175648,0.13813026807307,0.0335259282951163,0.0273810596128664,0.0667619698459992,0.0407265039385418,0.0780129946451731,0.0825941012631761
8890,12407,0.0457509627479364,0.134316818052371,0.311387770536718,0.100650149872937,0.0161764961484696,0.157905051556582,0.0352684092612014,0.036631050133595,0.0209593673723698,0.0347689751273573,0.0651589994710134,0.0410259497194489
10970,13126,0.038970036043707,0.101990768741633,0.0755235815900016,0.112865258488033,0.0340780243269398,0.0796821223199563,0.0364199472717849,0.0694029861841794,0.0696256173683067,0.0334817743195101,0.31559810728772,0.0323617760582284
10675,4447,0.0538569047155585,0.134270842271181,0.39977695186447,0.0777096998437237,0.0234022608016388,0.133751568048065,0.0215856939410478,0.0198515800796065,0.0278495784212316,0.0129542692513671,0.0767850461827052,0.0182056045794047
13875,10950,0.037480902279991,0.180097832701699,0.327697982044805,0.0749218246752191,0.0161106694454401,0.0856466604270536,0.0522938670953003,0.0163183204352506,0.030431667924696,0.0159695981090773,0.133167264819232,0.0298634100422359
15251,6125,0.0405814750045869,0.122996008458997,0.284444394711116,0.0953206184294308,0.0242684622135505,0.125571797360714,0.0502789869896112,0.0207857385527363,0.0429467083569489,0.0326461812665589,0.126014007700871,0.0341456209548787
16505,9739,0.069964803896109,0.110956282811503,0.227578378485955,0.099342646631691,0.0120462173767878,0.0748622252946857,0.0426726079887034,0.0180200830037115,0.0581604050661106,0.114476146741736,0.129595641327363,0.0423245613756443
14973,5644,0.0481199909714799,0.213555750579627,0.285910230919743,0.0890228044527906,0.0087563061026278,0.151124091727434,0.0224342843389864,0.0120850358105424,0.0415802671037467,0.0206439071213655,0.0800349528802953,0.0267323779913623
10407,8787,0.0550575212684234,0.129521418113891,0.25004528657782,0.104095737898529,0.0294688136873382,0.114601870518136,0.0803651739252649,0.0184455538531913,0.0431390759060617,0.0195220889045993,0.110070362268262,0.0456670970784817
10960,8304,0.0851624475967298,0.128641485912395,0.276558301850411,0.0962597120039788,0.0287887326161934,0.150048031161109,0.0499094837028778,0.0288013002976866,0.0302289317103869,0.0144904447619954,0.0816500623476935,0.0294610660385425
12766,10952,0.0501506509188013,0.190960488321412,0.241442799331223,0.0734347560489474,0.0634392942033949,0.154456604656008,0.0164222068998829,0.00598900616930124,0.035350560797598,0.00956954237172401,0.118347462238342,0.0404366280433652
15809,8053,0.0593149851793991,0.246879438052056,0.323933727507456,0.0417602737305171,0.0164958602422999,0.120149193474855,0.0302137222401666,0.022918980171362,0.0158111706109473,0.024046805016862,0.0791615221246827,0.019314321649397
9158,8067,0.0817573830235763,0.121099852674628,0.268240948114435,0.105318514768011,0.0120726056543329,0.133141639178229,0.0524559985608043,0.0198595262452061,0.0381565763180361,0.0220045354311004,0.106100387755225,0.0397920322764167
9855,10235,0.0385918373756079,0.131919129013921,0.301708312532106,0.0941399483368592,0.0592178755005105,0.0876704599030716,0.0359611798918747,0.0256738042113159,0.0521234687123718,0.0109502923041861,0.124380243359406,0.0376634488587699
16236,13597,0.0504925503293376,0.106164842305411,0.150153263894853,0.047009453650501,0.0488228367398043,0.0999394790960549,0.0473384781507969,0.023164824792179,0.0860709169641764,0.0919246938775471,0.222008667575754,0.0269099926235852
12068,8302,0.0764298750156547,0.13647774114065,0.266247607373546,0.0980938719110385,0.011231866012747,0.0939697926912137,0.033640077472335,0.0182722544853247,0.0484362169300664,0.0556748461124842,0.138364073021408,0.023161777833532
12627,10712,0.0721896141244419,0.123372869632838,0.286001892866525,0.0850551193344102,0.0675506006695068,0.0891227955805401,0.0448262440530629,0.0141251164652072,0.0369573066889405,0.028345923318259,0.121875272758467,0.0305772445078012
10422,16502,0.0822654677500187,0.0622477889109814,0.260746333628925,0.0998578424848776,0.0280192856972994,0.161468826402417,0.0281176459732116,0.00792928188874548,0.0372073773304488,0.0200016844781904,0.158809541277903,0.0533289241769823
12353,12159,0.0818279473609288,0.090057428278382,0.121252398594774,0.102123744453394,0.0141407616861342,0.125350474043775,0.0604738362866388,0.0234146885942041,0.0853769421556678,0.132675352105857,0.141719242317262,0.0215871841229824
7915,10239,0.0592621813420036,0.123183843567578,0.234844176913511,0.0789892185893409,0.0229943827630792,0.0840749696000738,0.0490808793882217,0.0325103602782712,0.0562660410958147,0.0996469605879943,0.149828065013711,0.00931892086040061
13889,17701,0.0488078602736537,0.100485720986991,0.214110532293827,0.114960885375346,0.0328282457448896,0.0847345674831741,0.0665717761070694,0.0452209417292088,0.0624267986075552,0.0590810603909006,0.133970416002883,0.036801195004502
10549,10475,0.0352960684344176,0.13952259023792,0.229477483808279,0.106742177473189,0.00816896664738904,0.127450859003752,0.0672663508127247,0.0611745507091678,0.087552440597687,0.04287579300326,0.0771084505515345,0.0173642687206797
9707,5654,0.0475098308265702,0.161351447419424,0.102356327030557,0.081714893234258,0.0339030655108003,0.0721440796976597,0.14753282109879,0.0483054935096088,0.0480601771578363,0.0707391676543227,0.143843576388479,0.0425391204716944
13046,11916,0.0497908808742234,0.132989481582233,0.0305611700424952,0.0607450506572203,0.0168409875880598,0.0449125937557002,0.119481275041573,0.0458411839447958,0.144478201502066,0.14941248358477,0.173064431330945,0.0318822600959188
13445,3959,0.068457094289163,0.0800857025811991,0.109809168684231,0.0680163388666306,0.0655874347621639,0.0737126105727737,0.10143708202521,0.0388654228974103,0.096321727257597,0.15388457803417,0.129337053842193,0.0144857861872584
12752,3720,0.054847063713808,0.346381853240026,0.257488963678098,0.0740208092977108,0.0157971403784443,0.067642541962289,0.0345002511271287,0.0241559425704988,0.0375442569990182,0.018313076358243,0.0519754129360114,0.0173326877387231
8611,11443,0.0457773352178533,0.180249284424842,0.273392747480233,0.172173591715219,0.0175280929948702,0.113655315359468,0.0398334323114638,0.038744481645171,0.020108033410127,0.0169388800076113,0.0495119393552715,0.0320868660778696
15545,14804,0.0528540078043486,0.0946199697748803,0.236611256865166,0.0537483796609269,0.12318448557827,0.0794773831934936,0.0279193984959834,0.0225759674734175,0.0505184897812289,0.050934894924307,0.1714932033007,0.0360625631472769
8056,11444,0.0567782504078644,0.129610477327924,0.296422889156072,0.119672161118835,0.0203875078015921,0.10006274178127,0.0289502938100505,0.0465793453816399,0.0296327379033879,0.0325505357888276,0.0949076232272807,0.0444454362952548
11928,7579,0.0560875812043799,0.139931206355636,0.228313651764483,0.130765735314305,0.0553342628285387,0.091750217380838,0.0184059632688403,0.0549802627076619,0.0438153518196573,0.0170662123384058,0.111743490538703,0.051806064478551
13171,5406,0.026299268742995,0.190950602055017,0.23076194125861,0.0857664490232966,0.0157223407989357,0.18336004199171,0.0305079424821522,0.0399614785132936,0.0519407139034814,0.0115218368633509,0.103042322284545,0.0301650620826125
12490,11435,0.0655136338200663,0.127269091123681,0.238265732143503,0.0799976080202524,0.0214857751657344,0.155764398448758,0.0356906825193966,0.0219037594180685,0.0426620450069996,0.060118449760814,0.124405391919947,0.0269234326527792
13749,17460,0.0455380354301743,0.0783641182825671,0.126004734679117,0.120884187116624,0.0294398384106791,0.106839711401702,0.0269818208098068,0.0306484632152531,0.110279584246801,0.0912494196529366,0.217282915384496,0.0164871713698424
14018,13120,0.0395832118463068,0.172312249168072,0.158564811763485,0.12702758183291,0.0188642800291761,0.157454523654867,0.0350153634516396,0.0369646228583792,0.0562901352018309,0.0792165212183462,0.0620126197457169,0.0566940792292705
11944,15294,0.0801058771525542,0.0845194365970098,0.104085605412537,0.109062479546566,0.0261233727043272,0.0754480018864161,0.0389937331323916,0.0677888734218284,0.0877619926655971,0.0490967313620043,0.244153401230443,0.0328604948883251
8331,9997,0.0550427820051644,0.168274971576726,0.241833779447876,0.0985449528228989,0.0245795567000701,0.150121330753927,0.0462674167411514,0.0338943380428658,0.0299626238245647,0.0224460225088348,0.096320283615992,0.0327119419599293
17342,12631,0.0552743866759191,0.185205433071472,0.0893551027073596,0.0595956965542005,0.056992917159341,0.112504209233943,0.0421545491518709,0.0419467355503063,0.049643818526278,0.164107452030113,0.109365246604222,0.0338544527349746
15387,4920,0.039399745478148,0.249863806569035,0.21992228173661,0.0704562813296295,0.033406007560225,0.110342553632549,0.0402371057663268,0.0522709486529846,0.0358915622506609,0.0528899529027088,0.0722830165338885,0.0230367375872337
18311,11906,0.0607550898032251,0.0299251758797325,0.0539233066884763,0.0440057664948697,0.0231447571647205,0.0696499772382249,0.0592661460340211,0.0301626450270574,0.147962617457498,0.430366448078631,0.0348764139226497,0.0159616562108941
8464,7345,0.0440729497232215,0.228335041362133,0.221798778875666,0.113499227515162,0.00818417205234677,0.096617828666115,0.0327982039570331,0.0499413047461075,0.0500119497263147,0.0281243263297612,0.0767938452367911,0.0498223718093485
18451,12629,0.0652515415093803,0.0712939008066578,0.160091713203149,0.103627083675172,0.0207991970228024,0.0890915631818226,0.038576617344215,0.0419478255508402,0.0601227002799073,0.298861452882016,0.0305674796284197,0.0197689249156177
11505,3963,0.0694012352609329,0.187337728222325,0.270553509605107,0.0977673941958598,0.0351415758842857,0.156365631197475,0.0179351325494545,0.0288337995508643,0.0240701788025253,0.0319263823569121,0.0482815194038275,0.0323859129704314
15684,15045,0.0818007380827024,0.0906160958971369,0.220134947369463,0.0720827957487196,0.113809931328635,0.110997553524804,0.0326508871120604,0.0242408074320426,0.064533663317336,0.0863470621305024,0.0900247715314449,0.0127607465251526
8063,14819,0.0578732130432701,0.0777903702523839,0.0937253550978521,0.120835076738971,0.0103118047283281,0.0442493122517662,0.0823451048832323,0.0346668008046314,0.073090483997983,0.270259078855439,0.112295036856544,0.0225583624895991
12087,17463,0.0671899577665254,0.0864046834155568,0.194242012322155,0.0626149859554042,0.0260965512573967,0.169334166130044,0.0661297094881057,0.0586797675249341,0.0597154691758865,0.0878443266431748,0.0983228453036919,0.0234255250171244
16923,10944,0.0388512924359124,0.123551464683842,0.216505051964979,0.116622930147066,0.0134045626796121,0.0571646735381225,0.0514656905444533,0.0382359645028869,0.0872023705356141,0.0553019621449921,0.111560070343985,0.0901339664785346
14435,13842,0.0623373617094666,0.0310787705475264,0.0251050870437936,0.0422589916934917,0.0174834262046128,0.0661962138807028,0.0580539588433337,0.0367560074344626,0.1911901334041,0.209894759471526,0.245287258728736,0.014358031038248
11103,10473,0.0908581995038952,0.117193302862203,0.23410292140949,0.0857560575242887,0.014871646932565,0.107664101976361,0.0545596734535807,0.0322849833712271,0.0565191417026733,0.0376673228682404,0.146442283686805,0.0220803647086708
8471,10720,0.046781886391279,0.123115767104899,0.292317528027119,0.0846479121468682,0.058887368223432,0.130533039505579,0.0507964358219532,0.0217152743198,0.0437088963197068,0.0169134727976067,0.0729250195573376,0.0576573997844196
7776,9998,0.0459507688308419,0.158472023473545,0.271096128023007,0.0708236085893198,0.0435068081728111,0.100631915083795,0.0493604537333897,0.0502877602740806,0.0321948986669735,0.080479790586422,0.0535128973672385,0.0436829471985756
15666,5884,0.0545998194189434,0.138040866025653,0.183494556415848,0.153685570375267,0.0193477158983271,0.0763940383029182,0.073357424266254,0.0453043851888274,0.0737905022843301,0.0678200411482214,0.0781232352377407,0.0360418454376694
14162,15771,0.0438178757800837,0.116090760014442,0.179483055474972,0.144387009311191,0.0104768451188307,0.116972619467264,0.0308471771787688,0.0349360968845762,0.0389228008991326,0.0362142691295466,0.211699652834455,0.0361518379067375
10826,10474,0.0721672172120014,0.191890417066107,0.0951539865918328,0.0844541682477579,0.0417500270236971,0.100523701781921,0.0693119608144585,0.02200643783927,0.0767385645506806,0.103868206644475,0.12500151178084,0.0171338004469582
16928,13355,0.0346615333439546,0.0662775857168988,0.228385153838709,0.102862799892409,0.119193520242671,0.0987934926005897,0.00367318834771347,0.0238979418666662,0.00941248128143327,0.134835872246623,0.15912143404224,0.0188849965800924
15118,8778,0.0274937830917088,0.15991977337686,0.279942180073054,0.0923216359500938,0.0200772258327397,0.0761938355406412,0.0540305773894655,0.0434504224665476,0.0568568353699839,0.0499671578491454,0.104906038513728,0.034840534546032
18029,9495,0.0441552022735896,0.0899509909811179,0.301727290946058,0.153853221613412,0.0090497134577221,0.0672375501988956,0.0265254688865303,0.0203682110535418,0.0435825283889651,0.131426841613604,0.0849807166219341,0.0271422639646294
16916,7569,0.0473049654175193,0.107374132115121,0.284368941541531,0.110164659254424,0.0527802573354383,0.12403500236704,0.05797825403825,0.0159420642110686,0.0385622372520631,0.0568452636285602,0.0701553794747826,0.0344888433642022
8058,12408,0.0584030835485967,0.163239591578862,0.327417407700801,0.050190607369727,0.066262088365875,0.118561356213768,0.0221944009389506,0.0175918847999978,0.0339199902424428,0.0372494618436719,0.0570024044957666,0.0479677229015401
15824,15768,0.0720482757931717,0.158164029654419,0.193413754628377,0.0956645918556553,0.0273936696502333,0.209977051846936,0.0430733671455209,0.0386878763080337,0.0440059691794869,0.0382959141737457,0.0531119164609579,0.0261635833034629
14975,6608,0.0405711328230994,0.160240954915288,0.268753633907749,0.149211193173394,0.013478466395964,0.0802979718986749,0.0418520307479554,0.0314942225223494,0.045573468778153,0.0145552911660733,0.132258424497614,0.0217132091736861
15114,6849,0.0549262544010591,0.177116945546443,0.232734965205569,0.102894339479932,0.0109616808165278,0.0701105362359602,0.0148643243740227,0.0125790385428079,0.0620326507038144,0.0314373327190443,0.175835465532232,0.0545064664425885
9171,14335,0.0271876315842007,0.207871211595925,0.257751313466344,0.0995981154502681,0.0290326988401735,0.174913605202298,0.0330844784833473,0.0147384222971074,0.0392935946989846,0.0269330247916722,0.0440400672731618,0.0455558363165171
17890,9254,0.031447720499533,0.0378440562535127,0.142414842667025,0.0932880198288425,0.0073542824222053,0.101941398979149,0.0351616592359686,0.0240495578389298,0.0699168071594635,0.368693445551393,0.0805129090379711,0.00737530052600682
11388,14330,0.0558248322439838,0.032147394393793,0.0129910737508024,0.0232621774396287,0.0240225824115209,0.0184254014112794,0.0160139182572444,0.0950827515592638,0.0255618372957269,0.019496239043046,0.643098613839193,0.0340731783545175
8337,13372,0.0248620074092951,0.12346032785953,0.349918290148141,0.0742907541920269,0.0500280023892974,0.170545677179545,0.0263122606783682,0.0267593552485655,0.0305160161247204,0.0108670239214908,0.0509374465203098,0.0615028383287104
13592,8058,0.0450195997613899,0.234999195823213,0.233028618714781,0.123147749527122,0.0159647226068159,0.180712536402059,0.0289289136939531,0.0229567797639328,0.0297737577776045,0.010584420974633,0.0546653969123432,0.0202183080421532
8885,9996,0.0432426200062862,0.186168377073541,0.211334821303529,0.122477102941974,0.00965769936974869,0.223335445904562,0.0305774977871384,0.0310204671193558,0.016247569895225,0.0168263507541769,0.071127959958087,0.0379840878863763
11105,11438,0.0583753599886249,0.0806315637432831,0.308190548318001,0.10214863787038,0.0199716936181445,0.176391148153255,0.0214387252021567,0.0284663305905546,0.0469679748756605,0.0248972247676469,0.100005997100717,0.032514795771576
8193,10238,0.0357718029690191,0.119595984555103,0.238033107957378,0.0565607040542169,0.0196989732936916,0.156619908860495,0.0330824770755066,0.0234708728762969,0.0484793903571593,0.0431155226996529,0.161486087208495,0.0640851680929856
10828,11438,0.0603654597050775,0.139725815450245,0.243307684918172,0.0937252758604713,0.0424442355049234,0.13934025843742,0.0349617208752836,0.0198084051827079,0.0579224894284332,0.0152381608533743,0.11531357183659,0.0378469219473016
8462,6380,0.0640521749538618,0.211367434007895,0.224759132923881,0.094227782912069,0.00866220911273979,0.0581135084888394,0.0670765974597253,0.021980470835091,0.0430945402302654,0.0341623342247869,0.134757958438706,0.0377458564121394
15256,8536,0.0479737561647624,0.117622967339226,0.270991645973175,0.15723541125915,0.0329034791448174,0.119354372756446,0.033162239665082,0.0436372640243254,0.045198432452586,0.0357570381038967,0.0551728769999047,0.0409905161166289
15816,11428,0.0571888539129259,0.277008877672148,0.245847705571457,0.0666544182901473,0.0107547010264115,0.0528128566403465,0.0532448832549766,0.014989560464215,0.0521831187903644,0.0559055355990134,0.0826703743951101,0.0307391143828844
16241,16008,0.0546980883549808,0.278884143979181,0.20716128033084,0.0283781718116963,0.0473258569092319,0.137662115135213,0.0323966773718682,0.0363791963994905,0.0333257590791144,0.0102791714059795,0.0770522540973738,0.0564572851250308
13051,14809,0.0531091645925488,0.00166194553821979,0.00621982719733524,0.0118378618776548,0.00144762712373893,0.00528065589245135,0.0970568815033722,0.0132731188252989,0.137252646751526,0.182325130324617,0.475561457262463,0.0149736831107748
9568,5414,0.0435076578762457,0.168945387934501,0.249366534165793,0.1483376227038,0.0317372510759508,0.161236129023184,0.0497172928993788,0.0358769921161512,0.0312968744564715,0.00999207568109291,0.0462782619675339,0.0237079200998965
16515,14561,0.059370306822236,0.071784458587335,0.249674332530653,0.0967317756911836,0.0738695720163502,0.157054230604136,0.0369087575676377,0.0229208331870658,0.0400903318227719,0.072568705045115,0.0992273352483084,0.0197993608772067
14016,12155,0.0605958598480131,0.226402797711038,0.177354445454051,0.0624456842924824,0.027414499804334,0.15396300635422,0.0399517260862502,0.023084084534305,0.0428922415032826,0.0401347079621177,0.103235408227769,0.0425255382221358
14304,17459,0.0694274183266956,0.100517515786682,0.206940360545855,0.067639505235881,0.0568203870849634,0.13735848215853,0.0297139890864438,0.0157909930710711,0.0524344240161042,0.041654837561081,0.186535082698979,0.0351670044277135
11100,9027,0.0631918958792104,0.178071707096985,0.272319843274803,0.0723698096035881,0.0474939485161706,0.133276536466438,0.0409029830865648,0.0239489683853491,0.0453461966118473,0.0216325349890712,0.0735838699899065,0.0278617061000662
17476,10461,0.0516314409055667,0.212418279389525,0.271349295514117,0.0948939948567428,0.0101424681335021,0.13595916994187,0.0325284550358554,0.0358992472762273,0.0376975939449929,0.0166643767991809,0.0651310760370113,0.0356846021654086
10138,13127,0.0572233421009383,0.142936730565679,0.129805015579527,0.108344630660165,0.0163025694099766,0.0602948671876421,0.0456321688723519,0.0324387593830145,0.0549307646449392,0.0724343101019849,0.264496357417598,0.0151604840761839
17474,9496,0.0407949756943331,0.101156500891871,0.255795115745875,0.0986784619713191,0.0189946898202611,0.152978907339284,0.0633558779289474,0.0444422475527038,0.0663203043374638,0.0449663976702854,0.0695351078476115,0.042981413200045
17754,10460,0.0497250204016087,0.140184488416481,0.320533844370258,0.0654062216622857,0.0181521711995169,0.0859419119818886,0.05774234008213,0.0384455675795107,0.0510897690958504,0.0205989639481135,0.101547138464644,0.0506325627977119
9163,10477,0.0309336357952434,0.183624255961614,0.292504250243385,0.0991265773878934,0.0431332818846868,0.148069754761443,0.0379271319934471,0.0131793865518014,0.0260711931767521,0.0155738530554506,0.0707940363421155,0.0390626428461675
11379,9991,0.0592700752625576,0.140073192469724,0.24374001159362,0.160533061491058,0.0214153565825054,0.154707672865672,0.0405344160901891,0.0231669864022274,0.0391474729301975,0.0366845490872838,0.06139068586593,0.0193365193590356
12891,3960,0.0556571998044731,0.145772468690255,0.229001857396862,0.0930375681045665,0.0179873392553176,0.085522759219767,0.11138105659012,0.0292497160833803,0.0635951790246801,0.0170184279086981,0.0901541138496897,0.0616223140721908
13320,10469,0.0599122587630105,0.1046755313426,0.244496223919055,0.147090686862403,0.0185032462046861,0.141664169048107,0.0548508267856512,0.0635462007409649,0.0648884774458222,0.0145914748052992,0.0522777426685758,0.0335031614138254
16508,11186,0.0338483956428659,0.168048805420332,0.248848782488848,0.10101783790334,0.0204392886979384,0.0852109404031523,0.034801185789935,0.059005590956689,0.0460317344356238,0.0578382836253613,0.0882163147121088,0.056692839923806
15810,8535,0.017503323282362,0.262047979709316,0.190127039868431,0.108444328750839,0.0240938197902128,0.105183472496525,0.03000672628536,0.0172138753423848,0.0357649047095301,0.0345850237515234,0.111996422058254,0.0630330839552629
11659,11437,0.0500727305240901,0.166561749504237,0.264806063474238,0.073611566505569,0.0100373774425208,0.140366939372427,0.0709796274107051,0.0310156887868281,0.0445138279262877,0.0407156627856549,0.0839229662801128,0.0233957999873302
17897,13112,0.0950796449444385,0.106268408708578,0.25946087562445,0.160583881974689,0.0133800754462657,0.104171427176246,0.0454820673747329,0.0407181868949008,0.0616040200083898,0.0239069821679392,0.0429940649462205,0.0463503647331496
14161,15289,0.0606948625580291,0.0790006635576935,0.203945495971562,0.138544190414583,0.0385272131723667,0.0588503791608353,0.0279907039346422,0.0300823383209815,0.0627010410606121,0.0553686859383456,0.179254885866819,0.0650395400435297
12348,9748,0.046142541711252,0.128028907325708,0.293113149195132,0.119080290228519,0.0407579593700477,0.153355201476787,0.0374446618769707,0.0253968787738349,0.0373987711670059,0.0180159921666645,0.0771856480951335,0.0240799986129455
9166,11924,0.0323856570265479,0.250488820927676,0.264867036429781,0.105004045940091,0.0368991691790079,0.141509086278093,0.0241978315702298,0.0114438505948259,0.0342922390700308,0.0108004439144663,0.058839146237786,0.0292726728314639
14696,5644,0.0453976410939242,0.246364180979321,0.26224470696028,0.0653803393575792,0.0176329196518843,0.126113024159786,0.0519958000862065,0.0201143692820866,0.0285198443132858,0.0104124449962095,0.0861838687485507,0.0396408603708858
15671,8294,0.0369369715296123,0.188767004480529,0.261410346903151,0.112295060463747,0.0256839778149663,0.0797947398129842,0.0325565638069382,0.0325257410060947,0.0549113478202571,0.065596252384396,0.0695812332814881,0.0399407606958356
14992,15287,0.0599477542150439,0.0920898223522515,0.327610267173933,0.0958292936921032,0.0755851480253681,0.100365619973215,0.019229315241158,0.0340402873373097,0.0465999071330438,0.0224154137655219,0.0882243556650708,0.038062815425981
8616,13854,0.0459342764133215,0.202706569307245,0.279426286921171,0.0938376208603727,0.0154268520051486,0.121886752646104,0.0467702017827649,0.0213038967815951,0.0343085250137925,0.0248541390085229,0.0764843707104709,0.037060508549491
13463,12639,0.067276618470104,0.103725520339912,0.346301811345546,0.0746842369062617,0.0288388627752069,0.0912498483803001,0.0318349238283819,0.0139845113067805,0.052299155525004,0.0350444440899498,0.137618378110292,0.0171416889222605
7916,10721,0.0531473525747119,0.160423110868939,0.336290445331727,0.0659104277245273,0.0519064596399533,0.0955523528676428,0.0391269876088777,0.0288607934960703,0.0276730484154983,0.0252929988856664,0.0696120937532076,0.0462039288331782
9292,5896,0.0505660357545247,0.140690518663234,0.305979041860899,0.0709773062249208,0.0254837011963772,0.132090869187091,0.0505277953871819,0.0181867277805883,0.0306411653756099,0.0155172493543242,0.0973736851738053,0.0619659040414452
9726,14816,0.0493538947659588,0.152890249462153,0.107867759364039,0.134362679127228,0.0345159230404098,0.140931714594614,0.0473604566543224,0.0366245122045865,0.0662897019174327,0.062970476509916,0.140897994957136,0.0259346374022039
15667,6366,0.0478932058095896,0.183298307893551,0.315924596937844,0.0753352030904729,0.0470443489509166,0.114757473204159,0.0335333983529528,0.0282208135812989,0.0322510520544319,0.0215093848544434,0.0652816465233414,0.0349505687469991
9445,12888,0.0581935654812129,0.23335667035503,0.283411496677303,0.053903918811249,0.00964537501150559,0.102011216071296,0.0232949117644752,0.019467548979973,0.0421799931147812,0.033478165443917,0.102945764893876,0.0381113733953822
16782,9739,0.0314012537086893,0.10434378992943,0.203552915546257,0.1443727730132,0.0393690240886953,0.184083844939819,0.0477933310376243,0.0329358452309027,0.0295752820279455,0.0581500416955783,0.0839883736457895,0.040433525136069
11647,5651,0.086499156755385,0.085023534476077,0.176843670741739,0.115070366072948,0.0467317607396462,0.209102525287468,0.0527076797222305,0.0315660923959782,0.0564065754218243,0.0276385378501796,0.0777785017988756,0.0346315987376483
11250,14572,0.020547028509006,0.00498776075810435,0.00623754474197055,0.0110398810319294,0.0129405370788073,0.00604744085673136,0.0242101103343861,0.0290360500362495,0.0812757790137651,0.024110535647766,0.774702328131185,0.00486500386009963
8333,10961,0.0231053875760997,0.17953253689368,0.343375981557641,0.0975288877716116,0.0291031597891578,0.12926825736477,0.022700793007015,0.015873146953246,0.02598820860708,0.00655220086004511,0.0970092578398174,0.0299621817798361
15813,9982,0.0489904994177658,0.165022107633992,0.187730142071356,0.109963116483021,0.062087688746195,0.156820425346627,0.0311953107285384,0.0211323633928324,0.0363876315747176,0.0371582491315121,0.112040231958546,0.0314722335148965
14854,15529,0.0535859951368272,0.0319501862387227,0.110006927179767,0.0980331019893034,0.0992591803868289,0.104716810787619,0.0269234597538687,0.0381962523581307,0.0784323754858342,0.209746180763471,0.142120343682406,0.00702918623722166
13734,9745,0.0278296099298508,0.12408349592954,0.0260596598187227,0.0480703942934114,0.00705996776434798,0.0453214064984624,0.22643739824052,0.0731610317802765,0.0422014266042489,0.0897417627376803,0.225371198177632,0.0646626482253071
9155,6620,0.0685180232393394,0.0889522461298369,0.117864655518739,0.113465489247414,0.0178609709252003,0.108204687948047,0.088266402527089,0.0329457760012629,0.0694838715512951,0.139206353109401,0.115911414138148,0.0393201096642273
17073,16489,0.0593960419876184,0.0709246572709358,0.21854382182148,0.136960992208563,0.0376769740204959,0.153419827675166,0.0171693498672795,0.0481275461324114,0.0466576064240401,0.0721933777823054,0.0922915443108038,0.0466382604989011
12214,11918,0.0522193711636029,0.141218623489871,0.220286804827979,0.0985301659076519,0.0415160190929876,0.161375763678244,0.0424939322903786,0.0154659585189728,0.0516547013129807,0.0202327653068659,0.11944866996403,0.0355572244464347
15682,13598,0.0417830711581419,0.132615132200575,0.206559405325318,0.0589953067859748,0.0564653463637451,0.0799632254834605,0.0727181469656477,0.0194614762162412,0.0449073258972527,0.0886177037116649,0.17206591622945,0.0258479436625281
17063,11667,0.0490852648221834,0.243432326586843,0.303711989816532,0.0650601814779393,0.0141392819844692,0.079778097183043,0.0518187279690918,0.0224003748648774,0.0534288208528793,0.00854815542095788,0.084506303681895,0.0240904753392889
15962,15044,0.0483101986095075,0.153296497554153,0.281399180272626,0.106839063053998,0.0180372668567163,0.125428352382052,0.0309474716992725,0.0150920806792404,0.0418241691601116,0.0349189952839306,0.123052715918667,0.0208540085297255
8755,14095,0.055030761141948,0.205600867359142,0.228138672572171,0.103187481419339,0.0302500028521722,0.146368998258699,0.0223106568225952,0.0306287924174083,0.0426369030250378,0.0180031694127097,0.0865906052050912,0.0312530895136874
14298,14566,0.045144317715437,0.162851180372811,0.20017219525255,0.10889756047115,0.022531111131882,0.0820401923658176,0.0300215010149382,0.0505493656157492,0.0731453056876821,0.0952148883563725,0.109427238248106,0.0200051437675048
11658,10955,0.047549091374518,0.174891907282343,0.327455254880787,0.0769033194454749,0.0222263011095356,0.077129917036038,0.0462177546738138,0.0224776038983031,0.0465120476655056,0.0223867915922114,0.102003483796681,0.034246527244789
14851,14082,0.0701292077460197,0.0356896513430883,0.219501358481755,0.132034614345185,0.048348785269538,0.155975942737304,0.043267903597223,0.0536936695886189,0.0732223786018695,0.0783691848396349,0.0604554428127506,0.0293118606370123
13467,14567,0.0622007000337377,0.00181222489049862,0.00108006175710327,0.00544599723863577,0.0196451904432938,0.0030668998993454,0.0211125923410231,0.00323395154089652,0.147521812688762,0.247869718485353,0.484800774804117,0.0022100758772335
10699,16502,0.0292287743682977,0.196469398347698,0.232819485946809,0.105198049868854,0.0571150083438278,0.156097606073158,0.0235794700326345,0.0238947574862544,0.0394717254784158,0.0270976723299152,0.0782067473933488,0.0308213043307863
17756,11907,0.090714367474424,0.148576777061906,0.137069853828787,0.0824059932828798,0.0235498789542363,0.148794624418854,0.0387387931506345,0.03400169578161,0.064973451626261,0.0962809412448516,0.116305529968773,0.0185880932067831
18172,11665,0.0715429350505235,0.0795372159069109,0.0577683108025609,0.0411822263216643,0.0387166648699507,0.0434201422504583,0.0725874773866738,0.0478778202777337,0.110552832701935,0.350931228585404,0.0625111103372367,0.0233720355089484
16370,11427,0.0609770708138258,0.200659421873898,0.211071091257567,0.112712446363884,0.00375899588470182,0.095893680470854,0.0605120973048952,0.0207597762019859,0.0571426936276988,0.0221728539509622,0.121922465413669,0.0324174068360576
14282,6851,0.0462650523127384,0.0615026525720094,0.212393215745836,0.087595622514136,0.039638659182821,0.115394560160737,0.0858481427752655,0.0315373771318357,0.0669426831570302,0.0785202900120575,0.134089109513395,0.0402726349221383
10681,7340,0.0495563022915169,0.138870617540936,0.249837829193522,0.114497239910879,0.0674719919598955,0.121423213009777,0.0563305276362044,0.0451193445448588,0.0268880523920095,0.0265917632107399,0.0832031069671578,0.0202100113425038
8188,7827,0.03639398826472,0.234421430717987,0.314701550742377,0.0849658176959327,0.0368025748227339,0.114332917807651,0.0221287899423283,0.0117598666981426,0.0168931562365765,0.0133700000981299,0.0830549754540306,0.0311749315193906
10682,7822,0.0520086003467361,0.127185734274576,0.225637461095719,0.137204602809708,0.0203304156130252,0.120910358611809,0.0477202642325254,0.011381055552557,0.0618448914501397,0.0579494137875734,0.106597830288771,0.03122937193686
10146,16985,0.0577067514202384,0.160662704519302,0.311008040798775,0.0836390084161917,0.0461370244870018,0.10774824300776,0.0185802509828529,0.0199284371719974,0.0356970362175327,0.0238311441455876,0.101611426748303,0.0334499320844587
11520,11196,0.0526444940390408,0.227565351633302,0.259925740128178,0.115567501056464,0.0385191728158359,0.0635003153909577,0.055314642295396,0.0169850353540998,0.0327811543158199,0.0235398817440773,0.100247576296219,0.0134091349306096
12767,11435,0.0403816422660025,0.25366185752514,0.229830640184821,0.0784060589542825,0.0316313892294694,0.122637346154899,0.0287546435124475,0.0247768595404333,0.0316829357324912,0.0214961058655883,0.112049504943378,0.024691016091047
10419,15056,0.0806461304763349,0.0814822310033118,0.138257586966457,0.0774314976961669,0.016122698933393,0.128078858071662,0.0331094171190711,0.0363226349331435,0.0627761125184001,0.0852713370045941,0.199495356746769,0.0610061385306968
13049,13845,0.0934771002164369,0.054623426885219,0.22088209133823,0.121863424958433,0.0297468886126271,0.186200223472594,0.0477958928291544,0.0487739974644375,0.0833343062816615,0.0508266736017068,0.0384489209545399,0.0240270533849601
11377,9026,0.054267810124705,0.121657473668554,0.285507692509018,0.0928900852816377,0.0141361818621213,0.120224556708467,0.0480619721788013,0.0365427271125787,0.0548629791604718,0.0259051356310952,0.114518828664897,0.0314245570976528
11527,14571,0.0503472950195998,0.0427835971185821,0.00872986400674354,0.0504957551320456,0.0174560430923554,0.0131956187686586,0.0808276259122007,0.0732255870283819,0.0880393116457073,0.0392562970130501,0.513578080161657,0.0220649251010179
7920,12650,0.0622277451261172,0.168957270833071,0.226625348609976,0.0932250336431389,0.00506695130435728,0.116378606460349,0.0208431983840939,0.0503328094752875,0.0719400871658043,0.116408438937347,0.0469851456236821,0.021009364436777
15815,10946,0.0216496822834212,0.218399775654946,0.155775701608784,0.104583355315368,0.0301933340753402,0.0627094158725073,0.0253604485710064,0.0808696356632219,0.0448857967561235,0.0943211391322186,0.115118347566421,0.0461333675006423
14292,11673,0.069564133063496,0.153646783351176,0.0670689486648124,0.10168803692977,0.0265710406217463,0.10770273655019,0.0427487932902169,0.0752494622098112,0.0736596350109299,0.034925398495684,0.220304836059941,0.0268701957522254
18169,10218,0.0495712428595734,0.129424652624795,0.141788424584684,0.110321118190821,0.0114215363715718,0.0713176497417506,0.0395320844428186,0.0326812718855893,0.0832658243141777,0.258227062104996,0.0581554892756144,0.0142936436036073
14981,9983,0.0522229024916926,0.228477717598001,0.151735517811526,0.11313460805557,0.0202775073561294,0.114345816665185,0.0509033227383119,0.0329421045735405,0.0688933512338279,0.0530337315439716,0.06619233937972,0.047841080552524
13316,8540,0.0510406311672324,0.180188984517548,0.242834899558016,0.109206323074832,0.01922297384932,0.169263566699793,0.0444523354830108,0.0113575420211574,0.026834939078993,0.0427874184477006,0.0836747597439236,0.0191356263584723
16088,9017,0.0348436205819167,0.169852141212153,0.296843512338854,0.0515195663600338,0.0122562038661909,0.0979410692824788,0.0735988455347742,0.0223548716736725,0.0463417718886705,0.0478306032272181,0.0892513475156217,0.0573664465184158
15812,9500,0.04633798889398,0.128120511055051,0.132921379015047,0.128585613509641,0.0335023900258538,0.115316666360985,0.0477164055336405,0.0443899040461612,0.129094852185852,0.0323116228476696,0.118621403840569,0.0430812626855508
16795,16007,0.0655227250816317,0.133082645475007,0.244283948921432,0.107722285800664,0.0577309260402202,0.123274868266942,0.0381757039732189,0.0105309622876951,0.0379004692096403,0.0625975282788829,0.0914690643647814,0.0277088722998839
15113,6367,0.0332595002361728,0.26638035977819,0.286746655746268,0.105365259554866,0.0202997305740451,0.0463178975883381,0.039206299197556,0.0193775844336527,0.0381366597617815,0.0194593033745947,0.0866642594779443,0.0387864902765909
9169,13370,0.0512429621580183,0.190672210222739,0.290461076242242,0.118397084801699,0.0270088991289316,0.144894318602703,0.0299966096945556,0.0332229948447345,0.028370950796054,0.0110735639064286,0.0439767650001182,0.0306825646017764
14138,4199,0.0460306574702854,0.136830423587914,0.220691963347054,0.0721714565960801,0.0793971509666651,0.140099471712881,0.0320568674550328,0.0358794331961003,0.0336184723674383,0.0404024368678202,0.1182444524914,0.0445772139413297
14010,9262,0.0461091457223813,0.122639108948952,0.0304931307655193,0.0529362934379049,0.0146634781642247,0.0382670557405322,0.117274051181954,0.034236262028238,0.0984723929538583,0.1659190769434,0.233746903709901,0.0452431004031334
18036,12870,0.0580837096555166,0.0802994249244793,0.194098881040726,0.155731859378127,0.0937717159955256,0.122883961473572,0.0378270044659115,0.0321838065909858,0.0674032502407452,0.0486816627279531,0.0733945728367262,0.0356401506697326
11941,13847,0.0790125263600594,0.102313190653993,0.0807182110055719,0.0815644751646276,0.0215165703855067,0.0843023040470301,0.0493012950098369,0.0450942717161336,0.105054309673622,0.13565502101439,0.199219925493292,0.0162478994759372
8325,7104,0.063604654927385,0.194031449680777,0.223703528283702,0.145785037694361,0.00681117317693688,0.108834711613461,0.0331589864032895,0.0294074283659925,0.0392279432552623,0.0199106588761264,0.108460254767426,0.0270641729552802
11937,11918,0.0455342625364972,0.14518012059169,0.243479134057243,0.102379205416791,0.0261186556333303,0.13008063470103,0.0277474963551199,0.0289171738389083,0.0321333530499636,0.0307049886812591,0.165806519136333,0.021918456001834
16932,15284,0.0652926796418397,0.177962338705294,0.224784245214207,0.0942157468811409,0.0275001887499958,0.164057067634254,0.0296064769126563,0.0234449360259748,0.0323879874482144,0.0210174388276753,0.059698487798401,0.0800324061603467
14007,7816,0.0311060390253205,0.24673031184936,0.247797874243476,0.115080005303973,0.020962982408844,0.0815937087126828,0.0445152192251561,0.0261285725432356,0.0420931381104216,0.0250450290973786,0.0892430611856162,0.0297040582945362
12226,17704,0.0504011141202759,0.0427419798565436,0.17207044012297,0.151654130657102,0.0576180757678557,0.163632134370307,0.00855759961635938,0.0420446341688238,0.0270992267699539,0.100665388670534,0.172456124463994,0.0110591514152801
12751,3237,0.0260286743349004,0.30896154306298,0.239634782648279,0.0724845154232252,0.0164610056069355,0.0464474382834776,0.0319290744635633,0.0412555986716323,0.0466925734402515,0.00982556363652394,0.12550503634757,0.0347741940806613
13456,9263,0.0378372708036523,0.158101106473001,0.235694460921297,0.0966234552032897,0.0514128128102114,0.109063021495163,0.0406014031499816,0.0322104830149158,0.0388911335123262,0.0355249730131387,0.100548166817931,0.0634917127850925
9986,6136,0.0377581424582372,0.249465327396951,0.273874075107586,0.13006965165651,0.00699676075319244,0.125311944729437,0.0125411998815056,0.0272696677651885,0.0157541117069293,0.00881696153405247,0.0914308971789117,0.0207112598314995
14011,9744,0.0746313594317833,0.0883254737745651,0.0963162077706998,0.0584524047629968,0.0124816101048282,0.160683894265934,0.069268899656453,0.0484780259548476,0.0917137057480195,0.181176934079902,0.089853896498793,0.0286175879511781
15678,11670,0.0333744367177513,0.168781684340244,0.341512038411032,0.082674367825338,0.0158785057858034,0.128502976648742,0.0323663062975863,0.0318272232441966,0.0235255755651746,0.0245456721129424,0.0724398600239723,0.0445713530272174
8886,10478,0.0657856394675751,0.179675276511088,0.251927238785829,0.072472776410617,0.0226504598534817,0.148214627174095,0.0458508087959195,0.0204846361524697,0.0375341930649812,0.0192821297454501,0.0888650300674702,0.0472571839710234
15259,9983,0.0627346769724635,0.132790262580674,0.246804152880078,0.0338376345071062,0.043065658782459,0.122706681771941,0.0784273207083494,0.0142068535615527,0.0858084798321959,0.0254142491370127,0.122260886190401,0.0319431430757665
13865,6128,0.0495029984554264,0.176472490311142,0.242014847602554,0.111557043817845,0.0551405607138472,0.0902992620953322,0.0279305374309759,0.0441691032467768,0.0222668729948904,0.0233335259552906,0.124299176744404,0.0330135806315145
14301,16012,0.0623262989267258,0.155114283631705,0.161111710756964,0.097065654478512,0.0523533411400743,0.183010485108254,0.0318189516767103,0.0293642964065115,0.035609844506119,0.0574083053215309,0.113439356924356,0.0213774711225371
14148,9021,0.100063354138456,0.0225634044445694,0.151696964547457,0.0746160856437564,0.0414522106425962,0.0841487741388513,0.062145981612997,0.0238449046276314,0.108528250234168,0.1467781523935,0.146460235470345,0.0377016821056722
9996,11440,0.0518634764114195,0.115910237393903,0.231234391593405,0.13668548180245,0.0304342427532604,0.102950311262363,0.0486255250615216,0.0172775227793149,0.0630538373981984,0.085755112498937,0.0809259741719062,0.0352838868733204
11117,17706,0.136016750675956,0.110232241192449,0.201817107402701,0.0616667662686763,0.011727901125796,0.121591297968099,0.0320867346971346,0.0279888357164668,0.0654257931816251,0.0351368134559512,0.187325117355889,0.00898464095925572
12215,12400,0.0500252709755549,0.104731829369741,0.278812277693401,0.111286712246885,0.0791493499180325,0.109625790657544,0.0258905070923141,0.0528390938655574,0.033538152877609,0.0578296526971012,0.0671317307444649,0.0291396318617958
12346,8783,0.0497341823427229,0.20098069740596,0.279600103455404,0.113275365794455,0.0222168351577898,0.0774590356022651,0.0401751795651623,0.0331295207135256,0.0442624958217521,0.0127323721224748,0.0791306734429179,0.04730353857557
9023,9754,0.0562851896584946,0.119120812898594,0.258473029016253,0.089761013358459,0.0147966653789599,0.137312856331261,0.0384262429089751,0.0303344075849606,0.0253833423922905,0.0161887446774778,0.15980902648676,0.0541086693075144
16929,13837,0.0385780138159239,0.116282436076073,0.14921235573224,0.107434420486922,0.114269259748967,0.141869721500806,0.0298220446871051,0.0443448248392358,0.0511872382858506,0.0189131426548301,0.137171716740348,0.0509148254316988
14141,5646,0.0519077625303565,0.092906691811633,0.273255318270783,0.114390790755559,0.0325843147314965,0.13220485024783,0.0314581906004862,0.0198360264672277,0.0600138308907944,0.0301585558595068,0.120332162850798,0.040951504983529
13610,17219,0.0392145888191395,0.0822378964996519,0.252572654677882,0.070169669357639,0.0104405008339788,0.0521062696642087,0.0394423363180551,0.0683447303672008,0.0690740889142523,0.041814881574714,0.243866511358172,0.0307158716151056
8897,15782,0.0763208528641963,0.0771252344306588,0.245676060823019,0.0953004582422095,0.0200209260365464,0.141728803118893,0.053096695987209,0.0112302165323222,0.0604763535727289,0.0435918312449627,0.142249421882042,0.0331831452652128
14708,11913,0.0936697861717249,0.0441459703371622,0.130765403215468,0.0833257996649196,0.0122870374393644,0.110500894101703,0.0185465769611544,0.0152533913454827,0.0575578985049945,0.077505533807818,0.324720602035893,0.0317211064143162
10135,11681,0.0672931475956627,0.175303456152401,0.257906513003897,0.0872780928592733,0.0480777690838768,0.170996903662874,0.0294803537823072,0.0304416526916956,0.0321158961425054,0.0273293472738493,0.0440574771775809,0.0297193905740768
14577,15529,0.0670968836568975,0.101345626224018,0.183673009444722,0.103140339363669,0.0477552278112249,0.134929537003741,0.0371259423376298,0.0269545066539656,0.07644184580504,0.0646987982591529,0.12744404353465,0.0293942399052881
10831,12885,0.0688335888960973,0.141283173945601,0.142296294517768,0.107164723949558,0.014954137262408,0.138310045885579,0.0521587518732521,0.0447592514988008,0.04301172554611,0.0625287018269493,0.164939983440568,0.0197596213573083
12503,17703,0.0632415038283327,0.0188107942752473,0.0875322508482339,0.100187936399929,0.0382332296082472,0.0577347117424373,0.03804793892306,0.0218973258142911,0.139423433788408,0.299762403532332,0.130248319823695,0.00488015141578521
9022,9272,0.0603762217049321,0.192217207481112,0.272836610467763,0.0615651187743001,0.0348920791660603,0.125329778243958,0.0341073636361328,0.0519564050060225,0.0214166507505474,0.0360873590181288,0.0794423128084885,0.029772892942555
12208,9025,0.0592590998879569,0.119421093346959,0.283030464109366,0.104932785333041,0.0338715034761047,0.195773126935919,0.0191769026876581,0.021034637243704,0.0443128874495135,0.0203603993445157,0.0669352210095863,0.031891879175676
14026,16977,0.0435701711971747,0.173447691979449,0.22978837650157,0.100972796495921,0.0135084129949434,0.125921411373915,0.0197607619888114,0.0623473899958085,0.0302471944441875,0.0298858177777579,0.124561000187943,0.0459889750625185
8760,16988,0.0541614785489464,0.0821641630100915,0.23476867452428,0.083623727294995,0.0593095420907489,0.0740634524970064,0.0292621525493847,0.0350113871903364,0.0835313865323299,0.151663925512198,0.0822664513371398,0.0301736589125432
8330,9515,0.0374446121584806,0.205847536613228,0.215025519774694,0.106635818645985,0.0273558598326397,0.191819892242452,0.0289541188385387,0.0177376684200775,0.0371805913041461,0.046151809724138,0.0570429499139102,0.0288036225317103
15534,9018,0.053082426657603,0.218958453194937,0.241280618361284,0.141613863263207,0.0161977578745722,0.0872768378704811,0.0339856528312158,0.0288905559075885,0.0358283459123255,0.0189956837197086,0.101186636775024,0.022703167632053
12622,7818,0.0246625830616602,0.219809627648698,0.256501099670076,0.0793598982150723,0.0159571752179921,0.183585607849089,0.0313445375037003,0.0261268788767632,0.0176989717610939,0.0223758504420323,0.0800643566793489,0.0425134130744746
13603,13362,0.077163251554003,0.101236705207473,0.271402076180472,0.0874931493199416,0.0202384406794686,0.149314655886908,0.0537265621991092,0.0399394040109648,0.0612063075057114,0.053045335667925,0.0642891745158063,0.0209449372722182
11253,16018,0.0675062117637045,0.125843575761359,0.160274953614754,0.165472093058095,0.0249446476735359,0.128077528364025,0.0310928408761911,0.0443530782758315,0.0457050400594148,0.0611579006445094,0.137477228127835,0.00809490178074488
7778,10962,0.0656955582150541,0.182053011954396,0.240612671537318,0.0618067397588907,0.0593957184858587,0.0994159885608985,0.0304245381394267,0.0218600738549264,0.0304354912665733,0.0635481538919825,0.116866099609356,0.0278859547253187
13194,16979,0.0793244730029213,0.0897083156987994,0.187763872796623,0.0821092503702753,0.0164354912704801,0.0699977659825826,0.0462695128898248,0.0404729517049602,0.0906309289862027,0.103245743374535,0.148274321818365,0.0457673721044305
14718,16735,0.0638860959231775,0.0589157222856245,0.301590458829587,0.106023558791769,0.0110951868998522,0.136417505256413,0.049213356501502,0.0185216468588474,0.0503777069959643,0.0418157227772583,0.115843033266221,0.0463000056137839
10004,15298,0.069590462073198,0.0461977013396799,0.0894213703294548,0.0948083220793749,0.0284031529628955,0.12984237722018,0.0421361060539873,0.0396841900465448,0.0574111277739943,0.305286634912073,0.080317001175066,0.0169015540335515
10962,9268,0.0610780736987913,0.137501349122183,0.32297260573658,0.0701351398934027,0.0347615979971206,0.0742647060636705,0.0887082224103853,0.0452132041682317,0.0504442676029763,0.0300287801711197,0.0665325004123861,0.0183595527231531
11516,9267,0.0565808344943823,0.190727710917527,0.228805186653344,0.0684185719001126,0.0393669263903324,0.136501045261549,0.0445924038873606,0.0397732395378125,0.0788509819274045,0.0129172040244306,0.0815465288824373,0.0219193661233072
9717,10476,0.0581501372360801,0.129580010232319,0.283019199257012,0.16295860561353,0.0254870371729268,0.0943040095093611,0.023829432014142,0.0180875726346899,0.0345576881842814,0.0169650483273584,0.126436322926673,0.0266249368916261
13041,9505,0.0464722075794154,0.246034023344067,0.230664442118433,0.101972318814537,0.0418277961928599,0.154116207064937,0.0301628389528065,0.0220078867546035,0.0401043439483239,0.00788189889251113,0.0535625167961096,0.0251935195413959
8614,12889,0.0488563208661808,0.18100136891972,0.304887773024272,0.141423912257195,0.0308263361291715,0.132625927929643,0.0250477625867077,0.0274404978998804,0.0133894933967753,0.0186040955417011,0.0347145572326256,0.0411819542161279
15123,11671,0.0665296265139712,0.202561660578944,0.161419251361549,0.114662429977743,0.00593920708453136,0.183942926332676,0.025402219583332,0.043663729516773,0.0397164770170412,0.0252079834604149,0.0962753067237888,0.0346791818492356
10974,15537,0.051802229899723,0.139541855183537,0.163041634229358,0.0987341208217893,0.0142353782706446,0.0939118788051827,0.0549243185634079,0.0372450936117871,0.0918154302136629,0.0792349922256255,0.128551121767531,0.0469619464077505
9858,11681,0.0566520300830462,0.105153856834328,0.348044072725593,0.0757633258028612,0.0181994941089881,0.0977917154193677,0.0483181935430968,0.013936454303291,0.045121195053079,0.0323775181440191,0.126559719652511,0.0320824243298188
14289,10226,0.0459975349728527,0.152556120609314,0.363295771692877,0.0287351176387838,0.0211493211489425,0.11173116140134,0.062462028327708,0.0176170011140701,0.0317325383441338,0.0525976724824637,0.08653177113085,0.0255939611366641
10683,8305,0.034906603733183,0.145778594568657,0.296547445946249,0.0824975195438191,0.0205793900872899,0.168927911423682,0.0189345993667273,0.0143310130710376,0.0329691682727861,0.0280584610676356,0.116802102546643,0.0396671903722907
8892,13371,0.0418613770700576,0.113753745558347,0.220583136563282,0.14421321429922,0.0581055654225875,0.152069219277767,0.0550461171523158,0.0327554763086535,0.0477924616584307,0.0316365296363597,0.0616696374804612,0.040513519572518
7780,11927,0.0564942008778045,0.046567978864784,0.298678764273987,0.0712020194961779,0.0324870151442494,0.0971582035818384,0.0183728893818338,0.0243195780221831,0.0512411820156234,0.167855371895158,0.0834587215452612,0.0521640749010997
10127,7341,0.0895191341994501,0.197432538613453,0.268076273764572,0.0938499313924397,0.0267914080810027,0.092226799022935,0.045083358423743,0.0352433289092778,0.0407694923293905,0.0121441710002586,0.0664553965778753,0.0324081676856027
9584,13129,0.0283163542394114,0.216635728410352,0.169112473549456,0.142127312273469,0.0410794788261582,0.188599906466907,0.0285381449460962,0.0214707275835919,0.0343691106611574,0.0239729758062328,0.0645024423650356,0.0412753448721335
14279,5404,0.0376862137943653,0.136985898723789,0.317100283021491,0.114155045516683,0.0444727294146852,0.064919463221315,0.0376882074367276,0.0228196194846938,0.0614490944050545,0.0182319307409075,0.110234651801051,0.0342568624392382
13886,16254,0.13205327088976,0.108404954986649,0.188323552287399,0.0981090556732434,0.0430885652705101,0.120120526375894,0.032054043169778,0.0415161605528728,0.0358547648024464,0.0471684642600184,0.113357770744673,0.0399488709867562
9727,15298,0.0455954880283948,0.155601982293862,0.183182959722653,0.101714351778198,0.0443553370107098,0.121377860718322,0.0407112951718165,0.0733358106861117,0.0738996233370502,0.0424834666412085,0.0867102167913969,0.0310316078202764
14977,7573,0.0439295988224302,0.147429327242956,0.309963959418672,0.122303980095198,0.00609221722837414,0.169105215515273,0.0198603033367234,0.0225172345352562,0.0268929594544717,0.0419344320372544,0.0534976010714926,0.0364731712418984
12209,9507,0.0508697975877844,0.217733230270703,0.328071033968164,0.0883730802013434,0.016869846351664,0.0920114283443006,0.0236318243930225,0.0325771592546307,0.021678995559444,0.0118668272828363,0.0812476151592028,0.0350691616269039
9714,9030,0.0705868896681845,0.0918609846194329,0.29663592831469,0.099827523800766,0.0713722627083443,0.121505770088199,0.0340557505670303,0.0380171978077231,0.0546878149279076,0.0429861981555524,0.0516753413026581,0.0267883380395127
8055,10480,0.0314235349125996,0.0663019965135711,0.378660798930501,0.126194888866915,0.0273687587926263,0.110807050312592,0.027050721892069,0.0283420837582255,0.0352564121601013,0.042682155398053,0.0901928160518795,0.0357187824108669
9162,9995,0.0545907423278172,0.120052985494951,0.264940693198914,0.122603051103129,0.0429708454503189,0.169412799110194,0.0183902039199659,0.0239193305206941,0.027985353691458,0.0306322994959456,0.0853150254765797,0.0391866702100321
10285,17226,0.0506243088588786,0.0638969288275434,0.370946550121379,0.141006843743134,0.0356358078159915,0.0892178461281458,0.0155689593037745,0.0223688827377714,0.0295967623270077,0.0300254901001988,0.132068874703074,0.0190427453331024
10414,12645,0.0729604271722829,0.143490263806837,0.265035371480492,0.131326727118072,0.0092831350462757,0.187986063099114,0.0328081856283811,0.0396617172638174,0.0422417613655838,0.0201922128702829,0.024097278512381,0.0309168566364802
12197,3239,0.0479599589880269,0.191385794556435,0.287175821260654,0.0884891383598986,0.0238669014116177,0.0882871914279319,0.0489245635545979,0.0198793156954695,0.0564174693190516,0.0524065394292835,0.0654405411648314,0.0297667648322017
12062,5409,0.0669961276418092,0.182006814143261,0.313731563171828,0.0783326738219151,0.0202629902726377,0.0908782238633674,0.0267976058323315,0.0273146725195446,0.0421553641665031,0.0234456313873845,0.0936147549875739,0.0344635781918446
9587,14575,0.0314134156116605,0.2066589190536,0.260896973873686,0.0559823101596169,0.0855342172378485,0.105071302750239,0.0530577423382592,0.0278597102965678,0.0348578753674158,0.0346334457886402,0.0726934953646189,0.0313405921578477
17479,11907,0.0589284750250193,0.134532772928554,0.326833741508261,0.08113352538289,0.0587035536656254,0.0883094992447977,0.0334238673840622,0.0222739477946163,0.0621079170113487,0.0158731581178688,0.0823180128958304,0.0355615290411269
13861,4200,0.0411307706055122,0.176645877813434,0.292130226506625,0.0633646820845101,0.0766618481533508,0.133077758998682,0.0310848792683331,0.0231801632043194,0.0275270751908635,0.040270823256924,0.0758500625396977,0.0190758323777482
10134,11199,0.0739254388155048,0.135058894807623,0.233870853229995,0.0663283586375196,0.034515732512247,0.17315768959608,0.0532067178659712,0.0160630067868523,0.0683407064156051,0.0552392739822186,0.0670469746807087,0.023246352669675
17195,8532,0.0502067307782081,0.112286784169991,0.225790409679011,0.106363477620494,0.0189689412809653,0.181615644393217,0.0524888529816879,0.035595286552325,0.0644725266387435,0.0495909275688022,0.0724324542206098,0.0301879641159451
12496,14328,0.063566597188639,0.0281212315864915,0.172765196396781,0.0899262458472712,0.0439519094134665,0.0755179390936759,0.044531976761172,0.034467854441935,0.0570274754749755,0.0914832939384463,0.270836035633764,0.0278042442233829
10002,14333,0.0598069494989334,0.0616248038548088,0.134517494612532,0.117456396821924,0.0516358762687174,0.208107780251412,0.017608792652202,0.0539835549077587,0.0670699544013588,0.0428432742040102,0.160163001243794,0.0251821212825479
12625,9747,0.0426378440496669,0.146336462410521,0.321350595628059,0.116061219453295,0.0191218015194596,0.146439425344552,0.0235173932513946,0.0253299782088712,0.0295101314264205,0.0127595697542375,0.088152820703234,0.0287827582502892
9992,9511,0.0388525363300623,0.152475551073936,0.245163945309342,0.0983666819870265,0.0298524833739839,0.205899229788344,0.0234363910574091,0.0208265098874251,0.0198040382951736,0.0370404087594489,0.0946624361733663,0.0336197879644824
17207,14319,0.0558335430391162,0.0675959979383651,0.192028369488119,0.167437523476661,0.0641497233107993,0.18908626165871,0.0296068654549248,0.043444468642248,0.042331415728861,0.0192969331352143,0.0922696126148367,0.0369192855121453
11247,13125,0.071599970829223,0.0122920638687916,0.00569525267040724,0.0292779875351657,0.014704116470684,0.00668259798661707,0.031956360886756,0.0302379720124045,0.0945160177162231,0.0514068952080388,0.644541410073553,0.00708935474213611
16084,7088,0.0362710359933945,0.0919453108515762,0.104735750494227,0.0538375141896184,0.00579602967083347,0.115376373281703,0.159601381954432,0.0579939122266321,0.0686793969980961,0.0621348057356649,0.206313876081138,0.0373146125226845
14287,9262,0.0378786233929678,0.291816779787973,0.0689704378774234,0.110524611205202,0.0297665302288032,0.0569748059330197,0.0790977627361184,0.0392453575164177,0.0574076510558763,0.0467336461143441,0.153323997944275,0.0282597962075786
9865,15057,0.0401617116991653,0.2234847512973,0.162591637036794,0.12100395542079,0.0573648441506604,0.0935189942982208,0.0121140809676742,0.0726360853897903,0.0222324598607998,0.0506868041085209,0.116804059578989,0.0274006161912951
16658,16731,0.0536402458643042,0.0124381997866394,0.0880667294059031,0.0380151757340907,0.0111551899657884,0.107906775347286,0.0272042494632962,0.011091276354837,0.0428028508310285,0.580941300160056,0.0257966862068551,0.000941320879916111
13732,8781,0.0336509044295056,0.0561912315599089,0.315791693884262,0.14730054556039,0.0487756739135051,0.146735579381832,0.0342012113014793,0.0176221390693207,0.0378921371006381,0.0816532640865232,0.0596371028344775,0.0205485168781572
11671,17223,0.0568115841636911,0.124582111102246,0.190511351315636,0.111902180372202,0.04210229701883,0.111142726361363,0.0376791236171748,0.0278909400197897,0.0382066949031561,0.0693991282435995,0.0978479390146543,0.0919239238676564
7782,12891,0.0622890725054304,0.0914604616565131,0.239480546752346,0.0356807630507656,0.00624265949196633,0.110114377859892,0.0611928937626582,0.0302768177881346,0.0839077905097628,0.166869834807897,0.0803103966975619,0.0321743851170723
13597,10468,0.0356949603435282,0.110893383658525,0.360502503025069,0.0814098229019681,0.0503693764783296,0.174568374266135,0.0253145076648944,0.0167956317577586,0.0186365141918186,0.0417042039837698,0.0520802461497709,0.0320304755784331
9178,17710,0.0258715337232902,0.0146956838609659,0.0876445031761587,0.0301094613668368,0.0127952859697291,0.0708140607283581,0.016306026530659,0.0260957977676297,0.0757488176397597,0.604380959668676,0.0234868902783795,0.012050979289557
9014,5415,0.0646718778293849,0.0940532230818995,0.211633781949042,0.101202546626983,0.0278246605084355,0.126245151984561,0.0184761667670118,0.0157597792628662,0.0450767244030102,0.189613100760726,0.0809810986657768,0.0244618881603035
9027,11683,0.0638305769464915,0.144204770317641,0.178190278806584,0.114817128714547,0.048548332497473,0.176382169103903,0.0340383182336536,0.027414641639562,0.0422448703705463,0.0207548667952686,0.0711097078238862,0.0784643387504441
14437,14806,0.0723530411326313,0.0857466108841454,0.201182870360071,0.128298213712415,0.0525298644714163,0.118738921939029,0.0428564804113903,0.056032985765822,0.0304228554956678,0.0639910095220458,0.0965077191280559,0.05133942717731
14710,12877,0.0649420481771386,0.00713582194308294,0.011125400170158,0.0216602260359536,0.00995831444852503,0.0152381262238173,0.0194639404927737,0.0149284065314305,0.0844715447966951,0.047279836040685,0.698357633600145,0.00543870153959539
7634,8311,0.0860581530053081,0.135197390630892,0.176909037712869,0.0891235655571904,0.0201569383535288,0.0838973338826079,0.050370445735605,0.0359819833128387,0.0919077081194642,0.132348978754605,0.0726146595105281,0.025433805424563
17200,10943,0.0480069217950948,0.132379628316159,0.296530978976266,0.0965355819780085,0.0267036063388759,0.12720782234059,0.0318850015765874,0.0517363572555908,0.0595196546312905,0.0350294204000729,0.0647603325248852,0.0297046938665799
12760,7577,0.051541804208869,0.200291941936033,0.264887266997896,0.0954422412562327,0.0476055741119875,0.130681121298163,0.026249226337577,0.0261512390410606,0.0544210269493242,0.0111854810851235,0.0771315213375421,0.0144115554401918
16788,12632,0.0479969456626558,0.0999646837232945,0.191605138116139,0.120047349000878,0.0475972341633776,0.165489247546486,0.0271035577777409,0.020337396167871,0.0429907570482754,0.0638873148036625,0.137068183290691,0.0359121926989278
15258,9501,0.0465717670504955,0.0768522108320284,0.249681882648531,0.0711511034075336,0.0246004457567302,0.121577501096121,0.0337374126358273,0.0270301515056823,0.0565175838285336,0.0471581501565583,0.201936285890592,0.0431855051913665
17211,16247,0.0809210032245541,0.179344064091194,0.249091496561972,0.137312407274736,0.0186698739643027,0.133290808500232,0.0183224523354174,0.0309520092502029,0.0304012706754963,0.0285154454462525,0.075980794903785,0.0171983737718547
17901,15041,0.0541820267870368,0.118889319056977,0.355297983076662,0.0828217712739031,0.00386794635271304,0.120408207737848,0.019295141073447,0.00862362527012589,0.0423359509909576,0.0704539580696198,0.110154771376299,0.0136692989344106
9039,17469,0.0314874798484737,0.000725505739953056,0.0029453784655896,0.00362742953574386,0.0128020397977394,0.00477425969330016,0.0109515377897346,0.00238154504934781,0.0623574529750889,0.860873543353174,0.00672761343664482,0.000346214315209841
11373,7098,0.0686867594861574,0.191981797275618,0.205587741436256,0.0859513017455385,0.00658452386398407,0.199284436831245,0.0342888087053435,0.0397038541734467,0.0386362881553158,0.0313979103190031,0.0700877500300759,0.0278088279780165
12060,3962,0.0434285524442085,0.199310884938818,0.322371421701481,0.097847427291294,0.0164193685805571,0.105163998218402,0.0321604966924794,0.0269461191939308,0.0261379579637224,0.0332442309024062,0.0579363821475435,0.0390331599251562
14014,11191,0.0362601783741451,0.0838165355850223,0.285401801494926,0.0897589069108315,0.0181676673265556,0.19928545401373,0.0541789919192951,0.0122338134524148,0.0259262055478254,0.0501935249782184,0.0919137637656494,0.0528631566313855
7633,7828,0.0501584404810139,0.101311017061333,0.285761774156709,0.0929447991675942,0.0722162000104342,0.0896604312900257,0.0204629950304517,0.0234341827913601,0.0635314955325749,0.109387169796775,0.0657943834487663,0.0253371112329608
16919,9015,0.0372506580314124,0.17165337398826,0.313886006610155,0.0729805690854492,0.0182303979880668,0.160516634332061,0.0259673182085526,0.0209932685546392,0.0412695316965111,0.0228102495343633,0.0835955576017353,0.0308464343687938
8754,13612,0.0268487144698721,0.107089617871847,0.363934649710507,0.109773876303816,0.0544146824725545,0.177167254992354,0.0199537837011216,0.0079238982558177,0.0280505740179736,0.0152823414690501,0.063563127917056,0.0259974788180317
11518,10232,0.0408926965024847,0.223248755703637,0.245426529748084,0.131999736765564,0.0198267618493173,0.0763548420846977,0.0451072422933185,0.0182224023951592,0.0297545569461061,0.0162459645422955,0.126513584591012,0.0264069265783249
14151,10467,0.0397930578565828,0.234152914202691,0.259882500597798,0.118487616595698,0.0106581689253751,0.0808328878309213,0.0275708378564665,0.018969693594926,0.022670926967458,0.0397596502811191,0.0928371258118689,0.0543846194790951
10541,6617,0.03034250212832,0.261114623499953,0.231756660525403,0.113793524706352,0.0118285094254491,0.123310902073412,0.0505053883901647,0.0406310655315509,0.0341363031579818,0.0117849707154063,0.0696732559213204,0.0211222939246872
12631,12640,0.0712192590908369,0.160690254047329,0.28084760365345,0.10051435832764,0.0247352585495648,0.103970392853522,0.0495391812131817,0.0105526900380801,0.04765095537634,0.0715489763626413,0.0510646920348516,0.027666378452563
12076,12159,0.0280664169941036,0.200973467824392,0.316833767021877,0.0888686080382368,0.013213874382648,0.141380448569229,0.0294357363375587,0.0189325252707279,0.0322274375890151,0.0230666983954617,0.0818775820077109,0.0251234375690391
10267,8064,0.0583551595996679,0.134288283169373,0.238167279546076,0.0910934902465494,0.0323445502894637,0.191704874893894,0.0219383328690529,0.0106908954256368,0.0232176966275783,0.0455584403636246,0.120920332337668,0.031720664631415
16778,7810,0.0691217157393046,0.041147304142175,0.153597428022871,0.105721527053818,0.0119303681824327,0.141316446361113,0.071575379257724,0.0580797288063769,0.0615749466761088,0.168092910102868,0.0813247495246138,0.0365174961305936
13872,9504,0.117113970183418,0.119503190580107,0.14334175163745,0.0568812344763055,0.0499534501764786,0.0770084027087575,0.0585174661066991,0.0581447148900952,0.0622417572326012,0.137074044980037,0.0800462976468973,0.0401737193811541
11947,16740,0.0813667197479565,0.0308419129749155,0.304614202098037,0.0933794739744788,0.0147175656078655,0.1348312688012,0.044387236896297,0.0188687319940826,0.06591326019647,0.0656830480431671,0.105251838543484,0.0401447411220457
12356,13605,0.054341130572546,0.119925884217867,0.207419156304224,0.102057959717331,0.0247862092386594,0.151071839345688,0.0595665912584171,0.0301329080336189,0.0357717864642417,0.0490964371767467,0.117164817067248,0.0486652806034121
12212,10953,0.0382928491896649,0.23773920485949,0.279787418045806,0.0829171545580145,0.0327192720961033,0.0780572753642365,0.0247482798604836,0.022431003424072,0.0263578198135812,0.0406111598895308,0.109020762173008,0.0273178007260095
14979,9019,0.0633435472457374,0.135388180357003,0.271214475045368,0.0983793421020487,0.0172787564842768,0.161011779656174,0.0438322698423473,0.035723472126429,0.0403651020257277,0.026308880802431,0.0770296871647935,0.0301245071476626
13587,5647,0.0408071805548215,0.259236231795863,0.222202207448999,0.0840948275963158,0.0307408137420319,0.102581454296925,0.0238353814783417,0.0573725068127261,0.0357028047539265,0.0116860148514788,0.0850496816937463,0.0466908949748253
13880,13361,0.0500585975767284,0.150078443860252,0.302922917223743,0.0651494452966577,0.026275806922161,0.0844859893054876,0.0356707198572862,0.031761462793569,0.0364329940828843,0.0715347667494763,0.125109481632122,0.0205193746996317
13332,16737,0.0617990642366659,0.176717084560352,0.184701541200281,0.0997066194812907,0.0387518827521579,0.0994526547595277,0.0452163403847692,0.0195026652919484,0.067212564048757,0.0612194393466051,0.114016512945986,0.0317036309916591
10679,6376,0.0591461064800278,0.158045755638965,0.394136687730698,0.0710355214852778,0.0202619514475341,0.0633771103546917,0.0449438794065079,0.0249723557371873,0.0291998639798657,0.0157470293707603,0.0781671344549011,0.040966603913584
16100,14803,0.0381873071030993,0.0673930089031222,0.255214770440964,0.0838775950018535,0.0914501124826775,0.137327106507796,0.0392851829215811,0.0225828781167076,0.0413419877717181,0.00572538527280701,0.150067309670585,0.0675473558070881
15411,16974,0.0718121371821859,0.116262137534637,0.210925313705778,0.14046525257712,0.0444851323553381,0.0885878867162255,0.0437633584616806,0.0666089560323351,0.0695844584291924,0.0171794795381445,0.0699355720594654,0.0603903154078981
11800,12642,0.0895272438964651,0.0324125510229755,0.243783406379161,0.089223224561288,0.064814634600033,0.12994952750429,0.0458255804890407,0.0391177901827145,0.0523910617960728,0.0548195300421664,0.108307218908061,0.0498282306177316
15399,10706,0.0521881302680434,0.16072121661593,0.222480388288427,0.127265027080739,0.0219845667221448,0.101209195468679,0.0550127707021197,0.021949242135225,0.0539556306875013,0.0536433279984308,0.0853195293754242,0.0442709746573348
7921,13132,0.0581336865493555,0.132539780395088,0.132487749791996,0.0694192853044977,0.00793092496666978,0.095642121483779,0.0686412257189014,0.0291210687631671,0.122926100886871,0.208928015325905,0.0565677431714626,0.017662297642307
13321,10951,0.0417310360184436,0.0920506567754555,0.0802605595600746,0.0944677561005286,0.043387374975141,0.100495921754773,0.0536585492826796,0.0349332300048227,0.0540952899297732,0.240640209906939,0.106242506475979,0.0580369092153906
11089,3723,0.0513958365009103,0.233895860821498,0.234954383283645,0.0753163771351602,0.0336931676131866,0.0884829583457611,0.0374431237568708,0.0431139672169073,0.0453551859982338,0.0358923675101425,0.0782588802409694,0.042197891576715
12475,3720,0.0442864303914291,0.354137083710168,0.163000887922409,0.087100922431181,0.034155709166419,0.0780543562272649,0.0219559228607545,0.0316877589730697,0.0476495457530614,0.00863607086327011,0.0702773336649937,0.0590579780359797
11099,8545,0.104336644927693,0.145216711080189,0.281580294221639,0.0801640581021568,0.0123238424381479,0.100077877520135,0.0564663618661665,0.0289164930412647,0.0445264636046023,0.0328953623715864,0.0952344556060548,0.0182614352203646
11236,7821,0.0714324320601762,0.23411822584062,0.227439172359329,0.0669993208247741,0.0557211873866965,0.0932121871347382,0.0391740615453183,0.0331067172199229,0.0404489554540625,0.0211098849900134,0.0950293285121241,0.0222085266722253
11934,10472,0.066435029345103,0.295650020824781,0.205290811050123,0.076199013053054,0.0135638134929128,0.0906074801884024,0.0527549280799082,0.0357801005875583,0.0380635867929982,0.0188746542143781,0.076200366673173,0.030580195697608
10008,17226,0.0620339266684095,0.0902339587404106,0.275259303906293,0.121406608722443,0.0508005467109401,0.16061797125333,0.0305397311988265,0.0310272736189437,0.0521694048904415,0.0220983999614761,0.0692418939021264,0.0345709804263588
17340,11666,0.0300634116444534,0.265121214971045,0.280621857318505,0.110730325207423,0.0312081536930997,0.0986658022033647,0.0103856514841196,0.0129729913149761,0.0279833185674104,0.0173949872574627,0.0796672419848945,0.0351850443532457
12764,9506,0.0588563994758611,0.20114091741424,0.297163207633602,0.0890195090066896,0.0275556127492694,0.124050543209495,0.0520607116673284,0.016427538093224,0.0448772871081252,0.00931774326010902,0.0436829282245926,0.0358476021574644
14023,15531,0.0460173414788611,0.0720877216045651,0.114710966747295,0.141425600321082,0.0140580054825238,0.128000534322613,0.0413692173340394,0.0269122513289099,0.0760007048323777,0.094480639143475,0.226953659321459,0.0179833580827985
14852,14564,0.0621226720026492,0.062268916504369,0.266042559069956,0.0651982046399121,0.0064563485632806,0.161678791480561,0.103140027250992,0.0151192904983739,0.0820096904258914,0.0313165115109507,0.0948614154012505,0.0497855726518133
9851,8306,0.03793534473549,0.14940140416378,0.292157178682842,0.0588964956502916,0.0304766363385092,0.131602930846256,0.0433080038332788,0.0128888429208083,0.0567580528802553,0.0313106991734585,0.1325862539412,0.0226781568338317
15267,14323,0.0463997028275857,0.0296854442312624,0.15294875062045,0.136738312115252,0.145807911204748,0.245209894031002,0.0144784818763123,0.0635383092391324,0.0482663224481724,0.0412630015768397,0.0380236187286976,0.0376402511005453
13999,3958,0.0508334060626885,0.20829215364912,0.080086219156165,0.126055970021695,0.0797363857551189,0.0824090699470538,0.0394485711520466,0.0943016438438548,0.0449493351078391,0.0655864877361816,0.0692388145732789,0.0590619429949576
8618,15300,0.0785505744275721,0.0590523156033919,0.0810296748111454,0.0788138505867783,0.0135208276504868,0.0464588773571003,0.0954693020910981,0.0270374566080515,0.157648181342489,0.231769478057299,0.118485535465503,0.0121639259990856
13044,10952,0.054322867975189,0.0441048987374023,0.311000320572796,0.0727998351922591,0.105556643442904,0.093007841066858,0.0899041672204966,0.00920428522851515,0.0392369653601718,0.0172778043557856,0.135511909320562,0.0280724615270599
7636,9275,0.0676299789294827,0.077243154794818,0.134716502912343,0.0597757143781337,0.0305835372730994,0.0765834455493258,0.066649253857923,0.0199140169008752,0.0963569370934316,0.282688779672594,0.0612874868651797,0.0265711917727937
13310,5647,0.0665908251888497,0.1166847867661,0.295831007200839,0.0757361785396531,0.0603625419110775,0.133581631776897,0.0403256073873292,0.0224435827835173,0.0370040581454209,0.0274552342419837,0.0584734744713905,0.0655110715869428
11668,15776,0.0579860760582492,0.154382893410504,0.154011106816061,0.079174047008833,0.0278881397890736,0.159483467712165,0.0321667716700093,0.0621549728688048,0.044212506571027,0.112889242353517,0.0802893420174689,0.0353614337242874
11246,12643,0.0521827306347542,0.0961869669209339,0.153642335878387,0.136353238770876,0.0416743456178315,0.110774810181636,0.0219735089436474,0.110300188251432,0.0548980086970052,0.0680155330377753,0.123695567110595,0.0303027659551264
15805,6124,0.0457496714478722,0.07824016736284,0.40527342789482,0.14633150885913,0.00546503259511706,0.0896748186881483,0.0485680592069816,0.0220159643477011,0.0399157769675685,0.0205332726373542,0.063818971553426,0.0344133284390414
13186,12639,0.0591722273449056,0.195690065998837,0.210155133474864,0.154854626076258,0.00688419169665718,0.098918454965603,0.0464859517342274,0.0606134313960874,0.0529302023338223,0.017711428792448,0.0621909221478832,0.0343933640384077
15412,17456,0.0534286682125912,0.0957097773617097,0.304081602109619,0.0542978983304386,0.0260029306542133,0.210207576105099,0.023491486832777,0.0291539743296486,0.0274306501917293,0.018486715461172,0.121772671176629,0.0359360492343736
8472,11202,0.0549946962244684,0.184957661663101,0.27862450001139,0.053969752846068,0.0162476513463534,0.0887979666656225,0.0410194724799568,0.0184301625914339,0.0466342673441967,0.0337913426472119,0.144349334096964,0.0381831920832333
15127,13600,0.104634863498333,0.0581751823386895,0.183769927623332,0.0591388363747673,0.0133959710671258,0.11526116917049,0.0356462597363281,0.023284567286751,0.101239010424527,0.118007468245222,0.16301805398298,0.024428690251455
11807,16017,0.0830179709319058,0.060328169618054,0.127468616205149,0.0936123895212333,0.0247009961309457,0.123388993027792,0.0821872221514761,0.0495499379017649,0.105690293397843,0.0647897574449184,0.174708133687597,0.0105575199813216
13727,6370,0.059622792685812,0.149082534959253,0.244033789085427,0.0772855231490962,0.0476830917255927,0.158363772042128,0.0334130165660742,0.0126107021385095,0.051730510167233,0.0103767770535623,0.12750117417461,0.0282963162527019
8752,12648,0.0402937363305694,0.155976174187562,0.367222492836178,0.0597745288642306,0.0173487530481216,0.0895410870867483,0.0622204523453202,0.0389356944163962,0.0256336527002239,0.0320525865589408,0.0591063565473726,0.0518944850783357
13446,4441,0.058287225034068,0.167266599824699,0.195889629540221,0.12267986672251,0.0156944989159065,0.157770171089554,0.0369632975968373,0.0305261033956939,0.0388749088300042,0.0183578483539634,0.100485627106975,0.0572042235895674
18173,12147,0.0452600933225132,0.0103344852895162,0.0128768231520066,0.0359918299941078,0.0857602420660118,0.0152356198669818,0.110525565471036,0.0244958351853952,0.164725543054322,0.205357471244091,0.270964024901582,0.0184724664524358
14838,7332,0.0621925676868868,0.116950625642481,0.352271943689173,0.0639905744422906,0.0323913397037407,0.0913818058354195,0.0528022988951164,0.0330776338987792,0.0302092137195185,0.0446335984636757,0.072943335361271,0.0471550626616476
17057,8774,0.0431375920434487,0.266062955534174,0.249386814542686,0.0597072651413004,0.0183336681387994,0.103971006317885,0.0368485636418189,0.0201140038695642,0.0369724136337813,0.0257142355246751,0.0819314443773299,0.0578200372345376
12917,16979,0.0816136444691243,0.0535493734648529,0.233278536807869,0.0695904898969214,0.0383444256182494,0.18338191414906,0.0213859542198812,0.0145076189332842,0.0583208305473681,0.0748848235048672,0.131540996546512,0.0396013918420099
15260,10947,0.0362887525851632,0.173547501921795,0.311134247247967,0.119653201374153,0.0364896109815665,0.105170808396107,0.0177743300693668,0.027810086556614,0.0325994954554373,0.0244596540971758,0.093416685934702,0.0216556253799525
13056,17220,0.0587498325240543,0.0807622893362018,0.234712047788027,0.13967822693313,0.0354319193357678,0.0720697008102424,0.052845460966407,0.0271040863357238,0.0873528727378547,0.0748333535922083,0.114683436924117,0.0217767727162653
9583,12646,0.0547394002391277,0.103533839138049,0.180808829355815,0.0986250842856515,0.0362772934328027,0.151843922334356,0.0613822830031013,0.0159147299542845,0.0410799909613707,0.0791897336251476,0.140160866440781,0.0364440272295129
13322,11433,0.0536501887746056,0.0231644978183954,0.130010819582956,0.0687974107418031,0.0208260741138859,0.0839618975019577,0.0459796949163465,0.0134076120254374,0.146030270689909,0.282603676319378,0.104054347592691,0.0275135099226331
14694,4680,0.0672076369567068,0.12116948025244,0.37262227800461,0.104385332012845,0.0143985112130737,0.156236739790094,0.0254814008534611,0.0174820838763468,0.0193878126364416,0.0081546245232352,0.0775853942782394,0.0158887056025058
10417,14091,0.0249671579169362,0.0378618098422465,0.0427141096415182,0.0605274947268096,0.0105975420361306,0.0321180868668389,0.0437080538718199,0.0233328673453347,0.0543364270929235,0.0683164699364714,0.569858379407026,0.0316616013159451
16096,12874,0.0601442817547052,0.100114101143287,0.177698384257624,0.0787140732952547,0.0832392923758516,0.10016211435615,0.0333771413102019,0.0315800608539151,0.061695259292675,0.106365820404384,0.11504342316709,0.0518660477888614
10552,12403,0.0480607069001483,0.124581324453354,0.27351772398024,0.0666773325128975,0.077326226449834,0.10371869865022,0.039945123374311,0.027688572159689,0.049995121987647,0.0484512669853455,0.0941727040586175,0.0458651984876955
14302,16494,0.0816044627245953,0.0463437955812081,0.152983706455587,0.103669243884299,0.0379888656662366,0.0983175951148383,0.055404173921841,0.0253377037104991,0.111073802172461,0.04136843568504,0.21886068112815,0.0270475339552448
8198,13131,0.0548740394955261,0.169701815654373,0.263118215842076,0.0619663565925742,0.0697258938294211,0.167054081255021,0.027945933717777,0.019159317617541,0.0401189271274428,0.0134843570861876,0.0686619549570308,0.0441891068250288
11230,4928,0.04436246901642,0.222388402136267,0.316013748743055,0.0863990839708841,0.0351391983507876,0.123518637556794,0.0240629454599973,0.0229574954744025,0.024409505374388,0.0089476527408699,0.056079509570541,0.035721351605594
10147,17467,0.0456473518222019,0.180918495666066,0.264337984283113,0.0832377206167144,0.0467877745075613,0.159168117855667,0.023717560862578,0.0278502079628013,0.0479996989425185,0.0214596223537181,0.0661556168495013,0.0327198482775596
12479,5649,0.0496095925506239,0.217679602272879,0.265114332617367,0.0616359886647905,0.0306744093170856,0.145423059475713,0.0407012994451389,0.0288392548266785,0.0345053049567449,0.0081312403861072,0.0859471926324211,0.0317387228544505
14429,10949,0.0735384671498149,0.17773776329435,0.135232125749989,0.117527912212588,0.0101349273532309,0.076035934426867,0.0364193269152239,0.0327001493590914,0.0707621736104856,0.0538845770332061,0.183705153534126,0.0323214893610274
8751,12166,0.0423404239815874,0.134136493971953,0.299690224426991,0.109805482057523,0.0524831094487656,0.12284759162164,0.00867531276126613,0.0319011801694868,0.0407809215202838,0.033054601263274,0.101682526609759,0.022602132167471
8613,12407,0.0532457386121961,0.185766122744225,0.321322305137546,0.0858032094246326,0.0640910095747476,0.112873336792749,0.032553007336685,0.0104381362370841,0.0201090815132219,0.0173596613049719,0.0491319082919935,0.0473064830299475
16506,10222,0.0511178268814116,0.133517619755508,0.182797699414832,0.111294138667585,0.0139315920431593,0.0865179528955951,0.0707348727339263,0.0392645847361733,0.0833359712569652,0.0554660659538029,0.130660205237225,0.041361470423817
10402,6376,0.0525284961811552,0.190556202558209,0.262754929740352,0.087200105135752,0.018653790470516,0.153644337768847,0.028305133808769,0.0215710372023303,0.0508696493728067,0.0157408362058829,0.0783357364715376,0.0398397450838428
14153,11432,0.0551263011976295,0.206925058322673,0.261338005368727,0.0786149641594343,0.0394601353945624,0.125257174528097,0.0308185783861183,0.0324310809184713,0.0444933584069855,0.0205651548319877,0.0695665027708869,0.0354036857144274
9854,9753,0.040870213348823,0.215170323761842,0.197779744846402,0.115698617911436,0.0243345867082084,0.118748864933065,0.0563561228074635,0.0265747778311007,0.0462262306233729,0.044530816805303,0.0729560887085792,0.0407536117144038
18728,12628,0.0740023438455282,0.0479802530644324,0.307369485877334,0.0801220900807349,0.0323120795657147,0.113129676416031,0.0610403512832501,0.0248283072161194,0.0675921242341034,0.0336808245310448,0.129856514234243,0.0280859496514637
13863,5164,0.053527010452739,0.193686383216667,0.258306191438278,0.1249335153436,0.00313830833294635,0.114457627358734,0.0342719979990158,0.032256594675732,0.0690255033117462,0.037467532914014,0.0449099253166271,0.0340194096399013
11528,15053,0.0606055029893747,0.0808441242814352,0.0417329494462899,0.0480818399318086,0.0207206922993788,0.0959901952050514,0.0598497909609532,0.107001960403245,0.057854746018793,0.0424744022236526,0.352118372150159,0.0327254240898583
7924,14578,0.0864548747608015,0.0703562951527401,0.0390914242743405,0.0860362981568787,0.0253628559602124,0.0353370074128081,0.121365728866949,0.0702388489472895,0.054464372322997,0.217100301252804,0.144012379123888,0.0501796137682914
8051,8551,0.0535475467784255,0.233472323072853,0.253564035858697,0.0620686435341707,0.0190988868642718,0.0919830249570521,0.0453203421940777,0.0228786088229873,0.0510663727092357,0.0341005044716073,0.0889320912711384,0.0439676194654842
8341,15301,0.0953853072033569,0.025283434888594,0.10920065758016,0.0477560800560481,0.0380956017929967,0.0394237632818046,0.0484678578066508,0.0258708245820548,0.115275830539072,0.328154088423264,0.12133417133482,0.00575238251117876
13601,12397,0.0635711200039318,0.160623019501417,0.270462709581387,0.0762003776418388,0.0244647296802259,0.0951650670394685,0.050036833401004,0.0388167638570325,0.0646085283397285,0.0281313118176246,0.102038501107533,0.0258810380288093
17196,9015,0.0603508830650701,0.229025494437598,0.297962075769178,0.0788633620386864,0.0434701067921716,0.0784273432445353,0.0240125907511008,0.0241442895050092,0.0355404155975432,0.0303208270881823,0.0700607390937259,0.0278218726171996
13453,7817,0.0317054250212107,0.240264660183971,0.301659344365848,0.0910105409281492,0.0209521590070164,0.0784211654437,0.0434389853181024,0.0282732606321242,0.0320835459045803,0.0114201714318936,0.0877588144546797,0.0330119273087246
13191,15532,0.0547933429581189,0.141851032568289,0.139715840428431,0.124301457160243,0.0254571026339033,0.143296262650138,0.0554634523533038,0.0390375372095267,0.0669436523558051,0.0811536598949924,0.101360114889665,0.0266265448975833
13189,14568,0.0531253943039824,0.0250639103838607,0.0536086720075771,0.0695272818854216,0.040282902142231,0.0763874454271094,0.0377790862633048,0.031517893942483,0.0691486583988864,0.0388473224981833,0.491346451092402,0.0133649816545581
14149,9503,0.0421279609713391,0.0357363580855529,0.0657745449723532,0.10455905548466,0.048577486683137,0.0586055597364512,0.147272706663286,0.0321989140958788,0.106616526968286,0.211242803817553,0.118124944830866,0.0291631376906371
13045,11434,0.0551179323285761,0.212865202964301,0.1918563928167,0.0664380971014218,0.0246542665288818,0.0896123679725822,0.0778524892402294,0.0128795529637272,0.0530254439056306,0.0147963580020126,0.166605490836339,0.0342964053395978
14157,13360,0.081162397977121,0.0541657543492961,0.145434630527686,0.0680738378113375,0.0546898457990273,0.0614258011198961,0.0997986283177654,0.0253672649208972,0.116844770438142,0.103503439931968,0.180802869251401,0.0087307595554631
12774,14810,0.053666347770809,0.00884924872809586,0.0538788019483659,0.0295667195497439,0.0294431621950061,0.0414929192248138,0.0385542855830102,0.0234399599166282,0.107627637934162,0.265590238794382,0.335237705579254,0.0126529727757296
18034,11906,0.0590027504219017,0.0680793159821582,0.0636709299722422,0.129642613987134,0.0243080712039157,0.0527186365498233,0.0887667052213834,0.057455559863266,0.123841820864644,0.253144760442347,0.0596061970005129,0.0197626384906719
12500,16257,0.0688118497487892,0.0427733960159368,0.240743778354773,0.0840557954071741,0.03181746666975,0.127501594739103,0.0500296852744024,0.0230344971520166,0.0708846740697,0.082741223842514,0.145798810713573,0.0318072280122676
11939,12883,0.0502943498114831,0.0957821027923447,0.231164370005041,0.0686300758027094,0.0290971339574781,0.153410429084182,0.0442872713863262,0.00862182113915777,0.0753263179754661,0.0933685030738181,0.126319738891594,0.0236978860803992
9720,11923,0.0509557157304464,0.17060069029918,0.254583327585661,0.0963288255606587,0.0308133698591697,0.197523034341761,0.0343610001806686,0.0184486791325834,0.0207600623696987,0.0188946495843701,0.0764275403451148,0.0303031050106872
13028,3237,0.0559607705939151,0.145474149946568,0.266032777959242,0.133445575733548,0.0152736093060549,0.154677919267623,0.0368205956810504,0.0218347321075422,0.0339775029541921,0.0432083372710515,0.0767713988375959,0.0165226303416171
13057,17702,0.0901315242587415,0.053653624810395,0.125827042108801,0.0904886277762332,0.0178050744784407,0.10412183650714,0.0497592542235559,0.0230093983817452,0.116829869246944,0.155900443261059,0.163706472736876,0.00876683221006869
17484,14318,0.0488231383665425,0.109892399960303,0.3684683280572,0.0390684130174576,0.0245165108316597,0.0757969166959832,0.0347244443175459,0.0115184793218075,0.0479582831348721,0.0903596386517451,0.123819753233216,0.0250536944116676
10415,13127,0.0599483037201476,0.0449371843803265,0.189086901107317,0.0606217739849507,0.0257890335671461,0.0546369914489544,0.0555912126030422,0.0405769072496472,0.0489642180856098,0.0622853178548436,0.336140927212927,0.0214212287850885
17197,9497,0.0494910863403836,0.176629513314442,0.333292849651598,0.074379031246862,0.0183402760831133,0.0602083997081066,0.037651405192134,0.0349227263705352,0.0536301678825188,0.0256269428714646,0.0758987070614743,0.0599288942773679
9985,5654,0.055502516997039,0.169033243987619,0.305210979061329,0.0528221342348977,0.0188171141823195,0.0831149595472068,0.0577281667188452,0.0501305077350344,0.0454391686333683,0.0295826323450821,0.0593113129905065,0.0733072635667525
9994,10476,0.0404545643344215,0.185104670327642,0.315036949297118,0.102393915512228,0.0144783933824867,0.0872940187843276,0.0261604010275684,0.0200382669157387,0.0459799970509319,0.045417127923366,0.0932698493663459,0.0243718460778261
17761,14318,0.0284226561769747,0.178208685879929,0.298466269932641,0.073009531133203,0.0350851588577068,0.141006670746387,0.0206687177911419,0.0226076626412266,0.0216946386490225,0.033270966198922,0.108279854972771,0.0392791870200755
17896,12147,0.0761133936109837,0.125672721149211,0.0633612771963805,0.0392815173572697,0.0552639835948827,0.111384277752288,0.0812021179652383,0.0581462888476217,0.090024869378076,0.151301551738606,0.111373806105429,0.036874195304013
17613,9255,0.0356151370524695,0.136001381432214,0.329674016715124,0.0500987911362721,0.0201125642140364,0.115002519761007,0.0498421356354932,0.0321502916151149,0.0821170768996713,0.0358589913952364,0.0706927235279762,0.0428343706153848
14989,13841,0.0827890005020105,0.0785136395991881,0.272384259646017,0.106797784339119,0.0280818924609888,0.104217007824452,0.0355365011949828,0.0332626718962884,0.0500706726722385,0.0589376625807602,0.118405292833623,0.0310036144503314
9707,5172,0.0480458654305818,0.213225887573131,0.301044723420683,0.101920111051433,0.00960989699457815,0.110600848902324,0.0268217295001637,0.0201991747156108,0.0437048966673716,0.0166106216325217,0.0864922411480237,0.0217240029635772
8195,11685,0.0700669698661152,0.191423391902938,0.213831180194028,0.12352826196863,0.0141983505785212,0.100397782991775,0.0329989282931493,0.0120605930881589,0.0312091648475024,0.0399558905700634,0.115626131831335,0.054703353867784
13466,14085,0.0505008781703716,0.173253024942842,0.132890962474527,0.082202001920146,0.0307685608663515,0.088437371404853,0.0494834113730659,0.0187553564271577,0.0673619518178292,0.117500806428853,0.174948288052183,0.0138973861218203
9295,7343,0.0591232449409914,0.259154736005345,0.296888048635245,0.0366334218094376,0.0184619866251083,0.0583803780387993,0.0322469596085121,0.0302833546689468,0.0388058258260855,0.0212129220603296,0.10626396120696,0.0425451605742392
14841,9261,0.0558016421585299,0.163477719035534,0.269680322750727,0.155512027654663,0.0186691837729453,0.0765835103238498,0.0488833308301746,0.0322896966736506,0.0426329826883647,0.0270077398518336,0.083055584753378,0.0264062595063483
9578,10235,0.0532264697962222,0.181212300470638,0.203363209099594,0.110285231742868,0.0529967521248863,0.131524305160923,0.0312556862825007,0.0242815119492366,0.0502819679423558,0.0285727579555926,0.100062160078263,0.0329376473969186
11389,14813,0.0528811864702355,0.0197311906747244,0.00852271592096857,0.0219136949720233,0.0360783842309983,0.0211948021981233,0.0332226000928927,0.0510749848095059,0.0488357517677852,0.0439846614089761,0.640167543113152,0.0223924843406146
9152,5173,0.0814128945825017,0.108894720462786,0.214641584290457,0.0579204887316054,0.0391113740266945,0.0425974834591761,0.056953853240909,0.0294782969957384,0.0321507479684561,0.221068716765718,0.0865025640311806,0.0292672754447771
11524,13125,0.0696822554820341,0.128198896881135,0.0677231864593106,0.0854497580771382,0.0234115423822129,0.0456183521836245,0.0355454262998365,0.0446511162387115,0.0666385552209559,0.0890911020614158,0.29112647221207,0.0528633365015548
9434,7584,0.0734349286855874,0.10852237325909,0.301630695992076,0.097229512859505,0.0354226107186503,0.165186686887507,0.0268859385207538,0.0158850673683163,0.0270670881429188,0.0262460236400433,0.0969293677409545,0.0255597061845969
12628,11194,0.0384851221388932,0.148222668269495,0.204463104728095,0.112294155756448,0.0350306194663247,0.175276226514819,0.032789098836537,0.0291016428604025,0.038951753674169,0.019808069175221,0.135139713926968,0.0304378246526279
10684,8787,0.0426653232508688,0.228474755281676,0.270205153120817,0.0736379675847886,0.0409419270387462,0.120167323989264,0.0357541786794291,0.0135239938221324,0.023293008723837,0.022982047595418,0.113613583036733,0.0147407378762912
13738,11674,0.038185016610522,0.135401334383422,0.29972792131688,0.103429746537459,0.0133403428625744,0.117311537113553,0.032304389189897,0.0236357574549028,0.0646696455029353,0.0525762858001775,0.0732439460907331,0.0461740771369441
11664,13848,0.0700600450761858,0.0149632017261324,0.00878007063161424,0.0288784214108314,0.0174453890869025,0.0161446569436639,0.0336531148931338,0.0342396880331307,0.116991030024699,0.181039979411757,0.469724084601082,0.008080318160867
15272,16733,0.123998356023907,0.0626938059984394,0.269249259421065,0.086480563401281,0.0188862528091847,0.0770948903165702,0.0959545356136111,0.0231875651005627,0.0782499016684786,0.0445411830193044,0.0880704851458004,0.0315932014817958
10833,14332,0.046247998104868,0.0186095119609663,0.025437904733982,0.0480059843443875,0.0120696867102867,0.0255823080173171,0.050667407051188,0.0406292802475084,0.0831075651604589,0.0293511107498114,0.588311783188459,0.0319794597307665
9453,16745,0.0500669803400595,0.0593499299054187,0.329253353905764,0.0878077140064891,0.0631589084827338,0.122739333466772,0.0352139100935821,0.0608860850704862,0.0394597762743275,0.0342097654719291,0.0865605314099439,0.0312937115724942
14839,8296,0.0520754973821108,0.166406379592469,0.305708062736492,0.07766008954961,0.0230039097873041,0.120393436466149,0.0388914613070385,0.0227570428586723,0.0330934131754467,0.0197254083993876,0.0907237782696272,0.0495615204756929
12350,10712,0.0604402670886641,0.22800669695528,0.20712891672009,0.0888680894758628,0.049822863818359,0.1121425144606,0.0495491493215225,0.0218592759916695,0.020700315821662,0.0296449737843677,0.0924423291034245,0.0393946074584976
16643,9498,0.0556681918233715,0.0882049090825788,0.315557501435148,0.0947022814186595,0.0207623582710124,0.101574830874217,0.046790127402744,0.0223153146905975,0.0422145656810195,0.035653004204426,0.140254854467191,0.0363020606490355
17349,16006,0.0302458000073172,0.0596741531572994,0.198685783601249,0.12591976147141,0.0512787775945219,0.146806910063013,0.0475007933145308,0.0236978394101621,0.0559303015254918,0.0334167569368165,0.13331622459352,0.0935268983246686
17473,8532,0.0276136987448844,0.0618457173802738,0.18506858668446,0.135920459030756,0.0867508794782676,0.147819664641041,0.0115837550022947,0.0227490095883823,0.0735099304125071,0.170253032453331,0.061745690637719,0.0151395759460836
9443,11923,0.0315819071317398,0.264467315475208,0.264927028433952,0.0701059223196416,0.0374479854380772,0.0911480985096157,0.0283486644123046,0.0163457416056495,0.0414839377018177,0.0164496754045519,0.103425602824557,0.0342681207428851
12483,7578,0.0265158608825114,0.142972749616543,0.164491400487157,0.127272711554116,0.0309621375979766,0.111806550665047,0.0471708357344781,0.0280803764809557,0.112394620857149,0.054663255199859,0.127421708640193,0.0262477922840135
9450,15299,0.0475318723780036,0.188005196444441,0.20681984399407,0.14626852104428,0.0366677063072407,0.155784163241385,0.0290800555196341,0.0316303709354261,0.0282063587077253,0.0361199285461615,0.0693139359828058,0.0245720468988272
12362,16498,0.0717784442970801,0.0531362212710722,0.260154719933755,0.117330777761529,0.0912793894228748,0.131712561645079,0.0306735944688384,0.0306098646196324,0.0252389808938088,0.052721811802092,0.11444404589698,0.0209195879872585
16095,12392,0.0803136812604767,0.165040980340388,0.281150728983407,0.0634948788061625,0.0253806800036648,0.101909512909485,0.0366952646323301,0.0322957955263673,0.0359458221908736,0.0383366237915478,0.0877477735370795,0.0516882580182173
15823,15286,0.0723777672142781,0.092078585660216,0.206818884447061,0.102792815979062,0.0617471259192444,0.179539767089204,0.0549813502506848,0.028245033887261,0.0279947663194174,0.0351111252128964,0.100292214482115,0.0380205635385594
8197,12649,0.0411351614664248,0.181892480251958,0.268736756729486,0.0593758983806599,0.0177305290653363,0.165259155228445,0.0306370797150131,0.0205923115898088,0.0389620013926789,0.0509066285681759,0.0746564403687452,0.050115557243268
15822,14321,0.0219586217787575,0.190181770557459,0.150231329182844,0.0837339255453988,0.100219779182201,0.0883853884895332,0.0215075907053373,0.0321917879766627,0.0546978892669442,0.0908755482696501,0.149378035017796,0.0166383340274168
15250,5643,0.0168165931278563,0.19594647031103,0.354899921626649,0.0720682202389016,0.0213536159410902,0.186854578402945,0.0208093185766653,0.0108263291232756,0.0172466634786928,0.012125315271928,0.0725689584682212,0.0184840154327451
11510,6374,0.059620052115034,0.110569351469015,0.333255319948167,0.0946181359044552,0.0246548812366538,0.123944949767262,0.0335650368844939,0.0145091637526657,0.0379170045540948,0.0150225165401675,0.107775218836917,0.0445483689910736
7922,13614,0.0438458753352886,0.0141346517591673,0.0745425840516497,0.0439370860656928,0.0271114509561989,0.0754798957545691,0.0397876914581533,0.0115174871400294,0.0514575779752543,0.583198251045838,0.0288336497065792,0.00615379875157929
14146,8056,0.0284504162265932,0.24148733069024,0.281326728399229,0.094331718902995,0.0210589029631223,0.146381656000062,0.0304308818604924,0.0245369743977418,0.0337134352429477,0.0140751782651515,0.0436793488969477,0.0405274281544767
9153,5656,0.0549326672371447,0.14795027803613,0.298760651702855,0.0679667026745623,0.0506429781309079,0.161172983288115,0.0384801579539363,0.0163791248285537,0.0171248663010046,0.0177506842257934,0.0876264641993381,0.0412124414216593
15531,7571,0.0347970506910694,0.112034495499403,0.308764411199582,0.0561876014972442,0.0478419439927516,0.164835939152076,0.0295151371665386,0.016568936394296,0.0681613064200022,0.0414779450397496,0.0866607063700154,0.0331545265772732
16796,16489,0.0483573501525119,0.20614368082022,0.254675541134208,0.0850054321732189,0.0385416664177024,0.197874297148786,0.0167176485275871,0.0319482324638662,0.02341639957979,0.0111803517109019,0.0523215923409226,0.0338178075302851
17617,11666,0.0588264942719759,0.112623256739427,0.290425234069269,0.0683733414149843,0.0840532719013902,0.0630339079698268,0.0450139667238791,0.0365907032350992,0.070926491102121,0.0188317060394442,0.103560320562527,0.0477413059700566
9442,11441,0.0521768562265865,0.187400218975701,0.333881520385998,0.110606764966296,0.0254596921795495,0.0811285577265948,0.0324236803615079,0.0252111233075286,0.0285196566311464,0.0315793987245731,0.0636093260860542,0.0280032044284649
14439,15771,0.0402314362540702,0.136288841407326,0.199473270231934,0.10020581572242,0.049573952720917,0.115765318431757,0.0371300376298527,0.0408154865957757,0.0433976912486687,0.0436270725485734,0.169499335112945,0.0239917420957599
10966,11197,0.0657111209827572,0.0786321616768892,0.27472963218991,0.144743850985181,0.0972458368854938,0.0429014749799799,0.0371995132991186,0.0290636784558575,0.058399448479172,0.0261212442162932,0.0675737898156746,0.077678248033673
10272,10957,0.0611681469756273,0.156290181453802,0.275362215765202,0.131098192785755,0.0152164037600269,0.0801404952680473,0.034890617022812,0.0166235231494144,0.0678022785515629,0.0410638214028926,0.106582770280366,0.0137613535844917
11113,15777,0.100620922293193,0.0996000994830384,0.240883149868739,0.113924425682079,0.023349693091616,0.0800377859414749,0.0248889171233502,0.0181581739597362,0.0446399592469377,0.110456591313762,0.122145384755959,0.0212948972401162
14160,14807,0.103921247759585,0.0205136687457569,0.110059319294227,0.0931294749955494,0.0199304589686145,0.0700101972083213,0.0427157980744969,0.0450880087913452,0.197300993935969,0.157405515387344,0.110614700591684,0.0293106162471068
9723,13369,0.0292609612245724,0.10246492088586,0.381509486203833,0.0762324153835335,0.0771969012161496,0.0879180105187879,0.01288628945001,0.0213059859242326,0.0307033604244533,0.0588046665903914,0.106839034850615,0.0148779673275608
11644,4204,0.0417231190993268,0.188235721784815,0.294582960290964,0.123485620604769,0.00677998299349902,0.15117290344611,0.0207361955335622,0.0189840747014449,0.0179883510993464,0.0142625036348872,0.0941700540366258,0.0278785127746483
15551,17697,0.0469416428170159,0.0863538560766351,0.139908352425313,0.117143922299707,0.0391801928043538,0.0904783911711096,0.10784165828427,0.0381826065063674,0.0612784459053557,0.165569152752646,0.0541851501342041,0.0529366288230219
16089,9499,0.0517216947586536,0.160316393233091,0.167927794234173,0.139422330676249,0.0152807671912948,0.129593720464017,0.0568000613215322,0.0415872669265229,0.04242593962905,0.0261070266102603,0.129376841851244,0.0394401631039121
11662,12883,0.0751632765451293,0.0879016590017551,0.157389144363639,0.0819004877563917,0.0260339227446893,0.110902185727127,0.0906213795161081,0.0334918842829915,0.0757872430235552,0.0289890110888821,0.213474853601216,0.0183449523485154
10559,15779,0.0528025247683549,0.111541039616364,0.290165703181033,0.0866659859007445,0.0239265015926872,0.114783075054846,0.0328880419072219,0.020718350951734,0.0418830023235848,0.0384316196403552,0.161602065488414,0.0245920895746601
12218,13847,0.0409882685719121,0.219100198748585,0.156532898475734,0.121353717265616,0.0444986025537127,0.108483613065485,0.0172367894216323,0.0417323091326908,0.0662964986035429,0.0395878430849868,0.108852922359619,0.0353363387164835
11252,15536,0.073052762748408,0.116193866541579,0.131187289273343,0.133585614236068,0.0271736421331312,0.177495591222412,0.0265481185421564,0.0457664481171263,0.0313105805459671,0.048418363756069,0.159405969198865,0.0298617536848741
10400,5412,0.0330970463253795,0.272770243206814,0.258292725532131,0.109384219382075,0.0189770429761671,0.0955019958599069,0.0492318910878283,0.0163915556726797,0.028182852210572,0.00995340983236236,0.0833273022223211,0.0248897156917624
9590,16022,0.068239699641083,0.145855690805088,0.180641292843651,0.0950180116832945,0.0379476637885315,0.117560623254652,0.0390558954637836,0.0390155717635734,0.0424255837443996,0.108488041204984,0.0798992230073533,0.0458527027996061
9991,9029,0.0553104406250268,0.119131871057827,0.211884556474404,0.120465829950731,0.0622782090144328,0.139093918932724,0.0284746401937657,0.00987547664638039,0.0694081794431829,0.0255489862006312,0.147176511735068,0.0113513797258267
10137,12645,0.0274486650216574,0.27027413786053,0.27384225583444,0.124061432988392,0.0209926624104076,0.0751531351048683,0.0312486342359858,0.0447535216408238,0.037467571949139,0.00874160777767108,0.0670239120782792,0.0189924630978058
11799,12160,0.0900470585217755,0.158156500232516,0.260543268193769,0.0477323508732643,0.0425765331499293,0.103727654703645,0.0337425181606813,0.0335498815892314,0.0246297943939326,0.0184041331769694,0.146795695437914,0.0400946115663722
8054,9997,0.0462094711273904,0.143910701394584,0.277361673443907,0.132419796229598,0.0388094941679952,0.140550771055067,0.0284372528505941,0.0293775921812176,0.0397478105972757,0.0371901762823928,0.0478745842782788,0.0381106763917003
7499,9999,0.0435289094765379,0.0786874929370428,0.195992892640177,0.0536609223250525,0.0507218746801434,0.0919223119516399,0.0337115808682632,0.0255192224526972,0.0763797739448219,0.261814505341425,0.0765341009950946,0.0115264123871044
9719,11441,0.0153861240389962,0.145800409226004,0.373820881828846,0.0579292312300162,0.0801971215410424,0.149688910355617,0.0177651475718,0.0232639140165242,0.0178709474102717,0.00693376012435481,0.0678439505107996,0.0434996021457283
10689,11198,0.0684997048379987,0.14273270376781,0.254059438517099,0.0778766419873521,0.0051059326035683,0.142678408784269,0.0397185304590494,0.0264621584308063,0.0542189519652002,0.0762631884137388,0.0710270862043997,0.0413572540287091
10834,14814,0.065145162896872,0.00600555968444129,0.00303227937354545,0.0189579021864449,0.0104608273007763,0.00748368328480761,0.0196041705841756,0.0323719880261997,0.0469549630562558,0.0407660218976051,0.743984802124689,0.00523263958418761
17059,9738,0.0483674790544754,0.152423030191672,0.32507035581853,0.0782023794997728,0.0116538793026098,0.131025429376235,0.050684088833368,0.0362121134019015,0.0458046993378481,0.0313383979969504,0.0607376293854252,0.0284805178012123
14143,6610,0.0616797891709139,0.156033863301401,0.295153954936098,0.0755792489336594,0.00695909748829892,0.162612260236313,0.0369358402256504,0.0178353209769908,0.0342908385491926,0.0176677187655092,0.1013045543731,0.033947513042874
16935,16730,0.0609769915983084,0.0895350055146594,0.25044305706916,0.0739410949125234,0.0691545240966517,0.105267731454182,0.0180682916155729,0.00671693230218108,0.0269024481585068,0.171833134222614,0.118731882990022,0.00842890606561899
8482,16506,0.0517216367198091,0.0366085710387092,0.196912107375889,0.0754360954376539,0.042315316946636,0.178558482277278,0.0194831033183532,0.0192994618661069,0.04782349539164,0.236096458978256,0.0737125746093862,0.0220326960402829
9173,15299,0.0514043439989829,0.0673268823076043,0.192306886205363,0.176914933637624,0.0365068032547623,0.185882908595161,0.0232435690873322,0.022329914378593,0.0397021230840488,0.0542821847853285,0.10353262310562,0.0465668275595807
13866,6610,0.0497559695318845,0.173771255175993,0.282768639240681,0.0503541699253544,0.00984149095912177,0.173279270919684,0.057425420664042,0.0303738585738437,0.0655122520004819,0.0143295919049391,0.0631026361593468,0.0294854449446287
9035,15541,0.067378161158011,0.0733333125828747,0.13138264389429,0.0908208355624826,0.0511425040881311,0.0972382718368536,0.0279454283395642,0.0252566024040206,0.0490351304215925,0.227975295041534,0.142810014632143,0.0156818000385031
8757,15059,0.0438272619986085,0.20189617205909,0.150169490395142,0.134070220491387,0.0424960591470421,0.146271227563616,0.0348770628443054,0.0399989768115483,0.0568842876223757,0.0517397325056013,0.0765148289088809,0.0212546796524026
14705,10466,0.0586655253793666,0.119475915826268,0.158570781815428,0.108545052202795,0.0424315462930229,0.128287638205041,0.0650922419315473,0.0496510817894797,0.0537517862849246,0.0597133985969592,0.0964132915009133,0.0594017401742548
15949,8776,0.0301059127633451,0.117814897304873,0.29802249718812,0.121619947111634,0.0369079729809407,0.188978407547789,0.0155823104385033,0.024548306444323,0.0260095791151398,0.0243111049959096,0.0857645613556622,0.0303345027537595
13871,9021,0.0748209302601837,0.165616587863091,0.250811170932456,0.123038714687947,0.0228602859035452,0.103241114501743,0.0333710336158202,0.0339737174714408,0.041723021063597,0.0592378902196287,0.0594964843549988,0.0318090491255481
16519,16490,0.0691513576359706,0.169703951051304,0.265890288755257,0.101368093093239,0.0423422994032558,0.149296699323554,0.0165047119487043,0.0141411849749206,0.029240835658772,0.018745309297014,0.0583230228820641,0.0652922459759451
13168,3960,0.0497843526248965,0.117562016731963,0.21607361645364,0.0957159069059178,0.0102620762631233,0.111289102602768,0.0616664055374163,0.0360108681331021,0.0457562843357577,0.0328098323438274,0.183547160979666,0.0395223770879227
12778,16739,0.0644343896948962,0.070668227784456,0.254769204125606,0.130996035853152,0.0194298557014387,0.128238270883723,0.0611746923444771,0.029586448642295,0.0327697913403177,0.0440149673474807,0.12474008646636,0.0391780298157976
15119,9260,0.0605366305750219,0.119883370226899,0.319802851591049,0.115064640304471,0.00557460057741315,0.165794374013282,0.0400436913008288,0.0247213693385363,0.0310159601491821,0.0166602446326507,0.0656707063006104,0.0352315609900553
17061,10703,0.0453924825924014,0.15071731327012,0.141736759518778,0.0702949518440522,0.0453345127976801,0.0992230531633968,0.0367015297105324,0.0689401440054285,0.0711457120743514,0.0455965067573871,0.142578392807604,0.0823386414582678
9983,4690,0.0495624835564465,0.163170121904294,0.334510120863347,0.0794082806521653,0.0124423237386845,0.110475833039753,0.048505682283321,0.0181086565635011,0.0235362935718302,0.0275489125874994,0.0998715849632348,0.032859706275924
15961,14562,0.0777961897055756,0.038403609590916,0.218642586187377,0.1177941026207,0.0404248134063517,0.199530562591595,0.0381909306120063,0.0339965741070295,0.0368212499138886,0.0750091488855365,0.0994788734308506,0.023911358948173
10268,8546,0.0603334568599999,0.14724326155298,0.236290811714511,0.106015621480521,0.0195186270117808,0.154097504519204,0.0451395063785262,0.0345809757786648,0.0558633408111294,0.0424038171796617,0.057469917980858,0.0410431587321629
10000,13369,0.0609352367101716,0.0418532013678686,0.0799045477841153,0.0662986726746588,0.024658449227292,0.0474859950005827,0.0662812889151,0.0324962763514842,0.112980883335536,0.144575819392143,0.312488663879334,0.0100409653617146
12614,3961,0.0724578534294785,0.176771191583276,0.320792527572824,0.0702222243616259,0.0044788677141986,0.139173521526649,0.056482527601188,0.0346926955545919,0.0219936107140021,0.0176964305140257,0.054463435849702,0.0307751135784376
16102,15767,0.0518842903468929,0.083927182772274,0.19641530248478,0.103918508256037,0.0579724170234791,0.150859034619532,0.0202530995384998,0.0434455526489034,0.0647189465609572,0.0601848080162601,0.121449586354681,0.0449712713777032
14985,11912,0.0517343678930736,0.0845600909167925,0.170533751865315,0.0373274434558176,0.00728255053126565,0.0892712790392843,0.0644278829495864,0.0242850122597321,0.0728950542402346,0.0862513176284732,0.301860546565033,0.00957070265539122
14426,9502,0.0522529294173236,0.134048716600961,0.261078971809978,0.0992794069837323,0.0234805667268279,0.133921937508587,0.0478507594545767,0.022944265551145,0.0334034961506217,0.0404169283454172,0.105967907523952,0.0453541139268775
17757,12389,0.045622968532243,0.0700453266909822,0.0953766969330882,0.0500051967856614,0.0777276972513279,0.07115830527343,0.122939488955879,0.0152730483183348,0.11575020600893,0.125850750431154,0.14428040505117,0.0659699097677985
13327,14326,0.0644028534605464,0.0974527814453087,0.160456645474706,0.080782438095301,0.0313284295166058,0.149214002656445,0.0593916427709554,0.0382074763302216,0.0698617069416145,0.0710674074992604,0.155665632414298,0.0221689833947371
12073,10713,0.0557152006312742,0.196405703541925,0.207257729309767,0.054916702823193,0.0497222125098617,0.136619814762875,0.0376098918306863,0.0249318294674276,0.0332912369497395,0.0480252679276507,0.122267508132337,0.0332369021132637
10545,8546,0.0272075331942466,0.24554534804308,0.309898645024588,0.0519713039278147,0.037430998001088,0.0782708252539631,0.0214846600672187,0.0226038899456494,0.0343924652247511,0.0251800892626519,0.0995167996118776,0.0464974424430709
9724,13852,0.0539732604647687,0.146615079337615,0.218318535266562,0.181115552565025,0.0439194084021511,0.155456803419113,0.0341095407932577,0.041858992687685,0.00705470021878482,0.0233583817792438,0.0561137935481603,0.0381059515176335
9313,16022,0.0556214962035976,0.0578558380068982,0.152272373888026,0.102382397362912,0.0826289999968945,0.132009946085098,0.0434761377388984,0.0212185384113979,0.0640962818389519,0.0917751865416774,0.17806625380193,0.0185965501237175
10693,13609,0.0672837647490172,0.102496385966775,0.190401426190662,0.11689140270843,0.00999700094052907,0.137324866580098,0.0725008654049629,0.018589488964275,0.0641854947103729,0.0484778617133236,0.129417640387296,0.0424338016842579
14421,7092,0.0565521880341208,0.129906810595819,0.219830935497853,0.0856746331483468,0.0179330121747474,0.0756101702576641,0.0533564817961889,0.0212086902933624,0.105523822563115,0.0735776270970746,0.0941640102980505,0.0666616182436576
15952,10223,0.0436411605873306,0.117990345066555,0.196538699191911,0.130411125740724,0.0603094801706076,0.0945206590963963,0.0282278553418117,0.0226963030488005,0.0274490741550846,0.0790510415836055,0.128797000215432,0.0703672558017415
10126,6859,0.0670471618924234,0.0844878040740809,0.362451799647104,0.128413124363437,0.012208331856159,0.159014529362939,0.0158846944023896,0.0217997363454788,0.0231510845636912,0.0173853158549689,0.0560856283410487,0.052070789296279
16504,9257,0.030570616143421,0.0920988725284952,0.262678388256136,0.0922608476325294,0.0225258572964286,0.203546801985264,0.0527023225326741,0.0246554921358915,0.0610831671543743,0.0387339725867815,0.0925296082775766,0.026614053470428
13608,16255,0.0849276559385586,0.0578539304830551,0.190678821647479,0.0894721082282897,0.0547726436290388,0.146812546550254,0.0622947752932523,0.0267926347414338,0.0869654210699524,0.0793103529502754,0.0733835701515556,0.0467355393168547
14568,11190,0.0582549779650521,0.297945647299934,0.196258030269668,0.057873487493803,0.0179206779576347,0.0996535345229956,0.0285186622465856,0.0267493933654498,0.037884047311894,0.0218420757740654,0.135533010053052,0.0215664557398655
10975,16019,0.0872919692090656,0.103723800119662,0.231958471973595,0.109291593555673,0.0540017762614455,0.136972749164999,0.0236616488525747,0.0383638180206178,0.0475235771746772,0.0211478038677848,0.105053078625487,0.041009713174419
11933,9990,0.0536819614059849,0.345048726773721,0.182721858418142,0.0923428396175419,0.0238640595548955,0.0768782249462924,0.0202747941393271,0.0221216392304325,0.0371150441903073,0.0308911816211166,0.0907126920527087,0.0243469780495306
8620,16265,0.0627564708508445,0.117303502397384,0.301610799357005,0.0345063922741108,0.0414880807416797,0.148154263310523,0.0162603452543852,0.0265358361483675,0.0414470372524334,0.0566339589948895,0.128901030794785,0.0244022826235938
9316,17469,0.0702151933217373,0.0473739584891351,0.231225368667852,0.11994556202718,0.082019687273954,0.0805329944449678,0.0334403200267662,0.0407232617392411,0.0615582977961593,0.112870139826902,0.0767883446966995,0.0433068716894057
9995,10958,0.0688668161011175,0.139987813343067,0.205747597239453,0.0732772686280845,0.0205949296036283,0.129970650960298,0.086140309027267,0.0237357254861233,0.0823398801755007,0.029643748249461,0.120691638541802,0.0190036226441984
15958,13116,0.0648013142627391,0.206660748064899,0.244616301808619,0.0356731713250347,0.0317300604789985,0.179159757035854,0.0367491961196587,0.0274143677250641,0.0223020348984454,0.0140449789710473,0.100579073989578,0.0362689953200621
9853,9271,0.0637389067438654,0.154708999073265,0.21074610061204,0.131656143931527,0.0332322874726881,0.154727771860956,0.0336706692428274,0.011920541435245,0.0461060037300095,0.0150799668863627,0.120983032092356,0.0234295769188583
14000,4440,0.0228524026550394,0.106153141847332,0.243945015030147,0.0466490246314901,0.0740269752310833,0.256171959487678,0.0333403828280123,0.0230485431930892,0.0415350622505364,0.0390769028505398,0.0907917978433236,0.0224087921517288
10537,4688,0.0460513742831244,0.161875770865985,0.344863806928475,0.105500833414107,0.0222125857678272,0.104142266630889,0.024069816988689,0.0118550759673448,0.0324355673623223,0.0220134634750673,0.0866994529589166,0.0382799853572525
8739,6380,0.0632439567763477,0.172294663767633,0.278034453585223,0.0651957088673745,0.0389696578180623,0.0752574520437708,0.033473818751222,0.0347372398665561,0.0417488351521719,0.0258775529966892,0.0773715500449938,0.0937951103299553
10971,13608,0.051404952603749,0.0308839267498268,0.0174367774545716,0.0570889900850866,0.0156724987438197,0.0257248891109489,0.0299277804588008,0.066672296117087,0.147720898980256,0.105893163273831,0.40685241332487,0.0447214130971514
12084,16017,0.080238642331685,0.089417579049292,0.142779682018157,0.0571634341644582,0.0176834491035269,0.111990348478698,0.0433082850584878,0.0457119841825859,0.0677182511149559,0.0684273711774471,0.243431304283433,0.0321296690372733
9038,16987,0.0697908069876488,0.143200542628086,0.18581708694064,0.161653374235465,0.0533778564883193,0.124505025693301,0.0410666972767981,0.0336651118533201,0.0265849999946479,0.033599797826331,0.0986612220823759,0.0280774779930677
16785,11185,0.0259168084773117,0.247415336346174,0.195814843617154,0.0853226551122647,0.0106981256314035,0.0762783509616237,0.0383255323697147,0.0186059649269871,0.0538115690222518,0.0394974405276387,0.158068236909039,0.0502451360984371
16229,10222,0.0328867445002455,0.10861397749484,0.272595752085006,0.10066535237156,0.0315284037983391,0.213859713423011,0.0294434108083466,0.0312040381214877,0.0285492004099139,0.0371221930295853,0.065895817319312,0.0476353966383531
16500,7328,0.0372472591515985,0.131229265867527,0.27396557765831,0.0935142724743893,0.0271031038739083,0.140501124698258,0.0450073009609642,0.0312501700619627,0.0377492932877479,0.0315923715441113,0.10041195471894,0.0504283057022825
13606,14808,0.0843892116199066,0.0602790138743837,0.0870583471420865,0.0821009491032261,0.0310773074779065,0.100349927919857,0.0611732873462302,0.0218791013980871,0.155036971636548,0.139995397504904,0.164267909258917,0.0123925757179486
9847,5895,0.0687635809007639,0.172265678483532,0.313219625103448,0.0753371710388101,0.00369411490287613,0.106612567604866,0.050287337527274,0.0213298083796504,0.0558722713531552,0.017841985094546,0.0992244322477654,0.0155514273633122
10005,15780,0.0681689342990475,0.0567450924495793,0.244367288458226,0.0981369394445201,0.0524445537533074,0.0918782712542374,0.0621563488955187,0.0281981886309296,0.0414131059184729,0.128553639722441,0.0910181482561136,0.0369194889176068
10122,4930,0.0893583852021814,0.0858723051676644,0.275949880531057,0.107270915938382,0.0172593260403571,0.157118473916063,0.0353921723714657,0.028434144623683,0.0384514446618708,0.0253540126564937,0.0862195792734578,0.0533193596173238
14837,6850,0.0442523214025094,0.193791977962682,0.243084328646778,0.16339867254644,0.0243259111166742,0.0987681367584726,0.0218274866088675,0.0264291577021407,0.0289579424878197,0.0184843849868669,0.100859816710828,0.0358198630699208
9433,7102,0.0472793707149128,0.252749273884094,0.214881192551296,0.106270624040268,0.0089215426312148,0.11023192447115,0.0208113246313999,0.0383337970819112,0.0196768760813064,0.0172371388232698,0.119636400751607,0.0439705343375705
10967,11679,0.0673105472949131,0.154221441105231,0.306491254362658,0.0815034234997462,0.050377117803902,0.180459602758319,0.0225669922816398,0.0351373210521842,0.0308312446835597,0.0196366456830446,0.030541830280775,0.020922579194027
15131,15528,0.062940916743561,0.181261010114566,0.22066235657021,0.0772962213539238,0.057013608236252,0.115849008032481,0.0473534183695336,0.0288335948610685,0.0783129642164619,0.0308671906276797,0.061836309622009,0.0377734012522536
11097,7580,0.0701810199291314,0.203787364081202,0.203647621730963,0.103343255607886,0.0367899631771339,0.109877110980945,0.0798919044822301,0.0314373885893174,0.0346089717050022,0.0321201425108508,0.060587109546752,0.0337281476585857
10128,7823,0.0465781616107292,0.166908247145442,0.156871281534304,0.0874646814541729,0.0462478262453944,0.120441249695561,0.0819374862254336,0.0387713397355314,0.0719539798491638,0.0303697713187344,0.0832772269184351,0.0691787482670985
10410,10234,0.0405928466756902,0.216858080849536,0.314591151913268,0.0555966112126761,0.0254714552156371,0.105775099642058,0.0420354939400248,0.0242401075425467,0.0460097546609877,0.0202287379206142,0.0800025667395906,0.0285980936873707
10685,9269,0.0704474526683084,0.14698416061494,0.268613256126866,0.0661337933514413,0.0222211938160819,0.13834613577232,0.0518829436159629,0.0191329211470863,0.0546555706527245,0.064510118969453,0.0856726344941592,0.0113998187706561
10687,10233,0.0461018084148996,0.150147177657363,0.299128098712248,0.0661765623308017,0.0435073317717347,0.0927062559974565,0.0414762525175929,0.018603942221316,0.0462343720541996,0.0427069273529858,0.112479640033737,0.0407316309356651
17201,11426,0.0424294186986014,0.198573393562995,0.256735150917887,0.058653920714643,0.0534045426347269,0.116792761291059,0.0202453120792262,0.0323459494930321,0.0221254371941009,0.0301302434420152,0.14648998274312,0.0220738872285927
15390,6366,0.0626304115526448,0.213222448515198,0.29300415432395,0.0506832888279288,0.0351293233403146,0.0982953240661188,0.0334844305472127,0.0152038596950159,0.0487112128844373,0.0108981140946898,0.0966322936481424,0.0421051385043471
14009,8780,0.0553328187374288,0.118247519052826,0.308191504253376,0.0804539402169238,0.0216936492852316,0.07773753703628,0.0357788385165102,0.011335310079259,0.0880922556795478,0.0526536705375114,0.106705646536116,0.0437773100689887
8896,15300,0.0693170389933841,0.134908038145114,0.240286392653104,0.0653559864731247,0.042921771956941,0.129977351415382,0.02840970865777,0.0331147165335334,0.0675389498546865,0.0300399022820875,0.133687787409595,0.0244423556252786
15953,10705,0.0584004836270525,0.246176114805912,0.224478817842271,0.108601662754793,0.00876458817570144,0.0987281792145381,0.0233989423455644,0.0210128172291694,0.0452865331773556,0.0128087552617028,0.124170149407684,0.0281729561582556
12903,9747,0.0427996924927728,0.174448111093378,0.250706690945523,0.104175928680756,0.0549378651718619,0.136053215533271,0.0290480120113595,0.0326646251220367,0.0327430125944888,0.019079196665187,0.0754750438663781,0.0478686058229869
10554,13368,0.0730279197527371,0.0732179295535123,0.0290241694860317,0.0976581986770004,0.0113336739169998,0.0530563761089663,0.0379590934164775,0.0519461895976592,0.0518473111685672,0.0640126318843325,0.44555648605724,0.0113600203804758
14575,14565,0.0500570059661447,0.196574276800681,0.155421633460792,0.123541954448444,0.0545192598466588,0.131935363216102,0.0690736002691602,0.0225962899789418,0.0396590390429912,0.0224675244176107,0.108378167275807,0.0257758852766671
11517,9749,0.0585848853686057,0.166688592525244,0.21338088343316,0.146409715490424,0.0163965956977829,0.154724913538603,0.0303974581133129,0.0376048788471452,0.0364620634865096,0.0302801250740444,0.0806639402573805,0.0284059481677888
10678,5894,0.0342935164714284,0.242042279170337,0.229933706630161,0.1147130179656,0.026697276522924,0.0703250080956973,0.0432646875118021,0.0296403272292616,0.0462930999281191,0.0161723603451506,0.106199001885243,0.0404257182442757
13448,5406,0.0590664599670863,0.163919414903173,0.228666463650752,0.151500400896175,0.0111068543713722,0.124421716282653,0.0355585609698706,0.0194888631054811,0.0286443861544252,0.0483278870988553,0.0890005990123538,0.0402983935878019
9018,7344,0.0587898804310321,0.205040195041123,0.218816459280857,0.0729775504814696,0.0449879849744995,0.0740595009451911,0.0493863807840819,0.0259095516318504,0.0270228437769782,0.0638600841534845,0.119790882257542,0.0393586862418913
10958,7340,0.0832027339331287,0.188425491813588,0.195443324517805,0.0726836606024403,0.0150467207820565,0.15870856077256,0.0580724965464869,0.0345452904913157,0.0547661396743233,0.018570065296365,0.0669867362567248,0.0535487793132057
11654,9026,0.0527552246686855,0.170236128748399,0.202653236096662,0.119305844008772,0.0542862981131795,0.0942245018368724,0.0627365428015484,0.0251949421057799,0.0516669861156149,0.041053343264118,0.101521724633186,0.0243652276071818
12361,16016,0.0755027459170283,0.0970134174113108,0.208105074192539,0.0835285278046089,0.0432374052347984,0.181661890794808,0.0282131558670972,0.0602894702483423,0.0483587328735227,0.0594236375119184,0.0809133513633006,0.0337525907807255
8758,15541,0.0967499574977103,0.13320199015121,0.19188441914567,0.0650632967676433,0.0769239700776079,0.0727944766605518,0.0531705144085079,0.0295611648123494,0.0701711048040485,0.0542754014093318,0.107363003396529,0.0488407008688397
9711,7583,0.0481129696883141,0.199430389724304,0.117009356378218,0.125328209826812,0.031670855259884,0.116390284641307,0.0657577711684234,0.0525518418848304,0.0387110081757764,0.0275891943635338,0.100584417945561,0.0768637009430369
10412,11680,0.0538432194724572,0.157444176835084,0.206890562388195,0.113758680409067,0.0274557664105854,0.236106419177475,0.0291438843813293,0.0241399815308006,0.0318132863485338,0.0303041774193261,0.0513941183889587,0.0377057272381875
17624,15041,0.04665761535604,0.0232385814459165,0.284735679355581,0.152581224361186,0.0574528479205932,0.1163612063114,0.0328613454667936,0.0166428284762638,0.0338251330794744,0.0664473260531706,0.0889112279121577,0.0802849842614238
17614,9737,0.0383723624305544,0.176263097546595,0.283254421711412,0.124899023306793,0.0581241790166017,0.12064305122584,0.0355664437523426,0.0188086506012614,0.0247372161120904,0.0253164797862477,0.0729867696353399,0.0210283048749218
16927,12873,0.0851061139177938,0.0550716400588538,0.132424894492311,0.085812916999573,0.0858452124160746,0.0730905641491399,0.0737702341596601,0.0309803013643551,0.0668251984481208,0.195664850124689,0.0919729330283329,0.0234351408410957
11115,16742,0.0314414333300598,0.137111317912162,0.262040450036906,0.095350822913007,0.0461183135258258,0.0947533252986652,0.0384405828947779,0.03270115847997,0.0465545787820754,0.0290228478126617,0.122700628141608,0.0637645408722814
15825,16250,0.137744566180312,0.0617612792195205,0.260472423526906,0.0756174744591134,0.0305953231882901,0.102935631470283,0.0214475694429604,0.0264838928208536,0.045677691083307,0.0676257681649435,0.125922631398607,0.0437157490449041
9447,13852,0.0466282093823633,0.109468740528728,0.308188772544543,0.105475754038607,0.074107534771692,0.0681956804889708,0.0304720233274711,0.0379278687809984,0.0367682942700656,0.0171818210095733,0.115168526423316,0.0504167744336702
9449,14816,0.0366483834223054,0.157470102798374,0.228780226599055,0.147228629190076,0.0522977646940828,0.179071867142236,0.0343797451724023,0.0372091422020401,0.0249163147140849,0.0121738575599372,0.057576504496213,0.0322474620091927
13602,12879,0.0533398303772919,0.221611923336158,0.179829486717558,0.0889496951055907,0.0315738622953043,0.0890528404766286,0.0914247518419268,0.0173508314067132,0.0565646122297146,0.0503543817116017,0.0867078313871908,0.0332399531143216
9299,9272,0.0574885403691064,0.182825232420033,0.271353244624876,0.118472825059615,0.0276358655774899,0.124344788134823,0.0189643311435373,0.0176051678872273,0.0297665469356006,0.0502354898962628,0.0744378214284106,0.0268701465230181
10830,12403,0.0607947934012471,0.111226677005809,0.30314739957429,0.135462950939168,0.0507217147822463,0.154235498085469,0.0235151119009199,0.0231887952233353,0.0206471718402244,0.0232796665793845,0.0658566198810712,0.027923600786835
15395,8777,0.0664844773776804,0.0880215266620983,0.180301843893754,0.121103044545526,0.0355057188171162,0.0992662754838052,0.0759145176431298,0.032059046756829,0.0567377707115267,0.0743021404132529,0.141404860618418,0.0288987770768632
9438,9512,0.058690040407038,0.132513922657964,0.225750441810271,0.0811677765943605,0.0398468810541322,0.140992942439741,0.0791915355517759,0.036932978107582,0.0248948152218461,0.010032670554172,0.116077729565429,0.0539082660356894
8879,7103,0.0387400395945287,0.363433581765648,0.222538869475637,0.0960110116642203,0.0290610193372202,0.092801459758887,0.0227046790970225,0.0159345320861487,0.0328679068069039,0.00472499910174329,0.0524337639422061,0.0287481373698342
11242,10714,0.0809018614925458,0.0754934135439106,0.155970435822987,0.0793676751117631,0.0327746061073814,0.0401570975734631,0.0401095169754014,0.0283993582625468,0.0921662404918026,0.109627144152056,0.256331973579144,0.0087006768869982
15526,5161,0.0864827641331531,0.114061454823417,0.227572660881095,0.183490669856518,0.0349384930217854,0.128056410941576,0.0199638428318499,0.0498792933715357,0.0214672180205199,0.0509493338703317,0.0597561866425742,0.0233816716056444
17334,8773,0.066465501134813,0.150905579641171,0.291417397648799,0.0557687569626352,0.00810744180781887,0.161475044214911,0.0380553786122123,0.0184479556840727,0.0746099169813121,0.0213638402479009,0.0618060249240324,0.0515771621403213
12632,13122,0.0925069114756301,0.124858673309479,0.266211484050464,0.143309566940529,0.0634325294787186,0.0447858840245343,0.0268637418601455,0.0357527298061421,0.0434144111747824,0.0377874953640773,0.0859604193631227,0.0351161531523752
12763,9024,0.0206931923890865,0.169543639692938,0.313901175358268,0.0952977503031367,0.0554627121853012,0.12625211279854,0.030028937738306,0.0169072498676903,0.0348068988257288,0.027722462571744,0.0815829736263669,0.0278008946428936
8343,16265,0.0396014174917795,0.0584278558508849,0.145835741747195,0.122423999868931,0.0170463380671129,0.0907472044689264,0.0241370784967451,0.0366887536671797,0.0519223230184822,0.325730663010127,0.0834719834293977,0.00396664088323912
12623,8301,0.0399841849980782,0.171446651142329,0.306315476333756,0.110568789240929,0.0118273398770782,0.130342577625018,0.0339568506103475,0.0296327489765895,0.0346667633817912,0.013699511542073,0.0934165635324083,0.0241425427396031
8467,8791,0.0325850746268796,0.179420416554048,0.236047717479684,0.14465961958404,0.0212827465066174,0.18691821179873,0.0318212901957955,0.0210254989838711,0.0311796252672971,0.0183671021067759,0.0734462750276597,0.023246421868602
9306,12647,0.0461984008595184,0.223124187161305,0.257191072993035,0.0801308301663661,0.0327637863940043,0.140396317900805,0.0227682232668943,0.0253571699488303,0.0293243120796942,0.0299101104922552,0.0772425293068824,0.0355930594304107
11254,16983,0.0318176094173495,0.275323087253783,0.248497585966238,0.0436187591411048,0.0327022511951968,0.19622687855548,0.0129979013812871,0.0233886255175607,0.0325806208598838,0.0143246872132152,0.0501230933134662,0.0383989001854344
12338,4444,0.0591527175132132,0.196612977401055,0.257316522659608,0.0624163988494101,0.0789805231814234,0.138025375281089,0.0200048684914538,0.0181689480343376,0.0416968353762301,0.0200513841539128,0.0889508128616507,0.0186226361966157
14280,5886,0.0275218987079429,0.150109977456528,0.265909055968446,0.117617523651187,0.0107284943404627,0.104517487953777,0.0742342775810197,0.0105696001732542,0.0548606190658235,0.0304891510547272,0.12005684734055,0.033385066706282
16367,9981,0.0331267823083797,0.139221184448319,0.160596048748175,0.0964759069915135,0.022996796985634,0.148273979383293,0.0817122179210867,0.0175708996855764,0.0876905381138145,0.0464535957642798,0.134896330409398,0.0309857192405298
17900,14558,0.0318631789895192,0.0768816443885639,0.205900683290771,0.0426447616233544,0.0325610269672061,0.126751017280368,0.0316227030698346,0.0142370380453891,0.0636399556032194,0.244074058223526,0.106711798335854,0.0231121341823948
15274,17698,0.0914541738451207,0.115398510326879,0.211124598535701,0.138748603684045,0.02915101884687,0.121819340884155,0.0377972829626926,0.0169784223566023,0.0583916238466612,0.0288445933066545,0.125525797062695,0.0247660343419229
8195,11203,0.0595848540280582,0.178392173846837,0.284865468286067,0.0382531169300511,0.0191492479838461,0.145842424228092,0.0203816566312839,0.0167805568183574,0.037472460531119,0.0535562490248568,0.108301162738768,0.0374206289526637
13611,17701,0.0499995703747619,0.0952031253141387,0.0909206123672204,0.154333276819505,0.0288015460468434,0.101759846708975,0.0200841311523846,0.0472986622852393,0.093455098805396,0.082029928201276,0.155290749080042,0.0808234528442184
10007,16744,0.05545819395235,0.144653157429356,0.241102717854486,0.156661044442961,0.0229472035840477,0.0513650994997083,0.0566407803600952,0.0335307701477416,0.0173938880512512,0.0195279081491398,0.156599111271564,0.0441201252573007
7635,8793,0.0503401705095341,0.168588676313057,0.192287687654283,0.129187812119229,0.0192926139637184,0.186245524308407,0.0258860214072983,0.0332032419309562,0.0425686909149417,0.0612558453707916,0.061525488539387,0.029618226968397
10006,16262,0.0515474269840476,0.0804798714183106,0.291234599718594,0.156892904566975,0.0328576746534537,0.132346937123951,0.0273001395566631,0.0259425942929595,0.0426155097076324,0.0222955860934294,0.0816698795873786,0.0548168762966054
13594,9022,0.0578193051469372,0.207589708977294,0.210105287987326,0.10681997066859,0.0303353404827203,0.10166536679834,0.0422053038435025,0.023250856262022,0.029992770631396,0.0173619713096765,0.134891114215559,0.0379630036766376
12351,11194,0.0331741858092294,0.181949806163949,0.262594835414762,0.0716128767476828,0.0287901537024933,0.120278022235264,0.043155009291927,0.0221985596656211,0.0445603642011369,0.0375934958227578,0.115519823044485,0.0385728679006918
10546,9028,0.0550439547388365,0.106123672045012,0.292193935373043,0.0794405791408581,0.0189057830144204,0.153609364125521,0.0352101055111066,0.027224803387146,0.0231560110248371,0.0349852581995517,0.125689003432505,0.0484175300071633
11392,16259,0.0739574458059012,0.123283638938776,0.171985963876894,0.0988370329425324,0.0235647825616537,0.0836825355709781,0.0502847572970967,0.0478484169565006,0.0600809643717054,0.0344517941875649,0.201439741865587,0.0305829256248102
13167,3478,0.0503618161905736,0.164246896145327,0.29621927866753,0.0684648088831839,0.0193102407878905,0.140139960462977,0.0322389803349994,0.0158901554826353,0.0303611358969881,0.023536857328647,0.117489119598612,0.0417407502206369
10959,7822,0.0816845648085578,0.18033714129256,0.255480957590196,0.138797626977395,0.0139680998209997,0.125764603846651,0.0323146598385653,0.0154589573080339,0.0353489727420111,0.0118291696771946,0.0813942187204597,0.0276210273773757
17474,9014,0.0546849686583277,0.118392153080897,0.29287878410574,0.101110185311174,0.0275476940710466,0.102517199242607,0.0345788419322966,0.0253557661721886,0.0519707954751966,0.0262265821982817,0.108043740217164,0.0566932895350804
10409,9752,0.0634889209269638,0.125753200213379,0.266812021758774,0.0617166236894668,0.0110803835969913,0.138514389540755,0.0608963381342864,0.0280710825649595,0.0586216975169919,0.026171357592586,0.107184764563383,0.0516892199014635
9298,8789,0.0647324342075716,0.15231804112215,0.319556015236495,0.0997250418692379,0.0102516442375971,0.127531548980858,0.03004235614897,0.0340679091116252,0.0459193399886626,0.0152361111050319,0.0778085595230191,0.0228109984687815
12206,8060,0.0635118330358074,0.075042642876858,0.262206003597513,0.125120231799247,0.00810549162461542,0.09813094497208,0.0596949035689836,0.0160736204723193,0.0513379814725248,0.113953909910959,0.108304570254785,0.0185178664143067
13036,7094,0.0658957636452227,0.171995590476846,0.2761620175686,0.0953749707452703,0.0184094957711104,0.138938769517265,0.0413065958599007,0.0409016140796186,0.0331940917688202,0.0134928161848427,0.0800787636264418,0.024249510756062
13739,12156,0.0508098123626902,0.271962225891017,0.169013215105971,0.0518573762804373,0.0422178290682016,0.108822066586692,0.0625669335191762,0.0334710982374573,0.0470506056363765,0.0485875591213244,0.0674822853263985,0.0461589928642584
14557,5886,0.0449789039012138,0.0982945995260744,0.262190778937432,0.0575876754319987,0.0416724378030123,0.160833620673695,0.0637653883486436,0.0265516083712771,0.0689835894728026,0.0422444691438952,0.0951433355791794,0.0377535928107753
11509,5892,0.0534584136156807,0.202052803229965,0.224816631940411,0.0936113391908266,0.053131901043844,0.0613884334128523,0.0276442387688204,0.0422260199885531,0.069445062667718,0.0525087440281081,0.100748348910735,0.0189680632024862
13174,6853,0.098586390007034,0.166179820371302,0.246030721016206,0.077604793371642,0.0194019100921923,0.144018945324671,0.0405903554874995,0.0413744489886412,0.0532679257860222,0.0187466980444761,0.0544569907278004,0.0397410007825135
9988,7583,0.0483220921123693,0.198063426330329,0.304304960876143,0.0693001604366812,0.0395412195946449,0.0955865741079711,0.0424793879986607,0.0235814834126097,0.034186650102518,0.0494078940203202,0.0507842148631475,0.0444419361446046
12913,15051,0.0894506016213057,0.00271906045204302,0.00262714004689051,0.00832768150448564,0.00280856201049542,0.00644721027532509,0.0329972120949554,0.0175621591106547,0.174253678617801,0.163961129107241,0.48925314218058,0.00959242297822223
14288,9744,0.0504326250957044,0.237971730576726,0.155142602063713,0.0877352961970634,0.0280121122793496,0.131059645832478,0.0571226764903416,0.0203108033543349,0.0729295737840818,0.0190404946646319,0.102138460394255,0.0381039792673201
16376,14320,0.0330422387303915,0.196480820495487,0.306599349578852,0.0905036670523628,0.034987093655834,0.0536035916413191,0.0273358962420419,0.0265488117754988,0.0377212392508017,0.024093156832727,0.147788382436275,0.0212957523084095
13879,12879,0.0645278121403034,0.0682740638028037,0.261395263144342,0.115931218102214,0.0608426349556989,0.140059955514786,0.0669363375424026,0.0162830762815982,0.065899645678521,0.0269820212323671,0.0674700056198182,0.0453979659851458
11525,13607,0.0570492607456767,0.0067778439404499,0.00291833491159077,0.0294137368417042,0.0289060014737015,0.00628886521608154,0.0265836974988605,0.0158971966981137,0.0847717542864488,0.0616486572962423,0.669423943371721,0.0103207077194089
16225,8293,0.0468637571220699,0.173631275974127,0.332345038277242,0.0759646736390206,0.0155279987879543,0.0962825801833123,0.0385875015355428,0.0196840722116912,0.0551617460477715,0.0310333101649284,0.0709426128251623,0.0439754332311786
15966,17455,0.0770949217284571,0.0449456099691585,0.143212336760119,0.0894072264399036,0.137788391567177,0.0857858642998589,0.0122245703730787,0.0110296719580231,0.0772788419954995,0.124761610692935,0.169661752104141,0.026809202111649
10001,13851,0.0368071449125291,0.0922524963322883,0.190139781415312,0.135752459408904,0.018919082488838,0.14230918913116,0.0291587127842427,0.0249206540575639,0.0188415434255445,0.0327756297411255,0.248183179916908,0.0299401263855828
16514,14079,0.055258816180183,0.0867448024758995,0.217279724476452,0.110726636965737,0.120031693580321,0.0902480052212889,0.0208011318322153,0.108359982208814,0.0375630645549071,0.0266158084541673,0.0760553151866701,0.0503150188633448
14979,8537,0.0299661280313572,0.189884964791981,0.305272837097318,0.070323494528828,0.0185180360609587,0.105846384935237,0.0642043083553087,0.0208166082995659,0.0433973193199874,0.0182984313715937,0.0891385480931853,0.0443329391146796
12359,15052,0.0558824858041731,0.0564266122783511,0.136379392820609,0.0972471124489203,0.0219460110998293,0.154144029738378,0.0542693963291391,0.0333963456473842,0.0639929059149289,0.0472436223934622,0.262342908602285,0.0167291769225391
9037,16505,0.0632841064968499,0.0984361427016394,0.373855749680656,0.0942668581587888,0.0138093715148084,0.144413155792683,0.0269532756716583,0.0106883707030589,0.0405479209513965,0.0184755215828755,0.0895792507481727,0.0256902759974131
14294,12637,0.0724717873247136,0.162235364892021,0.102328672439608,0.0532983717220336,0.0217911068800167,0.0412838773355767,0.0667669352164331,0.0506255501438259,0.121214392752169,0.0377249104068868,0.251530541274669,0.0187284896120471
8334,11443,0.0310948662681684,0.270739821159015,0.277325084760377,0.105827724081668,0.0322477448191334,0.0915034223646367,0.0339843479881695,0.0146125959028199,0.0274651645327019,0.0140196588071194,0.0673923456051073,0.0337872237110828
13183,11193,0.0468972299623024,0.142341356122388,0.237212328972228,0.105431882398872,0.045708590093957,0.110640833644985,0.0451970597871729,0.0213536606462876,0.068403746265025,0.0546414621014799,0.0817849496593648,0.0403869003459381
15820,13357,0.0694009936579967,0.189883302788485,0.244331534083841,0.104508512087537,0.047659384337645,0.111684742608552,0.0354409229411332,0.0262595571218826,0.041179080841763,0.0284776392686011,0.0721377827492807,0.0290365475132827
12201,5167,0.0457694483994882,0.186960385006756,0.236685041854969,0.116010572190321,0.0219494956461039,0.141290329977829,0.0558617948296743,0.0256385878787819,0.0463993490414893,0.0155109265642,0.0742468439571319,0.0336772246532551
15407,15046,0.0596952511732565,0.0832226006629648,0.238306301551244,0.115777666460263,0.0912871019855657,0.112854930890068,0.0219107077864055,0.053660783833034,0.0813903472104252,0.0680033295921596,0.0516887867260034,0.02220219212861
11238,8786,0.0456395105278136,0.134162564227479,0.271701478340612,0.110133625446161,0.0238510123996402,0.155694959280896,0.0663019272323391,0.0122400813021052,0.0444804158848028,0.0405057208716605,0.0841699003182493,0.0111188041682418
8882,8549,0.0585785906370918,0.188449403565402,0.198887153058202,0.146029009884213,0.0187018765222025,0.113561432439364,0.0647837706148156,0.016516527502877,0.0326408492556368,0.0360792394165102,0.0727291155777642,0.0530430315259207
16372,12392,0.0441475942514508,0.148200500031817,0.311246128475964,0.0517013227779158,0.0273555642084027,0.120385819148619,0.0327710038723623,0.0282683468762142,0.0441650543005755,0.0252480018499616,0.1313347724108,0.0351758917959165
10271,10475,0.0445457616537309,0.166013019132718,0.316566247891809,0.0937882044255972,0.0141683933713951,0.108569292101536,0.0392591780958663,0.0223921259603408,0.0462974879159437,0.0133950245418049,0.101786455371463,0.0332188095377946
13047,12880,0.0456416852729489,0.154972110762866,0.263315779888232,0.139467641983877,0.0331170304005695,0.15831574432704,0.0261257871550075,0.0333285910999585,0.0752908736717543,0.028874276654058,0.0213233864981636,0.0202270922855255
13742,13602,0.05284221763501,0.211768251447382,0.170546059670377,0.0683067856529426,0.0518156865089808,0.0906845527538849,0.0376193359137912,0.0387510629687671,0.0588113770959872,0.0751490733314759,0.117258967524555,0.0264466294968459
7781,12409,0.0769176659215794,0.0295743603652231,0.169153666304235,0.0572012261642779,0.00559948281719704,0.114163420818765,0.0587481931317943,0.0159423393282816,0.0632458385136906,0.348547625560561,0.0557761328795606,0.00513004819483391
14581,17458,0.0455500388754817,0.0974517117920106,0.375897864354761,0.0667644053365424,0.00795999451061612,0.122622159467425,0.0399101967198793,0.0279841461630646,0.0276819012456301,0.03495974510851,0.13002814896848,0.0231896874575994
11094,6134,0.0755546905218886,0.0887248370895336,0.404154209910199,0.0990496740571069,0.00609606441209287,0.173887400819925,0.0354879638793295,0.0149313183019909,0.028931338552286,0.00841497612417768,0.0328519452373429,0.0319155810941271
14974,6126,0.0363488504216874,0.183603859331786,0.301626353090249,0.0806445921057323,0.0187039252657819,0.134139682505977,0.0463205737484422,0.0250401729784371,0.0334727885106628,0.0288224705820283,0.0749570145296656,0.0363197169295502
12779,17221,0.0576555711906237,0.0720688728697846,0.219948353653281,0.0878779922367196,0.0417437331702486,0.126581112806561,0.0642499357098921,0.0328031141634976,0.0865453126567914,0.0946871659897255,0.103027599295159,0.012811236257716
11376,8544,0.0633420465597047,0.0689348215173061,0.235687601773949,0.0951814378428815,0.0360458433117809,0.127125127432115,0.0222505443979792,0.0284142827985014,0.0632799921097179,0.0911221807831332,0.139222319133738,0.0293938023391928
12900,8300,0.0565670054855792,0.133049649979656,0.323611513697793,0.111716099833093,0.0403860964055467,0.170431740340949,0.0204308816072591,0.0187156562146968,0.031194808114684,0.0138265654576676,0.0641335309456406,0.0159364519174347
14699,7573,0.0301468383697145,0.112448651734573,0.325352209466028,0.0657285079394123,0.0402731660626306,0.102310954751077,0.0467671519355651,0.0336192980404874,0.0395810255315038,0.0346027237243456,0.102043897853701,0.0671255745909623
13595,9504,0.0278628907152912,0.0535179174230883,0.278478146551852,0.132688072498151,0.0926782319725708,0.152978427360716,0.0283977473279443,0.0263389151556447,0.0289326442045066,0.0267636122794066,0.101148868890292,0.0502145256205373
12902,9264,0.0520195644510881,0.264005327829788,0.203992868352936,0.0861305572762219,0.0147324273710203,0.108525298793495,0.0427935174426394,0.0240458941599117,0.0301885441622698,0.0241283996318354,0.114107081374181,0.0353305191546128
17205,13354,0.0407805800034597,0.120253021383348,0.225190977356048,0.0853332241847313,0.0267989660212731,0.151265112499064,0.0477484211915067,0.0149696789608781,0.0680224655233168,0.131673569654691,0.0570934103171742,0.0308705729045092
15963,15527,0.0579907380785227,0.0202629449456949,0.394533403841833,0.125549048659107,0.0332750224237717,0.115459560592202,0.0444458712048899,0.0186230070978994,0.0418571508750607,0.0551050987651126,0.0559715969727078,0.0369265565431981
17751,9014,0.0319102943106343,0.126175503218867,0.100395849660012,0.0667149656154534,0.0228461701754479,0.0977763147636843,0.0265233865233736,0.0178119789822422,0.0889742565767972,0.331092876454521,0.0712753558998414,0.0185030478191261
12499,15775,0.0683408611811036,0.138415973368427,0.171501618036702,0.117597395777464,0.0244433522621932,0.116018981126343,0.044803447158029,0.0368125973005503,0.0495181907024079,0.060988646272644,0.144158615092905,0.0274003217212311
14845,11189,0.0415434908479054,0.256597909548729,0.221018953727539,0.0831437571446652,0.0523322711331488,0.0693699217747482,0.027272097368565,0.028611208994317,0.0743903665399205,0.0340369432664727,0.0866708723676053,0.0250122072863835
13315,8058,0.0579401533823205,0.157840500740938,0.280001820724497,0.0880321146921438,0.0674006635522536,0.120960019472294,0.0412271013800761,0.0160973933683992,0.0239615280008339,0.0297299279092903,0.0771156552939657,0.0396931214829883
10398,4448,0.058183619246987,0.152296246590512,0.423854414958769,0.0773093056270987,0.0374035157995769,0.0567460801581764,0.0240116878894547,0.00896549790575119,0.0370041696008708,0.00408712509849784,0.103747771248383,0.016390565875923
8186,6863,0.118754678383653,0.0590273125607762,0.171859382635091,0.0799950964174708,0.0395181315354624,0.0644391430219426,0.0526396357692858,0.0156608364758127,0.0951270798896368,0.252507902086103,0.0327095388350796,0.0177612623896866
14159,14325,0.0729739034534755,0.096741597340148,0.0920426175180038,0.13484844565588,0.011825115388455,0.0969105353089897,0.0299002727674956,0.0554528501546828,0.0558621107213155,0.0981017737819257,0.249044603891825,0.0062961740178039
17209,15283,0.0546948190225285,0.0321361951364999,0.28202236250322,0.096194230944961,0.0363802753842612,0.219678825034917,0.0210229493893854,0.0167025669234603,0.0172090793721983,0.0222270567888272,0.170730757595588,0.0310008819041533
10140,14092,0.0328231175498928,0.00598139680220709,0.0256140972876195,0.0284895414601116,0.035726869745317,0.0233397619382651,0.0140406893781468,0.0129726123493498,0.0746570536844502,0.094036348914987,0.641533746764144,0.0107847641255089
11228,3964,0.04669991605764,0.232536696309846,0.122524894641222,0.0957983322117822,0.0291276116356028,0.0838151823640035,0.141393824635582,0.0454307070448068,0.0518151879225228,0.0231577701335052,0.103419611050909,0.0242802659925782
9033,14576,0.0447617707244244,0.158698820321603,0.233109987244082,0.119808107663928,0.0904806870357892,0.109676249554265,0.0343964895747635,0.0211963754028228,0.0312544948400185,0.027015695943794,0.086785024546651,0.0428162971478593
17347,15042,0.109710291086214,0.113487440727675,0.258706786159723,0.0856188313954363,0.0837951006910215,0.151252095816376,0.0220399534558128,0.0125925040937636,0.0392643702282773,0.0297471097634373,0.0710824026475585,0.0227031139347045
11929,8061,0.0648911659747153,0.0533992885891619,0.202588499554966,0.106859563730763,0.035510627848942,0.106315389940256,0.0635703755995531,0.0256500996887798,0.0905707540858415,0.122421136227613,0.103134209127069,0.0250888896323398
8602,7103,0.0349873219548918,0.112227662244641,0.361225517714,0.0493104638018828,0.029885031321749,0.189576480085985,0.0329656938036552,0.0170889922963397,0.0365584506099658,0.0114258281096314,0.086113547472772,0.0386350105844862
11801,13124,0.051644959452342,0.0470390446596015,0.234650858759187,0.14566662969462,0.0555142340087557,0.147009474608181,0.0390361634738924,0.0288473533920454,0.0799102290136806,0.0652085752865232,0.0664576441945452,0.0390148334566267
16364,8534,0.0245537362887881,0.137805168545873,0.35738620214208,0.0789941955190273,0.016989783470217,0.216690153488147,0.0231082728885691,0.0286604384129419,0.0314867308129409,0.0116348972159095,0.0552819161296333,0.0174085050858732
16233,12151,0.0328137703596686,0.201061308414134,0.301570711866889,0.147803446687331,0.0289810751242002,0.0900606832550179,0.03746150926273,0.0361475952873036,0.0231123705457593,0.0182237784978071,0.05030284463692,0.0324609060622393
10131,9752,0.0376897422416627,0.16665219667365,0.176787137306199,0.0914379437958202,0.035110102719656,0.144833556168892,0.0347598140066376,0.0582338543571167,0.0737737183099655,0.0741096468889752,0.0793280636402974,0.0272842238911281
11511,6856,0.0407306419556418,0.186278187839941,0.284990003358441,0.121983485017775,0.00844615112458863,0.1051977710025,0.0383018767256859,0.0233925932494602,0.0408849763286438,0.0353646092590703,0.083666306258035,0.0307633978802173
15688,16974,0.0920471598401357,0.0773681294262438,0.252481316591486,0.118667916018962,0.0302164375733062,0.168023134389683,0.0519325022300697,0.0510816500805982,0.0393448192436971,0.0341655788998788,0.0558222250549264,0.0288491306510125
14711,13359,0.0388007588845041,0.0419527608825228,0.0663501151790272,0.0706025043511769,0.0389056427013543,0.093501040176829,0.0358446816766121,0.0936366768917081,0.0516480744622267,0.152126496319939,0.262168865729979,0.0544623827441206
13450,6370,0.0431586773823539,0.201254919163516,0.238977235078978,0.103093305980151,0.0166229753421435,0.133212187967028,0.0555586542441696,0.0249015739469304,0.0295787783378461,0.012606644705753,0.105672894919965,0.035362152931166
15548,16251,0.0618168368798113,0.178402675334595,0.158659811598681,0.0931607837169641,0.0186022235248542,0.163802132311549,0.0333936482335219,0.0477011483332372,0.0613791533812015,0.0420042529404507,0.109302843128901,0.0317744906162329
13744,14567,0.0880353165421432,0.0316698884287159,0.129029569024833,0.088445003312337,0.0285999155051932,0.0740351383283621,0.0423767666650604,0.0087125241269922,0.078639745228952,0.205721029671753,0.212841772254677,0.0118933309109812
18312,12388,0.0674331758370645,0.0428469494629713,0.0622963701245041,0.0445108166376384,0.0287876583830322,0.0715532898998898,0.0499137559882943,0.0294155777193971,0.093252320297751,0.395877127866606,0.0833657694255656,0.0307471883572852
18177,14076,0.043566890255792,0.110914046113763,0.173119623987874,0.0750934841888407,0.0191508192739522,0.0411153101584467,0.0351069178289312,0.030337896135575,0.0472219969013361,0.313834187434903,0.0897342391435453,0.0208045885770414
9848,6377,0.0503576090711535,0.172397855579279,0.279050926272927,0.102060114809682,0.0117113931365844,0.158565311615449,0.0602001867515695,0.0200739930370694,0.0215545401811789,0.00835413808046817,0.072345601400108,0.0433283300645305
15819,12875,0.0552264143829861,0.27772280957386,0.211362172580269,0.11250033780814,0.0311960403404313,0.0698658704487043,0.0290112351898038,0.023289536130142,0.0307055617950093,0.0464706774128886,0.0725436142547092,0.0401057300830558
14299,15048,0.0507937777883409,0.0698264827120582,0.135770241633625,0.0977354814267982,0.0338226343655451,0.189546295200328,0.0483514543817588,0.0274824735763153,0.0595101546475393,0.130588608576121,0.132328315817271,0.0242440798742993
15674,9741,0.040650003207963,0.190432951949777,0.267195019619208,0.0858643524448735,0.0212264284625778,0.104636749828932,0.0344221007801805,0.0240186192745934,0.0431188019265265,0.0775709811525663,0.0627040535574741,0.0481599377953279
14158,13843,0.0856916665632506,0.180067472538339,0.143212815348554,0.128314347562857,0.0150046185521329,0.120138474074417,0.0294931422511943,0.0538536759303804,0.0490610982896161,0.0288897474335158,0.147645107811444,0.0186278336442995
16380,16249,0.0520871832303125,0.158924195563143,0.283179607865622,0.0822403330586973,0.101342985873965,0.148150767432856,0.0385109910528301,0.0139125940121831,0.0317192428180007,0.0121266107385109,0.0426197321179478,0.0351857562359324
13599,11433,0.0709386934375517,0.186180151971977,0.196162669352662,0.129497209770678,0.0436765349608935,0.122122887956091,0.04313832220784,0.0123870661280535,0.0595923665140723,0.0598043970686705,0.0622392571198637,0.0142604435116468
16231,11186,0.0378102736830559,0.136674633212281,0.219265337808672,0.14547921403257,0.0152249093397878,0.0868574347745648,0.0283083812524413,0.023448273211767,0.0816615124800963,0.0243707418019924,0.168636318897969,0.0322629695048028
7640,11204,0.0460327317833957,0.145075382642698,0.249652978114833,0.087887320202122,0.0282346376539945,0.063084906680946,0.0370262542718472,0.0252918776372788,0.0535597941447001,0.15618489859356,0.09471692501272,0.0132522932619052
13733,9263,0.0957159060655088,0.158697891419315,0.181386876743155,0.135514064933803,0.0547923651122465,0.0936123237755165,0.0401855856928961,0.0391109320406151,0.0340958530774752,0.0320062988959877,0.0809261253201013,0.0539557769233795
15252,6608,0.0410061583594059,0.125573954398786,0.280021664112064,0.0972824805603463,0.0430990732164105,0.14515514824288,0.0562336980392869,0.0129649884487132,0.0396067831914082,0.0153669454819276,0.116237471620332,0.0274516343284402
15541,12393,0.0502075286452715,0.0679129208419242,0.175448251214655,0.0693090488882664,0.0155883334042256,0.103606160071481,0.0605902948265743,0.0515838411963096,0.0958955941581171,0.143283146494501,0.112988935031272,0.0535859452274019
17616,11184,0.0292148617775478,0.273322748483626,0.29632275295942,0.119161880387356,0.0127800689685297,0.102747670198701,0.019342721968075,0.0337694890979265,0.0322956178066688,0.0106133933103993,0.0445454246002618,0.0258833704414876
16371,11909,0.0345700591552459,0.208220758854538,0.329222876576719,0.0580453558965497,0.0564420499411092,0.129463650917411,0.0309295951945254,0.0204589087208447,0.0226193855962389,0.022576187034531,0.0570890297231714,0.0303621423891158
15950,9258,0.0384555501337275,0.23671887261768,0.242183603250957,0.0724367396919427,0.0389700777994141,0.0914358373595472,0.00656921354627766,0.0184562680246802,0.0251373274435925,0.0505291530479601,0.123037552945713,0.0560698041385082
12489,10953,0.0626617153355656,0.150122204015337,0.195868184297458,0.110258704875358,0.0435722136070498,0.144257156238571,0.0253304250019387,0.0185045721213229,0.0372426074606113,0.0238325056455288,0.158836717551039,0.0295129938502194
11793,9267,0.0501763793032224,0.174419932499779,0.276415105890102,0.0789391193555507,0.0146698344889168,0.119737591261836,0.0672186272400469,0.0403865475320684,0.0382532133482435,0.021070852022613,0.0731167819940666,0.045596015063555
17480,12389,0.0833578218022871,0.0619139748994545,0.161270503308711,0.0363057917214917,0.0344728643073905,0.0813429856183364,0.0780869956256915,0.0261537422031984,0.20935730213307,0.177756427686746,0.0339619845195503,0.0160196061740729
12070,9266,0.0627451637932522,0.208160309706359,0.241830472051183,0.0689602333759096,0.0211206942973778,0.148026599395171,0.0530219877326584,0.0342320830917614,0.0371999066645864,0.0349564222033147,0.0561511348231988,0.0335949928652274
11948,17222,0.0269290505797095,0.0877025263525992,0.220187980141964,0.126043817521999,0.0750187820013971,0.169218388399531,0.0215472152625186,0.0300741198101613,0.0464909469999779,0.0262465501230292,0.148354359113452,0.0221862636936606
11649,6615,0.0727818318266674,0.122234151747731,0.156914879287385,0.106561024474954,0.0548949296041794,0.0866669401169816,0.051967520261702,0.0368243056026046,0.0770103799263598,0.0526910858929051,0.146947600247385,0.0345053510111444
16228,9740,0.0565261096624893,0.103005016498092,0.250455553082222,0.0928434717031339,0.0351426907117214,0.186508402388226,0.025440371989636,0.0165601291838889,0.0575939130157376,0.0455520057294947,0.0804415895957468,0.0499307464396113
12753,4202,0.0604032783404058,0.215042462099333,0.25381782952393,0.0876360329799422,0.0590131206836438,0.136902371994459,0.0259940749910233,0.0254417880629437,0.0252011560705354,0.00996581834329334,0.0654831616035003,0.0350989053069894
14150,9985,0.0374594497191661,0.161220957139078,0.223460186844714,0.0939694591804886,0.0901828029290197,0.114870623648106,0.0454935567223829,0.0220091796980068,0.0392093733962838,0.0333541047246791,0.0915381858905679,0.0472321201075066
14027,17459,0.0520165450759903,0.0499997190582165,0.243780507976268,0.127590691404623,0.0056079498303489,0.193888041103794,0.0227264631706095,0.051169796332086,0.0363881453359124,0.0315482972579433,0.145187577245155,0.0400962662090541
9593,17468,0.0490965586684205,0.0689247476614743,0.297820249216804,0.149691550331011,0.0504251834382716,0.156135305710211,0.0307120037381969,0.0442431013718745,0.0318853096121765,0.0177141791406181,0.0482641320557134,0.0550876790552289
17758,12871,0.0501971760588292,0.105001560094996,0.210306045841349,0.0909581908167524,0.175823765408964,0.0895194027966761,0.0157646976070951,0.0594041096671627,0.0460092485934117,0.0332729515388358,0.0989336503113054,0.0248092012646228
16644,9980,0.0450443346928011,0.133418514632484,0.242078175305672,0.0924967267021462,0.0312582005186915,0.132220347457376,0.0324430941050366,0.0347936678003021,0.0663378720564619,0.0179749703134948,0.121860857024062,0.050073239391472
11255,17465,0.0592121699529879,0.0678912693404727,0.282130884006716,0.130979975630927,0.0798656125493022,0.144786032533841,0.0270314784016727,0.0186740160524462,0.0291720505892402,0.0700699198023494,0.0715289647071258,0.0186576264329187
9161,9513,0.0352842006302485,0.126591382531523,0.280362847366659,0.099424211879671,0.0595949630878399,0.153265948117863,0.0275215037773041,0.0245665643742546,0.0425731094449641,0.0278322109878684,0.0837365289267325,0.0392465288750718
15814,10464,0.0773664713454473,0.165433312665385,0.237197821687076,0.117870364664716,0.0282029251560842,0.0856658035308575,0.0358326959862044,0.0345314130214024,0.0281039562336205,0.0397365865361563,0.106899282665703,0.043159366507348
12077,12641,0.0632421756130151,0.138433189466485,0.286449762519585,0.088262451360467,0.0484343815331668,0.0797966741521287,0.0332585078586706,0.0232933348286905,0.0261735996436261,0.0469592101267221,0.143455639959474,0.0222410729379684
10124,5895,0.0302762937887843,0.117201480687339,0.310050098499903,0.166645963853227,0.0340764559874992,0.133655440228494,0.0358813325782634,0.015456988609393,0.0458156389580311,0.0119379596843677,0.0514485586439298,0.0475537884807692
15261,11429,0.051110341442303,0.217809210297488,0.240785532202909,0.0923795833156189,0.0217675702067647,0.0656552819334177,0.0515034319991629,0.0453547072589425,0.0224733970103824,0.0318273696488778,0.139923011517169,0.0194105631669641
15665,5401,0.0874348301931405,0.120295530024261,0.192953896669299,0.0954226384068759,0.0304583215528304,0.0911989745062355,0.0379317713085995,0.0350994171004233,0.0797780458532733,0.148823345561108,0.0587674213753459,0.0218358074486068
7918,11685,0.0463234995618868,0.162531808303497,0.291284195485232,0.128533454538679,0.0497431350950835,0.0989462370557543,0.0233609406290056,0.0224655184527192,0.0383481436217807,0.0163005923930487,0.0860953478698172,0.0360671269934956
11666,14812,0.0479429405129589,0.11291374171885,0.0243759688320985,0.094852435670772,0.029101146994799,0.0260374527838394,0.0453005855141672,0.141686019281731,0.0497261264290882,0.0627358460782422,0.337276528698183,0.0280512074852702
14419,6127,0.0303607461779675,0.263988390587817,0.192331126702927,0.0957582208307885,0.0595541117016455,0.150433849637645,0.0155505553064924,0.0324888442150872,0.0258767020804972,0.0182054156221015,0.0857420207563444,0.0297100163806862
10697,15537,0.0709951017383117,0.0857536631093868,0.220386025234647,0.061542930884777,0.0794882954361534,0.0808544984795709,0.0413871054128761,0.0390227690882054,0.0508848333187281,0.105589741827174,0.137042623732379,0.0270524117377902
10553,12886,0.028693077616218,0.0920538225430579,0.232842642165305,0.155512697761908,0.0233887389566373,0.197661280479928,0.0367221903348502,0.038409448205876,0.045378408987016,0.0408510888259396,0.0838428581365868,0.0246437459866762
8336,12408,0.0640111627176659,0.203838183144624,0.287086287259651,0.108120948284842,0.0297362202240198,0.0528255469327574,0.0472947879396776,0.0238461882310015,0.0270973191958622,0.0362338564009341,0.076810328792364,0.0430991708766008
14286,8779,0.0479428939675452,0.161548007882904,0.350529403798714,0.0880015940443192,0.0476707808041222,0.0910713616657546,0.0341438789358669,0.0181994738701951,0.0409756742443031,0.0262788695644256,0.0544371632932356,0.039200897928615
18175,13111,0.0133503748001202,0.00697672327865143,0.108154321020205,0.040667515442375,0.0400715252700526,0.0542703564446986,0.0207646425762269,0.0171327570620639,0.0698546389236671,0.586923394346864,0.0316801452646938,0.0101536055703809
8617,14818,0.0240338008583783,0.281017472277621,0.22551741082623,0.0634761633015097,0.0465397379334671,0.121046967274272,0.0209553252717195,0.0618572680786421,0.0312284501947224,0.0284529060362177,0.0510780916052483,0.0447964063419713
10129,8306,0.0509934310137895,0.216415845749812,0.248539289648866,0.0843914621578008,0.0286509373235193,0.158982539324959,0.0410902318808996,0.0181153193458261,0.0331332025510818,0.0161778185982157,0.0728649360037168,0.0306449864015132
9574,8307,0.0285506440157217,0.185012125049471,0.23580040868769,0.0565073777017482,0.0311525418035829,0.16762569684971,0.0365465673807355,0.0256230447950858,0.0318195272500204,0.0248370773768724,0.108633985088801,0.0678910040005609
16933,15766,0.0556367448201544,0.213842104694952,0.204836005769348,0.101268823539753,0.0328362670046428,0.0825451666849531,0.0602371029122531,0.0182617798373475,0.0539735538086443,0.0507563007731756,0.0871702459119789,0.0386359042427973
9592,16986,0.0667234833743415,0.104052110512482,0.309396099224388,0.0725399369136339,0.0332470085962919,0.151149468170543,0.0450619516347867,0.0375424672801981,0.0302677120774454,0.0333066847705435,0.0956308456071235,0.0210822318382232
8329,9033,0.0448904647876698,0.277695885784002,0.212168159445056,0.114110196458154,0.0204484649699703,0.150499709956274,0.037286858830067,0.0171575279954729,0.0272379805943345,0.0103917821085451,0.0549534554034762,0.0331595136669782
8753,13130,0.0491047279861576,0.0918808276501517,0.406873271329357,0.120759831669218,0.0349349689966606,0.120204603414354,0.0210109190152773,0.0288579327917538,0.0222803470384598,0.0237418865999693,0.0597364227662628,0.0206142607423784
15132,16010,0.0489850314651787,0.168024655494091,0.252985822315554,0.108747233437032,0.00816972412221968,0.137741757956884,0.0477207255824003,0.0207224468277589,0.0850425252926454,0.0207412185148669,0.0885808712251306,0.0125379877662386
10961,8786,0.0749947950831003,0.110307478897022,0.204266397946867,0.121135855021493,0.0454401506422485,0.127524869486857,0.0440010743816815,0.013243080309542,0.0452342820166474,0.0311757621030419,0.154371954711621,0.0283042993998772
15133,16493,0.0424049795838769,0.109529715732202,0.275028607361487,0.0727251877177719,0.00856419728718436,0.134985247987252,0.0259145517007397,0.017119306053458,0.0379629390155616,0.1140652437147,0.144652154964754,0.0170478688810127
9025,10719,0.0399643586566924,0.133336134525337,0.271435168982038,0.0781475460447481,0.0479195821718492,0.20051554226939,0.0351606620269745,0.0245633477210207,0.0388598544947347,0.0210933048289347,0.0662550701100831,0.0427494281681976
12898,7336,0.0561037097877763,0.202222384375132,0.258577258112851,0.10388505201252,0.0228292667530896,0.105802215660985,0.0458404368300066,0.0271083923928875,0.065453471009464,0.0235043440056472,0.0717414836222799,0.0169319854373615
15122,11189,0.0635891544168165,0.146080838383775,0.353715695885407,0.0802259440244236,0.0291786797911729,0.0629091189381147,0.0336554907690524,0.0198880226214629,0.0501372236425776,0.0479260540305532,0.0645531645085572,0.0481406129880875
14427,9985,0.048986426769695,0.164747229572503,0.253077013414399,0.0780111121472317,0.0164549623771998,0.0936161122303209,0.0575361275089076,0.0188509988009439,0.0312308456111738,0.0379654392554021,0.157425050439394,0.0420986818728292
11925,6132,0.0492317536170788,0.151551093241441,0.221236095784467,0.0539518248960717,0.0529711006001729,0.114220962448414,0.0448470523208392,0.0296833580563835,0.0753183710661462,0.0417619316766231,0.119619380722991,0.0456070755693719
13870,8539,0.0526780827952309,0.247589747493743,0.214580115582953,0.158421189982359,0.0264343609918053,0.151100407048429,0.0174534102200202,0.047984375711798,0.00766911604412687,0.00816164727769275,0.0451515845911278,0.0227759622607136
9864,14575,0.0426927873710663,0.139747153166247,0.158385983621046,0.114350603225141,0.0348978469084512,0.101471481880238,0.0410776824758904,0.053184685377827,0.0676308304939714,0.042736061160492,0.188556880705442,0.015268003614188
13173,6371,0.054440163881535,0.122220026017043,0.297443436812578,0.0842507015178703,0.0340463831133071,0.108823256173939,0.0339348078318413,0.0308897921516151,0.0343832628421338,0.0164779830007093,0.147094893736915,0.0359952929205128
12495,13846,0.0674764239461554,0.102747335147289,0.224463950431298,0.109426147653328,0.0454808795236266,0.126874468806312,0.0362458647379549,0.0233458500910753,0.0202183918177953,0.0524550843968205,0.151543737122804,0.0397218663255416
14698,6609,0.0748946868619044,0.149550745454917,0.285325026804831,0.0746550662800887,0.0135225618129224,0.101842355193088,0.0309183848536305,0.0415766965504692,0.0681562934939699,0.0303476944757972,0.114066512495328,0.015143975723053
13046,12398,0.0406299050788884,0.171757318963608,0.242565678947537,0.0810569083727053,0.0764325857946194,0.165698678645815,0.0203328536340759,0.035976502337839,0.0285084065352252,0.0295106580866308,0.0617050457408872,0.0458254578621681
11390,15295,0.0380490168699299,0.118393963489944,0.084317572404113,0.0729577250539047,0.0531464358997532,0.169101072986902,0.0381121920664102,0.0688098207751227,0.054817118336475,0.0557177525879913,0.203193754374496,0.0433835751549579
17208,14801,0.0457365202756925,0.107420063021863,0.301045658787728,0.0903319951856076,0.079005464242667,0.146976905885582,0.0252460397413279,0.0216398105589376,0.0311070881963249,0.0118185774615545,0.0755222325040117,0.0641496441387031
12342,6372,0.0369801032330101,0.1948436938307,0.22550595357894,0.108528326294579,0.0401362311378546,0.139710800924455,0.0383547500502788,0.0433223144829368,0.0295587687677555,0.033829739738436,0.0762259922378619,0.033003325723192
14020,14084,0.0567356208966308,0.0958054254372356,0.162066920393415,0.0931471652833653,0.0106836688101743,0.0915626315490221,0.0375187434293696,0.0377584443586499,0.0541627181464257,0.0804787040023607,0.260125083318405,0.0199548743749456
9029,12648,0.0661170783774728,0.113024862671546,0.309565796767196,0.143693919165066,0.0547303124717213,0.13759239736366,0.0152477295682903,0.0275826520666948,0.014812104834771,0.012126112197314,0.0820979973412072,0.0234090371750616
8199,13614,0.0424871690412284,0.12817088819484,0.278806776158019,0.0876326389954115,0.0412647101203264,0.210783012637741,0.0138699757348179,0.026932335057211,0.0222520937753875,0.0571320847069116,0.0513807405127298,0.0392875750653757
11931,9025,0.0469089915518014,0.196195350762146,0.262796196190642,0.077773749785752,0.0309239351326513,0.092314931655488,0.0436638856041077,0.0222115283432864,0.0417562261145512,0.0127605829608769,0.122015330996569,0.0506792909021278
8327,8068,0.0544464138134054,0.254300696665881,0.257668779899893,0.102335271092508,0.0775369617113098,0.0717039372890939,0.0323654193105013,0.0193211714921577,0.019849983382611,0.0136240993534541,0.0542366938928801,0.0426105720963054
12343,6855,0.0566045261683279,0.107010260269662,0.290461634936085,0.119745627556754,0.0624143252390023,0.0837564642712865,0.0355708103833773,0.029889394225622,0.0531415832520934,0.041388845552608,0.0842255880114827,0.0357909401336983
10121,4448,0.0381766267997435,0.173681266832726,0.289855747308131,0.0864900633273111,0.0292581570260395,0.141614113881486,0.0440276394893956,0.0630510027623566,0.0307381105609929,0.0120761300404789,0.04486219249636,0.0461689494749786
11783,4445,0.0288758267098993,0.243533104079419,0.315670838405978,0.070905070701834,0.0328070070483456,0.0808988936031383,0.043838104217243,0.0126440421874063,0.035700252518233,0.0134319952361978,0.0873054758603724,0.0343893894319337
8612,11925,0.0440112792000819,0.162082236708952,0.211281105533285,0.106390905174905,0.0151428831384766,0.0745499053470967,0.0518532688303256,0.0289436401719604,0.0648352063775614,0.109408527272112,0.0814695108072273,0.0500315314380167
13184,11675,0.0459088644621296,0.045160656557601,0.0434286161359472,0.0429909793044577,0.0240547362621729,0.0401849658984013,0.10316303358854,0.0282814038949894,0.101923192058015,0.300650295677627,0.172217961384767,0.0520352947753513
15128,14082,0.0390660453579684,0.184737625262379,0.188964556524138,0.105267704942705,0.0646921590981079,0.0627228040772598,0.0182412035501117,0.0320732847725934,0.0355932923626389,0.0431726306137529,0.141174411449832,0.0842942819885126
15818,12393,0.0607027032575414,0.134889370810386,0.150556695377568,0.0949232737738891,0.0315246102949461,0.108939633440659,0.0347036367937481,0.0192689803167983,0.0507859038194344,0.209104504409083,0.0807586982674059,0.0238419894385406
11113,15295,0.0668436649045582,0.0957168892356607,0.14887461239835,0.090936455138989,0.0237203744105278,0.113860571693527,0.027999859703593,0.0480135183985789,0.0630591711663139,0.0737679459448902,0.205921214117004,0.0412857228880062
12641,17462,0.0730378919954866,0.0590599338299337,0.171853781032777,0.0836314678753732,0.0207107756457033,0.0732047330236144,0.0564415245819023,0.0233545385953014,0.11739735400224,0.121825249467402,0.185085531091037,0.0143972188592293
12363,16980,0.0753427537005853,0.0731735960593561,0.227438941986296,0.0967110163771525,0.0166703477816877,0.153417418523705,0.0351315203953094,0.029646819298358,0.0618412351285716,0.110994271517148,0.0967349310638135,0.0228971481680164
8324,6622,0.0588790492508143,0.0409984306504063,0.200870172634508,0.0739973831353965,0.0322025873700681,0.133766145607248,0.0304955924856743,0.027389078063189,0.0783061046512729,0.235262988517639,0.0456164195849944,0.0422160480487893
11796,10713,0.0466762384804302,0.190058188792177,0.274395225871834,0.135749010989016,0.0720050240755272,0.0948213390868975,0.0339112399673302,0.0222808667445704,0.0126842138171431,0.0164567209934631,0.0799111219790107,0.0210508092026002
11808,16499,0.0616942054070796,0.0961283760262772,0.260964995167758,0.0903029652099913,0.0189372630482322,0.0512846860474075,0.0740137661043865,0.0324351891109665,0.101809923660235,0.0427141987447968,0.137460919353597,0.0322535121192719
16777,7328,0.0701222420897486,0.125941616583886,0.203388486870057,0.132529309518348,0.0146054983809845,0.117711332779197,0.0345961865394336,0.0314683399269738,0.0542175774005338,0.10631689147666,0.0791703021744798,0.0299322162596985
12064,6373,0.0618045147047797,0.159417574907497,0.245201003590626,0.0900667238141567,0.0957806447750115,0.135102798911636,0.0255725456618463,0.0302193964682215,0.0400245097513483,0.0159451237696804,0.0707643772968057,0.03010078634839
13748,16495,0.0716368657899055,0.187865378691165,0.17555664432657,0.100759177901958,0.0189364582060976,0.0995682694479782,0.0449750743581697,0.0559488549517366,0.0695208555519501,0.0300371280552855,0.108062686983623,0.0371326057355605
12765,10470,0.0424323649866746,0.203858330565312,0.232021243628588,0.103647951785531,0.037842721729756,0.163849139072801,0.023851679950814,0.0387523006943552,0.0222782179631598,0.0228613896193881,0.0848373244953475,0.0237673355082724
8328,8550,0.0621459688303852,0.208584475587063,0.30106261044499,0.0488458544988216,0.0265799764519153,0.10894004620104,0.0369447744142609,0.016370516462747,0.0619056827249942,0.0333145069279616,0.0614012473443907,0.0339043401114302
13465,13603,0.0763405891012101,0.0879336358337153,0.143232906543426,0.132835350163168,0.0534174903645923,0.125366513906259,0.0365026662167356,0.047872334666476,0.0416968361830406,0.0572024252528848,0.185318019424468,0.0122812323440242
14559,6850,0.049922615220197,0.171754003470322,0.239216947027831,0.098266047019297,0.0275501799643822,0.131474742540119,0.0591168525590357,0.0325707960490894,0.0353926354849542,0.0324006493037818,0.0789856206642121,0.0433489106967792
10424,17467,0.03952070833911,0.124328180061723,0.119110040691942,0.123548296562375,0.0249895745128321,0.134730808582451,0.0371679647338607,0.0450948612363404,0.0851823942113218,0.0831760456388665,0.167606736860721,0.0155443885684551
17346,14559,0.0580933627847732,0.0887420162511993,0.290291639262017,0.0601904423787256,0.0515135741752843,0.19882242379407,0.0215231295695984,0.0255544279874844,0.0289693434619773,0.0179454122548671,0.104426689526985,0.053927538553018
10691,12162,0.0545181975821491,0.131229210162349,0.217709499122012,0.135757489534463,0.0228136352218685,0.152408461613744,0.0330671514145968,0.0400084302502465,0.0385916267266124,0.0257245404866167,0.0933383201834869,0.0548334377018555
11104,10956,0.0730169332852941,0.126237444168719,0.27218688156844,0.0675061348882809,0.0374498817665044,0.203197193935385,0.0371068494830819,0.0317088790764738,0.037455848603586,0.0324251383676315,0.0546045585841846,0.0271042562724185
13177,8299,0.0623089737191414,0.169813390031024,0.279834860686031,0.102823856085279,0.0167899794901101,0.151915518883603,0.0309634549513972,0.0286004340745489,0.0259851925016181,0.0196267467955266,0.0564317919450211,0.0549058008367004
7911,7828,0.0404416850495928,0.159871103296708,0.224449678122529,0.17380166054496,0.00695733392918476,0.13648404425965,0.0461546717769411,0.0225033595544156,0.0469355003830929,0.0350356562722828,0.0844208964036995,0.0229444104069435
9172,14817,0.0546926381710226,0.273916643642242,0.266074809709744,0.0817175473650722,0.0356834400873844,0.0676905068577667,0.0316618245450868,0.0253393969800965,0.0336637983525782,0.0232448250760431,0.0772087896396934,0.0291057795732697
10278,13850,0.0354651753516281,0.063479596708655,0.0763153812780104,0.050720972315334,0.00779038793461836,0.0694230881169895,0.0162963579860504,0.040571819889879,0.0526911224790294,0.0847846982502677,0.495610009258511,0.00685139043102686
14024,16013,0.0509002637112059,0.129269165251036,0.19228978146604,0.0650502222531589,0.0541110971681296,0.193852449766047,0.0402006435619239,0.016196895177185,0.0377673256040088,0.0440399098185948,0.148287014851238,0.0280352313714337
9708,6137,0.0398265781390771,0.193254968051518,0.355089285010502,0.0858553513198306,0.00979101075060419,0.158017331599775,0.0281286615926805,0.0263682767127533,0.0188698658435307,0.00634848487395232,0.0570647012687923,0.021385484836984
17619,12630,0.0954930331916773,0.060003914082425,0.0589492846433611,0.0546906460499653,0.0816819234012932,0.0418501281839479,0.0595945160950242,0.0310129302005854,0.148966060160213,0.269952127461671,0.0744510362662129,0.0233544002636241
12755,5166,0.0641172733645924,0.27418939679974,0.218568741727755,0.113788657960933,0.0169244086261696,0.091065740722435,0.022318238570673,0.0296829496017295,0.0420526096730058,0.0124859713610787,0.0996615617023799,0.0151444498895071
12618,5890,0.0278237010262308,0.137735580766895,0.342512461241248,0.0630268529342419,0.0220152532079595,0.174090024299188,0.0162909558383123,0.0126383894779758,0.0291024046510593,0.0264677220808072,0.0832427172163706,0.0650539372597113
14987,12877,0.0562830802545642,0.0906534918594358,0.0361211246062517,0.0507914914831781,0.0171708420097058,0.0505306869095294,0.0613588913336511,0.0777466699622039,0.099812544036097,0.0517412799672689,0.379144643617077,0.0286452539610373
13585,4682,0.0580810890191173,0.189185007944583,0.299599521971373,0.0985826671584876,0.0170505678311905,0.117797100033902,0.0237353528446104,0.0191012967970607,0.0411818777954513,0.0290658759700436,0.0831380714338064,0.0234815712003748
16512,13115,0.045280196560567,0.230642095680825,0.221534155825008,0.10995656816778,0.039830898783008,0.0737184895738233,0.0252764250968329,0.0276399455901303,0.05113678929296,0.042820033495169,0.110631138216171,0.021533263717725
12059,3480,0.0491492198169561,0.152201423698216,0.34285319644036,0.0606534546124771,0.0280587177560812,0.0739474683580617,0.0371221562821326,0.0240914546979006,0.0384811051025382,0.019607790517645,0.125395548512403,0.0484384642052285
12911,14086,0.0482816262157571,0.0914675306384486,0.224545532369517,0.0602935073425843,0.0538065907241,0.159970441464439,0.0435315533449848,0.0252350163444116,0.0440456637975645,0.0882618821710553,0.134966866249728,0.0255937893374102
12910,13604,0.0642895781263918,0.0808142093070404,0.223725421003074,0.0738626993476771,0.074826526238969,0.120885687526774,0.0427755132967175,0.0288027616943766,0.0307292954028212,0.0480753467625925,0.195971697567197,0.0152412637263685
10265,7100,0.0218307335367304,0.194586036464925,0.280415005052225,0.0718238320980549,0.00888856764276609,0.119980708759219,0.0578998633919386,0.028816161298909,0.0544719654369307,0.0273221312467336,0.0891650204611056,0.0447999746104634
15270,15769,0.0886316910057052,0.118333869899197,0.215843312718671,0.0752611634239209,0.0137997498718581,0.112775016113378,0.0390296402847342,0.0457510070398799,0.058625722516751,0.0646557714409563,0.0821856104853691,0.0851074451995803
10688,10715,0.0550433866970513,0.0689786443598734,0.267235175111439,0.131650908966521,0.05442668301379,0.0671687097313301,0.082441215695034,0.0523965301566419,0.0629003798956028,0.0295435668129665,0.102541644797163,0.0256731547625862
14565,9743,0.0527167515952797,0.0898565849762318,0.221675616923783,0.0911342201925569,0.0516767801437668,0.0863677889297558,0.0931279348383846,0.0243804258522145,0.0757496223819753,0.023781220212212,0.141464315758462,0.0480687381953772
13593,8540,0.04934506198532,0.217040570153907,0.188503211518092,0.110201604848128,0.0322139793901728,0.142079997385587,0.0307373932313953,0.0177855761850163,0.0584707147762197,0.032683211497292,0.0981097646627081,0.0228289143661621
15540,11911,0.0547259593891955,0.193320139466928,0.178246096709609,0.111420329365434,0.0231224357084936,0.205667502193821,0.0278899170929817,0.036637914774231,0.0288272123945582,0.0335747282248361,0.0867549611411929,0.0198128035387192
10536,4206,0.0394743301307001,0.231816169523017,0.34046992390398,0.0806990013837263,0.0218341029398051,0.0779339717800833,0.0432959060968164,0.0312280238839999,0.0268781132369382,0.0108400909743667,0.0685132009424551,0.0270171652041114
12758,6613,0.0629644712467084,0.157565871714038,0.37755968916935,0.0625706376639802,0.0677983677158332,0.0923961731330604,0.0399976271354565,0.0242075382852003,0.0258238182435171,0.0190532307420131,0.0507749346698425,0.0192876402809998
11391,15777,0.0786394259498983,0.064237961050907,0.166379911239853,0.097453701181768,0.0217079941871035,0.188531545990867,0.0253272114250756,0.0215558185629283,0.0430645218494791,0.0632142657468537,0.214064460642307,0.0158231821729593
16099,14321,0.0403608013622635,0.142271454133337,0.137817514396193,0.0697011518851569,0.04380571796779,0.113573791682583,0.0359192752301866,0.0389706241252791,0.0498425894747764,0.0783160062962652,0.221759251996632,0.0276618214495383
14701,8538,0.0461845434101881,0.159796921280162,0.277154679449138,0.100559685655452,0.0201834161734358,0.1340893201617,0.0217978592588867,0.024247120310375,0.0361878262833586,0.0339128256903154,0.0824050510859712,0.0634807512410177
10839,17225,0.0382762300631615,0.0486905218820799,0.270252676524314,0.054582798766796,0.033266038074878,0.0826473637389682,0.0352288856384614,0.0173605073622048,0.0690582969855211,0.100757018616752,0.219580318340055,0.0302993440068078
9454,17227,0.0876577118345834,0.12336429571881,0.158809366914567,0.14352383791639,0.0350252546429798,0.102519317881367,0.0173639574510859,0.0621572419268238,0.0677795875574814,0.029053538334355,0.146575105540433,0.026170784281123
14570,12154,0.0343366825504643,0.0273284506312111,0.0186797328619517,0.0234624220775944,0.00643564110267888,0.0385698073529291,0.0479879961345731,0.0339475239828561,0.0263254964314265,0.0407881701548599,0.690250183869542,0.0118878928499129
8747,10237,0.0642874079588031,0.170524540269797,0.265069043730697,0.0873248788018321,0.0347811548624605,0.114530361455767,0.0504931311908905,0.0390504526833546,0.0505170487329924,0.0241190243386913,0.0663721290398094,0.0329308269349061
11109,13367,0.0566219171902817,0.0208012747987756,0.0115093552070671,0.0413272483760732,0.0048175094837967,0.031031368558944,0.0829433196880955,0.0710093414700557,0.0593815427549259,0.0505141952076304,0.544845605720208,0.0251973215441458
8607,9514,0.051532496296102,0.197205520692471,0.250055539757039,0.112175169571527,0.0414039637404883,0.0813146198624014,0.0593253222240241,0.0297762989001882,0.0362026611790611,0.0255370941304204,0.0698951441389749,0.0455761695073025
14006,7333,0.0608195193423255,0.198320154664011,0.36219805967069,0.0555684537211653,0.0359924796501046,0.0708913797851273,0.0261658759745737,0.0223958676787093,0.0382011619715464,0.0288335883971596,0.0750692017371856,0.0255442574074025
13306,3718,0.0446253385475687,0.037772973216724,0.0238465980335932,0.0280966696605913,0.0226201523885821,0.0425118942255435,0.191840675395285,0.0632551341968014,0.0444954620074724,0.163663249504618,0.317543269605076,0.0197285832181442
10401,5894,0.0473934947382138,0.221089362219549,0.291123609616431,0.0838832098043146,0.00870365533627618,0.127028269840123,0.0293740627549292,0.0212681202949836,0.0210094023701696,0.0166512732684448,0.0887843291189023,0.0436912106376626
15811,9017,0.0324218566319045,0.294096552507481,0.224766452149499,0.065919775481705,0.0227314812815482,0.0637853622620689,0.0247791510699752,0.0224751243524664,0.0624384919651378,0.0342838108486254,0.101635894180652,0.0506660472689361
10263,6136,0.0611472275448915,0.209358134532078,0.277558468336051,0.0987717164501873,0.0453017433133302,0.0782572900247223,0.0380757869362927,0.0193084531680775,0.0420473419101127,0.00923565649080917,0.0505718783475092,0.0703663029459382
16648,11909,0.0328281775633246,0.187355881611987,0.222687407686363,0.120889787707789,0.0229535087452796,0.13609038057644,0.0371785732629377,0.0147436501018192,0.0476403225563066,0.0102336332100049,0.12487723574472,0.0425214412330279
13308,4683,0.0352921818771916,0.177503668313506,0.242386198775864,0.105907078786276,0.0385928846715427,0.171549312443727,0.0345317084734858,0.0266681814924363,0.0337176308634895,0.0176904140643626,0.0994910330362382,0.0166697072018808
8744,8791,0.0737148003806875,0.144229476192785,0.238887735967773,0.0997020284980746,0.0293514776988043,0.184149285251116,0.0277340286777146,0.0125038977686037,0.0591736449543658,0.0351306043171459,0.0668129842839138,0.0286100360090157
15134,16975,0.0545170145457225,0.133512105549687,0.19122324085172,0.11168931159223,0.0800323509753602,0.141000289897574,0.0319316511234046,0.0510770291972674,0.0319802518004249,0.0828511836100688,0.0694498555672348,0.020735715289305
13172,5889,0.0327843229360246,0.176182262189114,0.351571967866555,0.129522833591666,0.0279274038924917,0.0704877990166634,0.0212861549083397,0.0300225548762398,0.0282120854404483,0.00847984404578818,0.0966540453065224,0.0268687259301461
12069,8784,0.0415209273470102,0.141840046969404,0.218334636990797,0.116250351368985,0.0320306538894648,0.131904968290054,0.0580610355053457,0.0174217024886155,0.0461473253221114,0.0478987311329552,0.123762802525109,0.0248268181701482
13193,16497,0.0753762741768629,0.0726651694981938,0.341797300467356,0.092767001343329,0.028975955586337,0.141304959916428,0.0296613182956082,0.0309252536226956,0.0431557623274651,0.0393883170650316,0.0751264071858106,0.0288562805148824
12202,5649,0.0419296880832303,0.186378174168229,0.30906999086591,0.0835594516876969,0.0447755810252762,0.0783823844111994,0.0314166795863594,0.0204441848945997,0.0451377161364021,0.014942364593019,0.116428852412714,0.0275349321353634
9849,7342,0.0301003173186776,0.268744558163472,0.241226848997387,0.0637954299013054,0.0218786907676148,0.205596466607691,0.02039658562237,0.0224118896597531,0.0185961296133098,0.0100998912604039,0.0715635499820952,0.0255896421059199
15947,7812,0.0340784507216443,0.222117619899805,0.236553081045224,0.144520788764233,0.0327160418279328,0.120761476080643,0.0250744115567937,0.0371786404803814,0.0301020179790302,0.0144090541543058,0.0736023891259442,0.0288860283640626
16924,11426,0.0734051558495486,0.0753297646447713,0.305068123317233,0.0971845733526709,0.030811795090162,0.1375124211578,0.0369371193687902,0.0231556796683961,0.0457340658015997,0.0686471727284595,0.0527110427502928,0.0535030862702761
14418,5645,0.0498008385234318,0.182171766480007,0.260280925570224,0.122270206953066,0.0169997352211926,0.147597994458531,0.0320670176870416,0.0171479678546657,0.0373768737898766,0.0170904154584007,0.0780690627207531,0.0391271952828094
10698,16019,0.0842997611092217,0.116175680851235,0.269790162505239,0.0985357663188217,0.0293788832694251,0.150956808430486,0.0437059359682808,0.0293896112285374,0.0294598191881761,0.0257064514447279,0.103874902099156,0.0187262175866935
15535,9500,0.0382807667897686,0.277125956983133,0.198816475989507,0.0882359887990776,0.0120351835703982,0.0929834812567276,0.0319515750960009,0.0276246911271696,0.0387641820286817,0.0240355151899732,0.119538178260045,0.0506080049095167
13464,13121,0.0544753240624782,0.173703592687403,0.189131738125976,0.0847900877469327,0.0224792187393508,0.149674339097471,0.0581295792453029,0.0233617972180676,0.0532606443899131,0.0197520032926353,0.152862460489012,0.0183792149054568
13457,9745,0.0586962742509292,0.0660763390892307,0.355990009749634,0.0745549949192718,0.110083169357644,0.114421329242791,0.0361031013481506,0.0133293490762062,0.0294733937290087,0.025672499626911,0.0540413902881071,0.0615581493221151
10136,12163,0.0535581908041672,0.177505524594669,0.257792699954403,0.080216821087811,0.04281373290653,0.168960296751988,0.03022892397686,0.0188142248979966,0.0427905801913765,0.0265145233740554,0.0866152090941836,0.0141892723659597
11526,14089,0.0343845472794659,0.00456108056365242,0.00748348210951591,0.0129359540273413,0.0198966778484069,0.00694801132562477,0.0158712557249631,0.019851633391199,0.0415584957698759,0.0470407468326745,0.774619245126249,0.0148488700010308
8898,16264,0.104924212098729,0.0781855523784038,0.28341568608196,0.0898034772578743,0.0202285273000396,0.149726934715233,0.0296709564586169,0.013219248392994,0.0822796926268305,0.038085845063192,0.0922717790897495,0.0181880885363767
14557,5404,0.0324290524672698,0.258958128829955,0.275606024674912,0.0526859089664192,0.00464156450785303,0.139435601301353,0.0454722437851859,0.0351483304735709,0.0448072237797144,0.0139799240360841,0.0653421061547279,0.0314938910229543
13741,13120,0.0281420461593522,0.109766234089658,0.185245790183923,0.121459469907446,0.0265617675213447,0.147838396248953,0.0376829762073889,0.0327154117623726,0.0372591847816768,0.0616192938790286,0.190104683738098,0.0216047455207588
14571,12636,0.0530393341783468,0.0308298833011308,0.0518381152198069,0.057508266394174,0.0405220076930136,0.048213328663313,0.0691888337942577,0.0546631178683774,0.0831757957337988,0.0413742970445503,0.445918625282831,0.0237283948263995
16222,6847,0.0515147022880814,0.0934782699332406,0.264760566894905,0.117223599463288,0.035933296768922,0.0955153423924389,0.0304021675059403,0.0378394923452975,0.0582634267664674,0.0646823300066077,0.121660147914088,0.0287266577207228
15676,10705,0.0299812624940824,0.158010078435481,0.125421873021637,0.112230549565382,0.0246945951213138,0.188333592713618,0.0488184679741906,0.0477396364887002,0.066676989993597,0.035031365213299,0.114840502786176,0.0482210861925229
15687,16492,0.0323218597663949,0.334799726604954,0.0447338112651943,0.124195053004454,0.0109490682220009,0.0741603007641919,0.0227436666752809,0.0482352805229384,0.0729220693006992,0.071387440767542,0.14857504116305,0.0149766819433004
15264,12876,0.0638226745087584,0.133432104097017,0.115812782305819,0.134324504125578,0.0221520612705064,0.0488807874936005,0.0318850563188615,0.0608106297427526,0.0743646498566376,0.0939437461124617,0.184291313021176,0.0362796911468317
12777,16256,0.0648440747740176,0.104280499602164,0.212469103468214,0.145603412515547,0.0231419073665418,0.149593772457192,0.0379082073800321,0.0608470988616877,0.0269255357130785,0.0346665204322115,0.0827145394405653,0.057005327988748
12905,10711,0.0566656764424377,0.149680218165301,0.238649592983021,0.0944819190673438,0.0328057237052486,0.145532971262584,0.0436647152711364,0.0282533563647733,0.0267831084570981,0.0221987894599929,0.0974739172070059,0.0638100116140579
11513,7821,0.0490933066589484,0.136514102874568,0.297694402991155,0.0790210472903524,0.041544523946427,0.13462914824782,0.0295469203379202,0.0177212163666986,0.0381138796508422,0.0512752370065667,0.091354564002305,0.0334916506263965
14712,13842,0.059464717025296,0.0615916132861023,0.190272130244736,0.0908083506523169,0.027144986290879,0.157672409395444,0.0358736377802199,0.0441852436651571,0.0487258179139343,0.0848367216440103,0.175376213037721,0.0240481590641838
10957,6857,0.0639017431126928,0.259155514419041,0.179979180184781,0.0706725271864682,0.0465088343254868,0.0997201342040055,0.0450907665342911,0.0237375618497459,0.0779584029065704,0.0241476909215636,0.0885775607101029,0.02055008364525
11382,11437,0.104194852195306,0.0490173085696645,0.157018685667737,0.0872976043752477,0.0139596514921762,0.0539789265419958,0.0888394635056827,0.0245187021547001,0.127943829744206,0.12009826744746,0.150560336935541,0.0225723713702825
14013,10709,0.0598840134086682,0.126933756038778,0.303564146174088,0.0783654292701655,0.00975442250231981,0.139500807104927,0.0491420035212279,0.0387724304521976,0.0431831112303068,0.0250132089922368,0.0807451582894687,0.0451415130156161
12354,12641,0.0385726975483418,0.0935934362373646,0.319458918022207,0.060440996531938,0.055193767779747,0.197226080258917,0.018562026188476,0.0424475221183701,0.0416828340921649,0.0387287482150518,0.0612246392441176,0.0328683337633034
10815,5170,0.0299529951141876,0.108498906877198,0.399634112157592,0.107292269087142,0.0346291895952858,0.124719557044685,0.0408126737082738,0.0244314971642343,0.0327591177275101,0.0116328859390254,0.0470153373269905,0.0386214582578761
13042,9987,0.0371251474964404,0.173772005673042,0.259308341148269,0.0977744815765672,0.0550021305617805,0.121476001971853,0.0217337014936943,0.0285463635243134,0.0494295401821226,0.0399429208361483,0.0825847002643374,0.0333046652714316
9293,6379,0.0297675434357761,0.154607019708342,0.383953781507842,0.111163380496709,0.0144260245857302,0.125024809399729,0.0303936572121534,0.0134859778734668,0.0266105168625357,0.0119638633928359,0.0635936334031124,0.0350097921217673
13031,4683,0.0451392794273474,0.228228741236271,0.273129809010662,0.112041181986532,0.0165188501760575,0.106274902662646,0.0299620131503736,0.016665112352951,0.0352862096989688,0.00913139157505963,0.094419319240532,0.0332031894825979
14567,10708,0.0798245063110768,0.190012094461628,0.21708891141432,0.074135615746346,0.00974671807542347,0.136090821193354,0.0471548363071013,0.0358360895537247,0.0254094433277092,0.0230320611313863,0.119731204642549,0.0419376978353818
13305,3236,0.0662465958346278,0.0287375784565879,0.182906088600487,0.0867740283448619,0.00503490543395058,0.0630665133435252,0.0370807458731034,0.020263753494586,0.082555636107445,0.318990072713735,0.0862045166872293,0.0221395651098606
10133,10717,0.0402320407306504,0.113209891284031,0.29793041569866,0.0964449560292133,0.0766370929818655,0.177968746820399,0.0219751395759541,0.0179679520638886,0.0344785972761547,0.0470358167237457,0.0488055383384337,0.0273138124770038
12220,14811,0.0678373661046701,0.142690526250202,0.0418248305218451,0.127942189189057,0.00939146818894564,0.064122851576823,0.024681810853638,0.0477187042124501,0.0683143600902026,0.160627552108929,0.220528467402855,0.0243198735003841
9732,17709,0.0491436738491531,0.122141280822475,0.265122654424551,0.117487466863652,0.0661927650064497,0.0953980196454005,0.0290589269491126,0.0374511342807172,0.0336454589696388,0.0345552978027548,0.110753279806069,0.0390500415800266
14433,12878,0.0449813784429259,0.0154437986322662,0.0330648259692375,0.038251644534248,0.00317650704630892,0.0294536649550113,0.0148479374115031,0.0214064697105335,0.0702568421061282,0.135304638659284,0.588873514315373,0.0049387782171804
15822,14804,0.0695631796429943,0.148432143405048,0.227226957690601,0.0622506885215914,0.0163820871275442,0.0444296910824117,0.0553128064766274,0.0142844834888627,0.0293577568104258,0.110588188065149,0.190219842288582,0.031952175400162
13034,6130,0.0476696473090311,0.160028271062371,0.285448006880611,0.0518415303570618,0.0377840700677961,0.0921418012637776,0.0532857221772785,0.0394470410636285,0.0301604619626127,0.0331031906765534,0.107840005582376,0.0612502515969018
15807,7089,0.0550197307823862,0.169209880728344,0.243665690044523,0.0529829748763972,0.0153111838740797,0.181518283421414,0.0363038000600143,0.0404366818847205,0.0415558209884025,0.0181048850163468,0.108113639910432,0.0377774284129405
9030,13130,0.0426920586215497,0.181100481130927,0.357037226915787,0.076597695900313,0.0151628051800155,0.141332290267978,0.0188558015507773,0.0194169075967269,0.0295628189028468,0.0150220321264228,0.0559890923385229,0.0472307894681329
9031,13612,0.0475131502273038,0.166084294513816,0.279663757408705,0.0690106954296104,0.0879169881231695,0.0940870463190745,0.0358146294003188,0.0346927348314616,0.0272011657352434,0.0414045106325059,0.0781314784865362,0.0384795488922555
18032,10942,0.0601227299296556,0.0573123675740044,0.160879752458451,0.0917588919367671,0.0281120023691886,0.0973740848396855,0.0520081250291447,0.0299153735106859,0.054655581834065,0.243314442951434,0.083216927169976,0.0413297203969415
11523,12642,0.0477546331506393,0.076828492916087,0.0643774463541076,0.118523597394475,0.0593243728195857,0.0916438953706521,0.042629742402553,0.0448193546790557,0.125053451831302,0.0843503683754753,0.217750588985349,0.0269440557207186
8756,14577,0.0384152793131233,0.135172519572441,0.280387654775206,0.117004877296209,0.0786083597733931,0.0970208573805248,0.0366192154383139,0.0197013495269584,0.0301344510498574,0.0239273112605917,0.101151218560299,0.0418569060530824
18587,11423,0.13428106052668,0.06051806513672,0.197618031435536,0.0959023668876013,0.0924652202589455,0.137672151203113,0.0220219779157756,0.0216582571485828,0.0723135933010991,0.0857557517799627,0.0557692305790934,0.0240242938268903
14709,12395,0.0903805237294201,0.0671479296552115,0.0150259047666497,0.0724842501996213,0.0170098483940102,0.0164974846170552,0.0362096714886269,0.0428056576992094,0.087450489183677,0.0656434970178718,0.446702056941092,0.0426426863075545
9432,6619,0.049753881982971,0.118860106144996,0.299219037263666,0.0677933148081993,0.0227330627048365,0.136745731018176,0.0617987077680917,0.0318431899951322,0.0347868158256858,0.0225436062428941,0.068358859855051,0.0855636863903
14573,13601,0.0369410160897687,0.169642397346161,0.066237959590122,0.111920655351875,0.0284414856881759,0.0348694148394163,0.0238481768359779,0.0459631319106682,0.0332296880643168,0.0332151650057793,0.390858586239499,0.0248323230382394
12080,14088,0.0774990451237195,0.0148871048898397,0.0128439462718667,0.0359416382198286,0.00547589799517929,0.0125520949261727,0.020499005243154,0.0254291619578572,0.124765999651371,0.187061567514831,0.477203461022758,0.00584107718342269
8741,7344,0.0291406562001035,0.310316319445852,0.265333949563889,0.0642414019824873,0.00549080226651214,0.104866603142495,0.0169620019443964,0.0312492398373589,0.0284945903007774,0.0180918786731947,0.0825742399582835,0.0432383166846503
8880,7585,0.0494450565461032,0.18387173950813,0.148832336598365,0.110572880282192,0.0150745560973891,0.123380889899246,0.051278194945468,0.028332586947079,0.0688854169498692,0.0711957985276204,0.113750431101014,0.0353801125975242
10837,16260,0.06313153060843,0.236336441801126,0.314362589602201,0.109212902109155,0.0327315154057992,0.0830597363391167,0.0393943313563324,0.0206577948448026,0.0221847639991492,0.0119409160276399,0.0503083360506118,0.0166791418556365
9174,15781,0.100569167771625,0.0661558919334343,0.167049065806677,0.0631584379737286,0.0594216103687414,0.204226325225769,0.0883807936688932,0.020502297233729,0.10575132721991,0.0247927375892957,0.0896822975769286,0.0103100476312695
14834,5403,0.0458405654059043,0.246197083527274,0.299710387129651,0.0832081714943188,0.0392022854110386,0.0607218821934761,0.0349199551656459,0.0290149096108666,0.0280330858049134,0.017811017963882,0.0711720967347808,0.0441685595582481
12626,10229,0.0728577014885997,0.147999322881737,0.350452298005719,0.103934878505945,0.0148709291081284,0.118627979821404,0.0296111019529603,0.0165002367303719,0.0389079227768949,0.0579539236506986,0.0311452353367971,0.0171384697407435
11394,17706,0.0526295041733466,0.169326501006331,0.172898534495791,0.107579996697752,0.0707372920553995,0.0696427404756574,0.0497774359097699,0.0568418269696675,0.055860386854394,0.0797601186129021,0.0769916225944087,0.0379540401545808
14555,4439,0.0400841311112745,0.135819251700608,0.307930029243007,0.104025988825719,0.0220333409662495,0.231001634339035,0.0221405735407121,0.0432327680525026,0.0186778193169987,0.0139353816391083,0.0441636266771053,0.0169554545876798
15120,9742,0.0415824145055,0.153290129391195,0.25719250774205,0.0916145465635416,0.0400042205838624,0.104958119942809,0.051571503301009,0.0391458777595855,0.0522061266769351,0.0528394396432037,0.0777577923768224,0.037837321513486
9036,16023,0.0576997439198976,0.13956733800288,0.197531031124627,0.163511872336932,0.0405218922009327,0.0702881905592095,0.0529957586230907,0.0377281635461909,0.037483995661842,0.0221885994801081,0.163849588474401,0.0166338260698875
8740,6862,0.0529099568455987,0.19180182721353,0.304157198947033,0.102765841475501,0.00456185731827513,0.0683250312997656,0.0487800096717723,0.0147189758636009,0.0627926985239661,0.0335669244926073,0.0791868530233824,0.036432825324968
10286,17708,0.0696457820602876,0.121643777632568,0.147238233950867,0.0798446007789432,0.0117568010835255,0.0729265617025928,0.0403942197352222,0.0621667888470417,0.0977746369831608,0.0776926451309695,0.200909311650115,0.0180066404447065
14297,14083,0.0475576642792914,0.0350934259531856,0.0699198213848529,0.0796027031941842,0.010052792658251,0.078138753686502,0.0565501457115499,0.055817811523951,0.106462743057499,0.212774735164236,0.236573144689104,0.0114562586973925
12217,13364,0.062741573243485,0.0523758021646315,0.276443841713786,0.0803159759851535,0.0900446512951442,0.0651795259836664,0.0395022266491705,0.0151656841228148,0.0518277137424855,0.0384568305886859,0.153076997676351,0.0748691768346259
13737,11191,0.0439067982388099,0.108613596317638,0.346467843958726,0.0634125763559851,0.0488651608189321,0.109813505466333,0.05600439601198,0.0316914793603019,0.048713645574746,0.0389951717190939,0.0817710511508334,0.0217447750266203
17334,8291,0.122074151889373,0.0569271578765837,0.327251483524106,0.0660175601540127,0.00910677779076539,0.0984060744689349,0.0675263537331269,0.00996790545699696,0.0799225857756699,0.0779217777182237,0.042511129134431,0.0423670424777762
11093,5652,0.0547957080834664,0.114973231208532,0.283424232020518,0.0811672492209287,0.0296642222884873,0.0723328144533377,0.0530223625884728,0.0375971198374266,0.0434285459527577,0.0749917223619287,0.095775515325042,0.0588272766591026
16651,13355,0.0505843641942904,0.134326202434847,0.252085342725065,0.0840181707963169,0.113440726348796,0.163170768253755,0.0218785790408091,0.0168308181702536,0.01647688902984,0.0284197028034894,0.0927281920451204,0.0260402441574164
8336,12890,0.0342131806515781,0.20973336438086,0.296719424383849,0.0879001323610597,0.00805394733667067,0.0899848622239386,0.0238908126322332,0.0192826199013215,0.0416980606735285,0.0526127361594024,0.0990971960204085,0.0368136632751499
17894,11183,0.0329819986641025,0.246732654141952,0.226022691967702,0.0681366113830712,0.00423003346377783,0.16270742466457,0.0389107267564136,0.0448745117264104,0.0319464084967457,0.0324828039596665,0.065386437885024,0.0455876968905638
13589,6611,0.0594204899918627,0.149420687826384,0.351154139137813,0.0767681874618292,0.0119667741841525,0.11442149138181,0.0448228938362521,0.0284365921478524,0.0504054441172043,0.0147924367207436,0.0522413558144075,0.046149507379689
14855,16011,0.0639483650325101,0.100928145830241,0.193846468298934,0.0932226509800253,0.0342889925019054,0.0677512012646273,0.0466827398891638,0.0470612106645333,0.116892536960794,0.065181961124559,0.127472094395998,0.0427236330567088
9576,9271,0.0582608268109053,0.141011048218636,0.254056326870352,0.131745831683491,0.0698191233170761,0.135613016327976,0.0335278266253802,0.0333813310719946,0.0262095341096658,0.0167484873084345,0.074681417989443,0.0249452296666463
13180,9746,0.0348497237005429,0.0876654845179921,0.30930462107676,0.0677005497314167,0.0270599631723623,0.175242963616536,0.0392137630163145,0.0275055171950682,0.032649974736193,0.036693682532098,0.113124271049112,0.048989485655605
16092,10946,0.0543587049892639,0.126184134620914,0.219647745970464,0.109571645156683,0.0567247435748477,0.091140161728421,0.0264597744710007,0.0391533185466497,0.0833112076057743,0.042176597152386,0.106417391918176,0.0448545742654198
16373,12874,0.059092779737947,0.0612820873595716,0.0872290546066682,0.0854501323796251,0.122550127440831,0.0783663524250233,0.03455598585423,0.0306910492401407,0.0757181943607666,0.249216780295922,0.0758090493141904,0.0400384069850851
13749,16978,0.0668266759403277,0.110278987149499,0.17083224441156,0.0811666677423103,0.050742970864755,0.2457527415854,0.0212238862932038,0.0501745314513532,0.0474665093185803,0.03156391753831,0.0713562850263035,0.0526145826783965
13452,7335,0.0344051257316884,0.293166928154883,0.271137950176989,0.0837497415375801,0.0238696122625058,0.0894154199224696,0.0448723285254969,0.0140997501150876,0.0396289786685093,0.0160651802702135,0.0746886356988998,0.0149003489356763
16647,11427,0.0442798200567614,0.195927038103806,0.232614840567823,0.0731210204859728,0.00495325425868165,0.127173787707162,0.0317246503573918,0.0344150980188246,0.0541477751842203,0.0426046652437556,0.117703935364867,0.0413341146507351
8335,11926,0.0288768914478703,0.0926221087409812,0.180183153801599,0.13367227879074,0.0149991393652874,0.108618352753297,0.0653871575165302,0.0417844340505417,0.0502030783890852,0.0497040205322044,0.153933257449784,0.0800161271620784
17065,12631,0.0382366811884516,0.114975504179462,0.154275635436759,0.0826702056326278,0.0827144247760644,0.13983681166904,0.0468537613595167,0.0521748733132443,0.0493229622250643,0.0644747980715348,0.126167730467478,0.0482966116807574
14714,14806,0.0589124325612798,0.0781799394620865,0.21528856229794,0.0873438949835156,0.032991555357059,0.156376245834596,0.0434766084740807,0.0360669457430396,0.0648512493894617,0.0708405369317285,0.0981751284860839,0.057496900479128
7919,12168,0.0706566074730233,0.0745025139948242,0.295088502550388,0.102081734648772,0.042330382831999,0.188929040378002,0.0308195176537338,0.0277569034479068,0.0198044610377862,0.0904909509908364,0.0393205288639596,0.0182188561287689
18727,12146,0.0244200098610584,0.18026772716292,0.146133915496104,0.109693813665593,0.000407013687750274,0.121139641549578,0.0333031356219768,0.0390586335065356,0.080962583546135,0.101120027086856,0.119946030033048,0.0435474687824434
9159,8549,0.0296942142749877,0.116005019908381,0.229619289751161,0.100107031064206,0.0475089713136088,0.141152730273709,0.0658968768506323,0.0425361682820794,0.0258863519194787,0.087187466824472,0.07400494788038,0.0404009316569046
15115,7331,0.070111894784056,0.108077882782142,0.228100218210895,0.0591980829533235,0.0442189223396382,0.155902327541558,0.0383245454585462,0.020007678289688,0.0363163382533137,0.0326538527426755,0.188604510976543,0.0184837456676207
10551,11921,0.0940730096114706,0.103799504949067,0.222272480587923,0.0589252134055675,0.0113802244517867,0.140655783352465,0.0450870120842275,0.0255659016405627,0.0712489195048823,0.0958312972241281,0.10602082054177,0.0251398326461499
10818,6617,0.0609822444288972,0.203509335435647,0.285657119322436,0.071880804015392,0.0522364670884598,0.0801780354870243,0.0479846423911815,0.0311612796565941,0.0341423812972385,0.0202140648652162,0.0855500159698129,0.0265036100420998
18450,12146,0.0548659012935968,0.0273062347122847,0.0195105053073623,0.0295775021961721,0.00696520559970054,0.0428493850563158,0.0728361191970402,0.0284814072684383,0.214595744174438,0.460332493743888,0.0301680527072646,0.012511448743499
13470,16496,0.0238136627858136,0.199609691016231,0.162984127302534,0.144652189693535,0.0479992491882208,0.151999841585489,0.0181042682147096,0.0448450177580765,0.0370196680622219,0.0583858563161642,0.0686191917105772,0.0419672363664276
8894,14335,0.0461458243186268,0.18535139225452,0.308233784263325,0.0674806730803022,0.0328802688084529,0.0812755894490394,0.0375391893420109,0.031361392301144,0.0452442959018534,0.0119314850542279,0.114571570284685,0.0379845349418122
8338,13854,0.0329499623361248,0.13305668197494,0.274640930609952,0.0718699795658104,0.0631161870004818,0.151916148263099,0.0415585155421249,0.0208786178203623,0.043575679569944,0.0288057479712968,0.0814828411178214,0.056148708228043
12620,6854,0.0481522389080739,0.249274959544964,0.266020501777578,0.0693621664304275,0.0218042572016891,0.0732351459482736,0.0448702949585553,0.0134596472308515,0.0784164092825626,0.0132966402431967,0.0991217910710253,0.0229859474028021
10540,6135,0.062908744787837,0.116723792266959,0.341543058725705,0.0619071881597651,0.00861429934719961,0.15239505643109,0.0567702588797224,0.0248835972109145,0.0208745197513025,0.0213481110688524,0.0952278943772513,0.0368034789934015
10547,9510,0.0604008527565298,0.142558712603046,0.288257687576577,0.0935514639031785,0.047423262255394,0.149111206865776,0.0434492131941279,0.0126068751916592,0.0376585002487804,0.0076224323126429,0.0871847949558536,0.0301749981364338
13444,3477,0.0541416711332873,0.205049618668882,0.234485702157706,0.077809288508771,0.0186634157840228,0.0565938681114243,0.0408272400808076,0.0371433526116279,0.0469865509359546,0.031446738869785,0.141333100220557,0.0555194529171745
17206,13836,0.051379178700199,0.132822455091367,0.144386025068784,0.175606211369586,0.108194541355238,0.135059384686427,0.0202777451978144,0.0290282139957519,0.0322634769832668,0.0237097725575143,0.124910167661329,0.0223628273327227
14576,15047,0.0706216889157403,0.0619149896113038,0.219970573990582,0.0635330223449213,0.0419536732184514,0.11647641778201,0.0730852919181173,0.0484613179479249,0.0680829780042591,0.0582885240265704,0.132529983973354,0.0450815382667649
9861,13128,0.0357678064724164,0.177935559557202,0.317654601891952,0.0667528169081695,0.0436169576563676,0.0945816205864138,0.0448582136644929,0.0253555399279835,0.0329343844366952,0.013209657523403,0.0807138163060766,0.066619025068828
10951,3964,0.0583612213465844,0.190545413478489,0.287137993591922,0.11155742539554,0.0317115318159441,0.0995199816511282,0.0194227060234009,0.0385439577734235,0.0173436838903444,0.0101107377335018,0.0980198408094435,0.0377255064902773
10262,5653,0.0459744748255414,0.210018429428564,0.260941972206197,0.191686409777121,0.0249466323063594,0.133513235274004,0.0198456578160387,0.0147578552738147,0.0359222652241025,0.0102990501819607,0.0260444322221946,0.0260495854641019
14002,5405,0.0496914417410251,0.141690617597202,0.238904130078553,0.131335662303645,0.00965549906624044,0.204838376287364,0.035926188439128,0.0173072013657697,0.0366706168078589,0.0489402598159329,0.0589464394985022,0.0260935669987789
12345,8301,0.0610193818519175,0.0842831602538016,0.37014913675081,0.0998600006519244,0.0369280928622656,0.137481981708673,0.038711871719073,0.0142619230864312,0.0279224450918355,0.0301973556300008,0.0677388016232466,0.0314458487700216
17760,13835,0.0565345828045448,0.111249954542441,0.292350042197431,0.0520386352799672,0.0224999621860946,0.12950439899874,0.022959953607808,0.0515569310527908,0.0471160445705927,0.0441947303072635,0.103267630622388,0.0667271338299387
13178,8782,0.0463333203633939,0.177556596984866,0.278429978239955,0.0735264267760756,0.0691310437319138,0.0785061059315205,0.0327255025732517,0.0313491399496821,0.0331606498218326,0.0408015933239708,0.0815185448095238,0.0569610974940144
9307,13129,0.0347905568041106,0.261040222761616,0.275233412935982,0.0960548426866569,0.0197604280620338,0.100197934713057,0.0406333144709956,0.0177877603653526,0.0434546924485727,0.00650218192136473,0.0502508559333464,0.0542937968969117
13869,8057,0.0266956833474097,0.179942789500853,0.243187017248213,0.105471845525965,0.0863086164485953,0.148768162495262,0.0392508090943678,0.0248514715189654,0.0358307332304206,0.0252487017479412,0.0491200207287431,0.0353241491132646
10270,9993,0.0489271352922501,0.061637443312643,0.344682372964264,0.13660003813889,0.0587493187460337,0.103266202393571,0.0374822284940903,0.0164933336124212,0.0415416027590416,0.0588414128068985,0.0716168564647298,0.0201620550151663
12892,4443,0.059399383608382,0.265636263864851,0.255092723314402,0.0574587516462621,0.01067035219461,0.0832211122187183,0.050014463541204,0.0300488028558514,0.0411210346925091,0.0145962057788971,0.068669441926487,0.0640714643578263
10680,6858,0.0451169996209659,0.161896095888515,0.307449124425424,0.101172348426609,0.00765513434372483,0.102401370805364,0.0524150901955311,0.0165278135134075,0.0684235293015981,0.0101442524948866,0.0804440897016956,0.046354151282278
15130,15046,0.0420348216077232,0.170326073232665,0.150558414444846,0.101358839257896,0.128150244539664,0.0798506692610686,0.0466182627202897,0.0293722402113974,0.0652763831449903,0.017252848721344,0.143718449975026,0.0254827528830896
12915,16015,0.0607953838160266,0.12897085225205,0.293519370484521,0.0992903828569339,0.0131415011658355,0.109700819032988,0.0324616541614945,0.0250134887653273,0.0276017225720501,0.0760224084218236,0.095817699942834,0.0376647165281159
10955,5893,0.0815738796720963,0.178717651857199,0.258246466372804,0.0870395729563422,0.0192626627666914,0.112165744758519,0.0399133654054327,0.0266298608054006,0.0274867528608072,0.0145466101843055,0.100637309261265,0.053780123099137
15826,16732,0.0403709318947722,0.0512845727797873,0.113262070896458,0.0308837752047121,0.0246550102490028,0.0574166243789788,0.0413768408979111,0.0173272303429611,0.0724394615772364,0.486998330157169,0.0429591487088506,0.0210260029121615
10973,15054,0.0388092739683478,0.0184579377407645,0.0177450691657709,0.0523351433916626,0.00991980223019956,0.0353943873639513,0.0346440919233531,0.0215733471342695,0.0850462415698092,0.183621377536193,0.490570113076653,0.0118832148990257
10832,13849,0.0582714265432095,0.0435024880552657,0.0241519881149127,0.0722360658053255,0.0341302249194813,0.0773739981509783,0.0486174960349008,0.0592376751220849,0.076089783434711,0.0460262910768012,0.440365150010648,0.0199974127316809
8463,6862,0.0410002383919342,0.209709115032766,0.301206815456797,0.076826084554587,0.00989307062882472,0.158957426341741,0.0271212978296721,0.0244077408310074,0.0298503584017831,0.0346978763237688,0.064594441804972,0.0217355344021468
11512,7338,0.0644677127837748,0.155519943739547,0.27570220302739,0.121828830071237,0.0609582364966728,0.096469268274704,0.0296519228071773,0.0321149896294583,0.0490324967733414,0.0146037708530263,0.060408287025011,0.0392423385186612
13317,9022,0.049778943118782,0.16898453062447,0.28198777592713,0.0654803210991383,0.0684201880356017,0.135775884409901,0.0366166542063017,0.0116801419801956,0.0246221050803685,0.0304132945408539,0.0865982893261677,0.0396418716510898
8480,15542,0.0408684544209289,0.0335424077454064,0.180341012512825,0.0830045530808761,0.0334062661902143,0.10132755424673,0.036187301641028,0.0236401611813722,0.0812687807415376,0.26968333056749,0.0855873818088355,0.0311427958627558
