"x","y","Mural cells","TMSB4X high cells","Fibroblast cells","Valve cells","Vascular endothelial cells","Cardiomyocytes","Epi-epithelial cells","Endocardial cells","Erythrocytes","Immature myocardial cells","Epi-mesenchymal cells","Macrophages"
16790,13596,0.0313500431415454,0.0058144559504295,0.0750906073063682,0.0296783417232813,0.063379214147486,0.24783410151789,0.0364413460556171,0.211229804096853,0.0882597414617967,0.10286866901373,0.0841812471572979,0.0238724284277048
16103,16250,0.0219063892689141,0.0151594999413526,0.0418874281067592,0.0152051774799701,0.0580198774384394,0.268830545743363,0.0192885023056059,0.177508776759019,0.0726846691215818,0.104547036558779,0.153479939623587,0.0514821576526286
18589,12387,0.0119746747390895,0.0343693970377887,0.068319615796896,0.0157060571379886,0.0237003343680488,0.104132910864425,0.37530246009791,0.17068964945035,0.0735649780975664,0.0548609042062958,0.0216237806345371,0.0457552375691055
8477,14095,0.0332063905772475,0.00308462138410574,0.0192371045159629,0.00316719509063331,0.144614895934881,0.242966276107246,0.0065172566645248,0.146801063313717,0.115813527665383,0.159670782211183,0.0905986454269647,0.0343222411081514
14165,17218,0.0303737411326075,0.0170311486960639,0.067438552527649,0.0959934700122975,0.107223601941648,0.232986817189847,0.0201053935182621,0.12757163745013,0.133465640749669,0.0616839364963532,0.0614815757736206,0.0446444845118531
13596,9986,0.0500894547484061,0.00486304330299533,0.0281233986910917,0.0126889227565947,0.0490503783880731,0.185542159083217,0.0256038250902577,0.346780629738197,0.111105641773104,0.102591568399031,0.0762810342153171,0.00727994381371577
15273,17216,0.0416072561820075,0.0530016040243484,0.103695773302486,0.00945457476566864,0.0309160086882751,0.0808195620202219,0.0469559283469707,0.377967262266727,0.044469834208668,0.0604799263990284,0.120443984437032,0.0301882853585668
10840,17707,0.0177059845212846,0.0257045924968758,0.0167438047831944,0.00609191364880627,0.149358640613999,0.235291079045537,0.00531158695436341,0.399690854420794,0.00766718986732723,0.0466968304244638,0.0756810682318405,0.0140564549915136
12364,17463,0.0273385324504034,0.0761631886010915,0.0763329970925602,0.0434542327635899,0.0367209467605723,0.10898192668466,0.0410664837511651,0.39711744605807,0.0403615031170314,0.0503360746663671,0.0434734398818684,0.05865322817262
11938,12401,0.0671593955828671,0.00949310284877213,0.0836038389742568,0.0196954482100884,0.126729111762379,0.108127990003583,0.0316564057053042,0.175384308456876,0.0708394328592413,0.116935643217988,0.155341774090019,0.0350335482886253
10145,16503,0.0228150586905512,0.00650432844183129,0.0237602090640418,0.012899978546291,0.0872920978756723,0.2031725820229,0.00705865301338167,0.263330750652103,0.0763350496806342,0.103871527292297,0.101108803899083,0.0918509608212144
10280,14815,0.0056665043907674,0.0189684472114791,0.023545416819421,0.192976825254527,0.0405956091985168,0.0793633302403833,0.212521997537206,0.159992298810411,0.0496736589798266,0.0821527240662642,0.103703239377298,0.0308399481139
11235,7339,0.0209995655400218,0.00646560938876328,0.0673782416888995,0.00906005975330176,0.0350311026281151,0.180653921735425,0.0280392535086435,0.446236617104381,0.0510951678575414,0.0828063868882015,0.0272381104883422,0.0449959634183632
15679,12152,0.0804005389890356,0.0119985872314885,0.0705503626448624,0.0271804211226611,0.0728210172670436,0.131388413139567,0.0506735744058294,0.214738153052345,0.0638827013352215,0.137108190976652,0.093366052461007,0.0458919873742862
15955,11669,0.0626030155675212,0.00871446632349298,0.0604365288608393,0.0155382816900643,0.0583660192160259,0.104522915641851,0.0453266344320387,0.401924200025377,0.0330269471845716,0.124130553035814,0.0607207999115348,0.0246896381108698
14833,4921,0.0307659619369556,0.00382080222115002,0.0249469524599818,0.0116685502529494,0.0313364993790995,0.257051298523892,0.0238395917956028,0.423715602479867,0.0565972576487166,0.0742866399212382,0.0311101844924102,0.0308606588881375
12216,12882,0.00901401086708581,0.0100078299968981,0.0619325747825704,0.0109273809096536,0.0589460598590171,0.230517125235464,0.039816879398087,0.287112222749661,0.0128064711735871,0.108502475551579,0.0892382701687367,0.0811786993076598
17337,10220,0.0604262291251647,0.0203237320140377,0.048789572795902,0.0221634181596885,0.0871221062822118,0.307836489569801,0.0542158886852668,0.145274453460837,0.0216186030007609,0.135393705890787,0.0260206824507701,0.0708151185647731
13605,14326,0.00231014575299225,0.00916029704324609,0.0404161238334541,0.382074732306142,0.015810929582952,0.03224949084594,0.293159741554057,0.0431760867946583,0.0436508860540294,0.0396071535783183,0.097234817174802,0.00114959547940807
14719,17217,0.0316568709270045,0.0715126271733465,0.108283988996294,0.0701079739183935,0.0856950274406588,0.0959441202705953,0.019891689992252,0.18115369988825,0.0733919894601003,0.065694533141942,0.153029525234008,0.043637953557155
10413,12163,0.0244156360199484,0.00262287221093219,0.0690865763401211,0.0168910678485316,0.158411553790994,0.173580106421499,0.025875234011671,0.212782519242003,0.100708010966175,0.112665941459349,0.0237402568612672,0.0792202248275093
16653,14320,0.0138156475422687,0.00703732348289818,0.06840625690792,0.0660363724796804,0.0662722438922705,0.0985269956326029,0.10048570910283,0.199161745326608,0.130813979725663,0.0966007143803569,0.0935609971951119,0.0592820143317896
12200,4685,0.0455148242310226,0.012170678457692,0.0261331170464519,0.00947199724301453,0.105048141365466,0.149350927021029,0.00994103654000492,0.403833565219038,0.0373550026669944,0.0788867132351917,0.0945292478583558,0.0277647491157389
9715,9512,0.0352356212217803,0.00271175308834822,0.0221077113845574,0.00726677838585076,0.0597681709566965,0.272729315178506,0.00960446065865064,0.362040642449431,0.0344642500211475,0.0649684559740355,0.0968925556152744,0.0322102850657221
10686,9751,0.0372328662908925,0.00601613083823984,0.0420461580718617,0.0163853908706676,0.105101751346968,0.119272312475638,0.078226722842527,0.300474520524665,0.0703431572607915,0.0873811862623581,0.0919738673754147,0.0455459358399753
14556,4921,0.0406272785861643,0.00824279840882459,0.0449894110140005,0.017038694606864,0.140452783089441,0.099739801811111,0.0175485519805291,0.336467649908731,0.0378136774785422,0.149899656522333,0.0837276743410993,0.0234520222523605
15670,7812,0.0578207435336243,0.00707113870889081,0.112725227627062,0.0201547160427891,0.0530116336472079,0.163990498210065,0.0212207180111932,0.376856342762499,0.0225672575577188,0.0890263948341086,0.049540656505389,0.026014672559452
8466,8309,0.0147336161051788,0.00448134155504093,0.02817178517892,0.0165100635997353,0.133674058207755,0.216600676153079,0.00595689150775875,0.273648882962592,0.0450392042645005,0.120426387315358,0.0670190721914175,0.0737380209586642
15543,13840,0.0220785681295821,0.0240338021702708,0.0380101948205392,0.0998871401398013,0.16400001903873,0.176973932226948,0.0140046294588357,0.0897673769860682,0.0960306858588765,0.12308973565511,0.0732255194998369,0.0788983960154017
11643,3722,0.00869580296993978,0.00318899326268706,0.024295223894021,0.00816834258761102,0.03690443923938,0.182292540848841,0.00834033879916809,0.495097481270074,0.0670005232971298,0.107624934706752,0.0310074434396902,0.0273839356847058
11923,5168,0.0508329181581017,0.0115990400040787,0.0391089665664014,0.00409332299661425,0.0764038542143451,0.130314504204515,0.00843662612442001,0.359321935854836,0.0565215945318319,0.0981734953588459,0.141738965934405,0.0234547760516053
18314,13352,0.0124021495666919,0.00377865584370357,0.127927616320323,0.0557078931568215,0.0286690670202232,0.123437535136349,0.375590401956496,0.0499726851747088,0.0335186154712846,0.101710560414252,0.0579934527406381,0.0292913671985092
16363,8052,0.0359103999925016,0.00731481844922026,0.0444747925963969,0.0131546776398048,0.0968174485665829,0.253911789895965,0.0151601983203518,0.3050082803718,0.0116544212521144,0.13528233396204,0.0551065999932717,0.0262042389599509
9869,16985,0.0143038385966034,0.00344643872664399,0.00884747281486182,0.00205756014536207,0.0689814076699455,0.36475149999906,0.00291261221843349,0.401525253782604,0.0467513319482272,0.0654336645189739,0.0142982423085203,0.00669067727076488
15954,11187,0.0646701974064182,0.00586923594045073,0.183259534627034,0.028337265257046,0.0836890536804533,0.0622087342513049,0.0170021443673357,0.331400152083292,0.0529986305129784,0.0647397790228604,0.0662808532850065,0.0395444195658203
12336,3479,0.0447325390544866,0.0321656305965186,0.0578392886770787,0.0127756711326343,0.0565383863107338,0.127131854881564,0.0346229477983934,0.331565078786111,0.00438257391078235,0.0750668663472894,0.186177488298459,0.0370016742059488
12343,7337,0.0397308373394453,0.00136141806114941,0.0289769308341952,0.0153757743691839,0.0397877533828824,0.225797818258116,0.0397437769025087,0.388500534921246,0.0623053214004689,0.0942241785995209,0.0393862119751264,0.0248094439561562
15402,12635,0.017534652453661,0.00878036208081226,0.11030544183625,0.0393550484497481,0.0960014107526604,0.192364675141096,0.0290146627089753,0.24638250603507,0.0479460844382458,0.0943069894451471,0.106804610932431,0.0112035557259026
11506,4445,0.0502606918175249,0.01361609360515,0.0608803205177554,0.0217013853423029,0.0901127426660206,0.236155018292494,0.0168869759067951,0.33351160986426,0.0247795553126906,0.0721588386735385,0.0481106284358505,0.031826139565618
14025,16495,0.0257390919552756,0.00981364106105382,0.13319268064525,0.0331449273266662,0.131893429008803,0.170865894368967,0.0347725559439073,0.119716720568491,0.0382500496209212,0.136869459708192,0.099602996927691,0.0661385528647817
12081,14570,0.000862471465163867,0.0356104347146574,0.00813899898558323,0.422094092530688,0.00294470906929142,0.0436851903656186,0.37706856672384,0.0272120987957027,0.0252762072919647,0.0240266976661065,0.0138071283053211,0.0192734040860623
15388,5402,0.0153015131044248,0.00475947104482272,0.0145837294387297,0.00686621870653065,0.0685708397934101,0.276087167100501,0.0022541896730999,0.491159427636627,0.00923343837954876,0.0605295641787971,0.0287056674269625,0.021948773516546
12773,14328,0.0223885767334034,0.00521810707793953,0.0631567047313153,0.0305365067130616,0.0877358295645152,0.117215114835832,0.0564083632977312,0.246063165664987,0.105297781578802,0.130339789054673,0.0772935260678224,0.0583465346799174
9984,5172,0.0240695216961858,0.0107708358730697,0.0241661397243944,0.00817208262843139,0.0739613543157991,0.256998449316631,0.00961961211739848,0.368412407986146,0.0287086661730115,0.131955287713042,0.0559319959237324,0.00723364653215751
13175,7335,0.0260731006743261,0.0282604193398977,0.0162637364852732,0.0101772613572144,0.0952022889637425,0.176758916506225,0.0156362344636488,0.368403358019055,0.0421722982674058,0.131277538137568,0.0538204780278508,0.035954369757793
10009,17708,0.0183083456617838,0.0049941809462259,0.0480685392848084,0.00581940482443545,0.0410858664883789,0.273715773586467,0.00461879914045512,0.362772722861064,0.0559708963360423,0.109504228730021,0.0518122824251222,0.0233289597151959
11650,7097,0.0325600809854962,0.00646087716075723,0.0317927039595175,0.0159209702609953,0.0692764549207303,0.205104621532763,0.0231902912810108,0.320738133643883,0.0312375503330892,0.107036237009642,0.0754923233984763,0.0811897555136388
15683,14563,0.0259432255639067,0.00398752984621375,0.0711732185556409,0.0169107795849389,0.0674375473891735,0.193448264994669,0.0442481486916411,0.273366706412192,0.115628157252277,0.0874337391755668,0.0447463907766174,0.0556762917571633
15404,13599,0.0185116870167586,0.0158528313907583,0.0832163747401093,0.0555734127824546,0.13246501984814,0.174145106529856,0.0702566315981818,0.16341756924507,0.0208252893324028,0.0740793952272745,0.132897512297082,0.0587591699919123
8059,12891,0.0488205210009851,0.00583265145496402,0.0789835270718903,0.0326150775082883,0.0921452833678201,0.113749161197892,0.0475309958881708,0.335864310445517,0.00792328621663183,0.102587417597429,0.077846303466607,0.0561014647838045
8476,13131,0.0502233159970003,0.00326574934701454,0.0254554478344823,0.00524636507575511,0.132494071762532,0.158862341298201,0.00681615808275776,0.364589139243675,0.0356146566152545,0.122696322145687,0.0483048451592129,0.0464315874384282
8187,7345,0.102010711662105,0.0101670891606351,0.0485746241289854,0.0234255574954982,0.109619475811043,0.127786038389231,0.0181037413186717,0.345604970709713,0.0572879705593654,0.0871488883573372,0.0343425611681773,0.0359283712392375
14137,3717,0.00827187327341583,0.00511569817673466,0.0284301048862959,0.00210773919620628,0.0081216741149224,0.130143778833776,0.507906370655633,0.119270778528519,0.0457912783649077,0.0823445580395522,0.0539625900066947,0.00853355592334143
12904,10229,0.0325743171823196,0.00462555790859827,0.0466588219432765,0.0159572495592185,0.0353826122166965,0.191007312907412,0.00943328629235271,0.302974230629326,0.0857440637392899,0.125593707799918,0.122639410666124,0.0274094291554683
18313,12870,0.0128539203539795,0.0233513096344991,0.0822799655827669,0.0453302114008424,0.00811474012520197,0.101475091312551,0.386110311400134,0.130356144252246,0.025010713559936,0.0897607086750962,0.0673406310000705,0.0280162527026768
11112,14813,0.00640933818133916,0.00457537785657496,0.0137210236591887,0.596404970250899,0.0597091932561573,0.040117929951115,0.00730244602943738,0.0418719614686118,0.0924472017082823,0.0113574378510647,0.00410367797382963,0.1219794418135
8748,10719,0.00865819935628015,0.00176505231592614,0.0331059900509348,0.00368573947547256,0.085178744781979,0.189099589437489,0.0166451163803495,0.452744438602615,0.0783811643631706,0.0807770520126746,0.0418013858779193,0.00815752734518971
15409,16010,0.0246519389524955,0.105498719447469,0.0877018765936256,0.0602694960786196,0.0798698730393756,0.185318307941387,0.0143195447458432,0.132409509045288,0.0784541432278655,0.0781094059848457,0.11954447394839,0.0338527109947954
15536,9982,0.0394293549759342,0.00819330105340157,0.0692714926469715,0.0107553868201315,0.164106243454416,0.17654327819994,0.0116168564379665,0.215082218836817,0.128272614939307,0.125985338349157,0.0207202675770099,0.0300236467089476
8339,14337,0.0492540237345586,0.00256362364773541,0.0435984238146445,0.0167318462099269,0.110201333476741,0.202299685182023,0.025488086854296,0.280351372039529,0.0785267453933755,0.124464714058308,0.0420595186987731,0.0244606268900892
11785,5409,0.0206251636700735,0.0234391240679237,0.0202021781451642,0.0143295930997028,0.154458853144717,0.213635965696898,0.0182634837021731,0.299943692760777,0.0253176517950697,0.0901240678146885,0.0757743116919552,0.0438859144108571
11787,6374,0.02474299753059,0.0228586731819629,0.0719467266658407,0.0162800900774047,0.0304197645685516,0.143521908618744,0.086479761635751,0.379852220295309,0.0638567735823533,0.0572468605697881,0.0724072124707533,0.0303870108029518
10144,16021,0.0151541470453533,0.0066714833248349,0.0160806031819512,0.00668406662940076,0.110630835014292,0.165846531971564,0.00633018119977199,0.2971480576496,0.0289454579606554,0.115224200692581,0.204708456793399,0.0265759785365964
12072,10230,0.0433785151075536,0.00356740990494406,0.0548103184318987,0.0129707665108041,0.113759474095411,0.194843162136643,0.0149755766708729,0.352408339038158,0.0492937089150225,0.0971294782685526,0.0463706335454957,0.0164926173746441
13319,9987,0.0358323279293616,0.0138835369774508,0.0411818271637036,0.0253212688807229,0.109507005073007,0.114557332418377,0.0130510742673001,0.313765066209995,0.103205278721081,0.115795691952178,0.0759471460285218,0.0379524443783007
13735,10227,0.0682946336447516,0.00104169256456795,0.0744135049083693,0.0223066310846473,0.143295759521162,0.210895717851388,0.0274837626252755,0.222084182983278,0.0460549461125234,0.094129683194566,0.0668934283777741,0.0231060571316975
15116,7813,0.0278380843409459,0.0102423287778721,0.0752688640648165,0.00761714294661592,0.0467171008107098,0.191476552425809,0.0107309388304868,0.441563894638625,0.0492380672676911,0.0755381520295244,0.0368497223536286,0.0269191515132754
12776,15774,0.022217710044534,0.00647530523578318,0.0644289136792608,0.0173894522062941,0.0335159071190203,0.285965115365873,0.0142909282692488,0.333451589146727,0.0359372357410108,0.0943737529515852,0.0699944222319383,0.0219596680087247
12219,14329,0.00458355958909124,0.067694579003458,0.0266730746812867,0.545059636886811,0.0034107618785858,0.0421899038048503,0.121035568918444,0.0295568829054639,0.0158022086121804,0.0214019365730357,0.1156673643133,0.00692452283349364
17482,13354,0.0298910397675572,0.00133652470311742,0.0942350218122978,0.0325987724375591,0.089698318270424,0.191012712041446,0.0794366191756092,0.089884047956662,0.0853457195522239,0.17765118571905,0.109836799758421,0.0190732388056328
12780,17703,0.000555815740923989,0.0807761166247408,0.0113443415462491,0.00743076374013575,0.000611394517915572,0.0115060148819382,0.779513857174734,0.0116827069931316,0.0266194471064912,0.00945130565787357,0.0256684297048113,0.034839806311055
12079,13606,0.035211032149962,0.00120265660598654,0.103547096816374,0.0486138903282981,0.0817627765621486,0.119656595878764,0.0239415436867027,0.315189903554884,0.0818399774529811,0.0484689339620809,0.0913784103149009,0.0491871826869176
12765,9988,0.00726214891161867,0.00511405833345859,0.0140377155054195,0.010669880527177,0.105734066149076,0.309187665289468,0.0065627815117328,0.271139870762741,0.0877823354163967,0.11394052455309,0.0482387237197039,0.0203302293201173
13884,15290,0.013737632524949,0.0109775641940146,0.128983629279683,0.0408735537338962,0.0766232829439988,0.169665107672134,0.0328177116329996,0.165332476446504,0.103310237068973,0.0824376199036588,0.139719036467412,0.0355221481317764
9297,8307,0.0150641733652519,0.0277791066154786,0.0425318392188426,0.0190549254264505,0.101815738869107,0.159287148113399,0.0337571736453274,0.248696212011804,0.0513572992447733,0.115588390302289,0.104801439637969,0.0802665535493085
17755,10942,0.012567621986952,0.00723136434388372,0.037143967461107,0.00618646429551622,0.0726044407077524,0.208482596018088,0.00985216587283547,0.354832835220135,0.0771680716743305,0.162075546550387,0.0440921076479529,0.00776281822105917
14700,8055,0.036101763782262,0.00368511862169826,0.0538041005017583,0.0189043853262555,0.158795633622415,0.175416500434973,0.0275006632709381,0.268066704669614,0.050247969189667,0.159239473581925,0.0223598883787277,0.0258777986197665
7910,7346,0.0307955500841118,0.00600445358732137,0.0299692606307162,0.00814411544833153,0.0916272634895033,0.152665578386346,0.0433173841714739,0.360567943096953,0.101028574366921,0.0971464313444039,0.0590006451546328,0.0197328002392853
9021,8790,0.0218510159050569,0.00249717207097131,0.0436602791374015,0.0121256633665167,0.0755351119944926,0.24016120498413,0.0167534550746373,0.331177359367725,0.0636833358909624,0.092439079022904,0.0650731638491234,0.0350431593360794
15393,7813,0.0135802406053655,0.0161684849972454,0.0686127149498257,0.0191207970742908,0.0993437232306474,0.099500347160337,0.00920673961526015,0.404814817529532,0.0983063295404403,0.074504403603389,0.0805770424683884,0.0162643592252786
13868,7575,0.02433123889386,0.00584187617589572,0.0537705513105333,0.0132263599791521,0.0292583018044696,0.147665542005034,0.0348097076532409,0.432588607430494,0.0353061564002434,0.12356076332555,0.0816650063565413,0.0179758886649854
15401,12152,0.011889813745031,0.0118889683341526,0.0813451570862651,0.0943646520980532,0.0291838456495998,0.141936180905484,0.243634506509135,0.0864147874452404,0.0987552094142249,0.088620116837688,0.0767128259091615,0.0352539360659644
9154,6138,0.0255293510942216,0.00449747747088332,0.0177460279898771,0.0143832593216898,0.140775414293691,0.11634432686094,0.00767530010384373,0.460527121468986,0.0141425719415678,0.124716561205346,0.0547689372202084,0.0188936510287451
16649,12391,0.0578633235577117,0.00666759233780647,0.0735429547539957,0.0223785203543299,0.0999533015733624,0.0956242796080323,0.0249195126317295,0.333018441565511,0.0652768765786248,0.131452748495181,0.0427115945195246,0.0465908540241906
9314,16504,0.0647913265202262,0.00702132106140511,0.0618382265486697,0.0189503242570325,0.0465336625285604,0.126550821275107,0.0373073268531515,0.301254160270388,0.0505799332655797,0.0926534969386507,0.125884391475386,0.0666350090058442
17064,12149,0.0184456905279488,0.00312830477204932,0.0515101880008373,0.0171758532056819,0.125510224595759,0.195748419826164,0.0212778626385031,0.431990607791419,0.00507646868248757,0.0888144104044961,0.0132631325559087,0.0280588369987455
13743,14085,0.0534514048221757,0.0233159690020857,0.0716880194605588,0.19298788852371,0.0554129617620205,0.128398603693689,0.0671949816247287,0.115711733428418,0.0303475161825041,0.0481857255971586,0.106650158722827,0.106655037180124
14438,15289,0.031585861173025,0.0117020084427499,0.0683135603292529,0.0287152739956101,0.0220971884293009,0.175164470043405,0.0932701252687609,0.252456479442855,0.0537530838972863,0.114739336568087,0.13550031013624,0.0127023022734276
7923,14096,0.017914549786429,0.00958898359878867,0.0769521010487246,0.0110834051531886,0.0593011969479405,0.0944661852167849,0.270347745782104,0.218835499457672,0.0300267958229532,0.0580929417067595,0.0999209871961098,0.0534696082825448
9032,14094,0.0508318783492656,0.00577428208559277,0.0417702017178815,0.00537798292451364,0.0964211551835939,0.184029770418874,0.0159005922097855,0.379442502618524,0.0534794359760343,0.092836800763248,0.0496702020476393,0.0244651957050473
14572,13119,0.0233746794912493,0.0513903029779957,0.0228069455461184,0.698091527378005,0.00473411085925007,0.0163860220644737,0.0795689848507416,0.035455459119069,0.016157903783379,0.0116315952479323,0.0228484877035201,0.0175539809782656
10558,15296,0.0133630986275231,0.0155510142240463,0.135272129748394,0.0641822722166468,0.11785795380002,0.171732999907088,0.0500609941812664,0.27106104470062,0.0404874030557185,0.0585417734086029,0.0240406007727261,0.0378487153573485
17759,13353,0.0360399417606395,0.00227399012211801,0.117721714796764,0.0112999647581687,0.110405606209232,0.219386025848953,0.0235947983508636,0.0892645163503282,0.106676453859496,0.0968680188682381,0.136102750991139,0.0503662180840602
16640,8051,0.0776867492323694,0.0385725790757609,0.0694908022215737,0.0519855811401573,0.0583319273427437,0.168222519338216,0.0307058006709412,0.266149543975018,0.026195262445587,0.114549673599563,0.0560481047671458,0.0420614561909231
16238,14562,0.00821984429560535,0.024070226478504,0.0336510570833175,0.0156178301057595,0.123996277254235,0.108972672222064,0.0338338783324416,0.360837441357678,0.089303145579071,0.080371407285669,0.0299742720998431,0.0911519479058116
13598,10951,0.13289458411086,0.119845179783163,0.0878288284836714,0.0393631214472686,0.0780823179330416,0.063890212905093,0.0777907495756615,0.130138772990077,0.0435835942841194,0.0858782857333834,0.120665160731077,0.0200391920225836
18449,11664,0.0256653974755024,0.0183169759406283,0.085982966905689,0.0491697709637594,0.024162913891289,0.101077739456353,0.224181337613832,0.221189938893815,0.0491297702097921,0.0545246580861002,0.0688031870697969,0.0777953434934419
14166,17700,0.0294132088614953,0.148645750840239,0.0832722943520748,0.166706370185846,0.0580669390109961,0.11313281124519,0.0451768628651484,0.0811981005092745,0.08576705132944,0.0282497408544121,0.0562171962568027,0.104153673689081
15396,9259,0.0372341844364285,0.00400108662733293,0.0768314760354313,0.0277013689543202,0.0808307670300887,0.108300832460789,0.0148004280806062,0.367126891430108,0.0607211831931551,0.0785255943024764,0.037591243641632,0.106334943807631
13462,12156,0.0296209446068952,0.00846105395414916,0.0583812985294641,0.0229338267873707,0.107075246161957,0.177191406224332,0.0159234370371847,0.284888416692012,0.0966616853392484,0.0896636360400162,0.0947830525188711,0.0144159961084995
9156,7102,0.0433570882616262,0.01057583039238,0.0417441424630756,0.0158827770234884,0.0540020641275482,0.154157184024213,0.0211637875353887,0.455835060019112,0.0218810576414673,0.0750676052923281,0.0358957493252335,0.0704376538941387
15530,7089,0.0669231596540865,0.0060538623220464,0.0551841809981235,0.00909822325262685,0.0555547460622475,0.233729760948004,0.0681145951468698,0.239051938341518,0.0372798048266477,0.119473481882919,0.0906673391258651,0.0188689074390447
16639,7569,0.053617556084906,0.0493776377833322,0.0560116245419441,0.0290672785729506,0.0734978613233748,0.103903018206072,0.121490268684747,0.205529319296013,0.0609206721773499,0.110168397355234,0.0732804991847014,0.0631358667893755
10820,7581,0.0307641643216654,0.00365663652779923,0.0737933142145112,0.0162164339534788,0.119629634711501,0.15507437423512,0.0271001146843513,0.370300258111086,0.0121619179139179,0.0879083800611189,0.047149839066903,0.0562449321985468
16082,6124,0.0134168760391359,0.0460853322846765,0.04181513686652,0.030689777328801,0.0834372096208627,0.136948677523023,0.299219768964226,0.125731755137411,0.0376805164776684,0.0731613033373968,0.0516927100050116,0.0601209364152675
9580,11200,0.0123014897327553,0.002099927374124,0.0246868084228637,0.00849936912046123,0.0999297465490685,0.133933034111155,0.00391410302111064,0.364003592513669,0.0950801678838301,0.183521969029338,0.0442081843625093,0.0278216078791147
11806,15535,0.041360451153232,0.0278467734759195,0.0688285539334059,0.0688181084419806,0.0541810730642661,0.13869361754471,0.134995928110677,0.159087008838452,0.0758192592554579,0.0830036661526586,0.072820024520183,0.0745455355090573
11387,13848,0.0238046083999055,0.104166466992347,0.0220410132092409,0.552685424103339,0.0168720546931945,0.0197209461911605,0.00823476504645911,0.0874194819805182,0.0601245292030018,0.0138379414236933,0.05828462292922,0.0328081458279198
15253,7090,0.0658877029116011,0.00791477390177452,0.0495252857676998,0.01140748227402,0.0323665723121766,0.28895017952687,0.0226346101477408,0.321037891411466,0.0414391582855189,0.0578107917691641,0.073473432188348,0.0275521195036204
10701,17466,0.00607010140717179,0.00458966644327657,0.164358612612786,0.0692139489876725,0.0323915837419059,0.265870960947447,0.0366206212282925,0.237784271293258,0.0202045631199829,0.0612368761763975,0.0854151731772725,0.0162436208645366
13195,17461,0.0340995791265299,0.00237469690820456,0.127930321193232,0.051550758737166,0.124535147950618,0.173436677036598,0.0464413807720835,0.213152979925484,0.0375555673526315,0.0555425924791451,0.0868173200948796,0.0465629784234273
11386,13366,0.0145222176354539,0.203048515841852,0.0380708104768604,0.316983385671325,0.0208754183295893,0.0177869503666462,0.11633878800388,0.115892117667262,0.00287418609433218,0.0170620629554233,0.0775538397534235,0.0589917072039518
14155,12396,0.0615682533211539,0.0410802352331593,0.05402041513729,0.0405499604629483,0.107556367879167,0.255059732232959,0.0210953544356538,0.181492673047415,0.040943429517618,0.110350451375058,0.0771979278479077,0.00908519950967082
15248,4679,0.00363390695752402,0.0104772364187533,0.0174058999640753,0.0465023208723262,0.0572957583081563,0.137364951115094,0.2534475207739,0.277534725504575,0.0303376278159477,0.0696686941749799,0.0441199692140195,0.0522113888806484
11921,4203,0.0676831414518368,0.00329646864302286,0.0580842192827006,0.0097067528169905,0.0409345194255011,0.205683932190788,0.0289362315615224,0.382191099831142,0.0235256076131587,0.091233287201428,0.0834584914142855,0.00526624856762302
16104,16732,0.0249442603700716,0.024232228562404,0.121399892327859,0.0256860076470639,0.0734279482469797,0.0740516877119168,0.188568383777719,0.177239588950921,0.10552091997813,0.0523132915360354,0.11008841141679,0.0225273794741085
14019,13602,0.0334201087167806,0.0118184040392995,0.0205644868397642,0.0163979809994118,0.0883292876980407,0.251616894247179,0.0117649993388213,0.305011557009179,0.0329941389026369,0.0840511383849123,0.113802560651617,0.0302284431723575
14293,12155,0.0300115604246889,0.19574326945364,0.0148240312504478,0.310877947162425,0.0476587036700122,0.0189309561334208,0.00698941866891281,0.102343876835267,0.0477894640916793,0.0272773590629705,0.154857921606941,0.0426954916395954
12624,9265,0.023638423983922,0.0116423904375357,0.0207485033369437,0.0102224301239375,0.0707426354410215,0.196135102827252,0.00699906917519778,0.367252877013461,0.0451446445412997,0.084422398811801,0.131053997527487,0.0319975267801412
13048,13363,0.0256828867465697,0.00586457101155529,0.0786600886297025,0.0297121627183807,0.0788897885583459,0.241848187717715,0.0246015719670322,0.276023627993167,0.0285012090351773,0.0931230630205261,0.103683341468791,0.0134095011330369
7774,8551,0.0327237239675377,0.00531636083760523,0.0850606570125434,0.0192150967348749,0.108631146509644,0.102003311814452,0.0451494925726546,0.313817027519364,0.0881321100698761,0.108093699068707,0.0654259426015464,0.0264314312911948
14717,16252,0.0225146738883057,0.000645980157220439,0.0947773452766205,0.0504748754942024,0.130042809570256,0.218388933716439,0.0264191252859095,0.188729595250584,0.066105795247552,0.074554010812803,0.0393564719345107,0.0879903833655969
13185,12157,0.038331345109921,0.0131227858349294,0.0596261510296725,0.0153975176794027,0.163410772279079,0.101644026131113,0.0178911464020924,0.310837890260215,0.0692306181595662,0.148827414144969,0.0457644876473329,0.0159158453217058
16098,13839,0.0170870413742049,0.0327319348845675,0.0597266536552903,0.0514683809948295,0.0413476541420969,0.139851943035772,0.0110063609593401,0.16535640305596,0.198219766246603,0.0705779462914169,0.0748227593381706,0.137803156021749
14008,8298,0.0331939790617102,0.00504148917599867,0.0474394315491577,0.00893204374953835,0.0791988946426763,0.222839453715431,0.0188155192299238,0.301258449753463,0.0904286569958033,0.0763517261838043,0.0891076710305664,0.0273926849119275
10404,7341,0.0222938362918489,0.00191705351473919,0.0313574254289137,0.00543163858556886,0.0397440182891588,0.198858704501181,0.017593932758081,0.455501178091976,0.0115370478013194,0.1197786832184,0.0668531351590043,0.0291333463598091
15124,12153,0.0424232328459324,0.0715647515029052,0.0448621071195406,0.0775829381643523,0.116685109547999,0.107531546850293,0.0294204218349478,0.291531956714389,0.0382192808034115,0.0541290066495562,0.0466318743872564,0.0794177735794162
11507,4928,0.0494574105063309,0.00996856445038221,0.0498631045244914,0.0136050967160608,0.0701086360081338,0.229918962796379,0.068689453074522,0.249225662133155,0.0188283788256002,0.108295361607892,0.0613893692988989,0.0706500000581532
9572,7342,0.0220765861688893,0.00377336610777798,0.0226826346914729,0.0072892392057419,0.116860286973763,0.223888015797489,0.0077238386442177,0.361108730726847,0.0567783405143317,0.127891591732973,0.0238361026887472,0.0260912667477498
8603,7585,0.0781613388517631,0.0111367379301611,0.130024430230281,0.0610402548031135,0.0926474078373792,0.108016218686498,0.0217104514509419,0.303712687164417,0.0752819625163013,0.0600126415703563,0.0469333735452666,0.0113224954135202
18033,11424,0.0591855708740295,0.0405989790965598,0.0526404046408829,0.0277265090717712,0.103152994912777,0.0300090353059901,0.364466250719902,0.124594632335578,0.0757041475982589,0.0457165036688851,0.0507303362434159,0.0254746355319488
12485,9024,0.0242774844096354,0.00567724955061797,0.0367568646745762,0.013674055828065,0.0619936954243976,0.162406329868624,0.00866781912100719,0.533362894480015,0.0307419428734091,0.0791508477790965,0.0269762668476611,0.0163145491428947
12474,3238,0.0311824495416417,0.00568980659349677,0.0157197532671295,0.00545394713533574,0.0731541309347461,0.231174651006664,0.0095158960305712,0.384653288713733,0.0499632334400002,0.105504640298115,0.0362843759076235,0.0517038271309442
12484,8060,0.034825090093955,0.00228348934860068,0.0450158127329309,0.00653397331273402,0.0450172570651502,0.155423108742792,0.0138644271667695,0.4432223712225,0.0568616990583146,0.101226431350211,0.0726929060318974,0.0230334338741441
9309,14093,0.0664660226973229,0.0155828865461617,0.0360740048800603,0.0177231758660252,0.0716681648561464,0.159421933740398,0.0164948987045702,0.357544471262346,0.0177864108267979,0.157711497877509,0.0583531063041234,0.0251734264385394
10674,3965,0.0368377017839445,0.00118306764164753,0.0526014703573362,0.0165473996628189,0.102650525296188,0.19477671829132,0.00884960230273595,0.376423544221966,0.0356978402774727,0.093226446080131,0.0262001376077888,0.0550055464766502
16379,15767,0.0230041486626241,0.0282112522629286,0.12569445199329,0.0575009104416668,0.0609028970137139,0.108570579744397,0.0286633185443581,0.269275905253429,0.0890625627102388,0.070123503480043,0.0692110470718141,0.0697794228214965
13722,3959,0.0373919044235156,0.00291248172019512,0.104308512804516,0.0235477674675983,0.0390984116653451,0.0713120352335995,0.0242090627921598,0.340368194634611,0.0377401970237578,0.103050068725348,0.11441396683179,0.101647396677565
14713,14324,0.0173510625147063,0.00657799862778347,0.0938690291742304,0.0470819565020171,0.0577672015408273,0.149683650380688,0.124008252546691,0.243535362706133,0.0345654356317014,0.0614332908453662,0.119393118029948,0.044733641499908
8061,13855,0.0106925073863556,0.0207779621597763,0.0421952197787049,0.0159234158705138,0.0527820305197003,0.084269993078505,0.423060451160031,0.0968339125978098,0.0573933493567489,0.103345876193002,0.0431846412530869,0.0495406406457651
11372,6615,0.0370925372843843,0.00287704664261778,0.155023190057174,0.0533341144007131,0.0518917723406787,0.116787384316458,0.0626982610073508,0.259737599376121,0.0492750061010171,0.0976132976811075,0.0589242827075464,0.054745508084831
10557,14814,0.0296341065988367,0.0469354804122524,0.0755977639552909,0.226789273876334,0.0307895354550624,0.107245491154284,0.107505249115494,0.132515316465828,0.059057414330771,0.0508676486007036,0.0592603862607782,0.0738023337743644
16786,11667,0.0469880546165526,0.00351285121297615,0.0656806087740199,0.0237785507501815,0.0751013678600913,0.252370223152264,0.0270152997143227,0.351022404936354,0.0276536514045244,0.0560094889120635,0.0500852867746394,0.0207822118920101
11244,11679,0.0310518775243265,0.0171950524562765,0.0282867236799662,0.0260572014976058,0.149407370776329,0.169785696670215,0.0136401523980534,0.273250781970126,0.101264072346476,0.0761788303802378,0.0952865651293215,0.0185956751710662
7779,11445,0.0260072556239938,0.00832439630008187,0.0350910177872943,0.0221463461429953,0.121273399788365,0.140241249124382,0.0100979011842174,0.212197414526464,0.10211883782022,0.135770692831563,0.0918301089314959,0.0949013799389272
13878,12397,0.0285146874397509,0.0147131398471815,0.042388550543124,0.0338854246891666,0.116765248686007,0.128820183247621,0.0164819818855715,0.30956504789398,0.065298726480725,0.0923518997638552,0.114210040976348,0.0370050685466688
13029,3719,0.608064939440632,0.0556906515411837,0.0256997446618321,0.0157592619216935,0.0182834199449738,0.0432724485171642,0.0149297279058112,0.144399797882725,0.00364188289688501,0.0375119593180819,0.029753836878428,0.00299232909058964
17062,11185,0.0713138924042352,0.00972556206995196,0.101412659765818,0.0188606785620243,0.072300928427207,0.0695177381513362,0.0366738069596636,0.357634474518597,0.0653987570127373,0.106113803062398,0.0692543370949509,0.0217933619710801
11110,13849,0.00758803674921509,0.300255785085994,0.0298757765594928,0.473271347603723,0.00322137185212809,0.0191130015607884,0.0207070073366359,0.03400590847241,0.0117851239504822,0.00886416506506579,0.0573255572642816,0.0339869184997826
9448,14334,0.0300524876246571,0.00672551363209521,0.076353306038046,0.0174547183249326,0.189806477134848,0.156205279811629,0.00663591658202581,0.248122830937952,0.105974478318037,0.0936886998492941,0.0463997227787107,0.0225805689677726
9430,5655,0.0237336327309717,0.00914128218226344,0.0237377791575171,0.00592832374737631,0.103244461402061,0.190711006492336,0.0106046598141452,0.423760899325702,0.0459433820033463,0.104154713026217,0.035726027713286,0.0233138324047769
13468,15049,0.0206951630095788,0.032962113930939,0.176350616326155,0.0539997109403052,0.0894869694250313,0.0972928843381993,0.0592953874875722,0.116298357902343,0.117319254230438,0.0618517672202642,0.125559845899719,0.0488879292894551
10129,8788,0.017177448436265,0.00628046151040989,0.0294726948637683,0.0250600814885707,0.0692669754614881,0.205829257138643,0.0421669941164554,0.332980794095154,0.0238851021383007,0.0944570683750462,0.0792802224825006,0.0741428998933982
17478,11425,0.0707275870060367,0.00949043200343065,0.0522331967623202,0.0148852131304562,0.0993021146744772,0.0954241125420767,0.0861798440458417,0.279206170768487,0.0462238474816669,0.174147395905846,0.057849032225438,0.0143310534539228
13186,13121,0.00818642914593128,0.0195204873785651,0.0516908284983909,0.016171703112719,0.0630131689743334,0.0804019943864746,0.203247973303719,0.22097852946828,0.079261678330329,0.0978983386597831,0.12653773869367,0.0330911300478055
15681,13116,0.0122424225896332,0.0041662299045051,0.0697262545548131,0.0124300955441607,0.113877032886216,0.110838248413415,0.0137955460406949,0.369996533506538,0.071405228851262,0.111460205601522,0.0675926002614792,0.0424696018457615
10410,10716,0.0280710169720707,0.0085160267694632,0.0437136341644105,0.0137437561682712,0.102865768640506,0.214729396431549,0.0421315824845044,0.292487817871141,0.0184433812066313,0.136703148196441,0.0603780233625825,0.0382164477324296
8473,11684,0.024324421405577,0.00223279560515032,0.0316034580616165,0.0119342212923371,0.127680260646732,0.225664003614316,0.013548198600337,0.310991304068913,0.0308406660840636,0.138409552459869,0.0673361992671146,0.0154349188939744
14563,8779,0.039403334091273,0.0077387736387996,0.0947574287469426,0.0252946268002601,0.0848131993612888,0.175655871192956,0.0391595764096662,0.216356794509763,0.0674550557899076,0.132969132488554,0.0801136867368737,0.0362825202337149
7777,10480,0.036365417064553,0.00584336129797274,0.055176098217316,0.0209381984204526,0.097637218343473,0.144278406123085,0.0172581276548829,0.382510493182757,0.031799550525073,0.122572224623933,0.0455362306981258,0.0400846738483762
16518,16008,0.0336192488446676,0.012058952971102,0.0596342658401639,0.0184670388882624,0.0692498642348814,0.208456334914007,0.0215898058904771,0.246014476307426,0.063231803269334,0.135551739322196,0.108842904973925,0.0232835645435586
11667,15294,0.0258041700995196,0.0591601042378042,0.0699419321857165,0.155000606928285,0.122230802927025,0.109773203169932,0.0354861433320229,0.101731413242759,0.0739884396152927,0.0472163287249272,0.0733736054147553,0.12629325012196
16507,10704,0.0251144612137003,0.0170140023681294,0.177602755931668,0.0438183656550866,0.141261251718177,0.0827268664712763,0.0393277139996706,0.178798947548841,0.0745652535450649,0.101492059447613,0.0415723799367188,0.0767059421640541
9304,11683,0.0229688172724085,0.00133800883466609,0.0383638662729694,0.011976921951087,0.112145769097275,0.184742275016664,0.00861483173725853,0.371648141324793,0.0611886928187821,0.107349667418255,0.04053753737805,0.0391254708777914
10143,15538,0.0262787613752249,0.0184724920193946,0.141283949079456,0.043135062938311,0.0928360824763855,0.125685195808496,0.10016216836124,0.191492114015935,0.0604559299715588,0.0770665464171803,0.0942868342807398,0.0288448632560786
8202,15060,0.0228689200560764,0.0263242743824581,0.0349144184613311,0.0387412820166738,0.0185244691909583,0.0566915984720067,0.496960997618529,0.0610188112789582,0.115582926022617,0.0591002307685252,0.0664638844465595,0.00280818728530609
14295,13119,0.0032462253127648,0.00912313011355239,0.0363318229653073,0.279977996253775,0.0177930282692279,0.0581732162280814,0.301675646604654,0.0345344228962231,0.0644228958630284,0.0469499296415154,0.0689489527843146,0.0788227330675557
11645,4686,0.0388915914463294,0.00810514830714828,0.0303537092685772,0.00631960341704225,0.0653500391312528,0.220505839168191,0.0152451739167763,0.421130470878096,0.00632490591860614,0.11022730261409,0.0538815182588584,0.0236646976750323
11946,16258,0.0247868739390426,0.00777077738103315,0.0662945187173534,0.0344072382610638,0.125634694038468,0.0982589151931497,0.134779791392683,0.192584664839445,0.0150200052551739,0.105814994076677,0.104730846193195,0.0899166807127158
11791,8302,0.0371399331560302,0.00841542694775119,0.0789612598030385,0.0209432953693782,0.0185129687175639,0.157977832031069,0.141829155822824,0.215169309727847,0.0110370790270068,0.0788031089779909,0.176802707108751,0.0544079233107489
15398,10224,0.00569756455293589,0.00424339074280999,0.0991099715726483,0.0235236599204346,0.112569728977648,0.215857982826913,0.13632805899767,0.148918067451919,0.0867242274115573,0.0787717608751933,0.0397670085078206,0.0484885781624498
13604,13844,0.0242794510937299,0.00931235652585221,0.107952886133235,0.0661657249961327,0.0601853351647112,0.0978381298167855,0.106485905797325,0.261887204504312,0.0317375044076886,0.0839704083276544,0.123756946839315,0.0264281463932576
17341,12149,0.0297594624765036,0.00627595020919785,0.0546712953745168,0.0126710661589669,0.0791962346994254,0.184848366191965,0.0308024324963487,0.393572929790411,0.0352101558259195,0.0895326228592182,0.0571334577146605,0.0263260262028666
16234,12633,0.0331225332768574,0.000923193996230616,0.0681881376657136,0.0162588713380397,0.046797538115625,0.0950252506182122,0.164722233600038,0.31352946079249,0.0657444198104948,0.105631059047282,0.0806455571375701,0.00941174460144684
18310,11423,0.012941101692676,0.0102573661233536,0.0678719682979619,0.0426916196482886,0.052171283837414,0.0558695288329545,0.380674347234917,0.18540744362992,0.0376012826798026,0.0489487700536002,0.0514508599788302,0.0541144279902818
17485,14800,0.0362295454451301,0.000680531781656386,0.0231347657595861,0.0148673809651523,0.150783207086765,0.239878256932807,0.015090515402957,0.305654702632449,0.0394037478826919,0.10381119965338,0.0420852949095115,0.0283808515479135
13860,3717,0.0250321139749018,0.00471284300500589,0.045972236651829,0.020324924125593,0.0350182091129704,0.136396591769554,0.226472875867984,0.300525717393908,0.0606075300151215,0.0887265860272931,0.0351651948127062,0.0210451772431328
17056,8292,0.010082152879078,0.00907818273903511,0.0311764991713229,0.00863907222272803,0.0065083498787182,0.0624861437262938,0.629069096370734,0.108902232695084,0.00207844529679069,0.0673271215153639,0.0606952724838487,0.00395743102100264
13728,6852,0.0172301594851417,0.00775789240378984,0.0202913706255825,0.00905984179755564,0.0687629088247879,0.261924114921732,0.011073864250854,0.430767504576052,0.0096431804452404,0.121695272246924,0.0311362164350813,0.0106576739872583
11374,7580,0.02406649475698,0.00846549162077177,0.0532048325186418,0.0151368042149482,0.0887852874247009,0.190383469689312,0.0196505626334977,0.285604309723149,0.0968106861222079,0.10001923897627,0.0720531684066586,0.0458196539128623
16783,10221,0.0531493611354821,0.00925691853527041,0.123973206676039,0.041467725612741,0.117495430998364,0.141432230894572,0.0352022144088049,0.188805002752076,0.0664318894312423,0.0940437943768553,0.0486891787251229,0.0800530464534301
8609,10479,0.0199629432764223,0.00482636736490826,0.0528129556351383,0.0176902336832069,0.101424829781257,0.311010478368099,0.0117926792941912,0.256629584854144,0.0660325078423764,0.0791674606210133,0.0489841838234251,0.0296657754558194
12337,3962,0.0103507940719921,0.00308932325996709,0.0197646081445045,0.00227204807983386,0.046287319223063,0.22077015825949,0.00722367507036652,0.507884948280157,0.0254184648621569,0.0967748844006216,0.0370267107689574,0.0231370655788898
9176,16746,0.0110267616691054,0.00870243744741044,0.0675213040479427,0.0202806936516459,0.0784599978649277,0.149896842232933,0.0246070149699798,0.23040163547617,0.102803842165021,0.11110514076301,0.0976016558013473,0.097592673910507
16793,15043,0.0258974567605894,0.0178719980052719,0.0502141056504696,0.019296100045799,0.127154641345725,0.211388763151715,0.0516174622203881,0.258979569346652,0.0157403929646603,0.113146839604977,0.0519936138605643,0.056699057043189
11101,9509,0.0408531092975933,0.0274268995920321,0.0313425657982728,0.00936665655820035,0.0936098394061734,0.184784487189268,0.0141637444173488,0.364285301284772,0.0223945196298067,0.0969711647318284,0.0642134130300392,0.0505882990646649
12756,5648,0.0175699265742769,0.00989492449551237,0.022286404941949,0.00674706606330769,0.0920576177223665,0.159945063762757,0.0245244757705973,0.459747019110508,0.0450056187803952,0.082242994828715,0.0658343487510751,0.0141445391985404
12491,11917,0.046581403191175,0.00664796366534003,0.0457045489212644,0.0174284623742691,0.121513712051745,0.262655095032782,0.0114225333287766,0.240117405290222,0.104598533024371,0.0869064475116053,0.0331563318428282,0.0232675637656213
10831,13367,0.0407145827028558,0.0726449754917561,0.0878397417018373,0.17678397618832,0.0479578152115981,0.0747267217855613,0.0695398799898412,0.157934226343601,0.110983949232978,0.0367696528811373,0.0660051618793474,0.0580993165911671
11240,9750,0.0332099072697897,0.0075571137357926,0.044262693456837,0.0225638752614229,0.0929207361632969,0.222817632755041,0.0788803841382277,0.270117691298281,0.0283520632906267,0.0972806120088881,0.0781885179437089,0.0238487726780883
16502,8293,0.039624902202193,0.0187727620424624,0.0285356741855264,0.00730247495996528,0.0809988271150574,0.143334602252175,0.0300672819663217,0.399612188492913,0.00533931865023217,0.1402934343782,0.068689338096011,0.0374291956589427
13054,16256,0.0210005410566906,0.00944960360595026,0.0700739309568285,0.0274891498371843,0.070669915349727,0.179865818630684,0.019138560949289,0.291515151353457,0.0726224268662617,0.0946309930567901,0.0956184493153461,0.0479254590217925
13607,15290,0.0272828125317184,0.0159132964379625,0.0942582638023117,0.0324851574263645,0.107240034333176,0.219241879357403,0.063857649085255,0.17605100943782,0.029469408181729,0.0772244591611556,0.105490095819801,0.0514859344253038
10972,14090,0.0126334990688103,0.130538208053419,0.0461417890398995,0.497359951305149,0.0163868303758302,0.0131304598515096,0.0166287116950779,0.0939141434593028,0.035518820398265,0.0155377927760804,0.0807856083777903,0.0414241855988656
10279,14333,0.0178953689138229,0.0433810657702941,0.0301140169911154,0.368380319125229,0.0311404120959803,0.0565559952778797,0.0246343791475122,0.106721997241316,0.0572014413440769,0.0391882182768622,0.183551220677949,0.0412355651379632
13326,13362,0.0180791722768055,0.00864530019906978,0.0441915010069432,0.0348769710339581,0.138452750913688,0.246668879009302,0.01008139746208,0.273152196349322,0.0411828359420586,0.0978223672445808,0.0225681067702776,0.0642785217919137
11782,3963,0.0336481272243643,0.0192060927637686,0.0173493610856633,0.0130111441178471,0.102025430659596,0.337678545219424,0.0119063100193241,0.287468088943102,0.0625847328034191,0.0637130960148396,0.0383918208751588,0.0130172502734935
11932,9507,0.0330557663965623,0.0218616040712661,0.0574287462535783,0.0255768185922765,0.168368942542801,0.155123640315154,0.0425001761782489,0.215038247359905,0.0454404542294422,0.131790282165576,0.051012415997714,0.0528029058974754
16093,11428,0.0399707159620391,0.0105916927581154,0.176783728989094,0.0597295990561638,0.0490342518128451,0.201256081006491,0.0815691629611271,0.198237772791898,0.0237735976417015,0.0687254752280004,0.0518944916074186,0.0384334301851065
11370,5651,0.0224587402206541,0.00957861856702923,0.0218607530427953,0.0120111464002182,0.0467933742953941,0.145127054493692,0.032704231524272,0.469007995459096,0.0337533246482432,0.107175015439767,0.0461498406825399,0.0533799052262991
12213,11436,0.0320032333193172,0.00262275109658991,0.0990814965655817,0.028714645658132,0.14120148207847,0.137777305219643,0.0219255077744277,0.313779510442887,0.0592992147230418,0.0967968724163512,0.0435452832546872,0.0232526974508711
8055,10962,0.0106252386518034,0.00201416513473873,0.013177049256505,0.00735697829840262,0.0614850941295207,0.249918855114866,0.0990339994927037,0.280217304769317,0.0193924857037958,0.151190562722546,0.0939151969436932,0.0116730697821073
8758,16023,0.0208038462198964,0.00226538758205054,0.0667743497810811,0.0181987531545978,0.0355691995418043,0.224605149948136,0.0993113436142302,0.290267426621035,0.0400445373313104,0.0559732027288669,0.13228881426322,0.0138979892137716
15827,17215,0.0202695049938683,0.0159295191488726,0.102875322122859,0.0112702197514656,0.0287302639661773,0.148218934251077,0.122990737450597,0.154770541186887,0.0375882794130284,0.139492084322539,0.197387552757023,0.0204770406356048
12062,4926,0.0265384539026129,0.015995029143467,0.0230489739986196,0.007718600399973,0.136517448070805,0.192703269022778,0.00486145162166882,0.374195673199388,0.0219933797390211,0.118500983495457,0.0579866411897521,0.0199400962164571
8326,7586,0.0930608958161581,0.0280054887440621,0.0711189020329293,0.0200656942413819,0.0697513516544114,0.14606138218096,0.0451396478757289,0.346628691929585,0.00864015745275981,0.065245827604718,0.0878481437928156,0.0184338166744892
10421,16020,0.0279201648115873,0.00383566906573853,0.0113187889660787,0.00559188169475547,0.0422047768186575,0.299585169838523,0.0121480756340853,0.19624873711976,0.118284337005059,0.131791791143493,0.141156603912175,0.00991400399008736
17067,13596,0.0195208685673405,0.00301773148915073,0.21241502708095,0.0317775967939822,0.0853922437223566,0.181859823381554,0.0399605688331792,0.152259606736152,0.107427683833024,0.0909368013810055,0.0414990955980115,0.0339329525832928
17615,10701,0.0415820826417254,0.0141274566077745,0.0358414103984957,0.0137168611970911,0.0479860182533139,0.280925827508955,0.023769671867329,0.350242095106778,0.0235895106812315,0.0883471387715032,0.0360933152859521,0.0437786116798511
12893,4925,0.0280168508733351,0.0108093046997425,0.0380220051721734,0.0171082630430129,0.0832844538174535,0.229209999426715,0.038760380681713,0.37389182620465,0.0149240775825554,0.0946582660569961,0.0473637525348415,0.0239508199068124
8342,15783,0.0072733965777165,0.00383688940657612,0.0422005450278959,0.0256838853682768,0.0381227541746797,0.135833051604001,0.502096684972187,0.105267570154503,0.0496120890926693,0.049415509072438,0.0274005420810232,0.013257082468034
14578,16012,0.055635436843105,0.0112911411019102,0.0733072343379405,0.0196207879717039,0.0730555495249913,0.169442427996439,0.0293599210617015,0.274670587880183,0.085230642099862,0.0659775917133933,0.104937396484913,0.0374712829838573
12205,7578,0.0338889752803981,0.00857040187362444,0.0488354562715,0.0211513001269576,0.0325616529469612,0.106602499849091,0.0339887422037696,0.381487901363504,0.150721409946651,0.110050073816451,0.0438759941055396,0.0282655922155517
17058,9256,0.0371852332116306,0.0123708504787947,0.0500466739789215,0.034296849544038,0.0962432356289972,0.251992179833264,0.0210502980062275,0.29645518545435,0.0207774629728127,0.130367942429412,0.0182507699057708,0.0309633185557803
12221,15293,0.0210073956470431,0.0476010782901824,0.0405489384791163,0.148287898752516,0.0760299460239966,0.116329992016683,0.0697018485101786,0.149013090659418,0.0476206933486323,0.0596778777718744,0.0756614440659561,0.148519796434403
12355,13123,0.0393068723190657,0.014774826897248,0.016104700720391,0.0138177743751802,0.0903415210994334,0.118275894225825,0.0386529222659554,0.301877786849323,0.0901501046627352,0.185491425932468,0.0743900026753761,0.0168161679769997
13458,10228,0.0256173831484523,0.0107311815592962,0.0645154822030273,0.0153848231354416,0.095829216439591,0.17406692385502,0.0673960049904804,0.322880826438307,0.0206843688172041,0.114812541546669,0.0663202592762669,0.0217609885902451
13461,11674,0.0991332822277024,0.0183161287990776,0.110863429968716,0.0407489784391437,0.0349964774887251,0.102800251783372,0.0634331229319127,0.295943062289549,0.0349055704145034,0.0790348082754304,0.0855675250463586,0.0342573623355095
12349,10230,0.0271846307159124,0.0127750207326612,0.0532556474946544,0.0113913205747969,0.0501653200734258,0.169376231262958,0.0508948109458734,0.32025128516371,0.103765746558463,0.102646234170288,0.0904791630131597,0.00781458929409646
15546,15286,0.0540069090351229,0.00608577815741516,0.0253594583905987,0.0244523298507423,0.0656137515022091,0.199511494925786,0.0352053655227016,0.25890553414852,0.130985981256465,0.0723621218481724,0.0966895159775068,0.0308217593847591
14156,12878,0.00902192334995399,0.0054633110294485,0.058905985134483,0.1210554069141,0.139809032031294,0.145396757592472,0.0365417463612709,0.148202448358784,0.0738214790148338,0.0935432037758661,0.108204264000883,0.0600344424366104
12340,5408,0.0284588233429006,0.0108533287864306,0.0325715507414128,0.0120527944642113,0.0863320717494056,0.228959698054556,0.0173396702973924,0.404820856253552,0.0192006792732106,0.0693622439774203,0.0556637627428511,0.0343845203166567
13455,8781,0.0392375396924942,0.00693155183991,0.0283161414826597,0.0127290065814789,0.0551999292631086,0.1762905695224,0.0370481743035453,0.383141200894668,0.0430454880437926,0.131554717493735,0.0606494094437672,0.02585627143844
8050,8069,0.0129481980396744,0.00229504225624727,0.0584792743531648,0.0182015093408253,0.0698238941180964,0.200321711706894,0.0711025858822736,0.27152512854039,0.0934015325008722,0.155860507882312,0.0425634462177004,0.0034771691615499
10269,9511,0.0548157577823109,0.0170051559143365,0.108183520115509,0.0382235699285178,0.0615533720943668,0.0753856167418637,0.0602683982440978,0.321335355722063,0.0768127583657225,0.0468714200114195,0.0985300891431512,0.0410149859366414
11515,8785,0.0184606938868079,0.00869895334469515,0.02713930770138,0.0171569148079161,0.108146980926226,0.141089163340687,0.0607172303400271,0.22193480343853,0.114970075925551,0.13083855919828,0.0860263222752675,0.0648209948146326
13468,15532,0.0508336311330713,0.0138257269157525,0.138742388128918,0.0296040706675797,0.0320285560458523,0.120060662869361,0.041847285128828,0.21709416555938,0.085788484680342,0.118914543665354,0.0908792661618539,0.0603812190437063
15120,10224,0.0117262334071623,0.00126600983063651,0.220974276851421,0.0191858560195731,0.0658366870274198,0.175326399086413,0.03763868762676,0.21413235267407,0.0753728111595911,0.063375673570841,0.0929895506268644,0.0221754621192478
9856,10717,0.00960474626865006,0.00370675295818419,0.0132621108868277,0.00912590977631059,0.0477352843061412,0.213109511555983,0.00272583635441232,0.422440792291479,0.0814541003861433,0.0965593950592147,0.0593674766064641,0.0409080835501898
15125,12635,0.0179154889956492,0.0819287304993351,0.0919923983327449,0.121784869588926,0.0539084378731377,0.0678629236135206,0.218403435880564,0.200513372868395,0.00769774278115408,0.030481444420005,0.0763108517858922,0.031200303360676
13881,13843,0.0361409319417934,0.0162738379326053,0.103441779674064,0.0482419636766784,0.101235976858471,0.173276479485827,0.0588712616275795,0.221547777744182,0.0728484170984632,0.0698825546587093,0.0777724973060569,0.020466521995571
14440,16253,0.0674609341889879,0.0127512727452337,0.0861648977004861,0.0295150659090658,0.0428842806435806,0.236443469253054,0.0345831804479515,0.232571910915482,0.111117356316075,0.0492254810950018,0.0541039111962712,0.04317823958881
13038,8059,0.00953207893335563,0.0186543342343087,0.00986926199957361,0.00405684454371643,0.0280009512150257,0.27478381388277,0.0129771432182925,0.415637052301568,0.0366827711914612,0.0870524175237595,0.0912749812346334,0.0114783497215358
12629,11676,0.0454420013022777,0.00778886438539206,0.0645053728678337,0.018911352411372,0.100449520938129,0.171740221428877,0.0120351701498507,0.303363561068946,0.0593231908480911,0.0876826172937895,0.0907071908373642,0.0380509364680771
9436,8548,0.0219941650309394,0.00953598960755537,0.00544058070800432,0.0044538728937468,0.187749237584945,0.227527757721525,0.00289335505808751,0.273034987053068,0.0514688371230562,0.129419123007472,0.0485252264423193,0.0379568677692809
17622,14077,0.0023438185169882,0.00310535539645186,0.144655858666173,0.0407774576832672,0.0782480271372661,0.0811952074015821,0.0617805568395405,0.125789337239443,0.17233819318207,0.0789425366170252,0.150799932437075,0.0600237188831186
17335,9255,0.0287484880280114,0.00921915467889545,0.0241650317870898,0.016406587749257,0.0478618517736758,0.273955086939988,0.03230567407697,0.296476205646713,0.0721307318801427,0.138142998273163,0.0445953452345436,0.0159928439315499
11237,8303,0.0150780500319181,0.00285251711352626,0.134530611864383,0.0161516049415595,0.021731629101515,0.084860272907281,0.0611763357813371,0.330539727919434,0.048653878971943,0.0872651402399853,0.1410961778538,0.056064053273318
12761,8059,0.0332653977861402,0.0251549624101577,0.0182844834836775,0.0103811722871328,0.0373114795374462,0.311666032972953,0.0121509919207728,0.269763327523476,0.0516683867334594,0.107148200180896,0.0957690466649368,0.0274365184989514
8750,11684,0.0134964198772065,0.00727921253111739,0.0227461291965093,0.00970423163301547,0.166059139348154,0.151584345994744,0.0108829639381658,0.381327358895353,0.0368112480972764,0.0976857766693203,0.0384786986477547,0.0639444751713831
13471,16978,0.0204422431100333,0.00565931841510896,0.170832207529533,0.0403540832172433,0.264744843084142,0.107892031323995,0.00506154996633489,0.137196372243179,0.129449754923602,0.0489895807554747,0.0226564003077127,0.0467216151236415
16227,9258,0.0252893860738197,0.00423506125775099,0.198527914831902,0.040587744208797,0.0605318905869952,0.122356643636923,0.0286324541654617,0.265414189653671,0.0773514711965951,0.122017802189284,0.0337395231542013,0.0213159190445984
11663,13365,0.0286746419748428,0.04620007519288,0.142981633451496,0.131164975912492,0.100176381655512,0.060078111691143,0.127224987171231,0.129520644579524,0.0334246580309953,0.0583094627213042,0.0976328020045057,0.0446116256140736
10405,7823,0.0426615913445219,0.00677108869221379,0.127239706089909,0.0228182882040058,0.0483013952787465,0.208402769518875,0.0357091515924635,0.333653347594397,0.0451593431553371,0.0537881394656313,0.0710647010385513,0.00443047802534826
18037,13835,0.00935407237154277,0.00729035909823347,0.0802475944426581,0.0114073930518366,0.17176876787741,0.325538674249486,0.0125879059991338,0.131849093822129,0.0645832860386232,0.143799570367345,0.0191192775275462,0.0224540051540565
16097,13357,0.0127952624819243,0.00270301212819484,0.0528161973228789,0.0144617134877282,0.0687709889465848,0.162769007290696,0.0400981946965559,0.220618670558067,0.114966294454906,0.132815342048006,0.166328018504852,0.0108572980796073
9020,8308,0.0728996973284196,0.0187479917529014,0.0453722668084049,0.0149932680437576,0.11024842370427,0.210710705656577,0.0109975533431773,0.25785715711443,0.0773499499945385,0.0843868082314203,0.0409551170958009,0.0554810609263021
8898,16746,0.0293802947980618,0.00715511941434303,0.0938251828957952,0.0157247930527728,0.0338087767595422,0.193321947573888,0.0445534537795481,0.285235773898761,0.0942719544655361,0.100192694854161,0.0760103440753482,0.0265196644322427
14838,7814,0.0538880473263538,0.0101619429806344,0.0386168139173273,0.0104601509487996,0.048601483249204,0.12588419600912,0.0291464037598158,0.431041509838278,0.0412927881979624,0.112087267450268,0.0461542065378005,0.0526651897844361
11508,5410,0.0377330290001185,0.0102077741449297,0.0450455214474004,0.029903344147038,0.0778856882143746,0.185869900975039,0.0510065739114134,0.318067386464762,0.0104016388849227,0.112032508608185,0.0991753320186947,0.0226713021831213
16652,13838,0.028887652104491,0.0270694192637012,0.0617783187819319,0.044518087384162,0.116876923052866,0.212537286378082,0.0423031310226963,0.0907223025267559,0.184619937590803,0.0860975465413627,0.0719388373655384,0.032650557987609
17343,13113,0.0202688289429195,0.00113322946517132,0.0940725694952473,0.0437218539888758,0.0987224866248214,0.117260414686879,0.0321753929731508,0.236250946228974,0.0214293464580815,0.187580983445585,0.0966762281396219,0.0507077195506725
8745,9273,0.0241493127802689,0.00184647377538432,0.0526173195540904,0.0108402275737765,0.0756101375118504,0.213923351591962,0.0100203109017461,0.404961675079809,0.0199145894348666,0.074183816860291,0.0348995626382314,0.0770332222977231
7917,11203,0.0053945141355584,0.00923196896666389,0.0341753296884842,0.00715572837222769,0.0568867199481365,0.224669173838612,0.012713838934866,0.333366620827359,0.100620022197345,0.130085655337431,0.0398077238796123,0.0458927038737046
14017,12637,0.0426334792632724,0.0274153755656271,0.107415853051711,0.0712839580670988,0.106780433209977,0.163860342433754,0.0404117949883518,0.212240675826302,0.0492170732264967,0.0761931142570182,0.0617996229009501,0.0407482772094413
12640,16980,0.0357196493590533,0.018276602697296,0.126489058845237,0.024957230624426,0.0185334609705363,0.145725910330885,0.040766681612182,0.197319301209106,0.0505472499822285,0.157503227029022,0.126386486188073,0.0577751411519552
16083,6606,0.069672207555837,0.00760222713812061,0.130550465237759,0.073872286745053,0.019893322589853,0.217122267721366,0.0513668324976356,0.198501811972432,0.0305083970247977,0.10854489515628,0.0667186548898442,0.0256466314710215
13039,8541,0.0185181135929564,0.00861648054923197,0.084522603256991,0.0220805487017563,0.0837723682025006,0.14741642001061,0.0308009223632939,0.320834843464373,0.0180508967455856,0.167840998010551,0.0785056280576696,0.0190401770444808
10264,6618,0.0296512205606945,0.011555046566827,0.0231333836883628,0.0100447460509251,0.0644423991958492,0.172183117925761,0.017535445588641,0.365882352184128,0.119886163281699,0.106377990102645,0.0580187533671179,0.0212893814873491
17336,9738,0.0390377094411457,0.00757124600266333,0.0373619343540865,0.00686455081104359,0.115189515543519,0.196010601944658,0.0116709184056027,0.305993924102609,0.0242631569785389,0.155351903575055,0.0794897119527794,0.0211948268882994
10132,10234,0.0460758202610192,0.00255907265865882,0.0429301235593428,0.0115002367379037,0.0898880422565879,0.126592919531224,0.0125971434462482,0.403174468159784,0.0339854292080517,0.116566583377704,0.0531416022673967,0.0609885585360796
12638,16016,0.0289583197085736,0.0508588048101226,0.0989075385297756,0.0822451059127982,0.0538044758995528,0.0879565319651619,0.02819662521876,0.258860058396014,0.0411482705087848,0.0842977635276878,0.0694317253746651,0.115334780148104
15539,11429,0.0364687358678957,0.00843865677770023,0.0552338506699604,0.0300151828407028,0.0710696016705341,0.155409614117028,0.0321213264943036,0.304782612004196,0.0470275565315325,0.119480200039091,0.130551549558592,0.00940111342846356
11652,8061,0.0286412180840733,0.0150888058578778,0.116415270474942,0.0408552444034833,0.0478347269953827,0.0968068933595548,0.0640379914095547,0.276037438245162,0.0638095584765035,0.0957276064973608,0.121686332308354,0.0330589138877518
13882,14325,0.0257505589068945,0.015467259895568,0.0851250182280684,0.292099898545736,0.0269796586546793,0.119249900986653,0.18094997093533,0.0774283713717386,0.01096192920051,0.0513631275776213,0.100645362427355,0.0139789432698463
12086,16981,0.0233049333204693,0.00951472995001089,0.0679708837565981,0.0387749891560619,0.0374120740631199,0.108514245800385,0.0806652810229845,0.352741704253338,0.0148494146269984,0.132956279391341,0.120435417460285,0.0128600471984087
10696,15055,0.0138397872986589,0.00763880142714274,0.0652753464047569,0.207379374541751,0.060928745162336,0.0444667320257906,0.132249422300415,0.259137438730172,0.0336865786257652,0.0515184050646631,0.0491303861877051,0.0747489822308432
15821,13839,0.0443818407417503,0.0448783614231972,0.0878882179704752,0.0532175236629022,0.10524627965884,0.213051053582173,0.0297115426486085,0.138165135505492,0.0969604501545805,0.0795922607076346,0.0492240793225808,0.0576832546217659
9848,6860,0.0320180117011704,0.00717040930899873,0.059922836740535,0.017065612980459,0.133752046910945,0.227066923277307,0.00937409614784668,0.244996185912374,0.0296758004469956,0.150936793067861,0.0691310106924131,0.0188902728130949
10700,16984,0.0133757136399341,0.00423640291072089,0.0505285553731628,0.0224849211412482,0.0984839691229139,0.224066942412945,0.0205348919627432,0.295490126248934,0.0726771437354792,0.0958539969910207,0.031195171875095,0.0710721645858028
14995,16734,0.0394963990073634,0.00305550196356211,0.0747604147924234,0.0239610346478759,0.0964033789098025,0.14536047586006,0.0561299796193354,0.27469720572299,0.0737446074959655,0.0966199058225296,0.0609074390522323,0.0548636571058599
13867,7093,0.0503321091697937,0.00694593819348096,0.0357088914341311,0.00705604450133895,0.05862518691027,0.392945907004285,0.0127536899791608,0.270742237243144,0.0159548970914697,0.103042288906072,0.0283008590675963,0.017591950499257
11646,5168,0.0389185100459426,0.0162625574408025,0.0446438816358786,0.0211914851398217,0.064801339314739,0.223444183164121,0.0217714828535377,0.375115056452433,0.0298046011470013,0.0751547366156715,0.0578331002533415,0.0310590659367091
7784,13855,0.0249961678656368,0.0053099093615802,0.0302794948645482,0.0128745059561263,0.0746325441409149,0.294364473925191,0.0300433381434401,0.242344608492987,0.0742592365379832,0.0962391824945704,0.0878315799877982,0.0268249582292235
10816,5652,0.0299744745078472,0.0248721058121622,0.0236092086304964,0.00929527674008757,0.0430498833032076,0.193676029384736,0.0235762783621912,0.3349778678876,0.0716755715476611,0.114307942113524,0.0897268427813817,0.0412585189291048
10266,7582,0.0355308353589692,0.0108120731991588,0.0402016705734856,0.00997319992987678,0.0892524805620171,0.144880067469755,0.0317793908471973,0.202639344553415,0.0394422107378641,0.162402936349454,0.174730001028199,0.0583557893906075
10281,15297,0.0567615533371045,0.0473296428394404,0.0775739819121433,0.123964915472199,0.150169305333201,0.0923698569008503,0.0268933289071054,0.11563319156453,0.0697418249131733,0.0485740730906219,0.0977748385117567,0.093213487217875
15392,7331,0.0837854341998715,0.011355234902824,0.0411500214669769,0.0168710976400646,0.0551544663252621,0.17667787255779,0.0343642082498556,0.340601561695759,0.0361327109917015,0.13201023709003,0.0507400239098165,0.021157130970048
11253,16500,0.0161611412916628,0.00768692038595397,0.0610264223438676,0.0219527108073796,0.0791392799124662,0.253144214704391,0.0337099981624045,0.302812048627446,0.0424886728334346,0.0624593585231445,0.0597105631475754,0.0597086692602743
11810,17464,0.0208373738549398,0.00187378882097181,0.198017350994036,0.0556248506008454,0.0721890656209957,0.0989138915042046,0.03438404094383,0.144925126341273,0.0580048064626063,0.0997580246039736,0.140797501548692,0.074674178703632
12492,12399,0.0104944722609659,0.00359497110649176,0.00660207027757592,0.00702968321147228,0.0331733760487438,0.15342644011502,0.00366733563618673,0.437685372662548,0.0613971108419424,0.140679408266944,0.127817751543777,0.0144320080283307
14580,16976,0.050925143929236,0.01997666189747,0.115146102156495,0.0676279536464857,0.136779616123976,0.0875548602717402,0.0267150533298829,0.119666219458754,0.0328830787555648,0.136857356385451,0.130043694895592,0.0758242591493525
16360,6605,0.0334583484065288,0.0630923348611662,0.0361556148258667,0.0169835756873538,0.0356589554241178,0.0710781217745481,0.312403959077776,0.201184763593874,0.0425105362127394,0.088741537146068,0.0634277583309216,0.0353044946590398
12894,5407,0.0504196137106596,0.0152839248931924,0.063100256390086,0.0262786575986057,0.0938232137629103,0.126867950173068,0.0335542155389718,0.344488803460074,0.00864037265074155,0.116428806419213,0.0927446397038456,0.0283695456986321
17763,15282,0.0243047338846467,0.00161256897650187,0.051928555701839,0.0157815043038968,0.0718921448020467,0.1513543953456,0.0109010807462441,0.443264606890342,0.0526701938484301,0.0939957451190564,0.0651940029508274,0.0171004674305682
14574,14083,0.0110838904841721,0.010680628246742,0.0473726011109633,0.0307019414155364,0.0585966211821651,0.110329956758995,0.0154621671248042,0.251241405389197,0.0717110791163988,0.0762498280008267,0.127534787047963,0.189035094122236
13182,10710,0.10249012118947,0.00582107054629739,0.081665581425461,0.00386251977357189,0.0687453500025613,0.275526125481214,0.0182919186503587,0.296605679223301,0.0164071197369955,0.0807223715490228,0.0363383261195498,0.013523816302196
14835,5885,0.0384924028691549,0.0114254456191599,0.031638028417977,0.0185820776437566,0.0695729579467734,0.25402160564119,0.0231921230676613,0.326592392841158,0.0202289685737661,0.111406115633953,0.0659632875082772,0.0288845942371728
17477,10943,0.0278180553412491,0.0094128985470024,0.0336690847977657,0.011823397159251,0.170230911167446,0.120209464834612,0.033109647925265,0.398630908984771,0.0231099374661246,0.136120421433335,0.0242768211701026,0.011588451173076
8888,11442,0.0149883293621413,0.00209548768814997,0.0272424020462179,0.00805098478757666,0.158500149925741,0.213348407987125,0.0207562937067811,0.293361186782805,0.0842049048862527,0.0924838351401421,0.0488849068821779,0.0360831108048889
14281,6369,0.0418411742777579,0.00784593485963169,0.127691443618372,0.033760714858271,0.113766143890687,0.185193709460942,0.0100664199605404,0.344499634010551,0.00967237215851394,0.0738386336704732,0.0269670894435854,0.0248567297906752
11669,16259,0.0337465859445346,0.0413695202362491,0.0836969726818728,0.080713672356261,0.0478108876619888,0.0635737315637254,0.0845110498201918,0.1786165623747,0.0774202834689556,0.0980855835871109,0.144683143539921,0.065772006764489
14431,11913,0.0471077744418702,0.100060306722234,0.0317026486346262,0.473377885977838,0.0088065508382356,0.0271680338439171,0.0126852616943046,0.0760230685047586,0.0724333073666027,0.02872697133527,0.101901463753025,0.0200067268873187
8889,11925,0.0581885769499351,0.00456549469633791,0.068457664377873,0.00809178214105424,0.119970389961712,0.287947744682729,0.00792306319189057,0.229415171890648,0.040386811723008,0.0892468882794251,0.0565908742090928,0.0292155378962955
16237,14080,0.0335329902263852,0.0214541362017836,0.068865352874002,0.0371652345664812,0.0725357253308651,0.133722068069392,0.0153770208850171,0.172350416209,0.206983967290192,0.0716489377280685,0.111895948642365,0.0544682019764485
11665,14330,0.0172026117576208,0.228003004874894,0.0318104736912107,0.505397949578622,0.00367891966744042,0.0156166251207538,0.032509596168524,0.0337418877958535,0.0371565126159437,0.00879727209839144,0.0510716695733701,0.0350134770573757
15957,12634,0.0263234706951173,0.0204665044350707,0.072380030841503,0.0636459147675456,0.0694074396175374,0.125541575825167,0.0307873372538178,0.128015875141506,0.159886136718352,0.0847300895552677,0.135684087359231,0.083131537789884
14561,7815,0.0390632689066438,0.00438714719726952,0.0708690316980365,0.0123627478207286,0.146674813144679,0.124939029229171,0.0179028119816378,0.278276802023335,0.0730883261627546,0.133728366764982,0.0418364730006032,0.0568711820701591
9451,15781,0.0070217043721133,0.0130075214283593,0.059854627435415,0.0304741869949303,0.128023563083081,0.0697770346325079,0.0706884006232864,0.258938304909335,0.0866307702332607,0.0926713092604465,0.0539337430680909,0.128978833959174
16374,13356,0.0461663194666294,0.00173563942740558,0.107488955224291,0.0231320075204759,0.0720292611929724,0.192200568216304,0.0160835932405563,0.232810460953345,0.105241118217831,0.123019663935291,0.0336078017550885,0.0464846108498111
7912,8310,0.0284769817340416,0.00592926133173983,0.0293781422924739,0.0181570594227079,0.12678147069053,0.211650764077989,0.0107539394567417,0.3409588916546,0.0542003146447916,0.116759568200513,0.0234785187792411,0.0334750877146304
10261,5171,0.017337197918745,0.00275742222987557,0.0291550795045503,0.00707287814609844,0.0683492204234446,0.174076172200308,0.0146339655313241,0.402487884762674,0.0875908096087214,0.112226957656715,0.059186520883461,0.0251258911340828
14856,16493,0.0242793646227458,0.00762220871564679,0.196999861976551,0.0730029259503683,0.0659766600569664,0.228914889190138,0.0272607138548848,0.111746345230614,0.0578761574638497,0.0754499304990542,0.0278066832399805,0.1030642591992
8477,13613,0.0195350060064611,0.00195876594551189,0.0394070571082043,0.0106684452798641,0.0960420564984466,0.193012873173556,0.0129442884408569,0.27814897962076,0.105457103091818,0.151245840311089,0.0652778435884947,0.0263017409349367
14971,4680,0.0208033420046788,0.0182202065664646,0.0807012381757604,0.0130687079048401,0.0857057614939047,0.106636913786172,0.201112688285102,0.243179319926885,0.052402983279675,0.0974534655716867,0.0548388877677275,0.025876485237104
17892,10219,0.0434623743888069,0.0103015115881718,0.0403008420839702,0.014738373260528,0.124486259877578,0.178329990616468,0.0788576276875925,0.274212591137427,0.0339393139959981,0.0983097239906727,0.0494874906707444,0.0535739007020413
10003,14815,0.0674744835809467,0.042267729353204,0.0797911482258484,0.117670034165127,0.0814600192435169,0.125209268847409,0.0480447700128218,0.173574538021378,0.0662160604604522,0.0823215509327204,0.0857279985817584,0.0302423985748172
12890,3478,0.0356900555300625,0.0111070036343288,0.0386991061995065,0.019790027362697,0.0770764722067672,0.180027607534356,0.0604936899466964,0.399910213294858,0.00827354322995621,0.067270427441516,0.0416585259787215,0.0600033276405329
8876,5656,0.0660257704465994,0.00648929383111729,0.0437527558296793,0.00758904766734636,0.0341278170194254,0.132643178125114,0.0759745160005832,0.32445065435105,0.0431027534370376,0.11660766550229,0.115894643660841,0.0333419041289164
11656,9990,0.0429666567063499,0.0104507696362801,0.0222725871095968,0.0154245379220447,0.121457250816984,0.242555773560038,0.010953706446599,0.272573368810942,0.0362404583677145,0.0802604881302806,0.0930693846589078,0.0517750178342632
16091,10463,0.0182864316272562,0.00627034319266736,0.0496869325755388,0.0334447444055923,0.226786890574221,0.173254634898035,0.0270177924302941,0.246676842872008,0.035456851218456,0.067737879431482,0.0106923999112046,0.104688256863245
15397,9742,0.0173881926157884,0.000223893135563163,0.0591505857648129,0.00784021264619298,0.189929196105399,0.107534931593509,0.00894303234386001,0.232293482864777,0.149570940853372,0.0670090188692958,0.017417748667656,0.142698764539774
14840,8778,0.0510736375393253,0.00569067980240659,0.101184079235263,0.0299162497614393,0.186322479429313,0.188151978794244,0.0287303806679939,0.131439041039908,0.0709740825663802,0.0975127313348835,0.031046384710524,0.0779582751183198
11378,9509,0.0310408327834063,0.0161027216582857,0.0473850683186592,0.0137156239512467,0.0792152991342102,0.183711977729952,0.0240863075431813,0.313383432156352,0.111740984185516,0.0971290297784908,0.0613362550738842,0.0211524676868151
13169,4442,0.0318990158159977,0.00709164352150663,0.0150776202073119,0.00689445323770366,0.0449893807508632,0.291178466784535,0.0156936930121423,0.282203091595482,0.0577831868687439,0.14724726503554,0.0911641496713189,0.00877803349885378
17753,9978,0.0232918853848329,0.00491580475184322,0.0737805928546308,0.0352016563188044,0.0265592621124466,0.242733761772313,0.0977835248321393,0.285148787057586,0.0338001354534808,0.110642587830359,0.0380193212689978,0.0281226803625652
17055,7809,0.00784221939741916,0.00238989268245823,0.0146258437362049,0.00689081741590398,0.0993068035401697,0.122393790052899,0.121443980085126,0.421533478271126,0.0517848144783683,0.12133625308431,0.0283338649596895,0.00211824229632519
10423,16984,0.00970936456388168,0.0283906410934249,0.0450752654654839,0.0106408751795763,0.13023327892534,0.243011786437884,0.00972049861655128,0.234948222758173,0.0926285413145303,0.0861920240194445,0.0883341136680166,0.021115387957694
18588,11905,0.00970969893084962,0.0180256528921042,0.118024275712288,0.0427104603970252,0.0635895962820067,0.0933735572938146,0.241552329390715,0.265417177554447,0.00866701744006755,0.0665398796466281,0.0394611143134657,0.0329292401465891
12897,6854,0.0196655696469107,0.0322464571587956,0.0231880033867734,0.00919532574552889,0.0507450090437233,0.137241091354852,0.0126723496186623,0.422650373775364,0.0667092786491448,0.102245752564492,0.0884754413922632,0.0349653476634893
11936,11436,0.0264115461149306,0.016056928729582,0.0513036420109004,0.0162847959868637,0.121510683927723,0.296621767535366,0.0156627256800736,0.20385129252951,0.0314464730708985,0.0995266698388302,0.0984435568129195,0.0228799177624027
10954,5411,0.0171749618310568,0.00566097619412292,0.0212308655949575,0.0140102466623902,0.0721515522252526,0.243572898479741,0.0132147808922984,0.329412777521239,0.0646296557338287,0.162867009136365,0.0465540732898194,0.00952020243892885
13591,7575,0.0248786503098062,0.00811997605541512,0.0391466822444005,0.0150180275554169,0.0357177899369996,0.252667463834783,0.064669379409157,0.364491044869201,0.013782374347182,0.105514384992452,0.0463589125998939,0.0296353138452932
14853,15047,0.0114832169474798,0.00276667145136398,0.166824415915762,0.0597370071139959,0.0875738139232125,0.10635531361122,0.00674757640824135,0.123329380678837,0.122380838967015,0.127037667633711,0.0410858578238138,0.144678239525348
9706,4690,0.030080929128459,0.00579759031312131,0.0222899692038451,0.00950462761892858,0.0383726303551694,0.18649909660673,0.0195058451995104,0.467756626721881,0.081478915388104,0.0822526709668539,0.0392602276536912,0.0172008708437058
9315,16987,0.00745055897504879,0.00346253662547886,0.10616952340472,0.0217407897650762,0.0678279838694233,0.152490426225561,0.054150355148521,0.24483606730622,0.121650709975643,0.127074064775253,0.0634896944925801,0.0296572894364749
9866,15539,0.0145459296906147,0.0149904915830606,0.0516930196494857,0.0603533466942047,0.0749376345489481,0.0712075924341365,0.248953010957039,0.12107909252678,0.0503653506035584,0.0717771436353326,0.180934126419863,0.0391632612569762
9165,11442,0.0171309403699855,0.00595476900738089,0.0208850021196638,0.0071260592404403,0.141037949446653,0.227360177966679,0.0107116409391096,0.333933138237419,0.0385362913607369,0.0876065744936379,0.0220562290054758,0.0876612278128188
15126,13117,0.034259626559799,0.0401856133115014,0.11138919650934,0.0441233882162921,0.0864565259870747,0.234797160004247,0.0314633674445934,0.125145234431355,0.0929400978055539,0.0623737495207871,0.074044085177782,0.0628219550316739
16377,14803,0.0429321501056182,0.0144218902544141,0.0809845566586939,0.0268165853256733,0.039743498806928,0.166266488109515,0.0786599373733644,0.199053231245915,0.101730006388393,0.101534433025782,0.100289580336382,0.047567642369321
16509,11668,0.0575871066628852,0.0132160200190503,0.0466389881721226,0.00837902462640696,0.111331215881628,0.156132057566912,0.0168497908083057,0.415976215242283,0.0264380972412886,0.104885139920119,0.0354751545033415,0.00709118935565845
15527,5643,0.0647489888654547,0.00893649046179156,0.0535274098526953,0.0152674712248367,0.0405206858987249,0.185461529778048,0.0627051536691012,0.284661759239593,0.00405024640946066,0.124881750083136,0.122766415240417,0.0324720992767406
15121,10706,0.018546140913755,0.0147490844264322,0.0915135490874384,0.0377008671498371,0.0545000660108246,0.228853956373887,0.114170518107506,0.110759870565249,0.0634198850626765,0.129120438219026,0.0737173869117316,0.0629482371716361
8049,7587,0.0262494065167295,0.00526793135864361,0.0444600221869119,0.0141498265331904,0.163147894048635,0.0979219027723702,0.0188322721801827,0.395430160158708,0.0252468596248378,0.128934257843382,0.0535841872599493,0.0267752795164586
18171,11183,0.00464157708641496,0.0454882901268385,0.0157757012178724,0.0194536904455391,0.0123748822406888,0.0437710799898903,0.70698823914939,0.0379813972199767,0.024586738736778,0.0288130610072146,0.0362818787011016,0.0238434640782952
13888,17218,0.0202705479434913,0.0560215227683046,0.149098828146328,0.102705872520933,0.105185895461204,0.0472822352705905,0.0375310906434737,0.185891504714936,0.0782556756025794,0.0500000120619391,0.0601451531116905,0.107611661754529
15269,15287,0.0541775592728162,0.0239936336235403,0.121408626289793,0.05121382076845,0.0990610736689305,0.180733241538267,0.0260113140070747,0.15476533387022,0.0289044230988247,0.0891313063448197,0.0572786525222938,0.113321014994971
11789,7338,0.0333099049226369,0.0239214849255362,0.0420301210623507,0.0168392417562886,0.0676471370359733,0.205109985832987,0.0189339480668784,0.206033081969354,0.0678562473779053,0.123743981285643,0.118872538550116,0.0757023272143297
13334,17702,0.00698089075339662,8.68023466075437e-05,0.135339960258574,0.053691520818786,0.177712437844211,0.176853939792875,0.0431125040207621,0.134541258742481,0.0604962277551899,0.121562458762007,0.0639520632341222,0.0256699356709876
16787,12150,0.0175505920257359,0.0024427450558441,0.0527441305555036,0.00660320207525581,0.104693386865155,0.231514343506731,0.0281204674225949,0.377038610179747,0.0229171860028823,0.091678205403638,0.0424226901889922,0.0222744407179207
9859,12164,0.0495254645758874,0.00128947514041278,0.103442136850074,0.0204483379142632,0.149515588298197,0.157177536094077,0.0212116388289837,0.272475982226863,0.0604484884004411,0.106087364307428,0.0174984507599034,0.0408795366034688
14704,9984,0.0288561360966206,0.106041691216622,0.109992163964778,0.051130447352299,0.0593450263077267,0.0646249396583553,0.0487839229291617,0.168897894327007,0.070304109252106,0.107174821593245,0.123462684168993,0.0613861631330857
16918,8533,0.0649507508839308,0.0050571565066704,0.0443587381125714,0.0244384966816167,0.0362171781847674,0.253725006431085,0.0240462561253668,0.334556130770069,0.0228847947652785,0.130165787482425,0.0322457755299089,0.0273539285263098
14993,15770,0.0525995490428818,0.0174734518763491,0.0663059608396683,0.0185096306499275,0.0746854595306353,0.109394555493119,0.0202502794034307,0.352812852957516,0.0454199907700058,0.0990098166816408,0.0974365996757778,0.0461018530790483
9444,12406,0.0230289026056434,0.00316364478222785,0.073584397441578,0.0121608674112796,0.107687467973955,0.315227611287839,0.0425344618823832,0.207307708949201,0.0708119654349852,0.0719120690283497,0.0323645002532868,0.0402164029492714
14703,9502,0.0142449686352626,0.00428686944808493,0.0589790242113871,0.0305082884350651,0.14397201768351,0.210108191000379,0.0127374106360033,0.227102542701463,0.105095090510654,0.112707799513613,0.043507815380967,0.0367499818436111
15960,14080,0.0181126219642904,0.0170682915082946,0.0851999195708292,0.0247604854681644,0.0649610602047669,0.16759810034987,0.0327734472344788,0.137200872283255,0.151153380402701,0.106522472437673,0.160227278805038,0.0344220697706392
8475,12649,0.0247484350213995,0.00539000289334504,0.00755696496899486,0.0126778873115932,0.123248091548852,0.102809985942933,0.00368087795879027,0.434021035463479,0.029725422976739,0.180329530976509,0.0510910084242723,0.0247207565130926
15271,16251,0.00761648502214867,0.014306127898537,0.0738301310462457,0.073548163348651,0.0709993548709053,0.193555677432595,0.0966091722602796,0.199039711688388,0.0092917094240275,0.0768007057533552,0.0756436917884313,0.108759069466436
14984,11430,0.0661368381662501,0.0148532845829503,0.0626403092653465,0.0265544448855087,0.0825081991853761,0.237000321812172,0.0282056504451652,0.181404944217399,0.0402815710703704,0.137402024889408,0.102914562368658,0.0200978491113962
15669,7330,0.0687281417623605,0.00641072634012633,0.0327763759988182,0.0132155088758856,0.0935928920861358,0.208451502727347,0.0192313347336816,0.42916310459349,0.00488459014024024,0.0966493752604227,0.0212476975560762,0.00564874992541616
14579,16494,0.00396636124523832,0.000291752607752045,0.111060040771907,0.0593890396869085,0.162622374167015,0.137495635764519,0.0179878183162573,0.17354990891338,0.0736199848906752,0.0703941626314455,0.0120718230818816,0.17755109792302
15804,5642,0.000435580663747329,0.00236555200741711,0.00767396382090945,0.00142510191224578,0.00663321300743216,0.102886277621439,0.684417501261634,0.0927727072304657,0.0145567465381345,0.0668067331289205,0.0175390687130895,0.00248755409456573
8749,11202,0.0600283080925298,0.0143866299697696,0.0846549465409368,0.0204490541273405,0.0963707199236697,0.110829917743191,0.034414603382791,0.321985091103037,0.0674366434776897,0.0945716439043035,0.0500518960395317,0.0448205456952099
13725,5405,0.0269458219596393,0.01268102575826,0.0171313677281962,0.00961997779091108,0.0587760213528953,0.262572285792313,0.00940737557818634,0.41760821004363,0.0391255026195897,0.0956298062141574,0.035202402788253,0.0153002023739694
14972,5162,0.0189219135553008,0.00117022908533598,0.0677531301451619,0.0174353580394737,0.0989093363131759,0.221017108958452,0.0176163320583305,0.221273420899314,0.0690045321759111,0.106553124270785,0.0684510402891231,0.0918944742096351
9575,8789,0.0562070417704725,0.0142572637053859,0.048698451573773,0.0138068463662391,0.11473888612972,0.136200633739265,0.0160186223135278,0.289668931470227,0.00702716105399439,0.102005844487359,0.163846003598877,0.0375243137911599
11660,11919,0.0286244384640026,0.0186224745519025,0.0554945707973577,0.0226791353915026,0.0323459865797691,0.0910072090391889,0.0474797716781077,0.304046680564635,0.0546748705870748,0.110389001135252,0.18050462531749,0.0541312358937164
11394,17223,0.0240118532605221,0.000691662006354359,0.0773211851893434,0.0374738455400945,0.150056555725083,0.113410715493047,0.0192302281247711,0.1638839495346,0.0860907149006307,0.101846603210148,0.0961533298260918,0.129829357189315
11229,4446,0.0700630197432114,0.0105764613655591,0.0834784043443132,0.0164061150273008,0.0589147804023379,0.165081889820251,0.0276266073777694,0.329798252668479,0.0561542305906093,0.0796871907377139,0.0707082663789721,0.0315047815434835
12914,15533,0.0108098919743582,0.000791792641823892,0.0788873842619753,0.0224465404503827,0.128363753559163,0.154287700255258,0.10181474334988,0.159425806587498,0.0422721581040775,0.162811527920698,0.122559792276091,0.0155289086187931
16789,13114,0.00518746579681911,0.00046741865018723,0.147885642072442,0.00923295773421065,0.115584002498928,0.257108543296707,0.0116048637197995,0.184096053415872,0.125978342928485,0.0779001505784911,0.0282592190679412,0.0366953402401179
11108,12884,0.0195749463063773,0.0393848755699018,0.0385831459152716,0.295453713202323,0.0520488124669196,0.0706838753265416,0.0265954681249246,0.159072452404788,0.0504354558803574,0.0647688118471418,0.138693118992347,0.044705323963106
17486,15282,0.0101713400798864,0.0110191072542375,0.124387817409174,0.0532507379860755,0.175824282159407,0.170896457571169,0.0368732084957191,0.165288795721639,0.0825263685772954,0.0914118989376418,0.0288000803079446,0.0495499054998102
9577,9753,0.0305288569462505,0.0103434113680863,0.0498286731667057,0.0266223893213842,0.0472873742391098,0.22003074372002,0.0360791653837644,0.270883887580147,0.0836985571290742,0.111550531322468,0.0852097828803438,0.0279366269426461
13873,9986,0.290140871420811,0.00863346857648078,0.0454077481697921,0.0547480185636518,0.0349220637517123,0.0855740273675617,0.045584522568871,0.261465063162011,0.0315836900732303,0.06068586481571,0.0583823947385976,0.0228722667915706
13037,7576,0.0107597043726409,0.00928156091335948,0.0263720408968122,0.00351736493048298,0.0607833258573208,0.186580744525541,0.0199869839085224,0.345805484293846,0.0455062100208635,0.200265218313066,0.0758052751157512,0.0153360868517936
12633,13605,0.0214144804121375,0.00972049526088316,0.0507398904678277,0.0219861625223863,0.0298596837709019,0.15192902819073,0.027438748603848,0.167288687997006,0.147197959060487,0.120862535227268,0.22385737219756,0.0277049562889647
16917,8051,0.0187143608035758,0.0446569433039111,0.0445157252081468,0.0225219920076583,0.020870174677291,0.0956489924243835,0.343424905351169,0.134461998925125,0.0497038074386852,0.0951340744212367,0.0952466935780678,0.0351003318607502
17615,10219,0.0142667542464522,0.0142092418618611,0.0425708276029566,0.0131332389677631,0.0834436578217813,0.188582051798078,0.0202194469041895,0.39334076926025,0.0462454721545857,0.114519898549661,0.0443938160995523,0.0250748247328693
9860,12646,0.0231738713590976,0.00214758527692062,0.0146602519036767,0.00334100879645419,0.141434681782445,0.177445871074098,0.00667961750090229,0.310475328783755,0.118254878414235,0.0988451569687926,0.0788180841031833,0.0247236640364407
11385,12884,0.0187840599022285,0.1209808259608,0.0493298638790519,0.329168020543465,0.0145264383606338,0.0365787732469656,0.0520461091398965,0.138482218372393,0.0171260214219533,0.0276752773072316,0.154325579156815,0.0409768127085646
13331,16255,0.0115457218926226,0.00472779998020545,0.0376548250018215,0.0116846404918265,0.0351326887852956,0.204662077634764,0.104161364796087,0.220015986076525,0.134657342066498,0.0926342246200634,0.0965735781339173,0.046549750520373
11532,16982,0.00809590389126582,0.00844889039173176,0.0410331342102973,0.00965849834161368,0.087443018776305,0.243227742272862,0.0174845607104328,0.317225194191625,0.11067853294567,0.050823738807376,0.0824959089227861,0.0233848765380348
12636,15051,0.0790363201570077,0.0127214040217607,0.112406852908208,0.062999040568286,0.0163275465012349,0.142332227984027,0.0617948838039181,0.0975455497697502,0.0600850701802356,0.0895283629309707,0.206635557282935,0.0585871838916661
11529,15536,0.0167535379557285,0.0599921400365677,0.038627535423195,0.217504149754058,0.0356812411948418,0.069766947858531,0.0612759893383944,0.155790417260421,0.0556673335858426,0.0469271097344939,0.0734663224610929,0.168547275396833
13460,11192,0.673530510556416,0.0855506575241864,0.0242802157932825,0.0182439750765878,0.0148878493915448,0.00986989985500995,0.0710159626581833,0.0391584500115953,0.0234408890174552,0.00766392059995772,0.0315834248737007,0.000774244642080014
14005,6851,0.0500519160607788,0.00553208841483568,0.0618913001756183,0.0167220826618671,0.0683897281457451,0.2446786892366,0.0188349915418525,0.335285231665405,0.00864427890265922,0.104418823221782,0.0658653649236234,0.019685505049233
13328,14809,0.00449191749261496,0.0305514668699303,0.0332765761852664,0.210733749682772,0.00401613154995219,0.0572045092888954,0.359309723864007,0.0894467832777356,0.0237709903813618,0.0337092987532093,0.140038970243161,0.0134498824110945
15541,12875,0.0130694077980495,0.0029645611575024,0.0950030134520427,0.0398071191738108,0.110158656724158,0.135064528581129,0.0307081142498527,0.348590059535362,0.00657647472281541,0.119629142609982,0.0426546470764753,0.0557742749188204
11393,16741,0.0136187520987723,0.00461952721172861,0.0340975381974407,0.00904580742081056,0.0525951421259972,0.312067618509566,0.0112970430498942,0.238078758373169,0.0871728628689905,0.132348427614463,0.0963615574619838,0.00869696506718426
17210,15765,0.053879562610145,0.00365183736919356,0.0920228596566987,0.0152135106730287,0.167651672053856,0.119547088694283,0.00420587168239185,0.120429282662612,0.0512852062214065,0.0819948727390698,0.0563032645568842,0.233814971080431
11095,6616,0.0333757110829248,0.0103168961771985,0.0281716640474753,0.0092609324501348,0.0767929648015611,0.21412605775696,0.0197626873766474,0.366757566801232,0.0533491258747415,0.0669974624869927,0.0927995512371509,0.0282893799069809
14300,15530,0.046214135610712,0.00750223731588323,0.0562235132328275,0.0189033832496227,0.0663887685669297,0.195290000754007,0.0185440851394237,0.298719507627922,0.06599476279018,0.103159196503588,0.0740523550192646,0.0490080541896388
15394,8295,0.0658947232612217,0.00726192823830554,0.0921431472236016,0.024370375880202,0.0636983204739237,0.160197025698538,0.081932238075118,0.173267137784323,0.110256255011467,0.133619272083137,0.0698596462531663,0.0174999300169962
8884,9514,0.0233824612418833,0.00552425336241138,0.0505973535701935,0.021557714271161,0.0555270002540543,0.231358689423859,0.0275041772781765,0.336410746859674,0.0765995810457155,0.0922220862400945,0.058243228457561,0.0210727079952163
9296,7825,0.0188371135055818,0.012751617045604,0.0239614719659577,0.0113827473513488,0.0680101647012656,0.240923752145121,0.0164709657866569,0.3368407207782,0.0114064453884391,0.0965943207610443,0.115119260846971,0.0477014197238096
15532,8054,0.0869538089708336,0.00801069806207156,0.0740954697065437,0.0139908681921302,0.058244621799918,0.133585236572299,0.0365459759902853,0.370905922706044,0.0346774746387952,0.0998201533002672,0.0363096110607458,0.0468601590000666
16242,16490,0.0244977243608955,0.00743702846735712,0.131646604406085,0.0209514185381528,0.0961013179863743,0.188096840253596,0.0221762387464917,0.226259389783113,0.0852032930510309,0.121501551142936,0.0528432982899686,0.0232852949739985
16085,7570,0.0292500087800232,0.00770868451501766,0.0420644692142838,0.00905832132737707,0.0777829201627808,0.163363379347152,0.0138060216901846,0.461539353614159,0.00448925510260441,0.138496104835872,0.0401585192407031,0.0122829621698427
12481,6613,0.0387057028766293,0.00927055358831603,0.0382849144528589,0.0141820302705307,0.0710329762508347,0.182912854662751,0.0342433032013904,0.287126919935996,0.041978545341507,0.143851755106151,0.0625228324279177,0.0758876118851164
11514,8303,0.0562723620425417,0.0133572930796657,0.158388420609307,0.0313643005395074,0.0199476698124955,0.123862527115768,0.0949874917435279,0.284862655377391,0.0320626785032863,0.048437401489138,0.0977402337361563,0.0387169659512155
11920,3239,0.0291156480124414,0.00652778143357482,0.0552595744208103,0.0221332840376018,0.13123716697109,0.100022945848798,0.0588192018553493,0.33401606887071,0.046037855260159,0.123820526199307,0.0241855579452415,0.0688243891449178
10550,11439,0.0435906938720018,0.0114996929578991,0.0672748818237073,0.0240444615117614,0.14739224523053,0.174815614851946,0.069080744361271,0.283797580141116,0.0260195990081154,0.0696358743214027,0.0512493077438917,0.0315993041763573
16784,10703,0.0395844787067992,0.0215730363495384,0.121192200071692,0.114975128736565,0.108069118986842,0.0738301007756038,0.0911785651255504,0.189784252105821,0.0529208554544412,0.0955177908471883,0.0538650640629352,0.0375094087770231
12083,15534,0.0451312569054148,0.0218020296023356,0.108925832566523,0.0467876127526685,0.0678372026493237,0.0860283955060721,0.0285558989200806,0.246002812426385,0.116995739698603,0.114696695533141,0.0592428514794968,0.0579936719599555
12912,14568,0.037738169969203,0.0149307230754634,0.0629622728453351,0.135664985425014,0.0701040323323852,0.108876256246412,0.0938378950256175,0.143299792500262,0.035461566229583,0.0616442713680302,0.196576308228458,0.038903726754237
15689,17456,0.0538230668165591,0.00803556119234171,0.0282102492605253,0.00659453661874868,0.0388244536761907,0.106996810341174,0.00723966731493955,0.321681958892509,0.0858025559225244,0.20274987761898,0.108352738511539,0.0316885238339682
17199,10461,0.0575119182802377,0.0151167226029055,0.105745877878219,0.0340525061920307,0.113204027537506,0.244345610336271,0.0266862976689638,0.165474088446661,0.01800656286234,0.122274283640183,0.0779466218123289,0.0196354827423533
17893,10701,0.0423280456099965,0.0175551600581732,0.0862877713584352,0.0216657347374045,0.0796133050118786,0.0789601155791303,0.024607402140453,0.302502543520689,0.0656904672458846,0.14266518449291,0.0907971114798096,0.0473271587652355
15408,15528,0.0202048468777933,0.0181207723837563,0.0684993376798473,0.0196277594655647,0.0939296848802575,0.154587166756635,0.05615412884799,0.29825039937509,0.149054395445003,0.0562749591673929,0.0296632299368668,0.035633319183803
14697,6127,0.0246763016621324,0.00675202224957553,0.065788942816332,0.00838010119335638,0.0757797083206991,0.193360774024998,0.0150520779060463,0.357749673579418,0.0213354237151128,0.101950925162227,0.0697710832024534,0.0594029661676489
11102,9991,0.0518210766417753,0.00894105747913228,0.0707782447677789,0.0121989433393336,0.109332125516325,0.119525174270283,0.0218065765652529,0.372697834048274,0.0440229092379036,0.0908198815335801,0.0548805081731783,0.0431756684271842
16090,9981,0.0424086195434126,0.00520609884154273,0.107427992164616,0.051811109080992,0.166391358737845,0.1030914284412,0.0144745300553101,0.141623295649719,0.0813177775622008,0.114684919982581,0.0493447691057674,0.122218100834814
8196,12167,0.0161489089809145,0.0127440688864721,0.0223555127261547,0.0105509113211577,0.0621111016574467,0.228785168459793,0.0132151703825525,0.411190492365708,0.0467518325492146,0.114933567836166,0.0451855964280096,0.0160276684064115
13327,13844,0.0196429638270289,0.017924290234256,0.101890775183316,0.0486893198531652,0.0663809180480038,0.136330860857026,0.108487681011357,0.169168755238993,0.0905057791502323,0.102215135897676,0.121079733948773,0.0176837867501723
10813,4206,0.0341435351027153,0.0092221680991838,0.0268114323387582,0.00902719261752879,0.0631461177586016,0.18627380615038,0.0095493457759181,0.334205665129469,0.0220954814920584,0.116625465944877,0.0904119927009997,0.0984877968895103
10269,9029,0.0424895435475718,0.0108024389046088,0.0691513404140665,0.0308209152052311,0.0418677729095103,0.169888052023258,0.0443421838102002,0.302245717149345,0.0983540610925409,0.116414053881196,0.0586649894917931,0.0149589315706779
17481,12872,0.0378404472607989,0.00181644336353088,0.136357502030031,0.00855956902226189,0.0283161428659496,0.134610192315141,0.0423546277210024,0.355687625551491,0.114271205525174,0.0631327968441412,0.0734560070005464,0.00359744049993175
11655,9508,0.0214284798721785,0.025088605866972,0.0463078453866777,0.0176586396888088,0.148340573254645,0.184977797818391,0.0183595901533366,0.280654816314111,0.0314187957022197,0.102442304268941,0.0887416662660364,0.0345808854076823
14004,6369,0.0779490823198521,0.0238920162692114,0.11477372472603,0.026534563274659,0.075163290845853,0.113339171682796,0.084186529949988,0.24326457263724,0.0268352035475978,0.0869490941082016,0.0949673109049511,0.0321454397336196
11926,6614,0.0527872780293833,0.00368060085163282,0.0579376218343402,0.00569364318956251,0.0931449214267087,0.150270328490377,0.0331375753467573,0.27895349164279,0.0302959599577335,0.11919569577381,0.111340364680832,0.0635625187760718
8474,12166,0.0331912819572375,0.00258948796769011,0.04374755563673,0.0112116743720456,0.111739271869521,0.211412796678575,0.0054123546182092,0.335735218190881,0.067822011531123,0.0831794580298896,0.0494121042081612,0.0445467849399369
14715,15288,0.0211660686781874,0.0717082886082098,0.0890181200979899,0.080928670708737,0.0414860708501507,0.125109011299665,0.0977671477890542,0.178370117478821,0.066092607328416,0.0764191808552853,0.0987369780672467,0.0531977382382368
14698,7091,0.0547713102952528,0.00977927632595987,0.099399914119336,0.0398701934393511,0.0601411807538484,0.126923154960207,0.0230878977026741,0.300171537855694,0.0483019741730793,0.101634111996267,0.0837781961404486,0.0521412522378816
10827,10956,0.0100455643314679,0.0050390160082988,0.038100869040054,0.0186358365634307,0.104977637292991,0.197651904967997,0.021422735742278,0.20474991777997,0.100034614739589,0.12539848146238,0.0734262308647984,0.100517191206745
7772,7587,0.0290023794548607,0.00615877307966656,0.0664853919006546,0.00995523278716364,0.120370958338911,0.193883852330345,0.0154379522229787,0.300891084487272,0.136976323743382,0.0551220385456915,0.0376681468045303,0.0280478663045433
12639,16498,0.0187922754190762,0.00592303237820901,0.0422899672688706,0.0411599436798668,0.059706840391741,0.137993655269006,0.0386387261741086,0.267930034308306,0.0929439592472974,0.100944403356128,0.132633830451315,0.0610433320560759
9862,13610,0.00768642675922541,0.0254142159581754,0.047710659361062,0.402415236608524,0.0208701090399263,0.0542974755049007,0.0982576809022506,0.133581779050475,0.0354651540628944,0.0345804780228057,0.110454921582901,0.0292658631468606
9026,11201,0.37519364228604,0.0126765901468782,0.0841720262807412,0.0163196781068032,0.0380362603447283,0.0833230529836161,0.0462849420950353,0.213066511759225,0.00612035435477937,0.0586560095743317,0.0535587923260287,0.0125921397417929
9305,12165,0.0368711639758124,0.00138953578112336,0.0684789494072683,0.0109319923037011,0.126711849182038,0.117852477833998,0.0374109618823132,0.250917338389597,0.0760606304479746,0.0926003968113717,0.15950444866983,0.0212702553149718
9167,12406,0.0228856382562186,0.00264312930505241,0.0203385736175123,0.00418159984875327,0.0853263480264288,0.211526319982608,0.00462294642679335,0.36964412946398,0.0395824578070559,0.124107265540084,0.0586774720351088,0.056464119690405
11383,11919,0.0509982829532594,0.0139490251534608,0.0610904588683028,0.0731196416078669,0.067922468429737,0.16954613791185,0.0902606018803487,0.266598636484021,0.0461764340616048,0.0862263624112899,0.0568106335692289,0.0173013166690292
11096,7098,0.0237493932081994,0.00761868971439068,0.073455097104073,0.0232569628291847,0.0769823794478483,0.119643735125732,0.0436586965117295,0.264859182829549,0.11060559750762,0.100531130427509,0.0929106067978106,0.0627285284963546
10543,7582,0.144582325307005,0.0108333582933141,0.0469301965654525,0.013432725205333,0.0375771827990966,0.106275574049621,0.0282663965682442,0.329594458799091,0.0456829783348226,0.111363587917034,0.0981062825005399,0.027354933660446
17203,12390,0.0685083499289473,0.00501280001623426,0.0635785823293492,0.0146560857667806,0.0802624435289981,0.156856109355076,0.0413774505940732,0.308602266354268,0.0145118835796412,0.12141084220523,0.108425730906742,0.0167974554346609
13188,14086,0.0430537135842618,0.0108834247142625,0.0693776230174682,0.0262757615346314,0.0950361779386476,0.125780597717193,0.0683333842176768,0.264565335188881,0.0412421685457645,0.116023128564603,0.109467168885751,0.0299615160908576
15944,6365,0.0269318544526303,0.00662805063481674,0.0169454536312739,0.0106315498063189,0.1110667187993,0.323731331693238,0.0107662234249443,0.227088666596023,0.00703633245322221,0.177265026028129,0.0638304962774804,0.0180782962026231
16240,15526,0.0247850560406309,0.0220000936509052,0.13068896264717,0.0479404235955901,0.0287765647770748,0.113937265984226,0.0650562711730493,0.271278874951115,0.0933692345745584,0.0907318919597507,0.0671251094545192,0.0443102511914102
11943,14811,0.0269645205659601,0.0128734466266263,0.18295375560174,0.249122766119619,0.113672081271467,0.0424022715381042,0.0525222889979315,0.0820199439691724,0.0756965668378566,0.0168417567004741,0.0145834205798379,0.130347181191211
11672,17705,0.000517831581078639,0.000272126848323289,0.0996948864461254,0.00789480758525533,0.245029817945819,0.0532351527360668,0.00665961602352358,0.105378331203195,0.141742891365433,0.0494534123472636,0.0197677568187394,0.270353369099177
12617,5408,0.0613526783243642,0.0171197796376882,0.0466589050894295,0.00636114248984138,0.0288395057328798,0.117606495611084,0.0287573619607122,0.360231152254199,0.0677356280417147,0.118303665773931,0.134212125435424,0.0128215596487314
16641,8534,0.0461137410282521,0.0107516789437134,0.119779657078744,0.020344198173601,0.0285097782719996,0.197071735482732,0.0508299001872862,0.313064686302783,0.0113407664792188,0.129162937745932,0.0621803883129902,0.0108505319927484
10563,17707,0.00808268763448082,0.0117091926459683,0.0563226448468151,0.0107758439931397,0.0801532650213782,0.132415653055068,0.0277932774299068,0.265677987327838,0.0303773519676623,0.113131876404471,0.0200021603045985,0.243558059368673
12223,16257,0.00356451171921068,4.95754694680311e-05,0.0821500224835908,0.0127309227185211,0.258910494433769,0.116738949559313,0.00267249249178935,0.143952508702981,0.137537518889881,0.0505923763231917,0.00568500423692289,0.185415622971361
13176,7817,0.0183776945881124,0.0137042901008921,0.022928276795551,0.00739413835105478,0.064243974812612,0.110514418476117,0.0294086151462197,0.400915402299673,0.0520116031571697,0.105538418567795,0.149241500835466,0.0257216668693375
10538,5171,0.0234580202646832,0.00856180601699349,0.0110807793772538,0.00321964156951787,0.0788571920557228,0.156348579625684,0.010012885227729,0.4472591570605,0.0695763005558953,0.147566311389538,0.0379472303166668,0.00611209653981561
8742,7826,0.0385328121421592,0.00722024715509608,0.0635156959326917,0.00854511126005941,0.101202427151688,0.0951504442356767,0.0596190470943416,0.358204765247936,0.0595413747266457,0.0988207859335823,0.0673328454166262,0.0423144437034975
17612,8773,0.000499201894295502,0.000401121522660025,0.00444084271051379,0.00194018346043123,0.00124708815684588,0.0648711421410049,0.755081922918728,0.0899832209614058,9.52892773286552e-05,0.0725619780156474,0.0049338528985992,0.00394415604253932
9017,6861,0.0558819696862123,0.0282366027028003,0.0341634566652528,0.0319542357289442,0.0361326258910695,0.146580077376776,0.0210472252144812,0.425066934337782,0.079560458257586,0.0609610425985597,0.0501464875789737,0.0302688839615625
10677,5411,0.0317179115262722,0.00513965555784066,0.0157276327969381,0.00422684039948165,0.0797853811832245,0.177722664506894,0.00770636647671844,0.48420600117235,0.011802237537172,0.132780119309283,0.0325944884527935,0.0165907010810317
8621,16747,0.000691001638855556,0.00108461278086619,0.0222201942488652,0.0101780341819157,0.000845259041265146,0.133474525510137,0.597591453584145,0.0510364053199885,0.0174379983331991,0.130975691878239,0.0300076147125162,0.00445720877000748
14849,13118,0.0306355562244682,0.186224902687545,0.0491373065847535,0.454902283440266,0.0356425645965977,0.00730213851341024,0.0196084453786363,0.0353903360753007,0.0486397753292015,0.00899060597616591,0.0920869551091673,0.0314391300844875
10123,5413,0.0523908272664553,0.00650721023468083,0.0174964337522749,0.0135413179714583,0.104108652666673,0.23843866451044,0.00714345254146171,0.279623009030788,0.046205440772152,0.112472785398755,0.106679431330672,0.0153927745241889
9582,12164,0.018138718115753,0.00187680129354174,0.0361629143163971,0.0192294187502746,0.181751008927217,0.154454391426479,0.00713219565705911,0.330375455099419,0.057391593585762,0.0841946253061948,0.0754473891116638,0.0338454884102389
8881,8067,0.0357401590418489,0.00275233636250021,0.0759145581083459,0.0138007695747191,0.0940706119508791,0.148438214598763,0.013443267784708,0.292634379048932,0.0574825527858926,0.129872147701999,0.0951204750788553,0.0407305279625573
11651,7579,0.0234374175958867,0.0293818554215224,0.0643192493356852,0.0102728693454655,0.0578514876078272,0.156415873494508,0.0495343604876367,0.237158667933759,0.113348731386578,0.116047498877833,0.0663570213547569,0.075874967158542
15262,11912,0.0572718653011409,0.0377827074254038,0.0397975980032739,0.0370392594930658,0.0312924491490716,0.146000945815016,0.085219359740069,0.183451653879367,0.00980784037369691,0.107911781674364,0.200009326803629,0.0644152123419019
13040,9023,0.0281656136563968,0.0267295091253904,0.0990929468493878,0.0277410679959914,0.116931767947572,0.129133253863528,0.0387372202690476,0.283823620470079,0.0305428676794368,0.132755473417634,0.0659562885035675,0.0203903702219673
14142,6128,0.0605732754974623,0.0123930986434978,0.0591436853093409,0.0638033786019293,0.0668065598594391,0.138087866379604,0.039037910235869,0.231020589534926,0.038746184248902,0.126722249535347,0.124667880823067,0.0389973213306151
12487,9989,0.0224918636005119,0.00657946965722013,0.0405106430369284,0.00562318361569225,0.0387151618762387,0.206376602040369,0.0142008026705618,0.351611914499554,0.0351723894670925,0.162426784040173,0.054270740179176,0.062020445316482
17066,13113,0.00821465892759351,0.000820025471404362,0.108434709337193,0.0255148451913342,0.0855021634249619,0.319563088299642,0.0113384784631978,0.174090945729794,0.0689854541081834,0.12951801449475,0.0535821000923441,0.0144355164596014
13192,16014,0.0224751536113812,0.00559419512222992,0.0467368848656744,0.0343131693260168,0.0851779339227239,0.0960470146692032,0.0125332789567088,0.287767471680624,0.1148273028605,0.125798858718967,0.089960005220081,0.0787687310458898
11795,10231,0.021911821935338,0.00594804659723198,0.0360147162012616,0.0103412811149114,0.0922256260642588,0.174957117345182,0.028080930869065,0.411885782706864,0.0531753594137862,0.0977332155143605,0.0349044378741167,0.0328216643636241
13588,6129,0.0197895463638171,0.00393470933788906,0.0170444395687125,0.00865577511494627,0.0304486009182091,0.324154707237783,0.0180386100006351,0.240277916661628,0.0928856742427608,0.163810444722973,0.0625247705475189,0.0184348052831267
11098,8063,0.0402121463613842,0.0139512778383092,0.0566871262961174,0.0124134718643147,0.157331456227246,0.264043262502431,0.0108056211796535,0.151365375693231,0.0542768336741007,0.0985150404929421,0.120505924183896,0.0198924636863741
15263,12394,0.0219526048814956,0.0983866426254175,0.0983113132162662,0.124937366140131,0.0149603642194431,0.0298404745861268,0.210238838440577,0.105592835983576,0.0259001161057078,0.0497800956309862,0.174517217245668,0.045582130924606
14432,12396,0.0461170481374483,0.307125919711041,0.0302312088234411,0.201647718668137,0.0231510418018247,0.0214008730553418,0.0287157410577916,0.0868323657553579,0.0379063733627941,0.026140430211543,0.134115852010108,0.0566154274051716
11533,17464,0.016734780253265,0.00100175193281886,0.149755609888248,0.0349218752153537,0.0795396932674037,0.072997125179431,0.124020139922977,0.202135187787252,0.0725635066714513,0.109181545474817,0.123064424045869,0.0140843603611124
10542,7099,0.0388084466450826,0.0139780673725362,0.0206634481743717,0.0123678835796464,0.0718345827844602,0.136450970846703,0.0201789146784856,0.345026855615378,0.0571010784813267,0.11843907223441,0.0543841395897767,0.110766539997822
12493,12882,0.0645941291795193,0.00260853369535763,0.0344187690030355,0.00740708120455252,0.0225713634725614,0.161564174738238,0.0161906461520269,0.284814192814673,0.0702964208113117,0.128662748785165,0.158466322114996,0.0484056180285636
9177,17228,0.0101412347496032,0.00400225043327623,0.0946039665817381,0.0245973860963248,0.0507216089407792,0.166081745536291,0.12491747888638,0.137337386465283,0.11958968225657,0.105590219714917,0.115267120129826,0.0471499202090113
10829,11921,0.0168034691499056,0.00486818382340257,0.0368576470206327,0.0196209561607674,0.0598791855227813,0.100987521837305,0.0203394152214261,0.333034130033986,0.103497265960166,0.117057260276379,0.129725787891701,0.0573291771015473
11788,6856,0.0491727024717112,0.00884350579972609,0.0810745459465712,0.0188483220448693,0.0483403928390534,0.17061436290199,0.0667718215689078,0.219272590974846,0.0341535924406155,0.0812114760556774,0.12071119799552,0.100985488960511
13590,7093,0.00802133830723535,0.00977916534847085,0.00654147036893334,0.00445355615611007,0.0635242154051174,0.433372085642136,0.00373948901425969,0.314514680345517,0.00977868824508121,0.112077954190088,0.0174228192383113,0.0167745377387403
11784,4927,0.0383031405802275,0.00658340099718879,0.0666646441345479,0.0103491856194985,0.0708491145933713,0.258620605485261,0.0220419445830903,0.252523032992862,0.0258060885869707,0.126152881766853,0.102844631306426,0.0192613293537041
14693,4198,0.0153396369164604,0.0303740560884049,0.023838542298057,0.0108010005530569,0.0403347442627736,0.0836875398647201,0.44131327194986,0.118074125555357,0.0219024189917168,0.0746051980100322,0.109400313427981,0.0303291520815799
17621,13595,0.0159027609605195,0.00898483556485086,0.180582917773968,0.0322968001105611,0.109477749816798,0.24373671145055,0.0213105122560421,0.124129555115258,0.0808440118160501,0.100639741552856,0.0568799259245325,0.0252144776580144
8738,5898,0.0179079242852,0.00438141529239382,0.047650665173092,0.0158953993236031,0.150111125430412,0.126067503711487,0.065783816535341,0.336547204369484,0.0560737631097674,0.0838209378636703,0.0422986588103179,0.0534615860952314
16499,6846,0.0260141437598116,0.0383244096868087,0.0802738528419244,0.0180642129925041,0.102552945919209,0.0918918902116963,0.229242007659741,0.183609152730595,0.0155124986058309,0.0785670656178392,0.121684408703559,0.0142634112704804
9431,6137,0.0555092031842982,0.00553798774802598,0.0128792027077856,0.00398090732419035,0.0880252916889038,0.151671838590831,0.0074641243615586,0.492048834272497,0.0182954410867502,0.112795380373038,0.0426714189041231,0.00912036975799876
12488,10471,0.0237208173443968,0.00409255268663412,0.0780932899116984,0.0151503303992355,0.0941297094129063,0.157293335360408,0.0163346768123187,0.42707104075146,0.0416317481571143,0.0752821749455762,0.0307060062304391,0.0364943179878129
13449,5888,0.050542967752566,0.0042313687471543,0.0572215558482474,0.0154505428722697,0.101086554384798,0.190349652297582,0.0089459190642063,0.29760820161323,0.0344437341057977,0.110410351275778,0.0928894424987652,0.0368197095396057
9987,6618,0.0251088303333637,0.0166707219768159,0.0187379989739682,0.00966660027123873,0.0687205211614893,0.120906488343558,0.0137452489523202,0.442364414116869,0.0622364439343408,0.0901269317037846,0.103124968811067,0.0285908314211855
16517,15526,0.0118949387045245,0.0101670718221112,0.086059998066691,0.0240123960003423,0.0644496589608657,0.200693017934905,0.0278700725361926,0.125008151117648,0.140047853520751,0.135636457719141,0.0851345238061717,0.0890258598106557
12082,15052,0.0121499850736006,0.0216613537684661,0.0888438198964785,0.0916191419312251,0.157758593935587,0.10305575333999,0.0712087503349667,0.160755703712645,0.0666530884285662,0.0595313001369426,0.0706886029481972,0.0960739064933346
16221,6365,0.0270928121671336,0.0127496788860795,0.0430768123831097,0.0103321029759753,0.0584394303897625,0.085221305781855,0.350469784715924,0.164337972369554,0.0807418507436052,0.0455853537955845,0.0690223136282457,0.0529305821631709
10969,12644,0.0237539046484685,0.0164596291953652,0.0522393816959555,0.0411409031777459,0.0789002224737437,0.194498784526628,0.0300876737426523,0.285557830606118,0.027033958371807,0.0633130387035129,0.105775013465429,0.0812396593925749
14994,16252,0.00583985372883589,0.00438074691295395,0.0700053972222057,0.0153985073509017,0.124793619674876,0.150737588924098,0.188428461604397,0.121792362567854,0.150089962434564,0.0942761132859042,0.0431503547290235,0.0311070315643862
8048,7104,0.0469462362914243,0.0146289908437967,0.0314727562848375,0.0315773309666359,0.0934489770497666,0.159467030977031,0.0189815778082162,0.301400824162937,0.0397109486917599,0.0788655596355712,0.113376962293614,0.0701228049944095
17895,11665,0.01147069959668,0.00920806242081089,0.0726358314914418,0.0210487213126605,0.10218317219112,0.117151758737267,0.248665034057773,0.178555233273357,0.0260460072891059,0.0842471287567934,0.0507782220794317,0.0780101287935596
9437,9030,0.0579085752588765,0.0180669200698431,0.0292486370801468,0.0101642967240781,0.0917039159258775,0.12419086040108,0.031338816868948,0.358897247195971,0.0238251814412706,0.146380754450364,0.0534880606032779,0.0547867339802667
12613,3479,0.0245777509945349,0.0124895972910044,0.0528788633920758,0.0178222378357388,0.102782120494639,0.207100354058869,0.0232513692407815,0.210660579629413,0.111461863836106,0.0864629057859096,0.126718794974553,0.0237935624663753
16366,9499,0.05644077752079,0.00265807764225908,0.0522891600653493,0.00502279035946888,0.100136457408835,0.181377604288064,0.0104175759130626,0.306969844712901,0.107196506173698,0.149085494100502,0.0206588852077971,0.00774682660727254
14303,16977,0.0298921396059779,0.0716705354554512,0.102577352898871,0.0700754578674079,0.151337847103936,0.116518215111501,0.024588095954874,0.0982535395946173,0.0442588432499105,0.0476606059425971,0.0982089943897587,0.144958372825097
16375,13838,0.0200653647589299,0.00778391197181023,0.0714964205695567,0.0187541601039669,0.116553027399488,0.194514174958407,0.018670256862243,0.181861728706769,0.0978389722189121,0.0957505542676835,0.0875891527024919,0.0891222754797419
8608,9996,0.0358105841647455,0.00610604714576545,0.0369193553104251,0.0121628002195543,0.121239563504056,0.188753743734187,0.017531217241943,0.310530825069686,0.0565371403115273,0.0914171920090511,0.0689145882487673,0.0540769430402916
16792,14561,0.0229632039650151,0.0126155618616515,0.0380740322489763,0.032435912503418,0.173207511064549,0.20674268979618,0.00796822540119195,0.152458378681805,0.05030164031486,0.149613457864832,0.116292895764832,0.0373264905326893
16921,9980,0.0458654274988983,0.00659619175566379,0.192958308300593,0.0249025826322049,0.040075660876755,0.185107611632457,0.0484167769213014,0.26353155700532,0.0566046645698598,0.0981958997902761,0.0218800997571395,0.0158652192595308
14417,5163,0.0398072118857559,0.0304551087486788,0.0563972149777373,0.0334198510797773,0.0582355818671339,0.167719656950097,0.0226096877685639,0.322622115084744,0.0170993919405607,0.122916324814623,0.102974284945008,0.0257435699373194
9845,4931,0.0338347926205752,0.00273634646056295,0.044272208248827,0.00631615557367746,0.129493096733434,0.177043236204958,0.0193860489847832,0.392777710358777,0.0459082186712457,0.108532634806976,0.030976390413436,0.008723160922748
7913,8792,0.184377440389853,0.0600994135021319,0.0780724138368729,0.0663838722862362,0.0524801249829805,0.0681336378725967,0.142776414837769,0.106914353074031,0.033615545658576,0.0563732789882175,0.0981671458829093,0.052606358687826
13447,4924,0.0266363022284794,0.0353123010069964,0.0269850414139103,0.0155657763936949,0.0682092872709508,0.13759843327842,0.0195851690451468,0.4547366844132,0.00823979404451565,0.099364213039017,0.0807237739690281,0.0270432238966412
14291,11190,0.137516833162326,0.0180226412660409,0.160258987660328,0.0347606591494149,0.0376337258465211,0.111099103503139,0.0459806012473828,0.197242653380895,0.0268915683039125,0.100901151097661,0.0708210487506877,0.0588710266316907
12480,6131,0.00863476925701793,0.0023237322318147,0.00979706079169559,0.00243123453833075,0.0349888732247881,0.172874604161414,0.0104097852442045,0.518685190045218,0.0238526921241305,0.130788187553517,0.0379392407802915,0.047274630047577
9168,12888,0.0228486353035104,0.00497878868995683,0.033013062898913,0.00974866958225726,0.168332184544638,0.181398446535253,0.00436954789319755,0.244301166957346,0.0674915360458758,0.124523477715791,0.067439085549471,0.0715553982837899
8190,8792,0.0713389679527158,0.000678041637165296,0.0253081130923153,0.00479346210078225,0.104005125178161,0.177283410714032,0.00810838382148881,0.371816298507828,0.0183124948738177,0.123866873410436,0.0553912539395848,0.0390975747716722
14277,4440,0.0276728939408191,0.00511261408669127,0.0159218636079715,0.0159550094430813,0.0507435354390368,0.181206494104227,0.0468989535036708,0.464669037831301,0.00455669147950362,0.104745118767114,0.069844436987721,0.0126733508088625
13030,4201,0.0619285909705938,0.00623332369980804,0.0341604907272222,0.0344462854309494,0.0405670350364431,0.24865735318029,0.0224771053353141,0.279313251686054,0.0480117937660639,0.102553592107342,0.0351736912101028,0.0864774868498164
18035,12388,0.0192951466956864,0.023599174688733,0.0701327810578974,0.0595684026503791,0.0036547645194858,0.0446199262324469,0.444780452282148,0.0957856801648253,0.0543434922489174,0.0251739313450886,0.0671959813076656,0.0918502668067263
9998,12404,0.0222316607510487,0.00233662446765015,0.068673433873621,0.0127525587440356,0.153538820858777,0.117080797838266,0.01878385671255,0.321875302431564,0.0530653338635006,0.13678612895028,0.0701110013672088,0.0227644801414983
11922,4686,0.0414695044996773,0.0125197495623653,0.0121167453722948,0.00845041920781032,0.133631442613806,0.123984877139205,0.0119332863379913,0.425104385903066,0.0391556317586353,0.0995970526569379,0.0616334732161561,0.0304034317320549
16934,16248,0.00763861515761815,0.00286990009388372,0.0126897181034525,0.00420300107218603,0.0839959674375789,0.249944965111,0.0036208680663427,0.323992815152919,0.123375174750936,0.100506975699381,0.0692241021754665,0.0179378971792346
9570,6378,0.0458313459235638,0.00749193426773804,0.0296123865467756,0.006359363978274,0.0959845794532793,0.193246001890365,0.0133597945769667,0.418289630647253,0.0845336869592612,0.0618661617091616,0.0247537307460486,0.0186713833013123
13586,5164,0.0223402704006181,0.0145389532075233,0.0153920408177517,0.00553940049299083,0.0191328661559801,0.182418177324128,0.00835927540156999,0.281588974189925,0.0173089049983,0.200388271061405,0.127657537963558,0.10533532798625
9015,5897,0.043054556962827,0.00311165286692265,0.0672143144438102,0.0106842239829477,0.0931061528062416,0.125198289509224,0.00962852851251035,0.462408923396607,0.0411203737095022,0.0933991767727842,0.027366712422042,0.0237070946145813
10282,15779,0.0465605134494137,0.0148419125348901,0.062893510767006,0.0171787091739629,0.164897295959565,0.212194068969652,0.0156623967308691,0.198753132804024,0.0715739196760464,0.0902040639455182,0.0859350021424078,0.0193054738466454
12908,12640,0.0159111666566557,0.00854559402075073,0.0153044779095758,0.00726464266200167,0.0989123126832932,0.0724768876081426,0.0148881651307164,0.273836201226808,0.120660461814626,0.165353077067966,0.136593106116397,0.0702539071030676
14986,12394,0.0256768827523313,0.13173335448381,0.0731139077531955,0.230876317443314,0.0332402849871521,0.0914743837251861,0.0836434268940397,0.133713377549252,0.0182186494859555,0.0311281025194887,0.0773504042514987,0.0698309081547757
7914,9274,0.0302850861006539,0.00553559275896669,0.0421580891438425,0.00856843703327085,0.117936977006102,0.196547168001679,0.0219651112025669,0.230566298370467,0.0569594059653386,0.141237854191735,0.0864103623748121,0.0618296178505653
11786,5891,0.0248072342441372,0.0167997017730504,0.031960205077031,0.0143765170867539,0.0917723618284832,0.187043622099688,0.0221372326633072,0.365266461683349,0.0241846933954281,0.120348493235833,0.0635161804185834,0.0377872964943556
12635,14569,0.0734129897899229,0.0206335090245427,0.0381334643366444,0.121938381654357,0.154254040826204,0.0610046146417759,0.0614499311043097,0.108370632006311,0.0838481271474601,0.122064386610344,0.106337640920159,0.048552281937968
12074,11195,0.0304233324248471,0.00107914653073837,0.0572653296935987,0.0130194779727347,0.0985059148480818,0.201073582763247,0.0183628080814003,0.244963844616141,0.0788127093178068,0.0999602257778824,0.0869696039614253,0.069564024012097
17891,9737,0.0371984277333555,0.0584320381480584,0.0878184872588118,0.0329832991433072,0.0761625248317979,0.0504888935396119,0.299489866331027,0.152899922194315,0.0220537151232505,0.0924227616448106,0.0654521697905749,0.0245978942610792
15677,11188,0.0429901774535346,0.0069127764614264,0.0707921165749445,0.0288196816033807,0.115585259556486,0.115901018257816,0.0343993531818556,0.405532983697997,0.0319515752021451,0.0986979353230115,0.0332498687242404,0.015167253963162
12899,7818,0.0203098953183051,0.00576695515911814,0.0343391964854382,0.00523788695916897,0.045340671782911,0.27698441376602,0.00807128006683515,0.404776835284783,0.010638275740337,0.132891150024309,0.0489955357051756,0.00664790370759845
8201,14578,0.0391519679038962,0.0372725105543146,0.0680801252815953,0.0724778796812886,0.0414581842350485,0.111299717560517,0.271543004646683,0.196778319738032,0.0241817780569697,0.0323917070429019,0.0646136510326482,0.0407511542661052
14832,4439,0.000938098155214305,0.000492797165045284,0.00771898602660233,0.00345098285739843,0.00308812431663463,0.145786447989415,0.618139873796239,0.101538827818912,0.0328106904086083,0.0718440385369947,0.0119686865088363,0.00222244642010035
14021,14566,0.0234782955158285,0.0219635614835989,0.138223155110945,0.060664758749925,0.0397143728009029,0.0563644325318747,0.171354038989247,0.122951932530417,0.0525330845945102,0.097106576530122,0.159671266026503,0.055974525136126
14562,8297,0.0441125495835851,0.00641829772459539,0.0427907786627284,0.0201249938766877,0.0897408349892667,0.205912690382838,0.018365033703316,0.291769866662426,0.0390057090686323,0.148861255166248,0.0382342788996606,0.0546637112800163
11653,8544,0.0190719144899542,0.00509746199415431,0.10728333318377,0.0331927518291127,0.00802079821198121,0.216180167460941,0.194318567110046,0.238822042894619,0.0244414474699722,0.0496123986346287,0.0667068175007119,0.0372522992201087
11380,10473,0.0152843689974891,0.00384358139217479,0.0352176665858037,0.00916375106307287,0.135151924356195,0.140881424687089,0.00850073944560514,0.335769893875067,0.0625440287619585,0.131937937476558,0.0875006306750247,0.0342040526839627
9581,11682,0.0309217481567572,0.00177283683992717,0.0539462057279712,0.00821395800184733,0.0748710506091463,0.136809728250158,0.0213267959917644,0.39407567051947,0.0847987694191774,0.0657633021123864,0.0633346573302273,0.0641652770411674
16931,14801,0.0198085497016146,0.0240606356049182,0.104515000680781,0.0242821047779666,0.0979576741281904,0.112907997962425,0.0318510302094135,0.332155423206722,0.0463715657352625,0.104012578522728,0.0380250933514685,0.0640523461185097
18590,12869,0.0103124752377724,0.00103579783883577,0.143798276531383,0.0387384615105052,0.0264733628359084,0.145043067397456,0.0838746913942092,0.166437436352953,0.191825539030864,0.12009770735891,0.0459422511303016,0.0264209333809019
14980,9501,0.0311992279152502,0.00586995988818776,0.0948515322029648,0.0442463590334425,0.136510822872636,0.165182292846242,0.0433906074222602,0.219235893088682,0.0287314366271752,0.147254280038355,0.0403441585146759,0.0431834295501285
10823,9028,0.0598836905400952,0.00160541004684545,0.0856855224481893,0.0105109289476213,0.0422040241745022,0.154029748090835,0.0719020963799704,0.289253514851457,0.101053293734815,0.0857186934474281,0.0804164004662705,0.0177366768719706
10956,6375,0.033422053103132,0.00898553162943723,0.0315937793038697,0.00607187864461921,0.113946197294543,0.14856098701534,0.0265485365804554,0.37735691398854,0.0345468966422837,0.12775264107774,0.0596992314137787,0.0315153533062608
16101,15285,0.0180568987853693,0.0153468246858588,0.0372480916604323,0.0815370738931208,0.0855637014490118,0.18792417948721,0.023211009589018,0.252742878195484,0.0553092818450579,0.117698734244212,0.0907732942819981,0.0345880318832272
10976,16501,0.0434779874832078,0.00610839403871488,0.0244204097857729,0.00877240688266383,0.183036164550213,0.154660147217479,0.0134921372729297,0.343231158680651,0.00790936203520441,0.118138098147768,0.0627217123569654,0.03403202154843
12770,12881,0.00588371532715447,0.00509640383917378,0.0160491288617844,0.00511367574512471,0.0958151268401423,0.129432731132669,0.00784847625562578,0.251942773341868,0.126531095106447,0.0906103972432027,0.177963984783621,0.0877124915231877
13052,15291,0.0417345011982755,0.0528683841950619,0.0645888577471494,0.0799258587735886,0.185355115279581,0.0841548054338684,0.0540907706795607,0.147727673003571,0.02028609105544,0.0842453069363844,0.135745649665175,0.0492769860323445
11519,10714,0.0477543023119615,0.0127893389563916,0.0387208543618274,0.0110440391006313,0.0835001612606165,0.16732191079462,0.0211428532657133,0.410255443487972,0.0621512846344097,0.0767059969801857,0.0303653631784045,0.0382484516672658
15112,5885,0.0324521454982462,0.00892435146664622,0.0178055009770985,0.0111637127840786,0.0797329145090136,0.250757197617778,0.0321273869399077,0.363163250863518,0.0288343737275813,0.102254231728555,0.0276349727697758,0.0451499611178012
17618,12148,0.0287686103181379,0.0467786081556429,0.11296179247506,0.0497397131356695,0.0509726628864252,0.0816160978686706,0.286480140929042,0.102568345281841,0.028527958144238,0.0778300938525529,0.110636982610343,0.0231189943423775
11090,4205,0.0415460443293488,0.00537841691177157,0.0276140040520141,0.00966347166000651,0.079820264402301,0.147648777493108,0.0116869673152182,0.417698810465484,0.0463479172584399,0.107415778577199,0.0518558071799873,0.0533237403551213
17198,9979,0.0630800949574906,0.00988006701910647,0.0877172222986676,0.0250996555474593,0.0858973459896319,0.189586517855041,0.0184011878969807,0.290732087288707,0.0589648784511385,0.109035075324764,0.0388588541858506,0.0227470131851628
8599,5657,0.0306591473538161,0.00598087097825538,0.0393715440293219,0.0301058441887409,0.100483650527199,0.0572121552393397,0.256794360752483,0.216745743344819,0.0205375322182929,0.0805557964079666,0.0489670002266737,0.112586354733092
14558,6368,0.0257697608972898,0.0158027126379096,0.0686686168712267,0.0343174995212918,0.065204598888927,0.170837068176088,0.0422159594205301,0.358401332430505,0.0421276048546389,0.0907506641026769,0.0330757063002713,0.0528284758986452
8062,14337,0.0848694393161736,0.0595112282921337,0.0865767401229311,0.0739057665108203,0.0203425730422898,0.0480016748656684,0.395791308058143,0.115033780696687,0.011559276381654,0.0378521298521297,0.0594698294868501,0.00708625337451991
13745,15049,0.058051760186642,0.0104773321918639,0.0746903616885667,0.0691352374295286,0.052329500193939,0.110813816132013,0.0595257287888129,0.231550378744552,0.0786624003318654,0.116581933187113,0.116964198848412,0.0212173522766913
14276,3958,0.0215517873874204,0.0425089500176963,0.0359770524722088,0.0101339304938347,0.0489401076582297,0.0722734999570823,0.448935502268968,0.0934203415143524,0.0554825742911771,0.0571844919399611,0.0863577065736897,0.0272340554253797
10821,8063,0.0708838192660337,0.0122721624524517,0.080136496051116,0.00578317226507999,0.116294090535905,0.150246395563916,0.0194526483625189,0.30241774506015,0.0338441330891127,0.0839044443902641,0.0898748805911569,0.0348900123722951
11921,3721,0.0405796004400354,0.00350401378974851,0.0262004492399796,0.00853124317157795,0.0859302442144319,0.21819369197934,0.0172252758539895,0.330475369379746,0.104225731276782,0.0938669522230629,0.0443643859530123,0.0269030424782939
17068,14078,0.0345750458621916,0.0256915231901133,0.0875313841052359,0.0278201149914772,0.0640423052514171,0.185815904420955,0.0698841083661923,0.185849780436038,0.116607902055953,0.0915072284398206,0.0678525946169032,0.0428221082637026
7785,14338,0.107693696371151,0.0489338149861486,0.0854944940740339,0.0359325208526698,0.0921966512629639,0.0628201057478482,0.0850175555568477,0.216729807448673,0.0225063325903877,0.117658838652664,0.0933559398730149,0.0316602425835961
12619,6372,0.0322551180595038,0.00746211661870335,0.0277751076988495,0.0107835989541379,0.0711164442677744,0.137978273244927,0.0311554802417378,0.40268114363666,0.0661433461892004,0.125795192110594,0.0637757248143506,0.0230784541635609
12341,5890,0.024063125854446,0.00507063349169627,0.0587095173344208,0.0173361511038522,0.0476568191179046,0.168402914043186,0.0182875001131142,0.412668079239789,0.0559741974259279,0.117165754770791,0.0504553483275224,0.0242099591773494
14283,7333,0.0304132889130134,0.0049536088254531,0.072563762849828,0.0111799455573977,0.0524911857528263,0.270952894019994,0.0229080695307412,0.400923515346641,0.00260053999202268,0.0770641495083395,0.0252909581536866,0.0286580815500563
16925,11908,0.0289398000680289,0.00122789611840202,0.0431848347589915,0.0226520237626062,0.129217538017913,0.264231739160281,0.0213064804344411,0.314327333828121,0.0173071774065402,0.112545761862785,0.0139849699752569,0.0310744446066332
12621,7336,0.0510500028458735,0.00824678312096816,0.0786954234117123,0.0130370324427469,0.0508466367204303,0.132050470004731,0.109501438757045,0.214363716258411,0.0510859442141083,0.135272594837648,0.07484999815294,0.0809999592333853
8606,9032,0.0361357938720002,0.00215437691336079,0.0361877599158365,0.0111977401828022,0.0955909345208638,0.255223049135498,0.0177900006634176,0.339102470640163,0.0208901333158326,0.0970962711261714,0.0631764347309229,0.0254550349831312
16232,11669,0.0563041874193651,0.00345472218974941,0.0416931966700742,0.0133283200101953,0.100427086469055,0.18469698185231,0.0173177672766144,0.268025095465224,0.0536792917974253,0.138791904779249,0.101421372004753,0.020860074065984
7783,13373,0.00140736355125352,0.00508042641449971,0.0326602440202127,0.01327371946943,0.0443027883254424,0.122428233200272,0.414732298696907,0.198551446476039,0.0343560334609221,0.0556533583213659,0.0286747620255015,0.0488793260381539
13874,10468,0.012806713076269,0.00564827350906809,0.0896763062814539,0.015498091634653,0.0775585263994195,0.215272751768139,0.0240835214519761,0.290552675799116,0.0543550717345994,0.103583872204109,0.0537811963682344,0.0571829997729617
15268,14805,0.0537777984658233,0.0775035922903642,0.0567083979075154,0.0328583353068336,0.114961436676634,0.129942837305959,0.0340350819684764,0.136364382333856,0.137750441782157,0.0972473861967535,0.102129149322695,0.0267211604429317
9716,9994,0.0420645353445353,0.012950734099466,0.06528921549921,0.0264856361058241,0.103370905880199,0.168281389739866,0.0530966551876473,0.300214765378724,0.0370645648698971,0.112217011425885,0.0433841064548826,0.0355804800138643
17487,15765,0.0109094192730742,0.00224080784756784,0.0442091743183534,0.0177756166265439,0.0244916383199424,0.0790856021257566,0.476240272071334,0.09150097546466,0.0238053760967333,0.0764593584780684,0.0393306719259923,0.113951087451974
10550,10957,0.0247469873713533,0.00467451679121693,0.0524101671805751,0.0212328843342038,0.151796888664032,0.198253630422468,0.0453694231565965,0.292513421731094,0.0199848761814592,0.124518988500359,0.0305822005694566,0.0339160150971856
12476,4202,0.046852173504241,0.00879143830891256,0.0447248594097966,0.0101487806175998,0.103983596528129,0.241996600349538,0.00897371032697404,0.39027689471942,0.00150616344935058,0.0909763539012129,0.044020275129528,0.0077491537552979
14695,5162,0.0239146513699978,0.00746972059426021,0.0200926899166341,0.0137664338838526,0.0930150156022586,0.222045022629196,0.00799364110932822,0.475878084928552,0.010634423678779,0.0861584164909062,0.0174345197836199,0.0215973800126154
12909,13122,0.0247499087424016,0.00513186706158046,0.0352463864494317,0.0347638857483855,0.111885350820211,0.136563581952636,0.0259327928288144,0.271791137841727,0.0732400785345873,0.132877091104375,0.0761483957152592,0.0716695232005909
16656,15766,0.0140676741021132,0.00867677192885619,0.204643186018628,0.0339216024665105,0.0395592291530753,0.0819947448726227,0.0777854739066161,0.205477450533928,0.0930625871992208,0.0511295264253727,0.139998514058644,0.0496832393344124
9731,17227,0.0193089892272731,0.010468449861563,0.0223165902972199,0.006831356990002,0.114818966445084,0.200229644860299,0.00388211782058728,0.302500319273854,0.0714360482447978,0.112141915130091,0.0689341454802893,0.0671314563689392
8600,6139,0.0234236936101898,0.00733639250808711,0.0596370954928635,0.0129565357875341,0.0404728539114634,0.167513688145883,0.0960422694265674,0.337932187477897,0.0466277543738557,0.0889485809234882,0.0718701689327425,0.0472387794094279
9300,9754,0.0325035151462371,0.00522712491502979,0.0334612420684649,0.00999259048140006,0.0714325831743091,0.143830816315428,0.0117210702245012,0.383746779841845,0.0468175420598331,0.148724944215106,0.0382191507785083,0.0743226407793377
14436,14324,0.0245156060701192,0.0106644971238582,0.0712886361452082,0.0900805878072853,0.109303746570326,0.119289405632567,0.0380865991531261,0.221706464353419,0.0431813133760354,0.101448483124417,0.0988692199522971,0.0715654406913414
18039,14799,0.00855924590847891,0.000239545691010346,0.0543126268450936,0.0375417549040044,0.0659462108748656,0.289567599914404,0.200018359044563,0.151952068086742,0.0836018251835652,0.0792376456900264,0.0214958219850212,0.0075272958722256
9725,14334,0.0366916374518268,0.0092343595111361,0.0310176365393413,0.0152146128427588,0.121745185715765,0.165961450106258,0.0522537149012304,0.24643182285709,0.0767850449432993,0.0954365053894477,0.127097614604631,0.0221304151372161
16365,9016,0.0254094451202009,0.00247320026826656,0.0682632630116901,0.0171824269853769,0.0719072221351405,0.355887342818526,0.0156577715066525,0.282853938119442,0.00687704580938687,0.110638946617588,0.0307702102572526,0.0120791873504768
9585,13611,0.0179158190094107,0.00560434929675599,0.042102013830065,0.0203832310173447,0.0836821581040953,0.1772930156318,0.0125637449995625,0.466422836567696,0.0155363572902655,0.0608756026014441,0.0590687975653647,0.0385520740861952
10555,13850,0.0271380181708034,0.0552735324572253,0.080630332313678,0.261819358716832,0.0593810555105921,0.0408749705391478,0.0271318629514647,0.135472613814325,0.0793807089745303,0.0247780155144617,0.117204780156367,0.0909147508805725
12344,7819,0.0330948267175918,0.00431116110541673,0.170967838930363,0.0244884092836017,0.0463094725935169,0.18808317698597,0.0483480119826832,0.202510527761565,0.117910551010593,0.0851645227711838,0.0552611522188206,0.0235503486386939
9310,14576,0.036206988123881,0.00572114844928916,0.0576405206577236,0.0161405999685712,0.118910995775929,0.169406456332674,0.0112802333046737,0.31135425247521,0.0602989851068136,0.120001066471488,0.0638824306731726,0.029156322660574
12198,3721,0.0156494016351621,0.00209861697102802,0.0265635852938991,0.00863628100541425,0.0914619963577177,0.286840875632954,0.00877960073105895,0.323118206034826,0.0371435491371327,0.110569581817953,0.0205199493142079,0.0686183560686468
9019,7826,0.022493179329347,0.00614213820145183,0.0338439241720855,0.0102338313344636,0.0647556312805664,0.112754904644836,0.00815998610947857,0.470172172798781,0.0732991217815832,0.0870659182167601,0.0511823987369741,0.0598967933936725
13454,8299,0.0448280804816469,0.00407241021142544,0.0679222578654496,0.0145849401153272,0.0409189051314747,0.222072043978371,0.074169957107259,0.317279416982736,0.00805046699253439,0.147893831844287,0.0433895451198126,0.0148181441696769
16513,13597,0.0185617993444087,0.0622773356721411,0.0807201681274743,0.043093765295174,0.0288885460618796,0.0796098402074886,0.118814405579596,0.172640522466786,0.122754892040184,0.0714032918926107,0.176037106981235,0.0251983263310219
12916,16497,0.012846836615446,0.0153881989631087,0.0551607501218016,0.0408436605018054,0.0741015822080731,0.162585869150373,0.0499925057973082,0.163629531662382,0.0833772895435284,0.11588774716069,0.102283948913665,0.123902079361819
14416,4198,0.0471525336354328,0.0306571969393555,0.0392122678422699,0.0104741790831119,0.103015698533363,0.142392103780381,0.0297413624443122,0.294337708180772,0.105630691423388,0.0599539497616252,0.112437090392438,0.024995217983551
13313,7094,0.0559448350475436,0.0064327525432166,0.0410715747672796,0.0180754621626579,0.0424084291043527,0.18433884896177,0.0560504955582771,0.288553346624549,0.00806940057417869,0.173894551461389,0.0652635294114014,0.0598967737833844
8617,14336,0.0137067185262511,0.00214984247311883,0.0224215704741636,0.00783829511148123,0.234494922583631,0.1817203994698,0.00701407709256613,0.310179563127275,0.025776268257789,0.132370951699704,0.0394719701667469,0.0228554210174737
10824,9510,0.0599561558886728,0.00673252810496473,0.0182626592429123,0.00707127962039154,0.0636578330059458,0.146563969508183,0.0233236307805068,0.404806650802838,0.0471030973094209,0.0991004004315183,0.0759991066342618,0.047422688670385
15117,8296,0.0885193535062128,0.00766569830235051,0.0783781920463524,0.0209749991230803,0.0755428671076663,0.124236299964997,0.0247524273330393,0.317798473555177,0.037618879235974,0.122140883646268,0.0508359798596019,0.0515359463192808
14417,4681,0.0335404680284407,0.00284140584336096,0.0461909612644961,0.02172042695175,0.0380230800509242,0.218357455778022,0.0285702832559806,0.427969252208644,0.0137303000613594,0.112963000256828,0.0248128489310333,0.0312805173691616
10968,12161,0.0298090877840192,0.0050945945046279,0.088250946605364,0.02908370763935,0.0935623980139873,0.237749482563782,0.0100505385507378,0.212513646971238,0.114861818036699,0.0629841895182816,0.0484680254685983,0.0675715643433142
14442,17217,0.0109537846401623,0.00051318626937015,0.167962172704273,0.0396052405696503,0.159697979031635,0.06734235816681,0.0227468428804664,0.106489080270556,0.183149866596818,0.0971730957474415,0.0480197600443684,0.0963466330784491
8610,10961,0.00981594843007948,0.000302715082897915,0.0402621490811178,0.00529817659338513,0.161172983047697,0.191924822619049,0.00688040506299603,0.40018530172233,0.0682772352353887,0.0425760197603209,0.00935540197516308,0.0639488413895743
12771,13363,0.0247833912251585,0.0150616425158199,0.0542870489111925,0.0124522834180292,0.182890476749539,0.180412896859349,0.0165680667106409,0.145467625390055,0.112621384994602,0.0961096728225862,0.13477131005757,0.0245742003454572
15254,7572,0.0658668584649962,0.00282952828317355,0.0891676861055492,0.0408575577221411,0.108718812354065,0.152043074991927,0.0224333010083094,0.256318835435024,0.0575988097223902,0.128210195348455,0.0452708884222739,0.0306844521416949
16362,7570,0.0860250919279768,0.0350587665556016,0.0346600539460815,0.0263707694331261,0.0622968899084673,0.138991031964264,0.0255213164543009,0.290168461630878,0.00731559569908203,0.148921062409982,0.102444849170073,0.0422261109001659
11798,11678,0.0329968331683162,0.0101472781588645,0.0236644709707289,0.0149031795911595,0.139827569637779,0.122978098992969,0.00907285832038028,0.225750477361377,0.137254621690076,0.0991848577299334,0.141966925536033,0.0422528288423834
14145,7574,0.0658857064795633,0.00494028717780626,0.0514654776579303,0.0153630987961075,0.106008908486079,0.2038096152379,0.0166086049048378,0.239362382223719,0.022685613322182,0.15204484510502,0.0675656898332653,0.0542597707755899
15405,14081,0.00543825562359058,0.00866695115900295,0.0510613975065046,0.0245031922445641,0.190653109260113,0.0941516102232286,0.00712967999915786,0.209650705031943,0.157787367011032,0.119609752007301,0.111886096828956,0.0194618831046058
9713,8548,0.0187009136309586,0.00725938245005329,0.0484740373025261,0.0279357506156375,0.0673682408123661,0.130354460775813,0.0213834497700598,0.366687703338226,0.0398122052565249,0.134269447490503,0.0975149982145856,0.0402394103427462
15675,10223,0.0286235432414423,0.0207401316905373,0.0622629597277672,0.0336338596633572,0.162163338581381,0.132001020964094,0.00792627910327292,0.304522223964012,0.0234510212989997,0.116000006023385,0.0399082252931562,0.0687673904485958
12637,15533,0.0356214464871062,0.00726671320121853,0.111312717300432,0.0310296046223323,0.116013594264589,0.182015369025462,0.0691081068530711,0.172448631558636,0.0490157768280743,0.0870698986558758,0.110313855369083,0.02878428583412
10283,16261,0.0131028248312335,0.0122346135866767,0.0484519878007924,0.014863003725598,0.111909912504011,0.189008151352883,0.0171469309240722,0.223628156586065,0.01196276936675,0.171081163525204,0.129294086091593,0.0573163997051213
11381,10955,0.0565480327538281,0.0391872996283521,0.0625807554577207,0.0289337781743055,0.0683394223212293,0.106919477906,0.0564679393895125,0.28199944004138,0.0552850375050615,0.114085697590707,0.0869566367366623,0.0426964824952411
9301,10236,0.0355406161573323,0.0160981266494711,0.050789050170597,0.026963412817801,0.0454922159105253,0.124817509258416,0.0762726870250383,0.377191191664398,0.0318238065011155,0.0657649991258956,0.134456139429817,0.0147902452895926
8478,14577,0.0345580824845212,0.00342279544975669,0.0269909339815638,0.0127437813560463,0.159630953885407,0.176760871819814,0.00755031276057252,0.284139313937709,0.0707698461395977,0.125610638436102,0.075689926416299,0.0221325433326117
13309,5165,0.0732449153561353,0.00296779539644871,0.0262756429154509,0.0137184934171961,0.0564626689527814,0.274759463541457,0.0180105052685087,0.298398232552868,0.00178859542131949,0.139515101092622,0.0529349931290214,0.0419235929561919
8877,6138,0.0233831931514716,0.00681643450557142,0.150086880449258,0.0366065389344003,0.0734123323042752,0.18275646153104,0.0368613717337515,0.296971225740422,0.0614403617809044,0.0658403103555675,0.0405613361376892,0.025263553375649
15550,17215,0.0261244261745883,0.0368709721834634,0.0506937355907784,0.0160200698640461,0.0716209273896714,0.094231597844007,0.0221865190335844,0.416943351192677,0.0313049050011123,0.0790631343658377,0.0928673295178962,0.0620730318423378
10274,11922,0.0277766600306754,0.00389203337528114,0.092565429278244,0.028584860850112,0.0961927592696321,0.0810214431045993,0.025106527741273,0.319981929126033,0.0230664797110521,0.117322767307807,0.0529261933977433,0.131562916807549
13583,3718,0.0242174026527044,0.00386813281305989,0.0399755777902543,0.00831199409247842,0.0568368003743333,0.18274223320771,0.0261471732016873,0.370932527311293,0.0862905333317699,0.109637098652726,0.0739687402434233,0.0170717863285602
12199,4203,0.0156753189267284,0.00519786355628364,0.0297438852500459,0.00916608985200124,0.0858546703614119,0.183876934061315,0.00514165246216558,0.318180133628437,0.111469801453801,0.166447009752456,0.0563601992385735,0.0128864414567812
15682,14081,0.037727586481991,0.0468569970353331,0.114033289616967,0.0415276401904386,0.0642962609325628,0.194199820625925,0.0198991739729825,0.0999362417902456,0.0970269738003252,0.0583629789578381,0.0818200152863649,0.144313021309027
15406,14563,0.033328573322512,0.0593144663632386,0.0589427743653802,0.077006903350076,0.11398167511036,0.142690672524882,0.0597878911728508,0.216913081595248,0.00352381410451804,0.075534826527874,0.0939826935498072,0.0649926280132518
10690,11680,0.0286875929967687,0.00319921929085256,0.0653726584537165,0.0175102647034217,0.123982648622079,0.205404470626682,0.0193405024408667,0.241873498997404,0.0552941294640996,0.150607170978985,0.0504072643892281,0.0383205790358955
16368,10463,0.0311910664201431,0.0204877949995127,0.111509336514808,0.0511747720407215,0.0993097627338445,0.201025350136534,0.0190953875997903,0.250028167741862,0.0465902856426172,0.085846458940286,0.0382746528868984,0.0454669643429827
17339,11184,0.037597202050248,0.0120194082702443,0.0889989306244454,0.0310055978236893,0.079281770208025,0.206371637595778,0.0655338418655589,0.228394770542817,0.0518742790138164,0.104034863909276,0.059434423678959,0.0354532744171434
13608,15772,0.0191681223189845,0.0137282042193251,0.0516606320105831,0.0169871681558963,0.0265655672314728,0.220783142370219,0.0267462170067206,0.30776223287614,0.0748553422248563,0.109292927749041,0.0625105000591779,0.0699399437775831
12203,6614,0.0515360460303161,0.0100320966643861,0.0775874122704974,0.0234917103559358,0.0403256807362859,0.137686653824339,0.119817013228873,0.32961920960769,0.034798632201671,0.0868896839715213,0.0536629127299547,0.0345529483785296
16926,12390,0.0474347418333994,0.0268137997405235,0.104260484462064,0.108713471998469,0.0420920705768281,0.0492595972374589,0.0898072957903974,0.226415161175599,0.0501484758199754,0.114714253812723,0.107572456480716,0.0327681910718459
16224,7811,0.0639520027133607,0.00694708892500346,0.0600898866564885,0.0206117887016968,0.0755640932807681,0.125252098004232,0.0390256189504352,0.358246008233763,0.0178861323809534,0.112928501691559,0.0849373701813858,0.0345594102803548
11369,5169,0.0296791661331838,0.014239225618372,0.0151622978753177,0.00767366004218615,0.0783988189121051,0.221313225722965,0.0282304936162041,0.383607802550159,0.0103949824784434,0.114196682477274,0.0715641844165591,0.0255394601572317
10952,4447,0.0356783050898107,0.00669880123133873,0.054868076213727,0.0124509299664616,0.101473161092407,0.191533896604134,0.015731331792195,0.427029742812861,0.0201483152497648,0.0899253935679795,0.0191986075842376,0.0252634387950842
16654,14802,0.041592205923463,0.0150980719576671,0.0714154615087385,0.104053837472501,0.086494765897242,0.232349344784509,0.0713748019444021,0.156941754374408,0.0617769187339827,0.0757306545733252,0.0277375975050808,0.0554345853246806
10539,5653,0.0395504746059915,0.0112967383245283,0.0406721209371357,0.0166344495405709,0.0529684521623932,0.211066981067451,0.0229540729716777,0.36372953252375,0.0464433506681539,0.119395698908398,0.053581169242073,0.0217069590478772
14022,15048,0.014040500316496,0.00907356029819749,0.134173736765842,0.0573756037141587,0.113233151846814,0.166662644972489,0.0447542766436522,0.19086916357916,0.0657990623360556,0.0777347180794683,0.0927767554176238,0.0335068260300427
14420,6609,0.0207350356356061,0.00931378101433552,0.108530789672967,0.0772371656198228,0.0790699115606488,0.18336273794611,0.0505608946275537,0.167260173493264,0.0414559402536586,0.0734056618713332,0.0490151286087236,0.140052779695977
12769,12399,0.00855146540314604,0.00144977871381162,0.0381113883598476,0.00244450847073588,0.0273209833966986,0.177372204152612,0.0437677957149708,0.116202952499316,0.125101001380872,0.233517288627976,0.219190257596838,0.00697037568317611
11790,7820,0.0652172673061793,0.0178039886287828,0.0824202871764252,0.0341116725178599,0.0251600373057641,0.160097297099653,0.0504050977455849,0.288230218671283,0.057683212279545,0.121183405724436,0.0748710658132086,0.0228164497312783
15129,14564,0.0094787512277943,0.0178446875442264,0.0719611431982223,0.0623815543765102,0.0677586514557931,0.15890283677,0.0181095548239442,0.190979376903104,0.0968474282692783,0.0861235463340925,0.1091228685202,0.110489600576835
14434,13360,0.0212513492059431,0.0322445263947723,0.0574474104498692,0.46014914757438,0.0276398089180288,0.0281676187838982,0.0602498858827874,0.0579567335486566,0.068665511416853,0.036893481342602,0.0392830998685803,0.11005142661363
11648,6133,0.0963946712646315,0.0633937521572508,0.100481813528478,0.0188316945418941,0.113910616667912,0.0473250135314729,0.048015041115888,0.171544739443213,0.0725056558701285,0.0911015834972331,0.129183381974246,0.0473120364076526
9850,7824,0.0295556125359566,0.00893161591709146,0.047546454940133,0.0278738686477627,0.158741833652311,0.172131002701795,0.0204948802898623,0.322178688105122,0.0157671733826587,0.086924018122611,0.0752344931766259,0.0346203585280703
14422,7574,0.050636309936311,0.0140535964855104,0.051825613400199,0.03449297158457,0.1106636052558,0.172882638316276,0.0187466814754229,0.280518412593885,0.0440874744877128,0.167554711124886,0.0379081430271968,0.0166298423122306
9308,13611,0.0203638402656292,0.00759236471548682,0.0715711145161201,0.0234059583861365,0.135542630657847,0.175257439681696,0.011023920623736,0.312997428501203,0.0630139308001373,0.122526832286849,0.034842155557602,0.0218623840075578
9294,6861,0.129870372835573,0.00272934551054497,0.0821751280122147,0.0153656182584885,0.070205596317472,0.167231417444531,0.0381032544266978,0.292881733310786,0.0344891337704935,0.0797265757070977,0.070495104507259,0.0167267198988422
18315,13834,0.0136155031532954,0.00292199903424467,0.0749439164340063,0.025512976544049,0.104634608030425,0.123315228909459,0.167963251706796,0.185573654266314,0.105716588039001,0.091056669102492,0.0281375386505818,0.0766080661293367
7774,9034,0.302300392633032,0.0244397145272547,0.0673970182036591,0.0218750695938169,0.0225279096242153,0.0955359525592817,0.222029554610106,0.129850357516112,0.0173500642172719,0.0484433815297945,0.0444308666764471,0.00381971830900865
9863,14092,0.0135099955138877,0.0382648002877942,0.0759286399908385,0.250843896471498,0.0306849226430841,0.0757795405300294,0.156732730615256,0.116263156806247,0.0466367056550826,0.0354796754713353,0.133916623938228,0.0259593120767183
11233,6375,0.0734828554651986,0.0046404933519079,0.155545810331505,0.0452180576744036,0.0576520498230389,0.0649312458538366,0.049341959538655,0.246890719929191,0.0434490847439923,0.0823044020757238,0.11212004713439,0.0644232740781572
12486,9506,0.0154725515172746,0.00426920220968209,0.0293655160778832,0.0103641829399698,0.0957287990622728,0.181090206650009,0.0205469824175049,0.360116911330343,0.0148023894641484,0.139067249525805,0.0667018509447738,0.0624741578603336
9290,4932,0.0451492071963035,0.00621938454884404,0.0366946437158763,0.0118430111374966,0.051980541538666,0.0773172835680582,0.28803567508354,0.249598360427768,0.0840976738107075,0.0963885087166624,0.0434336432328139,0.00924206702326283
8469,9756,0.0158729984277674,0.00384972322393779,0.028565194148241,0.00699476670221637,0.0900069384695931,0.142831210622988,0.014595071224084,0.431741268114161,0.023352169599998,0.150849681149239,0.048964255566218,0.0423767227515569
14278,4922,0.0683487953400523,0.0202190810722552,0.0438293166136431,0.0346020068235736,0.0895038917442185,0.300093407589122,0.0177592483485477,0.239882275546409,0.0121267130600093,0.0817312089787378,0.0406514275939908,0.051252627289441
9440,10477,0.0322959640248456,0.0326239904570441,0.200791645354851,0.0327641907071161,0.031366824098249,0.15085438730259,0.0566395061960625,0.191188876272723,0.0803795437777712,0.0737012586292133,0.102049136665932,0.0153446765136022
15528,6125,0.0456269116647487,0.00507514462019708,0.0469951449905925,0.0113124582057387,0.0389706357054922,0.193442186972087,0.0138473334096082,0.429290547551826,0.0497576609898895,0.116278091272462,0.0261912715207406,0.0232126130966162
9016,6379,0.031672729158777,0.0170339108737409,0.0304611369796272,0.026197038311222,0.0683804300443404,0.103853123209143,0.0273322167534814,0.406055680598745,0.0439349183556569,0.0908926864800501,0.0739331303933951,0.0802529988418216
14424,8538,0.043918309806972,0.00516572001813578,0.06402672039795,0.0378903686356193,0.101830226575353,0.226232434519293,0.0388079144406821,0.214746419279135,0.0564887859207358,0.0931994028882178,0.0521247288042602,0.0655689687136453
9441,10959,0.0138811765533546,0.00310664445551918,0.0353429608304525,0.00483942299012768,0.13739331599739,0.322558505351274,0.00742617486160126,0.266468289178496,0.0790905400181245,0.0776652029479492,0.0321365251321963,0.0200912416835151
15403,13117,0.0236564420029307,0.00500173415483126,0.06963820672536,0.0307485444262727,0.113187411900604,0.199173448531944,0.0223055378053286,0.279578798380174,0.0402924119548612,0.0904651473135633,0.0726653487897264,0.0532869680144034
8200,14096,0.0379009535726555,0.0360528305046678,0.060015965565852,0.0237917509599242,0.0710576972889448,0.0752352374003323,0.147619655807131,0.253344658646084,0.073031050138001,0.100471261406897,0.0904713171438445,0.0310076215656659
13043,10470,0.0178613982670738,0.00676027931115141,0.0622034261891445,0.00939919374991524,0.0813317910985669,0.249623118461102,0.0328964786926504,0.329778459585895,0.0688955727002398,0.0952082736510041,0.0334651562962963,0.0125768519969617
17756,11424,0.0185376684487131,0.00482572634457552,0.0846979131952382,0.0123338943617883,0.0587352277094022,0.274663268543317,0.0224445248317109,0.263347780705846,0.0387610634720117,0.145189716245404,0.055064904642635,0.0213983114993577
13033,5648,0.0346768086700453,0.0147079578518147,0.0214064303220344,0.0160345692041986,0.102107246517437,0.196749937065231,0.0159025760925652,0.387464851984275,0.0172296172040953,0.124961859018722,0.0487911540836615,0.0199669919859203
17475,9978,0.0301528293042539,0.00592120388803947,0.0159541196552233,0.00886174966232121,0.0659858997487168,0.193860197665106,0.0150609705453096,0.404846158510441,0.0515061962483592,0.157505645124115,0.022147185363367,0.028197844284747
17348,15524,0.029569772200666,0.00272075420105774,0.209867197113471,0.0167282297427274,0.0836133846283561,0.153215809241177,0.0836815471599162,0.155973729478547,0.0514417336147682,0.0802573330396775,0.100948582872632,0.0319819267070034
7646,14097,0.0746299079052945,0.0179207110872385,0.065749555166709,0.0212385828729749,0.102708048712062,0.111855345813285,0.0671839866546776,0.245547024225089,0.0883302678960286,0.108942733526318,0.0880006006285555,0.00789323551176749
14285,8297,0.0437248367804189,0.00352747421185038,0.0361488374086686,0.0094241587634476,0.0499524885930123,0.230829653784339,0.0166877423038511,0.420383575557523,0.0204746934752496,0.103900166089929,0.055933623925046,0.00901274910666373
11657,10472,0.0318525088782928,0.0154640242519636,0.0243471715120221,0.025030279971094,0.105505119967211,0.101822187892901,0.0147417134153454,0.392613816114938,0.0212841915875935,0.105999608294141,0.107522970682591,0.0538164074319059
11670,16741,0.0228616497078923,0.00153266743003185,0.0862521158476178,0.0251540262296173,0.1258893280576,0.0932760408510315,0.0156486375380635,0.226385571183446,0.0939026358414947,0.122400828727269,0.10238798847779,0.0843085101081467
9989,8065,0.0209526733067584,0.00455523719214516,0.0375989780972486,0.0107479177598792,0.0444312483772537,0.101619165110964,0.0489444294048729,0.427182984066653,0.0837549842473303,0.10945848446138,0.0695019520690732,0.0412519459064416
15255,8054,0.0440719716990749,0.00437199330444552,0.037484023136716,0.00694702789268884,0.075677733094504,0.203505927570398,0.052384564866972,0.361327666805612,0.0479410139470066,0.0870393893689221,0.0754192495917914,0.00382943872186839
14560,7332,0.0601879236124987,0.00630591021120797,0.0474221185518555,0.0207652794123346,0.0624918936013736,0.277393964217342,0.0506539745118989,0.235588360303465,0.0443776257371633,0.0942676783988231,0.0674114817852621,0.0331337896567755
10836,15778,0.0230990559326337,0.0135121699096447,0.0866234997661357,0.0222494794661545,0.0852734895845046,0.170602819021738,0.0436040651196128,0.319254934318951,0.0449881788363597,0.0761394067116431,0.0529738675264515,0.0616790338061704
13170,4924,0.0658041368393176,0.0171202783059129,0.0281494350033754,0.00879064373206586,0.075975317498437,0.181462140840843,0.012929118639667,0.351578407736267,0.0285369991408137,0.123525317332809,0.0696644957649689,0.0364637091655224
16780,8774,0.0240732806065304,0.0281952344410063,0.0366106137010439,0.0162000817818067,0.0713362212000854,0.136003121688797,0.0446478119792268,0.42148746942023,0.0216249990004468,0.111984603012793,0.0615569732273501,0.0262795899406846
11232,5892,0.0659357976011847,0.00561381331512524,0.0355154232304978,0.00762201544119913,0.047819276723811,0.202317297045482,0.0129826701109462,0.273665662651904,0.0560848660980764,0.11547476703767,0.146003962789272,0.0309644479548311
16930,14319,0.0157781815358327,0.00346713437642932,0.144058312617376,0.0186547914725277,0.0632577255899478,0.122822967527151,0.0359623417833301,0.31758764931083,0.0445821965762814,0.0887720560235507,0.07120729552383,0.0738493476629134
11248,13607,0.0480745027310774,0.165006608306287,0.0392883902612928,0.455502944796902,0.0269941348262394,0.0241456011174176,0.0251732741128181,0.0697186618050025,0.0263438361598097,0.0193959105646899,0.06218017952277,0.0381759557956936
16230,10704,0.0410167417035328,0.00786734244059906,0.098615854593759,0.0254670777095251,0.0733848449448771,0.106941500252451,0.0432497596800052,0.38019791637609,0.0129768110672577,0.0852071188534605,0.0463136259332755,0.0787614064451668
16239,15044,0.0729893594001936,0.0112132348589118,0.0513283298165566,0.0276113575459169,0.0782582546527977,0.213334321432982,0.0126781952376134,0.165394201927202,0.0314824469626564,0.114095875575017,0.124669582408746,0.0969448401814059
9993,9994,0.0380998686519707,0.00398365603568772,0.0154191260995797,0.00776402550829151,0.0875314085375273,0.197048340197203,0.00837624227528319,0.476977069654382,0.0344476738244193,0.081118809812338,0.0363242674806853,0.0129095119226326
8601,6621,0.0273639762405832,0.0171830295192406,0.0734089803978875,0.0166433707405036,0.148108754305846,0.205201741192414,0.025240762126697,0.306235104008527,0.0468498661743891,0.0726994407443353,0.0462120551713502,0.0148529193782273
8468,9273,0.0391888069081344,0.000823468601711099,0.0336244953691082,0.0121234500814641,0.084085321443767,0.107458259010633,0.00853974528504465,0.54841978648862,0.0374524722147799,0.0784354991363252,0.0229881028824171,0.0268605925779953
8053,9515,0.0111426783257294,0.00333501322194087,0.0270452639030767,0.00388520494713715,0.0682449349532139,0.267893386954912,0.00812655340916962,0.506136276151435,0.00992771130038693,0.0578085424060264,0.0301961338016627,0.00625830062530978
12497,14810,0.00759512380612741,0.0096811722686159,0.0740267531168708,0.309130037448076,0.0441004980507377,0.0532089226395973,0.221723666076715,0.120594425921304,0.0466503638338134,0.0442442014171914,0.0437065998254382,0.0253382355955121
14842,9743,0.0610760777798804,0.00569642852499225,0.103179248627136,0.0456359774263371,0.161504633475276,0.098906369010986,0.0240213860987553,0.16168251387473,0.0363781256146333,0.115384873930702,0.115010631987201,0.0715237336493709
11781,3480,0.0317112280562726,0.0077079163424236,0.0221959531251458,0.00493309264201413,0.0831121707668726,0.194780292502333,0.0130912379101888,0.408080128515603,0.0467127133828773,0.0903297595434322,0.0679245623889762,0.02942094482386
8204,16024,0.0127849598036602,0.00130631105436122,0.0332584641710045,0.0466573196581342,0.0652010545098666,0.113499354832081,0.206730340642637,0.277548946151793,0.0885720887917762,0.103704515102136,0.0359330427440152,0.0148036025385346
18038,14317,0.00776834707917116,0.00158475869119793,0.152988194467554,0.0689387899018181,0.0646809079210928,0.163336843913313,0.123350385361585,0.167022424168775,0.0679823864601015,0.0768197552738651,0.0452221806571184,0.0603050261044087
14015,11673,0.0383121551854822,0.00582710603240122,0.0460683019922201,0.0241403962451081,0.123442479067843,0.192071160061774,0.0345217428640413,0.272412408566095,0.0187270153536513,0.141287229991629,0.0915785732299004,0.0116114314098544
12896,6371,0.0793589339291686,0.0561272525837231,0.0671699607311439,0.00937631134297968,0.113596634828026,0.0847179895239591,0.0200311365754807,0.25688512800495,0.0432294284824398,0.0698620947963327,0.155269258785201,0.0443758704165949
17620,13112,0.0689180083067159,0.0022758591614827,0.172565391298192,0.00645095434625122,0.072112554995127,0.1186683411021,0.0148855860208253,0.186868847451537,0.0986481307094284,0.112667996354424,0.135873449911265,0.0100648803426523
11940,13365,0.0738905993276713,0.05171830555239,0.0195698952853281,0.297417489792409,0.108288487807428,0.058627004281394,0.0106893231815076,0.173871516336449,0.0217731510826992,0.0999218358579219,0.0365553586376384,0.0476770328571645
13584,4200,0.042432360075385,0.0347824373916535,0.0697089066091099,0.0228821176373655,0.0996060243337428,0.26361060874053,0.0189159982793451,0.286572759364074,0.0164969062988183,0.0727305728371265,0.0165029564235866,0.0557583520092619
8323,6139,0.0279125068175141,0.00795058731638413,0.071395439982729,0.0331690767489405,0.06821622110318,0.0751111321295943,0.313226682652058,0.278441282731311,0.00316882682423845,0.0937296286943212,0.0192813623346843,0.00839725266504451
10562,17225,0.0157036655865628,0.0173295151063269,0.116962412132436,0.112635404343238,0.0815621578749077,0.157192407685107,0.0779409922547201,0.181823637186243,0.0408399104140634,0.0650232492084582,0.0945143366372065,0.0384723115707308
8064,15301,0.0440563318558304,0.00115728117218167,0.0932117280175855,0.0482434798935062,0.0533470719223718,0.123998317741373,0.0342832984685946,0.349324128588936,0.0705362337151723,0.0760335802363386,0.0940349553646258,0.0117735930234841
9710,7101,0.0355506550471769,0.00288912185875573,0.0498740172899771,0.00452517096534666,0.0491446389176958,0.249441534080614,0.00720687046748946,0.429415819432614,0.0409607990101002,0.0519808754285221,0.053908771270446,0.0251017262312615
17345,14077,0.00813888009774075,0.0118657125263091,0.197586522120256,0.0626724995392927,0.077651815998866,0.133032870406973,0.0665347764024981,0.210530510754234,0.0670886760755222,0.0787043694611511,0.0413793575254591,0.044814009091698
17344,13595,0.0438587646209453,0.0131833343988261,0.193194544513617,0.0831167756619549,0.0814264176918073,0.179094478191435,0.0358126841903834,0.0377742799504051,0.110648910313979,0.135518683783802,0.0437499907863482,0.0426211358964978
8052,9033,0.0598213433088716,0.0148118493005979,0.0301715266985075,0.0146735799215216,0.12998712807396,0.0906185856293052,0.0135090606432386,0.319935869472099,0.0176111696317153,0.138720445404846,0.105058143141625,0.0650812987737133
10416,13609,0.0314958940244597,0.0343284337752476,0.0936694701270555,0.224364457616194,0.0721327318897842,0.0944092816828359,0.0626318607579839,0.141695171768287,0.0772203091636419,0.0785189394410873,0.0423737146044832,0.0471597351489398
12494,13364,0.0794106873194578,0.0100572118970107,0.0663848582568683,0.0212672011952163,0.0994975072748895,0.148140526143213,0.0384680765511126,0.159777611584928,0.0131854991951795,0.110867317709026,0.207071477026807,0.0458720258462913
18174,12629,0.0263100892625015,0.00466549054614143,0.0531753131887464,0.0371129314796737,0.0225240833299984,0.083759745052496,0.3114299112943,0.210793137550849,0.0733766581653016,0.0788506029103429,0.073313260578762,0.0246887766408868
16645,10462,0.0393155972718689,0.00726435197578529,0.133845404809715,0.043963802198158,0.071136941370005,0.106697423862921,0.0204633748586601,0.285842929104811,0.131423155133772,0.0409649150337359,0.0372219025635639,0.0818602018170039
13181,10228,0.0300746021623183,0.0137902003920529,0.0488119160889873,0.0131513170589543,0.139557450480117,0.212620811589781,0.0249722224048823,0.290684708881737,0.0385232563759757,0.0902690404524199,0.0298844658853307,0.0676600082274435
11805,15053,0.0181646901670183,0.195682152984159,0.0478992456638417,0.275086931923524,0.0648741036546771,0.0253965555258444,0.0355631100705397,0.0849965617674176,0.0773460690567004,0.0327620674098143,0.0624640711211115,0.0797644406553529
10260,4689,0.0612076038612765,0.00840305145029423,0.0163269631137934,0.00502840898818052,0.0799220105946542,0.129187178450599,0.0279746514492295,0.410818309539705,0.0726723181659918,0.0879901840417954,0.077876914477826,0.0225924058666537
8893,13853,0.0283289022394134,0.00507761761842422,0.0247804937796944,0.0106152184353475,0.062118711756962,0.24099643803074,0.00832178915532687,0.332344405687572,0.0315950223331023,0.169198892689004,0.075045109971693,0.0115773983027204
11384,12402,0.0156104855269759,0.171957286310626,0.0986394340395506,0.10147561693473,0.0251958780053552,0.0170282035457554,0.0435695351794807,0.326023342308659,0.0289100342620222,0.0158635756938727,0.127969022866461,0.0277575853265109
16381,16731,0.0212829348926407,0.0623590209086209,0.0482761761594533,0.0412665907257584,0.040313406189875,0.0843075678604676,0.152206567325296,0.0664502309239376,0.119788843278964,0.0796919992204015,0.213365575135279,0.070691087379306
10420,15538,0.0227932824681675,0.00348977422296688,0.0908210417057626,0.106871320512811,0.0485703831261057,0.112587107444047,0.0937376824263112,0.200198466370333,0.0536282643540708,0.122924702210332,0.102504337193248,0.0418736379658441
18030,9977,0.000899606038560978,0.00544780716559846,0.0165395963294203,0.0201144429009778,0.00382824491287568,0.0753348186190582,0.573654191672052,0.135152769591374,0.0261039171382701,0.0499233813582289,0.0493675934049179,0.0436336308686653
10399,4930,0.0393909323228803,0.00658729392569476,0.0376263707738868,0.0165144232436524,0.125191125690383,0.192781945820923,0.0121054970391167,0.271274057190957,0.0207023783405362,0.184456185897617,0.0606226690150499,0.032747120739303
9846,5413,0.0398513825523834,0.00715295108246824,0.0165879252266004,0.00176514700673599,0.105600998102524,0.11340594579974,0.0100986261512687,0.473196114113216,0.0673473629723179,0.101765888535069,0.0488519809421261,0.0143756775155506
13179,9264,0.0205904828481923,0.00590205267087892,0.0781861060611919,0.00687036195631689,0.04996000719649,0.178777396328729,0.0212835375020997,0.293413057646642,0.0263907163627579,0.126094282385746,0.104234923916078,0.088297075124878
14566,10225,0.043340270080376,0.018438427974931,0.0475396202870403,0.0437490217572123,0.0650403845218737,0.122409400437441,0.0248078134199206,0.338767208297399,0.0565953476132225,0.132538463522105,0.0910222625716124,0.0157517795168665
8479,15060,0.179857743989422,0.062120207523403,0.179924753869877,0.0466042443853791,0.0164368022551706,0.0233631841798502,0.238891840440963,0.0628105126941568,0.0167582155783582,0.0167001669335623,0.125046197030327,0.0314861311195305
13318,9505,0.0250277332035484,0.00330710495263176,0.073224817300032,0.0179637566199171,0.0775475501592703,0.0905223113033356,0.04475188788331,0.312973919070788,0.0743639286083958,0.153070423150946,0.0963702150308634,0.0308763527169617
15963,16009,0.0253468471425272,0.00679140319591912,0.0816220026394579,0.0104843892307709,0.109456247746969,0.183489853357073,0.0112337726543647,0.306644589410123,0.0854810457477503,0.0853043206928926,0.0649791662331218,0.0291663619490296
17072,16007,0.016814486084254,0.000764190906289271,0.0487686153317178,0.00472576982515061,0.107777494605265,0.11177631893263,0.014746000679192,0.35440217020261,0.126929504134782,0.126602985612406,0.0553993317372861,0.0312931319484166
14836,6367,0.0276769830573295,0.0160471821219397,0.0340498589129801,0.00993643024275701,0.141416978094213,0.271383050793261,0.0122400141706647,0.357777004995542,0.0210627146397241,0.0701254190502991,0.020713461488485,0.0175709024328042
14001,4923,0.0369475746959019,0.0170924395648525,0.0212770985875334,0.0145830956928125,0.0586911077454511,0.18648619197949,0.0259641672193637,0.438629155571655,0.0257437951383453,0.0762364343329482,0.0477278783408072,0.0506210611308392
12075,11677,0.0221526367991294,0.00431157221978262,0.0437549303045464,0.0118240794070007,0.13209060066346,0.127831175682299,0.0126694497272759,0.250726901267847,0.0496918118954593,0.113875926788628,0.188952012098635,0.0421189031459379
14988,13359,0.0148750355208274,0.0104362024191305,0.102989184633517,0.083995444722942,0.100131305378435,0.160384845136826,0.0497804276123903,0.0959887071528603,0.0888804958862479,0.0800479006689998,0.126276069364236,0.086214381503589
15529,6607,0.0404483181237452,0.0164942471542891,0.0398899555514543,0.0223875848419458,0.155378243611458,0.183021602408624,0.0258943958530079,0.289072048385182,0.0424455176073654,0.13447431535519,0.0293491298031371,0.0211446413046005
9435,8066,0.0359618687995152,0.00582069751997893,0.0253328031940052,0.00704070045292308,0.0930152250351556,0.201080495097936,0.008418039336421,0.423624847006316,0.0194527055895797,0.118422429730959,0.0267408535339378,0.035089334703273
14843,10225,0.0497641196256532,0.00486098844031751,0.123162305791352,0.0252445575745459,0.0613021106146116,0.173183275589085,0.109467650771849,0.167299118677166,0.0864163583852529,0.0699019896248433,0.0600136176392779,0.0693839072660453
12615,4443,0.0606559416577885,0.00709180838672523,0.054168381759057,0.00893366137340859,0.0435961558184754,0.191556881884976,0.0201327173419951,0.371268867801734,0.0267797048528446,0.112426798009297,0.0728782414085976,0.0305108397051018
13883,14808,0.0148312851538327,0.00385158763463078,0.153228871165892,0.0574070818744362,0.0796239468409337,0.158912257132638,0.0156579371526347,0.241027454881054,0.0449744960744921,0.0533339587134606,0.103266708148636,0.0738844152273595
8895,14818,0.0163078270975432,0.00241875101738464,0.0349383273178306,0.0111175441238032,0.145897564129037,0.321032789659495,0.00820346212347433,0.286713858511691,0.0309548179478659,0.0908126743137,0.0338612174375156,0.0177411663206595
9868,16503,0.0276564930137323,0.00555548627944171,0.165490324596016,0.0133079378791602,0.053350877363109,0.161956544431962,0.0321300833082977,0.175002354942951,0.12952482094602,0.135985728487216,0.0847440614976236,0.0152952872544719
13311,6129,0.0177711410639865,0.00568631255676575,0.0528716795718921,0.012319442357482,0.0241876709864387,0.201103661191312,0.0190155761563036,0.367310196132404,0.0266895597845155,0.145147129604713,0.0731673516619737,0.0547302789322125
18031,10460,0.00821586424060978,0.0491907478077358,0.0629158153873281,0.0317255582872441,0.0435574316790518,0.137047644601508,0.297481261832877,0.123202339029779,0.0636879821012381,0.0756751958136996,0.0749402245797327,0.0323599346391963
12207,8543,0.0354526957692733,0.023542103333951,0.0571473262961135,0.0102505524054189,0.0561050300566345,0.184180258850159,0.0338396071400815,0.205864901012031,0.08389799862946,0.102410301521183,0.143946324209243,0.0633629007764515
15410,16492,0.0104284614436338,0.00700445979349151,0.0503306288292523,0.0193750968733832,0.084628112367015,0.133256566670168,0.0921015985827102,0.198003184334844,0.0341684248228189,0.165483904237537,0.185704206505969,0.0195153555391763
16779,8292,0.031710356477635,0.00622782918424209,0.0324367803757925,0.00951626990757399,0.0292593743713538,0.259378711467029,0.0187355045466274,0.384034142284099,0.043197998188599,0.115684827254323,0.0491679216739846,0.0206502842687409
16086,8053,0.0313381936146305,0.00586392119957823,0.0428267307475581,0.0154598881956013,0.0760672537966384,0.160697781268314,0.0473568115115145,0.348007331955339,0.026412366789022,0.152635792453424,0.0681347211726148,0.0251992072957639
11366,3722,0.0255149991719454,0.00308949243448802,0.0127205063783001,0.00350756193628198,0.114909506875415,0.191888230097843,0.0135866739739434,0.482549201718603,0.0149517050392812,0.0823412261246182,0.0465123192978636,0.00842857695141613
15964,16491,0.00704589854608106,0.00620349270367233,0.0922355705177884,0.0184577619728269,0.12103437208319,0.108805322057505,0.0339972796722201,0.179791352729795,0.108644439032274,0.0912011019987539,0.141612531607247,0.0909708770786465
12478,5167,0.0240971596587086,0.016201357825853,0.0142182854839559,0.00374606809254887,0.116785063793357,0.235041388765955,0.0154089815007432,0.322436907837444,0.025646731111049,0.129364638171703,0.0680831515833326,0.0289702661753499
12895,5889,0.0257086041889968,0.00443857380019116,0.0564724619969587,0.0174220975550998,0.0540113837704203,0.19737921756741,0.0496747070865068,0.335786336376649,0.0104512466708111,0.124490887392803,0.0730716322306402,0.0510928513635129
15806,6607,0.0399522861470071,0.00763380339704056,0.0345445763306673,0.0129540266139223,0.0386015425063402,0.186553269793005,0.0255991131860046,0.490607270855944,0.0101115206203834,0.0904254922349538,0.0335985434525536,0.0294185548621792
10835,15296,0.0260404658061578,0.0867975828796277,0.092216898213559,0.208012612421054,0.0504397672675164,0.0448547528412045,0.0790337019039291,0.143004554489114,0.0745175756537372,0.0564601859754537,0.0809387121721448,0.0576831903765013
14430,11431,0.0638111572627411,0.186460254422891,0.0177579417547173,0.152613381064433,0.0661742492592145,0.0453187767145885,0.0384005936495538,0.132828845120904,0.0505916467442668,0.0576842127936172,0.121881778717733,0.0664771624953406
12759,7095,0.0161842987901873,0.00770390473382378,0.00699252218335331,0.00555016093897331,0.0685286822814204,0.192158565974963,0.00961674215028206,0.363210448091525,0.0370122951530434,0.169725678794995,0.0626933302760786,0.0606233706313551
7637,9757,0.0275197935390901,0.0139533565018527,0.0614877283319328,0.0464703623401301,0.0514721199723771,0.103373461867977,0.361040243037596,0.100014819356641,0.0278262270340718,0.115948297617121,0.071848948670412,0.0190446417307992
13032,5166,0.0566735267611923,0.0244267829342334,0.0744122783769654,0.0253835313338922,0.0659048314332224,0.192554382600785,0.0148088377002345,0.186848387495752,0.03324440261506,0.113569400055737,0.104359872713634,0.107813765979292
11111,14331,0.0128228460181033,0.200831345429254,0.0236511744538156,0.529558611548124,0.00154242267878361,0.00951606261837178,0.0501405619438349,0.0379370443090335,0.0512891443724938,0.0165075822392166,0.0454054695860373,0.0207977348029316
14428,10467,0.0195992390404555,0.00921470092681923,0.184374674579034,0.0448844590436719,0.0866985426335138,0.150510029952429,0.0207165367656808,0.228043041939946,0.045801335946365,0.0711728342284374,0.0566712030936437,0.0823134018500036
12482,7095,0.0394495574627027,0.0103635616211363,0.0907600925448306,0.0333259006320468,0.0486593262981487,0.162699698346615,0.0299172548210523,0.298722249849235,0.0327646667315109,0.107366853351556,0.109442419032048,0.0365284193091183
11107,12402,0.0415525714694778,0.00317599240053288,0.0490140849336349,0.0325656378005797,0.0995694899847331,0.104092167412516,0.0577161428202159,0.251427531281172,0.148981302147008,0.106045799172239,0.0941159396141976,0.0117433409636925
9573,7825,0.0177290530446794,0.0181031552063157,0.0266604964202569,0.00638165649012859,0.122828482119157,0.135362328645626,0.0151799118509157,0.417155706994177,0.0739715459366436,0.13192805890426,0.02760367352264,0.00709593086520126
18309,10941,0.00893969815485274,0.01350084620976,0.0347481617298934,0.0195092979535453,0.0621853469917039,0.0988366371708653,0.466932226681905,0.142101342510267,0.043028929793223,0.0396583010592396,0.0390602823126201,0.0314989294321249
8605,8550,0.0220865448887507,0.00547340333114644,0.0321227038944751,0.00977270756027774,0.0422462907953206,0.107529549838267,0.0203473651375955,0.421497955959076,0.0174393591008895,0.13668790489106,0.120101945871762,0.0646942687313802
12222,15775,0.0037315987570685,0.00023007531939195,0.0681473905209698,0.0481527584976165,0.235204119212318,0.0629985530784387,0.016787034876798,0.121963173932241,0.140586291608324,0.0631201373151483,0.00698482891913836,0.232094037962547
8332,10479,0.0512349155576262,0.0033152825375347,0.0326857614677494,0.013864053097256,0.115419731223335,0.150933044790709,0.00759696755155196,0.288998006339688,0.0877875236821664,0.159432326798721,0.058617547005419,0.0301148399482435
11930,8543,0.0354850001209666,0.0153576731841556,0.057423988925839,0.0143281330350427,0.043407849231969,0.137788744607616,0.0472271938127964,0.252030125133429,0.0310985880269013,0.134727708883437,0.185293438436681,0.0458315566011661
11241,10232,0.03958023986946,0.00493301086745725,0.0424327295765367,0.0176547749812992,0.0645366749703418,0.269357184787241,0.0170140083921696,0.359134076088696,0.0806189966542305,0.0508297791621766,0.0200232275983503,0.0338852970520408
15685,15527,0.0347821802268728,0.0140721142894891,0.0909500817104701,0.0382853337337801,0.0745262384807038,0.200965643594707,0.012846267929265,0.227099507000711,0.0633716675490495,0.081787322069724,0.124353424922304,0.0369602184929236
9175,16264,0.0150277297423914,0.00154755678579501,0.041640150745714,0.0104518977275703,0.0726835254088729,0.259160356867832,0.0133134939068797,0.211025818207899,0.114427195048361,0.113921170943387,0.0969974595510209,0.0498036450642768
12757,6131,0.0164024364532166,0.00786139369423848,0.0420894012380087,0.0160967328874358,0.066050886224925,0.182484524225664,0.0308890533064475,0.236497097178902,0.11118399923815,0.131153868526688,0.133159162831588,0.0261314441947358
17762,14800,0.00454401180552799,0.000837148386811486,0.146832095016206,0.0195101684949029,0.140745706480417,0.157084405623396,0.0650917942850847,0.0895232320014676,0.13934554200932,0.0812640243258246,0.0881505062833084,0.0670713652877326
9589,15539,0.0321995980170707,0.0184422556125886,0.0467922653923374,0.0518204882648189,0.0586662851888359,0.0738717015060989,0.274173633193423,0.116750230665188,0.052853045815117,0.0658493697828926,0.168331254308913,0.0402498722527172
15808,7571,0.193624533253019,0.024117293811197,0.0719486775014888,0.0199286139032054,0.0703009657552374,0.0883116494232765,0.101731887653814,0.151434528714834,0.0127950625101063,0.119609183220809,0.111512299979482,0.0346853042735314
13307,4201,0.144525193129594,0.00932166833293847,0.0964241243348595,0.0206584223683606,0.0677879255144151,0.106811748060434,0.0153992986493147,0.362008985864902,0.0116891823278864,0.0846460820503051,0.0432645929972743,0.0374627763697158
15959,13598,0.0222395225706094,0.0113564493651422,0.157901263093301,0.0620263404940338,0.0641178896795387,0.171994657501125,0.0267030101590515,0.154402137258355,0.0780213936235078,0.0750285988445498,0.0990353475660828,0.0771733898447034
9446,13370,0.0331360974930482,0.00359663645808555,0.0455877482128418,0.00656668906346585,0.0969675211637577,0.288038024056847,0.0087709036628068,0.156959313792674,0.0827155067223987,0.11461813996754,0.0868231395783723,0.0762202798281623
12339,4926,0.0419795737510672,0.00428196446098846,0.0183484198489591,0.0101470372072284,0.0371676891923889,0.245631559353998,0.0107179260465752,0.441124918197623,0.0111604354385442,0.102637493366636,0.0479367400892286,0.028866243046764
7498,9516,0.0124345261470679,0.00583545678165532,0.067096148491121,0.0217103370749085,0.0705441444343627,0.211611236527456,0.220384307626053,0.154315971089097,0.0662538596019149,0.0797907587137181,0.0456661155840975,0.0443571379285481
10561,16743,0.0242447350295923,0.00374978553614204,0.0600036252929143,0.0104439543534566,0.0787749835773414,0.341320260734806,0.0104392863089795,0.222711366326778,0.0722047307209695,0.0850523871571608,0.0795143102564074,0.0115405747054518
15817,11911,0.0578683398690813,0.00494766058925506,0.0415074920208029,0.0257996159938029,0.106061937540823,0.134877037097805,0.0181017268617174,0.423974746520192,0.0292507144641091,0.101069673766237,0.0270273784867327,0.0295136767894408
15680,12634,0.0584259753933584,0.0335796779715585,0.117721615266719,0.0442721642643123,0.0472223115971067,0.0772757247698241,0.057076487660175,0.213390239957603,0.0901316140695247,0.0862436093537122,0.0893026490273809,0.0853579306687246
8470,10238,0.00964303524247889,0.0033613700912988,0.0212400021069321,0.00400617877747283,0.0831581025745084,0.243577413808081,0.0120574445485101,0.427976971303499,0.0411181370812463,0.0676256014230067,0.0476204819153568,0.0386152611276095
11504,3481,0.0342781367638333,0.00710161116806448,0.0763659595443524,0.0385997977703533,0.0379763135381331,0.146798622310084,0.0981389904587482,0.3258626681945,0.0420497482136192,0.0787083509919243,0.0617352720006697,0.0523845290457178
14976,7090,0.107375804572574,0.0249624988738396,0.0653085822820659,0.0261223491303803,0.0430483010327226,0.245418445615423,0.0430551313941669,0.232250098784572,0.0592932691805671,0.0776701522515019,0.0428436166527364,0.0326517502294505
17752,9496,0.0218135592476458,0.00492727004927725,0.0554987169843433,0.0313338460510109,0.0785019677968088,0.133621241680907,0.124357992839361,0.203055416187261,0.0392544786988776,0.206220574015091,0.0603825959810529,0.0410323404683634
11106,11920,0.0122985966547908,0.00606851446694869,0.0565779768257636,0.0170454931396341,0.12615282668108,0.214842629031385,0.0306892374278481,0.230286614599598,0.10895019133176,0.105894191035207,0.0429822217452025,0.0482115070607824
12762,8541,0.0219642656640739,0.0195236812234132,0.0265591933301517,0.00734366294558947,0.0803433077326077,0.161440234461834,0.0425759334993643,0.371983486366336,0.0268184512384989,0.128829589600308,0.069374805957264,0.0432433879805592
14857,16975,0.0297344062587631,0.00956670562895391,0.0466626789449986,0.0486687967774082,0.0350316606024283,0.0959703030022145,0.096007452881673,0.261847933329702,0.0688486342473987,0.113381421942859,0.0659791016054515,0.128300904778149
17070,15042,0.0189270859823696,0.00945263132421986,0.0425266363860479,0.0228807525586588,0.209831435918977,0.165901095141976,0.0574287646167515,0.122390873062103,0.0346296284731776,0.16791629674844,0.132243205067188,0.0158715947200906
18726,11664,0.0251736012276654,0.00297619754888542,0.120121075665607,0.00967180071336382,0.0966876565177159,0.105886455184637,0.0780152994582964,0.274797400479219,0.0206389626790933,0.137735837992996,0.0394455426098854,0.0888501699226349
11924,5650,0.02469122881263,0.00523310018822807,0.0340296923688574,0.011264394792617,0.106692247788332,0.234301417757051,0.0105606970294503,0.322032633763892,0.0579711914480826,0.113934768466864,0.0498479879827617,0.0294406396012338
12484,8542,0.0368017917330487,0.0030514636639727,0.0422149768992777,0.0134522991762284,0.0646222504043641,0.164248886534252,0.00772862232549455,0.307042399199612,0.0690203934910714,0.150826660272521,0.0933249033328026,0.0476653529673551
13459,10710,0.0308960186158201,0.00663054292277109,0.0320462840361178,0.0109787161497935,0.102771111457161,0.106307392377815,0.00909445892527663,0.264420106583444,0.123662524142309,0.152375375794038,0.136324638462655,0.0244928305327992
10977,16983,0.0290778156541578,0.00523972291995299,0.0431261150903632,0.0154348564125036,0.145191747184476,0.226627808472085,0.0111875446553965,0.207614030571805,0.0397195326249649,0.0931801440112831,0.12488885693364,0.0587118254693715
14423,8056,0.0315276852445905,0.00116972716675918,0.0493901788244335,0.0112671826519647,0.0850857240874305,0.300922237757131,0.012263500790526,0.359756682996386,0.0227313919493588,0.092364092332617,0.0246686733387365,0.00885292286006629
15537,10465,0.0251089616356999,0.026107048655261,0.0601643384938231,0.0389749154209589,0.140916698646389,0.159947653546799,0.0250773057112922,0.2438882582154,0.0502739246791816,0.078637901452888,0.0259196839460463,0.124983309596261
9303,11200,0.0512762234865891,0.00764507900474554,0.0353126180260427,0.00780224035518489,0.0544337371376698,0.150781649790255,0.0186380874664842,0.321475432786398,0.0486750167584086,0.147942120148877,0.136032788456112,0.0199850065832328
14858,17458,0.0341606232264317,0.202441172849194,0.0700636739852144,0.0665451568114628,0.0361997121868926,0.0418243447497824,0.0438115891752068,0.171959889675302,0.0742249181339074,0.0654357730967377,0.100144706761799,0.0931884393480692
9579,10718,0.0480869597862808,0.00842806842337859,0.108837054763979,0.0253036787212181,0.0792581874105146,0.0728931877168035,0.124653648874244,0.20763436677272,0.0704344954592632,0.0712366408737822,0.161095476234389,0.0221382349634272
15945,6847,0.233243674462685,0.00515138618984885,0.0950573581395079,0.012610744554894,0.0215053220575364,0.120542100409289,0.0724909593875732,0.260511282531516,0.0465546219821764,0.068464666735821,0.0528436836063883,0.0110241999427645
11251,15054,0.019930393130586,0.183036972910642,0.0258169666733193,0.540153335389862,0.00634452463942464,0.0172403861696776,0.0324668042529782,0.035019871407927,0.0287490437979352,0.0177809599035904,0.0732693392711431,0.020191402452914
12775,15292,0.0391091291785294,0.0122935808517858,0.0707022058612533,0.0562513058169699,0.0879012431474752,0.0317883160499141,0.0492387279744142,0.348684908293652,0.0645680043052894,0.0610258625850615,0.0719073129415124,0.106529402994143
7773,8069,0.043182985029914,0.00861341682583296,0.0493705964097128,0.0371067294582814,0.0674756452747766,0.0637957485287119,0.132596729613746,0.344413322873403,0.0426240624657516,0.0782547477853801,0.0489685005034888,0.0835975152310003
8743,8308,0.105617432090572,0.00672553305499595,0.10575133495485,0.0346636768888133,0.0380819196340119,0.118002920809573,0.0943250804066441,0.250826138287744,0.0714660574497623,0.0512758477626818,0.0671213836243598,0.0561426750359914
14706,10948,0.0410663783763847,0.00732866571089862,0.12441598810877,0.0481823445998615,0.0744288817812394,0.166191103779427,0.0171637817951177,0.23040012237424,0.0201256819215521,0.109831294446856,0.119234103125555,0.0416316539800993
16369,10945,0.0439168199598232,0.0121171498278255,0.157771610001669,0.0510496620901964,0.0692208481066842,0.198375420166349,0.0595836967676445,0.234669354626879,0.0192871348499245,0.0459638601900011,0.0644197282694731,0.0436247151435308
16791,14078,0.0485813822433427,0.0233791418520732,0.0872008657693406,0.0220035181406781,0.0466174047636924,0.159625680200203,0.0911824149581604,0.132232105285084,0.150915279936293,0.0753675764097595,0.0998837951173861,0.0630108353239876
14997,17698,0.0216213823455653,0.00491815587725273,0.0684122516056498,0.0150942916652915,0.0693024988213203,0.245625311613874,0.0105280376392476,0.225304215449115,0.0572432390727589,0.0817099288416693,0.151420907558975,0.0488197795092808
11797,11195,0.0557466054235048,0.0112910518703844,0.0483007199021386,0.00829888822536463,0.0557152705959839,0.215207555645051,0.0134506773258699,0.382657301207508,0.051452052758916,0.0799126854795385,0.0402604143025941,0.0377067772631466
10544,8064,0.0243716959078498,0.00210130455491746,0.107423375359004,0.0231050307653644,0.0322053920964383,0.23020442889483,0.0827206090262445,0.246520650901272,0.0287237943681731,0.0792656606776906,0.112744159142815,0.0306138983054007
13729,7334,0.0335040550446134,0.00207496229128473,0.0662637252548069,0.00962124192376584,0.0646542536688796,0.247277136847998,0.00983263113534845,0.313993823016278,0.0384341247172479,0.127769944253531,0.0611370911750397,0.0254370106712065
9728,15780,0.00684014567333681,0.00918133262702302,0.026217148153354,0.0166371788158366,0.03150788753906,0.174595030023803,0.249881274489765,0.207449202360734,0.0518295201462194,0.0486903435247504,0.133020390248873,0.0441505463972453
14996,17216,0.0516937458676719,0.0397058776300454,0.0450542203121185,0.0212512921011729,0.0754641290102704,0.182299020670209,0.0137971004351013,0.329902638225524,0.0496356979862499,0.111483525463425,0.0656945288544717,0.0140182234437396
13726,5887,0.0258351077925025,0.0139197250392934,0.0358498287408087,0.0378813666392626,0.0816946673015871,0.142459526954262,0.00948416133022542,0.311885285301387,0.033882699018899,0.120176811115344,0.103931808906706,0.0829990118597214
14152,10950,0.0278927214520958,0.00428006158506512,0.0761187051896022,0.0118134345420732,0.105225805522536,0.176770695608465,0.0224460897583333,0.365197725390845,0.0256272773602991,0.0599368477325764,0.0465289944259494,0.07816164143216
17071,15524,0.0958135415693205,0.00411568857590704,0.130917526146749,0.0369814529144879,0.0398045557849685,0.13069052795028,0.0193292386726412,0.0905418663862634,0.196173232451656,0.110706921763504,0.0505137467350982,0.0944117010491249
12768,11917,0.039516914465691,0.00895259228700677,0.021692072475035,0.00934450390937663,0.0785539955159709,0.118320355162307,0.0250516153322994,0.276275003403763,0.0274252051579448,0.130240096416777,0.235999964510051,0.0286276813637775
15965,16973,0.0102872755695964,0.0015032230385972,0.158741030923411,0.0232856148781755,0.0416894190665065,0.194511525822575,0.0896157028067493,0.296092997607547,0.0332916578025877,0.0533502360008177,0.0623982706714717,0.0352330458119647
13885,15772,0.0372764399391115,0.00609347583970591,0.0331183233297586,0.0270482343694075,0.0570599745944516,0.208188441618826,0.0259000643140376,0.213707206925753,0.088997984086987,0.0959023120635155,0.143490717261566,0.06321682565688
10139,13610,0.0093851689036734,0.0194774515594595,0.0849686942521874,0.0760391378054081,0.0794890805590445,0.0624894618337525,0.315074277711818,0.101832926005161,0.0525562068213054,0.0366947858177146,0.0543931580329783,0.107599650697498
13035,6612,0.0385052545939477,0.0111216661015062,0.0653011855795605,0.0171692557071128,0.0640722946553354,0.224428759256969,0.0256672162093163,0.329040704176956,0.0276409601610611,0.0929257415305903,0.0693711055304563,0.0347558564971885
16094,11910,0.0377667033675348,0.00230699739303201,0.0405945410263555,0.0108856409826445,0.094666368573937,0.189549444412842,0.0115282426034583,0.418597938433701,0.0185226475985379,0.104867186166894,0.0274777209085562,0.0432365685325066
13731,8298,0.0461348808276049,0.00874906827781055,0.0362952504935673,0.023357240095652,0.0584499485022398,0.197791731064148,0.0163181865690908,0.289680276045796,0.028230545003903,0.127637686540923,0.0830546353672805,0.0843005512119841
9712,8065,0.0154088923002438,0.0279889186566802,0.0167826812005313,0.0110234715906806,0.0769025324527076,0.178295639111507,0.0265364573755731,0.393578481662887,0.0393701348040428,0.101291471837868,0.0851018664937195,0.0277194525135601
9302,10718,0.0171717364680856,0.00575444073824331,0.0436676584279627,0.0151151772524002,0.15130795368328,0.168739333687723,0.009534060465593,0.318206209952801,0.0441113074773144,0.13535662158479,0.051220956190576,0.0398145440712303
16646,10945,0.101745193527489,0.00792208033298561,0.134071960608665,0.0528053266292945,0.0665469461627105,0.123379976796443,0.041236046837023,0.0954285365110206,0.0378018922524538,0.144569495188415,0.109802198206222,0.0846903469472783
10965,10715,0.013868989619697,0.00341166948671433,0.0317951743968472,0.0197889027755577,0.0662533146960522,0.110730959931622,0.00844559727013265,0.448102690163764,0.0856761004311327,0.0746656184054686,0.0701139201755659,0.0671470626474455
8878,6621,0.0277972876348214,0.00647452458338204,0.0260531238458919,0.0135473072838049,0.12473776180585,0.131285363994559,0.00760951928926284,0.379310409226521,0.0410400474552048,0.155350667783922,0.0657139210409821,0.0210800660557977
7775,9516,0.0307499749844726,0.00906337409380987,0.0439098666561367,0.01513444607503,0.0783733170826613,0.162323916137839,0.0322469231953707,0.410796051408843,0.0237445454581541,0.107098807244584,0.0754061130810268,0.0111526645820715
16235,13115,0.0174494994767175,0.0014462857197749,0.0937899155083814,0.0124684345044145,0.0849004482566922,0.142185867914571,0.0178565693010625,0.383270836086681,0.0692517777048875,0.104788758641456,0.056292489430452,0.0162991174549087
9157,7584,0.0105018396668123,0.00648833444305422,0.0727894117550738,0.0226273772169393,0.0551761364773718,0.336900168738183,0.0392327768227427,0.216231548928476,0.0123975047473142,0.148091541962005,0.0751264912779791,0.00443686796404904
8619,15783,0.00238900181349969,3.29326453751609e-05,0.0386561318425047,0.00852190745097761,0.220243434626285,0.131558254172366,0.0109010334190113,0.175008583224334,0.141425233434461,0.0709820597963297,0.0211823306418503,0.179099096933005
9870,17468,0.0282913981750551,0.0140199648840157,0.0574514227862397,0.00598694663903069,0.049183351319205,0.22903541533557,0.00287329543371284,0.276723874054693,0.0679631677740681,0.110989450968315,0.136842888932105,0.0206388236979902
8461,5898,0.0462145070237093,0.0046593153843739,0.106778521784258,0.0273568170248941,0.0540139765559999,0.161986075592389,0.124791136748813,0.184412149041217,0.0754750743326573,0.0737162346287642,0.0664850799933153,0.0741111118896075
9567,4931,0.0259926310948871,0.0115258766773673,0.0325560060188797,0.0120618855896955,0.148518096228729,0.198389917707936,0.0170510371578526,0.339828853914368,0.01240700450454,0.0925112460431815,0.0632867134381065,0.0458707316244563
14425,9020,0.0571224016996243,0.0264092603913651,0.0607193057212435,0.0131838996770433,0.0903854833344196,0.241362407610006,0.0138405599051687,0.266414249454348,0.058270291673832,0.104542890253376,0.047441397025016,0.0203078532545588
9312,15540,0.0281684387951371,0.00359805147752832,0.130154193501183,0.0425392207451929,0.129953082908305,0.123642500574011,0.106912648569249,0.202621388530992,0.0716549142818044,0.0468252421978444,0.0929078856793426,0.0210224327394105
8891,12889,0.0304695225739007,0.00322769565668464,0.019616180304413,0.0102887139160694,0.0931464597275516,0.207715163251786,0.0153006114829867,0.261234865882911,0.128129918307104,0.136701292602303,0.0483690198488227,0.0458005564454676
10972,14572,0.00744006173040444,0.0796304637793987,0.0392809239975761,0.617050162997754,0.00738930295194008,0.0141207666935767,0.0449390910629883,0.0314853221029735,0.021732210854521,0.0132384395650121,0.0930804387875181,0.0306128154763374
11935,10954,0.0222270901953064,0.00605631797167043,0.0298682795248643,0.00839061731263746,0.0986065826404391,0.18700660096431,0.0151511956609943,0.345887239319782,0.077289788709776,0.137381654039156,0.0255006272273404,0.0466340064337237
14554,3957,0.0480111748217927,0.03694595863505,0.0375030664297056,0.0228255340107604,0.0405356067865262,0.298355658747665,0.191252275323224,0.190366430685116,0.0605496410452601,0.0571194487085002,0.010947773280185,0.00558743152621532
13747,16013,0.0262685391220327,0.0162752731651747,0.0870130708212365,0.0296516844409746,0.0382274829265737,0.155714474771055,0.121681737039132,0.245453492576611,0.0296209635834797,0.087903133007017,0.127225410989563,0.0349647375571503
11803,14088,0.0171753833135792,0.142835553530897,0.0357034441749689,0.416871818990314,0.0117082263544318,0.0172314085425789,0.112453000923783,0.0876547084073823,0.0418863409482485,0.0159262162154791,0.0902769269573826,0.0102769716409556
17623,14559,0.0247352817589251,0.000785315315910071,0.0613392633194695,0.0112976892300627,0.143414317510783,0.240257602414279,0.0188341859416305,0.118569779222203,0.146057207785665,0.104723366200936,0.0699826653732974,0.060003325926838
15673,9259,0.0547699181776388,0.0025226458282468,0.102697389108441,0.0358323943965561,0.118043105364982,0.0910988184964586,0.0298923795711061,0.284152308552646,0.0615056998860929,0.069076296106775,0.0546991198067765,0.0957099247042801
10825,9992,0.00618867631752122,0.00509335633772072,0.0308108507650227,0.00485299654776215,0.0857039228186325,0.218359599583326,0.0180441754859647,0.388995347915201,0.0317692924896682,0.124980101869972,0.0326736781544456,0.0525280017147639
9455,17710,0.00690022641404735,0.0050370240566613,0.0690690765204229,0.015814891521764,0.0184759106846473,0.226867524578973,0.177771289116922,0.18329887057852,0.143677506677737,0.0897353032144446,0.0386452764543213,0.02470710018154
17202,11908,0.0485900633216098,0.00359044427336686,0.0461470230987371,0.00668785162669671,0.0883868415679313,0.17771688745762,0.0151256207112142,0.463896996709926,0.0117180341935292,0.116226562377282,0.0114281046553031,0.0104855700067846
15547,15769,0.015616216758408,0.00917086998952324,0.0440159015415448,0.0182818641987969,0.0881531513632685,0.132966579681582,0.0235587606643254,0.239042724525559,0.171831232075256,0.0971233768265583,0.0795837940043837,0.0806555283707938
17896,12630,0.0307044345439895,0.00841939710486982,0.0610083830001022,0.0340914755828861,0.065804298408139,0.0735108409966917,0.120440925327289,0.200719414812034,0.165427811493469,0.0847027229607046,0.115580727786961,0.039589567982864
17204,12872,0.0626746814812465,0.00999280336695303,0.10088122478745,0.0412493883336092,0.100585264956942,0.204771160715834,0.0705923583993927,0.129881214429737,0.106097049597577,0.067535238868401,0.0757989578526112,0.029940657210246
11661,12401,0.0387820314126398,0.0620091502223601,0.0528280854235754,0.0729865925486152,0.105508658396768,0.161150660813293,0.0543558335166755,0.219636759258885,0.045666943283099,0.0898162814180897,0.076464799003145,0.0207942047028544
15265,13358,0.0349149918566772,0.0118908429390742,0.0613274591752487,0.0569946571042802,0.0849013522704314,0.222815132344607,0.0161213783380402,0.166959592587432,0.144151584949112,0.0757412638504183,0.0975921874989209,0.0265895570857577
10819,7099,0.0311561483671754,0.0172527865842501,0.105459958935214,0.035823674074557,0.0750990346303297,0.130166591627126,0.0390559315695058,0.247870660673605,0.0643002349905607,0.0705167457603389,0.120318794778833,0.0629794380085053
10408,9269,0.0409474278704886,0.00293848777324154,0.0366408526259559,0.0147447987074487,0.0764920612225795,0.16661362001084,0.0427601751922852,0.336974737002164,0.0476262193964101,0.0618635615874408,0.0684780841341772,0.103919974476968
10273,11440,0.00918679991969274,0.00210784447875711,0.0697689676369778,0.0173575686162898,0.117043157045329,0.0924143501986189,0.0348983189375615,0.290614954674034,0.094178985160314,0.0892174164144226,0.0779498893122806,0.105261747605722
14564,9261,0.0492626178542757,0.0100731456848911,0.0846240261414471,0.0255675224028059,0.0772910238476228,0.169782597181506,0.0480357673874908,0.27067728738818,0.0623164372953308,0.101923040159988,0.0502592232264108,0.050187311430051
14154,11914,0.0410066010739064,0.0819284993968511,0.0309225966929248,0.10283636888645,0.0915016907857657,0.135505065354368,0.0282516807811147,0.232294594324958,0.0278295180921008,0.065366162458053,0.0946841449503612,0.0678730772031468
15391,6848,0.0268216516226152,0.0206822469105719,0.0287102611427906,0.010567116798593,0.167091359071677,0.186615050109657,0.0460448832659973,0.235081375534877,0.0382997092175226,0.15626588119847,0.051644442091817,0.0321760230354109
13730,7816,0.0579185031153297,0.00975657995295466,0.0669939096236933,0.0327522408828451,0.0581969136170762,0.136529253446803,0.0330228618457197,0.342449027548978,0.0329209931825501,0.119643892654766,0.0506007623040708,0.0592150618252139
9730,16745,0.0208409186859428,0.00925413921535999,0.0302019417688725,0.0186246090590067,0.0832956319934328,0.188618423011305,0.0175563793239683,0.28565391566393,0.106847309589384,0.136967923595599,0.0765246306144697,0.0256141774787287
14003,5887,0.0361119666986432,0.0109851427030322,0.0792684548923146,0.017714218749864,0.0833656459574885,0.277341414970754,0.0733002320260445,0.127360971085409,0.0543732938864983,0.149302963022688,0.061105067255291,0.029770628751973
7641,11686,0.0183886291540932,0.00386117501616403,0.0631655922048005,0.0167842538181001,0.0289083503351576,0.154621087309073,0.36168220821423,0.147370966234073,0.0222321213019857,0.103603249249175,0.063479544616862,0.0159028225462865
8060,13373,0.0278979357145143,0.00231778251112974,0.0685224064720847,0.0157832324623616,0.0986541794341015,0.198975078201563,0.0947248171988887,0.220612136330763,0.114642273832148,0.097356690366414,0.0429593261940259,0.0175541412820057
16226,8776,0.040646152056291,0.00782144099914877,0.0233246790705388,0.0124105235552075,0.127470798856729,0.21393108083051,0.0209820734042282,0.280667154343586,0.0768261266019729,0.134268995161349,0.0207399864182437,0.0409109887021954
16223,7329,0.180454091684388,0.0279369816148208,0.107794441753735,0.0391915347598024,0.0824696269723696,0.157658193265752,0.0342775078889433,0.152913762235558,0.0543887678072238,0.074926692071599,0.0516634853924516,0.036324914553356
12065,6855,0.0297092985304138,0.015157927364617,0.121921422905005,0.0370892990745899,0.0351377470501576,0.124657707612253,0.15850938164652,0.228092383211045,0.0872258183421403,0.0529006955828736,0.0992260549007279,0.010372263779657
14720,17699,0.010306659999433,0.00513349576687213,0.117938201180955,0.0408310439079222,0.0690833979515774,0.14905263565345,0.0477325309222629,0.18775160958597,0.118994148176875,0.0866574990979662,0.085302994908823,0.081215782847894
12477,4685,0.0215564922390569,0.0058893050947226,0.048707923835203,0.0127427475348168,0.0610867009727933,0.163761122712414,0.0454138915516986,0.379438723275112,0.0241919002229363,0.0964707791679574,0.0953229270110487,0.0454174863822405
10130,9270,0.0988682848374646,0.0268109962554152,0.217414570815998,0.0508431798271308,0.0197162101276004,0.0688579482201293,0.127097289576509,0.145335994759871,0.0494995859883835,0.0511447649057629,0.114091147264853,0.0303200274208813
9722,12887,0.0113117455414751,0.00203467215409563,0.0231661260047584,0.00978126633921539,0.153279087961119,0.168796152460918,0.00596186393727439,0.336123298406962,0.0635022554305585,0.0916971264895516,0.0899554957912998,0.0443909094827732
13333,17220,0.00651060786357027,0.00410291765895904,0.0856754577791073,0.123501623717861,0.13174329928058,0.113504700472343,0.0593771361877848,0.134065259468385,0.081168941341692,0.0902543933640504,0.0465212833842183,0.123574379481448
15951,9740,0.0232429206602518,0.00932596186948789,0.158079245311751,0.0362615676748485,0.140548399053668,0.176795577837579,0.019287887542807,0.217842602780569,0.0663996909405987,0.0609751989546934,0.0299681938713815,0.0612727535023641
13190,15050,0.0191874766808564,0.0369712937634634,0.0406991874660553,0.248482832551289,0.00414087075584517,0.0380881866175166,0.27401752591409,0.0747669654472183,0.0684752835871789,0.0213873757745903,0.161904046691092,0.0118789547508052
11231,5410,0.0305053824696976,0.00551695764981985,0.0406306581699273,0.00596437776999514,0.0992022824924894,0.178845586499765,0.0825642430779317,0.305618623025487,0.00440198948188358,0.14289345063269,0.0867401257820042,0.0171163229483092
10411,11198,0.0159505257183833,0.00381698602987904,0.0801102956407339,0.0334913693348127,0.116971810999916,0.199148994690961,0.0233904048355506,0.201258626772404,0.0744241143522316,0.114665841513822,0.0455285355836262,0.0912424945276793
14140,5163,0.0270999745732666,0.0223152721640059,0.0670280824131385,0.0165656599829904,0.0409413520173335,0.122501518919597,0.0159960079180056,0.410633615578971,0.0126805283951807,0.12220938721419,0.0688603297423625,0.0731682710809586
10284,16744,0.0277881272964877,0.0124469434730467,0.0150569251779887,0.00986079512685538,0.0445341653721993,0.197748663975478,0.0144162878802377,0.335501989276055,0.0731257893672487,0.12797670184472,0.0776198496356749,0.0639237615740078
12905,11193,0.0278713928393547,0.0130862858860228,0.0217256535133335,0.00523206371565096,0.054071582792538,0.26428946912112,0.0374946542805131,0.346802653477149,0.00527834602617634,0.0770439629240905,0.0201522125172925,0.126951722906759
13323,11916,0.196601403565871,0.0927484092251868,0.107095560498322,0.0531492202379042,0.0383225992180994,0.0487322295323401,0.0533754941105794,0.0887786029832267,0.0508365117237342,0.0394095063467634,0.157059261484273,0.0738912010737
16650,12873,0.00884133367111073,0.00562747163580454,0.085187692948715,0.0236014492806227,0.00992787514318767,0.0742624202178424,0.263602203419519,0.0975562317628809,0.230558663379753,0.0534830298753116,0.0644803576068538,0.0828712710583983
8189,8310,0.0190007921377645,0.00193451901536227,0.0484507266647249,0.0115863540055413,0.0613227658845867,0.17392741092593,0.0041828008703469,0.486171039942425,0.0102172643242323,0.0766690941013391,0.0364639230711188,0.0700733090566287
18037,13353,0.000817619506484664,0.0024768548870188,0.0109920113349761,0.00954367043877333,0.00178527435484386,0.0646690997739653,0.752726091043796,0.0205929248338318,0.0588596713462092,0.0521653704960604,0.0233424125318091,0.00202899945223129
14716,15770,0.0473884102881894,0.00443459363589143,0.0781150344181878,0.0976544813754059,0.155914841802404,0.136232513860109,0.0571324756375133,0.140871128825478,0.0599535959769609,0.0617135326531076,0.0604726245759612,0.100116766950791
15110,4920,0.0463209425574485,0.0045711774294395,0.0676552075903355,0.0182606001434143,0.0824356595084679,0.161866874636175,0.113387977760611,0.285579178520294,0.0402602180179048,0.0975958785731357,0.0397049222407331,0.0423613630220409
11116,17224,0.0469691403139939,0.00587607488372271,0.0401539217509232,0.0164752529900356,0.0562007292949419,0.239599181033472,0.0299240521242996,0.187509159699234,0.0392743408470584,0.149095707052212,0.112767838668328,0.0761546013417785
13329,15291,0.0886062215789281,0.0382630783230775,0.0293303270471579,0.0447448358750593,0.0714941775363051,0.192196304082268,0.0411605509763862,0.195443570705084,0.087839909465929,0.0926379483712763,0.106474207824792,0.0118088682137369
12907,12157,0.0251633476263453,0.0125861416765987,0.0249182448844114,0.0136051622538305,0.0730189866838296,0.248826231618902,0.00958914699017139,0.39004198698171,0.0273944259308477,0.0753709050813969,0.0646250252373591,0.0348603950345977
8899,17229,0.000434558690024474,0.000909370600034576,0.00701771533491847,0.0207645348851406,0.000796340590855303,0.0655558652744379,0.801271906914522,0.0078389868587687,0.052211404723157,0.0369659117785479,0.00434392605248733,0.00188947829710573
11809,16982,0.00732549985339195,0.00107397559955813,0.0461674113799066,0.016943780655299,0.0593156377918233,0.254133247652382,0.0160940721008906,0.221375678611874,0.11926040198414,0.174344027221906,0.0512136305262701,0.0327526366225584
8192,9756,0.0245660287324203,0.00661023570968058,0.0234913870414879,0.0173275465138272,0.13875220456794,0.177474793351224,0.0148365095626658,0.424122886038467,0.0396788254784277,0.0826181710957248,0.0196997638383367,0.0308216480697983
10814,4688,0.029709715773722,0.013208421136395,0.041483640549826,0.0174441795560637,0.127877345010745,0.229876084996378,0.0122829004820405,0.35584351003015,0.00979865573737274,0.0832668800950044,0.0351635146116537,0.0440451520206486
15389,5884,0.0563324773253202,0.0091323002440525,0.0616407194211923,0.0178234944413767,0.0940237018634096,0.206678892457361,0.0391213844577384,0.386849868353817,0.0085073523085783,0.0960309461559388,0.0123138291019006,0.0115450338693155
9439,9995,0.0298787271715188,0.00562866687275947,0.042875585051089,0.0154589480905737,0.0887122639852735,0.240953465735626,0.020053891814272,0.28334319950839,0.0406585224314906,0.14467708739705,0.0657956004756219,0.0219640414663351
8340,14819,0.0194673285704892,0.0230621440625207,0.0686138739816095,0.0384560669353418,0.0381630209518086,0.0372977053128529,0.413541967648574,0.101860149102008,0.0772765561834503,0.0574446827071007,0.0892938041072,0.0355227004370444
7638,10239,0.0313015531157814,0.0192490935724705,0.0943196811197919,0.0149797525062423,0.0961469457189123,0.097493439431987,0.19245454356799,0.267961431949279,0.0402211428089861,0.0777758382060136,0.0607830889204964,0.00731348908204987
11245,12161,0.00666006345142681,0.00444696831321069,0.0973894258973905,0.0746744762523197,0.0635352392842349,0.120566429918993,0.0610721202408004,0.24232177798205,0.0633060425756681,0.0949973515250925,0.133521561712211,0.0375085428466019
14284,7815,0.0430788937103263,0.00385713340587026,0.0190140465163067,0.00544075664746677,0.0633862934218447,0.229203679205401,0.0120147059395623,0.454658031464866,0.00989807544625203,0.106836928259367,0.0192274060275155,0.0333840499552218
7500,10481,0.0223794166110344,0.00889949486721429,0.0888638663341203,0.0163309518197571,0.0511981665308868,0.130314764166613,0.44793820394631,0.146959230743379,0.0016962355953615,0.0648893494174119,0.0130358879482302,0.00749443201968081
15672,8777,0.0517165679448777,0.0133961196461703,0.120860142010706,0.0432821997999827,0.046435977536413,0.118321653773239,0.0735379161024935,0.293231185396133,0.0716967208835604,0.08488282816676,0.0316657444243891,0.0509729443152752
16794,15525,0.0161698508890683,0.003366760503135,0.073253189741932,0.0235324455938916,0.146739372344781,0.157479814049252,0.0112371273937142,0.278623851114299,0.104173368999149,0.066697652057565,0.0473730037493548,0.0713535635638584
12630,12158,0.0543840232288328,0.00402788577926115,0.0308022873623294,0.0159138600064906,0.0728772303676386,0.167379355511279,0.0358339218601652,0.305932083491602,0.106766245020853,0.100898989305042,0.07453079846413,0.0306533196023744
17194,8050,0.00403492072782005,0.012530783464323,0.0464767487221996,0.00201693945012135,0.0138160080303886,0.199648787202231,0.0375759270490015,0.268848913808169,0.0625380719514347,0.150124783875942,0.125671966851026,0.0767161488673435
8203,15542,0.0229651967850615,0.00735227523750776,0.0946854153169109,0.0519391801479384,0.0560018248098146,0.120367292421447,0.120667500369927,0.220059791146075,0.0649478515229223,0.118642694102371,0.0805593364486949,0.0418116416913301
16655,15284,0.0178281079228087,0.0189573550170126,0.100100117225117,0.0292307876502787,0.0704510652754665,0.233400877161271,0.0445502628674889,0.204736148652948,0.0699570134969834,0.0604318438569864,0.10844171516743,0.0419147057062079
15257,9019,0.0915863326053116,0.0164015223923894,0.103343638940189,0.0229561588419716,0.182131664912359,0.132842123071069,0.0178547685690571,0.203472977545907,0.0305506268426173,0.120345509159572,0.0371944565426598,0.041320220576898
10548,9992,0.0553803857315065,0.0129301861474298,0.0590530500689257,0.0168271125243206,0.132844073537006,0.125955667276347,0.0296702829087184,0.298256178567594,0.0575947138878173,0.0945358183110559,0.101097872088775,0.0158546589505039
13723,4441,0.102854092369351,0.0133452650149899,0.0773347283324551,0.0127470070334351,0.0613177110190896,0.0934474738697796,0.00539083404557298,0.374195089041567,0.0434924576076539,0.108025691322324,0.0736089642158633,0.0342406861279187
15533,8536,0.0326574567438609,0.00921612670529861,0.151355008767604,0.0146024560341238,0.0959292495844278,0.1297178650805,0.0448816375387288,0.229479192711854,0.101180469860615,0.121026609215803,0.0542030006804664,0.0157509270767177
8481,16024,0.0465815881544417,0.000415749253469262,0.152118696792497,0.0214067912114384,0.0471797721866554,0.0841892122996588,0.0128246288663065,0.39414882729241,0.117003454317121,0.0521329556208753,0.0326835242716436,0.0393147997334821
11375,8062,0.0635662039533292,0.074884110204883,0.0752938186361479,0.0263320653228722,0.0538706846418069,0.0985142526690693,0.0366328368705295,0.26332690047515,0.0294571744021355,0.0569496750047497,0.155007357507712,0.0661649203116158
16920,9497,0.0400878385382756,0.00656980254641871,0.0515083947494661,0.0353794135079861,0.0883108563088046,0.230498991479422,0.0359358583621009,0.295175296355665,0.048563291197986,0.10434470210324,0.0319261420929707,0.0316994127576652
12906,11675,0.0433840772457056,0.006994927170033,0.0822630508062956,0.0444607547921605,0.0624111439074047,0.138556413119956,0.0240411378027911,0.33704573736675,0.0142394312994775,0.147236243377557,0.0281469090512853,0.0712201740605841
11794,9749,0.0579320669085004,0.00775067549158727,0.0971614862593788,0.0198751856500855,0.0973077485621013,0.102464710188582,0.0422280930960654,0.296762794732518,0.0489782353434171,0.104969737105813,0.0813879549410337,0.0431813117209175
16638,7087,0.0151073236382006,0.0716984778962951,0.0771046951606746,0.0177029567998249,0.025882846595282,0.0521843679906939,0.419083953533909,0.105179684323714,0.0564810061197588,0.0541341640927994,0.0896153507459582,0.0158251731028895
15266,13840,0.0275733475410562,0.0465586382657423,0.0308696197694743,0.051889998530716,0.079487354338149,0.215761406196369,0.0328974540427894,0.190844490964202,0.160149790014571,0.0925749095150593,0.0481408776995968,0.0232521131222754
17060,10220,0.0418571592328697,0.0207142921670204,0.0849013462270628,0.0213213116922626,0.112391050996882,0.115657780124607,0.0239820480003684,0.281423871779883,0.101934407680605,0.0933398927991805,0.0750640817143758,0.0274127575848829
12360,15534,0.0339994188192579,0.0744831494855668,0.0463912748256732,0.0157562174642704,0.0358205748395457,0.200227481897833,0.0478591336045373,0.225913114306777,0.0345802696829963,0.0727415188608732,0.172879267199544,0.0393485790131259
13887,16736,0.0097146260564731,0.00980874715793946,0.0756298241303724,0.0490986943041728,0.139235963136637,0.0882834905099695,0.0148782167201925,0.251920492111729,0.115798285311147,0.109460622096028,0.0874369734176351,0.0487340650477037
13724,4923,0.0263219295577253,0.00547840861255239,0.0687810635318846,0.0274636611817742,0.0624195541992576,0.353927888888228,0.00498772812700204,0.302654032092216,0.00636895947966548,0.108659750489098,0.028531568679127,0.00440545516146984
12211,10471,0.0148688608376441,0.0038881813625405,0.0296304002962458,0.00840489605701486,0.0872946612875382,0.211660446208848,0.0130137458577955,0.463640883472068,0.0471329945580242,0.0822386510112356,0.0235065398505641,0.0147197392004811
7914,9757,0.195197637342779,0.0147205730185761,0.0987755644593546,0.0246122294031374,0.0479868200045794,0.0948953470670931,0.0786486299945245,0.223593332816958,0.0719991036227088,0.0635307413525775,0.0595686271549691,0.0264713937627419
11942,14329,0.00520483775490506,0.111246976097792,0.044463089728455,0.451152759747481,0.00457847131543911,0.0262124221918337,0.143015438963856,0.0673816674687985,0.0527161067643551,0.0196159702555861,0.0581226227078996,0.0162896370035983
12067,7820,0.021107859099875,0.00278378641105332,0.0958978828237808,0.0217674276903115,0.0720655610769622,0.146971946883859,0.0639553056918776,0.229137932099616,0.0683249558287347,0.128641659179122,0.0873454919935156,0.0620001912212918
16501,7811,0.02192824847858,0.00417260579663188,0.0550820386938314,0.0152569194194485,0.0208065113080521,0.239687753315094,0.044746470000564,0.4337453282245,0.00103474819715354,0.115729957931098,0.0256376943182291,0.0221717243168178
15544,14322,0.0169010732344168,0.0585787122998766,0.0397992559492707,0.123798587894689,0.104179367920581,0.0785094865128841,0.0564869135132926,0.207419665824158,0.0769543229748977,0.0851486451496011,0.0214094704948065,0.130814498231526
12210,9989,0.0249481811378999,0.00318648119826916,0.0230886668459268,0.0164932947908298,0.0482855504521042,0.243948357469799,0.0183455611958641,0.324509842816257,0.0337540918458273,0.153360620057172,0.0791169071065595,0.0309624450834923
10838,16742,0.0263137356858425,0.00471987407326943,0.0924210861832221,0.0157249254185868,0.105230541498977,0.163596757266069,0.0319890051896865,0.333673128880403,0.0350676372249582,0.103980761199605,0.0760829068812234,0.0111996404981573
17069,14560,0.0228637971991384,0.0133578571557076,0.0802106498333216,0.0398303549701677,0.0786662108902401,0.203604745056117,0.0279785665146542,0.0935970831725287,0.135425215699345,0.12195775993085,0.137941072542731,0.0445666870351984
11792,8784,0.0248919695403756,0.014679673520229,0.0577243092867118,0.0121214135759937,0.0872021458914453,0.0745441840990265,0.0164063298954756,0.442934928275712,0.0571263813000372,0.0687763454531368,0.115681214390156,0.0279111047717005
11249,14090,0.0170064565841219,0.212982416336509,0.0432126699220355,0.474036173770219,0.00761043683227608,0.0250305667727421,0.0313210052152424,0.0545705568401138,0.0405483871894452,0.0173999615333304,0.0414055279549578,0.0348758410490067
14012,10227,0.0488628425382501,0.00916280897378011,0.0700125686005951,0.011898452886716,0.107295457893438,0.0983612128754355,0.0464600714218473,0.365485615874197,0.0743828819592275,0.0836299533144166,0.065509222201102,0.0189389114609955
14441,16735,0.0107374543830167,0.00342805595539212,0.117733347524145,0.0637497625977751,0.119230044690446,0.0961117141512468,0.0158512681068145,0.188775357497357,0.14729914381122,0.0744061477018199,0.0729961919974894,0.0896815115832783
12085,16499,0.0217326901420777,0.0330393363209349,0.0399516659343401,0.0353765671130503,0.0459529371764431,0.176010001092891,0.0393299208981569,0.147061012536192,0.0590334260277851,0.184620074150235,0.175214123770916,0.0426782448369776
13055,16738,0.0186569625078521,0.0239080245692345,0.0783055759336173,0.0319015113319232,0.11754483743812,0.142726363744692,0.0294330968726697,0.200950701782183,0.080503196735556,0.0786445851111482,0.114937298914172,0.0824878450588321
15946,7330,0.103709774252488,0.00617382006399042,0.0441877880890295,0.0143096666588404,0.0484434250940459,0.208426056988493,0.0187674298650923,0.380852284483715,0.0170920669103874,0.0889766454414331,0.058384270115806,0.0106767720366791
11368,4687,0.0347876855142288,0.00877152212642001,0.0171125459441879,0.0128976364956883,0.105244232465048,0.154034205235074,0.00547710048558413,0.424626357773133,0.0208395369123837,0.149517848339322,0.0469107563422736,0.0197805723666568
13469,16014,0.0105941513863815,0.0181537359440251,0.0925980739908595,0.047656767932172,0.0180395562716907,0.0979455697196733,0.0692008738457141,0.291794936347471,0.0595606452558453,0.0983075717682127,0.120708381194308,0.0754397363436475
11234,6857,0.0247537776004528,0.0214016713829718,0.0266555778009631,0.026086391003137,0.135155955292634,0.159725710412038,0.0147237505155364,0.241302746680343,0.101194031992996,0.136982978300571,0.036730976675494,0.0752864323428632
8057,11926,0.010448266828889,0.00842790087692103,0.0295105819621139,0.0160555962165259,0.0466173369985702,0.235184288835491,0.0205188248041248,0.233145149399024,0.0762118115101749,0.135216130059489,0.0519377108975584,0.136726401611118
10817,6134,0.0663196352043152,0.00559290002452022,0.0188327595636216,0.0200120368166151,0.0540889815013917,0.182403046186216,0.016465104815097,0.416396390882714,0.034744074450507,0.0634953431486898,0.0508194165417574,0.0708303108645549
9591,16504,0.0163069970969183,0.00366786574411731,0.0247379298975917,0.0200576956207234,0.0389748708146706,0.111568009699474,0.00671722325697434,0.375124811802206,0.183165449747792,0.118201014776998,0.0722010444929717,0.0292770870495632
10822,8545,0.0314137673904849,0.00336218555022449,0.0241449735115957,0.00628114280938734,0.052543229592963,0.279429451815069,0.021726320791817,0.331394051341147,0.0637884126418012,0.114533027634253,0.0384706250277543,0.0329128118935032
16361,7088,0.190533408559525,0.0742548132263345,0.0519956793489956,0.0716123990212727,0.0353135340124663,0.124175202500329,0.103169997092373,0.175495467443822,0.0426509221327772,0.0635169257882978,0.0332589807887161,0.0340226700850907
12066,7337,0.0164693989391012,0.0149875272612933,0.104608126504995,0.0189506292796558,0.0296852887858979,0.170114194836081,0.0964454171690618,0.23113783300717,0.0768888845056153,0.107819178738108,0.093705872888556,0.0391876480844646
11530,16018,0.01094299830375,0.00132800522495605,0.078119112566993,0.080579828415987,0.182943421628753,0.0645928245599459,0.0218529676317325,0.212257090074414,0.107968102383519,0.0563310584220369,0.0189215906422732,0.16416300014564
13876,11432,0.0404059165740709,0.00295438886348963,0.0953156924031642,0.0419697242013668,0.0430229529635689,0.273871481798031,0.041400199888045,0.242243749290634,0.0458160339842797,0.110813994770523,0.0598189599415326,0.00236690532129405
9569,5896,0.0347134303674676,0.00459992780389348,0.096642342253125,0.0128522231588893,0.0939655337929608,0.176141340611716,0.021006970081653,0.34874017708553,0.036749270236942,0.0913043514329282,0.0554503180975184,0.0278341150773767
15135,17457,0.0586714719257717,0.0613628283586376,0.0992011892578648,0.0691543294051527,0.0759489987583986,0.131200369939261,0.0263037272133125,0.252384988726603,0.0273234293903469,0.0719326756703544,0.0943454805558017,0.0321705107984946
12078,13124,0.00888541187320916,0.00514350420763273,0.0478523398290324,0.0200939527402064,0.062177607774576,0.251724663516607,0.0327291027938496,0.277786429068234,0.0423762978299912,0.103825110995524,0.0813455242310931,0.0660600551400446
12347,9266,0.0106446291438557,0.00709546662270354,0.0177040140782954,0.00448321289863174,0.0855189496660588,0.2977426868166,0.0175813443300048,0.322940913803279,0.0431493054552701,0.0913281648971363,0.0555540485890128,0.0462572636991521
11239,9268,0.0311923609359536,0.0105627523558608,0.0491571607272422,0.0122479736329784,0.0681132761314096,0.141462660289593,0.0575878661813875,0.333434585105043,0.0308023627522836,0.0980586915233787,0.141655003400477,0.0257253069643933
12616,4925,0.0280400769191746,0.0256361082382193,0.0468862614218953,0.0241243369029527,0.139231485709462,0.197238827014919,0.0580695840486392,0.267769290179548,0.0111890263627365,0.110463505263273,0.0807472263417022,0.0106042715974775
16511,12632,0.0160859493836812,0.0213643053697028,0.0833154678086024,0.0348954631857529,0.107732120472028,0.144848892004998,0.171601247669286,0.176859968432922,0.0358166608533927,0.10896141473373,0.0751047776045098,0.0234137324813941
10695,14573,0.0150453161009192,0.0511561699701167,0.019313346342862,0.619941066240744,0.00917812312840576,0.0277380929412504,0.0362703897723429,0.0662711641195003,0.0273380078230276,0.0197634694309172,0.0753355070051445,0.03264934712477
12202,6132,0.0191992804368429,0.00713763223314668,0.0266429230151775,0.0144750333635693,0.0649043576339351,0.177786735717019,0.0213504289697626,0.43627114731722,0.0226685108816536,0.120817998543967,0.0493910126345316,0.0393549392531752
9999,12887,0.0498242079618132,0.00382322617736931,0.0287279154483352,0.014954278163168,0.119642673694142,0.129467875530224,0.0270333640555419,0.336478091885816,0.0839345608323832,0.0873957952524582,0.088319181364428,0.0303988296343204
16642,9016,0.0763269534072609,0.00820495848921117,0.0541910658441422,0.0306355451308462,0.0540453362490048,0.144583480003191,0.0771926115143911,0.334223844396473,0.0226611699772558,0.113986444847999,0.0362908222842147,0.047657767856011
13187,13603,0.0744128924286508,0.0297421724125063,0.0391196661040313,0.042830239990931,0.0807352372382919,0.164500163300046,0.0396801551896796,0.133417642128587,0.0729269434972299,0.10796982484203,0.190346005304288,0.0243190575637284
9429,5173,0.0236159441191113,0.00609063118626563,0.0248543667773323,0.00554210915813476,0.110772935720005,0.27793612538693,0.0113676975007945,0.359232522846948,0.0291305899254509,0.106193586704078,0.0277421847722388,0.0175213059027098
12358,14570,0.0101946313973668,0.0126076938981099,0.0310831704023385,0.379361060341605,0.013575117795161,0.0378767753778182,0.16522330432397,0.107400153180563,0.0255793388677219,0.0517323206762739,0.144116791669446,0.0212496420696268
16657,16248,0.00970286394977033,0.00535835122806284,0.0302786168669085,0.00985145274673638,0.105163179188365,0.289517588826581,0.0105220827318614,0.268934179639404,0.0405699588484314,0.132418475278635,0.0773773475144839,0.0203059031807602
13312,6612,0.0529152966495456,0.0134782028522754,0.0564866629501052,0.0143289106275545,0.0818258749360088,0.183010822796118,0.0394837089297008,0.259183494385067,0.0229852008439934,0.144629775002612,0.0794778523599046,0.0521941976671147
11243,11196,0.0359253798591202,0.0253948068000942,0.118211712626925,0.0673929620956942,0.0532753289270631,0.256281386369323,0.106065466333678,0.0894880719730001,0.0716924902061113,0.0475011810436946,0.0955817616467215,0.0331894521185754
13721,3477,0.0144616407017394,0.0097590462057104,0.0532040121044756,0.0113986570966073,0.0401425231910784,0.125091669574081,0.390236374257319,0.173806406457239,0.0396243997245398,0.0710867448600876,0.0398391765200053,0.0313493493071173
15549,16733,0.0379101042145076,0.0162468281754071,0.0861740201195906,0.00594053529349588,0.0241763148390865,0.102769814470075,0.145741133179837,0.313916251566848,0.0346043972363748,0.082617155103122,0.116473135116757,0.0334303106848985
15111,5402,0.0563703760305329,0.00495438537700479,0.0240774246096758,0.00254062481817348,0.0472114096961521,0.313584869597418,0.010635003619519,0.356612873366183,0.0238427150942189,0.139224251255863,0.0185830531129619,0.00236301342229726
13050,14327,0.0159951189068853,0.0163915045654264,0.0648138889142502,0.01532989825701,0.120828595234281,0.29690726273974,0.0320537894220226,0.177590387563205,0.0839849245344199,0.0803907253949129,0.072650489377695,0.0230634150901508
9990,8547,0.0234583951334943,0.00939178503267842,0.0691728531129485,0.00793082216719696,0.101055698618204,0.165321857838793,0.0301253019312445,0.239471989357633,0.0765854550590543,0.1069759620462,0.118950362421481,0.0515595172810716
14850,13600,0.0112567677950716,0.0277201418846964,0.040799629926566,0.0368860522201379,0.13597264855631,0.164186645681222,0.042435214149262,0.231629848188628,0.0927663108415419,0.0806976813943551,0.0467016588913007,0.0889474004709081
10277,13368,0.00523748288392387,0.0107243466294264,0.0742353278570027,0.107249992786008,0.0860065262422451,0.107378009366985,0.341650313313821,0.0926638246741222,0.0403350578319471,0.0894443857753942,0.0249959037891062,0.0200788288500181
13864,5646,0.0116863067217228,0.00408269483099866,0.0508970096815572,0.0127550261969649,0.0458991422255477,0.297776129515036,0.0248096201821456,0.308019028687421,0.0183249321773825,0.105258255668535,0.0825630342352729,0.037928819877416
14982,10466,0.0413562615348279,0.0206227644398321,0.10843324891101,0.0531905029808905,0.0606340722344655,0.192433607725405,0.0403145673220702,0.205588203011064,0.0369119728666386,0.088243728384877,0.0995769768327314,0.0526940937561883
15956,12151,0.0234528070672039,0.00468685860248712,0.0511356564692433,0.0124933473939145,0.078779670592587,0.340843694797874,0.0282124597928728,0.241826347780936,0.0339405710866092,0.118584543354359,0.0503569287662051,0.0156871142957082
10418,14573,0.0419718020184464,0.00869950657308131,0.0960839051034193,0.180506671694276,0.0766177718538068,0.0805577570210347,0.0299539400747521,0.133095920282144,0.108997061051103,0.0912193215741837,0.0910789848208322,0.0612173579329204
14290,10708,0.0301927723593678,0.00139856459657711,0.102170319786822,0.0255070817594487,0.16298606229714,0.107319109829197,0.020203074939841,0.320761059617601,0.0453458627013352,0.0945224945167902,0.054150959247283,0.0354426383485967
13600,11915,0.0980254554418746,0.0134910849534812,0.167722872948297,0.0254401743684131,0.0483071283819989,0.152034403634929,0.0289350828265365,0.212222306405486,0.0355405238119997,0.108662375095593,0.0756246152684607,0.0339939768629301
14846,11671,0.0126394798962318,0.0419789565037293,0.112202117355231,0.262627839110232,0.0399970826534789,0.095253830089751,0.135504506829381,0.119900201248062,0.0496762890074829,0.0462388497917852,0.0501834232517515,0.0337974242628837
16087,8535,0.113195186904929,0.0293116176429207,0.0590308674217693,0.0408976449849048,0.0711749554687347,0.153733492051794,0.0307997730917156,0.1917248467675,0.0618284903279348,0.14219338199755,0.0677701083408959,0.0383396349993511
14848,12636,0.0368824238309694,0.117115989625127,0.0796483649650225,0.391005017617646,0.0202461511988034,0.0447029359149869,0.0248150608354718,0.0652973670512097,0.0110402415982238,0.0255335745668563,0.129344876989366,0.0543679958063166
9718,10958,0.0276411154593354,0.0119676569274585,0.177153649303607,0.033241653871174,0.0537152136598413,0.128730842062262,0.0940546791453979,0.178328070121057,0.0914408206714268,0.0418862829117519,0.0745816007604688,0.0872584151062207
9034,15058,0.0653452490485054,0.0057173546843907,0.0354370595696207,0.0226752814565578,0.120642348737302,0.226250784101548,0.0104687664994697,0.211835084077885,0.101422340331698,0.11248205190507,0.0766060052635743,0.0111176743243785
14144,7092,0.0305369040613554,0.00844253400421601,0.0718950954574723,0.0225342744140526,0.0230294901310504,0.112782646385258,0.0409174457592493,0.410676948799219,0.00140702404912621,0.168372051201981,0.0830486481294136,0.0263569376076051
12352,11676,0.0394663198960789,0.00146654936676115,0.0360371519455913,0.0119864875182892,0.113394221379829,0.17136538050908,0.0132255964384276,0.396142408954278,0.0365626249997679,0.082401866743412,0.0667380269042893,0.0312133653441952
14991,14805,0.0117800406265842,0.0307191316476864,0.0796718466027288,0.0375952626524023,0.105149996487482,0.207486289891638,0.0597584265371835,0.0921448333844857,0.157820809276103,0.147788314688213,0.0444617257719377,0.0256233224335549
10692,13126,0.0285459738955605,0.0121590295753031,0.0595276653113728,0.0752851985848205,0.125580219843847,0.112160916479078,0.0845191160646693,0.16654339133398,0.130778968265049,0.102733582694204,0.065836794938883,0.0363291430132319
10403,6859,0.0178721371366135,0.00576608303908186,0.0195357323833418,0.00223137794306598,0.0704237886825779,0.273564186117018,0.00643586587283113,0.380286569037351,0.0452726396052682,0.0947890460100401,0.0580920817215674,0.0257304924512425
11367,4205,0.0239530614036334,0.00752286543508856,0.0125975453209466,0.00295305698789182,0.0687734797844888,0.218465936414468,0.0118737759052781,0.495826457786585,0.02037360037458,0.0663184575974063,0.0505178273337386,0.0208239356558947
8883,9031,0.035850818621442,0.00894947967419128,0.0434656964276826,0.0115419161477566,0.118750281878531,0.205944688302786,0.0107509026493439,0.301892709856462,0.0160908915034305,0.114983295611815,0.0687213640371235,0.0630579552894363
9291,5414,0.033676566181339,0.00717303365745738,0.0427817790795992,0.0144233197790675,0.0776404045097423,0.280980124386024,0.00886566144448111,0.320339671782337,0.034939844367629,0.0978252369766965,0.030589130780012,0.0507652270556149
13451,6852,0.0365699443612967,0.00423277107264459,0.0405971848998228,0.00661375500499926,0.138336340497107,0.187397456185016,0.010620737885142,0.33324641180339,0.038749833175318,0.133858752773383,0.0511450016680056,0.0186318106738744
16781,9257,0.0766585728864581,0.0138563819585816,0.0776920542721095,0.0407938158518531,0.0864271271810049,0.185655347223039,0.023183410052985,0.190678517023663,0.04897790688532,0.146833996439532,0.0827994578295808,0.0264434123958737
14163,16254,0.036753460892241,0.00594054317804333,0.116896474439535,0.0394555408199035,0.0377810629342077,0.215317202804186,0.0226403189150478,0.187642527217192,0.0883534290765315,0.112477371787553,0.084638713250682,0.052103354684877
13330,15773,0.02985639919946,0.00123830270409812,0.0682490033689437,0.0161930513687216,0.0354166299219716,0.228134354726632,0.0589084876324191,0.183730280595434,0.00940403128655676,0.152689576462252,0.176243974758462,0.0399359079750483
10964,10233,0.0594452176315294,0.00789335172232361,0.0351335542789678,0.0143214747188126,0.0785458856219404,0.159972675791732,0.0399537967220912,0.360862686184161,0.0850804655830716,0.0758904719169086,0.0501444130529178,0.0327560067755445
9588,15057,0.0404725078733475,0.00622480653928107,0.066031219953017,0.0321582186416148,0.0845527034611831,0.236612040635865,0.0338954504647456,0.130825629311336,0.123567734260468,0.103789799041509,0.117961531011541,0.023908358806092
17898,13594,0.00057581667190828,0.000701015805492725,0.0168859943660914,0.00786131448646808,0.211565799129302,0.206114765858933,0.00316234228926209,0.0928402216709005,0.28182748992421,0.137139785243207,0.0199897644817963,0.0213356900724286
8887,10960,0.0445656809315794,0.00309618378622431,0.0585615209187571,0.010171407632776,0.104381747065488,0.0899099790077368,0.0284084687965189,0.398900035445837,0.04293973154342,0.150736506474636,0.0523584948715441,0.0159702435254824
9170,13853,0.0100519061694061,0.00235105793497371,0.0603839041946396,0.00831406033686097,0.165541605726697,0.253603440518258,0.00809023872360816,0.273038781657044,0.0520551036170368,0.106554448340234,0.0389932078528171,0.0210222449284237
10953,4929,0.0477309875536819,0.00998314760388502,0.0541611630874804,0.00684461494795815,0.0333566907421022,0.165811639780657,0.0446793702146684,0.423612630174904,0.0323065097383367,0.0794909804630039,0.0846085758020859,0.0174136898912367
15538,10947,0.0827792719206241,0.00856262360462558,0.11512158270235,0.0663555805456166,0.0968362620914325,0.128742050240856,0.0317823146936966,0.304040497798397,0.0436006479618846,0.0745922043456252,0.0270295085098042,0.0205574555850877
10275,12404,0.0119137241164876,0.000351351195117182,0.0801155338222429,0.0125613648432629,0.0883965597631712,0.178513704371149,0.0347368817124553,0.315359708518644,0.104429737646747,0.0411814522083395,0.0503914685786712,0.0820485132237113
10560,16261,0.0462837347504162,0.0051368260901072,0.0373553064834844,0.0389579273615316,0.0787534981788134,0.225525515047454,0.0180697023225603,0.207775932036798,0.0757373021515007,0.162538827730291,0.0652185795891903,0.0386468482578535
9709,6619,0.0090073023865062,0.00178016192983399,0.0136134889188915,0.00841097177327926,0.096140628172117,0.144394738537173,0.0185294457766105,0.479539959075056,0.0166730714087467,0.116304820706587,0.0144059863336517,0.0811994249815467
11802,13606,0.0284865244683439,0.281971756477711,0.0731798411075509,0.132213241700527,0.0371670902313786,0.0681905752350388,0.111296552457519,0.0604157421836675,0.068194129860612,0.0462727150519776,0.0710606319992036,0.0215511992264696
15668,6848,0.148947043973204,0.00466860907712391,0.0432376022601094,0.0167539631601189,0.0416910706518145,0.111029951170436,0.00420506764759088,0.316599701336955,0.00761370513676196,0.145015258156613,0.0998937614612685,0.0603442659680033
13736,10709,0.0106790023084629,0.00832474288332853,0.036570614788437,0.0121460220464665,0.201571402543039,0.122182177596252,0.01526576679018,0.243132730349848,0.0828856062908625,0.170572028761573,0.0566043418297977,0.0400655638117535
11927,7097,0.0778621930500446,0.00332502287237576,0.183022767207674,0.0284384869516582,0.0428631120028165,0.0657527038719586,0.0238000490437916,0.197361075927044,0.0949342040562235,0.0861217876934318,0.118727630997648,0.0777909663253332
12772,13845,0.109783028775276,0.00644624646496124,0.0441582891488892,0.0339630681818794,0.0261420587724566,0.20963187036525,0.0695318250336373,0.145702456232942,0.0774330962286538,0.111752760192798,0.100421766393443,0.0650335342098136
14296,13601,0.0475062822025335,0.0300183600431884,0.03465786211907,0.20884691864777,0.0638577147243001,0.10782864961353,0.00751066881024073,0.192819116195811,0.110238850016514,0.0324817749025166,0.0553220608446609,0.108911741879865
14707,11431,0.0537359442835347,0.0762732362727622,0.0264842342324216,0.0616330754512954,0.104733896372971,0.148435800129564,0.0377300860839567,0.253743708040384,0.0286083248370842,0.0814414500897997,0.0980678723455705,0.0291123718606563
11522,12160,0.0386115893780339,0.139913472876675,0.138353234495279,0.109234317362031,0.0244905663609975,0.071721695322811,0.12311445673593,0.181992025515238,0.0144998466577821,0.0286783871646248,0.0736356268221595,0.0557547813084376
11804,14571,0.019906750393703,0.150168839327331,0.0395372012617794,0.561173036785027,0.0198953630199759,0.0145904402588525,0.0367814230612876,0.0217862797983557,0.0299826371426007,0.0111965797391494,0.019531104192809,0.0754503450191286
15686,16009,0.036696898417399,0.0020865801712005,0.124109958886734,0.042384590975187,0.0577714153285023,0.0873673307657744,0.0560116852070048,0.143057568097082,0.0787630995982564,0.0802320787438027,0.232585134622304,0.058933659186753
8191,9274,0.0217412779037755,0.00225354980164909,0.0556720451836934,0.0189459086129843,0.0806410505786237,0.212917254409123,0.0223336151876333,0.280350677381157,0.0636613606261628,0.17093291306522,0.0209676757788321,0.0495826714711457
8759,16506,0.0404902579995884,0.00458479175555348,0.123058710637266,0.022068350989293,0.0770078296856673,0.0843511597272213,0.031512113058529,0.351376009213336,0.094281861499449,0.0722702259459619,0.0427657642296219,0.0562329252585124
15400,11188,0.0353537659627299,0.00632458721667012,0.147900864189987,0.0444691883390019,0.0799806528797998,0.196328204096678,0.0286960071497715,0.211420946531315,0.0124626972661797,0.113524893427874,0.0952913445137368,0.0282468484262566
11091,4687,0.0190664200196536,0.00189619409511992,0.0245225757957517,0.0102950011819366,0.0566138463011765,0.241073240122746,0.00989705490219312,0.396875792181328,0.00837480841942396,0.117691694080082,0.0889251190283313,0.0247682538722575
9721,12405,0.0184316336497026,0.000508830681672676,0.0779765748065422,0.0091254794300397,0.17740121241395,0.097054013417285,0.0167844567143209,0.355121051035125,0.0675659060476387,0.0933600251534762,0.051009084518084,0.0356617321321628
9867,16021,0.0382384369328185,0.00570296249257066,0.0987577061911472,0.0108422412439106,0.174601878630805,0.163474282348198,0.0166286390342993,0.191392679146867,0.0324772483119474,0.136974588591249,0.0857306761554209,0.0451786609207666
12754,4684,0.0306192781443605,0.0189380912439463,0.0671162311911137,0.032561746398441,0.0689216967635028,0.148793101923835,0.01553232168745,0.288051347579103,0.0649594485182637,0.111111750431591,0.101335838301784,0.0520591478166088
16922,10462,0.0574409483822373,0.00808742914451028,0.108475785955524,0.0273074048799337,0.121150216147991,0.146868151203717,0.0213934931846761,0.24758142233821,0.0470813001306569,0.124406785671178,0.0482944491209419,0.0419126138404246
10142,15056,0.0315651244609827,0.0364995001881924,0.0734685920339394,0.28383377443833,0.0819272432110959,0.0538915597513421,0.109068447720567,0.0798735828163429,0.0535143307814635,0.0643542367734792,0.109332960909331,0.0226706469149342
12063,5891,0.0260239952448307,0.00355072495016408,0.0559862440524879,0.0103970058587762,0.0457550795615396,0.156293606706012,0.0274357157047662,0.413459630410018,0.0440893550893582,0.0987483276555892,0.0584774222036989,0.0597828925627583
9852,8788,0.0310967716135276,0.00196773807792404,0.025014894310235,0.0168988819950883,0.0619541627628936,0.197778134734135,0.015271622722939,0.404183658364127,0.024234297094498,0.142379903994616,0.0363422112477815,0.0428777230822347
15943,5883,0.012133510371776,0.00485113463521199,0.0238664978083716,0.00754873494279771,0.0152966952654789,0.0797847018805371,0.482459496631091,0.0839967157770902,0.0659615880344714,0.105067815442399,0.111691284470678,0.00734182474009676
9997,11922,0.017133698300631,0.00212715802103025,0.0475061259219582,0.0125847253527605,0.160578576782977,0.162610089398918,0.0276416327424153,0.252212530149523,0.116229832032244,0.117886079865446,0.0470609095045366,0.0364286419275595
14443,17700,0.0330963507535759,0.0356388641211167,0.125586154805587,0.0881013041068761,0.0690138403733592,0.0950663425213402,0.0513857425185298,0.102461879159663,0.105761009995651,0.0924607040487365,0.172436678598446,0.0289911289971189
9571,6860,0.0393307006871405,0.0242619844590706,0.0274776033296992,0.0141475599801618,0.143398380477355,0.0946293224314086,0.0130169282665369,0.419072883672436,0.0180845839830302,0.119031770392706,0.051988407726542,0.0355598745939133
12498,15293,0.00915171846447474,0.0010761895252811,0.0488221493052071,0.0407935520223011,0.0905709964146209,0.14279642807423,0.0599663365268655,0.313951713445692,0.0711751442227661,0.10555712864164,0.0716740570716275,0.0444645862852932
11945,15776,0.0236426567138575,0.0231567540181719,0.110520033516548,0.0873060573809292,0.0905992027834563,0.137646408276399,0.0500804610096754,0.0915509226149788,0.0586243414293657,0.130642284865025,0.116840839686298,0.0793900377052952
13609,16737,0.142138811276386,0.00695413704089612,0.106292931136241,0.0221116788340688,0.0739875326980714,0.161061317161187,0.0124619922545827,0.181427219355794,0.0946213395890244,0.0495794540816089,0.124816900337749,0.0245466862343903
11371,6133,0.0540054447127856,0.0422664942381381,0.119366990323803,0.0373597750730455,0.0896237793623636,0.0858882610071931,0.031263818344126,0.310075938117447,0.0138215160131653,0.0699299212606626,0.0859528822557219,0.0604451792915488
14702,9020,0.0519024517698609,0.00752147782766245,0.0511534204555758,0.0372760596691124,0.0670484232823157,0.163265204372995,0.0258527990391485,0.349881462060479,0.063986337321963,0.0929047656732109,0.0474122746184564,0.0417953239092192
12225,17222,0.0588276669931832,0.0110706410857845,0.0595429939455282,0.0581251325022334,0.0622702413125479,0.0951535937227171,0.0790553097428679,0.178196583697522,0.103210619368409,0.0952733481486701,0.102230639755898,0.0970432297246394
11114,16260,0.0403835445407094,0.00665921489005026,0.0314267394943147,0.0224450150776836,0.0756850940419827,0.0948349267132459,0.0130526717707126,0.387900806923253,0.0808508267890047,0.139914998136019,0.075140265505743,0.0317058961172811
10963,9751,0.0250173954534892,0.00881217108846918,0.0412961462208379,0.0063116036297406,0.0788161124913752,0.200276930787238,0.0154351780554935,0.377166222194228,0.0225997711988432,0.144015892366293,0.0631510230956227,0.0171015534183693
10978,17465,0.00870690712165165,0.0343860586342473,0.13771966549782,0.0487500055816884,0.0383876102625504,0.117609578345104,0.219466316534689,0.151389883170795,0.0365194997669051,0.0533184484710635,0.112436467214915,0.0413095593985705
10694,14091,0.0333589199984408,0.0369359394992466,0.031799978090249,0.484685421657246,0.0166122466468388,0.0740996887690391,0.0111753319479466,0.105205215736468,0.0692235031437717,0.0243614048351742,0.0227861391218989,0.0897562105536802
15260,10465,0.0613515971197695,0.00770972375986663,0.0806034148622713,0.032666278126974,0.0981217255834381,0.125676610186901,0.0472624535690317,0.240294549512234,0.00937239689302176,0.174881384212071,0.075194586840895,0.0468652793335264
9164,10960,0.0179312832874895,0.00197021444212199,0.0563638376156639,0.0202062237613213,0.0459139546427025,0.205555848356309,0.00776179003796614,0.438015442423287,0.0408249976846605,0.114899509927996,0.0254292580181851,0.0251276398022971
11092,5170,0.0388767403352357,0.0104554799919048,0.0586582979921136,0.0158734562170197,0.107235180102948,0.183380277587648,0.0135628817740595,0.310241828450815,0.0690131714938368,0.0979235546748171,0.0707240492104641,0.0240550821691377
9024,10237,0.0247728251164127,0.0134654943181968,0.0201007811241639,0.0130279809299191,0.0868743010794298,0.205314809311396,0.0207808920927322,0.320257898015171,0.0683319816491354,0.146746953901992,0.0580897368855156,0.0222363455759346
15401,11670,0.0306355035632312,0.0111925144890174,0.0590749432356691,0.013154931708346,0.132920617259047,0.118257409534495,0.0481035003663557,0.322199164945625,0.0306807444785511,0.143590948613498,0.0713800424120295,0.0188096793941354
14139,4681,0.0672208277140514,0.00783323901249729,0.0350711226237609,0.0156451454735864,0.0437833686110179,0.209665441115041,0.0156706160585053,0.371861011723367,0.0238325950839488,0.102130201755383,0.0580375820137632,0.0492488488150786
8465,7827,0.122501506942811,0.0245076788429818,0.0779621692943778,0.0332444737694135,0.062165649808307,0.102973436629632,0.0545999191360871,0.287890552181866,0.0157153247610194,0.0639597053664757,0.112083714757959,0.0423958685090704
11521,11678,0.039951175143667,0.0226926502645998,0.040174828366093,0.037047258196002,0.0269861073670278,0.202392572791323,0.0618404786869528,0.267838737490236,0.042535920359079,0.0881342992658014,0.14698482087809,0.0234211511911283
12224,16740,0.0326070872829757,0.00994529564920771,0.109760930122205,0.0582360858001152,0.0320875623287955,0.0701307197500941,0.0406545866607723,0.294144474490117,0.0756679108314183,0.124382819333515,0.101636523646939,0.0507460041038463
15249,5161,0.045876767380783,0.0246531035558151,0.0272156755602099,0.00652833708650289,0.136840984595227,0.150057475968085,0.0101178368684225,0.378249100813092,0.0267581106172441,0.0854241676576302,0.0590994534461899,0.0491789864507988
13877,11914,0.050021359396524,0.00959545797064054,0.0354280485994339,0.0330956660972484,0.108622440650934,0.168290393618819,0.065720052503937,0.191133541543383,0.0877195989556477,0.100843632595762,0.102309260076077,0.0472205479915934
12204,7096,0.0653239727408731,0.0165553048929596,0.203725895785908,0.0599832479433217,0.0426184823628098,0.106319374039744,0.0738734628149621,0.199123129221573,0.0448357326014064,0.0504488674635742,0.0826500331137511,0.0545424970191164
12071,9748,0.0437628121835846,0.00741054377756472,0.0199850268556318,0.00858464961155325,0.101068193978631,0.164823311635483,0.0258977639747711,0.263987355129194,0.0537445930658335,0.169416853701853,0.117113239390344,0.0242056566955558
10276,12886,0.0244342446278246,0.0147001599779031,0.104772280269805,0.0303113639125179,0.130027622247069,0.0842579889188463,0.0954643203066942,0.156267279808341,0.00418510484595088,0.127256670067143,0.0350289521932097,0.193294012824696
16510,12150,0.0618929219515316,0.00704882563683349,0.0567118801204647,0.0179798082905175,0.103106774301838,0.164170662181717,0.0117776908588028,0.36070766097649,0.0175687195363035,0.133683172426205,0.0269893190799238,0.0383625646393721
13314,7576,0.0553621775247888,0.0212272559559897,0.0453300133872798,0.0104792699438568,0.0323542971474536,0.151224456384102,0.0243778418801665,0.384559684289528,0.0496078161299879,0.131539911796533,0.0766818170225133,0.0172554585378012
10125,6377,0.0279656407261356,0.0126064837914373,0.030170960124147,0.0116222877702478,0.0776897687557506,0.128023230302944,0.0255436494534329,0.390415603302103,0.0532663778806645,0.138364315528382,0.0663789181249118,0.0379527642398439
12624,8783,0.028304298170838,0.0105137938920489,0.0317600263036103,0.00548656431332506,0.087330330352746,0.159005358629411,0.0226292572619423,0.38450200208061,0.0719507580609639,0.105155677781536,0.0685456254596801,0.0248163076932889
9028,12165,0.0244408750953575,0.00479003263533666,0.0454245368705548,0.0172761405104368,0.130622295713823,0.129158834490911,0.00872125888604973,0.421989555791235,0.046593326602991,0.116814045692637,0.0262087333139818,0.0279603643966844
17899,14076,0.0200058540868235,0.00538715845679785,0.080702539295757,0.027293188116493,0.17888140685912,0.25920923359902,0.0203224484976476,0.107939625373664,0.100573694984678,0.119992664739056,0.0343661404976096,0.0453260454933333
14569,11672,0.106082637551472,0.133735391322514,0.0715193585169816,0.155991533400414,0.0281793537671511,0.0357487997452552,0.0425667801631345,0.126822144187074,0.0443899034878449,0.0570566414991592,0.131645613201012,0.0662618431579859
12502,17221,0.00801054518875721,0.0204713771108228,0.0462566512392283,0.0406362958518245,0.061654891435434,0.22984213822936,0.137475113190382,0.194342404209911,0.0164926815580912,0.0972993318498182,0.13383826194529,0.0136803081910808
9586,14093,0.0161891382117582,0.0182374492568753,0.0346831103270667,0.0182844591912651,0.211442868358182,0.121508060963784,0.0178481665935584,0.250974849155333,0.0780505365726742,0.125568521371529,0.0673333009305503,0.039879539067424
17625,15523,0.00528765464338437,0.00300534395869254,0.10315824408275,0.0288374949015145,0.139566301447657,0.162277611300682,0.119992080172231,0.0855222705915898,0.131861895212956,0.0744307902879659,0.115898768884072,0.0301615445165047
9160,9031,0.0259511582897675,0.00560828071405315,0.0428381692446741,0.0142597384495209,0.089695179623914,0.135174702280269,0.0194030281251341,0.433070687428305,0.0281768763217601,0.0852662579594816,0.0722111213510054,0.0483448002121152
18170,10700,0.00630736343497227,0.0229132293007257,0.065630108786007,0.0309066425397677,0.0463247156091061,0.0544095702372456,0.547726895176323,0.0427417691262363,0.0612213728245678,0.0399755226464548,0.0466797095992831,0.0351631007193108
18176,13593,0.00416551201363814,0.00508301068352162,0.0170790503624304,0.00791453458585905,0.0493383998507052,0.139589001752858,0.518846461145242,0.0668843095625704,0.0766522777109651,0.0782428410637451,0.0256124650888922,0.010592136179573
13862,4682,0.0542181545750869,0.00901239417599094,0.0691102634309966,0.0585822210532638,0.0674747916917347,0.141651710203495,0.0236212580464093,0.282861510304066,0.0442510255609279,0.122676778687853,0.0766550321452883,0.0498848601248875
9857,11199,0.0622576274033451,0.0253779563148215,0.14447732674227,0.0320547947111846,0.121172552451444,0.0909213104180417,0.221992674476197,0.188792872861461,0.0132978986171452,0.043727855167377,0.0457474851058989,0.0101796457308136
12918,17461,0.0335976028606501,0.0185508972039052,0.0649535278163883,0.0440600806833181,0.0446143457017083,0.129637237560033,0.212928211876269,0.178551240535774,0.0944388041053316,0.0909138214833405,0.0487793909372889,0.0389748392359928
12357,14087,0.0384200310066602,0.0137111544864874,0.0605843639770315,0.103119750799824,0.0541075987148455,0.10845054221255,0.11927619937559,0.113710356816666,0.0521418456520589,0.123486608856947,0.208819975401121,0.0041715727002193
16516,15043,0.0405048418909942,0.0109732016388407,0.0900185019509137,0.0731679325661559,0.0588083030083721,0.14667670792816,0.0283839954512682,0.236379802377847,0.0760381083081585,0.102374593120006,0.0559459486529411,0.0807280631063432
10141,14574,0.0226772950158328,0.0407172546883672,0.123078727351982,0.227242023505472,0.0511052898119147,0.05041347116522,0.0590765987615145,0.105730093108161,0.0587502374822571,0.0707514313446759,0.145088242482506,0.0453693352820971
7639,10722,0.0206219561136741,0.00479310396449303,0.0822261843860152,0.0151298681686786,0.0806325200649254,0.144517979414386,0.131444379823282,0.355551494535718,0.0408370642728454,0.0625274594914437,0.0455141625659654,0.016203827198574
9729,16262,0.0107285981360671,0.00737052483871928,0.0335366370407059,0.00846494619520632,0.0761416883558535,0.247397519502064,0.0546145847570181,0.210944129496848,0.0550922969325421,0.123694079401216,0.0857648717666115,0.0862501235771477
16503,8775,0.0519148459343217,0.00494153812749985,0.0461861282497509,0.0121814933176767,0.0662188520770003,0.182685228047459,0.0150781705021318,0.356037602549356,0.0140231823108816,0.169132629084143,0.0615579414101493,0.0200423883896302
9988,7100,0.120926918762144,0.0127091785607118,0.0479803690789,0.0177532885797309,0.065325694772065,0.0788502374300136,0.0464265347452741,0.386915317098033,0.0647255544776804,0.0762592408350313,0.0464493197700095,0.0356783458904062
8604,8068,0.051789807404543,0.00748477606364808,0.069367866989765,0.0247335850719832,0.0489233578488164,0.223286457292641,0.0328957474894358,0.253814853264332,0.0223959968210875,0.171486609302099,0.0802519162378636,0.013569026213786
13472,17460,0.00653281742093417,0.0277494986432667,0.210731835324078,0.0663676957021165,0.0642083205980505,0.0404929344042488,0.0130627499909723,0.265712194184479,0.0818074805798973,0.0350266983900229,0.0828713375809977,0.105436437180935
17338,10702,0.0697144228541976,0.0101452351506411,0.0958231820979764,0.0330172450597779,0.034888259265188,0.143595573270499,0.0246447473992145,0.334936487572206,0.0278430474532091,0.078247379092722,0.0758354770464888,0.0713089437378803
15948,8294,0.104381297818952,0.0026801141880387,0.0543868816477923,0.00962311863531333,0.0330576708112008,0.247234965128263,0.0285226078638067,0.370526772636487,0.00591659149657066,0.105093513167979,0.0308717115432995,0.00770475506229666
13053,15774,0.0412235856345037,0.0622676411621433,0.138345711742142,0.0289148390106978,0.0908615380773203,0.151130450602845,0.0560057447066432,0.175245828386732,0.0286448528132549,0.0833779285412674,0.121131017034656,0.0228508622877943
13740,12638,0.0555978470109225,0.00869701748197113,0.0581954142974186,0.0238726419011054,0.125900141709365,0.253676542677208,0.0114946963852852,0.186845475267054,0.0887368897322439,0.107011749864772,0.0648724214448404,0.0150991622278133
10406,8305,0.0433337797313404,0.0163687564950088,0.0447313395914962,0.0182613471661283,0.0587106457111231,0.0744125665236801,0.132384529113489,0.189652618941369,0.0523218733986636,0.110238524945321,0.212328411176682,0.0472556072056984
10556,14332,0.0380981755640731,0.0830680321725518,0.0269714968530518,0.569154495380152,0.0399512626702863,0.0278245034606415,0.0134991437400135,0.0580996318306457,0.0180209987366999,0.0178191205293404,0.0827393620436765,0.024753777018867
8194,10720,0.0279212809117142,0.00450418867337365,0.0303501407549401,0.00901557473139658,0.118472024996593,0.177821362396224,0.0122248433627855,0.351977256263312,0.0110278243750111,0.123132301945396,0.094105073255632,0.0394481283336229
8746,9755,0.0165228081133463,0.00746060834171569,0.0298443144511156,0.00816993614886922,0.142605989104794,0.194489555796651,0.0111974483038711,0.198289816466887,0.112020058641014,0.106508068840253,0.126153929941676,0.046737465849808
12901,8782,0.0297189477157918,0.00732361346299796,0.0461392260902346,0.0107330165324517,0.0655504986795933,0.234590649019288,0.0220722291476659,0.369760200056135,0.0328152118952103,0.0932706671500445,0.0747720122487554,0.0132537280018315
13324,12398,0.00534031072132431,0.00169181435405304,0.0828528282444709,0.0251419401041393,0.0403963308322317,0.263545555402316,0.0617677295417759,0.304257512846413,0.0552363857896733,0.106042789280212,0.0436335634922542,0.0100932393911357
12634,14087,0.115025038659245,0.00619649354679292,0.0475585980743829,0.0453557332375638,0.0814655586276539,0.16240207146206,0.0289680215459619,0.294488826673737,0.0134669079120026,0.137904641078575,0.0541438016453517,0.0130243075366729
13746,15531,0.0123108231744199,0.00438517520752078,0.0684748879706844,0.0527628543881054,0.0429339253141814,0.16917614482226,0.0614909713631424,0.228313576381481,0.0892225171809517,0.113055802496206,0.0859231845031289,0.0719501371979178
14990,14323,0.0178609737975299,0.00580105803949755,0.0361648397810303,0.0319008623617601,0.169279166787501,0.112257002297223,0.0146433077633865,0.183890165302168,0.118997480768387,0.090555591476217,0.0467633817697442,0.171886169855555
10676,4929,0.0534322204116607,0.0102866190389149,0.0345853563377253,0.0100482916108139,0.0614241246609053,0.123593189363529,0.0146001034616714,0.282976045635527,0.0611080129553248,0.155363027431322,0.139191929644069,0.0533910794485364
17483,13836,0.00932859103573547,0.00424014295261467,0.189420635150992,0.0502101958109292,0.0398361048341015,0.260830961945696,0.0168741890893661,0.0883140917407135,0.20721040283165,0.086809006060331,0.023083038099172,0.0238426404486986
15542,13358,0.0141999572251028,0.0061642148352516,0.0376000450191238,0.0157404167570685,0.0552056519930228,0.157911789977691,0.038320243385561,0.335477815892623,0.0853150453915156,0.138957162981636,0.069487728644015,0.0456199278973893
14147,8539,0.0161477661629594,0.00225926573840958,0.011047747434101,0.00521643781527006,0.062444913439527,0.217943412410301,0.00992942316996097,0.371949134731894,0.0377841011919861,0.105406091794108,0.119990431811879,0.039881274299604
18448,11182,0.00288928431732009,0.0132743631887224,0.0218032221224153,0.0189705957915448,0.0296738767942151,0.0755843400203527,0.588405495951819,0.108103468486652,0.0261012807080671,0.0332186192936169,0.0451360120543264,0.0368394412709477
14978,8055,0.0890647416460066,0.0103019449012199,0.109085181283649,0.0237543410873136,0.0802031930467545,0.162676259873927,0.0191428212987746,0.230104581004309,0.0482764422728596,0.136276880279161,0.0555887611185081,0.0355248521875179
12061,4444,0.0562548036936657,0.00397061596035838,0.0257483195984851,0.0131422128730944,0.0440018992779292,0.196852899559108,0.0251984395930996,0.365930618740177,0.0670980761127005,0.0909117575095715,0.0654239644335451,0.0454663926482648
11949,17705,0.00362022304892988,0.00733335467953509,0.0479767880567927,0.0412969567695844,0.0628935315304531,0.113110664711875,0.183018463622162,0.144934317410571,0.0715911117589845,0.111263120042137,0.150726691522835,0.0622347768461415
11531,16500,0.0106319100326159,0.0042374884677263,0.0409965009755134,0.038326880669443,0.159868354099528,0.103746287199419,0.0575325941730532,0.190629077891442,0.19184357856724,0.0882409688599478,0.0479296468150141,0.0660167122490585
8615,13372,0.0265262285420098,0.0109553151894731,0.0394660447335121,0.0424034707157828,0.044887210331103,0.230667509596149,0.0387498639019679,0.195160582575167,0.147695662390325,0.0974830424671882,0.105483544007994,0.0205215255493273
12501,16739,0.0327479206859262,0.00434835502244896,0.0887412679284587,0.0409339641365443,0.0189378978664428,0.149273526655066,0.197399587274791,0.200800413361362,0.0412739442718831,0.110487619710176,0.066047954047515,0.0490075490393851
9311,15058,0.035101141511027,0.0100514152576474,0.00899745011969691,0.00602858565396284,0.0888683125732304,0.343992596300616,0.00912165382017455,0.271628862381519,0.0364350559129129,0.0688655258672224,0.110712092131205,0.0101973084707856
10691,12644,0.0210676562701504,0.00445828561969484,0.0873473155480841,0.0425053620160347,0.209973447729538,0.102415814208749,0.0336162666333479,0.232528331547803,0.0270003835984842,0.140115411264661,0.0388244617093982,0.0601472638540562
14164,16736,0.0247090022680581,0.0216623138676229,0.146256679265533,0.084608495228703,0.133410896205998,0.125607256315236,0.0336820760239837,0.213227590694407,0.0574356335571418,0.0483003285215964,0.0474823791300888,0.0636173489216309
14847,12154,0.034979476984781,0.0540644433951834,0.0266383545084382,0.527607406455477,0.015963709699037,0.0498292482488324,0.024095989970721,0.098114535678266,0.0606824025909624,0.0303794392633326,0.0292022150737062,0.0484427781312627
14983,10948,0.0671348335114007,0.0224903382732745,0.091391331515176,0.0463050540536563,0.0759996744092772,0.0995906308276131,0.0393649336328236,0.167608225484654,0.0596288964969744,0.157506432639607,0.0918614062846991,0.0811182428708445
8890,12407,0.0251583603157543,0.00374226465031388,0.0715843596379919,0.018996033206209,0.124757921077725,0.171675053247551,0.00903148141238664,0.313189339731528,0.0248341383027364,0.149291902958806,0.0363474656128774,0.0513916798461207
10970,13126,0.0395903472788604,0.153411144679616,0.0375797685598761,0.200729748888654,0.0577803404946363,0.0722007733963539,0.0308719244955281,0.172848848376651,0.0650691653496374,0.0355621954606837,0.0743922425887215,0.0599635004307823
10675,4447,0.041483801019769,0.00374723768888247,0.0191212174235403,0.00421954718248195,0.0544844308438861,0.198286347246424,0.00806768260412167,0.464600709765419,0.0232242009810106,0.122566528438783,0.052983033329024,0.00721526347665756
13875,10950,0.0947978263859218,0.0054316662223273,0.04660479301953,0.0149418282963062,0.143550918755743,0.197666897581998,0.01251685275636,0.258908245136323,0.0314914962652448,0.126431463389139,0.045822134517986,0.0218358776731205
15251,6125,0.0578999529224118,0.00700833457853365,0.0487394844408968,0.0168255270315458,0.0751459472222583,0.221583554859915,0.0168945272543199,0.296914233141715,0.0321652623262945,0.100844678279857,0.110790872905201,0.0151876250370505
16505,9739,0.0325241473889915,0.003340320257882,0.175988351549755,0.0974207248209393,0.0809908983493083,0.14493476393289,0.0721468177530981,0.156004020250393,0.0490126111744311,0.0913981077319997,0.037964217079336,0.0582750197109754
14973,5644,0.0401898233581771,0.00382379723652701,0.0316616396572325,0.0167736525090452,0.0948364091368617,0.2391573812965,0.0167659164118536,0.324958168114956,0.0123079541074173,0.107507008855534,0.029744136688837,0.0822741126270582
10407,8787,0.0454828836178912,0.00410112996926959,0.048169666014846,0.0172442538781089,0.0893911542727153,0.141984224296943,0.0229974409182232,0.349709705439489,0.0654322822639294,0.0989933623495988,0.0406393037006825,0.0758545932783033
10960,8304,0.0639027743265618,0.0012419959042571,0.0192224529692767,0.00466127715289941,0.0495672284860968,0.155866360254389,0.01014947926976,0.46750931378103,0.0433921673049088,0.0842967078463497,0.0745840658924425,0.0256061768120283
12766,10952,0.0447961678949969,0.00182571277433134,0.053996759723406,0.0144169954116987,0.106579885476869,0.356949945998526,0.0071639702191479,0.17226057026082,0.0946286120195968,0.0564254478921527,0.0493968822406183,0.0415590500878363
15809,8053,0.0458146240328714,0.00673592571635251,0.0339306359252229,0.00812431252165367,0.097106546188969,0.158551482970367,0.0234848783745982,0.400063581327947,0.0198602435741544,0.147644470252133,0.0535389686042946,0.00514433051143639
9158,8067,0.0371520030724966,0.00307721959313505,0.0317557670340729,0.0124930305892401,0.0410979884961513,0.211220374914911,0.0312903956819381,0.346294450449286,0.0423450948192467,0.0979652844303048,0.0725166128259168,0.0727917780933005
9855,10235,0.00732338257996118,0.000984091362472923,0.0178141760770738,0.00479154964632712,0.0652799798105645,0.233332194826648,0.0103279952103454,0.455622646052846,0.0820491316312197,0.0796883573225642,0.0333514358494693,0.00943505963050795
16236,13597,0.0397575622153853,0.018221931190684,0.156254954287694,0.0389591814175327,0.0477183214405813,0.202127291419607,0.110301469786545,0.14446739001751,0.0911192072993461,0.0369832984164779,0.0734657727722026,0.0406236197364341
12068,8302,0.0802271298110436,0.0121631150233434,0.0766699304703124,0.0167824316830527,0.0372208378742153,0.120831673249422,0.0499578749437555,0.265130472627721,0.040497121393021,0.114764816862772,0.130751474941344,0.0550031211199971
12627,10712,0.0421216760618769,0.00416895156385363,0.0460754134615292,0.0180722376480235,0.0932560577523304,0.104941091746354,0.023097784868005,0.332985440197358,0.1181570899275,0.1223021288006,0.0382475707593704,0.0565745572131987
10422,16502,0.0238352758651764,0.00172173974542351,0.0749351980818108,0.0455730485290136,0.0602282383822017,0.291251944080381,0.0180839604990532,0.130524176158583,0.0486869700607026,0.135181818738473,0.0871783849940087,0.0827992448651727
12353,12159,0.204415785475121,0.0146054331278323,0.0741136258561411,0.0264645009685746,0.0389528433547494,0.0563623228852893,0.059441519848939,0.258400236016703,0.0371927817454409,0.057577026584196,0.130530675554948,0.0419432485820649
7915,10239,0.0838493386441743,0.00632805891012028,0.108612647217781,0.0197572632751355,0.0981282971843974,0.125043987547282,0.059175466179616,0.335554601463329,0.0338258441006997,0.0722235407457202,0.0439403386759376,0.0135606160558072
13889,17701,0.015316983155599,0.0204328023730144,0.0887754073814398,0.0444909303237677,0.116131055856322,0.148423020208211,0.0333568261484642,0.169333398083185,0.0980545829688319,0.0957687652218259,0.10553724940288,0.0643789788764586
10549,10475,0.0120379407144722,0.00655129220614359,0.0658397443459487,0.0189508059524917,0.0914927002990382,0.16629761791677,0.0225089200192993,0.424381478105975,0.0177759660556111,0.0740313266745826,0.0406711296101315,0.0594610780995365
9707,5654,0.531111194461903,0.0155237742013506,0.0197997347600438,0.0123584344982484,0.032815264878029,0.0402151561755994,0.0191790099078267,0.113053672613895,0.0566019930993804,0.0537344856445004,0.0910605773932578,0.0145467023659663
13046,11916,0.3001019685941,0.0974824213225551,0.0738117241914723,0.0376972564184742,0.0121445291066133,0.0647251783559096,0.126721292505873,0.162192352976784,0.0277144288364659,0.0223214806215928,0.0714543078491822,0.00363305922097755
13445,3959,0.198931577787206,0.0366991899312198,0.143308363411006,0.0242361034576683,0.0329343207357267,0.0431652980077007,0.0446155593353652,0.15135942167444,0.104262087087147,0.0678098474249647,0.131027556566761,0.0216506745807948
12752,3720,0.0603682390076074,0.0280543174695083,0.0840406312294233,0.020276278597458,0.163412411464727,0.116677989516231,0.0148114705842984,0.281986134138643,0.031252688912777,0.103126371779446,0.058981574860317,0.0370118924395636
8611,11443,0.0163210745691814,0.00327669129993569,0.0175812584280362,0.0134617326835712,0.0934717084446651,0.127496228809373,0.0246108955256543,0.44764159831491,0.0300737181155534,0.102359752382822,0.111926577390811,0.0117787640354871
15545,14804,0.0214618658256581,0.00652861993537171,0.105937606203251,0.0556043146708061,0.145359046014436,0.11129242601092,0.0224040969352142,0.181093781602353,0.0889634478145749,0.133708037254322,0.0852179616517539,0.0424287960813392
8056,11444,0.0224137222553226,0.000722604982269987,0.0313874374750347,0.0260933409232403,0.19773636425313,0.167888000009932,0.00390482724962702,0.272990809001648,0.0521362932032155,0.120004420106225,0.0245622907817287,0.0801598897586263
11928,7579,0.0379627202376783,0.0152292040263701,0.0430024589813877,0.0108673901291286,0.0557101138152435,0.187285223045314,0.0157862897618956,0.265519026176543,0.087625716482962,0.0901132791093341,0.121151594721883,0.0697469835122613
13171,5406,0.0162062544612083,0.0125701884818548,0.00784775117593098,0.0040201130634123,0.0620571156494109,0.355199059355705,0.00759067647308252,0.323060326882557,0.0175754470124613,0.115092091687371,0.0520235791655955,0.0267573965914106
12490,11435,0.0294996551735952,0.00247637035111478,0.078026728034092,0.0334516980586273,0.0539970299587773,0.184856711129019,0.0323787325927027,0.271431261048206,0.0684707494567137,0.0886041925217764,0.0679461981588671,0.0888606735165091
13749,17460,0.0279451334058426,0.0261341842834945,0.145040774152588,0.135669808421748,0.106426523025874,0.123324580788203,0.0812816836685372,0.0822596385318981,0.076638714420204,0.051791402882385,0.0550958536988643,0.088391702720362
14018,13120,0.0496512048529607,0.0465650714095532,0.0291444905186015,0.0459609671881532,0.107305150057647,0.130984958290877,0.0153208837861074,0.251347217415583,0.0585659309390636,0.114826724934482,0.0909568044707647,0.059370596136208
11944,15294,0.0208666988412888,0.0679339072769352,0.0544538104643976,0.143685234435618,0.0892630336514975,0.0615296928207851,0.0267449137410567,0.144535262850789,0.0841177802617162,0.0602700679997825,0.117948531193405,0.128651066462729
8331,9997,0.0280175997604157,0.00212983116313431,0.0353236168420917,0.0151635345434813,0.109180832134678,0.225452739836502,0.0392616113324054,0.33675339402741,0.0329804632372348,0.0788261548405921,0.0399478788155519,0.0569623434665023
17342,12631,0.108987684744052,0.00446756743562662,0.127352613283202,0.0279788334775397,0.107505255691844,0.0747262019020895,0.102039084535663,0.188507794914353,0.0797768497579959,0.0522161526310784,0.0706901992445575,0.0557517623819995
15387,4920,0.0374592119088164,0.0103730147491961,0.0586290079083607,0.0092662996165492,0.138629113191955,0.0878386464626812,0.096437692466155,0.270455055702783,0.0989607952670117,0.0964428626545715,0.0340426334492127,0.0614656666227069
18311,11906,0.0135688756424637,0.0467599796217196,0.0758257796436258,0.0697075807324216,0.0410482658127864,0.061680614135313,0.495938097046819,0.0343625408765362,0.0393608999500708,0.034390891396381,0.0474698755142992,0.0398865996275632
8464,7345,0.0465407886154972,0.0113401843490528,0.0183582625984107,0.00974923023883338,0.135365663975619,0.0715749423695156,0.0112924472130661,0.399999367946407,0.0284299296707664,0.117695611174001,0.0984145417968681,0.0512390300519631
18451,12629,0.00168788814647867,0.0131305745902539,0.0455471983784355,0.0243445321730824,0.0212027828714977,0.142164003400408,0.357540522554128,0.198423336350431,0.0421023106102532,0.112578056766021,0.0211539184260436,0.0201248757329671
11505,3963,0.039418812134721,0.00364420046728898,0.0405279972489995,0.0199353269314539,0.0529862350026068,0.230066747045944,0.0158708033547125,0.444512007669053,0.0330494280274153,0.0696615237478898,0.0231315480588002,0.0271953703111155
15684,15045,0.040312668225732,0.0103311686123882,0.0842986322831891,0.0786901462782662,0.0441849584858411,0.152802002112219,0.038822725111723,0.258769151979011,0.156020133875722,0.0662186020043386,0.0345256606394074,0.0350241503921617
8063,14819,0.0710920272284878,0.0454433602481877,0.138959054165983,0.0290576077221662,0.0448003870638725,0.0268848510475735,0.248070523971283,0.103741743781921,0.0462639909353053,0.0676039909327688,0.141561807020792,0.0365206558816597
12087,17463,0.0593887359992259,0.0417280054435997,0.138080338000686,0.0936663682415932,0.0580584260261201,0.149521606003986,0.0422620018502669,0.219293759985798,0.0494283074228401,0.049036740250233,0.0279185094262896,0.071617201349362
16923,10944,0.0656438675926575,0.0152452809924503,0.118525613057018,0.0819392891409751,0.0741904072101665,0.107048518497676,0.0199179759066076,0.210224279165953,0.0259611002293173,0.117382061022781,0.0852039174131768,0.0787176897712205
14435,13842,0.0115530234508009,0.0917455311673572,0.0473879393256996,0.333470083162245,0.0228087332245736,0.0623973121771527,0.138738025696388,0.0831154380457281,0.0177889830852628,0.0329520295163039,0.0835256282412512,0.0745172729072365
11103,10473,0.0583387343881249,0.00919108453992711,0.0743460918998052,0.0214333647652694,0.0842516731726675,0.187977222652752,0.0400779245112347,0.313382289536531,0.0282240950956357,0.0685709282673513,0.0460869273315765,0.0681196638391244
8471,10720,0.0119854914810006,0.000517727419842983,0.0366536243962247,0.00968792153314244,0.0580739341567727,0.342123289096648,0.00762914871152865,0.333808995790439,0.100291973632136,0.064935131772865,0.0167296184874517,0.0175631435219475
7776,9998,0.0721264315074559,0.0257720129882491,0.0876183826190873,0.0224157248281889,0.0670199682827285,0.141716170573549,0.0718259070733673,0.255943805206841,0.0308518379287556,0.134391170538783,0.0470904176187351,0.0432281708342588
15666,5884,0.213853349045306,0.0146706053660172,0.0543040828150175,0.0214021094267727,0.0426438405470378,0.0876999254435128,0.0631861894610099,0.298350639997946,0.0254983680341838,0.0878060989554566,0.0779512723445945,0.0126335185631444
14162,15771,0.0421417498327245,0.00519661379184983,0.0512391768295372,0.0384034617048421,0.0815283018913155,0.168832346186863,0.0190811919364512,0.326349761707091,0.0278746073278306,0.0911655502570185,0.0936855545915091,0.0545016839429674
10826,10474,0.189119155328244,0.00905300491957289,0.148676633042669,0.017030122017587,0.0929539370163681,0.0908241296583218,0.0694303080781628,0.164799238729197,0.0558111710878927,0.0458655534759823,0.0898069188222796,0.0266298278237218
16928,13355,1.08000740671061e-05,0.000597932052890318,1.24434249771117e-05,3.42334033400035e-05,0.219762165947214,0.219988919435006,7.41272469527072e-06,0.0246984081079873,0.207386188678747,0.326534395345826,0.000544555355967491,0.000422545449282702
15118,8778,0.03678321638137,0.00973920691454525,0.0619138779186813,0.0223218270490193,0.121195097829161,0.1003588145622,0.0183286423524425,0.36741393035668,0.0610610094811842,0.118371059506336,0.0392482418438606,0.0432650758045198
18029,9495,0.0265721601555192,0.0128054039708659,0.08780440488228,0.0948488753196483,0.0492788761037002,0.085627357775019,0.175154732701182,0.25615638461681,0.0389371047439509,0.121515428862835,0.0292988315909713,0.0220004392772178
16916,7569,0.0657037881062004,0.012597789292335,0.0707350010790763,0.0464916929771063,0.0774214607148502,0.0980922793576887,0.0726901318627948,0.199633304521359,0.125589997216613,0.154424254805323,0.0450565728927804,0.0315637271738729
8058,12408,0.0188255126798621,0.005894676082095,0.0496063830712179,0.00750002741684395,0.0955973964521125,0.16063224357875,0.0652856826294853,0.269899259012915,0.0830613925126006,0.161802273925979,0.0410740107904228,0.0408211418477162
15824,15768,0.0125389910888315,0.0246283812509514,0.10448462948008,0.024876731838991,0.0582882779822317,0.19379153225718,0.067092704647797,0.222614564470004,0.0623812481752258,0.0855483400294256,0.103205102116819,0.0405494966624621
14975,6608,0.0411169753915055,0.0199683104121313,0.0343537235915392,0.031137010033207,0.0501440964213494,0.144756345123862,0.0205609494159827,0.411643034239735,0.0596674812154089,0.111961286842267,0.0421540131785072,0.032536774134505
15114,6849,0.0915314381040931,0.00886854286116198,0.0691631245073575,0.0365266736926154,0.0754135871563453,0.111177809168073,0.0183719529634485,0.368880311098948,0.0174985820578394,0.100580569239762,0.0730851693243437,0.0289022398260128
9171,14335,0.0267605816578148,0.00577373198309018,0.0432339363965447,0.0186883360975261,0.147126763925503,0.237315092436208,0.0170192799360648,0.268653502509247,0.0369546339397941,0.117135413774736,0.0192230696901646,0.0621156576533073
17890,9254,0.00628663258633288,0.00703412690817354,0.0430681154895697,0.0235507005427144,0.0234790820523885,0.0867246660942855,0.509288040238887,0.157149687407132,0.0144581144128591,0.0792158223485319,0.0402341809894089,0.00951083092971683
11388,14330,0.0490042577631245,0.237539282756893,0.0179714995986135,0.431358197568321,0.0114796749401558,0.0144428063277127,0.00622095848583898,0.0536462279109835,0.0307283717461042,0.00870718587598386,0.0929503628513864,0.0459511741748818
8337,13372,0.0238467534998934,0.00450201844508235,0.0280628029588856,0.00958087813624048,0.0835220991343699,0.242058374161908,0.00978152757606401,0.28831504010306,0.0854398028100529,0.126876625177172,0.0359351373725493,0.0620789406247226
13592,8058,0.0170698400132695,0.00742362638234311,0.0099719792763701,0.00623862815125269,0.115399853902505,0.328227526530659,0.00503629179939125,0.327508197360466,0.0246243238151245,0.0937378982252837,0.0551298910092707,0.00963194353406494
8885,9996,0.03982421868297,0.00959869479340898,0.011390261239383,0.0110359114677855,0.0773443001841417,0.25217032809209,0.00709190122773535,0.365230824852773,0.0220960703525244,0.0908676968116029,0.0806855217492945,0.0326642705462907
11105,11438,0.0129906811295258,0.0078780574547162,0.029658735449456,0.0127615012273127,0.0892209668647364,0.283430043430994,0.0452775149160412,0.214559147722142,0.0542482138377572,0.123071783973349,0.0662891207280238,0.0606142332659452
8193,10238,0.0786820299864744,0.00957448500354781,0.0750633549647414,0.0141939807001286,0.0847808723338365,0.196579229062727,0.0265210229905136,0.300692003717666,0.0273790975035601,0.0854804281314425,0.0754024410358318,0.0256510545695303
10828,11438,0.0130218517907244,0.00258649056373794,0.0696546066503605,0.014048050090347,0.148278081534717,0.246975029170826,0.0154987203744776,0.234896534040651,0.0746199273709469,0.0602728688451386,0.0552946297065962,0.0648532098614765
8462,6380,0.046919974595078,0.00905271909502652,0.0762695453652685,0.0168639828920788,0.0806422830468389,0.152473650266099,0.0663098940044133,0.389682986669149,0.0268158951585567,0.0674547082425674,0.0413654143852084,0.0261489462797157
15256,8536,0.0501198728422539,0.00296826635225075,0.085819848366621,0.0307278865729713,0.0736422352930008,0.225490713554805,0.0309181063776595,0.31891609915089,0.0256562684515441,0.0876293117629115,0.0364302466885218,0.0316811445865706
15816,11428,0.0312190523503814,0.0116438186040348,0.0832808449844859,0.0157105777357932,0.119496937327112,0.0831444044559461,0.0858899582491711,0.331196487137072,0.0195140873842222,0.116271032953915,0.0771431432974202,0.0254896555204455
16241,16008,0.00698588056956112,0.00859070115119466,0.0181894433512834,0.0018674481230743,0.112296130898516,0.264635976058984,0.00381954847555491,0.248158395086196,0.103325645720295,0.0633136069584923,0.112549951222488,0.0562672723843602
13051,14809,0.00320726895821622,0.00434371017875271,0.0293939002797809,0.758157809420782,6.99444166170352e-05,0.00441841629967154,0.114437791045319,0.0172258484480194,0.000392714487079461,0.0123009650549451,0.0556678935790568,0.000383737831759964
9568,5414,0.0410932993793507,0.00562436914783208,0.037399145256372,0.0099225600552886,0.0618383128651316,0.238840148874501,0.0236794718252955,0.418787920571367,0.0531059480274189,0.0659653324603868,0.028078760942379,0.0156647305946769
16515,14561,0.0367851842815871,0.00547762369900736,0.123910715149154,0.0386829784664878,0.0515647674568404,0.152936702139375,0.051392086586996,0.110953047887578,0.13069739147305,0.151647601984472,0.0926818342488606,0.0532700666265915
14016,12155,0.081964509998025,0.02193712209254,0.0331691569343274,0.0295616638640605,0.102812330233676,0.214685121183399,0.0152309446812988,0.194251048697808,0.0446796810013224,0.0945738206362972,0.0799011099154633,0.0872334907617822
14304,17459,0.0144936745993579,0.0025209230146024,0.053505530753751,0.0420285480905428,0.0983474574610334,0.29060841207785,0.0425780803867104,0.165195073456067,0.0593045086825463,0.0896602305599533,0.10790801051861,0.0338495503989748
11100,9027,0.0258038948333027,0.00939310328148515,0.0221820204045377,0.00600503953360009,0.102936226235278,0.225728176715274,0.0125645006550715,0.288662864467559,0.086717435288748,0.124831410103392,0.0816337363422245,0.013541592139528
17476,10461,0.128855499429149,0.0174455974727957,0.0323634209102833,0.0241261586511145,0.0912567959814034,0.161293703030503,0.0269081492705797,0.329279362040369,0.040027082489909,0.0992894025103547,0.0284399555460367,0.020714872667502
10138,13127,0.0239923771671296,0.0390961581280535,0.0680141058148469,0.207135837116736,0.0705684285342471,0.106052544358101,0.098603710508867,0.1519667764558,0.045498303428619,0.0628234354873299,0.0931614234041227,0.0330868995961475
17474,9496,0.108778091497582,0.00654914648864826,0.0585110688661965,0.0316028880043653,0.026411537224324,0.157174238410205,0.0677031730460354,0.367765432646386,0.0217312180712458,0.0904056697468963,0.0260160136129537,0.0373515223851615
17754,10460,0.0447571864043027,0.0103985514361195,0.0607425497878483,0.0134384316407609,0.0491443479410462,0.215382324309031,0.0190169420993055,0.30787832143223,0.0306192874684638,0.158937370384339,0.0774109112977441,0.0122737757988088
9163,10477,0.0233484291641209,0.00452367201590943,0.0278519755473014,0.00813175414863249,0.118498163978435,0.23124284515838,0.0147094390298017,0.317761201994886,0.0533923776065774,0.129274115772685,0.0519379497510392,0.0193280758322316
11379,9991,0.0341831645853209,0.010391576550234,0.0201413682097626,0.0182119714263063,0.0970667331064593,0.122929501792722,0.0397366035148903,0.37224396398288,0.0543385235008384,0.114538424296961,0.081237315287244,0.0349808537463811
12891,3960,0.0477321802003354,0.00465117212468633,0.078894546678822,0.0122357759223438,0.0348429018315433,0.170978639869031,0.0306602261357342,0.36421595537784,0.0279146647438932,0.0767062519476676,0.0663688897447992,0.084798795423304
13320,10469,0.0197969820274252,0.00436594725125184,0.0769780011156056,0.0318535635345465,0.0903813554522812,0.206662714563843,0.0183913298567374,0.357557966046939,0.0491186190256092,0.104086511452563,0.0245092683287445,0.0162977413444545
16508,11186,0.0458881514423626,0.00496934688275734,0.106420523791776,0.0574619997288834,0.132328972555018,0.136280422693005,0.0380314285888321,0.242960962985765,0.0389584271079765,0.111451285296656,0.0284577690228761,0.0567907099040924
15810,8535,0.0400986539255986,0.011851954945101,0.0837650016108629,0.0354422311528002,0.150577794600401,0.212087678441769,0.0177599586092619,0.212162274563901,0.0713409458632274,0.0855735411725973,0.0448242676732501,0.0345156974412287
11659,11437,0.0301431323293956,0.0161028386947769,0.0445702749491607,0.0116310488733659,0.0687352373765736,0.140724977052836,0.0369158779738744,0.318168686217853,0.0126224623440938,0.127351751657124,0.156665610129954,0.0363681024009923
17897,13112,0.0318479114017857,0.00267463361279814,0.0765547836878245,0.0122117624769923,0.0325323517358704,0.142760419229057,0.0261208977992117,0.440417192094026,0.0171188255672265,0.0809867561724059,0.124102110116786,0.0126723561060165
14161,15289,0.0398562984791049,0.0133251854590795,0.0480865920209995,0.0650954491885829,0.020179932100542,0.0743990494614175,0.0471581767900614,0.266451998310538,0.072987542954891,0.124791240278128,0.104166743056122,0.123501791900534
12348,9748,0.0178932638160365,0.00367868932357024,0.0215177893580391,0.0128401382615049,0.0818348332118636,0.191783563117991,0.0124405802094472,0.399105475620235,0.0413686228986043,0.117986142946864,0.0615892253328199,0.0379616759030237
9166,11924,0.0269230938532322,0.00937560759888915,0.0330906554741983,0.0154924001691881,0.125964463959718,0.392295372140908,0.0181101451228393,0.169114769798973,0.0647331269104186,0.0980390269023973,0.0266935778434756,0.0201677602257627
14696,5644,0.0478997359263434,0.00792358432913004,0.0431749105414608,0.0115668043828681,0.0698243420871401,0.198252097974367,0.0184349260414732,0.39567843678681,0.013694890810912,0.0884080626489365,0.079880044863922,0.0252621636066361
15671,8294,0.173431406147105,0.00937035517640054,0.0943630718579271,0.0268913358317131,0.0864983363557396,0.146675156373367,0.0357517851200605,0.190650759779768,0.0281595761512191,0.128257969980561,0.0325440834306541,0.0474061637954854
14992,15287,0.00330955953039698,0.00382785436369401,0.0382829458424815,0.0164056189448781,0.0806912598853486,0.194215123087025,0.0201182225667442,0.242372426634516,0.172663606629486,0.0996238387000316,0.0439356356960942,0.0845539081193038
8616,13854,0.00959786751131472,0.00350425957330416,0.022699887946831,0.00562009931391285,0.13807118471918,0.16979691655159,0.0464629214892231,0.34395117509174,0.0359068542728107,0.119418725373668,0.0928967137036849,0.0120733944527407
13463,12639,0.0284833212276866,0.00550153563467511,0.0842539492606343,0.0142424513400642,0.100489211381793,0.181384525497766,0.0221214203418526,0.280168795053202,0.0383342096731637,0.130398679084956,0.10433019939141,0.0102917021127961
7916,10721,0.0114704743008071,0.00547638861122089,0.034693997911289,0.0113165471948198,0.0464560185020238,0.256511801184555,0.0138952639271908,0.400320890468788,0.0692111313601686,0.102658463217054,0.00815618223238399,0.0398328410896993
9292,5896,0.0639632414545344,0.00838649532227433,0.0292054243555828,0.0147042623264485,0.0652388024688009,0.197725558829908,0.0180557064841319,0.347629052876385,0.0446054539912205,0.117022509553638,0.0522900443235797,0.0411734480134959
9726,14816,0.0656819805785902,0.00573210855339685,0.0923671996218159,0.0381587165477847,0.118860657931833,0.0809545273585142,0.0901842153858317,0.167867886316526,0.0653326078797482,0.0508993465549392,0.162935304509815,0.0610254487612035
15667,6366,0.0475486144948854,0.00912739914172373,0.0503754871556438,0.0319213039114367,0.121283236390602,0.141819004914189,0.024693172621927,0.332520885901464,0.0369516824248914,0.132717957228383,0.0344839206877672,0.0365573351270861
9445,12888,0.0354467858470448,0.00160988276446982,0.0831209817494914,0.00766797717305786,0.0836197238849292,0.144659746838996,0.0148740728462309,0.453946196192828,0.0332566259165786,0.0753209538284968,0.0265145136908466,0.03996253926703
16782,9739,0.0649637473831992,0.00553930697865771,0.0923177978326248,0.030509044126608,0.0623561891344357,0.249651549847819,0.0385559746078863,0.214951015312291,0.0812038556283022,0.0799287660039097,0.0434283756664037,0.0365943774778632
11647,5651,0.0357330129567534,0.0208781367804812,0.0334022604903417,0.0245987579053725,0.029145325229197,0.168540196749167,0.0787921316329244,0.284094583391367,0.0779746196165769,0.0691557151418784,0.116555150175579,0.0611301099303618
11250,14572,0.0165370591282645,0.115425157702143,0.0166059227397292,0.646177590542553,0.00693479291350851,0.013352422537502,0.000912887073375227,0.0443761310855558,0.0376839283748825,0.0164643466893518,0.00497686155497966,0.0805528996581547
8333,10961,0.0272470924480648,0.00328383261561149,0.026685606567094,0.0150543191299824,0.118209373141186,0.284219924861496,0.00663234236191933,0.305657429602401,0.0343476643465362,0.0984383575889633,0.0281432972739083,0.0520807600628375
15813,9982,0.0032622517418807,5.08266061727288e-06,0.0469111331370287,0.0214506773124835,0.335608947949837,0.0763796780750135,0.0041153385644246,0.0856956010220413,0.18206311193803,0.0399128109985462,0.00206178404656797,0.20253358255353
14854,15529,0.0102103382288975,0.0202801509951028,0.090021351783975,0.141120193857025,0.0279236576145673,0.115376680993178,0.124648976638473,0.137173672943259,0.127449095798546,0.0552813667975465,0.125728706527251,0.0247858078221793
13734,9745,0.745118067022754,0.0296469039919321,0.0172625688901167,0.011943552170868,0.00425993852664865,0.0104735088032381,0.035434771892637,0.093179393829549,0.00374579164014935,0.0123863051608924,0.0347240792518364,0.00182511881937836
9155,6620,0.234824975996856,0.0279836231974547,0.138803327192451,0.0348739276398923,0.0236692646947045,0.0738498984707132,0.0381472736982663,0.242871764604863,0.0109405441999328,0.0575753785630752,0.0781734151123494,0.0382866066294414
17073,16489,0.00683479450818416,0.00364178050521837,0.0582683709627177,0.0237453336917396,0.113309022656496,0.109972841225658,0.0538368045531518,0.255572497169096,0.0760549056616819,0.116808160596004,0.0910688237048209,0.0908866647652319
12214,11918,0.0388151017031445,0.000963548339864651,0.0668826610377882,0.0321707404610132,0.131359749503875,0.197472278889735,0.0187751912379659,0.309793036677418,0.0560712422548173,0.0688755068114804,0.0279797824612012,0.0508411606216967
15682,13598,0.0260870584663894,0.0297381180581946,0.148091491343244,0.0297974971576806,0.0863938272445912,0.14220315692984,0.0765108944846276,0.158097728229962,0.0840252253443681,0.0859679918004484,0.0874018146436568,0.0456851962969979
17063,11667,0.0222550471452911,0.00860760241165073,0.0584861471013373,0.0152153206301232,0.111025021409655,0.25273321982978,0.0101072881720797,0.373196679485068,0.0167067161663751,0.0834339594122127,0.0208185044439878,0.0274144937924397
15962,15044,0.0126356947337988,0.00948393651276294,0.0599395061909674,0.044567483515948,0.0846821664777543,0.188582286232673,0.036189942143215,0.233123131067929,0.0216788909076343,0.0799264672422415,0.1542965330274,0.0748939619476763
8755,14095,0.0372768623032159,0.00426315585331072,0.0351986652396158,0.0112636835997597,0.102789719172597,0.214445128620665,0.0165038405405629,0.342030274613312,0.0473438960957219,0.0957472339984637,0.0712667246223629,0.0218708153404129
14298,14566,0.0135810637491913,0.0294012450896776,0.065795996367627,0.0914309261700267,0.169075220325415,0.100225661888155,0.0629733277182743,0.180081190878976,0.0474119432377584,0.106195950278091,0.0503056497875553,0.0835218245092532
11658,10955,0.0162590345325024,0.00543861758960199,0.0332349969631819,0.0116764685636649,0.0599174787412174,0.162297579288708,0.02225029454903,0.459676590296856,0.0241511132052124,0.120187592319232,0.0495020915572614,0.0354081423935317
14851,14082,0.0119536415504784,0.00997297418457339,0.107194334470417,0.0977793137450569,0.0345257428491299,0.196554123267125,0.130528909616654,0.186662073010852,0.116559192657482,0.0605637004668299,0.0202333004051446,0.027472693776257
13467,14567,0.00166193348707722,0.00404581869189473,0.0360199097973919,0.428473594733477,0.000174376694521458,0.00807428590099339,0.334870627730907,0.0148989873449112,0.032139048337298,0.00633536616363151,0.132898786225412,0.000407264892483497
10699,16502,0.013256025390238,0.0112633771052093,0.0290144542256392,0.0201805041677802,0.119946228854372,0.246423985236652,0.0439529014388334,0.184300927221368,0.049380004367332,0.158494341494959,0.0831646168113108,0.0406226336863068
17756,11907,0.04597791194916,0.0176546418301913,0.0898692237377167,0.0862504675317638,0.113881734040563,0.127719784802854,0.0650190691721348,0.1300228229739,0.078786589433164,0.0967543652247173,0.0892447079436131,0.0588186813602223
18172,11665,0.0302737436086631,0.0188490571870038,0.110779141373003,0.07975219379485,0.0489314926257585,0.027714550236807,0.352667512319458,0.0844826019568709,0.0628007585483024,0.038830135317414,0.05579541758669,0.0891233954451796
16370,11427,0.0413770206049371,0.022476483117428,0.122407110048046,0.0312235498780633,0.110016594685175,0.131469420797646,0.0190431701200199,0.340872509934887,0.0188199236938187,0.0709366756217831,0.0668455484146127,0.0245119930835829
14282,6851,0.0282370879400888,0.00431061495673279,0.144642361836091,0.0460797103531811,0.0376165220661618,0.148973770449704,0.0991825192094344,0.206183475105837,0.0481866927178292,0.10078527993353,0.108023265013815,0.0277787004175948
10681,7340,0.0567478144152316,0.007651997946023,0.0316911530062353,0.0090251343949424,0.116919086859338,0.161352532736837,0.0114075322835196,0.284541607258358,0.11908949951452,0.118621708214024,0.0705382195479841,0.0124137138229875
8188,7827,0.0289077544232589,0.00287030123737661,0.0525323313690757,0.0218595672448888,0.127843985874341,0.175822525832539,0.0100816600869531,0.362570488898957,0.0557343016924872,0.117126457399251,0.0226081594102502,0.0220424665306214
10682,7822,0.0250532277491326,0.00265112577749074,0.0728296577564991,0.0325252083763866,0.0904486195267676,0.117151338400402,0.137809260169055,0.244680840857563,0.040556366198313,0.0895103187899563,0.106059100561812,0.0407249358366231
10146,16985,0.0122036611138579,0.00542943298400968,0.0520968973322632,0.0150163411864683,0.0720720035764379,0.226030649938588,0.02592683646455,0.264211578644404,0.116713533504432,0.116335546808071,0.0740129442756326,0.019950574171285
11520,11196,0.0536073861095679,0.0204681870270436,0.0435743348205525,0.0292402189404386,0.113092971512694,0.124386946107724,0.0289609206695368,0.286750566221834,0.0509445192274868,0.134622528904594,0.100661374302942,0.0136900461555871
12767,11435,0.0221810917756016,0.00746862018508628,0.0779326857837762,0.0317747292404318,0.141522051594461,0.146653176945796,0.0135515503984601,0.333392571879747,0.0185411693157534,0.0857229415014874,0.067463408507719,0.0537960028716799
10419,15056,0.0238422562706497,0.0126410464802844,0.0570861424371393,0.0803436437311283,0.0463830017249719,0.145832975956513,0.0877813902960497,0.153994835580183,0.0465745885136646,0.0709329481163127,0.202532151304033,0.0720550195890703
13049,13845,0.0420874975446918,0.0209973685846499,0.0713667248391699,0.0627599888718344,0.0244784247721009,0.112797299050137,0.0538650918211138,0.328161909205084,0.0702775465777526,0.0814693603470261,0.0633925449846067,0.0683462434018337
11377,9026,0.0484180635012713,0.00871871821367629,0.0533718396797638,0.0186889529607685,0.0753527426440596,0.210528919046104,0.026711501637892,0.230468971819016,0.0262674282620158,0.109170742514804,0.139540144230021,0.0527619754906078
11527,14571,0.0316603260455423,0.2208397100601,0.0172765464733358,0.480095790038131,0.0418473150979225,0.00732255065087744,0.00234038584755931,0.0457974267328351,0.0324288381836931,0.00924092049939205,0.0299106655612132,0.0812395248093978
7920,12650,0.0227443044294951,0.0143601554953394,0.106198509247015,0.0205345402605456,0.100396300680292,0.0858080038811944,0.168514304877691,0.292270771435077,0.018314879112031,0.0905399833517133,0.0377303523248583,0.0425878949047477
15815,10946,0.0126271352404173,0.0199472292605972,0.131267812096665,0.0391981745435954,0.115218421509749,0.0690940216374572,0.0820192623371972,0.247644446886385,0.0634855404338886,0.0940913750477246,0.0596122090589698,0.0657943719473538
14292,11673,0.069137227249043,0.105338725377467,0.0365231249663844,0.119361189216883,0.072951968337178,0.0890090569384266,0.0352617562574648,0.226557352117568,0.0467328001024839,0.0381922819799073,0.103468448170504,0.0574660692866896
18169,10218,0.0235025676718281,0.0133437368851125,0.049224316908185,0.0635674432413029,0.0746022261720611,0.0907131085200025,0.391349041862356,0.159031826103806,0.0278964847275469,0.0638976409300672,0.0194710791346129,0.0234005278431188
14981,9983,0.0102159868160966,0.00459320406350826,0.0648944268088494,0.0138176642854347,0.275760296243293,0.176964328953351,0.0392420409607961,0.180264256494832,0.0763691295880788,0.0812561645642737,0.0332362715961861,0.0433862296253005
13316,8540,0.0145534039809156,0.0103440445369011,0.0470296638794027,0.0257663071023245,0.104352205443377,0.292258022096042,0.0465060686420861,0.157447781681908,0.0360719398511391,0.128658294048219,0.074923772840922,0.0620884958967625
16088,9017,0.0242594003011893,0.00624967779208291,0.0940671775587068,0.0383181818585087,0.0800484364494237,0.206632987554712,0.032059646271631,0.268683169024758,0.032456877069738,0.0954068347027979,0.025414382298013,0.0964032291184386
15812,9500,0.026579583407735,0.00229313583359289,0.0998402819021682,0.0616646404800381,0.129452539805533,0.180266744735278,0.0160607106271834,0.241941205990784,0.0836622989890216,0.0459734480512697,0.0192039096929964,0.0930615004843998
16795,16007,0.0171918303619736,0.00669851667625106,0.0866239904346469,0.021313752401746,0.0998334231556842,0.242574246246308,0.0306381240401486,0.121740262406915,0.1561357937697,0.113560180464291,0.0865843910383822,0.0171054890039532
15113,6367,0.0533492699967118,0.023627098842734,0.0671435908184153,0.0330547370700457,0.116820562070362,0.118003714447715,0.0454674051142645,0.328606091480654,0.044914755888167,0.117462440885862,0.0276399597013007,0.0239103736837682
9169,13370,0.0272791849899064,0.00226921867193539,0.0276476587172098,0.0111200570631082,0.143671054670345,0.20763461409491,0.017713627169165,0.337823628537661,0.0448344811264535,0.109837399844942,0.038639984477908,0.031529090636456
14138,4199,0.0129665434933647,0.0124861242693041,0.040581327443503,0.0082681831974558,0.0659031306130001,0.220521175962937,0.0385597004309309,0.195264557023282,0.119127191595226,0.129823716425151,0.0935506455925106,0.0629477039533347
14010,9262,0.334830919553812,0.0926421353432822,0.111003232505418,0.0585269506794611,0.0219239235639678,0.0203369058120515,0.136826738788675,0.0604487462765046,0.0269789841011562,0.0232450416618492,0.0925060156169953,0.0207304060968273
18036,12870,0.072142570245002,0.0118763028596363,0.0769942150244091,0.0123948841309323,0.0371098450765873,0.132659878465978,0.0321261155972765,0.311603422166773,0.110399591905067,0.0745174514064319,0.112204423936175,0.0159712991857314
11941,13847,0.0627021978837461,0.0808040081180358,0.0540172250467831,0.20196632488399,0.0316247823301768,0.0469198073983166,0.116178046388545,0.145390304641395,0.0315281242152637,0.0476985638270776,0.168033784714631,0.013136830552038
8325,7104,0.0544877281110904,0.0151084070262474,0.0480298061168947,0.018624800382836,0.0685833691384734,0.160956176160288,0.0187946053990724,0.420811227241197,0.0172982300693937,0.0730112688413129,0.0702239028482115,0.034070478664982
11937,11918,0.02058861038427,0.0232261935445166,0.0403517867876608,0.0388887325968058,0.0439154314245586,0.18693019397976,0.0383306601094063,0.353532336374936,0.0381106548559877,0.0808872227387741,0.0697738509326753,0.0654643262706484
16932,15284,0.0221026542616107,0.0080293333730414,0.0311462160700039,0.00748437952395652,0.182924344248864,0.219212262360315,0.00204870925714953,0.101515120536729,0.0727306507519362,0.142398383163836,0.150984151021365,0.0594237954311923
14007,7816,0.0166704079151315,0.00887246522560812,0.0399601515396361,0.0172372870650281,0.139605607266334,0.13094972532636,0.0359300333817393,0.302387647217631,0.0491439702575414,0.149632018450731,0.044980683064898,0.0646300032893612
12226,17704,0.0399987128161612,0.0558386816883857,0.0830518498096705,0.0443761006562936,0.026388319948519,0.195515534564387,0.0690754709579795,0.216810556284688,0.0582380577079501,0.0688530148498541,0.119847993240874,0.0220057074752381
12751,3237,0.0476948794065161,0.0235368280586673,0.0450041400952321,0.0125715516413101,0.117288550638196,0.104490774803721,0.0159621695845327,0.479193050952201,0.0383303194792882,0.060035101444518,0.0270067290390066,0.0288859048568103
13456,9263,0.026996573454223,0.00429864091829376,0.0541418501676515,0.0169341601988397,0.123943231276376,0.159361730619528,0.0222293866628616,0.283589070098318,0.104616637729121,0.100593922475837,0.0541942663239989,0.0491005300749521
9986,6136,0.0153277190288279,0.0127516571976889,0.016977801872297,0.0128038201044225,0.109015973312321,0.232344226030705,0.00415700195242034,0.403003564171014,0.0107708867279858,0.100395603992602,0.0503266804099486,0.0321250651997673
14011,9744,0.122393325142709,0.0446133469719873,0.159682620826475,0.0655973256609403,0.0242801633712369,0.10093653838284,0.153747886931919,0.153484358006336,0.0337722219055779,0.0472134347501105,0.0727696534378519,0.0215091246120159
15678,11670,0.0419265565753134,0.00647671240204335,0.0674273544892394,0.00903282090199882,0.0753040846563128,0.180232037052627,0.0159130157698416,0.359690410939797,0.0296007259527674,0.150204522153566,0.0350440909933331,0.0291476681131602
8886,10478,0.0307764272888653,0.00388740321567411,0.0393178349896879,0.00883528699659681,0.0861673813384441,0.313027110520229,0.0316142983796938,0.269531949039713,0.0429279985114649,0.095103818424057,0.0630370170669605,0.0157734742286138
15259,9983,0.0448235848000419,0.00303299006469797,0.117206951429907,0.0382224172189173,0.0811276345786026,0.170663870433602,0.0482125633316937,0.183742728666999,0.102298043807342,0.0775114897349173,0.0271410247274024,0.106016701205877
13865,6128,0.0347339110662395,0.0115466658969234,0.0426637139676158,0.0236798425124774,0.0905512692760076,0.188421651739934,0.021669613091517,0.281473516711316,0.0508761896175791,0.104586443836227,0.071455110353022,0.0783420719311412
14301,16012,0.0369089274866442,0.00823596665656169,0.0628644159561658,0.0313438240073083,0.121831515983502,0.18755418901414,0.0249234437747569,0.206810208567408,0.0728636061884356,0.0972077525065291,0.101001523980668,0.0484546258778804
14148,9021,0.165971325581337,0.00125582485860044,0.16823149237197,0.018154352125349,0.00659845834383335,0.101909430835483,0.136672386819439,0.189114809673995,0.0546308904623319,0.0701701329549081,0.0758682687257134,0.0114226272470395
9996,11440,0.0492892229693779,0.00289637658303885,0.186353481267146,0.0305188530174206,0.106173534945578,0.106211273394814,0.0670920818760784,0.200909753201978,0.0367231745023235,0.112233365483957,0.0569414664638494,0.0446574162944383
11117,17706,0.0431461177126491,0.0153817131024753,0.0476384891903541,0.0496570940289387,0.0596881005712146,0.12652401381249,0.0389352127019961,0.340451453989632,0.0283676350849978,0.0932782321123206,0.118300526671531,0.038631411021401
12215,12400,0.0374723444573589,0.0284921236242834,0.0517724417666007,0.0296148900055823,0.0601737576516263,0.0997201895189457,0.0211597107460908,0.304828953540473,0.0728800107959371,0.118584927296283,0.124299944464758,0.0510007061320609
12346,8783,0.0166777768419679,0.00688236824681357,0.0291728854796009,0.00392385422188073,0.0969416065229542,0.215502146741502,0.00534631328404848,0.331022596467734,0.0285405851732171,0.119837229202499,0.0582487271140944,0.0879039107036874
9023,9754,0.0310471202284549,0.00294833226515529,0.0215408650177215,0.00891961026330271,0.0833699071120379,0.136671273448311,0.00883444467553371,0.443489184902032,0.0147617480927518,0.0872415459030107,0.0899817774484963,0.0711941906431925
16929,13837,0.0194698194201202,0.0217364031606207,0.0471586186232531,0.0208424251017156,0.0675436456852338,0.318746239622277,0.0206284925016085,0.155114071504727,0.181608409176719,0.0464689489847955,0.052762515442152,0.0479204107767779
14141,5646,0.0299446737211746,0.00380631220704922,0.114409961903167,0.0364165851823458,0.0252936220956419,0.210056988350353,0.0410955781391157,0.222286664690705,0.0411901684146602,0.132647816728061,0.0836940766794433,0.059157551888284
13610,17219,0.0114066662866798,0.0144990087431534,0.0547316248486179,0.0304507157095825,0.14605583525917,0.0823024920440037,0.0175636745841321,0.21372704607485,0.0727261243480086,0.107438329307204,0.126027424905178,0.12307105788942
8897,15782,0.0465350668244931,0.000734615670515393,0.0994453068504809,0.0128893136749466,0.052354592989517,0.199954630745556,0.047144454746408,0.334740289050611,0.0369124143118709,0.0602060240566224,0.0460292062159731,0.0630540848630056
14708,11913,0.0666683034762645,0.0279001928126787,0.0704926584030397,0.307721022806318,0.0263517830226092,0.106552151604179,0.0269249301290317,0.068474101891668,0.0355076271755342,0.0881049872927222,0.0889051768261047,0.0863970645598501
10135,11681,0.00735946214545543,0.00146655427845562,0.0476889770976707,0.011473399783755,0.1925885283853,0.230117094727986,0.013682993868794,0.219988028083378,0.100457559193081,0.100379966271688,0.0191517574146395,0.0556456787497968
14577,15529,0.0475865720412713,0.0119198930185998,0.0979540214929202,0.0851662878961187,0.0523177947739149,0.158078854737344,0.0320757995939018,0.198006733425738,0.095203202617291,0.0800607967929044,0.0773608911905369,0.0642691524194584
10831,12885,0.0203029375177829,0.00935130628355664,0.0687103040463842,0.0946990722727192,0.114583467527157,0.142415528162994,0.0718618775314596,0.212177954765216,0.0345614005502583,0.0635099614940959,0.0766291628851217,0.0911970269632544
12503,17703,0.00501220658098185,0.00618395570679846,0.082883101334522,0.0340737901826118,0.0110817399844773,0.066893642836288,0.446482778556719,0.141673257236683,0.0670809083261929,0.0566448266072946,0.0623834880937534,0.0196063045536777
9022,9272,0.0308385180419258,0.0116687506893766,0.0455754406261595,0.0138271418381447,0.0869023169195484,0.18999820980406,0.0683532496232758,0.326865243802841,0.0227532339915076,0.109651741986998,0.0499942732209767,0.0435718794551856
12208,9025,0.0210340474958254,0.00792716953812415,0.0458023661861292,0.0216505082619349,0.0496491673866664,0.154792774560055,0.0166199428320429,0.275690523803654,0.0464729950864189,0.167687360190107,0.147291817449285,0.0453813272097573
14026,16977,0.00967561098293828,0.0455311604886369,0.0544950637191748,0.0557302540110692,0.0750100869846745,0.320635516685412,0.0577121469313114,0.169931185789949,0.00427350666734382,0.0790373839202788,0.0322095418456411,0.0957585419735694
8760,16988,0.00644173735596059,0.00195957223261449,0.172014783504655,0.022222922078929,0.0433116953780777,0.172181624506614,0.205120237108933,0.1003155550636,0.107297861889387,0.122329859738755,0.0306568743358163,0.0161472768066582
8330,9515,0.00939750516115483,0.00397734681109788,0.061559984479052,0.0136786322022055,0.129577077331078,0.2723638417018,0.0253568481161164,0.221171530459785,0.0516102183273833,0.0982171641938459,0.0869318559505388,0.0261579952659432
15534,9018,0.0336502165408863,0.0115819668087143,0.0605680123720979,0.0393287064606782,0.165187674979829,0.148281783378893,0.0158888727125505,0.310744323048604,0.0291553843438855,0.113938696848198,0.0403392884096117,0.0313350740960513
12622,7818,0.0287380937584629,0.0172485115471244,0.024512235337584,0.0144986979880616,0.0973954369275998,0.224554816990457,0.0247491391566974,0.30408111788799,0.0281783961413303,0.157861415522793,0.0534628559296323,0.0247192828122679
13603,13362,0.0771743755760523,0.00181251199619494,0.0556320961860063,0.0238373785988858,0.105609225386951,0.123910467301082,0.0542897723223008,0.382795839800138,0.045764693211671,0.077671146625295,0.0248144748873851,0.0266880181080381
11253,16018,0.00936638881999976,0.00596677464944612,0.0854492455036196,0.0996997722613773,0.194487202525801,0.0869130145347805,0.0289594246291918,0.209145230210446,0.09330543197084,0.0576112695499704,0.027984311459514,0.101111933885013
7778,10962,0.0417391882909841,0.0036802998231177,0.0846397966589233,0.021326321212683,0.106288695768187,0.194821964642027,0.0259965189497379,0.247647462413264,0.063193962477108,0.0921917175678449,0.0839780665011527,0.0344960056949701
13194,16979,0.0570820297259322,0.0360617102940813,0.157037536778902,0.0260297888476096,0.039716368566518,0.0948632027533506,0.0275731111606064,0.233242968988597,0.0395276657965638,0.0812263998979464,0.160692778604991,0.0469464385849023
14718,16735,0.0115286516273507,0.00101164626213763,0.0305110069633523,0.0152582973482069,0.0725903095343678,0.177741160393656,0.0169277728569537,0.306516771777731,0.0308660619728036,0.121991589196428,0.0832632924933218,0.131793439573691
10004,15298,0.0213144524555336,0.0277591215533246,0.0457154081596254,0.081054004955032,0.0414266743512561,0.116744982261843,0.267735530818287,0.149288757534174,0.046201839288043,0.0531043079808241,0.119232736040263,0.0304221846017945
10962,9268,0.0456186789144544,0.00936174920250893,0.0448750803403283,0.00677887565661833,0.0359408594349055,0.167062527586592,0.0558264370484481,0.408831240003291,0.0352842027620188,0.122942194930089,0.0448484963098432,0.0226296578109026
11516,9267,0.0215072018406252,0.00485877059816453,0.0373334215910227,0.00724813467257525,0.108587197362811,0.207640076424164,0.01622871529179,0.332431966298292,0.0396115037028622,0.108643768912763,0.0552104185181345,0.060698824786796
9717,10476,0.036523944633975,0.00266577891885348,0.0669406027599733,0.0188584649964857,0.0904578623559847,0.151013247008431,0.0217573085449995,0.364893565709619,0.0527304155033063,0.114929009574044,0.0632561276955744,0.0159736722987541
13041,9505,0.0352353789844898,0.018352709135408,0.030322831240691,0.0149021928360939,0.149381756750103,0.28873563775422,0.00958938901695274,0.209202765110748,0.0659864685179781,0.124603311798004,0.0355518043345164,0.0181357545207959
8614,12889,0.0326391662273651,0.00175728557129433,0.00964409784309092,0.00705778282240825,0.167733812852887,0.165979574478084,0.00480654402915694,0.38309323566106,0.0323189775851769,0.138831879162757,0.0300611578069499,0.0260764859597689
15123,11671,0.0689513992380424,0.0511571066436259,0.0502941374750895,0.0412150261010176,0.0660766573081423,0.175309478929901,0.0193355487990791,0.282324029666712,0.0164993863654433,0.103030161132382,0.101416541325908,0.0243905270146575
10974,15537,0.0221106590977607,0.043988318401341,0.0807031338737601,0.0961482749320864,0.0934489026136966,0.084771481589064,0.12085859061259,0.144491515209786,0.0629915568299662,0.0709793706818374,0.0397433496567797,0.139764846501332
9858,11681,0.0466398849285538,0.000841822551240768,0.0708141770485941,0.0121718441796693,0.0802593958939917,0.144265573993155,0.0169352295896234,0.315239803499357,0.053745473696796,0.151074082400351,0.0530744761403042,0.0549382360783638
14289,10226,0.0304563111770147,0.000478086144543714,0.0494293901993672,0.00589936495916887,0.09852913156957,0.11788620688476,0.0299081542512307,0.483405237870918,0.0583482078070162,0.0939746800825412,0.0194438976802505,0.0122413313736188
10683,8305,0.0386929541201679,0.00339073068046774,0.082636267822321,0.015369080838092,0.10202067644329,0.164913696092303,0.051073090611455,0.275545621570026,0.0420612298390958,0.118239795552713,0.0667320287653312,0.039324827664737
8892,13371,0.0312246537891822,0.00316063540975332,0.0349914298475473,0.00951764257234286,0.131012728241425,0.168841869390275,0.0434403002708907,0.256504116835971,0.0854691463226983,0.119734250709601,0.0786169974576662,0.0374862291526469
7780,11927,0.00405823290815064,0.00424576952513465,0.0826633253555989,0.0184726820548976,0.00462472355950907,0.175559820001353,0.259307614490419,0.16776908347782,0.0289036750168364,0.179754809281931,0.0479614505826752,0.0266788137456739
10127,7341,0.0368054730899231,0.0312747591064263,0.0158617443738383,0.00649407651000137,0.049151187938525,0.134738027168039,0.0239025295803545,0.450489992363348,0.0567593346582125,0.101316237347485,0.0619326871550318,0.0312739507088138
9584,13129,0.063741652492414,0.00431215464926782,0.0388709436134317,0.0324252991471185,0.140474814816017,0.127380713646103,0.0113005760302451,0.299788713257742,0.050511024340796,0.0760185064490641,0.0768917454569758,0.0782838561008248
14279,5404,0.0224839629141254,0.0032717820398448,0.108206593178948,0.028491721373581,0.0161537785431708,0.144672184024345,0.0258526194304847,0.44412346272689,0.0433832425119445,0.0880933466096242,0.0379776837550397,0.0372896228920014
13886,16254,0.0463697236316542,0.0202557399701326,0.0828519072511834,0.0381790499872438,0.069529147377145,0.215398466380811,0.0122676100092386,0.172007321026147,0.0869794076442513,0.0635855692551766,0.127977426583738,0.0645986308832784
9727,15298,0.0183491811880581,0.0190676000845268,0.0477014568162164,0.0287863210420253,0.161830101703241,0.187721967233489,0.0298020183987736,0.196021180205558,0.069589557218934,0.122518582025515,0.0905170721810446,0.0280949619026193
14977,7573,0.050164299777068,0.00453860993135159,0.0542368388179314,0.0103359977874944,0.0961218273726471,0.258327179214649,0.029076938731986,0.268638431904387,0.0141929356476445,0.144443938215247,0.0609455344025709,0.00897746819702263
12209,9507,0.0354360539782989,0.00507141465466014,0.0272801733431177,0.00579839048385633,0.139653811492938,0.127237950610598,0.00651852828057623,0.364693985412327,0.0421860031189603,0.143074161783889,0.0736382795371589,0.0294112473036197
9714,9030,0.0345399913219513,0.00663546255575196,0.0502657762867887,0.0121658316682328,0.0349627195178372,0.143461763307118,0.0865157806155535,0.329266690167327,0.0768165969270773,0.136247360409867,0.0606511801290659,0.0284708470934293
8055,10480,0.0206289608732414,0.00129495962467195,0.0419532166010777,0.0120861834545381,0.0784540849332908,0.123722518531179,0.0115677002785459,0.454332165839395,0.0362879200536202,0.176297311010682,0.0326007734098118,0.0107742053899462
9162,9995,0.0430063963693718,0.00589288144792257,0.0283211464183717,0.0177710669980569,0.078223935696142,0.189098784648272,0.0273378177818958,0.224730837519854,0.0780362393461909,0.162781269735068,0.111652654650519,0.0331469693883355
10285,17226,0.0101749964178207,0.00174300461557806,0.0513278218628198,0.0107860062604255,0.056770544374074,0.167881513526531,0.0267372093103795,0.297610288651074,0.0749708613612358,0.140404950377307,0.135617996710469,0.0259748065322862
10414,12645,0.0159491668777025,0.00182640971783645,0.02467436798056,0.0120890954612795,0.159311249179552,0.190880194804622,0.0203435212852048,0.236323007596966,0.033721290022085,0.114853298926461,0.0534223666495817,0.136606031498148
12197,3239,0.0307529320388759,0.00566052006086539,0.0524770556370361,0.0266052786897798,0.116545383732469,0.141378623295451,0.0398278072966845,0.34823140262546,0.0646111639411102,0.0788826948501393,0.0339199013034884,0.0611072365286396
12062,5409,0.0350080348366179,0.0173177162263405,0.0560792293735721,0.02164192016706,0.0706066253264606,0.20382622765996,0.0194154855538572,0.260973737799515,0.0357266429565205,0.147626374037305,0.0615711795555551,0.0702068265072358
9587,14575,0.0340365324996539,0.00696797780448497,0.0297671752543929,0.00580785121016029,0.140420045310339,0.145752885607931,0.0369634613584367,0.254669986248985,0.126438437741979,0.104660868379672,0.0666891139586448,0.0478256646253205
17479,11907,0.00901888088303868,0.000358935270648759,0.0353306818721451,0.00663961547015238,0.0322953127030763,0.136927924263929,0.0206440600559289,0.518187613576384,0.0761198656159792,0.136888146180024,0.0212650995705573,0.00632386453813742
13861,4200,0.0384401219437156,0.0104575633643776,0.0495218289844489,0.0152305024982201,0.0644590596124511,0.118937964073755,0.0296675597368337,0.335969165554551,0.0760813975829469,0.158567576724109,0.0779565519126568,0.024710708011935
10134,11199,0.00764664452342971,0.0071852524168311,0.136783248778836,0.0097419929150977,0.0958527492416603,0.193566904690161,0.0474670997988703,0.179470330287544,0.0863049263604915,0.0907826095507436,0.114370680073485,0.0308275613628507
17195,8532,0.0297045153157325,0.0166242314712375,0.0381480371705826,0.0181583031114549,0.0596629231065916,0.171538353560412,0.106539071276925,0.341398811443602,0.0321842550398687,0.112581045232163,0.0448021630257364,0.0286582902456949
12496,14328,0.055804848553774,0.00361595467646767,0.0820621380733687,0.125462483239256,0.0207095979934483,0.223273236718953,0.0891559156394146,0.195012834759875,0.0444600924179271,0.0628141227319899,0.0704216460963237,0.0272071290992023
10002,14333,0.0749314723616868,0.0201418489843397,0.0185020493065641,0.0684580362254449,0.081558096253412,0.154171409316945,0.0263275971979991,0.214288594321819,0.0681217241073589,0.0870205036284002,0.163738233103519,0.0227404351925114
12625,9747,0.016389805116768,0.00452324821286921,0.0224735713946003,0.00710849913933171,0.0625939373642436,0.251200386325735,0.00514470118059667,0.373572342425254,0.0166453362066809,0.144388098878032,0.0797110063432093,0.0162490674126798
9992,9511,0.0253307150861491,0.00242244979419455,0.0502712948413425,0.0206807782620365,0.106206287582761,0.197043226450127,0.0298218950603028,0.315811955902306,0.0238084434440379,0.106793647426516,0.0602100767467369,0.0615992294034893
17207,14319,0.0099479371599625,0.0171592421523881,0.0292103709843196,0.0351247981428225,0.0547276441241754,0.220156732912542,0.0152912047151479,0.280957250238906,0.111536181684865,0.0708325257850647,0.0761295585334034,0.0789265535664035
11247,13125,0.0158033268410021,0.136306240535916,0.0419274873729554,0.509824245200891,0.00247534941827759,0.00678762230530638,0.0313866911328815,0.0711775544086828,0.0234205654298392,0.0148773223799741,0.116661465088462,0.0293521298858124
16084,7088,0.457621532257745,0.0210438462382486,0.0544912260396283,0.00916279108526813,0.00650597889288444,0.11250761721338,0.0613445437612294,0.176665036381983,0.00942071469080109,0.0343141028511348,0.0464296442581377,0.0104929663295594
14287,9262,0.313378320716683,0.0732441731925513,0.0300245579864118,0.032922315694207,0.120697778317104,0.0279975983603515,0.0348731767886878,0.192137183938349,0.0361636661273775,0.0477513451148075,0.0859467688429572,0.0048631149205123
9865,15057,0.0692061842894984,0.0667696952482445,0.0558431009761446,0.0461195759047668,0.162088911417007,0.153273217608972,0.0184363285500224,0.15592884991545,0.069203942427414,0.115784671628634,0.0662176823638133,0.0211278396700329
16658,16731,0.000671782529192215,0.00131437933907717,0.0087293706594488,0.0078670162504828,0.0150789230279311,0.0636308008007088,0.685603098433,0.0880317943368334,0.0244868733673755,0.0389963102444762,0.0481676477706899,0.0174220032407838
13732,8781,0.0360320967148773,0.00505842112837931,0.042125303161704,0.0211194546163195,0.0355130078614279,0.107213644483526,0.0609260114658586,0.326744661239504,0.106371520246676,0.156976921496143,0.0905428867412198,0.0113760708443643
11671,17223,0.0627257696741381,0.00198373730935627,0.0923940610327152,0.0530891388750322,0.135290252799004,0.113448445832681,0.0274511887878682,0.180968053645718,0.113900766158798,0.0649934434082791,0.0903355372606671,0.0634196052157434
7782,12891,0.00369418666580116,0.00965182664084386,0.0714674537382648,0.00403721967841142,0.0278280894924445,0.106988949056504,0.389281646137775,0.137559927126937,0.0242495053980371,0.156559556240707,0.0200678160819976,0.0486138237422769
13597,10468,0.0188064289046417,0.00248461417046756,0.0710085703177387,0.0234725647864543,0.10294796209432,0.21439587597981,0.0205922777572414,0.240419582915762,0.0815637960384501,0.125049609623055,0.035878858555916,0.0633798588561447
9178,17710,0.000964452086400605,0.00554045643904393,0.0388506313245697,0.00673687483555737,0.00308892401970959,0.0683623521572688,0.724054805963504,0.0329906924857118,0.0276188047947125,0.0556170048678362,0.0318755539059957,0.00429944711969009
9014,5415,0.00784206338018655,0.00505530769175156,0.0711790119015103,0.0290461672384342,0.0655320903867027,0.137992107278074,0.236622446213984,0.19324526533123,0.046308593606228,0.0951783936323973,0.0804858361953855,0.0315127171441158
9027,11683,0.0519530996490432,0.0127365215692705,0.0274880644924908,0.0189903276448679,0.118688528764969,0.169867043089354,0.0129207554507597,0.31117585972056,0.0756431061200367,0.08050701870792,0.0682430335441511,0.0517866412465774
14437,14806,0.0243027391071526,0.013630334795572,0.0612954184415449,0.0879394019893834,0.129211929278059,0.147241851771378,0.0207607919795572,0.188145832555619,0.141416043872275,0.0625021708104894,0.0358574375982904,0.0876960478006794
14710,12877,0.0075681958182891,0.0243770448610453,0.0529065103200257,0.666276467883984,0.00641848174487148,0.0231572213474836,0.0229742264122547,0.0420054279347407,0.0514929666456727,0.0230020090024527,0.0462060051884366,0.0336154428407432
7634,8311,0.0511495179058051,0.025081175631032,0.0499124906927261,0.027197344042594,0.0573601421961012,0.0629506617204088,0.185382092810364,0.270397760349835,0.0621609717224383,0.080577881368959,0.0782939885957166,0.0495359729640201
17200,10943,0.0135523553117442,0.00410741756019281,0.0827164540968307,0.0144320625577629,0.055272534430847,0.143258854671584,0.0468126116197417,0.442382053147334,0.0578966229318352,0.0826278444489101,0.0331361670671032,0.0238050221561148
12760,7577,0.0140451569166483,0.0139563838480693,0.0316839436450995,0.0100949274190963,0.0767031502061127,0.192514665943759,0.0198677220627995,0.345486094316129,0.0473946552878233,0.139810265687177,0.0875863842518751,0.0208566504154107
16788,12632,0.0320681237346648,0.00516832275624481,0.135312863952076,0.0450117874932607,0.0840054694813262,0.155201746961902,0.0958012334626676,0.143682650076346,0.096509450346059,0.107370288615559,0.0669497467131633,0.0329183164067307
15258,9501,0.0779415961418727,0.00383357559930429,0.138187584228945,0.0629751074522249,0.0527482579631587,0.199028429884579,0.0162722306375528,0.258164520057256,0.0545025079195135,0.0827517924028793,0.0266106402234671,0.0269837574892465
17211,16247,0.0265182828331348,0.00201294228421837,0.0634371307986194,0.0432527356411085,0.112556424969958,0.169836644063875,0.0632553971848289,0.305052995077073,0.051823526410738,0.0764150908015838,0.0335471795067369,0.052291650428126
17901,15041,0.0036616118744561,0.000811996951995672,0.182723180771869,0.0160363476307358,0.148850996312803,0.130960395842339,0.0260081254870337,0.196338354590576,0.0592214838898181,0.142540675558398,0.0534040406978831,0.0394427903920924
9039,17469,4.53567023886865e-05,0.000422416304542847,0.00142261158197364,0.00327792309121319,2.11407685677763e-05,0.0113100582048764,0.956809577739912,0.00168995190424055,0.00765539386976904,0.0139984721067781,0.00305346877521192,0.000293628950525656
11373,7098,0.066664708592384,0.0330346664865241,0.0222550633841816,0.0195969139431544,0.0708450958219847,0.162401400921904,0.058409801720224,0.330753609828537,0.0133291453309647,0.0875541690148524,0.0995540888645394,0.0356013360907499
12060,3962,0.0276264339248851,0.00607134270029451,0.0213844468992869,0.00789901050883121,0.0772217801240196,0.136973572612113,0.0124696751164925,0.499249397550012,0.017873978740403,0.0993445828333156,0.0565360700147863,0.037349708975561
14014,11191,0.0511876694864238,0.00267850494978967,0.0388793087545193,0.0237024705839511,0.0937228530660247,0.219949494999988,0.0674937051060203,0.114078824891365,0.0661204372010484,0.194067294659155,0.102687319258973,0.0254321170427418
7633,7828,0.0178862919920004,0.0133253320230733,0.0716546300907632,0.0174101609099195,0.0327441015214449,0.151982535809008,0.164517997112462,0.254304447900614,0.079442629078199,0.118941086946418,0.0570619581291919,0.0207288284869049
16919,9015,0.0348484054923117,0.0110039728359478,0.0453492361743006,0.00746773197755336,0.0628689649909819,0.269024565734729,0.039164552722612,0.203486350972792,0.0303065648479206,0.193793568096509,0.0768590925488338,0.0258269936055092
8754,13612,0.0419416251417645,0.00365137546161912,0.0265125269586359,0.0108244154847225,0.120897970236229,0.210683417302886,0.0103657493358241,0.254764786924563,0.0879247950805129,0.147807107232597,0.0591146712715359,0.0255115595691103
11518,10232,0.0260599317258419,0.00971182226367656,0.0373215453577091,0.0132103862715448,0.0917133136515511,0.19555518890878,0.00928029848678239,0.391374375554773,0.0423469700312181,0.10547351793646,0.0565424415121363,0.0214102082995273
14151,10467,0.0422382183537719,0.00444550987060476,0.0591464612186861,0.0139201488286647,0.132782513668629,0.142178214488964,0.0171564528181242,0.388188073027104,0.019875402764566,0.110900072597649,0.0560415086859209,0.0131274236773158
10541,6617,0.0227749334222672,0.0144795560209374,0.0353753481857062,0.0124058943075874,0.127182889248321,0.11764884309559,0.0105184511713348,0.461383780409087,0.0134253199089005,0.0745732175576886,0.0758228552685175,0.0344089114040627
12631,12640,0.0156950908432887,0.00907748908006973,0.0748374879087269,0.0189279948475753,0.096376237470054,0.128045344917007,0.0649364235439153,0.156824557288361,0.0648600266448754,0.128520900759494,0.116294812056517,0.125603634640116
12076,12159,0.090066800838217,0.0080526784660148,0.0335828662569437,0.01735729887091,0.0965594870048505,0.166585901856968,0.0123592595183996,0.277325335054791,0.0359570966398557,0.133494430081436,0.108738784006425,0.019920061405188
10267,8064,0.0492101074436886,0.00537200356004234,0.0915946385152475,0.0214380333451834,0.0921871276914476,0.259865172039825,0.052889405208915,0.159636937573625,0.0768975304227493,0.0866417836393207,0.0877701242605243,0.0164971362994315
16778,7810,0.123933214959673,0.0162701989252927,0.0654352431999902,0.0236186684849873,0.0256668973202748,0.10759057085537,0.234167477685028,0.176971744556413,0.0146929943787054,0.0932524402909673,0.0788222403412009,0.0395783090020971
13872,9504,0.0989116416947525,0.0545089369081333,0.129883048598222,0.0342785138664388,0.0416106589289445,0.0782389707849284,0.147597390711339,0.174841953614474,0.0782523658561139,0.0687282756750952,0.0466846900411183,0.0464635533204402
11947,16740,0.0544858300215869,0.00334557583814208,0.077597601257112,0.0530488488740949,0.0350906444624767,0.202149072979082,0.0314083988285096,0.234051044850923,0.027824038945037,0.107770900362446,0.0892491559261107,0.0839788876544782
12356,13605,0.0172411384727654,0.00604067461949691,0.0634605785105245,0.0318975438580769,0.105674095731904,0.157872077269021,0.039373130094565,0.230541055477223,0.0255259842471044,0.131601807080927,0.101091327818998,0.0896805868193935
12212,10953,0.0205719722201694,0.0030205691464769,0.0523749864995401,0.0107957778998072,0.104038815890049,0.0797892303514025,0.0147206464107928,0.518330055076821,0.0731785979046796,0.0802966009630895,0.0347503940229263,0.00813235361424541
14979,9019,0.0384258167960774,0.0020563352558299,0.0336675558560194,0.0293414410257468,0.134626315227879,0.142555076767361,0.0318447871892029,0.352094865517794,0.0417943727821813,0.101658230197832,0.0400665346510381,0.0518686687330377
13587,5647,0.0167462437346255,0.027191431211383,0.0211644168507111,0.0083789142630032,0.09412647360518,0.250857989949842,0.016938897228366,0.35582805124434,0.0306051263490822,0.0977217299832954,0.0540976730500981,0.0263430525300734
13880,13361,0.069714580753979,0.00945492148929406,0.080418575536081,0.0222534466792239,0.130984202697279,0.113811639672839,0.0274722200199893,0.225909279638728,0.0518634461868342,0.17808275008489,0.072423651089631,0.0176112861512322
13332,16737,0.0479243874079626,0.0047251112292974,0.07231020471983,0.0249410847862486,0.143032667825999,0.150549632980263,0.0391888540029091,0.19793528818168,0.111690646895374,0.090037273642425,0.0966843110248991,0.0209805373031123
10679,6376,0.058980220476738,0.00637210757520275,0.0297164629263815,0.0071305020195052,0.039615035906718,0.0912726518410865,0.0195432259321094,0.498775832878186,0.0368677314053607,0.126837423192477,0.0677093443323593,0.0171794615138752
16100,14803,0.036290677504457,0.00613715099271255,0.0840563028149532,0.0239356031156941,0.0224747272752116,0.157621845170972,0.0212960250371278,0.278886895692813,0.0985706618782295,0.095131537484801,0.0553185836106107,0.120279989422417
15411,16974,0.0368882298562612,0.0424487826611626,0.0905486926733628,0.0263607958844535,0.068024057701921,0.124841285758457,0.0198815033041109,0.293441018280114,0.0520829408190917,0.0662796077019558,0.0608591441242148,0.118343941234895
11800,12642,0.0217107133464236,0.0101802597628616,0.0509556100783693,0.0278203291374141,0.0500490801264557,0.186136686246718,0.0298824804196977,0.183817872164914,0.10824424099386,0.110578822835859,0.171127638796827,0.0494962660906004
15399,10706,0.044198482998892,0.00915758152115806,0.0778183062883363,0.0172332066158123,0.0702122159644946,0.19359845115092,0.0564279173608834,0.287064819511981,0.0307493310381321,0.0917278461316345,0.0896713437372297,0.0321404976805256
7921,13132,0.0144979167353312,0.00637037743693163,0.0654589969150127,0.0297941987447789,0.110180397302153,0.0781556491488394,0.330650209741209,0.236355370849502,0.00798120386966845,0.0560042623071748,0.0256801785481793,0.03887123840122
13321,10951,0.065266374849553,0.021921302555958,0.217226422370465,0.0683861106372835,0.0606101372040755,0.0739726910445556,0.108353190804377,0.138178814537748,0.0523480538058641,0.0500072070585994,0.0486886384138357,0.0950410567176858
11089,3723,0.11542596006257,0.0484856205795477,0.0384558744778166,0.0188792796705959,0.0904314805224943,0.104654368522816,0.0120095181421868,0.301948904950341,0.0434796409138275,0.0928174653396059,0.0726683716698516,0.0607435151483469
12475,3720,0.0392360450978127,0.0146803244433835,0.0413069200430827,0.0151883117433072,0.0910625772134,0.14974639731168,0.00681791418838972,0.446996011117242,0.0478338903247755,0.0503010674579536,0.0433819933822465,0.0534485476767269
11099,8545,0.0800484281704371,0.014069363430841,0.0805469163922766,0.0196019311198408,0.0247652934094241,0.150835104601726,0.0290055710195046,0.38640896521468,0.043889144711959,0.0664926710330853,0.0662647054123099,0.0380719054839156
11236,7821,0.0463096254949598,0.00427401965994294,0.0733222920497869,0.0109356698230036,0.111470397200009,0.132015217832806,0.0239444346184207,0.350891833071087,0.0903771696605254,0.0772090587458477,0.0543990447788678,0.0248512370647433
11934,10472,0.0478367825734842,0.00463559647270004,0.0421787452440964,0.00890083255632205,0.145416199998833,0.12172111465872,0.0082220881382206,0.506612300392804,0.0153614298892306,0.0626267181413093,0.0156785852480485,0.0208096066862313
10008,17226,0.0256034001631622,0.0044710103943941,0.0628397085963107,0.0232200781175715,0.0725641508894545,0.227510406807726,0.0193566939044167,0.199289578771247,0.0992416631517899,0.128123573726661,0.113670262777816,0.0241094726994506
17340,11666,0.0625662516308315,0.00879834415103354,0.0294053006039423,0.0138932333276081,0.124345503533287,0.22710764716165,0.00549660785944116,0.328113772703273,0.0238533680604221,0.133234228539523,0.0246878019425557,0.0184979404864319
12764,9506,0.019348278359132,0.0153061790945826,0.0127849902440242,0.00550419164508421,0.0912828086940495,0.228608342613707,0.0122483149609762,0.352380597199659,0.0372073889895486,0.173362374812791,0.0399585166252987,0.0120080167611475
14023,15531,0.0576455806734215,0.0129606236887131,0.0813698505971553,0.0888349782674353,0.0381355674181252,0.156504763767758,0.106863163508359,0.157809412096896,0.0519254941719411,0.0823741813443137,0.136615789127334,0.0289605953385475
14852,14564,0.0611806794143426,0.0173054300760928,0.122224181308703,0.0371284401063571,0.042153368731792,0.14420202211814,0.0770611987558007,0.226971720307378,0.0425835198253418,0.0865124043086223,0.0973761574237162,0.045300877623714
9851,8306,0.0526644271475335,0.00202015032606282,0.0604905952855416,0.00846854549573392,0.0453414428804701,0.238962306521893,0.0250225219914846,0.288179081060694,0.0401392482234775,0.109185775814807,0.0873616997078299,0.0421642055444712
15267,14323,0.0217898032228758,0.013444538026334,0.0243583023850966,0.0354501599297299,0.0518100858748922,0.0950111803746206,0.0103518462694881,0.192630284641096,0.168775301336832,0.0871117729133425,0.190950354038193,0.108316370987499
13999,3958,0.0282371924193426,0.0135999334974376,0.0970261550021947,0.0538354285385315,0.187723068921497,0.0971335475828805,0.0725914065705183,0.147131699519812,0.145206418091319,0.0442918780043738,0.0430874765815035,0.0701357952705898
8618,15300,0.0853618203267302,0.00606535526669279,0.138709214713922,0.0702192458250299,0.0771448805871781,0.0340553036458701,0.190644159040335,0.152867886633867,0.0262872823634507,0.0392497721118879,0.135350175367377,0.0440449041176593
13044,10952,0.0200932796140204,0.000408490198441134,0.0361291118086202,0.0137185726556591,0.0272853988692196,0.130082856282354,0.0102313067108777,0.513943865036903,0.0861212312543219,0.0872789537350025,0.0366068810158523,0.0381000528187274
7636,9275,0.00461661708748043,0.00511814890688696,0.0668065222731952,0.0192514733070358,0.0385445663761491,0.061231453346308,0.391528243648146,0.219422661192465,0.0362468486085748,0.0618143374976616,0.0622829408941543,0.0331361868619435
13310,5647,0.0189036563530279,0.00775592067551299,0.0262443678620949,0.00802128539730944,0.0441805076397752,0.235108939257153,0.0283469338140049,0.256088091680107,0.075170704106047,0.113797119527001,0.109584158381645,0.0767983153063208
11668,15776,0.028016671171628,0.0537920904580949,0.0493098044719211,0.0615644880079048,0.078892265238268,0.0849037918861473,0.0995429783203498,0.194180415707187,0.0519963125825534,0.0898670430832991,0.148841630915791,0.059092508156856
11246,12643,0.0147077349396891,0.0874630524194633,0.0521617786234719,0.0941622153808167,0.0642382823451046,0.0811320952630968,0.0278246874632836,0.299563336046286,0.096522384653726,0.0715747805089584,0.0453886851066585,0.065260967249445
15805,6124,0.0595256527047004,0.00543078516750434,0.0408762476489553,0.00569973977571082,0.0632511703758701,0.139613928776033,0.0112104868467877,0.419931810260713,0.0036130685073716,0.165613931055862,0.0665234546612264,0.0187097242192651
13186,12639,0.0150350725897082,0.00735404143525885,0.0251397928990221,0.0296651778972571,0.0943889431293391,0.074582572068689,0.00925710439273313,0.444188271701204,0.0241580301039408,0.0669892347159208,0.0722691292891861,0.13697262977774
15412,17456,0.0501566255953278,0.0042357187828426,0.0540997718790874,0.00817612909451168,0.0277607184925153,0.200724535214141,0.0128156642378855,0.395718454967669,0.0369217581052395,0.0843245351997206,0.0873345045245183,0.0377315839065414
8472,11202,0.0657371470557149,0.00457892747413573,0.0896695444579299,0.0215756187725438,0.111529715073069,0.17958395491988,0.0172426335646185,0.285778974100136,0.0247343034892782,0.0822964990597543,0.0744909490776637,0.0427817329552762
15127,13600,0.077732605403156,0.00492267743968568,0.0824835122843035,0.0323791179740143,0.122086414256744,0.185426110047415,0.0147876413193805,0.188389206323192,0.0762981699580258,0.0815790644212886,0.060219282826769,0.0736961977460262
11807,16017,0.0231166329142836,0.0355128251281013,0.122902653329693,0.0618573007789545,0.0530153889350026,0.173819185521027,0.0664024356687824,0.149855339853626,0.0482042661701008,0.0562899957845392,0.14635737118425,0.0626666047316399
13727,6370,0.0150672140124471,0.00524128974150501,0.0125331379153769,0.00465494507568664,0.0206005915573717,0.342550372724149,0.00920830647368244,0.378508252658115,0.0324562364806922,0.105723806056826,0.0566551733942637,0.0168006739098848
8752,12648,0.0429891591915244,0.00862495866936095,0.0151084932974768,0.00241188379386748,0.124878958242429,0.11332172539313,0.0072037161113403,0.313874390140956,0.0662007939200054,0.174357682639457,0.10078048434819,0.0302477542522623
13446,4441,0.0164853402996459,0.0108452415550839,0.0392677499797188,0.0140391152325867,0.0534874506703524,0.252661291566346,0.0164725913706289,0.327303670308299,0.0334914608997722,0.0604862316026785,0.0962989277749949,0.0791609287398934
18173,12147,0.279552729966801,0.0404658226156089,0.301039273338708,0.070809536642017,8.37838832079631e-06,0.00577673566738602,0.14123291194841,0.00677457439092321,0.0876543389447449,0.0138175883544239,0.048182779890755,0.00468532985190067
14838,7332,0.0830841888952824,0.00323190314331976,0.0588622409346176,0.0108709477833986,0.0566149999990863,0.204944068107644,0.0289845388990021,0.290519093144943,0.0735504062825201,0.145841238545976,0.0271431896079566,0.0163531846562532
17057,8774,0.0491866192735833,0.028047085016,0.0746405243791527,0.0335179587762947,0.165430721059464,0.214775846260562,0.0174972509046461,0.167900817009535,0.0247356144384668,0.176985450007545,0.0290525814531049,0.0182295314216442
12917,16979,0.0143766296455107,0.0143265574016825,0.0577863649685661,0.0663281706217892,0.0206032043945557,0.168342314187384,0.100630063719462,0.148263212928564,0.0675249166219769,0.112393821228011,0.139392865544425,0.0900318787380719
15260,10947,0.0270596023203629,0.00902376411852765,0.050676297649112,0.031847748027147,0.0574122969485345,0.143293943712841,0.010543745962353,0.381558253919955,0.0230347889188343,0.154701678011067,0.0969005790770001,0.0139473013342662
13056,17220,0.0279777725300463,0.0164699240511647,0.138267574306155,0.0497407936257642,0.0415400827573921,0.148487870200178,0.0795723301934712,0.155780459451628,0.071307462796376,0.115108911377717,0.0993458887357154,0.0564009299743925
9583,12646,0.105995964034346,0.00196832837435028,0.0952556562874286,0.0246888724390348,0.0732748469727905,0.199655962098209,0.0447623032655376,0.237255218460336,0.0447689052419738,0.0737030320136872,0.0555715408119687,0.0430993700003381
13322,11433,0.0508933666914242,0.0150014946113448,0.0988710108758528,0.0317773033751107,0.0295526622800851,0.0826588289371816,0.173440191846094,0.179090215026106,0.0378770313548939,0.0771129999419614,0.187133612723775,0.0365912823361715
14694,4680,0.0231358657112232,0.00157747473950585,0.0136251017870076,0.00596460592531332,0.0283356229600903,0.254921034612086,0.00849990574004175,0.516518310753805,0.00951808179972837,0.104999480249607,0.0261278882071657,0.00677662751442593
10417,14091,0.0346611548749187,0.0543754530813196,0.0849518658980166,0.446870322475261,0.046392160779809,0.0403502369013312,0.0145208753629957,0.0780664245583293,0.0518495775456248,0.02973290991465,0.068879214112266,0.0493498044954781
16096,12874,0.0238853246992557,0.00480583532491707,0.0459122189824861,0.00855938395440506,0.0322996877955464,0.177832853657179,0.108050374993039,0.126677463665928,0.12922620250346,0.167246378383064,0.167505884338308,0.00799839170241081
10552,12403,0.000661919673051294,0.000262219253558569,0.0563995397694817,0.0129728312889753,0.178129752352691,0.114072121463353,0.0457580527488814,0.180154091728186,0.167859975095998,0.0746736316290883,0.00778673279898302,0.161269132197752
14302,16494,0.0266296170573266,0.00473947236405652,0.153820872016039,0.107925727613737,0.0667881390466799,0.111123477404821,0.0169889479454629,0.226582537558451,0.0790742137190169,0.070795027869039,0.0439068592950591,0.0916251081103098
8198,13131,0.0350244625454696,0.00144111288588872,0.0323112676393386,0.00628723252222425,0.0990482193556171,0.327903183126807,0.0113998559100279,0.174429951983867,0.132418829870826,0.107663457323935,0.0522226241245687,0.0198498027114311
11230,4928,0.0165927311453108,0.00535642602496027,0.0188398066762951,0.00521993371575622,0.0602885306038736,0.186312279514895,0.00872534928838201,0.499369720434034,0.0346140227459177,0.0936158997710035,0.0301873854569597,0.0408779146226119
10147,17467,0.0166828273014334,0.00777861204643264,0.0353394600179817,0.00881887374758037,0.0791941336858089,0.218642434572575,0.0150498909083384,0.3197559315172,0.0684981078443969,0.121386338820346,0.0917691671565303,0.0170842223813763
12479,5649,0.0291371380661645,0.0125997586273085,0.0232205949575266,0.00866788128991171,0.0537304724787347,0.286128693975096,0.016192826005085,0.361523632180346,0.0220237412419946,0.0741584148747922,0.0792933158797349,0.0333235304233045
14429,10949,0.0525043568883757,0.0563386992904898,0.0819035152694867,0.0887858925941166,0.123324332977555,0.0724454156121356,0.0300346280471301,0.211522527950074,0.04002525673521,0.0724992709833955,0.114589397229351,0.0560267064226799
8751,12166,0.0309923879225988,0.00227061781357283,0.0623384883129392,0.0287333457990113,0.110918437016837,0.16894577195174,0.00975683349812893,0.285284304743197,0.081453547131892,0.137130840700995,0.0639888269031521,0.0181865982059367
8613,12407,0.0330460205145125,0.0015730933643926,0.0344686006556792,0.00772715272478493,0.143918871790858,0.177440821016084,0.0137557229512749,0.299751028820775,0.0879413148203742,0.131343713866266,0.0357371723997627,0.0332964870752354
16506,10222,0.0290425073997034,0.00432352569954867,0.155947500438049,0.0587276786247628,0.105296889949941,0.155592847856396,0.0339264862191932,0.171120868565083,0.0338198308162407,0.0973213462960812,0.0305472276208497,0.124333290514151
10402,6376,0.0168175143697203,0.00520924085661776,0.0538365561441503,0.0144502906416113,0.0715418377663814,0.269359634814199,0.0113791566872228,0.375769867832342,0.0357860665422651,0.0779596838536527,0.0341026666705022,0.0337874838213344
14153,11432,0.0474297141300774,0.0119460867176854,0.0449896371009108,0.0181531558013189,0.12119139698938,0.156149473209246,0.050315637523411,0.286609197582095,0.0725889663174425,0.120989496988556,0.0522371970831836,0.0174000405566934
9854,9753,0.080905824742146,0.0107136862876055,0.0604629492287625,0.0160257780441147,0.0803083413659132,0.233194218453871,0.0456001851485805,0.293878839314308,0.022752741128983,0.081958197300784,0.045377479661804,0.0288217593231268
18728,12628,0.164921554539117,0.00289363714296613,0.0891171928391001,0.0621691937358053,0.0783205215653728,0.190816903373569,0.0258100829992282,0.169075588753678,0.0422388257964691,0.123108084020056,0.0194843068894801,0.0320441083451586
13863,5164,0.0128241579899161,0.00499352567362312,0.04417501187647,0.016795917436258,0.085722739178139,0.17767080957357,0.0235428608625109,0.397397195497702,0.00492077707298268,0.135709526433942,0.05230355399405,0.0439439244108368
11528,15053,0.0398940197102602,0.172335768222721,0.0234699036850021,0.333149482263335,0.0584542209533048,0.0611131021840716,0.0131787107779366,0.0829145007329706,0.0302547645250562,0.0216530535164838,0.0692231491706119,0.0943593242582471
7924,14578,0.351322362306972,0.0438361768123986,0.0389987531404094,0.0437655441709764,0.0369173866276611,0.0138863302944276,0.129384088840173,0.154732043957528,0.0252533093842617,0.0247195035953119,0.126227810646686,0.0109566902231939
8051,8551,0.0281582356192967,0.00682241689623605,0.0503668830133182,0.0115622406554594,0.0690878875300599,0.185014739904445,0.0234937697254872,0.392045812341274,0.0387931500516294,0.0820207274648636,0.0259787343660446,0.086655402431886
8341,15301,0.0173166163295091,0.0248251385692329,0.121808841686774,0.0353096946842169,0.0122467642153361,0.0444433654729819,0.399114901930077,0.108634094848639,0.0655410217842129,0.063296315829132,0.0817312201938812,0.0257320244560068
13601,12397,0.0127839389214796,0.00748332888345847,0.0601495593610575,0.0318464555801416,0.128666775500547,0.165744489999756,0.0272857711807486,0.283695816997272,0.0532860080557596,0.131844420876328,0.0499130561746982,0.0473003784687542
17196,9015,0.0137944877862687,0.0194879172070423,0.0556412175840861,0.00935755733007158,0.0774431140904878,0.179580207882856,0.0161667696418079,0.327019861287706,0.0375905255422579,0.142828944265993,0.116113670201337,0.00497572718008472
13453,7817,0.0188973129453301,0.00975998400062197,0.049132756397515,0.00932972878614827,0.0794071978896033,0.125675591902968,0.0164080138165476,0.465767012375108,0.0301383326336945,0.12509300930146,0.0319041790766379,0.0384868808743656
13191,15532,0.0275777557200925,0.0275869216618579,0.0838064860386671,0.0514419989949222,0.112087059817168,0.195770614522504,0.0323900162740168,0.184922922233385,0.0386951619873412,0.0678856960467173,0.12351692935809,0.054318437345238
13189,14568,0.0482110757679235,0.0541779634124521,0.0180874305849916,0.308812427825206,0.016307762081727,0.0896139492790308,0.0915653227710273,0.0876765145709481,0.0639743769788586,0.0572604252893585,0.142421614981551,0.0218911364569252
14149,9503,0.184223330671688,0.0366563195434824,0.203911509310119,0.0617511666134763,0.0125052940220881,0.0253794857557897,0.106239546421972,0.0764757439315419,0.0731933037048705,0.0469363995685332,0.1616486017584,0.0110792986980389
13045,11434,0.0548985843414798,0.0256695574843011,0.0765042734159214,0.0201034416597258,0.14025538069388,0.112066453997052,0.023759225660162,0.190625538855059,0.0583085416256273,0.136732559845461,0.116690360978485,0.0443860814428449
14157,13360,0.00981931418910916,0.015665480654173,0.0725701643574067,0.24075619980696,0.0529508355536738,0.0541466877654354,0.0916647127627678,0.150611267923411,0.107055552725068,0.0932525281948352,0.0328079339561246,0.0786993221110349
12774,14810,0.00662476791098077,0.00595965951408958,0.0519440331382783,0.302402030570773,0.00572615787630012,0.0325810025486509,0.275993885236925,0.0693704910110699,0.0249845408338639,0.0564648808080887,0.164733713748782,0.00321483680219779
18034,11906,0.0260650185703389,0.0347994360618455,0.0992667648009702,0.0352239601228705,0.0855019605638928,0.0380763463604517,0.27620843451076,0.104295554450726,0.0511058025635418,0.0484802561598897,0.129578654438434,0.0713978113962788
12500,16257,0.00988565744446412,0.000843889724979105,0.0909967383869202,0.0444746856555555,0.0888069603131937,0.149041750813407,0.0608246015011813,0.207774939429963,0.0921913379776598,0.0970164776261733,0.0673898979027844,0.0907530632237184
11939,12883,0.0617332408645536,0.0243886660717584,0.116317287645593,0.0470180206391093,0.0741717618222528,0.184965613234372,0.119755546211844,0.0791204567595779,0.0240085514697199,0.12064064831898,0.116702573779731,0.0311776331825088
9720,11923,0.0339695034336388,0.000973032097834983,0.0375054271427561,0.0122824770222112,0.129435747563703,0.192588350732111,0.011534034781925,0.26115620815582,0.0624863134764947,0.0997192017697006,0.0683460065992725,0.0900036972245319
13028,3237,0.0307999612834445,0.00768879468684487,0.036254722706656,0.0173497129037096,0.0721655955775563,0.163195348427595,0.0928985352865997,0.337580650146396,0.022208670954234,0.110767616910834,0.0858834969693057,0.0232068941468254
13057,17702,0.0312779708363099,0.00378251895594768,0.131235366822886,0.0579413796801722,0.0454763488591136,0.0860235115511768,0.194923338441607,0.221901757763718,0.0545939498418399,0.0362680081128741,0.116056410940194,0.0205194381941609
17484,14318,0.0523185990396792,0.00927576318442704,0.212026065236769,0.0179502137399727,0.0631088561625033,0.157856579166679,0.0158663065182945,0.116136091363633,0.0367877720122619,0.15930001162499,0.143020989227558,0.0163527527232321
10415,13127,0.0540184303423305,0.0229716167218355,0.123770148163093,0.148044518556774,0.0209189919201605,0.0444716714731138,0.0641697924880372,0.263351084502108,0.0203823732300816,0.0850694790547942,0.0843654298142212,0.0684664637334513
17197,9497,0.0191561061934206,0.0102765002556132,0.0532513991337901,0.00655625911321249,0.0625926847008237,0.254142015678644,0.0421035050445494,0.326075954166845,0.03545379953143,0.146397297805587,0.0271972410493414,0.0167972373267426
9985,5654,0.0647763789837369,0.00607339837353577,0.0358550333613181,0.00356754334770139,0.0890298205238015,0.0921258758740578,0.0247353795805039,0.432476701395108,0.0260252009206943,0.148538380477801,0.0583536801596509,0.0184426070020902
9994,10476,0.0263105005290331,0.00339122005078337,0.0988258473061146,0.028804235524472,0.152216237665964,0.122849152831829,0.0221475766174552,0.258550637138531,0.0312030311830576,0.157595418637169,0.0579775791131681,0.0401285634024226
17761,14318,0.023104028547164,0.0120681768253711,0.0769044269382776,0.0200864650788362,0.116537258149619,0.151263206479949,0.0392333916089523,0.170098695803251,0.104321844918144,0.129010459580106,0.0857072075228843,0.0716648385474449
17896,12147,0.0647274370822837,0.0402696867377398,0.0783559079338215,0.0285287264888959,0.133445129185368,0.0896667823678338,0.268735811317311,0.110803421571565,0.0787886793941092,0.0474066426679417,0.0429093846824827,0.0163623905706475
17613,9255,0.0302615276629852,0.0159393286979773,0.0854905521519803,0.0115652102825158,0.0583490789583815,0.152369473977638,0.11130923481399,0.308426850666468,0.0488993087405869,0.129061513052638,0.0293401939837069,0.0189877270111318
14989,13841,0.0283388102066676,0.00774882513255441,0.0805565181891607,0.0316620371540136,0.0491206792728184,0.105234130136772,0.0557329008218327,0.26829562528325,0.13717816757326,0.0900575029387605,0.0426475147556331,0.103427288535278
9707,5172,0.0259372273977417,0.00453859814968309,0.0428956330740456,0.00896966442173784,0.0734658317000092,0.224578791864804,0.016301187389293,0.44389939228737,0.0229709157627729,0.0756522836226375,0.0407155718068528,0.0200749025230529
8195,11685,0.0543158768333939,0.00609619255574639,0.0712506432893834,0.0214123148307491,0.107847675962211,0.204199459941643,0.0779130568025714,0.190462139403221,0.0190576501070748,0.100115515210983,0.0918424388563014,0.0554870362067217
13466,14085,0.0243805842399124,0.0275864982141877,0.0774314364309897,0.0913402720031447,0.0956834453937704,0.104692527174831,0.142752794334228,0.114938696990191,0.0296317694891418,0.0894539423382011,0.157813834188953,0.044294199202449
9295,7343,0.0353856884260846,0.0159746251697561,0.0400355073822378,0.00620577633677646,0.0624097784415597,0.0876230753789413,0.0116873008893574,0.42899446233393,0.0447527474506448,0.13042643876029,0.0721938201369701,0.0643107792934525
14841,9261,0.038840660343194,0.00811296237545647,0.0575450318413673,0.0292061911800265,0.14511225669995,0.152990912209413,0.0335478324963101,0.290648435942924,0.042853616215317,0.124515750832424,0.0402268470212065,0.0363995028424107
9578,10235,0.0338801811142148,0.00760557593596002,0.0702057050790515,0.0151960175251005,0.0556336624097154,0.203453596337053,0.0122217878764781,0.336258224265672,0.0569767174291089,0.0794442193082951,0.103413931602097,0.0257103811172529
11389,14813,0.0164440613869125,0.113780654002482,0.0179818514328281,0.529032290516529,0.0333763421297762,0.0255643378323362,0.0247508640389983,0.0261739781203016,0.0807647148819741,0.0116085200048413,0.0566328400685826,0.0638895455844378
9152,5173,0.0107132082069052,0.0179479624097239,0.0199428622208686,0.00856859386188538,0.0569952726266026,0.0309569614396537,0.374459852006618,0.207461464433677,0.0564620517451834,0.0933404213477476,0.0792000169459461,0.0439513327551883
11524,13125,0.0315926564148772,0.140207616768471,0.0642755441047072,0.141442822044507,0.0478015626031387,0.0445141629931158,0.0767899631151971,0.144260348724663,0.058749319451438,0.0275803452711066,0.125166105813433,0.0976195526953453
9434,7584,0.0187110328249734,0.00504780602250301,0.0233940410410202,0.00946907655678059,0.0252200705702389,0.262477494313414,0.0184361219240884,0.380556108019527,0.0382907923354327,0.0970926257903832,0.0636831781787278,0.0576216524229102
12628,11194,0.0305923206759933,0.0025163794856711,0.0513185308987972,0.0225669589589923,0.0686874667441845,0.163288832759581,0.0401354959929791,0.389567834444786,0.04774370201899,0.0436724539760254,0.0492422077682743,0.0906678162757259
10684,8787,0.0243545854904361,0.0045095999958684,0.068690661634279,0.0138674452296992,0.0937945419533861,0.239574596732834,0.00817634679948502,0.318298369138804,0.0491381346975895,0.0940403464558898,0.0741909213326625,0.0113644505390663
13738,11674,0.102627531569661,0.00555639290631487,0.0708347516098512,0.029378228315067,0.0771164299268633,0.16486409798847,0.0308466932377947,0.215798598628803,0.00830347092045568,0.155262300935597,0.0700620593233877,0.0693494446377345
11664,13848,0.0188142885894991,0.0588692319473885,0.0391978853168982,0.313440797256951,0.00305843182424306,0.0109687182879868,0.333888838691349,0.049805081874619,0.0632096244554943,0.012937771938995,0.0796398202995158,0.0161695095170602
15272,16733,0.0447160971521559,0.000182650100154599,0.171084918515373,0.0394512320659347,0.0565779170706772,0.0958008521748465,0.057935047090435,0.244485619994343,0.103084644379984,0.0987857520087718,0.0851119186134665,0.00278335083385765
10833,14332,0.0161791062520008,0.162712811525443,0.0200081620196833,0.461593002224208,0.00997192081783488,0.0219020272860567,0.0114169803259924,0.0587199551867588,0.042780394318176,0.0221352386193076,0.052266886344796,0.120313515079742
9453,16745,0.00816769154856683,0.00898121462638667,0.0542511294634714,0.0094056829388615,0.0423028660160022,0.0850945317915842,0.019188757385264,0.318690699243718,0.0895997974820026,0.141985560359052,0.16700105114917,0.0553310179959217
14839,8296,0.02167258909277,0.00308268702356631,0.0709316740874446,0.0144319364224916,0.123803838602947,0.208286034245688,0.0204189527112172,0.297542604743456,0.0559935640780576,0.108435751035266,0.0283494148959331,0.0470509530611615
12350,10712,0.0242068328044938,0.00789882836963874,0.081684953507808,0.0121487382215732,0.146110585980418,0.222450791586667,0.0128985788971522,0.260680075443758,0.0765568324736309,0.0800783084405829,0.0502826036472664,0.0250028706270106
16643,9498,0.0694992634680216,0.00923843793368557,0.120042313731598,0.0514476163049889,0.0433410368446645,0.168436024125453,0.0314457057381789,0.262075753103097,0.0571212337845109,0.108073427755731,0.021278549020683,0.0580006381893873
17349,16006,0.0399405760128033,0.00424919079234555,0.0460430344316704,0.0123198616761316,0.0950060775843886,0.244794332452303,0.0545367789319089,0.208746395338686,0.118629400945069,0.0792996064469404,0.0512519058539705,0.0451828395337836
17473,8532,0.0135479611615127,0.00735882030013587,0.0566389082018242,0.00473370486121704,0.0514832238763774,0.180083522384817,0.204454229807536,0.153742619890821,0.167851421062436,0.0991966741180019,0.0590763470855445,0.00183256724977579
9443,11923,0.0167297377802694,0.00437163909939469,0.0398628765970961,0.00880660005131606,0.111746115094636,0.136532989836136,0.0112831015190051,0.450113390753935,0.0429430072549566,0.0596589368463172,0.057232210193671,0.0607193949732668
12483,7578,0.0234972467104089,0.0218894407002404,0.0788495471784548,0.0376199737019345,0.0850937336765312,0.147301112551365,0.073288602407315,0.230163686704745,0.0655319965307653,0.0996934691395793,0.110814548147754,0.0262566425509066
9450,15299,0.0657387085224007,0.0338327489769599,0.0287827839359564,0.019675011158348,0.135773294995154,0.13567570007414,0.0116520768410278,0.179895541282216,0.0724473837282157,0.116777282886234,0.168256300178415,0.0314931674209337
12362,16498,0.019488804095711,0.00463230138890041,0.0462177586954402,0.0392213295144732,0.0608878953329113,0.125082170823511,0.0447823756836935,0.192287763165043,0.145054418808053,0.137374084573605,0.143967130936854,0.0410039669818044
16095,12392,0.0697478788216075,0.000912209511687239,0.08632048477807,0.0132419296772382,0.122617249015247,0.15024750018583,0.0236087885173379,0.255590571782992,0.0470565013081992,0.148872944414667,0.0536171524801622,0.0281667895069622
15823,15286,0.0586294155302965,0.0165989566745164,0.122510770858406,0.062364459393214,0.0343569842453655,0.160865768650678,0.0363113110643375,0.142292692758361,0.0501227730145388,0.122900740247941,0.102358408289765,0.0906877192725809
8197,12649,0.037823299196978,0.00341716276752073,0.0485521368374335,0.0072521001429992,0.130638548443275,0.243883069346333,0.0123315481953959,0.200494582214295,0.0139297112783369,0.160339726388921,0.10608759256269,0.0352505226258221
15822,14321,0.01626583975296,0.0199854560098953,0.131982765699963,0.0879599520431236,0.1535201425956,0.0614725008677578,0.0496950887008355,0.0881378435665153,0.197091724041387,0.0608557576583953,0.0332322582055338,0.0998006708580338
15250,5643,0.0130611519912969,0.00596635292340918,0.0137180857849195,0.00937925556600623,0.0671000367946882,0.445179423304436,0.00819259245037691,0.248513067609543,0.0362697180926567,0.113760631823259,0.0344825357997114,0.00437714785969691
11510,6374,0.0369473220377636,0.0056740090126566,0.0670025372930625,0.0146523362546617,0.0378239716801219,0.203435607468395,0.0171137073173915,0.332669733820661,0.0390111680546291,0.121575709164341,0.0989811877659768,0.0251127101303388
7922,13614,0.000676863060794065,0.00578954539045919,0.0126353819653142,0.00728560493700252,0.00358222113714482,0.0366889198159383,0.80127611613355,0.0158479685962809,0.0230344240082471,0.0590129888735373,0.0243531575137544,0.00981680856797769
14146,8056,0.0247235736296819,0.0183471802831148,0.0351312776354187,0.0266665223137356,0.139867625546863,0.315269943270254,0.0150168132284315,0.214010558929809,0.0277026050534701,0.147265252050888,0.0167386382589705,0.0192600097993623
9153,5656,0.0194652992417438,0.00347733244123405,0.0280145740423491,0.00686143429623595,0.0515080588992206,0.250708352337982,0.0352517506974174,0.391137814884699,0.0510981453538998,0.0892951556753194,0.0563127764719264,0.0168693056579727
15531,7571,0.0442410849002001,0.00452208123329819,0.0495546536612107,0.012993561413783,0.0176283502565726,0.161978577941175,0.109906068523517,0.272758988039183,0.059470813411627,0.148208459073268,0.0947912931850236,0.0239460683611419
16796,16489,0.0085947560645516,0.0128609607814633,0.0305944859882699,0.016726210970909,0.149101069335222,0.258690911671792,0.00702138617454758,0.233049792681202,0.075301035058844,0.0987093557144424,0.068842865801338,0.0405071697574191
17617,11666,0.0227170401747962,0.0063486560286365,0.0306098112502685,0.0119731146178965,0.0464010970998534,0.143033071476432,0.0217801172530957,0.384538799122919,0.126727356865088,0.135574978878519,0.0432324500723417,0.0270635071601542
9442,11441,0.0175695880506822,0.00880456113015529,0.0698821872234841,0.0158812338961416,0.158387361439567,0.136814081408191,0.0139309617569681,0.269290509202921,0.0423602594935905,0.149335737718494,0.0361879685767187,0.0815555501030858
14439,15771,0.0726969775755359,0.0282358608713875,0.0762028708612459,0.0488479450617822,0.0812204312039617,0.169831551692475,0.0443115621646135,0.145319977836953,0.0770843728998472,0.136413346159829,0.0820590976073201,0.0377760060650486
10966,11197,0.0337178807123513,0.00353271234423021,0.0377580400635908,0.0336350279508865,0.0849817399496185,0.0925190485728726,0.0225019380071657,0.269838123359906,0.152257298349449,0.13382535838252,0.0581806916904526,0.0772521406169563
10272,10957,0.0353921986528383,0.0114915993771012,0.0740628466926766,0.0114567806709594,0.101173295719892,0.110653701278947,0.029972926261733,0.338509082231927,0.0174864171106486,0.133088154430161,0.0794414984334725,0.0572714991396436
11113,15777,0.0237240909212068,0.0293452039730075,0.0576692788814939,0.0855468510759038,0.0359609375148049,0.0744307583718442,0.110951832523678,0.237363558825869,0.0496970256285846,0.096826481372947,0.150833865652546,0.0476501152581153
14160,14807,0.0352958410194568,0.0352880737001639,0.142703150108382,0.156348975540289,0.023145775588289,0.0724431725503994,0.111303716993509,0.139369061659035,0.0373390050364401,0.0593126073318155,0.0873122300103275,0.100138390461893
9723,13369,0.0105761240294426,0.00225884043906595,0.164672260987057,0.0212352362113789,0.100166983877494,0.124848659319438,0.0167642535424175,0.225876475125281,0.121804771714315,0.162906164001324,0.0405278715094639,0.00836235924332251
11644,4204,0.00977828174283932,0.00808415131816885,0.0253993755237552,0.0100122974919675,0.0628443267351067,0.176562115762617,0.0126361560402514,0.416014718285701,0.00492377811036829,0.117921251447655,0.0751035827368097,0.0807199648047598
15551,17697,0.0588101691386616,0.081717947962046,0.104737095648071,0.11452017492848,0.0105238304669091,0.0674936048280534,0.109621776450998,0.122443076861825,0.0661931637092672,0.101187694277003,0.11817199664013,0.0445794690885557
16089,9499,0.0303865034256855,0.0334662830705805,0.0673898358800741,0.0499064238394763,0.0468854248405832,0.141757781586557,0.0522028764328074,0.326912723355122,0.0338625985873018,0.0697035483166058,0.0894142404277769,0.0581117602374293
11662,12883,0.0408410316178235,0.00639161475736069,0.086038740901782,0.0592905287807675,0.0925802444338874,0.108478818484755,0.01990185785887,0.216497875749534,0.0866977719309846,0.0638505737811451,0.157585253716118,0.0618456879869721
10559,15779,0.00958358739484578,0.0050101523890717,0.0756513416850697,0.0258580205958539,0.118799573055155,0.175189085633899,0.0388375813631324,0.258481301662297,0.0579915213433287,0.129837897058888,0.0800960930335026,0.0246638447849563
12218,13847,0.0294526857541982,0.0377335090243549,0.0440119258901359,0.0585967386233049,0.161494730775227,0.116007613011353,0.0115946108415137,0.180286173444231,0.0842161710234731,0.104407397713513,0.131932312610946,0.04026613128775
11252,15536,0.0175374084957864,0.0378772720397363,0.0642324258517156,0.14640148054206,0.110676055685212,0.166362943964041,0.0471886214308058,0.0921855602130469,0.0716582989294357,0.0875596217566447,0.123437917361127,0.0348823937303881
10400,5412,0.060085353132039,0.00328826670187443,0.0353188193883631,0.0141364378929103,0.133346325729921,0.14775544054723,0.012366405408537,0.410123817408378,0.0319496840294036,0.0827017657368795,0.0302621629992596,0.038665521025205
9590,16022,0.00744520369619608,0.00371967809080575,0.0518445211528408,0.00744436853177727,0.157418065653405,0.0897069892566839,0.0713226821970805,0.192560289050178,0.0487796158227518,0.113310151197395,0.161689021201994,0.0947594141488924
9991,9029,0.0206842574399528,0.0161529918147972,0.11969145195277,0.056674236971044,0.0563910033833034,0.161849820139535,0.064066305783368,0.228577756510855,0.0663892798928297,0.0844864201038934,0.088374043834687,0.0366624321729638
10137,12645,0.0206099029325285,0.00436248401916969,0.0388063493968783,0.0147701813703022,0.22139250269569,0.0922085386276432,0.0101502481113,0.385040920493006,0.0447457954087104,0.093294188586428,0.0235125056169219,0.051106382741422
11799,12160,0.0184614524592341,0.00619624205813479,0.0252098017397094,0.0052214165450564,0.100241812774627,0.137851764681172,0.0134977435668341,0.326398176464413,0.0434144699916888,0.0746141593816984,0.140289668825976,0.108603291511456
8054,9997,0.0309478039467456,0.00149850238937309,0.0709153543244906,0.0171301389959519,0.039101088997767,0.153554277401307,0.0257984752416228,0.420186663607231,0.0349307889843455,0.10471584891292,0.0462311591740538,0.0549898980241915
7499,9999,0.00666029367535683,0.0019055742541105,0.0528244211452388,0.0192242380202696,0.00846999348073823,0.15563347556912,0.320346913526736,0.160976404634069,0.0781256009305502,0.12078643436092,0.060075627054249,0.0149710233486433
9719,11441,0.00401930372053325,0.00403382048678369,0.0103520134330195,0.00145439486380894,0.114222943954789,0.289321062020779,0.00198506029014538,0.263516071940245,0.107970842543581,0.173749435680361,0.0158151574642229,0.0135598936017322
10689,11198,0.0525136251175338,0.00477975036483409,0.109518495915052,0.0242553089769261,0.135429095858368,0.140438097586639,0.0855192053269964,0.206929481159132,0.0308737227962682,0.0762049703656767,0.104286338234776,0.029251908297799
10834,14814,0.00717980991020639,0.113428229961043,0.00715769201510796,0.654211849041943,0.00270386703066316,0.0138839751562981,0.0145354563551813,0.0630061953837567,0.0185580778427279,0.00735741255168967,0.094023450205653,0.00395398454573014
17059,9738,0.0496920576785768,0.00836117556788166,0.0630449010380196,0.0184942305208524,0.0774622017021539,0.152266667478383,0.0379139146475252,0.331217122174543,0.0388620813338711,0.136419754875115,0.0574646125379802,0.0288012804450982
14143,6610,0.0249815165533956,0.00641569725907737,0.0460402218605952,0.0148129441027092,0.0590325080862125,0.288103669049116,0.0557086963262936,0.31698422920026,0.0122040636104898,0.0874649229059954,0.0667708500068813,0.0214806810389734
16935,16730,0.00456247445357618,0.00142569654505212,0.0281991135359748,0.0404451063249026,0.0863245781051185,0.111768341551335,0.205198894939015,0.229301648317707,0.123871505914143,0.0883872481082659,0.0400084143405148,0.0405069778643955
8482,16506,0.00562977739874909,0.00173844751693808,0.0320487572654779,0.0124860786666802,0.0256964481843357,0.200390221069996,0.309300726652799,0.200897562237186,0.0808849502397946,0.0542178744447698,0.0350840576260929,0.0416250986971816
9173,15299,0.0780548343257339,0.00428687945517013,0.0326923748282643,0.0362975495657171,0.0580063419308983,0.185168184035111,0.0279090891363778,0.201786550151762,0.0734430541453676,0.106037788233392,0.10729125039113,0.089026103801076
13866,6610,0.0136635090358051,0.00861450964103824,0.0446672936509026,0.0135583188957724,0.0321235655039876,0.361821081098466,0.0707792997646157,0.314980828660796,0.00706566894220319,0.0542617896809293,0.043539722783159,0.0349244123423256
9035,15541,0.0107149792854904,0.00471104411681498,0.0665211364770125,0.0805494234513935,0.0541107269634028,0.0729168187216727,0.318895302527363,0.103305043091579,0.0883465743652287,0.098493964194856,0.0764233813687361,0.0250116054364503
8757,15059,0.0601377113697649,0.0148749187665211,0.121048053361437,0.061051749706166,0.168058542293039,0.111455130876224,0.0523228146279407,0.127863947996894,0.0790784177097135,0.0970716207884149,0.0645108222225454,0.0425262702813398
14705,10466,0.0417537725357896,0.0441465957885305,0.105740204698617,0.0352300299037105,0.110937404826248,0.115174240964721,0.0603485772316674,0.142429547089556,0.0922769093726248,0.100170897928134,0.13750690745689,0.01428491220351
15949,8776,0.0276409761040556,0.00177730108076142,0.0542732619751048,0.0299672626806369,0.125286846661987,0.203339928108681,0.0137507744303826,0.317800082262284,0.0476034049669547,0.115424707335705,0.0342329248772463,0.0289025295162007
13871,9021,0.0331945903106056,0.00865035369299963,0.062917660291197,0.013649396815888,0.0515387344752512,0.269295988656313,0.0511749749810305,0.297495136461353,0.0367954398149881,0.0887314330525995,0.0484864565521549,0.038069834895619
16519,16490,0.0267107644677559,0.0128016640356405,0.05060589428286,0.0189919315036536,0.096122712294883,0.18600054750283,0.0102860942874189,0.232096166721962,0.101558126223167,0.107087193389415,0.114148860840182,0.0435900444502328
13168,3960,0.150521348375136,0.0260198653656093,0.0492534237463512,0.0181293708030463,0.0488002760794436,0.26325875232814,0.0359543492292793,0.219487864365779,0.0222640600025956,0.082522358340402,0.0749552258757691,0.00883310548844823
12778,16739,0.0537026588974711,0.00743509488217504,0.0671388104308045,0.037560093271616,0.0422944688975904,0.166817552470949,0.0574297235749757,0.283530329169592,0.0442918194512097,0.0883594296117425,0.0893916747056742,0.0620483446362006
15119,9260,0.106550518585154,0.00914636910581122,0.0419433503321082,0.0332386292856424,0.0526713905966025,0.17211132806939,0.0189785334155027,0.301396550840019,0.00696730022277875,0.105714379213018,0.0317154468351709,0.119566203498802
17061,10703,0.0313668269719916,0.0383891144405644,0.134375747821201,0.0352588621269589,0.0581153665524072,0.204331553886055,0.0268736322228668,0.206803784997819,0.0796344633927908,0.0617688418372569,0.0773926239684468,0.0456891817816418
9983,4690,0.0341685977851755,0.00529319400240755,0.0250901018125951,0.0092728567422774,0.0950750112182694,0.112821907612738,0.0134469094099776,0.392012452649032,0.0257429441825764,0.121976114042889,0.0846764342939099,0.0804234762481522
15961,14562,0.028710644905794,0.00569748662368917,0.0466933112551727,0.0185941737388841,0.0201578500875264,0.10113274448862,0.0421374493504256,0.191476652160083,0.155537948490438,0.0908149641505414,0.233907104061789,0.0651396706870377
10268,8546,0.0303819491011227,0.0105279315439569,0.0632450122416082,0.0298482860241017,0.0431092438560273,0.18567718433012,0.0599232496495789,0.351059682888981,0.0192726528886845,0.0937057247913587,0.0295508600857065,0.0836982225987541
10000,13369,0.0119423187047411,0.0143894363660502,0.0639946016253676,0.285992084755722,0.0187085448089612,0.0432006498047881,0.215337111488533,0.179292870836396,0.0346225201730574,0.0556729554127149,0.0691375180769587,0.00770938794670932
12614,3961,0.0540117787013313,0.00530660665159488,0.023344827038122,0.0021369111972744,0.0389465512586694,0.235505577487108,0.00959477597444842,0.475766898789702,0.00135287989845972,0.108918475597156,0.0327459518201464,0.0123687655859871
16102,15767,0.0149181943540338,0.00543192324822254,0.111016120238199,0.0489174648279444,0.0614139727049307,0.152283899717602,0.0297027832147384,0.225615090262566,0.146600993770016,0.0746954307708444,0.0862842194806526,0.0431199074102512
14985,11912,0.056192128543298,0.0228172896546064,0.151107738179428,0.143124258784021,0.0368134964086464,0.118151063832075,0.10891863815326,0.159462108639902,0.00774068615626576,0.0746603965878741,0.0964044102983634,0.0246077847622607
14426,9502,0.0944821146888626,0.00605606343982975,0.0483217078174422,0.0191691595397698,0.0942343843891162,0.0949765556442611,0.0289586723468643,0.314369767649502,0.0618440413664802,0.125834911454555,0.0617991432090864,0.0499534784542307
17757,12389,0.074183079252333,0.00891906082369377,0.0800820406970293,0.0421728647326303,0.0445012400745525,0.0937677229483751,0.172079115954065,0.144808710938082,0.140785479365755,0.0679655407159101,0.0907870889861443,0.0399480555114294
13327,14326,0.0142688347816434,0.016333416925354,0.0492789863551092,0.0308871146463807,0.0636339057694482,0.23952034837525,0.1645983898529,0.166069222875211,0.0423509989849425,0.102303433959247,0.101442978798945,0.00931236867556837
12073,10713,0.0377541643690553,0.00374973013200473,0.0802473797729878,0.0125661950401945,0.123186481290787,0.135741422417947,0.0216520202639402,0.416331863082362,0.0438190580872611,0.0558213724633262,0.0424851551971275,0.0266451578830071
10545,8546,0.0260455440234263,0.00575817913832593,0.0647409734315995,0.00695562187174248,0.076613359853701,0.12736931068175,0.00897788460389181,0.424898885904688,0.074478931472323,0.0905647845208647,0.0693953585058271,0.0242011659918597
9724,13852,0.0346781081335071,0.00493239681965378,0.0291401107441738,0.0163991204607738,0.15434563168722,0.156427884202629,0.0129714653875445,0.334850373931119,0.0752311665388939,0.100604922487606,0.0473856026535473,0.0330332169533326
9313,16022,0.0379977246818573,0.00310744969685741,0.0789927953132909,0.0156044556277875,0.0374456874672017,0.11886952952794,0.12657616254033,0.209596400353316,0.109463493538815,0.092400829308812,0.154978267509045,0.0149672044347478
10693,13609,0.0370685881899974,0.000363069481457189,0.183233163580636,0.0407175056654102,0.142723866775275,0.0755629386379226,0.0156383869370314,0.235122419590792,0.102118383189136,0.0349924156621021,0.0249371684612081,0.107522093829032
14421,7092,0.0409457693492618,0.0072561535097238,0.180551245929075,0.0342756684946713,0.0554020683164324,0.145984533098839,0.0368072819211228,0.176382686332085,0.0687435785144394,0.0887437144195629,0.0642487302205341,0.100658569894252
15952,10223,0.00373767327968363,1.26883488144556e-05,0.14617097052578,0.0337071485148915,0.257372131957518,0.0376933063597679,0.0222398695970318,0.0507252442068014,0.18134907251574,0.0345366874410807,0.00596023620081023,0.22649497105208
10126,6859,0.0245930993915335,0.00222383161846082,0.0412355233158736,0.0150529298499922,0.0311786136948969,0.388062040439567,0.0113962117020004,0.258541908529167,0.0285924966739461,0.114367856948695,0.0591625689517272,0.0255929188841407
16504,9257,0.0513327891945957,0.00596563138173349,0.135811480777346,0.0387451286024056,0.0445861445526314,0.228419868139232,0.0347392721553373,0.267042193990414,0.0265932372405758,0.086748802593748,0.0674590820334496,0.0125563693385318
13608,16255,0.032247702677019,0.00527185164061203,0.118270032830564,0.0354339860441282,0.0501353390805143,0.120632440172352,0.0573235562603775,0.219140575186723,0.141380293951353,0.0938475926446947,0.0804043850608064,0.0459122444508563
14568,11190,0.0512026179663677,0.0309217232230446,0.0531721035956132,0.0439854576220196,0.128030414819445,0.176578679014161,0.0319855849735763,0.176592760992418,0.0256207159769485,0.129859772810758,0.11948004744701,0.0325701215586378
10975,16019,0.0169187886085617,0.0113414289187297,0.0783770190872753,0.03287034994027,0.067440571324184,0.245677932822825,0.0248319229545854,0.229925374638788,0.0947636045344856,0.108857046233029,0.0722685510957238,0.0167274098415424
11933,9990,0.0279496079667338,0.00891820208842385,0.0816542668950337,0.0189987646751292,0.157196710473746,0.159468029209724,0.00635735861269747,0.357776972594629,0.0489858437879895,0.0730662927392853,0.0313836585417708,0.0282442924148374
8620,16265,0.0328178265766203,0.00159640505328621,0.107937383529788,0.00547173128029377,0.0442215304819681,0.171300685799851,0.0276575362362932,0.391764029821085,0.0575179806119011,0.0800755906906239,0.067677545381265,0.0119617545370245
9316,17469,0.00860453640366047,0.00290778052235632,0.122968785291252,0.0206928941286058,0.0782573383027735,0.0950864472208904,0.19480281510571,0.151578865265049,0.14043829190782,0.104681481713531,0.0536129720034784,0.0263677921348742
9995,10958,0.0313073268373858,0.00170634081004188,0.098418818600261,0.0118704057644669,0.0608254866266802,0.242264715508751,0.0684064490602792,0.252179633142242,0.0237245895216804,0.0740224535209176,0.0879556800239181,0.0473181005833759
15958,13116,0.0435692500577085,0.0121869686202207,0.0617880397861684,0.0052587601502916,0.0996942881868865,0.246349692498631,0.0202673987448555,0.178321589650887,0.0678142057831402,0.0810211768546317,0.144174224818152,0.0395544048484266
9853,9271,0.011714029451888,0.0102299198023377,0.0863621112006077,0.0285228745510146,0.0656718030884192,0.189520120391237,0.0164223066772674,0.299104770813881,0.0234914614989621,0.0889324204273676,0.142693546972154,0.0373346351248639
14000,4440,0.0090203222750255,0.00217949421490297,0.0833688966371226,0.00997563861362123,0.0160257707884593,0.334560322975564,0.06339883441063,0.257335735849078,0.104748630261926,0.0997372920014904,0.0155245981178279,0.00412446385435252
10537,4688,0.0132214074100589,0.00373952137437317,0.0547773011009835,0.0191679252501489,0.0712443457614632,0.157018670311149,0.012824730368397,0.383169626623318,0.0491192771490829,0.105341544365082,0.077567273651387,0.0528083766345561
8739,6380,0.06927274617702,0.0081658067652954,0.0558079859466445,0.0115867912417683,0.0734342851652239,0.154671416434321,0.0229857441116892,0.364784555898132,0.0604988608073901,0.0908061870056411,0.0784408155576972,0.00954480488917718
10971,13608,0.0129779037069396,0.132519548626455,0.0580240289817649,0.317516850198712,0.015895840096982,0.0261682334638124,0.136280309210321,0.108011573314371,0.0418050094223228,0.0125742472983145,0.0906100939100433,0.047616361769961
12084,16017,0.0507665944618661,0.010109122573291,0.117710031128776,0.0623519902679163,0.0904121288377444,0.0759474727401424,0.04076206479101,0.237785020114771,0.0574411006702592,0.0625309449008608,0.0805172410544183,0.113666288458944
9038,16987,0.0831093284619645,0.0076927692256644,0.114753194309947,0.00667242532510073,0.0321865232210819,0.0937659831130185,0.019346337957111,0.354958958889177,0.0985268511431575,0.0565717396350638,0.113742260734145,0.0186736279845692
16785,11185,0.0499872840722143,0.0345898871661801,0.0839567285641328,0.0505071586839082,0.0860773410320493,0.171264556495134,0.0678741686843866,0.196252253554942,0.0240104658509192,0.108148866758142,0.0730337566736635,0.0542975324643284
16229,10222,0.032500021942219,0.00197703697991958,0.0824775325467775,0.0337380848236145,0.179236957069249,0.223193336861924,0.0155102719865814,0.139619822858085,0.0812826769597936,0.119563635678713,0.00996070725387564,0.0809399150392476
16500,7328,0.0360870925887119,0.00929098510992898,0.0641181588910633,0.0262987265642764,0.0866225998447318,0.156000849369922,0.0523275473561576,0.254009037041378,0.0303706847961455,0.177159382172793,0.089437349112077,0.0182775871528144
13606,14808,0.01197299646538,0.0182227086809114,0.0851899347561935,0.0984383164078216,0.0678232549630143,0.124704023590332,0.19296867099403,0.11422274108869,0.0478256340321863,0.0668632416473535,0.126792064892271,0.0449764124818166
9847,5895,0.0856836916286305,0.00830049934913979,0.0452722294295572,0.00600281620016553,0.0572744881874516,0.106270407867049,0.017169674448482,0.381193467454518,0.0156893592864689,0.125531913537259,0.128723656232114,0.0228877963791635
10005,15780,0.0259083293377651,0.000586325420371506,0.0918633381885785,0.0147912820966686,0.0585947154657346,0.116069025430248,0.0940475062089756,0.268440349299405,0.0812385606202302,0.105275158228142,0.10668544070922,0.0364999689946613
10122,4930,0.0411620170379419,0.006208219991218,0.0315856166921338,0.0231433900535098,0.0459523920185582,0.176174955170522,0.0196530656433142,0.353784124662844,0.0273545376002938,0.111226242627918,0.0878016755768274,0.0759537629249188
14837,6850,0.0623423447590673,0.00631388749367561,0.0550643932124709,0.0532758028798721,0.0385050613337756,0.219428752516513,0.00796956451951035,0.322462230350632,0.0386953575040235,0.106826602975345,0.0556991681894849,0.0334168342656288
9433,7102,0.107625168798489,0.00891792840483851,0.0271300460794734,0.0202896958735645,0.104815707248726,0.173325648888294,0.00707835785802608,0.374938319886223,0.00799124030804003,0.0667048523057366,0.0663941127123402,0.0347889216362485
10967,11679,0.0335154426956148,0.0100357508196085,0.0346254384909573,0.00933031983242801,0.143974772155584,0.138398289959004,0.0173935614586619,0.262946642024478,0.103638554976779,0.110648267771799,0.073966044597716,0.0615269152173702
15131,15528,0.0637105001222558,0.0384579008221331,0.0523379756832189,0.0529247179195734,0.0816210969899882,0.171183191224807,0.0379727424471078,0.252971898038364,0.102009489193522,0.0831157463798058,0.0516066177391989,0.0120881234400252
11097,7580,0.0637524542407487,0.018285366082018,0.0391351774565693,0.0137670183976966,0.116783434706205,0.117473732922744,0.0442034675868944,0.227744662223105,0.102955528907655,0.0982779960810027,0.12344976294552,0.0341713984498415
10128,7823,0.132860834821169,0.0339484601378655,0.0981155271615205,0.0207034679907213,0.0617206690489314,0.215038378939121,0.0586166866417974,0.169841744751786,0.0584812706753728,0.058135467468396,0.0729871697629058,0.0195503226004132
10410,10234,0.0309431901868801,0.00577823692729008,0.07296149721294,0.00911911638237381,0.144649939872936,0.180550943948085,0.00983864391235996,0.276001490617147,0.0664098742708759,0.13417546682331,0.0515521506273681,0.0180194492184338
10685,9269,0.0360891618568705,0.00356657367763905,0.0444542451185225,0.00757166114428929,0.0743082601786909,0.214631440588413,0.0761319290870867,0.312616345820475,0.0386461814411513,0.112026881923062,0.0761727307284029,0.00378458843539676
10687,10233,0.0295548483692048,0.0013963072617609,0.0812697814244142,0.01713913809444,0.122144143053999,0.0956133259071027,0.0155615414334464,0.394316929020501,0.0655861204754862,0.0892206295794272,0.0664933340652122,0.021703901315005
17201,11426,0.0180741814453587,0.0106453691279127,0.0772971509674386,0.0346879753740263,0.127292234051794,0.152095559473787,0.0390166014172715,0.2278921201807,0.0875065317626844,0.148459600736993,0.0626403665542691,0.0143923089077643
15390,6366,0.0611428956075271,0.00823357917405303,0.0544183565015466,0.0177868378743713,0.0790129001268365,0.249802891962905,0.0246519291835856,0.311418398221171,0.026393321784209,0.0792579629013617,0.0624922486567386,0.0253886780056941
14009,8780,0.0799232370505474,0.0138860922487611,0.0742737349478502,0.022741433513551,0.0689090143263369,0.0740947686655575,0.0322670667966963,0.267567519974235,0.0412362068080049,0.155458092639006,0.110053829834182,0.0595890031952724
8896,15300,0.0651349684938649,0.0101666700515793,0.0673060221641432,0.0528145319531533,0.0820239108936178,0.173732428338285,0.010094814906104,0.181549300448122,0.0670817754820705,0.126135982537556,0.0852248966384146,0.0787346980930891
15953,10705,0.0588863061949526,0.0039186171022717,0.0743839100949192,0.0575494871015434,0.200313368837074,0.184350352910934,0.0104563258500838,0.180671723106415,0.0222449819067955,0.0754991619332704,0.0181601934838332,0.113565571477907
12903,9747,0.0219491534352244,0.00447671133493371,0.0194524249308608,0.0190506311209791,0.0800921503252774,0.268455854860589,0.0084787369417931,0.273516639963235,0.117761074951771,0.144024125349099,0.014746230983846,0.0279962658023918
10554,13368,0.0470558782571652,0.141564606937098,0.0340489263641954,0.37209735146134,0.0466070860691141,0.0345480263168954,0.0194000574668314,0.0626709434935268,0.0333249605113064,0.0318885248698189,0.132992213062519,0.043801425190189
14575,14565,0.0118374085961338,0.0136794476612128,0.0248881672062891,0.0607634297798282,0.138650481685299,0.187783060164927,0.0131070337528422,0.243941366999873,0.0948121248102958,0.0464579080114614,0.0543965454743748,0.109683025857463
11517,9749,0.0535918359560132,0.0120696077528261,0.0444581954290888,0.0200406825767365,0.112530661455313,0.111038718200312,0.0210729444974345,0.356178996247377,0.026525586508153,0.0823831327324518,0.0680056287459091,0.0921040098983855
10678,5894,0.0409714644481034,0.0186080537931692,0.0319778537203716,0.0118506020786762,0.144750268304246,0.186725342980439,0.0128872543527342,0.273454129934599,0.0374302380525044,0.12770593115908,0.0826517622813029,0.0309870988947745
13448,5406,0.012902370993756,0.0050310460639714,0.0250244697263949,0.0305808590466257,0.0951109110366199,0.292935025307779,0.00934607020720372,0.201032893118553,0.0255884224582344,0.167130174075601,0.0790188973099581,0.0562988606553029
9018,7344,0.0692437630678067,0.0162557359237888,0.0963204438288547,0.0177304999513363,0.132275264363371,0.147257727844438,0.0626114119097693,0.191872330524345,0.0687760594928203,0.0871929193013317,0.0892171540974583,0.0212466896946802
10958,7340,0.0231719865439831,0.00963893389163443,0.0479148770450361,0.0125890596698554,0.0983927327003921,0.179522996843594,0.0350987719407445,0.369726724276334,0.0310114541167367,0.0734482900463433,0.0440573360548286,0.0754268368705183
11654,9026,0.0344572739288027,0.0222517362329739,0.039538627677833,0.0301661440958531,0.120075064927966,0.167178150807784,0.0434481241337473,0.237344402733878,0.0978832810897969,0.124919500953134,0.0561993124273188,0.0265383809909123
12361,16016,0.0499532536257399,0.0259697478013051,0.0533491056710266,0.0218155465763326,0.0449909934698785,0.248170704911664,0.0595325534960493,0.235981262509011,0.069962534536052,0.0866960900685451,0.0815714230529007,0.0220067842814954
8758,15541,0.0633570780144109,0.0128900852214688,0.0974953182368577,0.0192010896644407,0.109297482791196,0.0448130367983007,0.0162761808295182,0.203836130813468,0.119979469493758,0.0753381391172858,0.180929150264057,0.0565868387552388
9711,7583,0.144005008152869,0.0290090319964284,0.0390208018387197,0.0166789041777293,0.0814598071336482,0.0843734926052944,0.0269221876998315,0.290942942835975,0.0419091786341593,0.0591212174776908,0.101394168275036,0.0851632591726173
10412,11680,0.0244607298119675,0.00339253724959378,0.0512527163304999,0.0182149150184578,0.134558602083487,0.178175702833272,0.0287853091015409,0.329666828396206,0.0399963416801288,0.0916888124867632,0.0629293346994059,0.0368781703086777
17624,15041,0.0157763588261761,0.00183195263078048,0.139215248914367,0.0139583385746841,0.0460061545632882,0.219902761744934,0.0329138580065521,0.15100506351773,0.133799391678886,0.0814884233025181,0.109322766084962,0.0547796821551221
17614,9737,0.0161408140022973,0.00759503149927444,0.0612200009215352,0.0165270041598825,0.0971192207128611,0.177194312172086,0.0535371872975679,0.244585359249795,0.0468510633089961,0.210854037728057,0.0609987012827557,0.00737726766489178
16927,12873,0.0397956469812252,0.0106015034978012,0.105016532341301,0.0358795379457089,0.0375953127359555,0.10881059004835,0.167441860461568,0.171519921371683,0.175215703412965,0.0573354198846711,0.0546260747571996,0.0361618965615713
11115,16742,0.0276542718165028,0.00421536379287502,0.0232128278896756,0.0133354302636398,0.113449131902461,0.142516324199883,0.0214402335453512,0.319614306117409,0.0866653828380216,0.108435163580414,0.0745943594161218,0.0648672046376454
15825,16250,0.0347813421373957,0.00312709092963205,0.120120002907184,0.0204443588672275,0.0441457640336891,0.160883118741901,0.0436131285441179,0.176177474453181,0.0535294378543158,0.0916916323931568,0.181537294876376,0.0699493542618228
9447,13852,0.0221983219614347,0.0145262572956965,0.0439015782486718,0.0245337406726854,0.11069860541159,0.117074108775246,0.020697750417211,0.341813533351547,0.0698018378260803,0.132778722533611,0.041239310778974,0.0607362327272519
9449,14816,0.0291413417915017,0.0104690987196027,0.0145707432772539,0.0116949507058983,0.0668617010288913,0.24482384770293,0.0128732142376081,0.363738332144481,0.0912338943309654,0.0997468540867906,0.0293858685768512,0.0254601533972258
13602,12879,0.0389774916672255,0.00754165598360624,0.0358041149222892,0.0123301183920129,0.164676419975124,0.098993373836968,0.0155145930735414,0.194092540650507,0.0698854012828741,0.095679133587859,0.21164462187284,0.054860534755153
9299,9272,0.0320281304525743,0.00551038721753836,0.066032822536994,0.0242131382239736,0.0580363489746212,0.266641483156077,0.0247046687120229,0.291899544136154,0.0136766938426808,0.110579264289768,0.0870996794772388,0.0195778389803578
10830,12403,0.0207680534047142,0.00462135972454547,0.0558325391791855,0.0252855786982935,0.152235386384878,0.178110275440957,0.00467284310639627,0.188290388618287,0.0791356745639305,0.0765198638715016,0.0521863195609137,0.162341717446397
15395,8777,0.0335355528610215,0.00691168270179695,0.0817185291580383,0.0249013893666716,0.068737005120353,0.107787968280279,0.0978399823308304,0.24180030445094,0.0725392696926401,0.0805350742250889,0.126827010826545,0.0568662309857957
9438,9512,0.0376725792612525,0.0122603186209737,0.0453495211896622,0.0160531791973959,0.0352375025476862,0.286339740594017,0.0187883791256303,0.306258250464238,0.0819396507262548,0.0571005815094778,0.0696155754221767,0.0333847213412347
8879,7103,0.0174183802352664,0.00533468222144659,0.0242111958629338,0.00759519242768727,0.140962233900248,0.269397763547204,0.00906240247464788,0.417910247329595,0.0379870800910598,0.0492703734504633,0.0127450490634725,0.00810539939597592
11242,10714,0.0549324604194121,0.0311675860516917,0.157341820478291,0.0679868077612432,0.0501109363082308,0.0637714679938305,0.079603076206935,0.237312958614738,0.0445112333807589,0.0772574588503866,0.104185086715,0.0318191072194825
15526,5161,0.0179358499006367,0.0115184405427387,0.0134520559442863,0.0149145577723541,0.0870775073489031,0.0994033278059583,0.0619918155175237,0.39451967458306,0.0580191375178515,0.119844087266294,0.0969345398767833,0.0243890059236102
17334,8773,0.0630737117008576,0.0152836189958392,0.0924703477769274,0.0117795553898585,0.0620616193714517,0.302624483595596,0.0478958350288289,0.194904381921285,0.0238049008505401,0.113822900647586,0.0432064763152135,0.0290721684060166
12632,13122,0.00576098171858699,0.00260703255981714,0.021722806723649,0.0180021793909003,0.154725417708065,0.0509244236566729,0.0222897840947395,0.306564013253074,0.0964075988471729,0.144759729116086,0.13075465843688,0.0454813744943559
12763,9024,0.00991456853540133,0.00856001577861831,0.0297055547114611,0.0104792265876515,0.124070252683019,0.180684445192323,0.00563684918155896,0.231704965696587,0.0574106147118864,0.163106260774228,0.163273930419195,0.0154533157280706
8343,16265,0.000701365720126077,0.00469167136837059,0.0537505026374194,0.0275523427693922,0.0749063207640516,0.0907067625682828,0.402216358265923,0.194365287725178,0.0438313748848723,0.0650325996600149,0.0341513331126678,0.00809408052370177
12623,8301,0.0168052774658201,0.00750333245888719,0.0144981181968205,0.0106108570728142,0.0803071832114745,0.226117789726684,0.00659682711547558,0.439190066023191,0.00583028217730413,0.122453613794369,0.0513921958652509,0.0186944568919091
8467,8791,0.0304400707326247,0.0167222479367502,0.0179200318352991,0.0151795943087583,0.131633905309336,0.310722985651172,0.0280745850286963,0.234452613749425,0.0248433190176158,0.104998917042259,0.0709850076671267,0.014026721720936
9306,12647,0.0335030184417009,0.00223809123396585,0.0339545587141715,0.00617575092057443,0.136263114322547,0.186900571798449,0.00555354516238962,0.373948968607077,0.0654619177771522,0.11397110085438,0.0308161216678082,0.0112132404997836
11254,16983,0.0221029695667101,0.00738069536684922,0.0359163580945456,0.00671477771318757,0.190446616908914,0.229273357539478,0.00570505783308342,0.17620941486571,0.0493994316067177,0.128191833657745,0.103275852511568,0.0453836343354911
12338,4444,0.0720045877132523,0.0130706409655026,0.0459242768892502,0.0185651391761741,0.040677909871826,0.222083727655789,0.0147465645648879,0.275951678114116,0.0965740468996954,0.102763262645675,0.0823845346953204,0.0152536308085122
14280,5886,0.0221572167000874,0.0040875840692391,0.0648468114126143,0.0207619370536865,0.0258211882919376,0.221713503761918,0.0529298592978753,0.438590839966737,0.0066601726719238,0.0951091469761559,0.034839323590614,0.0124824162072113
16367,9981,0.0522031072326402,0.0221764163275212,0.160556854037538,0.0608406448307464,0.0522604608154667,0.140324867602243,0.0634532913388335,0.153537368884757,0.0822545031351732,0.0648156483266487,0.0431976708308379,0.104379166637594
17900,14558,0.00956948518847455,0.00214806482649398,0.177102159490468,0.0137267277097493,0.0648317578414931,0.234254593950446,0.155680329145015,0.0759488487279183,0.0939227924536207,0.0883465859238578,0.0594767949816209,0.0249918597608421
15274,17698,0.0245750216865706,0.0127585329760821,0.0544744892078683,0.022886644264443,0.0604434107809109,0.257957717460792,0.018260071910714,0.128512896727092,0.0435533292322168,0.10748721342284,0.23594467965098,0.0331459926794909
8195,11203,0.0282788327371643,0.00579631076248401,0.0775978209614664,0.0134811599991573,0.0849545361627521,0.22843234587889,0.0321618324167952,0.258591131272531,0.0549784304621721,0.0896568017433331,0.0969634327394841,0.0291073648637713
13611,17701,0.0243089226518754,0.0390672533281866,0.0559275627980167,0.153306487655041,0.110768906792974,0.23251466914913,0.0127491233351534,0.111869798156318,0.0134135369010478,0.0964705427456524,0.075924711664889,0.0736784848217165
10007,16744,0.0215712080950661,0.00495109715575771,0.0681121596325495,0.0368822618227218,0.109856737719972,0.120165786359383,0.0200056411620447,0.331992577199691,0.0414545658973052,0.130642420159828,0.0568319086406517,0.0575336361550282
7635,8793,0.0315477683999864,0.00310987223385948,0.0225314745156489,0.0209140467217935,0.077069661537144,0.110015964033092,0.133620068258856,0.400482033125601,0.0405748718176995,0.0743673382696786,0.036451199032627,0.0493157020540127
10006,16262,0.0158267213854974,0.00658248859092825,0.0281387102572306,0.0121140963398779,0.0929340102695373,0.24134933283076,0.00380102495749848,0.23606457533835,0.0780997044242993,0.1422045122376,0.103292446949644,0.0395923764187757
13594,9022,0.00835157464173443,0.0296909534388137,0.0368813881488319,0.0427599268443711,0.158992103837251,0.277862991945687,0.0121864966536427,0.0964233130211347,0.103120461203456,0.181783967375899,0.0332363971646478,0.0187104257245314
12351,11194,0.0143887750084168,0.00120239000201418,0.0833473785220713,0.0123850660308103,0.0810133061251134,0.257498977227482,0.021890512891907,0.321746488661724,0.0366509242412528,0.0928611586078697,0.0247307737869724,0.052284248894367
10546,9028,0.0124610259908232,0.00157544720433568,0.0483372430051762,0.00866099754597279,0.0359322272822803,0.153723495897338,0.0408053792946866,0.40753153254144,0.026618064067842,0.107911192153952,0.0990662261416165,0.0573771688745371
11392,16259,0.0253905298770787,0.025206235570533,0.111716575501029,0.058471211694439,0.0916679608816819,0.21168874396257,0.0497957780998081,0.200985850112859,0.0506763018438136,0.0694785220831284,0.0767592760199244,0.0281630143531339
13167,3478,0.102754968869523,0.00929257072141173,0.0461426188416413,0.0164480570837901,0.0429503272517133,0.195661038536404,0.0254437114326237,0.273383484021768,0.0610349494545098,0.124932644920934,0.0761820699655836,0.0257735589000965
10959,7822,0.0407176556726313,0.00471143546666288,0.0189773686395504,0.0115045037412454,0.0935381446764808,0.242811168820269,0.00765801878612913,0.299615826498057,0.0628744736814731,0.0729171421835211,0.1037887231288,0.0408855387051801
17474,9014,0.0569062555958664,0.010861441111727,0.0576750410136568,0.0264578929995843,0.0312787176917948,0.11718105513205,0.0162451805252414,0.305936889778817,0.030487385829931,0.166386056970694,0.102475766516304,0.078108316834334
10409,9752,0.0182050307425276,0.0040649702627286,0.0302132561144936,0.00867676284317837,0.0618120546123505,0.22440749884927,0.0121949063450873,0.368769180607724,0.0230473634832558,0.096963311080731,0.105093516863217,0.046552148195436
9298,8789,0.0400961040652623,0.00937810235532622,0.0151995458734223,0.015464988245301,0.0763589799076516,0.117633489634144,0.0122718587769226,0.497896801623058,0.0342215092177274,0.105615739550319,0.0594796201427504,0.0163832606081147
12206,8060,0.0369296699283327,0.00328947009350916,0.194949592402766,0.0179159552367536,0.0783146764621357,0.105518201462744,0.0938004532364656,0.19506866701507,0.0423958957889383,0.100750685954337,0.0873062310827733,0.043760501336175
13036,7094,0.0144560328877867,0.00396668107197472,0.0203695173024776,0.00735379102422184,0.0854190066470097,0.22752868081102,0.0289785877659927,0.429426426477263,0.0115963931500334,0.108082746597483,0.0453136166263478,0.0175085196383899
13739,12156,0.044677110309297,0.0506418039713989,0.0674412968484067,0.0254456586849604,0.113082049594904,0.166663059693111,0.0666290950283229,0.227677643522868,0.0476680882728621,0.0780150013971495,0.0558027225838147,0.0562564700929042
14557,5886,0.0682375959769232,0.0239705977157654,0.0750884239549707,0.0403199241404465,0.027490823788952,0.107541946186186,0.0893556029454897,0.277953333053078,0.0788679570339036,0.105455489315928,0.0631097826308569,0.0426085232575006
11509,5892,0.0323412880588835,0.0412945444690762,0.15502232129112,0.0239387627201082,0.0828180357611264,0.0823787413690489,0.0367538105528557,0.312797073670542,0.0761453942080548,0.0919953463201951,0.0470085894524604,0.0175060921265283
13174,6853,0.0504430885744757,0.00690932708623922,0.0280156094479309,0.00477316918441584,0.0805826004411883,0.260120801209634,0.0201903416912281,0.381021168795669,0.0116571405965352,0.092193839251069,0.0451174187901498,0.0189754949314651
9988,7583,0.0289128928050664,0.00627050011890734,0.0457307841907376,0.0102732003607575,0.0913303555465481,0.152547912296484,0.0720035561970682,0.335984343009895,0.0550528342741368,0.122757206297083,0.0467630922466792,0.0323733226566371
12913,15051,0.00318304555676658,0.0134952452117284,0.0219114080895277,0.615576020440675,8.76393111959498e-05,0.00746730698986676,0.144431926224565,0.0303516281616528,0.0203580039046852,0.0119337394727161,0.125463180253903,0.00574085638271782
14288,9744,0.0681623772759432,0.0071133915443998,0.0637070770415742,0.0123648157822785,0.111792341827944,0.173664983395915,0.0293498013731185,0.301019204646247,0.0381523966404822,0.0657059348811921,0.10248486680707,0.0264828087838356
16376,14320,0.00743181226961274,0.00390777962032697,0.0784335456430092,0.0115531157598326,0.167072046171339,0.0924993094828414,0.0133766867364612,0.237119722241586,0.118415013839367,0.155258182844795,0.0849664608616238,0.0299663245292049
13879,12879,0.0168723078360987,0.00907567735388599,0.0332214177828912,0.0322367455075193,0.0496858421564245,0.219371339619043,0.0234916666592284,0.199358786883553,0.0887160371443509,0.0870712290322253,0.20252099813992,0.0383779518848602
11525,13607,0.00935813075488512,0.100786247975633,0.0171166111717738,0.445050911559003,0.00605526908822674,0.0116054071237129,0.152845346653149,0.0481132100843599,0.0805895156770542,0.0147445906180523,0.0876044318823899,0.0261303274117603
16225,8293,0.044808095664143,0.00520775405802507,0.0535121572530878,0.0142148127399883,0.0915646121030071,0.227653814247669,0.0467287073097187,0.275905190366533,0.0506582294104226,0.132475492552182,0.0399273306417552,0.0173438036534682
15966,17455,0.0221161830490706,0.00416369529279841,0.0757863635696105,0.0302317977538754,0.0634126172338619,0.152383347124094,0.0315784998922747,0.184817905888857,0.203330300818538,0.0749016575999825,0.0904665733715961,0.0668110584054406
10001,13851,0.0119933941229673,0.00395852669577282,0.0579528517123367,0.148382827388665,0.0636858539194536,0.165031287318009,0.0479702263306354,0.300634441687334,0.0651413811186272,0.0564563222547357,0.0415600148710985,0.0372328725803651
16514,14079,0.0425951643053821,0.08786436236433,0.0483271542403723,0.0355350301721018,0.0493101070739861,0.129257640206313,0.00955420337214725,0.138816391335844,0.217917279753324,0.0999325626917802,0.107884889020998,0.0330052154634211
14979,8537,0.0319640001542645,0.0130150001177107,0.0602378957031498,0.0117815701997267,0.120849922100618,0.177993090527178,0.0132826686572954,0.319508030478234,0.0352992581270689,0.10697483030976,0.0400097311407852,0.0690840024842078
12359,15052,0.00753091439059434,0.00249730351470491,0.0668205809689509,0.151471148592349,0.109364147509131,0.108732930569248,0.0459699358146863,0.16775135656468,0.0800925096970688,0.0775573836462566,0.0841805965501121,0.098031192182218
9037,16505,0.0413946207397861,0.0100436243889519,0.0678093728960579,0.0252651138594008,0.0590968743830018,0.114735414037763,0.0216653926641325,0.232639757172266,0.0771571817385589,0.12409269311608,0.135018258784707,0.0910816962192953
14294,12637,0.0485456348979479,0.0436707921156197,0.0841565895030405,0.103404676033235,0.111890210207954,0.0398280802384926,0.0159307912451313,0.143348048651341,0.0642652515652287,0.0763023782288919,0.150776937930443,0.117880609382674
8334,11443,0.0239704182039257,0.00512835783546999,0.0361429585936643,0.0108097090684855,0.164582355939817,0.1640988575345,0.0126940920682951,0.287195187692244,0.0640321924118482,0.126478951748099,0.0684685704563474,0.0363983484473039
13183,11193,0.0229361731472837,0.00582332328357439,0.0658270499448595,0.0198754254968825,0.110842128037503,0.179292835910309,0.0274926761034116,0.264518479572241,0.0716869385197213,0.102245967111571,0.0697633152241268,0.0596956876485156
15820,13357,0.0530834709432946,0.00621074357046168,0.0589612208079889,0.016329708999959,0.0765660465509078,0.203655505560294,0.0175711031338314,0.257228334174606,0.0989510272639239,0.0978726443153097,0.068608055427984,0.0449621392514391
12201,5167,0.030808893586189,0.0138719539845677,0.029760241886502,0.0181511607069101,0.0713475933049429,0.269602221899474,0.0311190701239189,0.314220263390979,0.0337362520196627,0.0982913711656287,0.0480626965102343,0.0410282814209903
15407,15046,0.0110238344481742,0.0151825431080991,0.111804986342226,0.0234647468284548,0.0711128422379407,0.0803908426528114,0.0566697820399146,0.270328176963638,0.140080973224758,0.108221949057964,0.0861928197497484,0.0255265033462715
11238,8786,0.0553757824688945,0.00936419405670291,0.0461189509848908,0.0158192939958212,0.120828854081458,0.22268747818852,0.0346518076372664,0.166943460117558,0.0403302552345719,0.14800557463009,0.116912404869877,0.0229619437343494
8882,8549,0.104187809075088,0.0140104374285089,0.048274507186546,0.0377431919169514,0.065193533913927,0.18424083445447,0.0306340984223861,0.219616429485407,0.0140071337033078,0.132247037767728,0.119331856374486,0.0305131302711936
16372,12392,0.0450366974158944,0.00353098991132862,0.0729956105144764,0.0212892129901131,0.0602895853447102,0.172238471793292,0.0162204819502528,0.395500769100184,0.0355618924004823,0.120115899075872,0.0393835535377489,0.017836835965646
10271,10475,0.0161669337351776,0.00475262624374286,0.0367230345383798,0.0088904686644641,0.0728298061548299,0.38956133072277,0.0104237637290163,0.275627320983051,0.0177619147771146,0.0791118240911838,0.0544770011663229,0.0336739751939469
13047,12880,0.014735590268269,0.0244175915779282,0.0229857133709037,0.0085478652412126,0.116943061723675,0.198386111965666,0.0201676563495886,0.350084208906951,0.0702743376602005,0.0997403290490288,0.0313291388215564,0.0423883950650194
13742,13602,0.0386450475331886,0.00792537816304168,0.0779997954515653,0.0455557891250814,0.0969414017880305,0.137290294296996,0.0391820062487529,0.250171604003172,0.0899374144168821,0.0779844671420452,0.0902433236494422,0.0481234781818028
7781,12409,0.00196520184043313,0.00129342698988446,0.0230077710450693,0.00997779049687807,0.00696386093822449,0.122078508069116,0.594645849094065,0.120840520412727,0.00184728806614989,0.0865298150670419,0.0200785386300502,0.0107714293503605
14581,17458,0.014185845115891,0.0051757135371003,0.0815936204388827,0.0121483217523767,0.0471655930767184,0.314619258322794,0.0156241024912138,0.33640867860807,0.0194557778355288,0.0723195238216157,0.0415674427553437,0.0397361222444645
11094,6134,0.0299840907900453,0.00153994227843473,0.0266317658336296,0.00451162127620752,0.0189749735177535,0.276872796174438,0.0258194154395968,0.450750176307356,0.00493512695333703,0.0842463526469026,0.0482109654922539,0.0275227732900447
14974,6126,0.0539744337693753,0.00766363569053313,0.0475030132796557,0.0110644935052005,0.062888946306199,0.219407019539289,0.0196077735292552,0.358134131011437,0.0172999109957899,0.121839476925596,0.0695008627394942,0.011116302708175
12779,17221,0.00598958625409363,0.0063330398200322,0.096680606122149,0.0601150805185772,0.044433462719999,0.095412732330112,0.161069397057008,0.199047025206323,0.0990700094032043,0.115179235864102,0.0801169609974242,0.0365528637069757
11376,8544,0.0280944238125649,0.0297686882059985,0.110181782364047,0.0633442772767229,0.0226657110963068,0.110458549184773,0.0940148829250125,0.205618750845537,0.0488922902720355,0.135503582664395,0.0877542659279706,0.0637027954246357
12900,8300,0.0190477086752058,0.00445661058796223,0.0173226208112673,0.00549862390638258,0.032221807946015,0.205425738643159,0.00771077645622937,0.443664497471905,0.0289872804392377,0.131817626664632,0.0950785253750107,0.00876818302299356
14699,7573,0.0618861310808773,0.00750114921553361,0.0886070828266336,0.0150576238889156,0.0469390484372697,0.202885950801226,0.0274851657918636,0.27716234060678,0.0468029785967605,0.128962282520095,0.0623452062570677,0.0343650399769773
13595,9504,0.00725837953665438,0.00275832839183021,0.0302630159526745,0.0128595451482539,0.0332114634627845,0.238950333626127,0.0790814385540226,0.224331190144119,0.138238199416162,0.131273814513573,0.0749661401133341,0.0268081511404645
12902,9264,0.0903743756001512,0.0230698872590608,0.04920117590594,0.0214754502469828,0.0691730740456682,0.212521624177419,0.0241023946253728,0.271776667746553,0.0185470338965408,0.0891960307714202,0.0853860546313271,0.0451762310935646
17205,13354,0.0114276519523795,0.00188282142376948,0.159929719450776,0.0414387289996455,0.0953991382520228,0.225782182129188,0.032203835788931,0.0999792452439849,0.073850836825785,0.0885152107367737,0.026631034914584,0.142959594282161
15963,15527,0.0147798666475947,0.0259749869509623,0.0574346710883866,0.0475235351387251,0.00675909950690253,0.111080304063351,0.0780583205520901,0.229594887176883,0.0838674331418767,0.144442909149346,0.0878118726140155,0.112672113969866
17751,9014,0.0129585612166543,0.00797375499608844,0.0436186346507073,0.0260644786987132,0.094867132733783,0.116362240622092,0.444939138017814,0.130261792006682,0.0189728950437863,0.0605697432261062,0.0351779493882871,0.00823367939928665
12499,15775,0.0269837642213197,0.0481549030168627,0.0732821223131232,0.0368233613824359,0.0539700696220573,0.202340357921501,0.0579817155553345,0.236077929124498,0.0397262455337929,0.0613578683804785,0.102040584851562,0.0612610780770336
14845,11189,0.0257543669662389,0.0433416118024271,0.0817782819531009,0.0336499631531988,0.115977412333707,0.139045302496212,0.083805152390494,0.264615691235499,0.0350780074251406,0.123686140463713,0.0306324663939283,0.0226356033863409
13315,8058,0.0477120729228415,0.015179136498326,0.0319599254152387,0.0160586518996522,0.0668847536974092,0.161695587628959,0.0156760004993245,0.303795002011031,0.0758119398774058,0.133467550315848,0.100171884266616,0.0315874949673478
10398,4448,0.0092900008790542,0.037254199842303,0.0200393536247288,0.00558396041364153,0.0337704305367653,0.134616002445654,0.00456886596187008,0.399968851885581,0.0471217642099096,0.200145964961115,0.0539801609345795,0.053660444304798
8186,6863,0.0141977346196405,0.00779406692472467,0.0320416622809636,0.0195369890771508,0.0248202233323269,0.0605462021522343,0.351105898135653,0.210131198779794,0.056515682922519,0.0778705136114033,0.126206763561046,0.0192330646025434
14159,14325,0.014013102741857,0.0460624248760299,0.0726497517556065,0.193757797419638,0.109503618082756,0.156723875327139,0.0303225011291297,0.221368768447429,0.0540688304481909,0.0329052604376053,0.0368636654118992,0.031760403922719
17209,15283,0.0273102085817876,0.0427366182358812,0.0765153450991767,0.0284780590220937,0.0212406054164856,0.363387954815612,0.00638007640318414,0.0654123689403274,0.0635730887102843,0.116956826941309,0.097516753444019,0.0904920943898388
10140,14092,0.0273463742294196,0.0377999066564602,0.0323998204364508,0.470770985509989,0.0043383275893119,0.0440614695910948,0.12793312240519,0.0894165207779953,0.0592356969736883,0.0255095440429555,0.0630189084128833,0.0181693233745614
11228,3964,0.340655987572818,0.0309004426841934,0.0356099966236521,0.0142640937837627,0.0828457860985064,0.101555799055051,0.0142729406443524,0.22802389218985,0.0506784064362629,0.0448292829857638,0.0487223856319826,0.00764098629380423
9033,14576,0.0510631692330068,0.00377622781292602,0.02950092103808,0.0265767125517283,0.123556295583626,0.136349660458871,0.0136540894685533,0.248433835512456,0.125544489473891,0.101172873808639,0.0828683678813862,0.0575033571768363
17347,15042,0.0365150987034982,0.00325261040602407,0.0714109466062196,0.0272293355951568,0.0831918165318014,0.333622905977706,0.0123077861519126,0.139780256960001,0.105737505978501,0.0785053047805092,0.0734795861595871,0.0349668461490827
11929,8061,0.0184107865212465,0.0157130210944442,0.0936598154617902,0.0177203965110011,0.0209147498859464,0.105859208627858,0.212051331445719,0.185142756570997,0.04304823849901,0.111395539232898,0.138823184886719,0.03726097126237
8602,7103,0.0173740073732811,0.00224782898754092,0.0210677736295045,0.00400337123746665,0.0424157808225752,0.223503361205923,0.0114446289528902,0.401017738546858,0.0647988207461765,0.154740934684539,0.0312379669824208,0.0261477868308247
11801,13124,0.0862458570349125,0.00373555208667573,0.0354308035487185,0.0411782777117406,0.0433848329629043,0.197250398338274,0.033329946799903,0.199710676002925,0.0880469736789425,0.142014344816693,0.0857306085369219,0.0439417284813887
16364,8534,0.016481777210575,0.00199770743797463,0.0101978654953959,0.00387335033110538,0.0615797225556433,0.310910377936745,0.016639037701032,0.397360667641993,0.0202992762570936,0.14757580011239,0.00955902840405423,0.00352538891599828
16233,12151,0.0560643576114337,0.00841913161913322,0.0179363124686123,0.0225423084586598,0.108358846796913,0.087720256690377,0.0361869584641291,0.454902556923689,0.0367212693103862,0.114952870062343,0.0317468220422438,0.0244483095520801
10131,9752,0.0661102710105184,0.0325249671491845,0.111429635922635,0.0261427557838351,0.0924645148048171,0.190418687093981,0.0454838806530906,0.165086376116926,0.0610590769058113,0.0904518141882377,0.0850703620216019,0.0337576583493606
11511,6856,0.0481335534319136,0.0289655297785989,0.0668458296969575,0.0222616227020776,0.10395834952917,0.213608184471262,0.0259465229824752,0.284365038242997,0.0290231528679618,0.0802162927529885,0.0473029654262731,0.0493729581173248
15688,16974,0.0744023817300847,0.00762728874808526,0.0423007712780676,0.0142494712325018,0.0604934670506219,0.17649964863933,0.0330138586666689,0.218555141969499,0.0814659629260091,0.0992929843609829,0.102510960622777,0.0895880627753706
14711,13359,0.0987825641865342,0.109675858178674,0.0281946419903538,0.293196457718283,0.0579892549888104,0.0696792300128154,0.0204564346278669,0.0893198169025053,0.0885374099800655,0.0556008418296039,0.0330240144757162,0.0555434751087719
13450,6370,0.0364578746232038,0.0135250188402605,0.0206221692640233,0.0150081567587837,0.0347930238741456,0.150146806294553,0.0107334865917775,0.3926788802331,0.0109876370793799,0.100800646700789,0.14117555285959,0.0730707468803931
15548,16251,0.031892529570195,0.0459957148473374,0.108344664357156,0.0617399397756377,0.106357171799233,0.132112908311972,0.0698144941363636,0.133407515445633,0.0724988629007258,0.0992194033435954,0.0503467424858901,0.0882700530262621
13744,14567,0.00934687374898177,0.00880254388723628,0.130728155776233,0.211735642799866,0.0267600602943102,0.0982677136921148,0.145701234726002,0.0704071691759083,0.0891780610678881,0.0679340766787883,0.121455450582351,0.0196830175703202
18312,12388,0.00588545621456595,0.0782832205350461,0.0694682592122643,0.0191226333552367,0.0241501624288284,0.0368066125202956,0.328973063316316,0.0368954681489081,0.0475670879270052,0.0439940390919422,0.174656359772263,0.134197637477329
18177,14076,0.00213283889028996,0.00233589829812744,0.068184293052784,0.0403953600457715,0.137541149353368,0.0701616103283183,0.290553273885094,0.112714267018475,0.0768292473178563,0.11521509427985,0.0366119723948978,0.0473249951351665
9848,6377,0.0560440284701745,0.00592335390088072,0.013781429966978,0.00648812218778054,0.110330970865355,0.272812309943709,0.0143449193489056,0.284419796303666,0.00870495437702494,0.158803148089196,0.0499367198062119,0.0184102467401172
15819,12875,0.0174334659384147,0.0125059237687611,0.0558316954412343,0.0174159610462531,0.172933649034017,0.0841100759743641,0.0477839533307567,0.256118107982943,0.0548806746831927,0.127411708320028,0.112820897744485,0.040753886735551
14299,15048,0.0181088635152787,0.00979938085272632,0.0509617839687432,0.0617070895817149,0.0787205953426431,0.212051211589744,0.16706993840167,0.156294313105528,0.0679192237302874,0.0826858356035809,0.0578248238861147,0.0368569404219694
15674,9741,0.022103372643435,0.00831540345030987,0.162070680905646,0.0392647171630866,0.120522583467559,0.116200675026354,0.0149828237719414,0.268090187695506,0.0649261601941389,0.0870921520345998,0.0229534420834706,0.0734778015639517
14158,13843,0.053130037990291,0.0573306663907929,0.0368360077602156,0.0610359705406083,0.128355938325066,0.118638321792643,0.0348950213909192,0.201057884594317,0.0347170483845142,0.11678651633337,0.105827192089512,0.0513893944077514
16380,16249,0.0249105089304253,0.00214609181392319,0.0339791021858314,0.00574365996807343,0.122099077158151,0.220917855939766,0.020370567948177,0.179630462414589,0.133084442039024,0.114259234793776,0.125906715619946,0.0169522811883176
13599,11433,0.0497375924742205,0.00506613318218734,0.0934648461836217,0.037458245573687,0.140003448305498,0.152545230127275,0.0395498278803758,0.224590467848997,0.0624693464085235,0.0974516217794953,0.0713474448446625,0.0263157953914565
16231,11186,0.0405682681408007,0.00390850196910815,0.176041437708127,0.0840620099550757,0.0530067255412262,0.24978701201794,0.0316707818904667,0.191319952047933,0.0203274979070792,0.0915393653887792,0.0298513488700262,0.0279170985634377
7640,11204,0.0105106201648117,0.00679937486017131,0.101951283752143,0.0304879706826098,0.0827081683643929,0.10642448915498,0.199131946213982,0.251515281650443,0.0374130722756033,0.0965925241463297,0.0416805184996969,0.0347847502348357
13733,9263,0.0391397218564229,0.00560748399299873,0.0558635849829663,0.0162384431601367,0.0849894305885598,0.108248291056132,0.0189539452770984,0.288320411692375,0.124470318802155,0.103847161977737,0.118144913444834,0.036176293168585
15252,6608,0.0468384488237422,0.00419172949873046,0.0732375213104894,0.0208945831701589,0.038667046928215,0.285661527966777,0.033496294986006,0.23437907534863,0.0576008228557695,0.102534285161239,0.098103350810145,0.0043953131400978
15541,12393,0.034765188430556,0.0197479800668623,0.124409587257235,0.0596189326190889,0.0399756823441922,0.103724303120411,0.219323099926794,0.165468235928573,0.0400327537897209,0.0722019817441967,0.0622629339949615,0.0584693207774085
17616,11184,0.0205144126177194,0.0178965175179869,0.0257746196431208,0.0112327000342626,0.142666739546897,0.151180286468411,0.012572996948689,0.344806252402372,0.0222820154737122,0.180592230577324,0.0310220520445565,0.0394591767249483
16371,11909,0.0394821451052824,0.00720812679857037,0.0904173091802516,0.00841781875406643,0.0572077790102641,0.178223523508055,0.0408916004738301,0.386207444718759,0.0537875199499019,0.0979396269303064,0.0335147167489908,0.00670238882172149
15950,9258,0.0828925155341497,0.00464364200256817,0.0487408976257698,0.0186347682196733,0.154468520757109,0.113964150409468,0.0119047772179294,0.287858072156335,0.108707403855716,0.104347085102618,0.0356228820197481,0.0282152850989149
12489,10953,0.0379204443106729,0.00228900315809456,0.0472494819668601,0.0264599784660363,0.104970678083431,0.198873926971999,0.00708047722340388,0.348395204820405,0.0512277549052431,0.0520524063931352,0.0949684824292297,0.0285121612714893
11793,9267,0.0284790740382885,0.0211574940462536,0.0505279741891294,0.00858713839079184,0.0848907838157243,0.150790024479732,0.0439889220612845,0.376944128496236,0.0194447002524288,0.0945314039827507,0.0772243780699622,0.0434339781774175
17480,12389,0.0183705015872127,0.00392586402779275,0.0990908090367715,0.00615085752570074,0.058480822101139,0.132165923018844,0.306174688084004,0.199664341392855,0.0354754374241554,0.0540649035115807,0.0445814513548786,0.041854400935066
12070,9266,0.0411722898065881,0.0156104604129539,0.0479698551087821,0.0077902552801039,0.103036301699182,0.1222009977594,0.0267854505057703,0.356479817719049,0.026794991705112,0.0689928741223953,0.0863696389035607,0.0967970669771021
11948,17222,0.00789892674005448,0.00881644757779159,0.0322886229897267,0.0292012868789587,0.0939978177291846,0.183041469299564,0.0209928376059149,0.195001876123401,0.0962112560813605,0.123287468562133,0.0618855726598588,0.147376417752052
11649,6615,0.0348390873175892,0.0257531149307063,0.0952097314821904,0.0556825728531515,0.0521828394945932,0.110046103746498,0.131078944549923,0.166092995362668,0.0775705433018624,0.105984190468003,0.108838391747555,0.0367214847452598
16228,9740,0.0257632996623828,0.0035966837174797,0.0575939296972763,0.0241699544085857,0.0622584049943952,0.145546384622494,0.0538938620582299,0.309962360963957,0.107467857140678,0.0931005756303517,0.0255584693001192,0.0910882178040506
12753,4202,0.0365869123934356,0.00440802671984107,0.0271029629484435,0.00425973794119669,0.0581681845271862,0.293552782030783,0.00685650597154584,0.33343392656237,0.0703482744183334,0.0906747073457073,0.0394319366269544,0.0351760425142034
14150,9985,0.0839903500735141,0.0134505927543401,0.0450556485129365,0.0401829355250286,0.0763951534140786,0.199921614248826,0.0195513897308134,0.260121834092599,0.0735221947563352,0.103255791395506,0.0653474007022944,0.0192050947937278
14027,17459,0.0412729106934529,0.022974074829806,0.0352042815968694,0.0428786945193668,0.0723676238067636,0.242283448390969,0.00656887371224725,0.150240826274321,0.0251112560810676,0.123368289688597,0.146451933044026,0.0912777873625141
9593,17468,0.00931675652879753,0.0138112077158227,0.0356566156373878,0.00877433816925749,0.047406155555857,0.231762628729074,0.0156850055422685,0.246000471516028,0.102014473915541,0.141905416730625,0.120948159817825,0.0267187701415159
17758,12871,0.0132235408526642,0.0226391144541364,0.0495892332577475,0.0167558857915012,0.0477577888661228,0.0838841469068855,0.0201027693886878,0.346238078970316,0.155476754466593,0.0699151630223219,0.134338444548492,0.0400790794745309
16644,9980,0.0380424260050537,0.00685279842977423,0.0679918116059508,0.0198974869513608,0.0443416582300572,0.183044383314513,0.0145412055794505,0.420780334219069,0.0453440445912799,0.0560308996081198,0.0445700893643111,0.0585628621010605
11255,17465,0.0215482831109194,0.00169765590958336,0.0858366834151684,0.0354751642901436,0.0565259439885529,0.176900414055497,0.0280853184448488,0.139645678338782,0.137522552110281,0.154200616493223,0.148953598841379,0.0136080910016215
9161,9513,0.0141489931207942,0.00214522199227022,0.0197815304315983,0.00773138500459734,0.108935340128642,0.210272201221147,0.00849775815733396,0.360892533908316,0.0722811084555694,0.112635686253762,0.0632523987255915,0.0194258426003783
15814,10464,0.0374964461723053,0.00691242237181035,0.0886091169032826,0.0378309182320346,0.124511129603528,0.129918862838576,0.0247385241467503,0.27538358300653,0.0928894021027225,0.076678807068371,0.0643638613569857,0.0406669261971037
12077,12641,0.0562126061760938,0.00766882217632362,0.0641546510484583,0.0197638844644204,0.101506189114989,0.115239579666734,0.0556841427974749,0.156219310623194,0.0815378830636261,0.154070397903354,0.160648409422424,0.0272941235429081
10124,5895,0.02951947093175,0.00762597678897759,0.0331012323094012,0.0118733854015942,0.0745990692714817,0.161599076207507,0.0157284103009847,0.402805161771974,0.0365474954648263,0.103710529253868,0.100075385353802,0.0228148069438344
15261,11429,0.0406951369772999,0.0234617041669453,0.0830652586268705,0.0462372050373278,0.0773579553518219,0.143285605196833,0.0236604506407905,0.351312912129533,0.0289607001547134,0.111465491147338,0.0467980494953043,0.0236995310752231
15665,5401,0.0128440030255902,0.035516672823945,0.0451668908758349,0.0173458537560045,0.0678596825152191,0.0982378000948014,0.321982409037914,0.157251610714503,0.0496916642136287,0.122922215606912,0.0623842723094368,0.00879692502621121
7918,11685,0.012481343781276,0.00626648758559737,0.0285192842402977,0.0188116804825582,0.0970739749531502,0.366278435209876,0.0120094430977634,0.232088450330173,0.0523804414342988,0.118891898641307,0.0428661653740235,0.0123323948696786
11666,14812,0.0188429971046797,0.335329827349562,0.0198558705114874,0.291491213213335,0.042239321160113,0.00983794846448129,0.0353241795633894,0.0560901763426445,0.0336747310450569,0.0168936134848805,0.070920741626329,0.0694993801340415
14419,6127,0.0215485505640914,0.0269462393211407,0.0463054039646789,0.0225303026892562,0.111592774178969,0.241934445583435,0.0124252581183892,0.31655661384526,0.0723246527847682,0.0813358482503362,0.0366160045179506,0.00988390618172501
10697,15537,0.00614365209650299,0.0212216320120821,0.0641329480235279,0.044877484060636,0.0688034113367739,0.0929167556732146,0.0914442689776645,0.220149149637534,0.110235121247732,0.103483019304685,0.122078589135439,0.0545139684942093
10553,12886,0.0131753369539848,0.00425943522273811,0.0571198144255699,0.0761299136369245,0.0986298232217071,0.176773838121408,0.0480556470169986,0.266751186292947,0.0438555642989093,0.118381839962193,0.0297875425147791,0.0670800583318405
8336,12408,0.0957873796975881,0.00273931113857984,0.0458171818121515,0.0109001193674952,0.180994820749022,0.089462683888949,0.00585489561128427,0.311026599074368,0.0649360795736971,0.132473740500183,0.0450346567534736,0.0149725318332095
14286,8779,0.0329668365496856,0.00431863984416499,0.0506491459818929,0.00741761676852866,0.0943859970135547,0.127010109249568,0.0253875674334316,0.295309007997771,0.0656518336747426,0.184725235699397,0.0857241949807087,0.0264538148065541
18175,13111,0.000387386780697451,0.003249998881644,0.0293694678022217,0.010482865378449,0.00295218931202965,0.0603290296715397,0.673300140069222,0.0598512330439723,0.0467916560412025,0.0619445633932161,0.0362822005922787,0.0150592690335267
8617,14818,0.0247472947113108,0.00437872861144966,0.0405727217808929,0.0088842380424566,0.236105099105932,0.0593243831562306,0.0429828610998432,0.325838485911637,0.0624654504684196,0.125977982581101,0.0369112839557827,0.0318114705749436
10129,8306,0.0305761470827851,0.0048690881286018,0.01594660789815,0.00358907112894042,0.111730228176541,0.190806465210028,0.0149334500493277,0.380003581058577,0.062266290717895,0.0946962931050666,0.0625497580293271,0.0280330194147607
9574,8307,0.0336908796242103,0.0205126251351591,0.014694496131177,0.00515280587048924,0.0583082963908611,0.194166438878082,0.0100622118292879,0.259568199070752,0.0401465191781183,0.101504676510529,0.177519775733722,0.0846730756476113
16933,15766,0.0259485915115583,0.0201972222246595,0.111991177909529,0.033981024143895,0.160436504316048,0.227629451870488,0.0399321569403302,0.0821731983860045,0.060724211013529,0.112020408727041,0.0653454777250161,0.0596205752318999
9592,16986,0.00819309221884896,0.013207487908307,0.0444355591312818,0.0148489644936448,0.0475788197524772,0.287255232605353,0.0583536008497487,0.28242384996923,0.0521165865440222,0.085205873256265,0.0897998976329941,0.0165810356378266
8329,9033,0.0444041495529236,0.00724861931934517,0.0304533991074982,0.0165505479193326,0.154681659474849,0.248863084093087,0.00430268640959508,0.286847030141689,0.0141725161520761,0.105810959089405,0.0179555704360224,0.0687097783041767
8753,13130,0.018241474715977,0.00683613195407307,0.022285118732444,0.00755885078797003,0.103633529008569,0.130133070125116,0.00426307120408196,0.372021544167254,0.0536895259062439,0.126215777805515,0.116354172326364,0.038767733266392
15132,16010,0.0357096261077055,0.0183484108015586,0.0993720228057406,0.0896677330211389,0.0906221703670187,0.169846777639752,0.0367357717799925,0.184591576432644,0.0113813570597056,0.070386326781096,0.0982647955121514,0.0950734316914966
10961,8786,0.0593764575805542,0.0137324752127149,0.0565238635595532,0.0543415147398866,0.0306782063748546,0.239059647551029,0.0554124382251336,0.209067576438632,0.0642589776678066,0.0913033051686875,0.0923520619344992,0.0338934755466487
15133,16493,0.0328729169420408,0.0016491852713582,0.0664587649446685,0.00940085304088139,0.10463123485889,0.211901585280133,0.0196829114505504,0.160364099392871,0.0657286795507043,0.132461475038371,0.0994337680416522,0.0954145261878791
9025,10719,0.0582657030971654,0.00255501455345063,0.026711056182047,0.00561346204905015,0.0415228717819892,0.170853017041275,0.00912520891520354,0.440479139426978,0.0665655494143546,0.0835514271865958,0.0464036626711097,0.0483538876807817
12898,7336,0.0290430863377519,0.0165086189011899,0.0328740345249533,0.0243465023874271,0.0875025340847008,0.119480178673252,0.0214848353136718,0.382934492751559,0.0422632453642429,0.111493136889011,0.0961753015635994,0.0358940332086404
15122,11189,0.0975092789713316,0.0110708663439792,0.0756265177917383,0.024643239878079,0.0393786524822025,0.0783945578157241,0.0350363399944594,0.289489931952058,0.0600534669865311,0.188153948195101,0.0815703359007065,0.019072863688089
14427,9985,0.0570063583752103,0.00850048844191508,0.0891740226191249,0.0133735526197151,0.0701853166151487,0.129788554907497,0.0509166457479914,0.317447947528639,0.0264586634037724,0.092813474552384,0.107709754560428,0.0366252206281738
11925,6132,0.0477391866897458,0.0454171885709821,0.114909956189356,0.0314953735996062,0.0462834226973198,0.133710087535617,0.0495949339100425,0.227405641194842,0.0666694077758561,0.0957257698148687,0.100928087280984,0.0401209447407798
13870,8539,0.032297660558064,0.00636170758882912,0.0131535042965638,0.0121632157435079,0.114944905263747,0.12918156046053,0.0178256581266853,0.465062052242831,0.0346378085355112,0.0671575419016676,0.0393472832865976,0.067867101995465
9864,14575,0.0572444250547169,0.0138358439635445,0.0375527573624179,0.02765174961778,0.0977305540144373,0.109464946343763,0.0260940179864233,0.301083680467405,0.0661683592219061,0.109359737599716,0.141315584078502,0.0124983442893878
13173,6371,0.0413492674886831,0.00915685597233598,0.0754314538099383,0.0162517999913889,0.0272142009847653,0.194554150106937,0.0199990363051651,0.344471914067457,0.0497281594236951,0.0924295362765014,0.0578415029905351,0.0715721225825985
12495,13846,0.00904814029486455,0.00542622566842658,0.0351981469481573,0.0366207746570476,0.0993564120934763,0.164941487416412,0.0474238348659516,0.144455949529656,0.0977753600528274,0.173499112570998,0.149937986996926,0.0363165689052559
14698,6609,0.0402850348330974,0.0101257531098211,0.076833096470756,0.0480694877790114,0.0423131598157078,0.144801114911049,0.0704958454239594,0.424275047055365,0.0292928543198364,0.0780360821941048,0.0151515957863915,0.0203209283009
13046,12398,0.0321750264020709,0.00475921620266492,0.0201807619877757,0.00797319024754903,0.161275831996522,0.180346399149705,0.00585697375225101,0.193542588842397,0.166445444355536,0.122886204208883,0.0552529710697786,0.0493053917848665
11390,15295,0.0155104747701427,0.0429014602356396,0.0642069772917959,0.172964704029785,0.0806322932821425,0.108222357624185,0.0530274447790739,0.169045260977273,0.079429818378483,0.0392492571349984,0.0741653569215006,0.100644594574981
17208,14801,0.0302578548348977,0.00519631322947895,0.0314718769685782,0.0110644736392362,0.0673240342967413,0.195418980655867,0.0109241703290885,0.30076924065608,0.121090427247956,0.0845670799314032,0.127218691419769,0.0146968567909048
12342,6372,0.0480961798862057,0.0161303362391654,0.063951226347983,0.0118261530662463,0.0933176047174398,0.115767309688916,0.0344625561636189,0.317538035906352,0.0310215558682374,0.118066091257526,0.117461411764021,0.0323615390942872
14020,14084,0.0364916426632138,0.0246673474791139,0.0554888840719328,0.0724480800055021,0.0856059275268653,0.136346853249148,0.0352778481770681,0.220406972609597,0.0333720908938739,0.0897191943615003,0.172769179135605,0.0374059798265797
9029,12648,0.00932792287912677,0.000511498947171595,0.00923872530276429,0.00396400099101648,0.0983975597013181,0.153162045043352,0.00277954049363099,0.478187282655838,0.0874650702121118,0.107504972362819,0.0381609572240572,0.0113004241867938
8199,13614,0.0138210995878924,0.00774201272022427,0.0664818350206104,0.0189188030991572,0.116485809302071,0.274046324074179,0.0611307043872972,0.206726989756802,0.0263843238048529,0.111159442227651,0.0701449557420029,0.0269577002772604
11931,9025,0.0153125002317096,0.0047483867573734,0.035197520481686,0.00755557955678417,0.0905764852989991,0.215832655462548,0.00732220605080697,0.35737835916399,0.0573772109735075,0.0842833325768264,0.0909183953038268,0.0334973681419422
8327,8068,0.0472158992563441,0.0144105232835089,0.0304979590941441,0.0084610408368472,0.114461679840721,0.116604316096919,0.00682804359334265,0.380160622683079,0.10820184025382,0.119564116340385,0.0456506749396447,0.00794328378124486
12343,6855,0.0251602099018662,0.00814523560726912,0.0896415592119749,0.0321631619746631,0.0547437355036281,0.127426339216011,0.0509925831465568,0.281689976975548,0.0670781204122564,0.132164099068442,0.0824617821102338,0.0483331968715508
10121,4448,0.0297257196755994,0.0329205330922839,0.00985730154193555,0.00393333390867764,0.10953755355338,0.23190401697017,0.00798447714769682,0.310961246699402,0.0214605387605762,0.124479695046416,0.0674623334843774,0.0497732501194852
11783,4445,0.0461849966323109,0.00870237263241069,0.0276645210178896,0.00653016049945735,0.0685588911227,0.234591472141107,0.00895552275134061,0.331676046576383,0.0180645057457761,0.121412147146463,0.092294425966218,0.0353649377679426
8612,11925,0.216869110816908,0.00577178238936966,0.116187897221336,0.0348245760100159,0.106112850057841,0.0802836310409459,0.037780910006616,0.190760637897756,0.0102546436615017,0.116572182659113,0.0693318428990121,0.0152499353395852
13184,11675,0.338487565313926,0.033123010245295,0.0964190023220555,0.0692175511345312,0.0124749348277661,0.0359653473621887,0.146474040119919,0.0391956720043211,0.0536972361707485,0.0400482563268192,0.0896012808942069,0.0452961032782227
15128,14082,0.0177906103055746,0.0848238574764915,0.0427921300336531,0.0250266334843244,0.121765021761724,0.117940585483342,0.0268467977968274,0.168711614829251,0.064094400295879,0.126848718479993,0.17766114761367,0.0256984824392703
15818,12393,0.0381546240469231,0.00768543842991116,0.0253759322096715,0.0237503327446181,0.0978632738400198,0.0767477960336583,0.310373922509708,0.124547494022343,0.0431594565656345,0.111308064224333,0.124617053853493,0.0164166115196871
11113,15295,0.0371995165407161,0.0251634570904332,0.0743857605530647,0.178583538361851,0.119111218472097,0.129349607983297,0.0550091087117827,0.138175308014525,0.0574169152842131,0.067720107597253,0.0359764245079788,0.0819090368827881
12641,17462,0.0430948916107531,0.0197300279044875,0.197423391989946,0.120188333002818,0.0229096821982991,0.102192067347061,0.139250077314794,0.16060932771395,0.00939350934449483,0.0903925899480715,0.0803439200759356,0.01447218154939
12363,16980,0.0345114730771324,0.0115706031328592,0.111826488700545,0.0250285165750617,0.0887691910841053,0.121775427556969,0.0335443331368437,0.141492301574394,0.054129295389652,0.111532588402356,0.127560432883758,0.138259348486323
8324,6622,0.0112661230525065,0.00216434981986187,0.0260090637208655,0.0271595592160946,0.0197348056823845,0.131840808637536,0.41062286351619,0.208849484933205,0.0376408285809435,0.0746795629456543,0.0190323849019971,0.0310001649927612
11796,10713,0.0365682570924402,0.0106748721130747,0.0174075252058818,0.0104946890790417,0.134070197502759,0.135541451228843,0.00969675755457489,0.305153580147898,0.0992519276886538,0.127139108878109,0.102072441550507,0.011929191958217
11808,16499,0.0422747554596512,0.00504624236830442,0.129121499909041,0.016576548580978,0.0967302780978807,0.100172323514243,0.0315104939596882,0.273991864312232,0.0929740009184984,0.116139169600241,0.0560486810281283,0.0394141422511143
16777,7328,0.0176732567405015,0.0712593595481352,0.0869645837552557,0.0843505870326895,0.0678725441677357,0.0736918581920491,0.123448551803747,0.151628256011624,0.0243061143749414,0.109657774567644,0.0886427951107998,0.100504318694877
12064,6373,0.0403458615150149,0.00804405874902417,0.0427539755788299,0.00865174815803149,0.0575386219895569,0.137002622768839,0.0183842266239857,0.354124615277147,0.114963490414317,0.08518982480143,0.117536449591385,0.0154645045324393
13748,16495,0.0446767356664523,0.0154852757257511,0.092745131493727,0.0150633774102854,0.101246054667653,0.208722768068052,0.0340678989779435,0.162615853694398,0.07803373234658,0.102579345236909,0.103314742201294,0.0414490845109547
12765,10470,0.0112784259460106,0.0079897534132959,0.0290963437084345,0.0064769134394507,0.151210445145677,0.22451177005259,0.00637190747802545,0.314035230966736,0.0466362845464171,0.126377798485112,0.0439112460267277,0.0321038807915226
8328,8550,0.0177843899128696,0.00326412260348783,0.0961490513519599,0.00783254726485589,0.148359693983485,0.181970945218552,0.0136610824716893,0.27245983152281,0.0418845547711825,0.107337495824981,0.0717940020356789,0.0375022830384476
13465,13603,0.0441554866196736,0.00687352434908012,0.0482973733380225,0.0657272556351499,0.0753199167005445,0.0788712571670714,0.0864260089846163,0.333008527657317,0.0860204170542883,0.0722162241944409,0.0902983314444761,0.0127856768553196
14559,6850,0.0465147190775636,0.0116145187080543,0.0613073154298085,0.0144642496032432,0.0907767521516816,0.17150223052294,0.0466418473036154,0.288798219869557,0.0588569292491681,0.0973812887088438,0.065130700118905,0.0470112292566194
10424,17467,0.00718975072009151,0.0721161903715876,0.0646950862748229,0.0402109501162998,0.0593754427232178,0.118565129742524,0.0851327739055582,0.253221228541346,0.0759815535014539,0.0618614714983213,0.130530412360143,0.0311200102446337
17346,14559,0.0177489505559402,0.00494998094756231,0.0583620261719954,0.0146985558296731,0.0707039593292584,0.309289093709926,0.00893055727084541,0.187344778487287,0.102674991565866,0.0699971456270029,0.0638623120489457,0.0914376484556974
10691,12162,0.0362533887390609,0.00543193224629384,0.068098599826252,0.0382573697703187,0.156188723028325,0.184948183908955,0.0185101907836476,0.166914777342134,0.0796496419174704,0.081018305887562,0.0298014602656429,0.134927426284337
11104,10956,0.0264037357042462,0.00842652425014834,0.0819220358963548,0.0344196806377113,0.0598884339473344,0.247065854736396,0.0278340354050149,0.234820065519474,0.0680169545811209,0.0947313768315315,0.0592543935364102,0.0572169089542575
13177,8299,0.0574701447097341,0.0102387616803493,0.0392576393645218,0.025523542014522,0.0518728167632409,0.235939917968419,0.0182593086183918,0.334965389615196,0.0283938335900678,0.113341600711873,0.0510304315689859,0.0337066133946988
7911,7828,0.0257357731795498,0.00207773267622071,0.0570761310301987,0.0276963812589904,0.0882405745947741,0.113816792542808,0.050804931567397,0.448779276064238,0.014166097062782,0.0612465629630744,0.051211065549424,0.0591486815105432
9172,14817,0.0480694998781054,0.0121155564799816,0.0336932276924797,0.0119985393405856,0.144768519331017,0.111059297531269,0.00934693444184293,0.302858309316612,0.0388219529386434,0.152509129469219,0.110982129854439,0.0237769037258047
10278,13850,0.00387795891480826,0.0263349129820534,0.0499159836224159,0.558162206750887,0.0653567602993891,0.0582374146824675,0.0396160646323817,0.105982040450167,0.00691075943709899,0.0564351474725628,0.00710117803558176,0.022069572720186
14024,16013,0.0246059271536375,0.00581823464859046,0.0902236643939433,0.0192364716161289,0.0300576238601252,0.27515037665132,0.0479951837836718,0.218604629625657,0.0376831274905305,0.0597676513328418,0.124684046113182,0.066173063330372
9708,6137,0.0336973571611777,0.00547386515989306,0.00762034302992125,0.00255430470848898,0.0780967699695638,0.208450925704728,0.00736326865927688,0.45564765770662,0.0120518084853876,0.152932637138915,0.0283049625109857,0.00780609976504208
17619,12630,0.010006815815138,0.00327903054719361,0.207445131534151,0.0413954817802831,0.107579973844096,0.0428522786158433,0.16695680219958,0.116312233712836,0.141399446529721,0.0310629445632677,0.0685237739112025,0.0631860869466878
12755,5166,0.0642814669702565,0.053549322230565,0.0435586162894536,0.0128180932515371,0.12848274872008,0.168827212183855,0.0138363344205994,0.277854926010351,0.0255977180493107,0.106042679573751,0.100683290836629,0.00446759146361194
12618,5890,0.0316553816647759,0.00467374911480983,0.0661045292938126,0.0142404801927196,0.0450397424704427,0.223142835591606,0.0230119633277834,0.320198620310803,0.0224685604699898,0.103249498912544,0.0706544330109619,0.0755602056397518
14987,12877,0.0251129666770827,0.202704964056072,0.0773257847249703,0.299449598774087,0.0544912789257112,0.0540873673175316,0.0208558856210928,0.0670113329126336,0.029158727700499,0.0217556862095968,0.0465836632107105,0.101462743870012
13585,4682,0.0312558288095722,0.00408827791977863,0.0728463753919618,0.0208503305718038,0.0785856464890275,0.295728737503367,0.0106061972454306,0.263323497049124,0.0415156010031783,0.102857046320555,0.0679553365417176,0.0103871251544838
16512,13115,0.00448695726329726,0.00223296691065465,0.0349007982712487,0.0115874376861838,0.138762536519884,0.265054765657114,0.00926437619825215,0.265475507823753,0.0723970515121494,0.0915185395727351,0.0953801945890079,0.00893886799572054
12059,3480,0.0216543815454271,0.00496483060565347,0.0521785970843402,0.01123122335628,0.0505359865974034,0.159098396434608,0.0173698780509232,0.4540861929,0.0174172382783069,0.12105019466638,0.0628712833023677,0.0275417971783105
12911,14086,0.0551731629420693,0.00262145156233549,0.103663738663242,0.0269534671337493,0.0554108204968326,0.157100471522475,0.0299766103012015,0.242572592603043,0.091146686077524,0.0984800654968876,0.115932936329166,0.0209679968714744
12910,13604,0.0286276089198396,0.00445610380551637,0.0559415030556089,0.031462313476872,0.0256592401625125,0.175549380258768,0.0836004956026337,0.252656470239269,0.105113442910112,0.0801533751251058,0.122017072744604,0.0347629936991581
10265,7100,0.0250928690830031,0.0191980929562994,0.0698894052700486,0.0239644253578952,0.0792089861824024,0.2231043106603,0.0346375978534122,0.321181407394416,0.0118822479404724,0.0998983710803634,0.0526547161929631,0.0392875700284241
15270,15769,0.0123456629942948,0.00298499055057857,0.0803308272757337,0.0391654180158604,0.117091237206757,0.143812902541124,0.0519879501975345,0.258328986975345,0.0601940027123615,0.0842353230739633,0.0682657623051167,0.0812569361513314
10688,10715,0.020541441894724,0.00502173735999542,0.0219681995908552,0.0105690361403232,0.0878700048064379,0.0588443043345728,0.0187099785464332,0.38608103170674,0.0718089240276914,0.0970336971365572,0.159530005385183,0.0620216390704866
14565,9743,0.0713955227575637,0.00732272335473983,0.0706522556657405,0.0408979293857286,0.0447673969764667,0.136541524884269,0.0518356663301302,0.325345095194535,0.0542487699197425,0.0687037955102415,0.0651261269071767,0.0631631931136657
13593,8540,0.0784852430744118,0.0163560564815197,0.101378709149119,0.0359155775995445,0.06569456901202,0.231379798513412,0.0378514554391893,0.292074535057105,0.0301840704622069,0.0463170815891459,0.0475134958651659,0.0168494077571604
15540,11911,0.0581440779086489,0.0101553988049916,0.0331504864846676,0.0292953972268767,0.128651195919136,0.129245725746705,0.0198323371506422,0.34251188019421,0.0330200606044596,0.116779781514848,0.0587033303847789,0.0405103280600356
10536,4206,0.0309171402006115,0.0037836497052874,0.0184542273746652,0.00483683988269439,0.129990027535944,0.159480061897639,0.00827910230483248,0.429417997928111,0.0576266493059369,0.120314300999477,0.0106802188921107,0.0262197839726915
12758,6613,0.031722371785774,0.0105508581760721,0.036925341739863,0.00512171357401637,0.0512096610269438,0.0972112458377212,0.0381729438933311,0.42809017818567,0.0631975678099993,0.125406759529468,0.0787744352620551,0.0336169231790864
11391,15777,0.0191664971912387,0.0108160582315154,0.0770403305356191,0.120629186015771,0.0709716749414761,0.124623268855242,0.0769396091358543,0.147498406789524,0.0582360818510428,0.0815883422444296,0.126765016788352,0.0857255274199348
16099,14321,0.090362252601449,0.058723729533045,0.105606060454422,0.081077305208532,0.0346751114034494,0.15033922501598,0.11325115312434,0.144955971870855,0.0914652565929672,0.0693801658127782,0.0526579856262497,0.00750578275593235
14701,8538,0.0475774886918976,0.00173112919485625,0.0511227350642838,0.0314119248963518,0.147375993378323,0.13801075526473,0.0212543605968494,0.267149148282313,0.0574942280782593,0.131974553634892,0.035458333852729,0.0694393490645154
10839,17225,0.00467525573855133,0.000649367194651879,0.135076379476779,0.0504746350892821,0.120147815597572,0.139812213829454,0.0851406665754242,0.186541124459138,0.0948032323371953,0.0737114253777986,0.0308880614837544,0.078079822840399
9454,17227,0.0103178720174324,0.0155981331291041,0.0895090775020985,0.0330263355997444,0.0660742406960265,0.16130747663403,0.0214766719411764,0.394711498003916,0.0527694899938636,0.0309697547217904,0.0708294036966437,0.0534100460641743
14570,12154,0.0219912067896926,0.101496793282908,0.0253537471738049,0.549671364659156,0.00993827789002215,0.0428457694463471,0.0205979076415285,0.0917257607912553,0.0055663494010387,0.0157584722198628,0.0487149774425663,0.0663393732618175
8747,10237,0.0242150413337835,0.00390538731473675,0.0240849900542935,0.00568178109778878,0.127726808988659,0.196525087439771,0.0229030190176325,0.353074835285376,0.0470527111419077,0.101213615051592,0.0782732956300184,0.0153434276444414
11109,13367,0.0215065499373515,0.194531086240096,0.0194768216414266,0.461798988009588,0.00790084426228561,0.0303453219938535,0.00972140371479365,0.0727491914291671,0.00534705151476083,0.0108370953109088,0.0665694412782418,0.0992162046675258
8607,9514,0.0467856827391433,0.00727516937462127,0.0365037725049018,0.014470937963304,0.0877877413850723,0.13613825234598,0.0141051394964426,0.458156137643764,0.0193226489531468,0.0842336812135967,0.0743249250559355,0.0208959113240915
14006,7333,0.0521596222363962,0.00967610639759529,0.0818752081311582,0.0152025024248109,0.0600460237397989,0.158016719661351,0.0294008155355241,0.357360170484792,0.0543852532656453,0.148312035538289,0.0219531551185694,0.0116123874660696
13306,3718,0.546384273169275,0.0586061177573116,0.0395572692471028,0.0158572380266889,0.00131768833145153,0.0276012700597164,0.105492755875741,0.0745197540058271,0.0395024017584843,0.0147332290679761,0.0737094103207993,0.00271859237962669
10401,5894,0.0497732241275563,0.0144021342917117,0.0345281662391259,0.00866120927586343,0.087689309223388,0.188961879088699,0.0139514784754011,0.401687386975764,0.031685970059251,0.0783234817888316,0.0579895566645751,0.0323462037898328
15811,9017,0.0517890413928917,0.0653103306219624,0.112065641097623,0.0290035426493325,0.117544840654504,0.104029627528061,0.0430890625900006,0.141978854286857,0.0367803946617457,0.129020624709233,0.0839464555249973,0.085441584282792
10263,6136,0.0614251709261838,0.0202413218141722,0.0334985718047874,0.00662805158527802,0.166146894833181,0.200952179932298,0.00459734236379251,0.191804113221025,0.0909838023129868,0.122556645077187,0.0784414126696744,0.0227244934594346
16648,11909,0.0427505700915862,0.00847813844336061,0.053195364389176,0.0231910607468141,0.0861888701742821,0.362000369729965,0.0171294478739387,0.266090125348623,0.029121709731096,0.0607625540389263,0.0328089251435701,0.0182828642886622
13308,4683,0.0174713613938158,0.016841667243784,0.0253071481996737,0.021625001990128,0.0763952356432934,0.250594836851775,0.0121953012580385,0.344436814713773,0.0201347074765519,0.0972338548390543,0.0902009573134695,0.0275631130766429
8744,8791,0.0444186213693305,0.00314388451917584,0.046964584407446,0.0121289584163684,0.0902652916013133,0.233254959314172,0.0401845491331513,0.269346993095558,0.0178360924905399,0.111868073456504,0.105918357736168,0.0246696344602726
15134,16975,0.0174335132137771,0.0111026877251302,0.0345483287886951,0.0275901479924011,0.112174357283952,0.0873654022643188,0.0517241904885278,0.244155871962871,0.153616703414955,0.114749575213573,0.0582105038336026,0.0873287178181961
13172,5889,0.00918954798865179,0.00460579718518328,0.00908185600168266,0.00589650028563854,0.0323163641220677,0.131178335560816,0.0053838475563512,0.549182065026345,0.0278798877715752,0.152649506588312,0.0526709379535523,0.0199653539598249
12069,8784,0.0222426888402426,0.00308425248985722,0.0487000638549051,0.0143636342664577,0.0686639253224211,0.168572833230945,0.0496201541305066,0.307632993267147,0.0326304335063948,0.0776549492062396,0.154732196354617,0.0521018755302666
13193,16497,0.00630248041560733,9.52843630533599e-05,0.140431855271703,0.026654921394431,0.108581206208435,0.10113644955081,0.0129745057841038,0.225458852419036,0.0980172154587962,0.0598877532676319,0.01263977297103,0.207819702895362
12202,5649,0.0406660000293238,0.00861537637778389,0.0831356675874998,0.0179289332490877,0.0701883027402246,0.162500841866761,0.0262093024200518,0.346654990145384,0.0444648662769098,0.102230705364636,0.0422271003324237,0.0551779136099142
9849,7342,0.023004815440827,0.0210997491546938,0.0103878008753396,0.00624601541428229,0.11772127111536,0.250414076323672,0.0134392212774597,0.299273786306107,0.0442358573324758,0.110859693061857,0.0383384740393572,0.0649792396585695
15947,7812,0.0146453948677745,0.00487162510172504,0.024126308444638,0.0114406012027182,0.0755263589495257,0.23954546186569,0.0193179735140233,0.42472636487017,0.0440339010304628,0.0978480088007989,0.0232457979939726,0.0206722033585012
16924,11426,0.0569959267192627,0.00236335107517367,0.0806641544823243,0.0117608197932042,0.0313931305175135,0.217166671715691,0.0335408065056276,0.36590898112254,0.0432240586181585,0.0876363357780319,0.0475935580152468,0.0217522056572253
14418,5645,0.0410537448292496,0.0127238943918518,0.0310942951891213,0.021608163156847,0.0558401899424617,0.251277696844925,0.0337849983393211,0.327480502254082,0.0487172981893894,0.0884301255413738,0.0333230438370172,0.05466604748436
10698,16019,0.0350520054604642,0.00494671186756388,0.0534870396382425,0.0220748835130463,0.0599326531010691,0.213471022713231,0.0294869774740534,0.317848283377527,0.019516603284558,0.106389438705997,0.106195416489365,0.0315989643748824
15535,9500,0.0553401634995113,0.00857980020499509,0.111229355387237,0.0275046821364038,0.174972572088536,0.192248730925214,0.00836796012717824,0.234326610400301,0.0312071790231833,0.0713570987881692,0.0241373418159479,0.0607285056033229
13464,13121,0.0558986444935027,0.00569766802143415,0.0541705056681598,0.0180337234885846,0.132852462409039,0.245091753614919,0.0440437796911797,0.232650404384651,0.0274908393125325,0.0729008978064972,0.0347851998875591,0.0763841212219424
13457,9745,0.0863490873619877,0.00382377116192411,0.0317163988762003,0.00623981387723,0.0597752053808311,0.156333320376925,0.0124210123884766,0.20387072057102,0.0933647539814859,0.204478260367669,0.124004827245653,0.0176228284105971
10136,12163,0.0157238938301539,0.00151726749396112,0.0487732175286834,0.0067899230027438,0.207580054621713,0.261727100604913,0.00796861225003557,0.183763169822786,0.0891995668698381,0.0669290456780768,0.0398218253785591,0.0702063229185361
11526,14089,0.0168655573975717,0.0545314056157839,0.0129441566550025,0.720206440503264,0.00241934221565117,0.0202858616772969,0.0053869160576081,0.0589661835242268,0.0153964313259247,0.0192117617357369,0.0398103495061294,0.0339755937858039
8898,16264,0.0316015650650736,0.0113215362595941,0.0980892618435626,0.0252551886773004,0.0551516983082,0.185949534390284,0.0756633932635174,0.217671567757841,0.0480085955171832,0.0918001372112829,0.0652132817939084,0.0942742399122522
14557,5404,0.0351077518295119,0.0235407097234435,0.0316800240239449,0.00572781542810278,0.0805452138857837,0.25523806486251,0.0414544223850575,0.388178008731253,0.00396280870504867,0.0758472120986018,0.0506625826768074,0.00805538564993413
13741,13120,0.0122302056341709,0.0265881478119445,0.0937536576109315,0.0740998856199925,0.0855463955978428,0.107999069244475,0.0864782312938374,0.171244727691508,0.0474783890331079,0.0900684115612367,0.099976981787546,0.104535897113407
14571,12636,0.0310606084513328,0.0563449503307875,0.0567762294702389,0.295257298723416,0.0346666935562004,0.0629851934168809,0.0277363491474934,0.0671692821852813,0.0812850269891164,0.0364417614136695,0.196863129086133,0.0534134772294504
16222,6847,0.112624607565992,0.019206844530547,0.0705947015236275,0.0399149713716376,0.0652502416097799,0.0744865939411024,0.0437499577670818,0.282553319595894,0.0691225859860389,0.114674352723192,0.0938119658669666,0.0140098575181405
15676,10705,0.0811078309623815,0.0208834721158963,0.140082698153484,0.0584993793196732,0.0436729944253737,0.210572831951164,0.0396538611781309,0.182570723077985,0.0627200597251603,0.0453288555202779,0.0461114539291482,0.0687958396413248
15687,16492,0.00832058529537663,0.00229976846371744,0.245403832143386,0.105356322768623,0.218907979205181,0.0285119779336169,0.0102024184680498,0.126326628984345,0.078635986889248,0.0258157407646405,0.0299004223089658,0.12031833677485
15264,12876,0.0444400433836012,0.0331477521315279,0.155510773596718,0.0504511836086007,0.0564899379076771,0.0659265076435987,0.135465297303001,0.243574098027492,0.0305916387672995,0.0635922456008228,0.0890471707576816,0.0317633512719801
12777,16256,0.074096537618237,0.0154434505916958,0.0794291826019583,0.0314259416580355,0.0519304322651605,0.175662826314788,0.027753579400403,0.269342234249547,0.027592824882702,0.091009289278128,0.10195858018981,0.0543551209495343
12905,10711,0.0270486021785297,0.00950910128603404,0.0350139029304837,0.0137017096138536,0.0760131868508667,0.151902129947033,0.0359068814263881,0.391189944432006,0.0377696616747722,0.0937407441864473,0.0610923941019166,0.0671117413716691
11513,7821,0.0377641095979368,0.0159653439556453,0.0446506981166568,0.0278100348987042,0.0876240769448033,0.128122438361328,0.0581587228140774,0.19986794053137,0.0754405374662957,0.154009006394785,0.105159348034674,0.0654277428837232
14712,13842,0.0101650632640641,0.0201949259299207,0.138634493089399,0.0570776980096599,0.0538786837798173,0.180979285690706,0.0565263609791362,0.183318484753197,0.0806189178544343,0.0719449803607836,0.106532320586513,0.0401287857023678
10957,6857,0.0454328192816049,0.0174312365527803,0.0981070137088171,0.0224181407135505,0.106013665499494,0.0999780071740384,0.029617665631021,0.376065259664087,0.035988384028597,0.0567747005729558,0.0792139344006982,0.0329591727723556
11382,11437,0.0496023347488359,0.0384631000893295,0.121726388779329,0.0775397977266223,0.0417282477710764,0.100439465824304,0.0869306401303637,0.214380108759554,0.0420099926074645,0.0753361785363051,0.0778988956095485,0.0739448494172672
14013,10709,0.0372671042174521,0.00223887097959825,0.0535014903043544,0.00951462558442571,0.0611526782215044,0.16235003123952,0.0301915602172245,0.413769987683475,0.034533558439581,0.107747859447065,0.0726564155925899,0.0150758180732098
12354,12641,0.0094108725481028,0.0197706734969496,0.0108153468747725,0.00327649783394718,0.0174664954895123,0.250767695139718,0.0102103409961766,0.213085774443412,0.0936860071299307,0.193032301605525,0.145054799606841,0.0334231948351117
10815,5170,0.0187381110110752,0.00408364068131365,0.0136006921376422,0.00741789766616406,0.0312302551040043,0.244320294972097,0.00741237319615237,0.395090981814388,0.040635045515483,0.168760247043486,0.0487606396891091,0.0199498211690857
13042,9987,0.0219107712063501,0.00549466646453889,0.0430117542297051,0.0149904090174623,0.0952382724701229,0.208888998317243,0.0103261863455424,0.357683175557864,0.0542788491485331,0.112140286513397,0.041764037864357,0.0342725928648846
9293,6379,0.0244054900136748,0.00357083181821229,0.0215255717243271,0.00651797990906724,0.0746471087644369,0.332412224799245,0.00883867456863491,0.329535538558571,0.0149409080562387,0.124670148762869,0.0283837532039449,0.030551769820779
13031,4683,0.0371617883821139,0.0217124116278422,0.047714185199233,0.0190879923605239,0.0598806195470442,0.270528751722428,0.00862723898703048,0.376293958138869,0.0326700154527569,0.0659086304867453,0.035919425262389,0.0244949828330244
14567,10708,0.0580331267653676,0.0334857602455106,0.0171901829730433,0.0128174617870097,0.12375909035299,0.108786611266176,0.0422033609874994,0.256795722114326,0.0278000818374788,0.137006178411542,0.136178831092769,0.0459435921662882
13305,3236,0.0098391589735628,0.00380348603220958,0.0291041816174409,0.0206727816702923,0.0333156969302866,0.0468375309536919,0.531505801238177,0.14950373732425,0.00446326014838168,0.0972121709068125,0.050618009104074,0.0231241851008207
10133,10717,0.0297653494429258,0.0123451953939953,0.0481036919369426,0.0113725980049411,0.121034169827375,0.190302502004072,0.0157205016826244,0.185717283931548,0.137076573033152,0.100643132978921,0.0998330667869686,0.048085934976534
12220,14811,0.000795854737297991,0.0217346558957153,0.0602561606708664,0.104515267101017,0.153215985838176,0.0423468309413407,0.341968522920427,0.0668280686655436,0.0703652353545682,0.0315949764427761,0.0296602949454984,0.0767181464867737
9732,17709,0.0181258286285424,0.0120857524036973,0.0787099359079727,0.0191880047278727,0.0773457265434457,0.129346532831235,0.0245277053557938,0.258638069815447,0.0888958882688219,0.158872647816629,0.0697188118240755,0.0645450958764668
14433,12878,0.00925184572742964,0.0169592247132404,0.098436889740316,0.473954857418205,0.0553069536888149,0.0445413422854004,0.0971521431585571,0.03470799475269,0.0316760511928356,0.0402567266281034,0.0753375586305245,0.0224184120638827
15822,14804,0.0486648517619904,0.0128756987851234,0.0663063190865159,0.129476570817595,0.0908884866750437,0.0673039880390648,0.0145696727514761,0.158528878731651,0.0751906303099496,0.0762332120210868,0.137711743853694,0.122249947166808
13034,6130,0.0337635230286927,0.0133725893242119,0.0414913206572076,0.00748838656441232,0.0319651425877334,0.162107419723948,0.0613197311824586,0.379667281769867,0.0323124705862442,0.128941193151959,0.0467617876274998,0.0608091537957659
15807,7089,0.0892594785667452,0.0079109284708211,0.0515775038782725,0.010498027527176,0.057000459662684,0.190261036035822,0.0244932386826807,0.417930403284355,0.0142205071317193,0.0822885868805582,0.0401585485918402,0.0144012812873252
9030,13130,0.0203044308538842,0.00317662047557072,0.0381583616881538,0.00479285842979452,0.0905940945048269,0.311115793063327,0.00947464767699312,0.29551786091727,0.00910459828485904,0.123583174682747,0.0829547011299586,0.0112228582926154
9031,13612,0.0240204521330309,0.00948720269492807,0.0472219293667247,0.00935582384341846,0.114044048426955,0.165794154866201,0.0365949460656277,0.26189142776308,0.111282142829767,0.11799893674155,0.0693119414384439,0.032996993830273
18032,10942,0.0130424396863864,0.0204456956829848,0.0509272848319344,0.0185133860245706,0.0257700257100888,0.1115851748067,0.345463612238437,0.119174983518783,0.0608277574103059,0.092759714575089,0.0781645110330675,0.0633254144816524
11523,12642,0.0260278750315313,0.0800412484886085,0.0925036525644821,0.129822817110521,0.0374642583822032,0.081583231174477,0.0320673182174411,0.187270150412103,0.0880089546516785,0.0392748249999375,0.115552440700626,0.0903832282663915
8756,14577,0.0494027610003273,0.00676314371682812,0.0646546611322203,0.0221141759501875,0.116277888181345,0.16358630638513,0.0244731644834505,0.25523810540613,0.095957999706306,0.0999856412438323,0.0559019878295085,0.0456441649647349
18587,11423,0.00629011667671637,0.00234637720488621,0.0822653933052874,0.0359701411624486,0.0664286482312163,0.125903500558462,0.15979985025379,0.232872167348621,0.125203705112328,0.0793566073982348,0.0697775401261843,0.0137859526218244
14709,12395,0.0503077644836697,0.295676368686753,0.0167793135570805,0.355591965505181,0.0146585402143003,0.0171588239734689,0.00554274198229288,0.0458765753401722,0.0392959799631953,0.0142216444618716,0.0860285240096029,0.0588617578224117
9432,6619,0.0260431335822058,0.00388946364617393,0.0321451480607687,0.0142499587768267,0.0437841212391392,0.193232297495353,0.0395190266640305,0.374461436003145,0.0286003824191416,0.10097864248827,0.023573454102723,0.119522935522223
14573,13601,0.0288519829759216,0.10666266796197,0.0399953830477996,0.208734312083174,0.113971028896368,0.0684086463627774,0.00875935545793767,0.216310279129146,0.0559873119070035,0.0286933573756057,0.0440375801735688,0.0795880946287273
12080,14088,0.00672523274243701,0.0355680882726475,0.0228674872565294,0.454402519783767,0.00112398908174955,0.0155013286001964,0.308939266451078,0.0396000008119873,0.00904397487944082,0.0240890996480787,0.079514674775805,0.00262433769628316
8741,7344,0.051395430837882,0.0093925561782473,0.0259641375943665,0.0130332022968629,0.208791490856622,0.13374180926254,0.00750875963164244,0.296776978407228,0.00482907682044904,0.113068033706672,0.0617304555958065,0.0737680688116815
8880,7585,0.232313044278539,0.0145488004917184,0.0676298860730996,0.0164876895723538,0.0378209358397957,0.14763650297429,0.070100215799931,0.211505018126211,0.0162682682165638,0.0640320733687238,0.0987961643367083,0.0228614009220653
10837,16260,0.0309435960003447,0.0137998602965675,0.019306620413825,0.00473113762796971,0.159593141526327,0.208812403522227,0.00892055846504482,0.248671980200699,0.0543342038962652,0.158430082793777,0.0864099845003283,0.00604643075662561
9174,15781,0.0530160530816586,0.00280184190203637,0.116293451718164,0.0334198819632714,0.0774703561577715,0.203511599520069,0.0787672481812144,0.148036685892156,0.0882282891700809,0.0762815472303811,0.10186612897664,0.0203069162065574
14834,5403,0.0349086905264375,0.00599719366236858,0.0426192706953292,0.0151249098653425,0.149415201394681,0.113859478627425,0.016604100586221,0.371175357387185,0.0491371100719485,0.135852602705628,0.0381548070407926,0.0271512774366406
12626,10229,0.0384379804680905,0.0102371948114856,0.0730929510632253,0.00785296408147216,0.118670239402803,0.161780146147573,0.044758601473341,0.295520864648582,0.00999158358103767,0.179237335106908,0.0360305649818943,0.024389574233588
11394,17706,0.0141948020833815,0.119740512483689,0.17682671011891,0.0451669776082546,0.0656737721038433,0.062050435388333,0.0366777176931455,0.23243192546896,0.109336904084396,0.0513885675352714,0.0216632175781159,0.0648484578536997
14555,4439,0.0309884887469881,0.00710777440076574,0.0134083645940483,0.0051527942968201,0.091467635160085,0.270588692629222,0.00974044006399719,0.376657998428904,0.0354481705212877,0.11802665882001,0.0277039751771068,0.0137090071607645
15120,9742,0.0698851291284345,0.0119539023292711,0.0613587260658478,0.0227105063996877,0.100424775737949,0.109131832661148,0.0360220538135691,0.295612889770268,0.113090463314267,0.0997126780129478,0.0489493591334128,0.0311476836331975
9036,16023,0.0222447763985536,0.00208016565703931,0.0734453610751678,0.0130062065647984,0.137992017606311,0.120199933256138,0.00584404413989351,0.367666901507718,0.0755208340986318,0.075899741212598,0.0614148401044657,0.0446851783786851
8740,6862,0.0309869535864577,0.000949133507192235,0.0143865575208223,0.00413332462586864,0.119486696833581,0.0811628359327131,0.00375015582895459,0.399458562918219,0.00945084845778684,0.139826715348847,0.0918884025908527,0.104519812848704
10286,17708,0.0158927847679218,0.0266093971482864,0.116150768229931,0.0383832788828848,0.0475056266950306,0.10638026619295,0.19115765283479,0.291405516970797,0.00720043410125288,0.0589074236886047,0.0657711497208526,0.0346357007666986
14297,14083,0.0324105240468297,0.0561571894313118,0.0597607412631732,0.167023211241476,0.0273446004174271,0.107172703951885,0.151388257446935,0.157290566510516,0.0242331617824988,0.0366989003969245,0.167631811133924,0.0128883323770987
12217,13364,0.0292316956207364,0.00231011282231782,0.0670470936581627,0.0145742462878257,0.0622702397671431,0.168824572573828,0.0124477833277883,0.16985657200283,0.158916793268739,0.133874703929314,0.133535843885108,0.0471103428562071
13737,11191,0.0567641164083191,0.00769756264622631,0.0741064789797993,0.0186995560479973,0.0394095423171522,0.146954296174493,0.0231374621511175,0.358781345023536,0.0764605389120642,0.118948818274135,0.0596606951747333,0.0193795878904267
17334,8291,0.00239972754833274,0.000199738434215625,0.16570747947624,0.0110763387305259,0.0482416915595846,0.172442555866029,0.133748679172938,0.254801494941272,0.0341003121977305,0.11686643217921,0.0222161619096817,0.0381993879842404
11093,5652,0.0433712085350785,0.00193809578275394,0.0878214590528307,0.0145059992948767,0.0188042032315737,0.122341259630067,0.0475973401139946,0.466673884889156,0.0526432670537158,0.0636890482221626,0.0360700417116037,0.0445441924821861
16651,13355,0.0139172700377035,0.000279116384437774,0.0743947295912075,0.0192917988512621,0.168174726725815,0.195324764325597,0.00847137538386545,0.213888379761305,0.177733978245022,0.0817603269440755,0.0319206678636143,0.0148428658860952
8336,12890,0.0188660065398058,0.00566875662829516,0.0630244322205585,0.0147553158006069,0.162701197955992,0.194494105432485,0.0441067187456407,0.288431561650664,0.0156420039055872,0.128151949558505,0.0455659955118802,0.0185919560499794
17894,11183,0.0697063496597432,0.0191350382039807,0.0379674495463021,0.0230642014006719,0.175788295476388,0.113393350674569,0.0263938175311731,0.298652999428185,0.0106925476819091,0.1280952488065,0.0545601870799067,0.0425505145106706
13589,6611,0.0149772976242861,0.00476055789585118,0.0201200514697985,0.00233646622432496,0.0284589732893842,0.227479641646877,0.0140588480027013,0.433113194540812,0.00416214343728308,0.175149381724081,0.0446415638043571,0.0307418803402443
14855,16011,0.0422748130139058,0.0280116536283767,0.120500832014192,0.0708923488565633,0.0782834701406736,0.172663622642582,0.0583014101481707,0.149624724267871,0.0583821657385752,0.086652177506854,0.077502754453674,0.0569100275885613
9576,9271,0.00966954259894982,0.00364203179947771,0.0253638625966451,0.0108791722225176,0.075407886287273,0.214882800472023,0.0122587000014761,0.40294443561609,0.085426026051107,0.10616068184106,0.0423982718889012,0.01096658862448
13180,9746,0.0105456285909059,0.00509422794267295,0.0387002707338293,0.0114525216434083,0.0453493636847173,0.234708640181293,0.0212827095639453,0.297767111731423,0.0390480062722023,0.126940164661637,0.0979368056778745,0.0711745493160908
16092,10946,0.0148518983691417,0.00645658795872865,0.158437681693056,0.0525825984061855,0.098238277721978,0.114678327469106,0.0264969674663884,0.246938573081875,0.0641284628627803,0.0910955634788728,0.0801911882828771,0.0459038732090098
16373,12874,0.00698268458773415,0.0142048032867795,0.0327476572948158,0.0190441803311332,0.0206129850557804,0.0706317129564508,0.294579249588248,0.110293919600821,0.164238412161647,0.076490898934026,0.13164288046258,0.0585306157399846
13749,16978,0.0284869912738005,0.0237263814911849,0.0721548546265627,0.0478620724703057,0.0862228155063751,0.226873672696676,0.0167567164449063,0.12727813942442,0.0981091149544786,0.0822771789621018,0.0957006265530377,0.0945514355961508
13452,7335,0.0161691993697226,0.00978820814466167,0.0279206112573183,0.0125292749206188,0.142710439504422,0.213884121764303,0.0104900249070247,0.343996844235513,0.0160458105146565,0.164079061250818,0.0206013418164432,0.0217850623144984
16647,11427,0.0587380840758649,0.0056165146722558,0.130903213535049,0.0294427990965579,0.0694659630448797,0.145646692757508,0.0227550192976022,0.403113917885537,0.0132368376175237,0.0669035812176127,0.0198875267964334,0.0342898500031753
8335,11926,0.100994742531824,0.0148105181906717,0.100153865048542,0.0506818544073228,0.0608815246693645,0.113260699313145,0.0192761076195293,0.292851656575719,0.0287889142267904,0.0870450395939629,0.0709614018795801,0.0602936759435478
17065,12631,0.0519694044797347,0.00233380384253606,0.0883882665796172,0.0210335261486968,0.130161650247376,0.11064201303073,0.114330627694564,0.166993198588617,0.151655013308928,0.0823418187676023,0.0547799829460358,0.0253706943655618
14714,14806,0.0170884157009085,0.00471676523277123,0.082588619735812,0.0518106763410023,0.0736844322818436,0.103485048818661,0.110370195493652,0.212300727809658,0.121849811437552,0.0670978794732173,0.0546106303696084,0.100396797305313
7919,12168,0.0371878003277212,0.00618274094893501,0.0389392452027469,0.0173118642948393,0.0402938854489767,0.259419578537117,0.0733026659887283,0.222245543008931,0.0661287574459236,0.136478901248702,0.0651993291737293,0.0373096883736497
18727,12146,0.0294912293666795,0.00599253371138624,0.130382405419527,0.0639871876013933,0.0567687628898767,0.216947484312758,0.058130231363629,0.254655066823128,0.00198929429894286,0.0356964552557876,0.0203749442935032,0.125584404663389
9159,8549,0.0104157534215092,0.0113663831533656,0.0711794910208391,0.00643738054106562,0.0744407008822705,0.095411918000874,0.0438675147570076,0.279260593915725,0.0494023455964193,0.131673787881289,0.142863562492608,0.0836805683370268
15115,7331,0.0196503598371678,0.00166614639049313,0.0762093829090829,0.0153825215060892,0.024993829334832,0.299278250496272,0.0532008453157808,0.28701694719667,0.0228350732409503,0.0815289421891403,0.102499733051277,0.0157379685322448
10551,11921,0.0292621967454852,0.00235193705130647,0.134249907970344,0.021204958793264,0.0704617533093918,0.222309682610117,0.0645263257048495,0.275961307590864,0.0400212840692574,0.0776725195954556,0.0412120576889009,0.0207660688707637
10818,6617,0.0379115904022061,0.0187936786327202,0.0290255463518764,0.0117297135656531,0.0672691782679889,0.104083145342895,0.0148846928243591,0.437210966487894,0.0627184208559345,0.104979962297116,0.0704318184782234,0.040961286493133
18450,12146,0.106393614147467,0.039296163313828,0.0759488799334937,0.0990126133471966,0.00816869372772299,0.0282595572450056,0.454012727688063,0.0385653904542681,0.0049233940811695,0.0227578765469002,0.0267767309865838,0.0958843585283016
13470,16496,0.00302670938225821,0.0110327449203335,0.0400169880074036,0.0159358239775652,0.0829478236340801,0.18223393698316,0.0260145212002161,0.248130112233271,0.069178003768539,0.0703114544222489,0.155911048475583,0.0952608329953408
8894,14335,0.0167205604929255,0.0103857763306398,0.0780653662165826,0.0189013484687993,0.0436040390037647,0.260948932469454,0.0302228837214282,0.321296445751062,0.0502756405703259,0.0825947341709282,0.0305974587706287,0.0563868140334611
8338,13854,0.0344178919009388,0.00572069587563193,0.0648538721946964,0.0176020392130398,0.0760935440110034,0.306842371390965,0.0621507355215327,0.162010797008699,0.124110806896922,0.1160495451105,0.0260976870563267,0.00405001381974442
12620,6854,0.0479594872395627,0.00983777286930301,0.0580226394523071,0.0142346559822,0.106010122734235,0.197316742238641,0.0140616707983933,0.307953056597683,0.0139405476962704,0.116916159756773,0.0757949193815104,0.0379522252531216
10540,6135,0.0231808763393215,0.00340474408340548,0.0277863843750123,0.00622685218208504,0.0410545220153308,0.192645825447879,0.0139508333070966,0.504034616690863,0.020992493709606,0.0702354557231193,0.070124518865181,0.0263628772610998
10547,9510,0.0576017609421054,0.00173674168580244,0.0282733027933714,0.013365265956886,0.0611815077633433,0.22254250563431,0.0170972991096652,0.347915225815411,0.0784338137533758,0.0908914733781439,0.0669795690123763,0.0139815341552094
13444,3477,0.0399844299012913,0.0153969540638298,0.0598672529134018,0.0153084218214771,0.0723377814766505,0.196136780230737,0.0971417222844232,0.341086552323044,0.018089287368004,0.0577009745112423,0.0423116619943616,0.0446381811115375
17206,13836,0.0114785662022737,0.0023090656437651,0.0756276653610581,0.0326526455247062,0.115815050260381,0.1550070116388,0.00876190533500611,0.226717181285659,0.232985349950272,0.0322475632198341,0.0639951757314718,0.0424028198467737
14576,15047,0.0263757750659743,0.00638303719172461,0.0893029306484258,0.0268763147225086,0.106603592265823,0.193662252450614,0.0370604516238201,0.166913973255985,0.126246280754515,0.0754938117369596,0.0835941861785301,0.0614873941051193
9861,13128,0.0277023849385437,0.00399473422392539,0.0119874514651282,0.00359352471482413,0.139165456087842,0.207073291616772,0.0072946206484508,0.281821219949796,0.0757542873422583,0.131602314954246,0.0391474763419887,0.0708632377162234
10951,3964,0.0671193487080211,0.0077340844560108,0.0203030675407629,0.0073860772357469,0.0936975763933937,0.119531165014854,0.00524312593710122,0.455873307307582,0.0547658302774748,0.0925081918068308,0.0505561019995452,0.0252821233226765
10262,5653,0.0310975717731908,0.00843850347489908,0.0298413733958994,0.00658055203641271,0.0875438032508895,0.251847738160517,0.0120479260948008,0.388999754811303,0.0398530024018508,0.0838343827901403,0.0480064898029859,0.0119089020071105
14002,5405,0.10623818646819,0.0127482942182374,0.0422928263858018,0.0522779949318232,0.0739035067425775,0.199290561959176,0.0265148542842176,0.217427962241224,0.0115022475000195,0.11473110435393,0.0547306479724404,0.0883418129423623
12345,8301,0.0552850817302345,0.00607462996553876,0.0515623319013804,0.0108524742878371,0.0427271358361067,0.185696813260385,0.0207840588672568,0.32442745529528,0.0399791087288326,0.153545501503576,0.0929011686833054,0.0161642399402671
17760,13835,0.0122537002401837,0.000344909423779872,0.201164480603,0.0120244518799483,0.101595377896891,0.114342165827777,0.0227388243578999,0.239239259718549,0.0989867479747693,0.109196179801293,0.0257225145454872,0.0623913877304205
13178,8782,0.0560020961473288,0.0163716215993663,0.0389993731775543,0.0147886209614558,0.0685694920782709,0.0722566162478344,0.0295021244660856,0.34167786607924,0.0850446667836417,0.106762430507599,0.0876451034989694,0.0823799884526536
9307,13129,0.0469003568286559,0.00227180071672838,0.0544791475245807,0.0142506695070149,0.134307673339287,0.19274732646283,0.011133475528788,0.337743950273054,0.0428537616251097,0.0592611935168943,0.0187636340757695,0.0852870106012877
13869,8057,0.00811378130859283,0.00433734262418151,0.0416680971239959,0.0177595589185645,0.0557657920101966,0.274841868024087,0.0202374592738305,0.275854182089086,0.123032585759866,0.0984952673876545,0.0269558657652658,0.0529381997146788
10270,9993,0.0100677746078102,0.000856260122012454,0.0553510796135209,0.0295144536801409,0.0529914610568352,0.0850036657695885,0.0886382051853049,0.315343778751759,0.0711851263066707,0.133939177614678,0.0759201886804413,0.0811888286112379
12892,4443,0.0508882708145092,0.0277338031843369,0.0505489247652782,0.0112405069641794,0.11458758287038,0.116333085265642,0.0172096716056141,0.331125123033628,0.00851324005798041,0.147261502852575,0.0739094399554656,0.0506488486304121
10680,6858,0.0419189453772539,0.00641375183059418,0.046773522212247,0.00682195852650905,0.101836048738303,0.206681399615741,0.00529012837522757,0.344536656126933,0.0268136411301887,0.0726437719203799,0.0908336840268297,0.0494364921197933
15130,15046,0.0111296778993142,0.049009730985983,0.0286571907695874,0.0551825933130412,0.174074392152627,0.109117827863042,0.00608201914887723,0.111488638842316,0.209825298425316,0.105800727022587,0.0759565677568391,0.06367533582047
12915,16015,0.0343186545818471,0.00831312045821555,0.067795935958245,0.0287770542936449,0.12718697073071,0.174095615727606,0.0550583442892548,0.167015119985887,0.0213875340872543,0.136347835114137,0.152990889558554,0.0267129252146447
10955,5893,0.0434631834034796,0.0186618203698556,0.0278347707537244,0.00867567923645357,0.0406891491732179,0.240241313551348,0.00576180575543241,0.388117487257113,0.0224929798460554,0.0978288494702827,0.059779538657964,0.0464534225250736
15826,16732,0.00732943480552879,0.00660742191222599,0.0691454519666057,0.019222075310069,0.051973728635918,0.0569586798657414,0.48627908776064,0.0986150627956335,0.0848316787327884,0.055219864468783,0.0376379932133007,0.0261795205327657
10973,15054,0.0184745441035549,0.0964364321842642,0.027591043061586,0.53456178013554,0.013522596070637,0.033230405899189,0.0956327602587584,0.0495627463634576,0.0211595132486092,0.0175399902407821,0.0413032012751151,0.0509849871585067
10832,13849,0.059107637718709,0.199991982703707,0.0122152001098924,0.431274234958911,0.0091727414851847,0.0385673188487869,0.00257876626871048,0.0774098855706731,0.0391091622825695,0.0226671644918261,0.0477118286208339,0.060194076940196
8463,6862,0.0169141233233707,0.0108747316019596,0.0321792916381164,0.0101515733527866,0.116799976999816,0.196679726310645,0.0219477233894294,0.438469461975387,0.0226542659095276,0.0911725860432558,0.0200889506692468,0.0220675887864601
11512,7338,0.0410829799100296,0.0167481061396423,0.0498542569868562,0.0197105508226595,0.0847291478125096,0.13392282884908,0.011390822109344,0.298089809450075,0.0807294865554308,0.103661463815431,0.104369853620669,0.0557106939282719
13317,9022,0.0131684531987458,0.00438105429620629,0.0387059596044451,0.00501196776423301,0.0884660870705327,0.306693424952895,0.010498596933645,0.252604225431866,0.0526821014220889,0.122870161432748,0.0737971193430846,0.0311208485495092
8480,15542,0.0071204335445416,0.00464311765859998,0.100624936818924,0.0466489487892124,0.0137389976528388,0.132381778518801,0.286643119973442,0.157094252494961,0.0483432967992606,0.0999287774139635,0.0730283805150119,0.0298039598204437
